   0.1000000E+01   0.1243400E+02   0.3030575E+00   0.7074524E+02  -0.1686327E-02   0.6986288E+00   0.2486801E+02   0.0000000E+00
   0.1000000E+01   0.1240105E+02   0.3051956E+00   0.7090222E+02  -0.2619629E-02   0.6974241E+00   0.2480210E+02   0.0000000E+00
   0.1000000E+01   0.1236474E+02   0.3076019E+00   0.7149232E+02  -0.3356174E-02   0.6957543E+00   0.2472949E+02   0.0000000E+00
   0.1000000E+01   0.1236378E+02   0.3071705E+00   0.7169791E+02  -0.2130353E-02   0.6949599E+00   0.2472756E+02   0.0000000E+00
   0.1000000E+01   0.1234790E+02   0.3079126E+00   0.7155836E+02  -0.1494688E-02   0.6935821E+00   0.2469579E+02   0.0000000E+00
   0.1000000E+01   0.1234441E+02   0.3080461E+00   0.7161584E+02  -0.1264227E-02   0.6932181E+00   0.2468883E+02   0.0000000E+00
   0.1000000E+01   0.1236570E+02   0.3071184E+00   0.7200771E+02  -0.2290852E-02   0.6951725E+00   0.2473140E+02   0.0000000E+00
   0.1000000E+01   0.1238670E+02   0.3053831E+00   0.7195198E+02  -0.1063122E-02   0.6956800E+00   0.2477340E+02   0.0000000E+00
   0.1000000E+01   0.1234024E+02   0.3081101E+00   0.7293323E+02  -0.7286224E-03   0.6926186E+00   0.2468047E+02   0.0000000E+00
   0.1000000E+01   0.1233348E+02   0.3083012E+00   0.7288610E+02  -0.7490804E-04   0.6917737E+00   0.2466697E+02   0.0000000E+00
   0.1000000E+01   0.1231858E+02   0.3095798E+00   0.7267711E+02  -0.6897629E-03   0.6911099E+00   0.2463716E+02   0.0000000E+00
   0.1000000E+01   0.1231390E+02   0.3093860E+00   0.7263613E+02   0.6539981E-03   0.6899600E+00   0.2462781E+02   0.0000000E+00
   0.1000000E+01   0.1233117E+02   0.3084033E+00   0.7169971E+02   0.5531187E-04   0.6915414E+00   0.2466234E+02   0.0000000E+00
   0.1000000E+01   0.1238019E+02   0.3054428E+00   0.7190692E+02  -0.2706091E-03   0.6948279E+00   0.2476039E+02   0.0000000E+00
   0.1000000E+01   0.1241574E+02   0.3027368E+00   0.7300998E+02   0.1507197E-02   0.6957560E+00   0.2483148E+02   0.0000000E+00
   0.1000000E+01   0.1245916E+02   0.3003345E+00   0.7259920E+02   0.1928686E-02   0.6977368E+00   0.2491832E+02   0.0000000E+00
   0.1000000E+01   0.1239514E+02   0.3018233E+00   0.7235549E+02   0.6614141E-02   0.6915625E+00   0.2479027E+02   0.0000000E+00
   0.1000000E+01   0.1239519E+02   0.3017646E+00   0.7234681E+02   0.6752788E-02   0.6914826E+00   0.2479039E+02   0.0000000E+00
   0.1000000E+01   0.1240034E+02   0.3015216E+00   0.7233148E+02   0.6634470E-02   0.6918440E+00   0.2480067E+02   0.0000000E+00
   0.1000000E+01   0.1239701E+02   0.3017427E+00   0.7215332E+02   0.6549615E-02   0.6917077E+00   0.2479401E+02   0.0000000E+00
   0.1000000E+01   0.1240534E+02   0.3006856E+00   0.7249169E+02   0.8024949E-02   0.6912894E+00   0.2481068E+02   0.0000000E+00
   0.1000000E+01   0.1244706E+02   0.2986983E+00   0.7225384E+02   0.7473839E-02   0.6938279E+00   0.2489411E+02   0.0000000E+00
   0.1000000E+01   0.1241805E+02   0.2991628E+00   0.7163334E+02   0.1008357E-01   0.6907537E+00   0.2483610E+02   0.0000000E+00
   0.1000000E+01   0.1241749E+02   0.2992513E+00   0.7159793E+02   0.9937695E-02   0.6908110E+00   0.2483499E+02   0.0000000E+00
   0.1000000E+01   0.1242314E+02   0.2993222E+00   0.7184853E+02   0.9007227E-02   0.6916705E+00   0.2484628E+02   0.0000000E+00
   0.1000000E+01   0.1255155E+02   0.2940186E+00   0.7150513E+02   0.7122909E-02   0.6988585E+00   0.2510311E+02   0.0000000E+00
   0.1000000E+01   0.1259622E+02   0.2918829E+00   0.7159066E+02   0.7862245E-02   0.7002549E+00   0.2519245E+02   0.0000000E+00
   0.1000000E+01   0.1258010E+02   0.2923178E+00   0.7198340E+02   0.8391732E-02   0.6992905E+00   0.2516021E+02   0.0000000E+00
   0.2000000E+01   0.1263262E+02   0.2914775E+00   0.7229466E+02   0.5388070E-02   0.7031345E+00   0.2526524E+02   0.0000000E+00
   0.1000000E+01   0.1258381E+02   0.2933008E+00   0.7339135E+02   0.5619012E-02   0.7010802E+00   0.2516763E+02   0.0000000E+00
   0.1000000E+01   0.1261403E+02   0.2925016E+00   0.7348728E+02   0.4640144E-02   0.7028582E+00   0.2522807E+02   0.0000000E+00
   0.1000000E+01   0.1260661E+02   0.2921521E+00   0.7359546E+02   0.6207835E-02   0.7016401E+00   0.2521321E+02   0.0000000E+00
   0.1000000E+01   0.1262345E+02   0.2917991E+00   0.7419072E+02   0.5471874E-02   0.7027290E+00   0.2524690E+02   0.0000000E+00
   0.1000000E+01   0.1268075E+02   0.2898021E+00   0.7409083E+02   0.5136901E-02   0.7050610E+00   0.2536150E+02   0.0000000E+00
   0.1000000E+01   0.1267263E+02   0.2899782E+00   0.7318019E+02   0.5419310E-02   0.7046025E+00   0.2534526E+02   0.0000000E+00
   0.1000000E+01   0.1265103E+02   0.2909342E+00   0.7318414E+02   0.5027038E-02   0.7040388E+00   0.2530206E+02   0.0000000E+00
   0.1000000E+01   0.1265230E+02   0.2909105E+00   0.7318273E+02   0.4969050E-02   0.7041205E+00   0.2530461E+02   0.0000000E+00
   0.1000000E+01   0.1266312E+02   0.2907672E+00   0.7345872E+02   0.4344255E-02   0.7048885E+00   0.2532623E+02   0.0000000E+00
   0.1000000E+01   0.1265517E+02   0.2909399E+00   0.7350602E+02   0.4639033E-02   0.7044211E+00   0.2531034E+02   0.0000000E+00
   0.1000000E+01   0.1256079E+02   0.2955729E+00   0.7333464E+02   0.2365604E-02   0.7020614E+00   0.2512157E+02   0.0000000E+00
   0.1000000E+01   0.1255407E+02   0.2957586E+00   0.7332267E+02   0.2599943E-02   0.7016415E+00   0.2510815E+02   0.0000000E+00
   0.1000000E+01   0.1256140E+02   0.2955811E+00   0.7275796E+02   0.2279050E-02   0.7021399E+00   0.2512281E+02   0.0000000E+00
   0.1000000E+01   0.1249289E+02   0.2999914E+00   0.7279434E+02  -0.1184548E-02   0.7011931E+00   0.2498577E+02   0.0000000E+00
   0.1000000E+01   0.1248521E+02   0.3005080E+00   0.7302074E+02  -0.1577355E-02   0.7010693E+00   0.2497043E+02   0.0000000E+00
   0.1000000E+01   0.1248514E+02   0.3005242E+00   0.7301506E+02  -0.1608411E-02   0.7010842E+00   0.2497027E+02   0.0000000E+00
   0.1000000E+01   0.1238651E+02   0.3044825E+00   0.7275647E+02   0.1212882E-02   0.6943046E+00   0.2477303E+02   0.0000000E+00
   0.1000000E+01   0.1240137E+02   0.3072415E+00   0.7316306E+02  -0.7721260E-02   0.7004797E+00   0.2480274E+02   0.0000000E+00
   0.1000000E+01   0.1236036E+02   0.3092876E+00   0.7345298E+02  -0.6878293E-02   0.6975907E+00   0.2472073E+02   0.0000000E+00
   0.1000000E+01   0.1239722E+02   0.3071252E+00   0.7440246E+02  -0.6854710E-02   0.6997295E+00   0.2479443E+02   0.0000000E+00
   0.1000000E+01   0.1239787E+02   0.3070028E+00   0.7438868E+02  -0.6642313E-02   0.6996395E+00   0.2479575E+02   0.0000000E+00
   0.1000000E+01   0.1244023E+02   0.3051521E+00   0.7447345E+02  -0.7620611E-02   0.7024685E+00   0.2488047E+02   0.0000000E+00
   0.1000000E+01   0.1244095E+02   0.3051434E+00   0.7441231E+02  -0.7689032E-02   0.7025456E+00   0.2488190E+02   0.0000000E+00
   0.1000000E+01   0.1243948E+02   0.3051667E+00   0.7441242E+02  -0.7563086E-02   0.7023964E+00   0.2487897E+02   0.0000000E+00
   0.1000000E+01   0.1243992E+02   0.3051428E+00   0.7440226E+02  -0.7558533E-02   0.7024158E+00   0.2487984E+02   0.0000000E+00
   0.1000000E+01   0.1242636E+02   0.3058951E+00   0.7428776E+02  -0.7695724E-02   0.7018007E+00   0.2485271E+02   0.0000000E+00
   0.1000000E+01   0.1246573E+02   0.3041967E+00   0.7399593E+02  -0.8370859E-02   0.7041742E+00   0.2493146E+02   0.0000000E+00
   0.1000000E+01   0.1247640E+02   0.3033112E+00   0.7418414E+02  -0.7445056E-02   0.7041338E+00   0.2495279E+02   0.0000000E+00
   0.2000000E+01   0.1246179E+02   0.3035761E+00   0.7393317E+02  -0.6375462E-02   0.7027994E+00   0.2492358E+02   0.0000000E+00
   0.1000000E+01   0.1242310E+02   0.3050458E+00   0.7230567E+02  -0.5188343E-02   0.7001425E+00   0.2484619E+02   0.0000000E+00
   0.1000000E+01   0.1242836E+02   0.3041150E+00   0.7232699E+02  -0.3568310E-02   0.6994533E+00   0.2485672E+02   0.0000000E+00
   0.1000000E+01   0.1243209E+02   0.3038799E+00   0.7257883E+02  -0.3463081E-02   0.6995832E+00   0.2486417E+02   0.0000000E+00
   0.1000000E+01   0.1237588E+02   0.3030195E+00   0.7227031E+02   0.6428363E-02   0.6905522E+00   0.2475175E+02   0.0000000E+00
   0.1000000E+01   0.1234179E+02   0.3050704E+00   0.7238385E+02   0.6663425E-02   0.6882662E+00   0.2468359E+02   0.0000000E+00
   0.1000000E+01   0.1233741E+02   0.3058262E+00   0.7161342E+02   0.5489605E-02   0.6886842E+00   0.2467482E+02   0.0000000E+00
   0.1000000E+01   0.1228653E+02   0.3088963E+00   0.7162436E+02   0.7351496E-02   0.6837522E+00   0.2457305E+02   0.0000000E+00
   0.1000000E+01   0.1229661E+02   0.3065357E+00   0.7110432E+02   0.1129277E-01   0.6821715E+00   0.2459322E+02   0.0000000E+00
   0.1000000E+01   0.1229749E+02   0.3064618E+00   0.7110922E+02   0.1130228E-01   0.6822360E+00   0.2459497E+02   0.0000000E+00
   0.1000000E+01   0.1227116E+02   0.3084917E+00   0.7294812E+02   0.1192601E-01   0.6795823E+00   0.2454232E+02   0.0000000E+00
   0.1000000E+01   0.1227795E+02   0.3083653E+00   0.7298393E+02   0.1064775E-01   0.6809869E+00   0.2455590E+02   0.0000000E+00
   0.1000000E+01   0.1227136E+02   0.3083806E+00   0.7358800E+02   0.1217227E-01   0.6794471E+00   0.2454271E+02   0.0000000E+00
   0.1000000E+01   0.1228386E+02   0.3084356E+00   0.7406631E+02   0.9139338E-02   0.6824251E+00   0.2456772E+02   0.0000000E+00
   0.1000000E+01   0.1232760E+02   0.3050780E+00   0.7407697E+02   0.9105434E-02   0.6858166E+00   0.2465520E+02   0.0000000E+00
   0.1000000E+01   0.1236124E+02   0.3020906E+00   0.7390383E+02   0.1102511E-01   0.6868843E+00   0.2472248E+02   0.0000000E+00
   0.1000000E+01   0.1235359E+02   0.3026343E+00   0.7321298E+02   0.1087429E-01   0.6864914E+00   0.2470718E+02   0.0000000E+00
   0.1000000E+01   0.1266013E+02   0.2939083E+00   0.7297373E+02  -0.3050225E-02   0.7091419E+00   0.2532027E+02   0.0000000E+00
   0.1000000E+01   0.1264761E+02   0.2934770E+00   0.7257574E+02  -0.8717210E-03   0.7073948E+00   0.2529522E+02   0.0000000E+00
   0.1000000E+01   0.1264480E+02   0.2937654E+00   0.7240272E+02  -0.1320378E-02   0.7075550E+00   0.2528960E+02   0.0000000E+00
   0.1000000E+01   0.1270621E+02   0.2918171E+00   0.7230741E+02  -0.1984748E-02   0.7101677E+00   0.2541241E+02   0.0000000E+00
   0.1000000E+01   0.1268697E+02   0.2920118E+00   0.7299124E+02  -0.7989982E-03   0.7087872E+00   0.2537394E+02   0.0000000E+00
   0.1000000E+01   0.1261859E+02   0.2944737E+00   0.7292753E+02  -0.6153531E-03   0.7061417E+00   0.2523717E+02   0.0000000E+00
   0.1000000E+01   0.1258003E+02   0.2938501E+00   0.7236882E+02   0.4642463E-02   0.7015074E+00   0.2516005E+02   0.0000000E+00
   0.1000000E+01   0.1257418E+02   0.2940672E+00   0.7235379E+02   0.4694793E-02   0.7012380E+00   0.2514837E+02   0.0000000E+00
   0.1000000E+01   0.1258172E+02   0.2947331E+00   0.7243603E+02   0.2310744E-02   0.7029562E+00   0.2516344E+02   0.0000000E+00
   0.1000000E+01   0.1255983E+02   0.2953961E+00   0.7316189E+02   0.2896600E-02   0.7017073E+00   0.2511965E+02   0.0000000E+00
   0.1000000E+01   0.1257355E+02   0.2935179E+00   0.7278625E+02   0.6109315E-02   0.7003728E+00   0.2514709E+02   0.0000000E+00
   0.1000000E+01   0.1265950E+02   0.2914274E+00   0.7180261E+02   0.3046985E-02   0.7055257E+00   0.2531901E+02   0.0000000E+00
   0.1000000E+01   0.1260843E+02   0.2931887E+00   0.7148420E+02   0.3481022E-02   0.7033303E+00   0.2521686E+02   0.0000000E+00
   0.1000000E+01   0.1262481E+02   0.2924784E+00   0.7101647E+02   0.3661824E-02   0.7038597E+00   0.2524962E+02   0.0000000E+00
   0.1000000E+01   0.1263520E+02   0.2920921E+00   0.7105255E+02   0.3637592E-02   0.7042703E+00   0.2527040E+02   0.0000000E+00
   0.1000000E+01   0.1254528E+02   0.2918723E+00   0.7130117E+02   0.1306472E-01   0.6950630E+00   0.2509056E+02   0.0000000E+00
   0.1000000E+01   0.1252960E+02   0.2926691E+00   0.7131160E+02   0.1277919E-01   0.6945517E+00   0.2505919E+02   0.0000000E+00
   0.1000000E+01   0.1254203E+02   0.2922948E+00   0.7240687E+02   0.1237525E-01   0.6953299E+00   0.2508406E+02   0.0000000E+00
   0.1000000E+01   0.1261659E+02   0.2908809E+00   0.7228406E+02   0.8357625E-02   0.7007615E+00   0.2523318E+02   0.0000000E+00
   0.1000000E+01   0.1276024E+02   0.2860111E+00   0.7248339E+02   0.7650863E-02   0.7063381E+00   0.2552047E+02   0.0000000E+00
   0.1000000E+01   0.1276308E+02   0.2880094E+00   0.7440925E+02   0.2572007E-02   0.7094186E+00   0.2552616E+02   0.0000000E+00
   0.1000000E+01   0.1277797E+02   0.2880561E+00   0.7419068E+02   0.1264309E-02   0.7106796E+00   0.2555595E+02   0.0000000E+00
   0.1000000E+01   0.1288218E+02   0.2855673E+00   0.7276175E+02  -0.6266581E-03   0.7150593E+00   0.2576436E+02   0.0000000E+00
   0.1000000E+01   0.1300985E+02   0.2813957E+00   0.7311424E+02   0.6018686E-03   0.7180025E+00   0.2601970E+02   0.0000000E+00
   0.1000000E+01   0.1294717E+02   0.2818843E+00   0.7280729E+02   0.3670135E-02   0.7144456E+00   0.2589435E+02   0.0000000E+00
   0.1000000E+01   0.1295460E+02   0.2837764E+00   0.7340759E+02  -0.1412637E-02   0.7176362E+00   0.2590920E+02   0.0000000E+00
   0.1000000E+01   0.1273698E+02   0.2895893E+00   0.7346370E+02   0.8573623E-03   0.7095533E+00   0.2547397E+02   0.0000000E+00
   0.1000000E+01   0.1273407E+02   0.2902156E+00   0.7265980E+02  -0.4285839E-03   0.7102130E+00   0.2546813E+02   0.0000000E+00
   0.1000000E+01   0.1282557E+02   0.2865927E+00   0.7079419E+02   0.1088933E-02   0.7123184E+00   0.2565114E+02   0.0000000E+00
   0.1000000E+01   0.1273851E+02   0.2886504E+00   0.7064143E+02   0.2996587E-02   0.7083530E+00   0.2547701E+02   0.0000000E+00
   0.1000000E+01   0.1281607E+02   0.2830827E+00   0.7169084E+02   0.1034657E-01   0.7065707E+00   0.2563214E+02   0.0000000E+00
   0.1000000E+01   0.1286174E+02   0.2820854E+00   0.7242656E+02   0.9312732E-02   0.7086019E+00   0.2572348E+02   0.0000000E+00
   0.1000000E+01   0.1287917E+02   0.2828178E+00   0.7221954E+02   0.6248943E-02   0.7109333E+00   0.2575835E+02   0.0000000E+00
   0.1000000E+01   0.1282960E+02   0.2842635E+00   0.7235913E+02   0.6443629E-02   0.7092929E+00   0.2565920E+02   0.0000000E+00
   0.1000000E+01   0.1269145E+02   0.2888595E+00   0.7203077E+02   0.6487749E-02   0.7046528E+00   0.2538289E+02   0.0000000E+00
   0.1000000E+01   0.1266777E+02   0.2889031E+00   0.7208560E+02   0.8471883E-02   0.7026250E+00   0.2533554E+02   0.0000000E+00
   0.1000000E+01   0.1265155E+02   0.2896246E+00   0.7271429E+02   0.8178052E-02   0.7021974E+00   0.2530309E+02   0.0000000E+00
   0.1000000E+01   0.1267914E+02   0.2888704E+00   0.7276819E+02   0.7544872E-02   0.7035848E+00   0.2535828E+02   0.0000000E+00
   0.1000000E+01   0.1266730E+02   0.2898363E+00   0.7265302E+02   0.6237480E-02   0.7039262E+00   0.2533460E+02   0.0000000E+00
   0.1000000E+01   0.1264011E+02   0.2909606E+00   0.7343596E+02   0.5964634E-02   0.7030748E+00   0.2528023E+02   0.0000000E+00
   0.1000000E+01   0.1259396E+02   0.2926327E+00   0.7367270E+02   0.6258750E-02   0.7011085E+00   0.2518792E+02   0.0000000E+00
   0.1000000E+01   0.1259967E+02   0.2923351E+00   0.7379063E+02   0.6431875E-02   0.7012330E+00   0.2519933E+02   0.0000000E+00
   0.1000000E+01   0.1255202E+02   0.2924419E+00   0.7339139E+02   0.1096677E-01   0.6965914E+00   0.2510403E+02   0.0000000E+00
   0.1000000E+01   0.1260339E+02   0.2906981E+00   0.7493716E+02   0.1009136E-01   0.6992105E+00   0.2520678E+02   0.0000000E+00
   0.1000000E+01   0.1273624E+02   0.2874931E+00   0.7456731E+02   0.6026379E-02   0.7064805E+00   0.2547247E+02   0.0000000E+00
   0.1000000E+01   0.1275669E+02   0.2864331E+00   0.7452436E+02   0.6924707E-02   0.7066422E+00   0.2551338E+02   0.0000000E+00
   0.1000000E+01   0.1274996E+02   0.2864761E+00   0.7441450E+02   0.7369083E-02   0.7061549E+00   0.2549993E+02   0.0000000E+00
   0.1000000E+01   0.1267906E+02   0.2881250E+00   0.7496483E+02   0.9386485E-02   0.7024885E+00   0.2535811E+02   0.0000000E+00
   0.1000000E+01   0.1264298E+02   0.2897486E+00   0.7482422E+02   0.8673131E-02   0.7015782E+00   0.2528596E+02   0.0000000E+00
   0.1000000E+01   0.1265595E+02   0.2886586E+00   0.7538148E+02   0.1015628E-01   0.7011852E+00   0.2531190E+02   0.0000000E+00
   0.1000000E+01   0.1235805E+02   0.3017019E+00   0.7658132E+02   0.1252970E-01   0.6857684E+00   0.2471610E+02   0.0000000E+00
   0.1000000E+01   0.1234200E+02   0.3018264E+00   0.7620792E+02   0.1486594E-01   0.6833077E+00   0.2468401E+02   0.0000000E+00
   0.1000000E+01   0.1233386E+02   0.3020074E+00   0.7633578E+02   0.1581906E-01   0.6821735E+00   0.2466772E+02   0.0000000E+00
   0.1000000E+01   0.1231820E+02   0.3038537E+00   0.7703844E+02   0.1396010E-01   0.6821862E+00   0.2463640E+02   0.0000000E+00
   0.1000000E+01   0.1230866E+02   0.3045361E+00   0.7693992E+02   0.1404197E-01   0.6814220E+00   0.2461732E+02   0.0000000E+00
   0.1000000E+01   0.1230975E+02   0.3042935E+00   0.7687248E+02   0.1444991E-01   0.6812566E+00   0.2461950E+02   0.0000000E+00
   0.1000000E+01   0.1228649E+02   0.3062541E+00   0.7634490E+02   0.1422001E-01   0.6795259E+00   0.2457298E+02   0.0000000E+00
   0.1000000E+01   0.1226872E+02   0.3073738E+00   0.7657056E+02   0.1548258E-01   0.6771437E+00   0.2453744E+02   0.0000000E+00
   0.1000000E+01   0.1224541E+02   0.3100492E+00   0.7688927E+02   0.1485263E-01   0.6750982E+00   0.2449081E+02   0.0000000E+00
   0.1000000E+01   0.1220699E+02   0.3127501E+00   0.7681860E+02   0.2575151E-01   0.6614984E+00   0.2441398E+02   0.0000000E+00
   0.1000000E+01   0.1221217E+02   0.3112381E+00   0.7766908E+02   0.2621444E-01   0.6625474E+00   0.2442435E+02   0.0000000E+00
   0.1000000E+01   0.1220923E+02   0.3123568E+00   0.7795342E+02   0.2492186E-01   0.6627213E+00   0.2441846E+02   0.0000000E+00
   0.1000000E+01   0.1221647E+02   0.3114098E+00   0.7758602E+02   0.2280903E-01   0.6657812E+00   0.2443294E+02   0.0000000E+00
   0.1000000E+01   0.1223395E+02   0.3087182E+00   0.7814712E+02   0.2245438E-01   0.6688274E+00   0.2446790E+02   0.0000000E+00
   0.1000000E+01   0.1226622E+02   0.3036087E+00   0.7575905E+02   0.2611014E-01   0.6702812E+00   0.2453244E+02   0.0000000E+00
   0.1000000E+01   0.1226108E+02   0.3051741E+00   0.7528342E+02   0.2332692E-01   0.6714990E+00   0.2452217E+02   0.0000000E+00
   0.1000000E+01   0.1229931E+02   0.3024483E+00   0.7545608E+02   0.2132174E-01   0.6762299E+00   0.2459861E+02   0.0000000E+00
   0.1000000E+01   0.1230231E+02   0.3020877E+00   0.7499829E+02   0.2162549E-01   0.6762868E+00   0.2460463E+02   0.0000000E+00
   0.1000000E+01   0.1246322E+02   0.2943834E+00   0.7515286E+02   0.1620566E-01   0.6894109E+00   0.2492645E+02   0.0000000E+00
   0.1000000E+01   0.1247119E+02   0.2934273E+00   0.7525830E+02   0.1761297E-01   0.6889598E+00   0.2494237E+02   0.0000000E+00
   0.1000000E+01   0.1239808E+02   0.2964511E+00   0.7498501E+02   0.1967844E-01   0.6838705E+00   0.2479615E+02   0.0000000E+00
   0.1000000E+01   0.1241220E+02   0.2965638E+00   0.7398455E+02   0.1739542E-01   0.6860408E+00   0.2482441E+02   0.0000000E+00
   0.1000000E+01   0.1243221E+02   0.2946188E+00   0.7366211E+02   0.1956020E-01   0.6858210E+00   0.2486442E+02   0.0000000E+00
   0.1000000E+01   0.1241539E+02   0.2956227E+00   0.7349518E+02   0.1931164E-01   0.6850656E+00   0.2483079E+02   0.0000000E+00
   0.1000000E+01   0.1241081E+02   0.2958403E+00   0.7356860E+02   0.1940131E-01   0.6847584E+00   0.2482161E+02   0.0000000E+00
   0.1000000E+01   0.1248820E+02   0.2955681E+00   0.7431533E+02   0.1027793E-01   0.6941540E+00   0.2497640E+02   0.0000000E+00
   0.1000000E+01   0.1253058E+02   0.2942141E+00   0.7401483E+02   0.8880211E-02   0.6969057E+00   0.2506116E+02   0.0000000E+00
   0.1000000E+01   0.1244413E+02   0.2983966E+00   0.7291952E+02   0.8596291E-02   0.6930071E+00   0.2488826E+02   0.0000000E+00
   0.1000000E+01   0.1243814E+02   0.2996965E+00   0.7326966E+02   0.6132619E-02   0.6941709E+00   0.2487627E+02   0.0000000E+00
   0.1000000E+01   0.1243006E+02   0.3001132E+00   0.7348326E+02   0.6139572E-02   0.6937473E+00   0.2486013E+02   0.0000000E+00
   0.1000000E+01   0.1251662E+02   0.2979907E+00   0.7375229E+02   0.1097896E-02   0.7009114E+00   0.2503324E+02   0.0000000E+00
   0.1000000E+01   0.1258021E+02   0.2945597E+00   0.7416695E+02   0.2896339E-02   0.7025440E+00   0.2516042E+02   0.0000000E+00
   0.1000000E+01   0.1261830E+02   0.2936198E+00   0.7364009E+02   0.1502166E-02   0.7048781E+00   0.2523660E+02   0.0000000E+00
   0.1000000E+01   0.1259126E+02   0.2961218E+00   0.7394305E+02  -0.2016409E-02   0.7058946E+00   0.2518252E+02   0.0000000E+00
   0.1000000E+01   0.1250424E+02   0.2992367E+00   0.7336184E+02  -0.6020909E-03   0.7013654E+00   0.2500849E+02   0.0000000E+00
   0.1000000E+01   0.1219793E+02   0.3186100E+00   0.7525923E+02   0.1544336E-01   0.6659467E+00   0.2439586E+02   0.0000000E+00
   0.1000000E+01   0.1223865E+02   0.3111343E+00   0.7991111E+02   0.1411644E-01   0.6747493E+00   0.2447730E+02   0.0000000E+00
   0.1000000E+01   0.1224293E+02   0.3076108E+00   0.7909851E+02   0.2229358E-01   0.6700957E+00   0.2448586E+02   0.0000000E+00
   0.1000000E+01   0.1224439E+02   0.3076619E+00   0.7923494E+02   0.2166924E-01   0.6706689E+00   0.2448877E+02   0.0000000E+00
   0.1000000E+01   0.1249821E+02   0.2872467E+00   0.7996618E+02   0.2981675E-01   0.6829366E+00   0.2499642E+02   0.0000000E+00
   0.1000000E+01   0.1243458E+02   0.2888614E+00   0.8063340E+02   0.3374252E-01   0.6773961E+00   0.2486916E+02   0.0000000E+00
   0.2000000E+01   0.1223909E+02   0.2974741E+00   0.8481191E+02   0.5308189E-01   0.6494440E+00   0.2447819E+02   0.0000000E+00
   0.1000000E+01   0.1227213E+02   0.2867485E+00   0.8235748E+02   0.7114649E-01   0.6421050E+00   0.2454425E+02   0.0000000E+00
   0.1000000E+01   0.1222186E+02   0.3032926E+00   0.8539627E+02   0.6308578E-01   0.6336216E+00   0.2444371E+02   0.0000000E+00
   0.1000000E+01   0.1224721E+02   0.3018262E+00   0.8545637E+02   0.3690706E-01   0.6612668E+00   0.2449442E+02   0.0000000E+00
   0.1000000E+01   0.1261503E+02   0.3392392E+00   0.6806087E+02   0.5484657E-01   0.6059142E+00   0.2523005E+02   0.0000000E+00
   0.1000000E+01   0.1288183E+02   0.3393622E+00   0.6473400E+02   0.7761603E-01   0.5830217E+00   0.2576367E+02   0.0000000E+00
   0.1000000E+01   0.1242952E+02   0.3198650E+00   0.6243607E+02   0.7652135E-01   0.6036137E+00   0.2485904E+02   0.0000000E+00
   0.1000000E+01   0.1241598E+02   0.3165627E+00   0.6393275E+02   0.8179249E-01   0.6016448E+00   0.2483197E+02   0.0000000E+00
   0.1000000E+01   0.1231875E+02   0.3130419E+00   0.6304860E+02   0.7391309E-01   0.6130450E+00   0.2463750E+02   0.0000000E+00
   0.1000000E+01   0.1226824E+02   0.3154430E+00   0.6707435E+02   0.5845374E-01   0.6261032E+00   0.2453647E+02   0.0000000E+00
   0.1000000E+01   0.1222415E+02   0.3037580E+00   0.6769807E+02   0.6422734E-01   0.6320146E+00   0.2444829E+02   0.0000000E+00
   0.2000000E+01   0.1229131E+02   0.2929439E+00   0.6397529E+02   0.4815694E-01   0.6588992E+00   0.2458262E+02   0.0000000E+00
   0.1000000E+01   0.1228850E+02   0.2951403E+00   0.6466766E+02   0.4295471E-01   0.6619050E+00   0.2457701E+02   0.0000000E+00
   0.1000000E+01   0.1221382E+02   0.3052127E+00   0.6500592E+02   0.4961925E-01   0.6451680E+00   0.2442764E+02   0.0000000E+00
   0.1000000E+01   0.1221782E+02   0.3045516E+00   0.6933999E+02   0.4443051E-01   0.6510179E+00   0.2443563E+02   0.0000000E+00
   0.1000000E+01   0.1222824E+02   0.2972743E+00   0.6875766E+02   0.6139146E-01   0.6413343E+00   0.2445647E+02   0.0000000E+00
   0.1000000E+01   0.1223288E+02   0.3058763E+00   0.6977188E+02   0.6561068E-01   0.6285130E+00   0.2446575E+02   0.0000000E+00
   0.1000000E+01   0.1225587E+02   0.3046411E+00   0.6784626E+02   0.7612954E-01   0.6192293E+00   0.2451174E+02   0.0000000E+00
   0.1000000E+01   0.1224668E+02   0.2994597E+00   0.6917463E+02   0.8224715E-01   0.6182932E+00   0.2449336E+02   0.0000000E+00
   0.1000000E+01   0.1225209E+02   0.3038027E+00   0.7024733E+02   0.7649243E-01   0.6197048E+00   0.2450418E+02   0.0000000E+00
   0.1000000E+01   0.1237467E+02   0.3017619E+00   0.7783172E+02   0.1068719E+00   0.5913662E+00   0.2474933E+02   0.0000000E+00
   0.2000000E+01   0.1224145E+02   0.2875950E+00   0.8011008E+02   0.9177863E-01   0.6206263E+00   0.2448289E+02   0.0000000E+00
   0.1000000E+01   0.1224662E+02   0.2859479E+00   0.7885453E+02   0.8778420E-01   0.6262679E+00   0.2449323E+02   0.0000000E+00
   0.1000000E+01   0.1237846E+02   0.2703809E+00   0.7949480E+02   0.9027077E-01   0.6393484E+00   0.2475692E+02   0.0000000E+00
   0.1000000E+01   0.1227476E+02   0.2845443E+00   0.7634878E+02   0.7660646E-01   0.6388492E+00   0.2454952E+02   0.0000000E+00
   0.2000000E+01   0.1228646E+02   0.2828680E+00   0.7583071E+02   0.7751751E-01   0.6396144E+00   0.2457291E+02   0.0000000E+00
   0.1000000E+01   0.1224632E+02   0.2864267E+00   0.7559229E+02   0.8602331E-01   0.6275500E+00   0.2449263E+02   0.0000000E+00
   0.1000000E+01   0.1224313E+02   0.2884926E+00   0.8120993E+02   0.8094496E-01   0.6305624E+00   0.2448625E+02   0.0000000E+00
   0.1000000E+01   0.1233412E+02   0.2717466E+00   0.8069106E+02   0.9585194E-01   0.6324015E+00   0.2466823E+02   0.0000000E+00
   0.1000000E+01   0.1245381E+02   0.2631462E+00   0.8124779E+02   0.9700614E-01   0.6398477E+00   0.2490762E+02   0.0000000E+00
   0.1000000E+01   0.1246216E+02   0.2632785E+00   0.8141649E+02   0.9544985E-01   0.6412716E+00   0.2492432E+02   0.0000000E+00
   0.1000000E+01   0.1273135E+02   0.2546264E+00   0.7570366E+02   0.8756458E-01   0.6578090E+00   0.2546270E+02   0.0000000E+00
   0.1000000E+01   0.1259593E+02   0.2505206E+00   0.7490845E+02   0.1114976E+00   0.6379818E+00   0.2519186E+02   0.0000000E+00
   0.1000000E+01   0.1292573E+02   0.2415863E+00   0.8131603E+02   0.1040783E+00   0.6543354E+00   0.2585146E+02   0.0000000E+00
   0.1000000E+01   0.1269300E+02   0.2492910E+00   0.8231063E+02   0.1045898E+00   0.6461191E+00   0.2538599E+02   0.0000000E+00
   0.1000000E+01   0.1281364E+02   0.2431207E+00   0.8365139E+02   0.1092413E+00   0.6476381E+00   0.2562728E+02   0.0000000E+00
   0.1000000E+01   0.1289336E+02   0.2449168E+00   0.8552356E+02   0.9830142E-01   0.6567818E+00   0.2578672E+02   0.0000000E+00
   0.1000000E+01   0.1250662E+02   0.2567115E+00   0.8733090E+02   0.1064398E+00   0.6368486E+00   0.2501324E+02   0.0000000E+00
   0.1000000E+01   0.1257850E+02   0.2496930E+00   0.8964070E+02   0.1156883E+00   0.6346187E+00   0.2515700E+02   0.0000000E+00
   0.1000000E+01   0.1242053E+02   0.2548559E+00   0.8914682E+02   0.1244346E+00   0.6207095E+00   0.2484105E+02   0.0000000E+00
   0.1000000E+01   0.1238450E+02   0.2591663E+00   0.9059302E+02   0.1195459E+00   0.6212878E+00   0.2476900E+02   0.0000000E+00
   0.1000000E+01   0.1242619E+02   0.2619502E+00   0.9106442E+02   0.1044688E+00   0.6335810E+00   0.2485239E+02   0.0000000E+00
   0.1000000E+01   0.1240517E+02   0.2629484E+00   0.9034658E+02   0.1053705E+00   0.6316811E+00   0.2481035E+02   0.0000000E+00
   0.1000000E+01   0.1282510E+02   0.2448898E+00   0.8799492E+02   0.1038666E+00   0.6512437E+00   0.2565019E+02   0.0000000E+00
   0.1000000E+01   0.1269439E+02   0.2496070E+00   0.8792087E+02   0.1036808E+00   0.6467122E+00   0.2538878E+02   0.0000000E+00
   0.1000000E+01   0.1268640E+02   0.2470866E+00   0.8425489E+02   0.1108196E+00   0.6420937E+00   0.2537279E+02   0.0000000E+00
   0.1000000E+01   0.1254407E+02   0.2467655E+00   0.8446534E+02   0.1274488E+00   0.6257857E+00   0.2508814E+02   0.0000000E+00
   0.2000000E+01   0.1232727E+02   0.2591744E+00   0.9030456E+02   0.1343669E+00   0.6064587E+00   0.2465454E+02   0.0000000E+00
   0.1000000E+01   0.1234490E+02   0.2486473E+00   0.8854970E+02   0.1611638E+00   0.5901889E+00   0.2468980E+02   0.0000000E+00
   0.1000000E+01   0.1235763E+02   0.2435359E+00   0.8593368E+02   0.1728582E+00   0.5836059E+00   0.2471526E+02   0.0000000E+00
   0.1000000E+01   0.1280982E+02   0.2164209E+00   0.9015160E+02   0.1773841E+00   0.6061950E+00   0.2561964E+02   0.0000000E+00
   0.1000000E+01   0.1313710E+02   0.2111614E+00   0.8894832E+02   0.1648195E+00   0.6240191E+00   0.2627420E+02   0.0000000E+00
   0.2000000E+01   0.1284194E+02   0.2352354E+00   0.9747768E+02   0.1267148E+00   0.6380498E+00   0.2568388E+02   0.0000000E+00
   0.1000000E+01   0.1284851E+02   0.2362961E+00   0.9675793E+02   0.1234955E+00   0.6402084E+00   0.2569702E+02   0.0000000E+00
   0.1000000E+01   0.1258114E+02   0.2389273E+00   0.9312971E+02   0.1433096E+00   0.6177631E+00   0.2516228E+02   0.0000000E+00
   0.1000000E+01   0.1271696E+02   0.2359215E+00   0.9113849E+02   0.1362582E+00   0.6278203E+00   0.2543392E+02   0.0000000E+00
   0.1000000E+01   0.1305024E+02   0.2218298E+00   0.9087650E+02   0.1442141E+00   0.6339561E+00   0.2610047E+02   0.0000000E+00
   0.1000000E+01   0.1277771E+02   0.2297434E+00   0.9016562E+02   0.1462464E+00   0.6240101E+00   0.2555542E+02   0.0000000E+00
   0.1000000E+01   0.1301737E+02   0.2396637E+00   0.9344126E+02   0.1021807E+00   0.6581557E+00   0.2603473E+02   0.0000000E+00
   0.1000000E+01   0.1308433E+02   0.2380831E+00   0.9224176E+02   0.1014628E+00   0.6604541E+00   0.2616865E+02   0.0000000E+00
   0.1000000E+01   0.1320208E+02   0.2346965E+00   0.9293433E+02   0.1021630E+00   0.6631405E+00   0.2640416E+02   0.0000000E+00
   0.1000000E+01   0.1395759E+02   0.2339038E+00   0.9517921E+02   0.6474105E-01   0.7013552E+00   0.2791517E+02   0.0000000E+00
   0.1000000E+01   0.1388770E+02   0.2353326E+00   0.9562614E+02   0.6443512E-01   0.7002323E+00   0.2777540E+02   0.0000000E+00
   0.1000000E+01   0.1372163E+02   0.2430180E+00   0.9890371E+02   0.5364930E-01   0.7033327E+00   0.2744326E+02   0.0000000E+00
   0.1000000E+01   0.1238256E+02   0.2689961E+00   0.9763166E+02   0.9328759E-01   0.6377163E+00   0.2476513E+02   0.0000000E+00
   0.1000000E+01   0.1245890E+02   0.2603990E+00   0.9978809E+02   0.1035146E+00   0.6360865E+00   0.2491781E+02   0.0000000E+00
   0.1000000E+01   0.1251333E+02   0.2630773E+00   0.9536297E+02   0.8917749E-01   0.6477452E+00   0.2502665E+02   0.0000000E+00
   0.1000000E+01   0.1236147E+02   0.2714410E+00   0.9548491E+02   0.9076754E-01   0.6377914E+00   0.2472295E+02   0.0000000E+00
   0.1000000E+01   0.1233631E+02   0.2694585E+00   0.9374440E+02   0.1017579E+00   0.6287836E+00   0.2467261E+02   0.0000000E+00
   0.1000000E+01   0.1239526E+02   0.2723094E+00   0.9471036E+02   0.8224781E-01   0.6454428E+00   0.2479052E+02   0.0000000E+00
   0.1000000E+01   0.1251329E+02   0.2650104E+00   0.8814874E+02   0.8420300E-01   0.6507866E+00   0.2502659E+02   0.0000000E+00
   0.2000000E+01   0.1277386E+02   0.2551047E+00   0.8874603E+02   0.8269494E-01   0.6622004E+00   0.2554772E+02   0.0000000E+00
   0.1000000E+01   0.1256644E+02   0.2737608E+00   0.9296139E+02   0.5592937E-01   0.6703099E+00   0.2513288E+02   0.0000000E+00
   0.2000000E+01   0.1243320E+02   0.2776962E+00   0.9310863E+02   0.6237312E-01   0.6599306E+00   0.2486640E+02   0.0000000E+00
   0.1000000E+01   0.1232176E+02   0.2799262E+00   0.9415299E+02   0.7631926E-01   0.6437545E+00   0.2464352E+02   0.0000000E+00
   0.1000000E+01   0.1231812E+02   0.2776937E+00   0.9206241E+02   0.8332316E-01   0.6389831E+00   0.2463625E+02   0.0000000E+00
   0.1000000E+01   0.1229865E+02   0.2841867E+00   0.9177546E+02   0.7036286E-01   0.6454504E+00   0.2459729E+02   0.0000000E+00
   0.2000000E+01   0.1235094E+02   0.3096702E+00   0.9345542E+02   0.8667729E-01   0.6036525E+00   0.2470187E+02   0.0000000E+00
   0.1000000E+01   0.1227587E+02   0.3034351E+00   0.9309080E+02   0.8409218E-01   0.6124727E+00   0.2455174E+02   0.0000000E+00
   0.1000000E+01   0.1225107E+02   0.2991357E+00   0.9792900E+02   0.8455198E-01   0.6163123E+00   0.2450214E+02   0.0000000E+00
   0.1000000E+01   0.1225818E+02   0.2977700E+00   0.9752468E+02   0.8947200E-01   0.6127580E+00   0.2451637E+02   0.0000000E+00
   0.1000000E+01   0.1224948E+02   0.2918368E+00   0.9552494E+02   0.9573067E-01   0.6124326E+00   0.2449896E+02   0.0000000E+00
   0.1000000E+01   0.1228549E+02   0.2920627E+00   0.9625337E+02   0.1081205E+00   0.5998168E+00   0.2457099E+02   0.0000000E+00
   0.2000000E+01   0.1225863E+02   0.2794839E+00   0.9869204E+02   0.1024188E+00   0.6180974E+00   0.2451725E+02   0.0000000E+00
   0.1000000E+01   0.1225635E+02   0.2811117E+00   0.9947149E+02   0.9786027E-01   0.6210280E+00   0.2451270E+02   0.0000000E+00
   0.1000000E+01   0.1226224E+02   0.2801623E+00   0.9928281E+02   0.9657365E-01   0.6232641E+00   0.2452448E+02   0.0000000E+00
   0.1000000E+01   0.1224883E+02   0.2852213E+00   0.9780546E+02   0.8853238E-01   0.6262463E+00   0.2449766E+02   0.0000000E+00
   0.1000000E+01   0.1225414E+02   0.2842788E+00   0.9782565E+02   0.8755165E-01   0.6281696E+00   0.2450828E+02   0.0000000E+00
   0.1000000E+01   0.1227463E+02   0.2760071E+00   0.9362788E+02   0.1032917E+00   0.6207013E+00   0.2454926E+02   0.0000000E+00
   0.1000000E+01   0.1230621E+02   0.2686883E+00   0.9339165E+02   0.1127359E+00   0.6185758E+00   0.2461243E+02   0.0000000E+00
   0.2000000E+01   0.1265844E+02   0.2508403E+00   0.9116706E+02   0.1041133E+00   0.6450464E+00   0.2531688E+02   0.0000000E+00
   0.1000000E+01   0.1230487E+02   0.2917596E+00   0.9738924E+02   0.1136115E+00   0.5946289E+00   0.2460975E+02   0.0000000E+00
   0.2000000E+01   0.1238532E+02   0.3266974E+00   0.8586078E+02   0.5587542E-01   0.6174271E+00   0.2477063E+02   0.0000000E+00
   0.1000000E+01   0.1246652E+02   0.2561488E+00   0.8421949E+02   0.1135034E+00   0.6303478E+00   0.2493303E+02   0.0000000E+00
   0.1000000E+01   0.1257951E+02   0.2396129E+00   0.9998052E+02   0.1417386E+00   0.6186485E+00   0.2515903E+02   0.0000000E+00
   0.2000000E+01   0.1239926E+02   0.2395536E+00   0.9304692E+02   0.2291885E+00   0.5312580E+00   0.2479851E+02   0.0000000E+00
   0.1000000E+01   0.1244685E+02   0.2412940E+00   0.9282440E+02   0.2369195E+00   0.5217865E+00   0.2489371E+02   0.0000000E+00
   0.1000000E+01   0.1246622E+02   0.1988897E+00   0.8009761E+02   0.2899635E+00   0.5111468E+00   0.2493244E+02   0.0000000E+00
   0.1000000E+01   0.1240099E+02   0.2201032E+00   0.7490883E+02   0.2503067E+00   0.5295901E+00   0.2480198E+02   0.0000000E+00
   0.1000000E+01   0.1243412E+02   0.2285416E+00   0.7427166E+02   0.2557861E+00   0.5156723E+00   0.2486824E+02   0.0000000E+00
   0.1000000E+01   0.1240300E+02   0.2359344E+00   0.8821974E+02   0.2358845E+00   0.5281811E+00   0.2480599E+02   0.0000000E+00
   0.1000000E+01   0.1239880E+02   0.2835460E+00   0.7635277E+02   0.1477690E+00   0.5686850E+00   0.2479759E+02   0.0000000E+00
   0.3000000E+01   0.1311755E+02   0.3164976E+00   0.8740444E+02   0.1457976E+00   0.5377048E+00   0.2623511E+02   0.0000000E+00
   0.1000000E+01   0.1311747E+02   0.3202032E+00   0.8686782E+02   0.1375758E+00   0.5422210E+00   0.2623493E+02   0.0000000E+00
   0.1000000E+01   0.1285016E+02   0.3110038E+00   0.7843461E+02   0.1379874E+00   0.5510088E+00   0.2570031E+02   0.0000000E+00
   0.1000000E+01   0.1227459E+02   0.2793825E+00   0.8111912E+02   0.1258095E+00   0.5948080E+00   0.2454919E+02   0.0000000E+00
   0.1000000E+01   0.1236920E+02   0.2337427E+00   0.7851745E+02   0.2250674E+00   0.5411900E+00   0.2473839E+02   0.0000000E+00
   0.1000000E+01   0.1237298E+02   0.2317021E+00   0.8117128E+02   0.2284921E+00   0.5398058E+00   0.2474596E+02   0.0000000E+00
   0.1000000E+01   0.1245704E+02   0.2337784E+00   0.8756289E+02   0.1758345E+00   0.5903871E+00   0.2491407E+02   0.0000000E+00
   0.2000000E+01   0.1231831E+02   0.2518905E+00   0.8849700E+02   0.1646039E+00   0.5835056E+00   0.2463662E+02   0.0000000E+00
   0.1000000E+01   0.1231304E+02   0.2532307E+00   0.8871141E+02   0.1739120E+00   0.5728573E+00   0.2462607E+02   0.0000000E+00
   0.1000000E+01   0.1260904E+02   0.3151357E+00   0.7275922E+02   0.1072848E+00   0.5775795E+00   0.2521809E+02   0.0000000E+00
   0.1000000E+01   0.1249548E+02   0.2904417E+00   0.5176351E+02   0.1471472E+00   0.5624111E+00   0.2499095E+02   0.0000000E+00
   0.1000000E+01   0.1223794E+02   0.2961369E+00   0.6647239E+02   0.8327449E-01   0.6205886E+00   0.2447587E+02   0.0000000E+00
   0.1000000E+01   0.1292640E+02   0.2381460E+00   0.6808968E+02   0.1125138E+00   0.6493402E+00   0.2585280E+02   0.0000000E+00
   0.1000000E+01   0.1287799E+02   0.2251265E+00   0.7787964E+02   0.1491375E+00   0.6257360E+00   0.2575598E+02   0.0000000E+00
   0.2000000E+01   0.1232508E+02   0.2645367E+00   0.7046549E+02   0.1187889E+00   0.6166744E+00   0.2465017E+02   0.0000000E+00
   0.1000000E+01   0.1234860E+02   0.2664563E+00   0.8500582E+02   0.1707125E+00   0.5628312E+00   0.2469720E+02   0.0000000E+00
   0.1000000E+01   0.1230923E+02   0.2550533E+00   0.8796808E+02   0.1703944E+00   0.5745523E+00   0.2461846E+02   0.0000000E+00
   0.1000000E+01   0.1231903E+02   0.2517822E+00   0.8924661E+02   0.1802683E+00   0.5679496E+00   0.2463807E+02   0.0000000E+00
   0.1000000E+01   0.1241771E+02   0.2224802E+00   0.7222102E+02   0.2198997E+00   0.5576201E+00   0.2483542E+02   0.0000000E+00
   0.2000000E+01   0.1250344E+02   0.1900376E+00   0.8585213E+02   0.3251719E+00   0.4847904E+00   0.2500688E+02   0.0000000E+00
   0.1000000E+01   0.1263070E+02   0.1639442E+00   0.7861348E+02   0.3493461E+00   0.4867097E+00   0.2526140E+02   0.0000000E+00
   0.1000000E+01   0.1281432E+02   0.1460790E+00   0.8101851E+02   0.3674553E+00   0.4864657E+00   0.2562864E+02   0.0000000E+00
   0.1000000E+01   0.1265359E+02   0.1502327E+00   0.9522665E+02   0.4165683E+00   0.4331990E+00   0.2530717E+02   0.0000000E+00
   0.1000000E+01   0.1264711E+02   0.1501444E+00   0.9986671E+02   0.4010508E+00   0.4488048E+00   0.2529422E+02   0.0000000E+00
   0.1000000E+01   0.1269226E+02   0.1466403E+00   0.9855420E+02   0.3916713E+00   0.4616884E+00   0.2538453E+02   0.0000000E+00
   0.1000000E+01   0.1256623E+02   0.1775017E+00   0.8687974E+02   0.3629200E+00   0.4595783E+00   0.2513246E+02   0.0000000E+00
   0.1000000E+01   0.1249090E+02   0.2008918E+00   0.9560522E+02   0.3112795E+00   0.4878287E+00   0.2498181E+02   0.0000000E+00
   0.2000000E+01   0.1289715E+02   0.2265917E+00   0.8431073E+02   0.3208886E+00   0.4525197E+00   0.2579431E+02   0.0000000E+00
   0.1000000E+01   0.1290996E+02   0.1908849E+00   0.8727614E+02   0.3935121E+00   0.4156029E+00   0.2581992E+02   0.0000000E+00
   0.2000000E+01   0.1327492E+02   0.1871356E+00   0.9296630E+02   0.4321966E+00   0.3806678E+00   0.2654984E+02   0.0000000E+00
   0.1000000E+01   0.1317233E+02   0.1743630E+00   0.9035374E+02   0.4498648E+00   0.3757722E+00   0.2634467E+02   0.0000000E+00
   0.1000000E+01   0.1320240E+02   0.1739613E+00   0.9156693E+02   0.4531292E+00   0.3729096E+00   0.2640479E+02   0.0000000E+00
   0.3000000E+01   0.1305834E+02   0.1483274E+00   0.9090174E+02   0.4900184E+00   0.3616542E+00   0.2611667E+02   0.0000000E+00
   0.3000000E+01   0.1311394E+02   0.1481527E+00   0.9038324E+02   0.4958145E+00   0.3560328E+00   0.2622789E+02   0.0000000E+00
   0.2000000E+01   0.1275786E+02   0.1269920E+00   0.8904693E+02   0.4729938E+00   0.4000142E+00   0.2551573E+02   0.0000000E+00
   0.1000000E+01   0.1384656E+02   0.1009681E+00   0.8524535E+02   0.4004164E+00   0.4986155E+00   0.2769312E+02   0.0000000E+00
   0.2000000E+01   0.1363353E+02   0.1021339E+00   0.7239830E+02   0.4104596E+00   0.4874065E+00   0.2726707E+02   0.0000000E+00
   0.1000000E+01   0.1345059E+02   0.1079327E+00   0.6390449E+02   0.4079135E+00   0.4841539E+00   0.2690118E+02   0.0000000E+00
   0.1000000E+01   0.1326070E+02   0.1226363E+00   0.6328532E+02   0.3837473E+00   0.4936164E+00   0.2652140E+02   0.0000000E+00
   0.1000000E+01   0.1360317E+02   0.1798462E+00   0.6562966E+02   0.4697039E+00   0.3504499E+00   0.2720634E+02   0.0000000E+00
   0.1000000E+01   0.1308408E+02   0.1910693E+00   0.7427272E+02   0.4090428E+00   0.3998879E+00   0.2616815E+02   0.0000000E+00
   0.1000000E+01   0.1352173E+02   0.2101791E+00   0.7354631E+02   0.4013620E+00   0.3884589E+00   0.2704346E+02   0.0000000E+00
   0.2000000E+01   0.1349945E+02   0.2151949E+00   0.6919187E+02   0.3893786E+00   0.3954265E+00   0.2699889E+02   0.0000000E+00
   0.1000000E+01   0.1324117E+02   0.2019595E+00   0.6016964E+02   0.3992130E+00   0.3988274E+00   0.2648234E+02   0.0000000E+00
   0.1000000E+01   0.1273962E+02   0.1927288E+00   0.6368949E+02   0.3708808E+00   0.4363904E+00   0.2547925E+02   0.0000000E+00
   0.1000000E+01   0.1274938E+02   0.1324832E+00   0.7426455E+02   0.4250550E+00   0.4424618E+00   0.2549876E+02   0.0000000E+00
   0.1000000E+01   0.1275463E+02   0.1293786E+00   0.7044149E+02   0.4710688E+00   0.3995526E+00   0.2550926E+02   0.0000000E+00
   0.3000000E+01   0.1293520E+02   0.1143728E+00   0.3549688E+02   0.4420262E+00   0.4436010E+00   0.2587041E+02   0.0000000E+00
   0.1000000E+01   0.1291139E+02   0.1172267E+00   0.3525856E+02   0.4372360E+00   0.4455372E+00   0.2582278E+02   0.0000000E+00
   0.2000000E+01   0.1265454E+02   0.1514404E+00   0.2749013E+02   0.4178908E+00   0.4306687E+00   0.2530908E+02   0.0000000E+00
   0.1000000E+01   0.1285380E+02   0.1384088E+00   0.2837618E+02   0.4817757E+00   0.3798155E+00   0.2570760E+02   0.0000000E+00
   0.1000000E+01   0.1271887E+02   0.1353598E+00   0.2105818E+02   0.4205143E+00   0.4441259E+00   0.2543774E+02   0.0000000E+00
   0.1000000E+01   0.1271655E+02   0.1450879E+00   0.3467060E+02   0.3884012E+00   0.4665109E+00   0.2543310E+02   0.0000000E+00
   0.1000000E+01   0.1404140E+02   0.7752434E-01   0.4803944E+02   0.4493381E+00   0.4731375E+00   0.2808279E+02   0.0000000E+00
   0.2000000E+01   0.1421636E+02   0.8849164E-01   0.5062866E+02   0.4120965E+00   0.4994119E+00   0.2843272E+02   0.0000000E+00
   0.3000000E+01   0.1267831E+02   0.1491667E+00   0.3903803E+02   0.3858619E+00   0.4649714E+00   0.2535663E+02   0.0000000E+00
   0.1000000E+01   0.1266837E+02   0.1467428E+00   0.3763795E+02   0.4000726E+00   0.4531846E+00   0.2533674E+02   0.0000000E+00
   0.1000000E+01   0.1262847E+02   0.1563749E+00   0.5634989E+02   0.4024797E+00   0.4411454E+00   0.2525694E+02   0.0000000E+00
   0.1000000E+01   0.1266148E+02   0.1485289E+00   0.5844475E+02   0.3969586E+00   0.4545126E+00   0.2532296E+02   0.0000000E+00
   0.1000000E+01   0.1253920E+02   0.1775014E+00   0.5466555E+02   0.3417806E+00   0.4807179E+00   0.2507839E+02   0.0000000E+00
   0.1000000E+01   0.1251385E+02   0.1941237E+00   0.6095335E+02   0.3269457E+00   0.4789306E+00   0.2502770E+02   0.0000000E+00
   0.1000000E+01   0.1254044E+02   0.1783938E+00   0.6676725E+02   0.3486171E+00   0.4729890E+00   0.2508087E+02   0.0000000E+00
   0.1000000E+01   0.1267453E+02   0.1715697E+00   0.6987863E+02   0.3153549E+00   0.5130754E+00   0.2534906E+02   0.0000000E+00
   0.1000000E+01   0.1299146E+02   0.1482494E+00   0.8161429E+02   0.3396732E+00   0.5120774E+00   0.2598292E+02   0.0000000E+00
   0.1000000E+01   0.1326724E+02   0.1290917E+00   0.7732447E+02   0.3661763E+00   0.5047320E+00   0.2653449E+02   0.0000000E+00
   0.1000000E+01   0.1307517E+02   0.1314133E+00   0.7749144E+02   0.3770351E+00   0.4915515E+00   0.2615034E+02   0.0000000E+00
   0.2000000E+01   0.1282875E+02   0.1627534E+00   0.9562802E+02   0.3181243E+00   0.5191223E+00   0.2565749E+02   0.0000000E+00
   0.2000000E+01   0.1272926E+02   0.1601224E+00   0.9846762E+02   0.3398987E+00   0.4999788E+00   0.2545852E+02   0.0000000E+00
   0.1000000E+01   0.1252694E+02   0.1862377E+00   0.9804298E+02   0.3061057E+00   0.5076566E+00   0.2505387E+02   0.0000000E+00
   0.1000000E+01   0.1286585E+02   0.2226144E+00   0.6277588E+02   0.3259987E+00   0.4513869E+00   0.2573170E+02   0.0000000E+00
   0.1000000E+01   0.1350271E+02   0.2374201E+00   0.6597744E+02   0.3424614E+00   0.4201186E+00   0.2700542E+02   0.0000000E+00
   0.3000000E+01   0.1295297E+02   0.2358265E+00   0.8522159E+02   0.3067517E+00   0.4574218E+00   0.2590594E+02   0.0000000E+00
   0.2000000E+01   0.1415612E+02   0.3076383E+00   0.6554654E+02   0.2244329E+00   0.4679288E+00   0.2831224E+02   0.0000000E+00
   0.1000000E+01   0.1316099E+02   0.3379375E+00   0.6963053E+02   0.1008605E+00   0.5612021E+00   0.2632199E+02   0.0000000E+00
   0.2000000E+01   0.1273330E+02   0.3258535E+00   0.5932839E+02   0.9535922E-01   0.5787872E+00   0.2546660E+02   0.0000000E+00
   0.2000000E+01   0.1232219E+02   0.2499183E+00   0.5691818E+02   0.1694712E+00   0.5806105E+00   0.2464438E+02   0.0000000E+00
   0.1000000E+01   0.1246197E+02   0.2738704E+00   0.3405392E+02   0.1762361E+00   0.5498935E+00   0.2492394E+02   0.0000000E+00
   0.2000000E+01   0.1248944E+02   0.2151725E+00   0.5813799E+02   0.2225422E+00   0.5622853E+00   0.2497888E+02   0.0000000E+00
   0.4000000E+01   0.1235804E+02   0.2347575E+00   0.6497557E+02   0.2092495E+00   0.5559929E+00   0.2471609E+02   0.0000000E+00
   0.1000000E+01   0.1364832E+02   0.2216176E+00   0.2443700E+02   0.3836394E+00   0.3947430E+00   0.2729664E+02   0.0000000E+00
   0.3000000E+01   0.1403267E+02   0.2069209E+00   0.3425115E+02   0.4372767E+00   0.3558024E+00   0.2806534E+02   0.0000000E+00
   0.1000000E+01   0.1278994E+02   0.2286478E+00   0.5291241E+02   0.3063662E+00   0.4649860E+00   0.2557987E+02   0.0000000E+00
   0.2000000E+01   0.1247578E+02   0.1981642E+00   0.3482795E+02   0.3068011E+00   0.4950347E+00   0.2495157E+02   0.0000000E+00
   0.1000000E+01   0.1244049E+02   0.2166660E+00   0.4522460E+02   0.2306402E+00   0.5526938E+00   0.2488098E+02   0.0000000E+00
   0.2000000E+01   0.1261356E+02   0.2538475E+00   0.6105122E+02   0.2365949E+00   0.5095577E+00   0.2522712E+02   0.0000000E+00
   0.4000000E+01   0.1413081E+02   0.2125759E+00   0.9418051E+02   0.4310274E+00   0.3563967E+00   0.2826161E+02   0.0000000E+00
   0.4000000E+01   0.1438344E+02   0.2215504E+00   0.9719748E+02   0.4243684E+00   0.3540812E+00   0.2876688E+02   0.0000000E+00
   0.1000000E+01   0.1277828E+02   0.1290993E+00   0.8917038E+02   0.4796433E+00   0.3912574E+00   0.2555656E+02   0.0000000E+00
   0.2000000E+01   0.1224995E+02   0.2853030E+00   0.4601910E+02   0.1038630E+00   0.6108340E+00   0.2449991E+02   0.0000000E+00
   0.5000000E+01   0.1237532E+02   0.2775091E+00   0.4038263E+02   0.1552530E+00   0.5672380E+00   0.2475064E+02   0.0000000E+00
   0.1000000E+01   0.1229281E+02   0.2990798E+00   0.5172366E+02   0.9647598E-01   0.6044442E+00   0.2458562E+02   0.0000000E+00
   0.3000000E+01   0.1248953E+02   0.3332605E+00   0.3621831E+02  -0.8197437E-01   0.7487139E+00   0.2497906E+02   0.0000000E+00
   0.2000000E+01   0.1265801E+02   0.4112270E+00   0.2619034E+02  -0.2772128E+00   0.8659858E+00   0.2531601E+02   0.0000000E+00
   0.6000000E+01   0.1228176E+02   0.4524803E+00   0.5130832E+02  -0.3139840E+00   0.8615038E+00   0.2456353E+02   0.0000000E+00
   0.3000000E+01   0.1223941E+02   0.3708199E+00   0.4753056E+02  -0.1338823E+00   0.7630624E+00   0.2447883E+02   0.0000000E+00
   0.1000000E+01   0.1223888E+02   0.4040262E+00   0.4972104E+02  -0.2073909E+00   0.8033647E+00   0.2447776E+02   0.0000000E+00
   0.1000000E+01   0.1256624E+02   0.3893943E+00   0.8004081E+02  -0.2188542E+00   0.8294599E+00   0.2513249E+02   0.0000000E+00
   0.3000000E+01   0.1233212E+02   0.4589759E+00   0.7976147E+02  -0.3377629E+00   0.8787870E+00   0.2466424E+02   0.0000000E+00
   0.3000000E+01   0.1246988E+02   0.5263573E+00   0.7523745E+02  -0.4330369E+00   0.9066795E+00   0.2493976E+02   0.0000000E+00
   0.5000000E+01   0.1244964E+02   0.5253797E+00   0.7806565E+02  -0.4371628E+00   0.9117831E+00   0.2489928E+02   0.0000000E+00
   0.1000000E+01   0.1264433E+02   0.5539550E+00   0.7362414E+02  -0.4801526E+00   0.9261976E+00   0.2528867E+02   0.0000000E+00
   0.4000000E+01   0.1259750E+02   0.5393937E+00   0.6083935E+02  -0.4443485E+00   0.9049548E+00   0.2519499E+02   0.0000000E+00
   0.2000000E+01   0.1231317E+02   0.4171781E+00   0.9988984E+02  -0.1624991E+00   0.7453211E+00   0.2462633E+02   0.0000000E+00
   0.2000000E+01   0.1240726E+02   0.4552009E+00   0.7041204E+02  -0.2428709E+00   0.7876700E+00   0.2481452E+02   0.0000000E+00
   0.2000000E+01   0.1245408E+02   0.4421873E+00   0.7384542E+02  -0.2033263E+00   0.7611390E+00   0.2490816E+02   0.0000000E+00
   0.2000000E+01   0.1276330E+02   0.4750888E+00   0.7902931E+02  -0.2518625E+00   0.7767737E+00   0.2552659E+02   0.0000000E+00
   0.2000000E+01   0.1236401E+02   0.4475761E+00   0.7172102E+02  -0.2302611E+00   0.7826850E+00   0.2472802E+02   0.0000000E+00
   0.2000000E+01   0.1244321E+02   0.5272346E+00   0.7795949E+02  -0.4673855E+00   0.9401509E+00   0.2488641E+02   0.0000000E+00
   0.3000000E+01   0.1296851E+02   0.5750381E+00   0.8498892E+02  -0.4958053E+00   0.9207673E+00   0.2593702E+02   0.0000000E+00
   0.3000000E+01   0.1237792E+02   0.4900206E+00   0.4353114E+02  -0.3438856E+00   0.8538650E+00   0.2475585E+02   0.0000000E+00
   0.3000000E+01   0.1219782E+02   0.3340187E+00   0.5089516E+02  -0.1032331E-02   0.6670137E+00   0.2439564E+02   0.0000000E+00
   0.1000000E+01   0.1239706E+02   0.2222166E+00   0.6677095E+02   0.2320516E+00   0.5457318E+00   0.2479411E+02   0.0000000E+00
   0.1000000E+01   0.1243343E+02   0.2153068E+00   0.7614223E+02   0.2734616E+00   0.5112315E+00   0.2486685E+02   0.0000000E+00
   0.1000000E+01   0.1230645E+02   0.2645692E+00   0.8085998E+02   0.1606971E+00   0.5747337E+00   0.2461291E+02   0.0000000E+00
   0.1000000E+01   0.1232814E+02   0.2717848E+00   0.7811001E+02   0.1560921E+00   0.5721231E+00   0.2465628E+02   0.0000000E+00
   0.3000000E+01   0.1228349E+02   0.2936281E+00   0.7310443E+02   0.1046169E+00   0.6017550E+00   0.2456697E+02   0.0000000E+00
   0.5000000E+01   0.1247105E+02   0.2801433E+00   0.7674779E+02   0.1653916E+00   0.5544651E+00   0.2494211E+02   0.0000000E+00
   0.1000000E+01   0.1241916E+02   0.2754491E+00   0.8138937E+02   0.1672032E+00   0.5573477E+00   0.2483832E+02   0.0000000E+00
   0.3000000E+01   0.1259029E+02   0.3221848E+00   0.8217614E+02   0.9005707E-01   0.5877581E+00   0.2518058E+02   0.0000000E+00
   0.1000000E+01   0.1251825E+02   0.3137841E+00   0.7500363E+02   0.1005160E+00   0.5856999E+00   0.2503650E+02   0.0000000E+00
   0.2000000E+01   0.1225196E+02   0.3751830E+00   0.6833052E+02  -0.7428750E-01   0.6991045E+00   0.2450392E+02   0.0000000E+00
   0.2000000E+01   0.1221701E+02   0.4043434E+00   0.5641059E+02  -0.1526349E+00   0.7482914E+00   0.2443403E+02   0.0000000E+00
   0.1000000E+01   0.1225049E+02   0.4345159E+00   0.6438691E+02  -0.2207449E+00   0.7862290E+00   0.2450098E+02   0.0000000E+00
   0.2000000E+01   0.1277539E+02   0.4154992E+00   0.6257199E+02  -0.1060601E+00   0.6905608E+00   0.2555078E+02   0.0000000E+00
   0.1000000E+01   0.1282067E+02   0.4193852E+00   0.6514297E+02  -0.1114845E+00   0.6920993E+00   0.2564135E+02   0.0000000E+00
   0.2000000E+01   0.1453179E+02   0.5653858E+00   0.4254002E+02  -0.3661459E+00   0.8007601E+00   0.2906358E+02   0.0000000E+00
   0.7000000E+01   0.1650894E+02   0.5407733E+00   0.4287860E+02  -0.2249566E+00   0.6841833E+00   0.3301788E+02   0.0000000E+00
   0.2000000E+01   0.1499065E+02   0.4427964E+00   0.3682758E+02  -0.4890864E-01   0.6061122E+00   0.2998129E+02   0.0000000E+00
   0.3000000E+01   0.1591444E+02   0.4226039E+00   0.2526542E+02   0.3341884E-01   0.5439773E+00   0.3182888E+02   0.0000000E+00
   0.1000000E+01   0.1586421E+02   0.4213887E+00   0.2279449E+02   0.3404919E-01   0.5445621E+00   0.3172843E+02   0.0000000E+00
   0.2000000E+01   0.1607774E+02   0.5058074E+00   0.3793149E+02  -0.1563454E+00   0.6505380E+00   0.3215548E+02   0.0000000E+00
   0.1000000E+01   0.1308697E+02   0.3131910E+00   0.7649057E+02   0.1509506E+00   0.5358585E+00   0.2617394E+02   0.0000000E+00
   0.2000000E+01   0.1291759E+02   0.3421310E+00   0.7267410E+02   0.7420757E-01   0.5836614E+00   0.2583518E+02   0.0000000E+00
   0.1000000E+01   0.1294501E+02   0.3405956E+00   0.7113370E+02   0.7970726E-01   0.5796971E+00   0.2589002E+02   0.0000000E+00
   0.5000000E+01   0.1265314E+02   0.3651938E+00   0.3196730E+02  -0.1722038E+00   0.8070100E+00   0.2530627E+02   0.0000000E+00
   0.4000000E+01   0.1258746E+02   0.4817274E+00   0.2921454E+02  -0.4201303E+00   0.9384029E+00   0.2517492E+02   0.0000000E+00
   0.1000000E+01   0.1231339E+02   0.4818195E+00   0.4408289E+02  -0.3698842E+00   0.8880647E+00   0.2462678E+02   0.0000000E+00
   0.1000000E+01   0.1254803E+02   0.3461648E+00   0.5998027E+02  -0.1177942E+00   0.7716294E+00   0.2509606E+02   0.0000000E+00
   0.2000000E+01   0.1255936E+02   0.3492617E+00   0.6060996E+02  -0.1261182E+00   0.7768565E+00   0.2511872E+02   0.0000000E+00
   0.1000000E+01   0.1246413E+02   0.3440411E+00   0.7157615E+02  -0.1041032E+00   0.7600621E+00   0.2492827E+02   0.0000000E+00
   0.1000000E+01   0.1228113E+02   0.4547462E+00   0.6828156E+02  -0.2674938E+00   0.8127476E+00   0.2456226E+02   0.0000000E+00
   0.1000000E+01   0.1251799E+02   0.5122649E+00   0.2951013E+02  -0.4689250E+00   0.9566601E+00   0.2503598E+02   0.0000000E+00
   0.2000000E+01   0.1245959E+02   0.5302021E+00   0.2474404E+02  -0.4772398E+00   0.9470378E+00   0.2491917E+02   0.0000000E+00
   0.6000000E+01   0.1245134E+02   0.5258932E+00   0.3028970E+02  -0.4719027E+00   0.9460095E+00   0.2490267E+02   0.0000000E+00
   0.1000000E+01   0.1224011E+02   0.4459303E+00   0.3599706E+02  -0.2578800E+00   0.8119497E+00   0.2448021E+02   0.0000000E+00
   0.6000000E+01   0.1314983E+02   0.5770314E+00   0.8759271E+02  -0.4830480E+00   0.9060166E+00   0.2629965E+02   0.0000000E+00
   0.4000000E+01   0.1284939E+02   0.5698795E+00   0.8658542E+02  -0.4954407E+00   0.9255612E+00   0.2569879E+02   0.0000000E+00
   0.3000000E+01   0.1342733E+02   0.5257965E+00   0.7627401E+02  -0.3280807E+00   0.8022842E+00   0.2685465E+02   0.0000000E+00
   0.2000000E+01   0.1286137E+02   0.4007723E+00   0.7047825E+02  -0.6436934E-01   0.6635971E+00   0.2572273E+02   0.0000000E+00
   0.1000000E+01   0.1221010E+02   0.4037243E+00   0.9535002E+02  -0.1530674E+00   0.7493430E+00   0.2442019E+02   0.0000000E+00
   0.1000000E+01   0.1232632E+02   0.2563697E+00   0.8803425E+02   0.1435660E+00   0.6000643E+00   0.2465264E+02   0.0000000E+00
   0.1000000E+01   0.1222832E+02   0.4199316E+00   0.9625459E+02  -0.1886664E+00   0.7687348E+00   0.2445665E+02   0.0000000E+00
   0.1000000E+01   0.1250094E+02   0.4536263E+00   0.8793070E+02  -0.3520098E+00   0.8983835E+00   0.2500188E+02   0.0000000E+00
   0.3000000E+01   0.1237198E+02   0.4856906E+00   0.4777737E+02  -0.3944433E+00   0.9087527E+00   0.2474395E+02   0.0000000E+00
   0.1000000E+01   0.1232984E+02   0.4085356E+00   0.3935817E+02  -0.2344551E+00   0.8259195E+00   0.2465968E+02   0.0000000E+00
   0.1000000E+01   0.1280642E+02   0.1139326E+00   0.5366142E+02   0.4956060E+00   0.3904614E+00   0.2561285E+02   0.0000000E+00
   0.1000000E+01   0.1297404E+02   0.1717805E+00   0.6503352E+02   0.4368600E+00   0.3913595E+00   0.2594809E+02   0.0000000E+00
   0.1000000E+01   0.1268810E+02   0.1693056E+00   0.9472484E+02   0.4044063E+00   0.4262881E+00   0.2537621E+02   0.0000000E+00
   0.3000000E+01   0.1236775E+02   0.2336133E+00   0.9764373E+02   0.2240628E+00   0.5423240E+00   0.2473550E+02   0.0000000E+00
   0.1000000E+01   0.1258352E+02   0.2283962E+00   0.9528503E+02   0.2830537E+00   0.4885502E+00   0.2516705E+02   0.0000000E+00
   0.1000000E+01   0.1243991E+02   0.2147749E+00   0.4758451E+02   0.2766646E+00   0.5085605E+00   0.2487982E+02   0.0000000E+00
   0.2000000E+01   0.1246849E+02   0.2042249E+00   0.4773664E+02   0.2991277E+00   0.4966474E+00   0.2493698E+02   0.0000000E+00
   0.2000000E+01   0.1263223E+02   0.1752807E+00   0.2019893E+02   0.3829307E+00   0.4417887E+00   0.2526446E+02   0.0000000E+00
   0.1000000E+01   0.1227804E+02   0.2946838E+00   0.3396942E+02   0.4602144E-01   0.6592947E+00   0.2455609E+02   0.0000000E+00
   0.1000000E+01   0.1236848E+02   0.3404207E+00   0.6161492E+02   0.2349104E-01   0.6360882E+00   0.2473696E+02   0.0000000E+00
   0.3000000E+01   0.1247729E+02   0.1961235E+00   0.8619420E+02   0.2935958E+00   0.5102807E+00   0.2495459E+02   0.0000000E+00
   0.1000000E+01   0.1397969E+02   0.2715929E+00   0.4488775E+02  -0.2693447E-01   0.7553416E+00   0.2795939E+02   0.0000000E+00
   0.1000000E+01   0.1317465E+02   0.4801374E+00   0.5299742E+02  -0.4623598E+00   0.9822224E+00   0.2634930E+02   0.0000000E+00
   0.1000000E+01   0.1291007E+02   0.4674940E+00   0.6582419E+02  -0.4177505E+00   0.9502566E+00   0.2582015E+02   0.0000000E+00
   0.4000000E+01   0.1230910E+02   0.4636492E+00   0.5738061E+02  -0.3410641E+00   0.8774149E+00   0.2461820E+02   0.0000000E+00
   0.1000000E+01   0.1219356E+02   0.4236148E+00   0.6789625E+02  -0.2213156E+00   0.7977009E+00   0.2438711E+02   0.0000000E+00
   0.1000000E+01   0.1221034E+02   0.3763654E+00   0.6569381E+02  -0.1390502E+00   0.7626848E+00   0.2442068E+02   0.0000000E+00
   0.1000000E+01   0.1235706E+02   0.3952222E+00   0.7952399E+02  -0.2086474E+00   0.8134252E+00   0.2471413E+02   0.0000000E+00
   0.4000000E+01   0.1219005E+02   0.4190798E+00   0.8855634E+02  -0.2065612E+00   0.7874814E+00   0.2438010E+02   0.0000000E+00
   0.1000000E+01   0.1218091E+02   0.4104369E+00   0.8957002E+02  -0.1922872E+00   0.7818503E+00   0.2436183E+02   0.0000000E+00
   0.4000000E+01   0.1280552E+02   0.3106859E+00   0.2630738E+02  -0.5684098E-01   0.7461551E+00   0.2561104E+02   0.0000000E+00
   0.1000000E+01   0.1281184E+02   0.2441034E+00   0.6002368E+02   0.1067578E+00   0.6491387E+00   0.2562368E+02   0.0000000E+00
   0.6000000E+01   0.1310083E+02   0.1105578E+00   0.4648440E+02   0.4316882E+00   0.4577541E+00   0.2620165E+02   0.0000000E+00
   0.3000000E+01   0.1314436E+02   0.9906051E-01   0.6390962E+02   0.4596808E+00   0.4412587E+00   0.2628872E+02   0.0000000E+00
   0.1000000E+01   0.1427181E+02   0.1178082E+00   0.6216625E+02   0.3356550E+00   0.5465367E+00   0.2854361E+02   0.0000000E+00
   0.1000000E+01   0.1342068E+02   0.2203393E+00   0.8267928E+02   0.1244351E+00   0.6552256E+00   0.2684136E+02   0.0000000E+00
   0.2000000E+01   0.1342082E+02   0.2203133E+00   0.8268571E+02   0.1244913E+00   0.6551954E+00   0.2684164E+02   0.0000000E+00
   0.3000000E+01   0.1294143E+02   0.2100634E+00   0.8694759E+02   0.3584162E+00   0.4315203E+00   0.2588286E+02   0.0000000E+00
   0.3000000E+01   0.1302353E+02   0.3058074E+00   0.8868824E+02   0.1627208E+00   0.5314717E+00   0.2604705E+02   0.0000000E+00
   0.3000000E+01   0.1297221E+02   0.2061385E+00   0.7840680E+02   0.3690611E+00   0.4248004E+00   0.2594442E+02   0.0000000E+00
   0.1000000E+01   0.1295424E+02   0.3287561E+00   0.6961133E+02   0.1068314E+00   0.5644125E+00   0.2590848E+02   0.0000000E+00
   0.8000000E+01   0.1348515E+02   0.3463704E+00   0.2158020E+02   0.1000485E+00   0.5535812E+00   0.2697029E+02   0.0000000E+00
   0.2000000E+01   0.1258529E+02   0.3955740E+00   0.3835379E+02  -0.7700724E-01   0.6814333E+00   0.2517058E+02   0.0000000E+00
   0.7000000E+01   0.1258242E+02   0.3670809E+00   0.4290174E+02  -0.1136751E-01   0.6442866E+00   0.2516484E+02   0.0000000E+00
   0.3000000E+01   0.1435237E+02   0.3926467E+00   0.6837386E+02   0.4070923E-01   0.5666441E+00   0.2870474E+02   0.0000000E+00
   0.1000000E+01   0.1394758E+02   0.5384871E+00   0.6790725E+02  -0.3286817E+00   0.7901946E+00   0.2789516E+02   0.0000000E+00
   0.5000000E+01   0.1465153E+02   0.4355062E+00   0.3961652E+02  -0.4614193E-01   0.6106357E+00   0.2930306E+02   0.0000000E+00
   0.1000000E+01   0.1411233E+02   0.3561091E+00   0.3504836E+02   0.1125284E+00   0.5313626E+00   0.2822466E+02   0.0000000E+00
   0.1000000E+01   0.1238952E+02   0.3693469E+00   0.2506341E+02  -0.3970117E-01   0.6703543E+00   0.2477903E+02   0.0000000E+00
   0.3000000E+01   0.1240109E+02   0.4399307E+00   0.5162465E+02  -0.2052494E+00   0.7653187E+00   0.2480217E+02   0.0000000E+00
   0.4000000E+01   0.1236853E+02   0.4322668E+00   0.8302758E+02  -0.1907419E+00   0.7584751E+00   0.2473706E+02   0.0000000E+00
   0.4000000E+01   0.1218796E+02   0.3314927E+00   0.3260999E+02  -0.3401677E-02   0.6719089E+00   0.2437592E+02   0.0000000E+00
   0.5000000E+01   0.1227147E+02   0.4449756E+00   0.3898383E+02  -0.2436515E+00   0.7986759E+00   0.2454294E+02   0.0000000E+00
   0.1000000E+01   0.1230583E+02   0.4467249E+00   0.3936329E+02  -0.2398062E+00   0.7930813E+00   0.2461166E+02   0.0000000E+00
   0.1000000E+01   0.1226486E+02   0.4567506E+00   0.3292251E+02  -0.2802648E+00   0.8235142E+00   0.2452971E+02   0.0000000E+00
   0.1000000E+01   0.1241349E+02   0.5160735E+00   0.4022635E+02  -0.4186237E+00   0.9025501E+00   0.2482698E+02   0.0000000E+00
   0.2000000E+01   0.1248069E+02   0.4525038E+00   0.5287700E+02  -0.3475233E+00   0.8950196E+00   0.2496139E+02   0.0000000E+00
   0.2000000E+01   0.1271943E+02   0.4061111E+00   0.6915781E+02  -0.2695237E+00   0.8634126E+00   0.2543887E+02   0.0000000E+00
   0.3000000E+01   0.1253444E+02   0.5140672E+00   0.5816390E+02  -0.4740943E+00   0.9600270E+00   0.2506887E+02   0.0000000E+00
   0.2000000E+01   0.1252247E+02   0.5123616E+00   0.8030601E+02  -0.3783774E+00   0.8660158E+00   0.2504495E+02   0.0000000E+00
   0.1000000E+01   0.1235380E+02   0.2363168E+00   0.8254657E+02   0.2077340E+00   0.5559492E+00   0.2470760E+02   0.0000000E+00
   0.1000000E+01   0.1233294E+02   0.2743925E+00   0.5417751E+02   0.8854852E-01   0.6370589E+00   0.2466587E+02   0.0000000E+00
   0.2000000E+01   0.1247885E+02   0.2758708E+00   0.5672033E+02   0.6061487E-01   0.6635144E+00   0.2495770E+02   0.0000000E+00
   0.1000000E+01   0.1248908E+02   0.2146994E+00   0.3338366E+02   0.2230519E+00   0.5622487E+00   0.2497817E+02   0.0000000E+00
   0.1000000E+01   0.1270931E+02   0.2257724E+00   0.2683250E+02   0.1614156E+00   0.6128120E+00   0.2541861E+02   0.0000000E+00
   0.4000000E+01   0.1301374E+02   0.1854345E+00   0.2956690E+02   0.2380751E+00   0.5764904E+00   0.2602749E+02   0.0000000E+00
   0.1000000E+01   0.1250928E+02   0.1898495E+00   0.4414901E+02   0.2992753E+00   0.5108752E+00   0.2501856E+02   0.0000000E+00
   0.3000000E+01   0.1280984E+02   0.1205586E+00   0.4489416E+02   0.4492339E+00   0.4302076E+00   0.2561969E+02   0.0000000E+00
   0.3000000E+01   0.1296303E+02   0.9573819E-01   0.4112788E+02   0.4966321E+00   0.4076297E+00   0.2592605E+02   0.0000000E+00
   0.2000000E+01   0.1313321E+02   0.8686570E-01   0.4305979E+02   0.4959909E+00   0.4171434E+00   0.2626643E+02   0.0000000E+00
   0.3000000E+01   0.1286136E+02   0.1250004E+00   0.5207711E+02   0.4227738E+00   0.4522258E+00   0.2572271E+02   0.0000000E+00
   0.1000000E+01   0.1290481E+02   0.1131245E+00   0.4973270E+02   0.4519661E+00   0.4349094E+00   0.2580962E+02   0.0000000E+00
   0.4000000E+01   0.1277162E+02   0.1214509E+00   0.5507388E+02   0.4779235E+00   0.4006256E+00   0.2554324E+02   0.0000000E+00
   0.8000000E+01   0.1272512E+02   0.1314287E+00   0.5717136E+02   0.4518400E+00   0.4167313E+00   0.2545025E+02   0.0000000E+00
   0.3000000E+01   0.1265830E+02   0.4667889E+00   0.5206138E+02  -0.2415555E+00   0.7747667E+00   0.2531661E+02   0.0000000E+00
   0.2000000E+01   0.1244492E+02   0.4711523E+00   0.5352345E+02  -0.2787430E+00   0.8075907E+00   0.2488984E+02   0.0000000E+00
   0.3000000E+01   0.1249514E+02   0.4916556E+00   0.5153079E+02  -0.3257566E+00   0.8341010E+00   0.2499028E+02   0.0000000E+00
   0.3000000E+01   0.1247041E+02   0.4583657E+00   0.3333684E+02  -0.2427442E+00   0.7843786E+00   0.2494083E+02   0.0000000E+00
   0.4000000E+01   0.1240918E+02   0.4209786E+00   0.4802631E+02  -0.1574131E+00   0.7364345E+00   0.2481835E+02   0.0000000E+00
   0.9000000E+01   0.1300542E+02   0.2149611E+00   0.7881646E+02   0.3540591E+00   0.4309798E+00   0.2601085E+02   0.0000000E+00
   0.1000000E+01   0.1236998E+02   0.2357497E+00   0.6605643E+02   0.2240387E+00   0.5402116E+00   0.2473995E+02   0.0000000E+00
   0.5000000E+01   0.1245014E+02   0.2991961E+00   0.4580786E+02   0.1229027E+00   0.5779012E+00   0.2490028E+02   0.0000000E+00
   0.3000000E+01   0.1241429E+02   0.3070668E+00   0.5077431E+02   0.1015527E+00   0.5913805E+00   0.2482859E+02   0.0000000E+00
   0.1000000E+01   0.1230608E+02   0.2563276E+00   0.7689225E+02   0.1672463E+00   0.5764261E+00   0.2461217E+02   0.0000000E+00
   0.2000000E+01   0.1301260E+02   0.2860911E+00   0.6331109E+02  -0.1097240E-01   0.7248813E+00   0.2602520E+02   0.0000000E+00
   0.1000000E+01   0.1219021E+02   0.4066553E+00   0.7186494E+02  -0.1962493E+00   0.7895940E+00   0.2438043E+02   0.0000000E+00
   0.8000000E+01   0.1246497E+02   0.4557784E+00   0.8268964E+02  -0.3521518E+00   0.8963734E+00   0.2492994E+02   0.0000000E+00
   0.1000000E+01   0.1218460E+02   0.4002374E+00   0.6664415E+02  -0.1807839E+00   0.7805465E+00   0.2436920E+02   0.0000000E+00
   0.5000000E+01   0.1231056E+02   0.4807160E+00   0.6083470E+02  -0.3369868E+00   0.8562708E+00   0.2462113E+02   0.0000000E+00
   0.2000000E+01   0.1234588E+02   0.4907481E+00   0.6007919E+02  -0.3558124E+00   0.8650643E+00   0.2469176E+02   0.0000000E+00
   0.4000000E+01   0.1218508E+02   0.4039912E+00   0.4808491E+02  -0.1652874E+00   0.7612962E+00   0.2437015E+02   0.0000000E+00
   0.6000000E+01   0.1228995E+02   0.4762479E+00   0.2892536E+02  -0.3351879E+00   0.8589401E+00   0.2457991E+02   0.0000000E+00
   0.4000000E+01   0.1235650E+02   0.4154466E+00   0.2180650E+02  -0.1534595E+00   0.7380129E+00   0.2471301E+02   0.0000000E+00
   0.1000000E+01   0.1237940E+02   0.4317991E+00   0.2274188E+02  -0.1900274E+00   0.7582284E+00   0.2475880E+02   0.0000000E+00
   0.3000000E+01   0.1220398E+02   0.3984302E+00   0.5298302E+02  -0.1422467E+00   0.7438165E+00   0.2440797E+02   0.0000000E+00
   0.1000000E+01   0.1237981E+02   0.3080864E+00   0.6583056E+02   0.9449131E-01   0.5974223E+00   0.2475962E+02   0.0000000E+00
   0.6000000E+01   0.1364926E+02   0.4337920E+00   0.8060869E+02  -0.9074572E-01   0.6569537E+00   0.2729852E+02   0.0000000E+00
   0.5000000E+01   0.1232309E+02   0.2545069E+00   0.6509690E+02   0.1809935E+00   0.5644996E+00   0.2464618E+02   0.0000000E+00
   0.4000000E+01   0.1241149E+02   0.2502630E+00   0.2312247E+02   0.2125044E+00   0.5372326E+00   0.2482297E+02   0.0000000E+00
   0.2000000E+01   0.1340055E+02   0.4528685E+00   0.5975520E+02  -0.1508020E+00   0.6979335E+00   0.2680110E+02   0.0000000E+00
   0.2000000E+01   0.1311458E+02   0.3606675E+00   0.2835118E+02   0.4533731E-01   0.5939952E+00   0.2622917E+02   0.0000000E+00
   0.1000000E+01   0.1317461E+02   0.3894235E+00   0.2509775E+02  -0.1701361E-01   0.6275902E+00   0.2634922E+02   0.0000000E+00
   0.5000000E+01   0.1317944E+02   0.4150820E+00   0.2880895E+02  -0.7614942E-01   0.6610675E+00   0.2635889E+02   0.0000000E+00
   0.9000000E+01   0.1368964E+02   0.5645954E+00   0.3183977E+02  -0.4109491E+00   0.8463537E+00   0.2737927E+02   0.0000000E+00
   0.1000000E+01   0.1377403E+02   0.5609511E+00   0.2983443E+02  -0.3965316E+00   0.8355805E+00   0.2754805E+02   0.0000000E+00
   0.2000000E+01   0.1239322E+02   0.4902287E+00   0.2005197E+02  -0.4083545E+00   0.9181258E+00   0.2478644E+02   0.0000000E+00
   0.3000000E+01   0.1234604E+02   0.2823734E+00   0.5341390E+02   0.6426970E-01   0.6533569E+00   0.2469208E+02   0.0000000E+00
   0.6000000E+01   0.1302802E+02   0.4333521E+00   0.9354077E+02  -0.1286731E+00   0.6953211E+00   0.2605605E+02   0.0000000E+00
   0.5000000E+01   0.1238642E+02   0.5107684E+00   0.3772590E+02  -0.4294792E+00   0.9187108E+00   0.2477285E+02   0.0000000E+00
   0.1000000E+01   0.1264169E+02   0.5280331E+00   0.4163313E+02  -0.4047181E+00   0.8766850E+00   0.2528338E+02   0.0000000E+00
   0.3000000E+01   0.1239934E+02   0.4484319E+00   0.4843908E+02  -0.2270426E+00   0.7786107E+00   0.2479868E+02   0.0000000E+00
   0.4000000E+01   0.1288435E+02   0.4591226E+00   0.6072528E+02  -0.3980327E+00   0.9389101E+00   0.2576869E+02   0.0000000E+00
   0.2000000E+01   0.1298330E+02   0.4744725E+00   0.5911747E+02  -0.4378187E+00   0.9633462E+00   0.2596659E+02   0.0000000E+00
   0.1000000E+01   0.1303860E+02   0.5285531E+00   0.2093843E+02  -0.3664231E+00   0.8378700E+00   0.2607720E+02   0.0000000E+00
   0.1000000E+01   0.1288722E+02   0.4629434E+00   0.2779630E+02  -0.2123122E+00   0.7493687E+00   0.2577445E+02   0.0000000E+00
   0.1000000E+01   0.1323289E+02   0.4657832E+00   0.2563994E+02  -0.1940617E+00   0.7282784E+00   0.2646579E+02   0.0000000E+00
   0.6000000E+01   0.1360923E+02   0.5064601E+00   0.3899562E+02  -0.2690106E+00   0.7625505E+00   0.2721846E+02   0.0000000E+00
   0.4000000E+01   0.1228304E+02   0.3170025E+00   0.2884599E+02  -0.1388717E-01   0.6968846E+00   0.2456608E+02   0.0000000E+00
   0.3000000E+01   0.1240563E+02   0.4663285E+00   0.3229260E+02  -0.2730820E+00   0.8067535E+00   0.2481125E+02   0.0000000E+00
   0.1000000E+01   0.1309107E+02   0.2335311E+00   0.3809307E+02   0.3221102E+00   0.4443587E+00   0.2618214E+02   0.0000000E+00
   0.1000000E+01   0.1283440E+02   0.2113517E+00   0.3521594E+02   0.3450759E+00   0.4435724E+00   0.2566880E+02   0.0000000E+00
   0.1000000E+01   0.1247041E+02   0.2083929E+00   0.8524698E+02   0.2952528E+00   0.4963543E+00   0.2494081E+02   0.0000000E+00
   0.3000000E+01   0.1251754E+02   0.2010327E+00   0.8458236E+02   0.3189676E+00   0.4799998E+00   0.2503508E+02   0.0000000E+00
   0.3000000E+01   0.1254311E+02   0.1915822E+00   0.8613866E+02   0.3390735E+00   0.4693444E+00   0.2508622E+02   0.0000000E+00
   0.3000000E+01   0.1321701E+02   0.1533749E+00   0.8015158E+02   0.4949841E+00   0.3516410E+00   0.2643401E+02   0.0000000E+00
   0.1000000E+01   0.1293144E+02   0.1929129E+00   0.3536957E+02   0.3911107E+00   0.4159764E+00   0.2586288E+02   0.0000000E+00
   0.1000000E+01   0.1251898E+02   0.1898164E+00   0.3688895E+02   0.3332617E+00   0.4769220E+00   0.2503796E+02   0.0000000E+00
   0.2000000E+01   0.1228114E+02   0.3658055E+00   0.4571396E+02  -0.4738488E-01   0.6815794E+00   0.2456228E+02   0.0000000E+00
   0.7000000E+01   0.1229708E+02   0.2819519E+00   0.2876756E+02   0.1288826E+00   0.5891655E+00   0.2459416E+02   0.0000000E+00
   0.1000000E+01   0.1372731E+02   0.4471742E+00   0.2043568E+02  -0.1205700E+00   0.6733959E+00   0.2745461E+02   0.0000000E+00
   0.1000000E+01   0.1354150E+02   0.5094643E+00   0.2431927E+02  -0.2817232E+00   0.7722589E+00   0.2708300E+02   0.0000000E+00
   0.5000000E+01   0.1257012E+02   0.3356171E+00   0.2692620E+02  -0.9633495E-01   0.7607179E+00   0.2514025E+02   0.0000000E+00
   0.4000000E+01   0.1280676E+02   0.3581681E+00   0.2464076E+02  -0.1686910E+00   0.8105229E+00   0.2561352E+02   0.0000000E+00
   0.1000000E+01   0.1261644E+02   0.4255421E+00   0.2336012E+02  -0.3054535E+00   0.8799114E+00   0.2523288E+02   0.0000000E+00
   0.4000000E+01   0.1238101E+02   0.4535125E+00   0.6747625E+02  -0.3358932E+00   0.8823807E+00   0.2476202E+02   0.0000000E+00
   0.1000000E+01   0.1293389E+02   0.4665671E+00   0.6743220E+02  -0.4174622E+00   0.9508950E+00   0.2586778E+02   0.0000000E+00
   0.2000000E+01   0.1294643E+02   0.4593343E+00   0.6577510E+02  -0.4028457E+00   0.9435114E+00   0.2589285E+02   0.0000000E+00
   0.3000000E+01   0.1295272E+02   0.4356587E+00   0.6539341E+02  -0.3518207E+00   0.9161619E+00   0.2590543E+02   0.0000000E+00
   0.5000000E+01   0.1276564E+02   0.1825873E+00   0.9564090E+02   0.2713086E+00   0.5461041E+00   0.2553127E+02   0.0000000E+00
   0.1000000E+01   0.1228900E+02   0.2658993E+00   0.7700808E+02   0.1494478E+00   0.5846529E+00   0.2457800E+02   0.0000000E+00
   0.1000000E+01   0.1220961E+02   0.3425072E+00   0.6706083E+02  -0.1312873E-01   0.6706216E+00   0.2441922E+02   0.0000000E+00
   0.1000000E+01   0.1224409E+02   0.3243778E+00   0.6028752E+02  -0.2243925E-01   0.6980614E+00   0.2448818E+02   0.0000000E+00
   0.1000000E+01   0.1236552E+02   0.2359144E+00   0.3503723E+02   0.2215054E+00   0.5425802E+00   0.2473103E+02   0.0000000E+00
   0.2000000E+01   0.1225338E+02   0.3203451E+00   0.7171133E+02  -0.1439046E-01   0.6940453E+00   0.2450677E+02   0.0000000E+00
   0.1000000E+01   0.1318678E+02   0.3966341E+00   0.5182488E+02  -0.2793025E+00   0.8826685E+00   0.2637357E+02   0.0000000E+00
   0.1000000E+01   0.1319390E+02   0.4008883E+00   0.5109335E+02  -0.2893208E+00   0.8884325E+00   0.2638780E+02   0.0000000E+00
   0.5000000E+01   0.1270002E+02   0.4303671E+00   0.4120859E+02  -0.1485109E+00   0.7181439E+00   0.2540003E+02   0.0000000E+00
   0.2000000E+01   0.1275295E+02   0.4580431E+00   0.2038081E+02  -0.2131104E+00   0.7550673E+00   0.2550590E+02   0.0000000E+00
   0.3000000E+01   0.1244232E+02   0.4570423E+00   0.2068831E+02  -0.2450158E+00   0.7879735E+00   0.2488464E+02   0.0000000E+00
   0.3000000E+01   0.1232228E+02   0.4336560E+00   0.2188419E+02  -0.2044090E+00   0.7707530E+00   0.2464457E+02   0.0000000E+00
   0.1000000E+01   0.1237965E+02   0.5096646E+00   0.2765034E+02  -0.4203467E+00   0.9106822E+00   0.2475929E+02   0.0000000E+00
   0.2000000E+01   0.1242408E+02   0.5108352E+00   0.5132773E+02  -0.3955657E+00   0.8847306E+00   0.2484816E+02   0.0000000E+00
   0.4000000E+01   0.1243875E+02   0.4957972E+00   0.5669721E+02  -0.4256590E+00   0.9298619E+00   0.2487749E+02   0.0000000E+00
   0.1000000E+01   0.1395993E+02   0.5910372E+00   0.6262201E+02  -0.4618703E+00   0.8708331E+00   0.2791987E+02   0.0000000E+00
   0.2000000E+01   0.1396343E+02   0.3570734E+00   0.7669564E+02   0.1035966E+00   0.5393300E+00   0.2792686E+02   0.0000000E+00
   0.2000000E+01   0.1307935E+02   0.3363137E+00   0.5524369E+02   0.9883441E-01   0.5648519E+00   0.2615871E+02   0.0000000E+00
   0.2000000E+01   0.1266602E+02   0.4397684E+00   0.9336982E+02  -0.3389478E+00   0.8991794E+00   0.2533203E+02   0.0000000E+00
   0.2000000E+01   0.1298310E+02   0.4232383E+00   0.9906836E+02  -0.3262836E+00   0.9030453E+00   0.2596621E+02   0.0000000E+00
   0.2000000E+01   0.1293455E+02   0.3122220E+00   0.8171269E+02  -0.6814338E-01   0.7559214E+00   0.2586910E+02   0.0000000E+00
   0.4000000E+01   0.1531822E+02   0.3103289E+00   0.7124145E+02  -0.1655404E+00   0.8552115E+00   0.3063645E+02   0.0000000E+00
   0.3000000E+01   0.1498500E+02   0.3154474E+00   0.7739896E+02  -0.1668941E+00   0.8514467E+00   0.2996999E+02   0.0000000E+00
   0.6000000E+01   0.1527652E+02   0.7151658E-01   0.6549489E+02   0.4098405E+00   0.5186430E+00   0.3055303E+02   0.0000000E+00
   0.3000000E+01   0.1573075E+02   0.4048321E-01   0.6485015E+02   0.4707655E+00   0.4887513E+00   0.3146150E+02   0.0000000E+00
   0.3000000E+01   0.1568713E+02   0.2745795E+00   0.8170416E+02   0.3632798E+00   0.3621407E+00   0.3137427E+02   0.0000000E+00
   0.3000000E+01   0.1324481E+02   0.1723228E+00   0.4543030E+02   0.4594982E+00   0.3681790E+00   0.2648962E+02   0.0000000E+00
   0.1000000E+01   0.1241070E+02   0.2584827E+00   0.3032461E+02   0.1977704E+00   0.5437469E+00   0.2482139E+02   0.0000000E+00
   0.2000000E+01   0.1374430E+02   0.5261309E+00   0.6010280E+02  -0.3094301E+00   0.7832992E+00   0.2748859E+02   0.0000000E+00
   0.1000000E+01   0.1380832E+02   0.4984333E+00   0.6519304E+02  -0.2373907E+00   0.7389575E+00   0.2761664E+02   0.0000000E+00
   0.3000000E+01   0.1234470E+02   0.4281047E+00   0.7073040E+02  -0.1842630E+00   0.7561583E+00   0.2468940E+02   0.0000000E+00
   0.2000000E+01   0.1237260E+02   0.2335282E+00   0.6477621E+02   0.2009224E+00   0.5655495E+00   0.2474519E+02   0.0000000E+00
   0.1000000E+01   0.1232866E+02   0.2519042E+00   0.5658277E+02   0.1571314E+00   0.5909644E+00   0.2465732E+02   0.0000000E+00
   0.3000000E+01   0.1232358E+02   0.2646488E+00   0.5528467E+02   0.1667860E+00   0.5685652E+00   0.2464717E+02   0.0000000E+00
   0.4000000E+01   0.1256042E+02   0.3855677E+00   0.8568540E+02  -0.2096366E+00   0.8240689E+00   0.2512084E+02   0.0000000E+00
   0.1000000E+01   0.1260851E+02   0.4310412E+00   0.5376001E+02  -0.3151571E+00   0.8841159E+00   0.2521701E+02   0.0000000E+00
   0.3000000E+01   0.1233579E+02   0.4421727E+00   0.5161284E+02  -0.2215775E+00   0.7794048E+00   0.2467159E+02   0.0000000E+00
   0.1000000E+01   0.1223462E+02   0.3443831E+00   0.5190793E+02  -0.7009043E-01   0.7257073E+00   0.2446924E+02   0.0000000E+00
   0.2000000E+01   0.1220908E+02   0.3218798E+00   0.6972453E+02  -0.3790510E-02   0.6819107E+00   0.2441815E+02   0.0000000E+00
   0.2000000E+01   0.1218539E+02   0.3302174E+00   0.6853812E+02  -0.7150086E-02   0.6769327E+00   0.2437078E+02   0.0000000E+00
   0.1000000E+01   0.1218572E+02   0.3371748E+00   0.5877333E+02  -0.3323679E-01   0.6960620E+00   0.2437143E+02   0.0000000E+00
   0.1000000E+01   0.1233237E+02   0.3469306E+00   0.6839921E+02  -0.9424728E-01   0.7473167E+00   0.2466473E+02   0.0000000E+00
   0.2000000E+01   0.1294395E+02   0.2444574E+00   0.6421134E+02   0.9546310E-01   0.6600795E+00   0.2588790E+02   0.0000000E+00
   0.2000000E+01   0.1316774E+02   0.1239142E+00   0.4742783E+02   0.3881505E+00   0.4879353E+00   0.2633548E+02   0.0000000E+00
   0.3000000E+01   0.1421058E+02   0.1405295E+00   0.3156211E+02   0.2808286E+00   0.5786419E+00   0.2842116E+02   0.0000000E+00
   0.4000000E+01   0.1428355E+02   0.1396558E+00   0.3066460E+02   0.2796321E+00   0.5807121E+00   0.2856711E+02   0.0000000E+00
   0.1000000E+01   0.1550369E+02   0.5294068E-01   0.5748355E+02   0.4476778E+00   0.4993815E+00   0.3100738E+02   0.0000000E+00
   0.1000000E+01   0.1451016E+02   0.5227659E-01   0.5800249E+02   0.4901542E+00   0.4575692E+00   0.2902031E+02   0.0000000E+00
   0.8000000E+01   0.1452264E+02   0.5079029E-01   0.5782476E+02   0.4933524E+00   0.4558574E+00   0.2904528E+02   0.0000000E+00
   0.2000000E+01   0.1392026E+02   0.1442998E+00   0.6796217E+02   0.2864118E+00   0.5692884E+00   0.2784053E+02   0.0000000E+00
   0.3000000E+01   0.1359823E+02   0.1658619E+00   0.6013862E+02   0.2495560E+00   0.5845820E+00   0.2719645E+02   0.0000000E+00
   0.4000000E+01   0.1383295E+02   0.1623449E+00   0.6308451E+02   0.2457445E+00   0.5919106E+00   0.2766591E+02   0.0000000E+00
   0.3000000E+01   0.1397350E+02   0.1612086E+00   0.5616552E+02   0.2415021E+00   0.5972893E+00   0.2794700E+02   0.0000000E+00
   0.1000000E+01   0.1333820E+02   0.9466111E-01   0.5704264E+02   0.4524832E+00   0.4528557E+00   0.2667641E+02   0.0000000E+00
   0.1000000E+01   0.1333975E+02   0.1067870E+00   0.8026007E+02   0.4197559E+00   0.4734571E+00   0.2667949E+02   0.0000000E+00
   0.3000000E+01   0.1431238E+02   0.5842715E-01   0.9522197E+02   0.4844716E+00   0.4571012E+00   0.2862475E+02   0.0000000E+00
   0.2000000E+01   0.1432201E+02   0.6953812E-01   0.8618332E+02   0.4554713E+00   0.4749906E+00   0.2864401E+02   0.0000000E+00
   0.2000000E+01   0.1368426E+02   0.1517690E+00   0.9029620E+02   0.2803501E+00   0.5678809E+00   0.2736853E+02   0.0000000E+00
   0.3000000E+01   0.1511285E+02   0.1628161E+00   0.8289622E+02   0.1917303E+00   0.6454535E+00   0.3022570E+02   0.0000000E+00
   0.1000000E+01   0.1335597E+02   0.3406669E+00   0.5990151E+02  -0.1599642E+00   0.8192973E+00   0.2671194E+02   0.0000000E+00
   0.1000000E+01   0.1305061E+02   0.2124231E+00   0.2687240E+02   0.1661559E+00   0.6214210E+00   0.2610122E+02   0.0000000E+00
   0.1000000E+01   0.1255316E+02   0.4449337E+00   0.6042000E+02  -0.1983219E+00   0.7533883E+00   0.2510631E+02   0.0000000E+00
   0.2000000E+01   0.1230877E+02   0.3808439E+00   0.7878218E+02  -0.7664008E-01   0.6957961E+00   0.2461755E+02   0.0000000E+00
   0.3000000E+01   0.1224275E+02   0.2864995E+00   0.3705930E+02   0.9425574E-01   0.6192448E+00   0.2448551E+02   0.0000000E+00
   0.1000000E+01   0.1231729E+02   0.2517012E+00   0.3077756E+02   0.1638417E+00   0.5844571E+00   0.2463457E+02   0.0000000E+00
   0.1000000E+01   0.1228771E+02   0.2655738E+00   0.2716879E+02   0.1488339E+00   0.5855923E+00   0.2457542E+02   0.0000000E+00
   0.1000000E+01   0.1277394E+02   0.1957294E+00   0.3628318E+02   0.3690152E+00   0.4352555E+00   0.2554787E+02   0.0000000E+00
   0.1000000E+01   0.1277048E+02   0.2182810E+00   0.6359025E+02   0.3251811E+00   0.4565380E+00   0.2554095E+02   0.0000000E+00
   0.1000000E+01   0.1235360E+02   0.3073003E+00   0.6286569E+02   0.9190947E-01   0.6007902E+00   0.2470720E+02   0.0000000E+00
   0.1000000E+01   0.1283482E+02   0.3535494E+00   0.6025113E+02   0.4197248E-01   0.6044781E+00   0.2566964E+02   0.0000000E+00
   0.2000000E+01   0.1220940E+02   0.3638735E+00   0.7053137E+02  -0.5925140E-01   0.6953779E+00   0.2441881E+02   0.0000000E+00
   0.1000000E+01   0.1229628E+02   0.4244221E+00   0.6997881E+02  -0.1837617E+00   0.7593397E+00   0.2459256E+02   0.0000000E+00
   0.3000000E+01   0.1265062E+02   0.4551099E+00   0.6291636E+02  -0.3705178E+00   0.9154079E+00   0.2530124E+02   0.0000000E+00
   0.2000000E+01   0.1247683E+02   0.4154462E+00   0.7148039E+02  -0.1352391E+00   0.7197929E+00   0.2495365E+02   0.0000000E+00
   0.1000000E+01   0.1228368E+02   0.3036538E+00   0.7058122E+02   0.8553830E-01   0.6108079E+00   0.2456736E+02   0.0000000E+00
   0.3000000E+01   0.1258646E+02   0.4290565E+00   0.6849770E+02  -0.1559467E+00   0.7268902E+00   0.2517292E+02   0.0000000E+00
   0.1000000E+01   0.1251723E+02   0.3631023E+00   0.5214434E+02  -0.8907982E-02   0.6458057E+00   0.2503446E+02   0.0000000E+00
   0.3000000E+01   0.1327400E+02   0.5200791E+00   0.2975226E+02  -0.3252456E+00   0.8051665E+00   0.2654799E+02   0.0000000E+00
   0.1000000E+01   0.1287640E+02   0.5387682E+00   0.9166746E+02  -0.4056378E+00   0.8668695E+00   0.2575281E+02   0.0000000E+00
   0.2000000E+01   0.1301361E+02   0.5263461E+00   0.9221401E+02  -0.3601728E+00   0.8338268E+00   0.2602721E+02   0.0000000E+00
   0.4000000E+01   0.1223115E+02   0.4474172E+00   0.9281457E+02  -0.2674421E+00   0.8200248E+00   0.2446230E+02   0.0000000E+00
   0.2000000E+01   0.1220450E+02   0.3479176E+00   0.8181012E+02  -0.2612692E-01   0.6782093E+00   0.2440900E+02   0.0000000E+00
   0.1000000E+01   0.1294534E+02   0.2013063E+00   0.8581079E+02   0.2042496E+00   0.5944441E+00   0.2589068E+02   0.0000000E+00
   0.1000000E+01   0.1284595E+02   0.1790738E+00   0.8368231E+02   0.2716966E+00   0.5492296E+00   0.2569189E+02   0.0000000E+00
   0.3000000E+01   0.1303448E+02   0.1527640E+00   0.8986704E+02   0.3233829E+00   0.5238532E+00   0.2606896E+02   0.0000000E+00
   0.2000000E+01   0.1267013E+02   0.1791527E+00   0.8177427E+02   0.2940404E+00   0.5268069E+00   0.2534025E+02   0.0000000E+00
   0.2000000E+01   0.1283695E+02   0.1804687E+00   0.7712926E+02   0.2688821E+00   0.5506492E+00   0.2567389E+02   0.0000000E+00
   0.5000000E+01   0.1267503E+02   0.1630697E+00   0.7200988E+02   0.3410702E+00   0.4958600E+00   0.2535007E+02   0.0000000E+00
   0.3000000E+01   0.1223936E+02   0.2953778E+00   0.6593596E+02   0.8515528E-01   0.6194669E+00   0.2447872E+02   0.0000000E+00
   0.3000000E+01   0.1224410E+02   0.2966098E+00   0.6249854E+02   0.8579114E-01   0.6175990E+00   0.2448821E+02   0.0000000E+00
   0.2000000E+01   0.1283926E+02   0.4542427E+00   0.5532038E+02  -0.1938900E+00   0.7396474E+00   0.2567852E+02   0.0000000E+00
   0.1000000E+01   0.1267572E+02   0.4233987E+00   0.2676785E+02  -0.1349339E+00   0.7115352E+00   0.2535144E+02   0.0000000E+00
   0.3000000E+01   0.1219924E+02   0.3214124E+00   0.2104804E+02   0.2052362E-01   0.6580640E+00   0.2439848E+02   0.0000000E+00
   0.6000000E+01   0.1218703E+02   0.3932333E+00   0.8138665E+02  -0.1359485E+00   0.7427152E+00   0.2437406E+02   0.0000000E+00
   0.3000000E+01   0.1218429E+02   0.3763676E+00   0.6796777E+02  -0.1298879E+00   0.7535203E+00   0.2436857E+02   0.0000000E+00
   0.3000000E+01   0.1217038E+02   0.3856792E+00   0.7245364E+02  -0.1411504E+00   0.7554712E+00   0.2434076E+02   0.0000000E+00
   0.1000000E+01   0.1218564E+02   0.3863547E+00   0.6944839E+02  -0.1197716E+00   0.7334169E+00   0.2437127E+02   0.0000000E+00
   0.1000000E+01   0.1228119E+02   0.4699390E+00   0.5877439E+02  -0.3146534E+00   0.8447144E+00   0.2456237E+02   0.0000000E+00
   0.6000000E+01   0.1279459E+02   0.3002843E+00   0.2333064E+02  -0.3157201E-01   0.7312878E+00   0.2558917E+02   0.0000000E+00
   0.1000000E+01   0.1241560E+02   0.2307500E+00   0.5379864E+02   0.1938132E+00   0.5754368E+00   0.2483120E+02   0.0000000E+00
   0.3000000E+01   0.1282944E+02   0.2764198E+00   0.8937434E+02   0.2110138E+00   0.5125664E+00   0.2565888E+02   0.0000000E+00
   0.2000000E+01   0.1359436E+02   0.2978079E+00   0.5404031E+02   0.2166358E+00   0.4855564E+00   0.2718873E+02   0.0000000E+00
   0.4000000E+01   0.1339893E+02   0.3187123E+00   0.5302433E+02   0.1587805E+00   0.5225072E+00   0.2679787E+02   0.0000000E+00
   0.3000000E+01   0.1310488E+02   0.3318244E+00   0.6546182E+02   0.1107331E+00   0.5574425E+00   0.2620975E+02   0.0000000E+00
   0.1000000E+01   0.1317468E+02   0.3291432E+00   0.6497971E+02   0.1214287E+00   0.5494281E+00   0.2634936E+02   0.0000000E+00
   0.3000000E+01   0.1297511E+02   0.2204052E+00   0.8087757E+02   0.3403648E+00   0.4392300E+00   0.2595022E+02   0.0000000E+00
   0.3000000E+01   0.1281333E+02   0.4212830E+00   0.8488718E+02  -0.1164865E+00   0.6952035E+00   0.2562666E+02   0.0000000E+00
   0.3000000E+01   0.1255857E+02   0.3971115E+00   0.6519309E+02  -0.8284172E-01   0.6857302E+00   0.2511715E+02   0.0000000E+00
   0.1000000E+01   0.1235819E+02   0.3473119E+00   0.6452813E+02   0.6832899E-02   0.6458552E+00   0.2471639E+02   0.0000000E+00
   0.3000000E+01   0.1238627E+02   0.3376840E+00   0.7668544E+02   0.3210909E-01   0.6302069E+00   0.2477253E+02   0.0000000E+00
   0.1000000E+01   0.1273667E+02   0.3639914E+00   0.8218714E+02   0.1030815E-01   0.6257005E+00   0.2547333E+02   0.0000000E+00
   0.1000000E+01   0.1252514E+02   0.3529887E+00   0.6618274E+02   0.1491817E-01   0.6320932E+00   0.2505027E+02   0.0000000E+00
   0.2000000E+01   0.1247085E+02   0.3535466E+00   0.6664049E+02   0.7594555E-02   0.6388589E+00   0.2494169E+02   0.0000000E+00
   0.1000000E+01   0.1255468E+02   0.3248271E+00   0.5893941E+02   0.8043480E-01   0.5947381E+00   0.2510936E+02   0.0000000E+00
   0.9000000E+01   0.1274970E+02   0.1303345E+00   0.8200983E+02   0.4685358E+00   0.4011297E+00   0.2549940E+02   0.0000000E+00
   0.3000000E+01   0.1233868E+02   0.3064460E+00   0.8847205E+02   0.3795729E-02   0.6897583E+00   0.2467736E+02   0.0000000E+00
   0.1000000E+01   0.1246240E+02   0.2964622E+00   0.7994276E+02   0.1116670E-01   0.6923711E+00   0.2492480E+02   0.0000000E+00
   0.1000000E+01   0.1289471E+02   0.2725063E+00   0.8418345E+02   0.3024870E-01   0.6972450E+00   0.2578941E+02   0.0000000E+00
   0.1000000E+01   0.1257484E+02   0.2640978E+00   0.8963419E+02   0.7933769E-01   0.6565645E+00   0.2514967E+02   0.0000000E+00
   0.1000000E+01   0.1291994E+02   0.1049871E+00   0.5670477E+02   0.4755936E+00   0.4194193E+00   0.2583989E+02   0.0000000E+00
   0.3000000E+01   0.1282222E+02   0.1186717E+00   0.5519443E+02   0.4527783E+00   0.4285500E+00   0.2564443E+02   0.0000000E+00
   0.3000000E+01   0.1265785E+02   0.1476891E+00   0.5240286E+02   0.4175346E+00   0.4347763E+00   0.2531571E+02   0.0000000E+00
   0.3000000E+01   0.1268904E+02   0.1723302E+00   0.7595552E+02   0.3996370E+00   0.4280328E+00   0.2537808E+02   0.0000000E+00
   0.3000000E+01   0.1286969E+02   0.1568702E+00   0.3274987E+02   0.3282482E+00   0.5148816E+00   0.2573938E+02   0.0000000E+00
   0.1000000E+01   0.1243621E+02   0.2104381E+00   0.3287053E+02   0.2542201E+00   0.5353419E+00   0.2487243E+02   0.0000000E+00
   0.1000000E+01   0.1254452E+02   0.2283745E+00   0.3986552E+02   0.2770009E+00   0.4946246E+00   0.2508905E+02   0.0000000E+00
   0.3000000E+01   0.1225997E+02   0.3775017E+00   0.5214196E+02  -0.7811857E-01   0.7006169E+00   0.2451994E+02   0.0000000E+00
   0.1000000E+01   0.1269716E+02   0.2723924E+00   0.6513798E+02   0.4636994E-01   0.6812377E+00   0.2539431E+02   0.0000000E+00
   0.3000000E+01   0.1234137E+02   0.3185475E+00   0.8488861E+02  -0.2684169E-01   0.7082942E+00   0.2468275E+02   0.0000000E+00
   0.4000000E+01   0.1219530E+02   0.3779906E+00   0.9346338E+02  -0.9592064E-01   0.7179301E+00   0.2439061E+02   0.0000000E+00
   0.1000000E+01   0.1219437E+02   0.3370800E+00   0.7959395E+02  -0.3809561E-01   0.7010156E+00   0.2438874E+02   0.0000000E+00
   0.1000000E+01   0.1219036E+02   0.3411059E+00   0.7922727E+02  -0.4673511E-01   0.7056292E+00   0.2438071E+02   0.0000000E+00
   0.3000000E+01   0.1217824E+02   0.3392196E+00   0.7783358E+02  -0.2737938E-01   0.6881597E+00   0.2435649E+02   0.0000000E+00
   0.1000000E+01   0.1220357E+02   0.3519252E+00   0.7924007E+02  -0.3495882E-01   0.6830336E+00   0.2440715E+02   0.0000000E+00
   0.1000000E+01   0.1221736E+02   0.3612221E+00   0.7595768E+02  -0.5101340E-01   0.6897913E+00   0.2443471E+02   0.0000000E+00
   0.2000000E+01   0.1243386E+02   0.5261276E+00   0.8511248E+02  -0.4536172E+00   0.9274895E+00   0.2486772E+02   0.0000000E+00
   0.4000000E+01   0.1246560E+02   0.5247289E+00   0.9092313E+02  -0.4760075E+00   0.9512787E+00   0.2493120E+02   0.0000000E+00
   0.1000000E+01   0.1225802E+02   0.4265205E+00   0.8613676E+02  -0.2582292E+00   0.8317087E+00   0.2451605E+02   0.0000000E+00
   0.2000000E+01   0.1380175E+02   0.3930967E+00   0.8344649E+02  -0.3014668E+00   0.9083701E+00   0.2760349E+02   0.0000000E+00
   0.2000000E+01   0.1245427E+02   0.2111288E+00   0.5345049E+02   0.2446815E+00   0.5441897E+00   0.2490853E+02   0.0000000E+00
   0.4000000E+01   0.1254241E+02   0.4184824E+00   0.2998726E+02  -0.1361510E+00   0.7176686E+00   0.2508483E+02   0.0000000E+00
   0.1000000E+01   0.1217442E+02   0.3897778E+00   0.3239001E+02  -0.1358664E+00   0.7460887E+00   0.2434884E+02   0.0000000E+00
   0.4000000E+01   0.1218812E+02   0.3519060E+00   0.4044551E+02  -0.4147894E-01   0.6895729E+00   0.2437623E+02   0.0000000E+00
   0.4000000E+01   0.1219080E+02   0.3381933E+00   0.4983389E+02  -0.1262045E-01   0.6744272E+00   0.2438160E+02   0.0000000E+00
   0.3000000E+01   0.1308923E+02   0.3416672E+00   0.2980010E+02   0.8670382E-01   0.5716290E+00   0.2617845E+02   0.0000000E+00
   0.4000000E+01   0.1226846E+02   0.4682701E+00   0.3387832E+02  -0.3202636E+00   0.8519936E+00   0.2453693E+02   0.0000000E+00
   0.2000000E+01   0.1229306E+02   0.4781046E+00   0.3619284E+02  -0.3537956E+00   0.8756910E+00   0.2458612E+02   0.0000000E+00
   0.2000000E+01   0.1265294E+02   0.5340962E+00   0.5190651E+02  -0.4199338E+00   0.8858376E+00   0.2530588E+02   0.0000000E+00
   0.1000000E+01   0.1264572E+02   0.5429911E+00   0.5564123E+02  -0.4467280E+00   0.9037370E+00   0.2529144E+02   0.0000000E+00
   0.1000000E+01   0.1234166E+02   0.4691416E+00   0.6164768E+02  -0.2921746E+00   0.8230330E+00   0.2468332E+02   0.0000000E+00
   0.4000000E+01   0.1229836E+02   0.4489274E+00   0.5390075E+02  -0.3115851E+00   0.8626577E+00   0.2459673E+02   0.0000000E+00
   0.4000000E+01   0.1232009E+02   0.4754696E+00   0.6244157E+02  -0.3637525E+00   0.8882829E+00   0.2464018E+02   0.0000000E+00
   0.1000000E+01   0.1280546E+02   0.4570329E+00   0.6368289E+02  -0.3876117E+00   0.9305788E+00   0.2561092E+02   0.0000000E+00
   0.4000000E+01   0.1318266E+02   0.3377781E+00   0.2929253E+02  -0.1448031E+00   0.8070249E+00   0.2636533E+02   0.0000000E+00
   0.1000000E+01   0.1231040E+02   0.3686438E+00   0.2350965E+02  -0.1434776E+00   0.7748337E+00   0.2462081E+02   0.0000000E+00
   0.2000000E+01   0.1238836E+02   0.2283726E+00   0.6156606E+02   0.2400452E+00   0.5315821E+00   0.2477671E+02   0.0000000E+00
   0.1000000E+01   0.1220008E+02   0.4235173E+00   0.4417487E+02  -0.2117851E+00   0.7882679E+00   0.2440016E+02   0.0000000E+00
   0.1000000E+01   0.1252814E+02   0.3923124E+00   0.4542716E+02  -0.2221427E+00   0.8298303E+00   0.2505628E+02   0.0000000E+00
   0.4000000E+01   0.1266107E+02   0.3373856E+00   0.2389593E+02  -0.1090167E+00   0.7716311E+00   0.2532214E+02   0.0000000E+00
   0.1000000E+01   0.1246965E+02   0.2153086E+00   0.2179970E+02   0.2844733E+00   0.5002182E+00   0.2493929E+02   0.0000000E+00
   0.7000000E+01   0.1267044E+02   0.2936972E+00   0.2294669E+02   0.1579713E+00   0.5483315E+00   0.2534087E+02   0.0000000E+00
   0.3000000E+01   0.1264797E+02   0.2231324E+00   0.2911152E+02   0.3008402E+00   0.4760274E+00   0.2529594E+02   0.0000000E+00
   0.6000000E+01   0.1287436E+02   0.1679807E+00   0.8116679E+02   0.4333256E+00   0.3986937E+00   0.2574873E+02   0.0000000E+00
   0.1000000E+01   0.1243610E+02   0.2899352E+00   0.7146663E+02   0.1404448E+00   0.5696200E+00   0.2487220E+02   0.0000000E+00
   0.5000000E+01   0.1236792E+02   0.3725906E+00   0.6416309E+02  -0.1590806E+00   0.7864900E+00   0.2473585E+02   0.0000000E+00
   0.1000000E+01   0.1250649E+02   0.3339988E+00   0.4143014E+02  -0.8529996E-01   0.7513012E+00   0.2501298E+02   0.0000000E+00
   0.2000000E+01   0.1257507E+02   0.3749541E+00   0.3960539E+02  -0.1873916E+00   0.8124375E+00   0.2515014E+02   0.0000000E+00
   0.3000000E+01   0.1253931E+02   0.4674885E+00   0.2723833E+02  -0.2577243E+00   0.7902358E+00   0.2507862E+02   0.0000000E+00
   0.1000000E+01   0.1257838E+02   0.4673510E+00   0.2734896E+02  -0.2527485E+00   0.7853976E+00   0.2515677E+02   0.0000000E+00
   0.2000000E+01   0.1268033E+02   0.4873114E+00   0.2984208E+02  -0.2921657E+00   0.8048543E+00   0.2536066E+02   0.0000000E+00
   0.2000000E+01   0.1262364E+02   0.4810631E+00   0.3148514E+02  -0.2821737E+00   0.8011106E+00   0.2524729E+02   0.0000000E+00
   0.1000000E+01   0.1249876E+02   0.4700147E+00   0.2526292E+02  -0.2696436E+00   0.7996289E+00   0.2499751E+02   0.0000000E+00
   0.7000000E+01   0.1238459E+02   0.5112400E+00   0.2945753E+02  -0.4245818E+00   0.9133418E+00   0.2476917E+02   0.0000000E+00
   0.1000000E+01   0.1247734E+02   0.5316295E+00   0.4066315E+02  -0.4503510E+00   0.9187214E+00   0.2495467E+02   0.0000000E+00
   0.1000000E+01   0.1232155E+02   0.4845559E+00   0.4274743E+02  -0.3456272E+00   0.8610713E+00   0.2464311E+02   0.0000000E+00
   0.6000000E+01   0.1235276E+02   0.4761433E+00   0.4683900E+02  -0.3736914E+00   0.8975481E+00   0.2470552E+02   0.0000000E+00
   0.3000000E+01   0.1235076E+02   0.4741253E+00   0.4688925E+02  -0.3696998E+00   0.8955745E+00   0.2470152E+02   0.0000000E+00
   0.2000000E+01   0.1269236E+02   0.5112483E+00   0.2973609E+02  -0.4896480E+00   0.9783998E+00   0.2538473E+02   0.0000000E+00
   0.2000000E+01   0.1254622E+02   0.3118941E+00   0.5903833E+02  -0.3602445E-01   0.7241303E+00   0.2509244E+02   0.0000000E+00
   0.1000000E+01   0.1265352E+02   0.3726960E+00   0.4433699E+02  -0.1733837E-01   0.6446424E+00   0.2530703E+02   0.0000000E+00
   0.2000000E+01   0.1329357E+02   0.4732823E+00   0.6543630E+02  -0.2068449E+00   0.7335626E+00   0.2658715E+02   0.0000000E+00
   0.1000000E+01   0.1278519E+02   0.4405536E+00   0.6161537E+02  -0.1651593E+00   0.7246058E+00   0.2557038E+02   0.0000000E+00
   0.1000000E+01   0.1269252E+02   0.4695545E+00   0.6266096E+02  -0.2449059E+00   0.7753514E+00   0.2538503E+02   0.0000000E+00
   0.1000000E+01   0.1248409E+02   0.4342104E+00   0.7731047E+02  -0.1798345E+00   0.7456241E+00   0.2496817E+02   0.0000000E+00
   0.3000000E+01   0.1225100E+02   0.3954868E+00   0.8387941E+02  -0.1220615E+00   0.7265747E+00   0.2450200E+02   0.0000000E+00
   0.1000000E+01   0.1239555E+02   0.5101356E+00   0.7002213E+02  -0.4350702E+00   0.9249346E+00   0.2479110E+02   0.0000000E+00
   0.2000000E+01   0.1219034E+02   0.4198503E+00   0.3234462E+02  -0.2159156E+00   0.7960652E+00   0.2438068E+02   0.0000000E+00
   0.1000000E+01   0.1241114E+02   0.4823216E+00   0.3333965E+02  -0.3151692E+00   0.8328475E+00   0.2482228E+02   0.0000000E+00
   0.1000000E+01   0.1264508E+02   0.4304732E+00   0.2334889E+02  -0.1553321E+00   0.7248590E+00   0.2529016E+02   0.0000000E+00
   0.2000000E+01   0.1336364E+02   0.3444607E+00   0.6113723E+02   0.9900792E-01   0.5565314E+00   0.2672728E+02   0.0000000E+00
   0.1000000E+01   0.1352664E+02   0.4515120E+00   0.9835047E+02  -0.1398015E+00   0.6882895E+00   0.2705328E+02   0.0000000E+00
   0.1000000E+01   0.1225242E+02   0.4036405E+00   0.9415704E+02  -0.2093734E+00   0.8057329E+00   0.2450484E+02   0.0000000E+00
   0.3000000E+01   0.1230826E+02   0.4148233E+00   0.9532639E+02  -0.2439592E+00   0.8291360E+00   0.2461651E+02   0.0000000E+00
   0.2000000E+01   0.1385464E+02   0.1247584E+00   0.9232850E+02   0.3392340E+00   0.5360076E+00   0.2770929E+02   0.0000000E+00
   0.1000000E+01   0.1338418E+02   0.1241439E+00   0.8208714E+02   0.3702650E+00   0.5055911E+00   0.2676836E+02   0.0000000E+00
   0.1000000E+01   0.1315902E+02   0.2171349E+00   0.8162457E+02   0.1483818E+00   0.6344833E+00   0.2631804E+02   0.0000000E+00
   0.5000000E+01   0.1225440E+02   0.2802012E+00   0.4119378E+02   0.1093600E+00   0.6104388E+00   0.2450880E+02   0.0000000E+00
   0.1000000E+01   0.1305795E+02   0.5096823E+00   0.4686134E+02  -0.3142444E+00   0.8045621E+00   0.2611590E+02   0.0000000E+00
   0.1000000E+01   0.1280912E+02   0.5096079E+00   0.6226049E+02  -0.3355538E+00   0.8259459E+00   0.2561825E+02   0.0000000E+00
   0.1000000E+01   0.1255125E+02   0.5415045E+00   0.5584578E+02  -0.4611270E+00   0.9196225E+00   0.2510250E+02   0.0000000E+00
   0.5000000E+01   0.1243554E+02   0.5155441E+00   0.7396191E+02  -0.4072382E+00   0.8916941E+00   0.2487108E+02   0.0000000E+00
   0.1000000E+01   0.1244984E+02   0.5206950E+00   0.7754478E+02  -0.4200444E+00   0.8993494E+00   0.2489968E+02   0.0000000E+00
   0.5000000E+01   0.1246643E+02   0.5324519E+00   0.7707012E+02  -0.4583342E+00   0.9258823E+00   0.2493285E+02   0.0000000E+00
   0.1000000E+01   0.1240252E+02   0.5050093E+00   0.8043904E+02  -0.4318858E+00   0.9268764E+00   0.2480504E+02   0.0000000E+00
   0.1000000E+01   0.1237169E+02   0.4890107E+00   0.9620412E+02  -0.3418691E+00   0.8528583E+00   0.2474339E+02   0.0000000E+00
   0.2000000E+01   0.1240260E+02   0.4854087E+00   0.9372365E+02  -0.3243592E+00   0.8389505E+00   0.2480520E+02   0.0000000E+00
   0.5000000E+01   0.1251944E+02   0.4867824E+00   0.9474656E+02  -0.3088426E+00   0.8220602E+00   0.2503888E+02   0.0000000E+00
   0.5000000E+01   0.1303919E+02   0.2764198E+00   0.5510872E+02   0.1051835E-01   0.7130618E+00   0.2607837E+02   0.0000000E+00
   0.1000000E+01   0.1234215E+02   0.3790136E+00   0.3890644E+02  -0.6764378E-01   0.6886301E+00   0.2468430E+02   0.0000000E+00
   0.3000000E+01   0.1310859E+02   0.1503450E+00   0.4219306E+02   0.4907957E+00   0.3588594E+00   0.2621717E+02   0.0000000E+00
   0.1000000E+01   0.1404283E+02   0.2399790E+00   0.5828981E+02   0.3673587E+00   0.3926623E+00   0.2808566E+02   0.0000000E+00
   0.1000000E+01   0.1343676E+02   0.2141362E+00   0.6363061E+02   0.3875211E+00   0.3983427E+00   0.2687353E+02   0.0000000E+00
   0.3000000E+01   0.1310381E+02   0.2141533E+00   0.5448821E+02   0.3635930E+00   0.4222538E+00   0.2620763E+02   0.0000000E+00
   0.2000000E+01   0.1333634E+02   0.9203874E-01   0.5514478E+02   0.4597871E+00   0.4481741E+00   0.2667268E+02   0.0000000E+00
   0.2000000E+01   0.1268982E+02   0.1682732E+00   0.4964782E+02   0.3220832E+00   0.5096436E+00   0.2537964E+02   0.0000000E+00
   0.2000000E+01   0.1266358E+02   0.1724056E+00   0.5152522E+02   0.3145793E+00   0.5130151E+00   0.2532716E+02   0.0000000E+00
   0.1000000E+01   0.1239972E+02   0.2190780E+00   0.2834263E+02   0.2465574E+00   0.5343646E+00   0.2479944E+02   0.0000000E+00
   0.4000000E+01   0.1273072E+02   0.2286955E+00   0.3607203E+02   0.2997926E+00   0.4715119E+00   0.2546144E+02   0.0000000E+00
   0.5000000E+01   0.1257001E+02   0.2144762E+00   0.2188979E+02   0.2074268E+00   0.5780970E+00   0.2514003E+02   0.0000000E+00
   0.1000000E+01   0.1361227E+02   0.2244289E+00   0.3493249E+02   0.3762781E+00   0.3992930E+00   0.2722455E+02   0.0000000E+00
   0.1000000E+01   0.1253003E+02   0.3948173E+00   0.4535628E+02  -0.8073974E-01   0.6859224E+00   0.2506006E+02   0.0000000E+00
   0.2000000E+01   0.1294902E+02   0.2192073E+00   0.4785139E+02   0.1579948E+00   0.6227978E+00   0.2589804E+02   0.0000000E+00
   0.4000000E+01   0.1278386E+02   0.2294628E+00   0.9042278E+02   0.3043118E+00   0.4662254E+00   0.2556773E+02   0.0000000E+00
   0.6000000E+01   0.1257411E+02   0.2273325E+00   0.9306677E+02   0.2837372E+00   0.4889302E+00   0.2514822E+02   0.0000000E+00
   0.1000000E+01   0.1242882E+02   0.2284295E+00   0.7357914E+02   0.2545620E+00   0.5170086E+00   0.2485764E+02   0.0000000E+00
   0.1000000E+01   0.1262010E+02   0.2343830E+00   0.7109112E+02   0.2762241E+00   0.4893929E+00   0.2524021E+02   0.0000000E+00
   0.2000000E+01   0.1354407E+02   0.3348143E+00   0.8008182E+02   0.1314929E+00   0.5336929E+00   0.2708814E+02   0.0000000E+00
   0.2000000E+01   0.1372335E+02   0.3785962E+00   0.6230104E+02   0.4179204E-01   0.5796118E+00   0.2744670E+02   0.0000000E+00
   0.3000000E+01   0.1361677E+02   0.2865044E+00   0.7569208E+02   0.2429689E+00   0.4705267E+00   0.2723355E+02   0.0000000E+00
   0.2000000E+01   0.1238341E+02   0.3135023E+00   0.7536596E+02   0.8371115E-01   0.6027865E+00   0.2476682E+02   0.0000000E+00
   0.1000000E+01   0.1239815E+02   0.4265748E+00   0.7380694E+02  -0.1723252E+00   0.7457503E+00   0.2479629E+02   0.0000000E+00
   0.1000000E+01   0.1228146E+02   0.4201914E+00   0.7330408E+02  -0.1761278E+00   0.7559363E+00   0.2456292E+02   0.0000000E+00
   0.4000000E+01   0.1230502E+02   0.4093613E+00   0.3733457E+02  -0.1455504E+00   0.7361891E+00   0.2461004E+02   0.0000000E+00
   0.1000000E+01   0.1225730E+02   0.4017329E+00   0.4199270E+02  -0.1362183E+00   0.7344854E+00   0.2451459E+02   0.0000000E+00
   0.2000000E+01   0.1271422E+02   0.1609938E+00   0.2567746E+02   0.3375999E+00   0.5014063E+00   0.2542843E+02   0.0000000E+00
   0.2000000E+01   0.1262838E+02   0.2315090E+00   0.6447549E+02   0.1568864E+00   0.6116046E+00   0.2525676E+02   0.0000000E+00
   0.4000000E+01   0.1226785E+02   0.4469256E+00   0.5552155E+02  -0.2496493E+00   0.8027236E+00   0.2453571E+02   0.0000000E+00
   0.1000000E+01   0.1226070E+02   0.3136084E+00   0.6144313E+02   0.6018763E-01   0.6262040E+00   0.2452139E+02   0.0000000E+00
   0.1000000E+01   0.1243560E+02   0.3040100E+00   0.4275307E+02   0.1107791E+00   0.5852109E+00   0.2487119E+02   0.0000000E+00
   0.2000000E+01   0.1228399E+02   0.2669325E+00   0.3570865E+02   0.1289393E+00   0.6041283E+00   0.2456798E+02   0.0000000E+00
   0.1000000E+01   0.1233011E+02   0.4786333E+00   0.2064840E+02  -0.3730074E+00   0.8943740E+00   0.2466022E+02   0.0000000E+00
   0.2000000E+01   0.1236287E+02   0.4718155E+00   0.2030450E+02  -0.3696949E+00   0.8978795E+00   0.2472574E+02   0.0000000E+00
   0.3000000E+01   0.1236204E+02   0.4670187E+00   0.2075666E+02  -0.3606184E+00   0.8935997E+00   0.2472408E+02   0.0000000E+00
   0.2000000E+01   0.1373349E+02   0.4788127E+00   0.4325882E+02  -0.1941419E+00   0.7153292E+00   0.2746697E+02   0.0000000E+00
   0.2000000E+01   0.1246551E+02   0.2098002E+00   0.5843366E+02   0.2454146E+00   0.5447852E+00   0.2493102E+02   0.0000000E+00
   0.1000000E+01   0.1275648E+02   0.1324936E+00   0.5130364E+02   0.4696962E+00   0.3978102E+00   0.2551296E+02   0.0000000E+00
   0.2000000E+01   0.1274508E+02   0.1944430E+00   0.5503749E+02   0.2413789E+00   0.5641781E+00   0.2549017E+02   0.0000000E+00
   0.2000000E+01   0.1318606E+02   0.1709414E+00   0.2596560E+02   0.2615419E+00   0.5675167E+00   0.2637212E+02   0.0000000E+00
   0.3000000E+01   0.1232223E+02   0.3392003E+00   0.3234541E+02  -0.7510665E-01   0.7359063E+00   0.2464445E+02   0.0000000E+00
   0.7000000E+01   0.1263779E+02   0.2230134E+00   0.2333084E+02   0.1758844E+00   0.6011021E+00   0.2527559E+02   0.0000000E+00
   0.1000000E+01   0.1217634E+02   0.3454415E+00   0.3575134E+02  -0.4920475E-01   0.7037633E+00   0.2435269E+02   0.0000000E+00
   0.1000000E+01   0.1252233E+02   0.2090127E+00   0.5063643E+02   0.2335990E+00   0.5573883E+00   0.2504465E+02   0.0000000E+00
   0.2000000E+01   0.1266642E+02   0.1743096E+00   0.4285160E+02   0.3921414E+00   0.4335489E+00   0.2533285E+02   0.0000000E+00
   0.2000000E+01   0.1261530E+02   0.1577860E+00   0.4396903E+02   0.3925758E+00   0.4496382E+00   0.2523061E+02   0.0000000E+00
   0.1000000E+01   0.1248049E+02   0.1941336E+00   0.4147811E+02   0.3065574E+00   0.4993090E+00   0.2496097E+02   0.0000000E+00
   0.2000000E+01   0.1299260E+02   0.1663919E+00   0.3044410E+02   0.2897074E+00   0.5439007E+00   0.2598520E+02   0.0000000E+00
   0.1000000E+01   0.1297864E+02   0.1639111E+00   0.2933916E+02   0.2974595E+00   0.5386294E+00   0.2595729E+02   0.0000000E+00
   0.1000000E+01   0.1285320E+02   0.1923864E+00   0.3197148E+02   0.2345314E+00   0.5730822E+00   0.2570640E+02   0.0000000E+00
   0.4000000E+01   0.1318559E+02   0.1000909E+00   0.6692305E+02   0.4522818E+00   0.4476273E+00   0.2637118E+02   0.0000000E+00
   0.1000000E+01   0.1223590E+02   0.3327486E+00   0.7874257E+02  -0.4135887E-01   0.7086103E+00   0.2447180E+02   0.0000000E+00
   0.2000000E+01   0.1245181E+02   0.4148997E+00   0.9102341E+02  -0.1368619E+00   0.7219622E+00   0.2490362E+02   0.0000000E+00
   0.1300000E+02   0.1246531E+02   0.5006846E+00   0.8839722E+02  -0.3553516E+00   0.8546671E+00   0.2493062E+02   0.0000000E+00
   0.4000000E+01   0.1256109E+02   0.4199824E+00   0.9109385E+02  -0.1366511E+00   0.7166687E+00   0.2512217E+02   0.0000000E+00
   0.1000000E+01   0.1270970E+02   0.2271672E+00   0.6371247E+02   0.1592963E+00   0.6135365E+00   0.2541939E+02   0.0000000E+00
   0.6000000E+01   0.1312249E+02   0.1571695E+00   0.8155976E+02   0.3040020E+00   0.5388286E+00   0.2624499E+02   0.0000000E+00
   0.1000000E+01   0.1286367E+02   0.1304995E+00   0.6971025E+02   0.4058348E+00   0.4636657E+00   0.2572733E+02   0.0000000E+00
   0.1000000E+01   0.1242528E+02   0.2308911E+00   0.5186823E+02   0.1907751E+00   0.5783337E+00   0.2485057E+02   0.0000000E+00
   0.1000000E+01   0.1260542E+02   0.2318244E+00   0.5211900E+02   0.1586092E+00   0.6095664E+00   0.2521083E+02   0.0000000E+00
   0.1000000E+01   0.1219266E+02   0.4200798E+00   0.8686181E+02  -0.2200306E+00   0.7999509E+00   0.2438532E+02   0.0000000E+00
   0.6000000E+01   0.1264959E+02   0.2064733E+00   0.9646105E+02   0.2209691E+00   0.5725576E+00   0.2529918E+02   0.0000000E+00
   0.5000000E+01   0.1392516E+02   0.1559628E+00   0.9685661E+02   0.2571818E+00   0.5868554E+00   0.2785032E+02   0.0000000E+00
   0.2000000E+01   0.1244890E+02   0.2061049E+00   0.4051744E+02   0.2876785E+00   0.5062166E+00   0.2489780E+02   0.0000000E+00
   0.5000000E+01   0.1235072E+02   0.3251775E+00   0.3097603E+02  -0.4563256E-01   0.7204550E+00   0.2470143E+02   0.0000000E+00
   0.1000000E+01   0.1260456E+02   0.2273984E+00   0.4056832E+02   0.1700430E+00   0.6025586E+00   0.2520913E+02   0.0000000E+00
   0.4000000E+01   0.1241001E+02   0.2241010E+00   0.3450740E+02   0.2542175E+00   0.5216815E+00   0.2482003E+02   0.0000000E+00
   0.3000000E+01   0.1261885E+02   0.2612200E+00   0.4838440E+02   0.2220549E+00   0.5167251E+00   0.2523771E+02   0.0000000E+00
   0.1000000E+01   0.1247356E+02   0.4023377E+00   0.7359515E+02  -0.1044022E+00   0.7020645E+00   0.2494713E+02   0.0000000E+00
   0.1000000E+01   0.1234656E+02   0.2392200E+00   0.6218836E+02   0.1979264E+00   0.5628536E+00   0.2469313E+02   0.0000000E+00
   0.1000000E+01   0.1287197E+02   0.1947906E+00   0.6273881E+02   0.3819429E+00   0.4232665E+00   0.2574394E+02   0.0000000E+00
   0.2000000E+01   0.1290311E+02   0.2347913E+00   0.4102060E+02   0.3042071E+00   0.4610017E+00   0.2580623E+02   0.0000000E+00
   0.3000000E+01   0.1296669E+02   0.2245064E+00   0.3815238E+02   0.3307815E+00   0.4447121E+00   0.2593337E+02   0.0000000E+00
   0.1000000E+01   0.1403000E+02   0.2478393E+00   0.2380709E+02   0.3483004E+00   0.4038602E+00   0.2806000E+02   0.0000000E+00
   0.2000000E+01   0.1385448E+02   0.2859454E+00   0.2158519E+02   0.2553882E+00   0.4586665E+00   0.2770895E+02   0.0000000E+00
   0.2000000E+01   0.1370577E+02   0.2511555E+00   0.3906770E+02   0.3245947E+00   0.4242498E+00   0.2741154E+02   0.0000000E+00
   0.1000000E+01   0.1290371E+02   0.1593186E+00   0.6716821E+02   0.4526747E+00   0.3880067E+00   0.2580742E+02   0.0000000E+00
   0.1100000E+02   0.1309546E+02   0.2621816E+00   0.8206451E+02   0.2623886E+00   0.4754298E+00   0.2619093E+02   0.0000000E+00
   0.3000000E+01   0.1304670E+02   0.1665195E+00   0.7526898E+02   0.4541321E+00   0.3793484E+00   0.2609341E+02   0.0000000E+00
   0.2000000E+01   0.1570184E+02   0.2625079E+00   0.5462081E+02   0.3904523E+00   0.3470398E+00   0.3140367E+02   0.0000000E+00
   0.6000000E+01   0.1653512E+02   0.2319618E+00   0.6503586E+02   0.4883366E+00   0.2797016E+00   0.3307024E+02   0.0000000E+00
   0.2000000E+01   0.1261753E+02   0.1570691E+00   0.6945927E+02   0.3903896E+00   0.4525412E+00   0.2523506E+02   0.0000000E+00
   0.1000000E+01   0.1250438E+02   0.1909712E+00   0.5352794E+02   0.3256630E+00   0.4833657E+00   0.2500875E+02   0.0000000E+00
   0.2000000E+01   0.1230583E+02   0.2636104E+00   0.5811744E+02   0.1616419E+00   0.5747477E+00   0.2461165E+02   0.0000000E+00
   0.5000000E+01   0.1277792E+02   0.1208480E+00   0.4387730E+02   0.4828852E+00   0.3962668E+00   0.2555584E+02   0.0000000E+00
   0.1000000E+01   0.1270063E+02   0.2469968E+00   0.4875473E+02   0.2599754E+00   0.4930278E+00   0.2540125E+02   0.0000000E+00
   0.1000000E+01   0.1273197E+02   0.2742938E+00   0.2211739E+02   0.2049771E+00   0.5207291E+00   0.2546393E+02   0.0000000E+00
   0.5000000E+01   0.1275211E+02   0.2728797E+00   0.2213504E+02   0.2098517E+00   0.5172686E+00   0.2550422E+02   0.0000000E+00
   0.2000000E+01   0.1223228E+02   0.4377408E+00   0.3717639E+02  -0.2718222E+00   0.8340814E+00   0.2446456E+02   0.0000000E+00
   0.2000000E+01   0.1228953E+02   0.4636840E+00   0.4380442E+02  -0.3354785E+00   0.8717945E+00   0.2457905E+02   0.0000000E+00
   0.2000000E+01   0.1288639E+02   0.5503127E+00   0.4285292E+02  -0.4364606E+00   0.8861479E+00   0.2577277E+02   0.0000000E+00
   0.6000000E+01   0.1262406E+02   0.5069340E+00   0.5270660E+02  -0.4730490E+00   0.9661149E+00   0.2524811E+02   0.0000000E+00
   0.4000000E+01   0.1294248E+02   0.4965803E+00   0.8295676E+02  -0.2901009E+00   0.7935206E+00   0.2588495E+02   0.0000000E+00
   0.3000000E+01   0.1280184E+02   0.4914863E+00   0.8195892E+02  -0.2895945E+00   0.7981082E+00   0.2560369E+02   0.0000000E+00
   0.1000000E+01   0.1238273E+02   0.4150456E+00   0.8314041E+02  -0.1463706E+00   0.7313251E+00   0.2476546E+02   0.0000000E+00
   0.1000000E+01   0.1217866E+02   0.4068078E+00   0.7820117E+02  -0.1800694E+00   0.7732616E+00   0.2435732E+02   0.0000000E+00
   0.3000000E+01   0.1219623E+02   0.3194009E+00   0.7193095E+02   0.1645562E-01   0.6641434E+00   0.2439246E+02   0.0000000E+00
   0.2000000E+01   0.1275894E+02   0.4758817E+00   0.8780415E+02  -0.2542184E+00   0.7783367E+00   0.2551787E+02   0.0000000E+00
   0.2000000E+01   0.1265089E+02   0.1833797E+00   0.6267750E+02   0.3745922E+00   0.4420281E+00   0.2530178E+02   0.0000000E+00
   0.4000000E+01   0.1268545E+02   0.1420579E+00   0.7562375E+02   0.4339074E+00   0.4240347E+00   0.2537090E+02   0.0000000E+00
   0.2000000E+01   0.1265722E+02   0.1642951E+00   0.6620993E+02   0.4054276E+00   0.4302773E+00   0.2531444E+02   0.0000000E+00
   0.4000000E+01   0.1233786E+02   0.2485688E+00   0.6159253E+02   0.1642959E+00   0.5871353E+00   0.2467571E+02   0.0000000E+00
   0.1000000E+01   0.1223563E+02   0.2982577E+00   0.6784747E+02   0.5237672E-01   0.6493656E+00   0.2447126E+02   0.0000000E+00
   0.7000000E+01   0.1220829E+02   0.3528753E+00   0.5735769E+02  -0.3557444E-01   0.6826991E+00   0.2441658E+02   0.0000000E+00
   0.6000000E+01   0.1291051E+02   0.5418178E+00   0.9184339E+02  -0.4103853E+00   0.8685675E+00   0.2582101E+02   0.0000000E+00
   0.5000000E+01   0.1249801E+02   0.2678482E+00   0.5380772E+02   0.7857999E-01   0.6535718E+00   0.2499602E+02   0.0000000E+00
   0.1000000E+01   0.1253859E+02   0.2278704E+00   0.5192810E+02   0.1780552E+00   0.5940744E+00   0.2507718E+02   0.0000000E+00
   0.3000000E+01   0.1271373E+02   0.2132731E+00   0.5285817E+02   0.1948922E+00   0.5918347E+00   0.2542745E+02   0.0000000E+00
   0.1000000E+01   0.1263961E+02   0.2067368E+00   0.5418639E+02   0.2212376E+00   0.5720256E+00   0.2527921E+02   0.0000000E+00
   0.3000000E+01   0.1239678E+02   0.5106226E+00   0.4078661E+02  -0.4360641E+00   0.9254416E+00   0.2479357E+02   0.0000000E+00
   0.1000000E+01   0.1235890E+02   0.4231299E+00   0.8620821E+02  -0.1696099E+00   0.7464800E+00   0.2471780E+02   0.0000000E+00
   0.2000000E+01   0.1218631E+02   0.3597884E+00   0.8889432E+02  -0.9188678E-01   0.7320984E+00   0.2437263E+02   0.0000000E+00
   0.1000000E+01   0.1230574E+02   0.2908143E+00   0.7321257E+02   0.5051745E-01   0.6586682E+00   0.2461148E+02   0.0000000E+00
   0.2000000E+01   0.1378648E+02   0.3683896E+00   0.6028120E+02  -0.2445568E+00   0.8761672E+00   0.2757296E+02   0.0000000E+00
   0.1000000E+01   0.1325252E+02   0.4002076E+00   0.5917947E+02  -0.2909418E+00   0.8907342E+00   0.2650505E+02   0.0000000E+00
   0.2000000E+01   0.1260019E+02   0.1615422E+00   0.7401504E+02   0.3813395E+00   0.4571183E+00   0.2520038E+02   0.0000000E+00
   0.1000000E+01   0.1310540E+02   0.3089766E+00   0.5289621E+02  -0.7160984E-01   0.7626332E+00   0.2621081E+02   0.0000000E+00
   0.1000000E+01   0.1332332E+02   0.3042098E+00   0.5826818E+02  -0.7270361E-01   0.7684938E+00   0.2664664E+02   0.0000000E+00
   0.2000000E+01   0.1248006E+02   0.5380716E+00   0.7664770E+02  -0.4869963E+00   0.9489248E+00   0.2496013E+02   0.0000000E+00
   0.1000000E+01   0.1234823E+02   0.4957086E+00   0.8230180E+02  -0.4003405E+00   0.9046320E+00   0.2469645E+02   0.0000000E+00
   0.1000000E+01   0.1254947E+02   0.5250392E+00   0.8776720E+02  -0.4952112E+00   0.9701720E+00   0.2509894E+02   0.0000000E+00
   0.1000000E+01   0.1247463E+02   0.5011751E+00   0.8565435E+02  -0.4414017E+00   0.9402266E+00   0.2494926E+02   0.0000000E+00
   0.1000000E+01   0.1250052E+02   0.5127889E+00   0.8158501E+02  -0.4660909E+00   0.9533020E+00   0.2500104E+02   0.0000000E+00
   0.1000000E+01   0.1260952E+02   0.5342290E+00   0.8551906E+02  -0.4267076E+00   0.8924786E+00   0.2521905E+02   0.0000000E+00
   0.1000000E+01   0.1268548E+02   0.5158693E+00   0.7836149E+02  -0.3652053E+00   0.8493360E+00   0.2537096E+02   0.0000000E+00
   0.6000000E+01   0.1253542E+02   0.4555288E+00   0.5339070E+02  -0.3600415E+00   0.9045127E+00   0.2507084E+02   0.0000000E+00
   0.5000000E+01   0.1318848E+02   0.3330263E+00   0.5763370E+02  -0.1330369E+00   0.8000106E+00   0.2637697E+02   0.0000000E+00
   0.3000000E+01   0.1300448E+02   0.1686839E+00   0.8631510E+02   0.2839005E+00   0.5474156E+00   0.2600896E+02   0.0000000E+00
   0.3000000E+01   0.1325283E+02   0.2898757E+00   0.9608871E+02  -0.3450972E-01   0.7446340E+00   0.2650566E+02   0.0000000E+00
   0.1000000E+01   0.1270405E+02   0.3351540E+00   0.9430321E+02  -0.1054048E+00   0.7702508E+00   0.2540810E+02   0.0000000E+00
   0.2000000E+01   0.1270596E+02   0.2410239E+00   0.5905523E+02   0.1241117E+00   0.6348644E+00   0.2541191E+02   0.0000000E+00
   0.1000000E+01   0.1263722E+02   0.2223054E+00   0.5628495E+02   0.1799072E+00   0.5977874E+00   0.2527444E+02   0.0000000E+00
   0.1000000E+01   0.1228663E+02   0.3685020E+00   0.5901139E+02  -0.5229323E-01   0.6837912E+00   0.2457325E+02   0.0000000E+00
   0.6000000E+01   0.1266332E+02   0.2966818E+00   0.9402609E+02   0.1525623E+00   0.5507559E+00   0.2532664E+02   0.0000000E+00
   0.2000000E+01   0.1255253E+02   0.5157281E+00   0.9622967E+02  -0.3828755E+00   0.8671475E+00   0.2510506E+02   0.0000000E+00
   0.1000000E+01   0.1264039E+02   0.5469204E+00   0.8654085E+02  -0.4591031E+00   0.9121827E+00   0.2528078E+02   0.0000000E+00
   0.1000000E+01   0.1279485E+02   0.3352283E+00   0.6967544E+02  -0.1127015E+00   0.7774732E+00   0.2558969E+02   0.0000000E+00
   0.1000000E+01   0.1250487E+02   0.3960801E+00   0.5026937E+02  -0.2281710E+00   0.8320909E+00   0.2500974E+02   0.0000000E+00
   0.5000000E+01   0.1243144E+02   0.3804283E+00   0.4948336E+02  -0.1849589E+00   0.8045306E+00   0.2486288E+02   0.0000000E+00
   0.1000000E+01   0.1223842E+02   0.3010769E+00   0.8729633E+02   0.4256850E-01   0.6563546E+00   0.2447685E+02   0.0000000E+00
   0.5000000E+01   0.1318984E+02   0.3038249E+00   0.9740202E+02  -0.6409551E-01   0.7602706E+00   0.2637969E+02   0.0000000E+00
   0.2000000E+01   0.1346416E+02   0.2779925E+00   0.9473632E+02  -0.1756466E-01   0.7395722E+00   0.2692832E+02   0.0000000E+00
   0.3000000E+01   0.1260166E+02   0.3519304E+00   0.6159991E+02  -0.1362183E+00   0.7842878E+00   0.2520331E+02   0.0000000E+00
   0.1000000E+01   0.1221953E+02   0.3584122E+00   0.5164118E+02  -0.1000142E+00   0.7416021E+00   0.2443907E+02   0.0000000E+00
   0.1000000E+01   0.1319490E+02   0.2119341E+00   0.8540890E+02   0.1589905E+00   0.6290754E+00   0.2638979E+02   0.0000000E+00
   0.1000000E+01   0.1286169E+02   0.1864644E+00   0.8702988E+02   0.2504499E+00   0.5630857E+00   0.2572339E+02   0.0000000E+00
   0.1000000E+01   0.1365965E+02   0.1046195E+00   0.7301087E+02   0.4022946E+00   0.4930859E+00   0.2731930E+02   0.0000000E+00
   0.1000000E+01   0.1339905E+02   0.2190793E+00   0.6726732E+02   0.1286722E+00   0.6522485E+00   0.2679811E+02   0.0000000E+00
   0.1000000E+01   0.1366031E+02   0.1628643E+00   0.2049058E+02   0.2508499E+00   0.5862858E+00   0.2732063E+02   0.0000000E+00
   0.4000000E+01   0.1315595E+02   0.1782744E+00   0.2062153E+02   0.2438028E+00   0.5779229E+00   0.2631190E+02   0.0000000E+00
   0.5000000E+01   0.1220427E+02   0.3582651E+00   0.5655177E+02  -0.9514886E-01   0.7368838E+00   0.2440853E+02   0.0000000E+00
   0.1000000E+01   0.1222433E+02   0.3254004E+00   0.7031566E+02   0.2636364E-01   0.6482360E+00   0.2444867E+02   0.0000000E+00
   0.9000000E+01   0.1248152E+02   0.2143692E+00   0.8012136E+02   0.2898562E+00   0.4957745E+00   0.2496304E+02   0.0000000E+00
   0.1000000E+01   0.1216707E+02   0.3834505E+00   0.7988213E+02  -0.1296829E+00   0.7462325E+00   0.2433413E+02   0.0000000E+00
   0.5000000E+01   0.1225051E+02   0.4035598E+00   0.9841974E+02  -0.1416439E+00   0.7380841E+00   0.2450102E+02   0.0000000E+00
   0.6000000E+01   0.1222853E+02   0.4094767E+00   0.9610822E+02  -0.1618455E+00   0.7523688E+00   0.2445705E+02   0.0000000E+00
   0.2000000E+01   0.1221618E+02   0.4320513E+00   0.8638762E+02  -0.2269869E+00   0.7949357E+00   0.2443236E+02   0.0000000E+00
   0.1000000E+01   0.1285704E+02   0.2135368E+00   0.5614669E+02   0.3433665E+00   0.4430967E+00   0.2571408E+02   0.0000000E+00
   0.1000000E+01   0.1534094E+02   0.8426098E-01   0.6314719E+02   0.3759114E+00   0.5398277E+00   0.3068188E+02   0.0000000E+00
   0.4000000E+01   0.1535915E+02   0.9006167E-01   0.6096748E+02   0.3609215E+00   0.5490168E+00   0.3071830E+02   0.0000000E+00
   0.1000000E+01   0.1394270E+02   0.1351996E+00   0.6789480E+02   0.3080963E+00   0.5567041E+00   0.2788541E+02   0.0000000E+00
   0.1000000E+01   0.1423589E+02   0.1691337E+00   0.9689741E+02   0.2102022E+00   0.6206641E+00   0.2847178E+02   0.0000000E+00
   0.2000000E+01   0.1236575E+02   0.4739331E+00   0.9476900E+02  -0.2999618E+00   0.8260287E+00   0.2473150E+02   0.0000000E+00
   0.2000000E+01   0.1236029E+02   0.4739593E+00   0.9524479E+02  -0.3012149E+00   0.8272556E+00   0.2472057E+02   0.0000000E+00
   0.1000000E+01   0.1338617E+02   0.3225604E+00   0.6957945E+02  -0.1191646E+00   0.7966042E+00   0.2677235E+02   0.0000000E+00
   0.7000000E+01   0.1343468E+02   0.4044194E+00   0.9501693E+02  -0.3098251E+00   0.9054057E+00   0.2686936E+02   0.0000000E+00
   0.3000000E+01   0.1332560E+02   0.3639409E+00   0.8946675E+02  -0.2120336E+00   0.8480928E+00   0.2665120E+02   0.0000000E+00
   0.6000000E+01   0.1342181E+02   0.3313267E+00   0.8969645E+02  -0.1414155E+00   0.8100888E+00   0.2684361E+02   0.0000000E+00
   0.3000000E+01   0.1349332E+02   0.3261331E+00   0.9322752E+02  -0.1328597E+00   0.8067265E+00   0.2698664E+02   0.0000000E+00
   0.9000000E+01   0.1364329E+02   0.3435562E+00   0.9340119E+02  -0.1806242E+00   0.8370680E+00   0.2728658E+02   0.0000000E+00
   0.9000000E+01   0.1326752E+02   0.4423406E+00   0.7003739E+02  -0.3856119E+00   0.9432713E+00   0.2653505E+02   0.0000000E+00
   0.2000000E+01   0.1470533E+02   0.3854570E+00   0.8171952E+02  -0.3189321E+00   0.9334751E+00   0.2941067E+02   0.0000000E+00
   0.2000000E+01   0.1570503E+02   0.3384330E+00   0.6356824E+02  -0.2422317E+00   0.9037986E+00   0.3141005E+02   0.0000000E+00
   0.3000000E+01   0.1535420E+02   0.1298664E+00   0.7785839E+02   0.2635985E+00   0.6065351E+00   0.3070840E+02   0.0000000E+00
   0.4000000E+01   0.1258715E+02   0.2152836E+00   0.6623027E+02   0.2053890E+00   0.5793274E+00   0.2517431E+02   0.0000000E+00
   0.4000000E+01   0.1331608E+02   0.7999922E-01   0.6052581E+02   0.4951770E+00   0.4248238E+00   0.2663217E+02   0.0000000E+00
   0.1000000E+01   0.1329358E+02   0.1136874E+00   0.6384325E+02   0.4049492E+00   0.4813634E+00   0.2658716E+02   0.0000000E+00
   0.1000000E+01   0.1262320E+02   0.1821923E+00   0.5512334E+02   0.2930752E+00   0.5247326E+00   0.2524639E+02   0.0000000E+00
   0.2000000E+01   0.1295185E+02   0.2203294E+00   0.6440256E+02   0.1551944E+00   0.6244762E+00   0.2590369E+02   0.0000000E+00
   0.3000000E+01   0.1268504E+02   0.4099095E+00   0.2687141E+02  -0.2764674E+00   0.8665579E+00   0.2537007E+02   0.0000000E+00
   0.4000000E+01   0.1262356E+02   0.4775062E+00   0.2821320E+02  -0.4154827E+00   0.9379765E+00   0.2524713E+02   0.0000000E+00
   0.1000000E+01   0.1257987E+02   0.4729915E+00   0.2936428E+02  -0.4016161E+00   0.9286246E+00   0.2515975E+02   0.0000000E+00
   0.4000000E+01   0.1273341E+02   0.4962362E+00   0.3622002E+02  -0.4636914E+00   0.9674552E+00   0.2546683E+02   0.0000000E+00
   0.3000000E+01   0.1255684E+02   0.4723885E+00   0.5358897E+02  -0.3971067E+00   0.9247182E+00   0.2511369E+02   0.0000000E+00
   0.1000000E+01   0.1339180E+02   0.4060565E+00   0.7231095E+02  -0.3114176E+00   0.9053611E+00   0.2678360E+02   0.0000000E+00
   0.4000000E+01   0.1247439E+02   0.4584999E+00   0.5155975E+02  -0.3591232E+00   0.9006233E+00   0.2494879E+02   0.0000000E+00
   0.1000000E+01   0.1248862E+02   0.5321407E+00   0.6870267E+02  -0.4915158E+00   0.9593751E+00   0.2497723E+02   0.0000000E+00
   0.3000000E+01   0.1231294E+02   0.3651493E+00   0.9350240E+02  -0.1339139E+00   0.7687647E+00   0.2462588E+02   0.0000000E+00
   0.1000000E+01   0.1240273E+02   0.3624971E+00   0.8895755E+02  -0.1400981E+00   0.7776011E+00   0.2480547E+02   0.0000000E+00
   0.2000000E+01   0.1275780E+02   0.4460192E+00   0.3807159E+02  -0.3606612E+00   0.9146419E+00   0.2551560E+02   0.0000000E+00
   0.1000000E+01   0.1219590E+02   0.3771460E+00   0.3055662E+02  -0.1371524E+00   0.7600063E+00   0.2439179E+02   0.0000000E+00
   0.2000000E+01   0.1217207E+02   0.3931687E+00   0.9713026E+02  -0.1570828E+00   0.7639141E+00   0.2434414E+02   0.0000000E+00
   0.1000000E+01   0.1217283E+02   0.3697560E+00   0.9738934E+02  -0.8804002E-01   0.7182840E+00   0.2434566E+02   0.0000000E+00
   0.7000000E+01   0.1278488E+02   0.1240879E+00   0.9038258E+02   0.4450630E+00   0.4308491E+00   0.2556975E+02   0.0000000E+00
   0.1000000E+01   0.1272302E+02   0.1390060E+00   0.8495866E+02   0.4095653E+00   0.4514287E+00   0.2544604E+02   0.0000000E+00
   0.2000000E+01   0.1277090E+02   0.2748041E+00   0.9424211E+02   0.2092750E+00   0.5159209E+00   0.2554180E+02   0.0000000E+00
   0.2000000E+01   0.1339464E+02   0.3430063E+00   0.4883047E+02   0.1040148E+00   0.5529789E+00   0.2678927E+02   0.0000000E+00
   0.2000000E+01   0.1296409E+02   0.2168482E+00   0.9904629E+02   0.3467143E+00   0.4364375E+00   0.2592818E+02   0.0000000E+00
   0.1000000E+02   0.1269892E+02   0.2297050E+00   0.9888032E+02   0.2948437E+00   0.4754514E+00   0.2539785E+02   0.0000000E+00
   0.1000000E+01   0.1275726E+02   0.1254329E+00   0.8677258E+02   0.4716907E+00   0.4028763E+00   0.2551452E+02   0.0000000E+00
   0.4000000E+01   0.1264325E+02   0.1508619E+00   0.8343484E+02   0.4009627E+00   0.4481754E+00   0.2528650E+02   0.0000000E+00
   0.2000000E+01   0.1573873E+02   0.3563446E+00   0.3575149E+02  -0.2851038E+00   0.9287592E+00   0.3147746E+02   0.0000000E+00
   0.3000000E+01   0.1502771E+02   0.4438865E+00   0.6626416E+02  -0.4616926E+00   0.1017806E+01   0.3005541E+02   0.0000000E+00
   0.8000000E+01   0.1409702E+02   0.4286175E+00   0.9220237E+02  -0.3938994E+00   0.9652818E+00   0.2819405E+02   0.0000000E+00
   0.8000000E+01   0.1261526E+02   0.2402843E+00   0.9537312E+02   0.1357620E+00   0.6239537E+00   0.2523052E+02   0.0000000E+00
   0.1000000E+01   0.1241944E+02   0.2818962E+00   0.5456626E+02   0.5330982E-01   0.6647940E+00   0.2483889E+02   0.0000000E+00
   0.1000000E+01   0.1242834E+02   0.2696519E+00   0.4737378E+02   0.1798725E+00   0.5504757E+00   0.2485668E+02   0.0000000E+00
   0.3000000E+01   0.1233864E+02   0.2829483E+00   0.3446994E+02   0.1373703E+00   0.5796814E+00   0.2467728E+02   0.0000000E+00
   0.1000000E+01   0.1216736E+02   0.3742092E+00   0.2605319E+02  -0.1052233E+00   0.7310141E+00   0.2433472E+02   0.0000000E+00
   0.1000000E+01   0.1228301E+02   0.4344548E+00   0.7147499E+02  -0.2798732E+00   0.8454184E+00   0.2456602E+02   0.0000000E+00
   0.1000000E+01   0.1264053E+02   0.5062799E+00   0.5833009E+02  -0.4736301E+00   0.9673501E+00   0.2528107E+02   0.0000000E+00
   0.4000000E+01   0.1253718E+02   0.5248013E+00   0.5736130E+02  -0.4927582E+00   0.9679569E+00   0.2507436E+02   0.0000000E+00
   0.1000000E+01   0.1235425E+02   0.2364203E+00   0.4328911E+02   0.2023450E+00   0.5612347E+00   0.2470851E+02   0.0000000E+00
   0.1000000E+01   0.1331101E+02   0.1849561E+00   0.5279100E+02   0.2187952E+00   0.5962487E+00   0.2662201E+02   0.0000000E+00
   0.4000000E+01   0.1407079E+02   0.1501928E+00   0.2846357E+02   0.2630149E+00   0.5867923E+00   0.2814157E+02   0.0000000E+00
   0.1000000E+01   0.1228080E+02   0.3095263E+00   0.8090532E+02   0.7040730E-02   0.6834330E+00   0.2456159E+02   0.0000000E+00
   0.5000000E+01   0.1316388E+02   0.2282260E+00   0.7286870E+02   0.3391166E+00   0.4326574E+00   0.2632777E+02   0.0000000E+00
   0.4000000E+01   0.1258974E+02   0.4248851E+00   0.5086817E+02  -0.1457487E+00   0.7208637E+00   0.2517948E+02   0.0000000E+00
   0.4000000E+01   0.1259971E+02   0.4304113E+00   0.5092472E+02  -0.1580572E+00   0.7276459E+00   0.2519941E+02   0.0000000E+00
   0.1000000E+01   0.1225513E+02   0.2798553E+00   0.6123662E+02   0.1063680E+00   0.6137768E+00   0.2451026E+02   0.0000000E+00
   0.1000000E+01   0.1237497E+02   0.2486965E+00   0.3918412E+02   0.1505671E+00   0.6007364E+00   0.2474995E+02   0.0000000E+00
   0.5000000E+01   0.1289745E+02   0.1736522E+00   0.2298185E+02   0.2784056E+00   0.5479422E+00   0.2579490E+02   0.0000000E+00
   0.2000000E+01   0.1268508E+02   0.1432185E+00   0.6463835E+02   0.4343439E+00   0.4224377E+00   0.2537015E+02   0.0000000E+00
   0.1000000E+01   0.1278882E+02   0.1276713E+00   0.4461095E+02   0.4297147E+00   0.4426139E+00   0.2557764E+02   0.0000000E+00
   0.1000000E+01   0.1275369E+02   0.2227897E+00   0.5013799E+02   0.1659780E+00   0.6112323E+00   0.2550737E+02   0.0000000E+00
   0.1000000E+01   0.1514734E+02   0.9446932E-01   0.5376592E+02   0.3575769E+00   0.5479538E+00   0.3029468E+02   0.0000000E+00
   0.1000000E+01   0.1581733E+02   0.1865772E+00   0.7185602E+02   0.1119233E+00   0.7014995E+00   0.3163466E+02   0.0000000E+00
   0.2000000E+01   0.1752001E+02   0.2415026E+00   0.5023457E+02  -0.6252383E-01   0.8210213E+00   0.3504002E+02   0.0000000E+00
   0.1000000E+01   0.1291110E+02   0.4091385E+00   0.6343363E+02  -0.2902948E+00   0.8811562E+00   0.2582219E+02   0.0000000E+00
   0.1000000E+01   0.1279607E+02   0.3676188E+00   0.7316178E+02  -0.1880535E+00   0.8204347E+00   0.2559214E+02   0.0000000E+00
   0.1000000E+01   0.1327206E+02   0.4332838E+00   0.4293128E+02  -0.3662347E+00   0.9329509E+00   0.2654413E+02   0.0000000E+00
   0.3000000E+01   0.1328248E+02   0.4399864E+00   0.4354123E+02  -0.3815999E+00   0.9416135E+00   0.2656496E+02   0.0000000E+00
   0.1000000E+01   0.1323090E+02   0.4319684E+00   0.2781382E+02  -0.3618336E+00   0.9298652E+00   0.2646181E+02   0.0000000E+00
   0.1000000E+01   0.1260323E+02   0.4276229E+00   0.2922851E+02  -0.3080939E+00   0.8804710E+00   0.2520645E+02   0.0000000E+00
   0.4000000E+01   0.1273021E+02   0.1828083E+00   0.8768290E+02   0.2751008E+00   0.5420909E+00   0.2546043E+02   0.0000000E+00
   0.1000000E+01   0.1247408E+02   0.1983418E+00   0.8982978E+02   0.2847627E+00   0.5168954E+00   0.2494816E+02   0.0000000E+00
   0.4000000E+01   0.1247730E+02   0.1971533E+00   0.8857975E+02   0.2880274E+00   0.5148193E+00   0.2495460E+02   0.0000000E+00
   0.5000000E+01   0.1251841E+02   0.1852291E+00   0.9178880E+02   0.3152297E+00   0.4995412E+00   0.2503682E+02   0.0000000E+00
   0.3000000E+01   0.1233739E+02   0.2471850E+00   0.6475818E+02   0.1695496E+00   0.5832654E+00   0.2467478E+02   0.0000000E+00
   0.1000000E+01   0.1248425E+02   0.2069539E+00   0.6748030E+02   0.2491089E+00   0.5439371E+00   0.2496850E+02   0.0000000E+00
   0.1000000E+01   0.1249866E+02   0.2191052E+00   0.6877895E+02   0.2093446E+00   0.5715501E+00   0.2499732E+02   0.0000000E+00
   0.1000000E+01   0.1279927E+02   0.1538471E+00   0.8595679E+02   0.3471590E+00   0.4989938E+00   0.2559854E+02   0.0000000E+00
   0.1000000E+01   0.1270954E+02   0.1641499E+00   0.8742181E+02   0.3313064E+00   0.5045437E+00   0.2541908E+02   0.0000000E+00
   0.1000000E+01   0.1299248E+02   0.2075365E+00   0.8917377E+02   0.1845441E+00   0.6079194E+00   0.2598496E+02   0.0000000E+00
   0.2000000E+01   0.1224647E+02   0.3320062E+00   0.7842024E+02  -0.4216248E-01   0.7101563E+00   0.2449295E+02   0.0000000E+00
   0.2000000E+01   0.1247473E+02   0.3945692E+00   0.8474217E+02  -0.8593525E-01   0.6913661E+00   0.2494946E+02   0.0000000E+00
   0.3000000E+01   0.1284352E+02   0.5571695E+00   0.5168660E+02  -0.4601191E+00   0.9029496E+00   0.2568705E+02   0.0000000E+00
   0.3000000E+01   0.1284160E+02   0.5115856E+00   0.7230545E+02  -0.3374677E+00   0.8258821E+00   0.2568320E+02   0.0000000E+00
   0.2000000E+01   0.1309233E+02   0.2070430E+00   0.7496774E+02   0.1782429E+00   0.6147141E+00   0.2618466E+02   0.0000000E+00
   0.1000000E+01   0.1256862E+02   0.3858627E+00   0.4774852E+02  -0.2113984E+00   0.8255357E+00   0.2513724E+02   0.0000000E+00
   0.3000000E+01   0.1320420E+02   0.3424338E+00   0.3839265E+02  -0.1563048E+00   0.8138710E+00   0.2640840E+02   0.0000000E+00
   0.1000000E+01   0.1313461E+02   0.3431226E+00   0.3884249E+02  -0.1538985E+00   0.8107759E+00   0.2626923E+02   0.0000000E+00
   0.2000000E+01   0.1313256E+02   0.3429872E+00   0.3882689E+02  -0.1534637E+00   0.8104765E+00   0.2626511E+02   0.0000000E+00
   0.4000000E+01   0.1295008E+02   0.3650527E+00   0.3759426E+02  -0.1933446E+00   0.8282919E+00   0.2590017E+02   0.0000000E+00
   0.7000000E+01   0.1300317E+02   0.3711819E+00   0.3761423E+02  -0.2108142E+00   0.8396323E+00   0.2600633E+02   0.0000000E+00
   0.2000000E+01   0.1284096E+02   0.2392229E+00   0.4067895E+02   0.1161354E+00   0.6446418E+00   0.2568191E+02   0.0000000E+00
   0.4000000E+01   0.1279113E+02   0.2568237E+00   0.2498811E+02   0.7509799E-01   0.6680783E+00   0.2558226E+02   0.0000000E+00
   0.1000000E+01   0.1219465E+02   0.4236296E+00   0.2780901E+02  -0.2206216E+00   0.7969920E+00   0.2438929E+02   0.0000000E+00
   0.1000000E+01   0.1220935E+02   0.4332670E+00   0.2344105E+02  -0.2516495E+00   0.8183825E+00   0.2441870E+02   0.0000000E+00
   0.7000000E+01   0.1233915E+02   0.4609351E+00   0.2125840E+02  -0.2727813E+00   0.8118462E+00   0.2467829E+02   0.0000000E+00
   0.5000000E+01   0.1318405E+02   0.5574268E+00   0.5566681E+02  -0.4275838E+00   0.8701569E+00   0.2636811E+02   0.0000000E+00
   0.1000000E+01   0.1361630E+02   0.5495877E+00   0.4201195E+02  -0.3766423E+00   0.8270547E+00   0.2723261E+02   0.0000000E+00
   0.4000000E+01   0.1379137E+02   0.5734274E+00   0.4177779E+02  -0.4268690E+00   0.8534416E+00   0.2758274E+02   0.0000000E+00
   0.5000000E+01   0.1253604E+02   0.3965308E+00   0.8106917E+02  -0.8375116E-01   0.6872204E+00   0.2507208E+02   0.0000000E+00
   0.6000000E+01   0.1252087E+02   0.2024414E+00   0.4328638E+02   0.3175216E+00   0.4800370E+00   0.2504173E+02   0.0000000E+00
   0.3000000E+01   0.1267665E+02   0.2484540E+00   0.5316158E+02   0.2545163E+00   0.4970297E+00   0.2535331E+02   0.0000000E+00
   0.2000000E+01   0.1247700E+02   0.2894806E+00   0.5198830E+02   0.1467915E+00   0.5637279E+00   0.2495401E+02   0.0000000E+00
   0.1000000E+01   0.1228917E+02   0.3974996E+00   0.5712708E+02  -0.1193791E+00   0.7218796E+00   0.2457834E+02   0.0000000E+00
   0.4000000E+01   0.1231377E+02   0.4103637E+00   0.4820186E+02  -0.1461203E+00   0.7357566E+00   0.2462753E+02   0.0000000E+00
   0.1000000E+01   0.1221424E+02   0.4272724E+00   0.3909634E+02  -0.2147299E+00   0.7874575E+00   0.2442848E+02   0.0000000E+00
   0.1000000E+01   0.1244527E+02   0.3062069E+00   0.2096746E+02   0.1058336E+00   0.5879595E+00   0.2489055E+02   0.0000000E+00
   0.1000000E+01   0.1250228E+02   0.2049076E+00   0.2489504E+02   0.2483158E+00   0.5467766E+00   0.2500456E+02   0.0000000E+00
   0.1000000E+01   0.1267147E+02   0.1493635E+00   0.5317765E+02   0.4260257E+00   0.4246108E+00   0.2534295E+02   0.0000000E+00
   0.4000000E+01   0.1284217E+02   0.1434562E+00   0.7761838E+02   0.4722822E+00   0.3842616E+00   0.2568433E+02   0.0000000E+00
   0.2000000E+01   0.1258582E+02   0.1974454E+00   0.9465910E+02   0.2556464E+00   0.5469083E+00   0.2517165E+02   0.0000000E+00
   0.2000000E+01   0.1280709E+02   0.4287766E+00   0.7322416E+02  -0.3263999E+00   0.8976233E+00   0.2561418E+02   0.0000000E+00
   0.1000000E+01   0.1232595E+02   0.3700543E+00   0.3371612E+02  -0.1480752E+00   0.7780209E+00   0.2465191E+02   0.0000000E+00
   0.4000000E+01   0.1234815E+02   0.4329150E+00   0.4688768E+02  -0.2889150E+00   0.8560000E+00   0.2469630E+02   0.0000000E+00
   0.4000000E+01   0.1235916E+02   0.5007150E+00   0.2807494E+02  -0.3882969E+00   0.8875819E+00   0.2471832E+02   0.0000000E+00
   0.4000000E+01   0.1233150E+02   0.4931991E+00   0.2693743E+02  -0.3864330E+00   0.8932340E+00   0.2466300E+02   0.0000000E+00
   0.1000000E+01   0.1218833E+02   0.3974277E+00   0.5213056E+02  -0.1461552E+00   0.7487275E+00   0.2437666E+02   0.0000000E+00
   0.3000000E+01   0.1271651E+02   0.5461103E+00   0.7104799E+02  -0.4448924E+00   0.8987822E+00   0.2543302E+02   0.0000000E+00
   0.4000000E+01   0.1286997E+02   0.5684099E+00   0.8144244E+02  -0.4885600E+00   0.9201501E+00   0.2573995E+02   0.0000000E+00
   0.1000000E+01   0.1281757E+02   0.5627171E+00   0.8261302E+02  -0.4788716E+00   0.9161545E+00   0.2563513E+02   0.0000000E+00
   0.2000000E+01   0.1239175E+02   0.5141110E+00   0.9132451E+02  -0.4277149E+00   0.9136039E+00   0.2478349E+02   0.0000000E+00
   0.5000000E+01   0.1241239E+02   0.5185444E+00   0.9585669E+02  -0.4290920E+00   0.9105476E+00   0.2482478E+02   0.0000000E+00
   0.5000000E+01   0.1230017E+02   0.4481984E+00   0.6782119E+02  -0.2444598E+00   0.7962613E+00   0.2460035E+02   0.0000000E+00
   0.1000000E+01   0.1260341E+02   0.5441362E+00   0.3188602E+02  -0.4588403E+00   0.9147041E+00   0.2520682E+02   0.0000000E+00
   0.7000000E+01   0.1238408E+02   0.5059418E+00   0.2824239E+02  -0.3950434E+00   0.8891015E+00   0.2476815E+02   0.0000000E+00
   0.1000000E+01   0.1230086E+02   0.4803949E+00   0.2440861E+02  -0.3450996E+00   0.8647047E+00   0.2460172E+02   0.0000000E+00
   0.1000000E+01   0.1226885E+02   0.4570731E+00   0.2186649E+02  -0.3185750E+00   0.8615019E+00   0.2453770E+02   0.0000000E+00
   0.1000000E+01   0.1223234E+02   0.3614717E+00   0.5581950E+02  -0.1103893E+00   0.7489176E+00   0.2446467E+02   0.0000000E+00
   0.3000000E+01   0.1225012E+02   0.2830190E+00   0.4797337E+02   0.1045144E+00   0.6124666E+00   0.2450024E+02   0.0000000E+00
   0.1000000E+01   0.1226528E+02   0.2795736E+00   0.4704971E+02   0.1205652E+00   0.5998611E+00   0.2453056E+02   0.0000000E+00
   0.2000000E+01   0.1252741E+02   0.2722693E+00   0.7329979E+02   0.1888281E+00   0.5389027E+00   0.2505481E+02   0.0000000E+00
   0.3000000E+01   0.1255868E+02   0.1730368E+00   0.8031205E+02   0.3467780E+00   0.4801852E+00   0.2511735E+02   0.0000000E+00
   0.1000000E+01   0.1310371E+02   0.1012083E+00   0.6567126E+02   0.4583400E+00   0.4404517E+00   0.2620741E+02   0.0000000E+00
   0.1000000E+01   0.1245789E+02   0.3581459E+00   0.7469931E+02  -0.1364332E+00   0.7782874E+00   0.2491578E+02   0.0000000E+00
   0.1000000E+01   0.1303325E+02   0.4475364E+00   0.4360661E+02  -0.1627442E+00   0.7152078E+00   0.2606651E+02   0.0000000E+00
   0.3000000E+01   0.1250585E+02   0.4518100E+00   0.2308057E+02  -0.2228169E+00   0.7710068E+00   0.2501169E+02   0.0000000E+00
   0.1000000E+01   0.1304846E+02   0.3690975E+00   0.5700907E+02  -0.2083902E+00   0.8392927E+00   0.2609693E+02   0.0000000E+00
   0.1000000E+01   0.1341884E+02   0.2422048E+00   0.4746271E+02   0.7070674E-01   0.6870884E+00   0.2683769E+02   0.0000000E+00
   0.1000000E+01   0.1229656E+02   0.2621367E+00   0.4413167E+02   0.1577075E+00   0.5801557E+00   0.2459311E+02   0.0000000E+00
   0.1000000E+01   0.1258897E+02   0.1709976E+00   0.8779327E+02   0.3773230E+00   0.4516794E+00   0.2517794E+02   0.0000000E+00
   0.4000000E+01   0.1242421E+02   0.2426322E+00   0.7712770E+02   0.1573806E+00   0.5999872E+00   0.2484843E+02   0.0000000E+00
   0.1000000E+01   0.1245456E+02   0.2254697E+00   0.6146033E+02   0.2656858E+00   0.5088445E+00   0.2490912E+02   0.0000000E+00
   0.1000000E+01   0.1218883E+02   0.3863613E+00   0.2920127E+02  -0.1549681E+00   0.7686068E+00   0.2437766E+02   0.0000000E+00
   0.4000000E+01   0.1219233E+02   0.3829390E+00   0.2987724E+02  -0.1488323E+00   0.7658933E+00   0.2438466E+02   0.0000000E+00
   0.2000000E+01   0.1255021E+02   0.1788931E+00   0.3679164E+02   0.3551611E+00   0.4659458E+00   0.2510042E+02   0.0000000E+00
   0.2000000E+01   0.1240845E+02   0.3211868E+00   0.2617475E+02   0.6970598E-01   0.6091072E+00   0.2481690E+02   0.0000000E+00
   0.3000000E+01   0.1223503E+02   0.3318173E+00   0.2628982E+02   0.1557171E-01   0.6526110E+00   0.2447005E+02   0.0000000E+00
   0.3000000E+01   0.1311501E+02   0.4970617E+00   0.6336176E+02  -0.4942874E+00   0.9972256E+00   0.2623002E+02   0.0000000E+00
   0.1000000E+01   0.1311003E+02   0.4974187E+00   0.6361103E+02  -0.4947069E+00   0.9972882E+00   0.2622007E+02   0.0000000E+00
   0.1000000E+01   0.1308241E+02   0.4583357E+00   0.7938032E+02  -0.4095708E+00   0.9512352E+00   0.2616482E+02   0.0000000E+00
   0.1200000E+02   0.1402648E+02   0.4383451E+00   0.7762246E+02  -0.4127910E+00   0.9744459E+00   0.2805295E+02   0.0000000E+00
   0.9000000E+01   0.1388474E+02   0.4514276E+00   0.8603408E+02  -0.4357734E+00   0.9843459E+00   0.2776948E+02   0.0000000E+00
   0.2000000E+01   0.1390959E+02   0.3940190E+00   0.8250682E+02  -0.3082081E+00   0.9141891E+00   0.2781917E+02   0.0000000E+00
   0.2000000E+01   0.1394222E+02   0.3923518E+00   0.8390712E+02  -0.3057906E+00   0.9134388E+00   0.2788444E+02   0.0000000E+00
   0.3000000E+01   0.1390361E+02   0.2187880E+00   0.7927042E+02   0.1036935E+00   0.6775185E+00   0.2780722E+02   0.0000000E+00
   0.3000000E+01   0.1338432E+02   0.2177318E+00   0.8322753E+02   0.1329371E+00   0.6493312E+00   0.2676865E+02   0.0000000E+00
   0.1000000E+01   0.1228880E+02   0.2679876E+00   0.9564648E+02   0.1228359E+00   0.6091765E+00   0.2457761E+02   0.0000000E+00
   0.5000000E+01   0.1272077E+02   0.1325986E+00   0.7448865E+02   0.4499227E+00   0.4174788E+00   0.2544154E+02   0.0000000E+00
   0.1000000E+01   0.1288518E+02   0.1070916E+00   0.6942115E+02   0.4770283E+00   0.4158801E+00   0.2577036E+02   0.0000000E+00
   0.2000000E+01   0.1230189E+02   0.3303065E+00   0.4740862E+02   0.3441127E-01   0.6352823E+00   0.2460378E+02   0.0000000E+00
   0.1000000E+01   0.1288520E+02   0.3427703E+00   0.3123350E+02  -0.1377444E+00   0.7949741E+00   0.2577040E+02   0.0000000E+00
   0.1000000E+01   0.1243582E+02   0.2072769E+00   0.2912453E+02   0.2742103E+00   0.5185128E+00   0.2487164E+02   0.0000000E+00
   0.2000000E+01   0.1240339E+02   0.2278721E+00   0.4996393E+02   0.2472454E+00   0.5248826E+00   0.2480677E+02   0.0000000E+00
   0.1000000E+01   0.1227712E+02   0.2894575E+00   0.5916528E+02   0.1102427E+00   0.6002997E+00   0.2455425E+02   0.0000000E+00
   0.6000000E+01   0.1226991E+02   0.3007933E+00   0.5650361E+02   0.8737811E-01   0.6118286E+00   0.2453981E+02   0.0000000E+00
   0.2000000E+01   0.1279070E+02   0.1189524E+00   0.8869650E+02   0.4648687E+00   0.4161789E+00   0.2558140E+02   0.0000000E+00
   0.3000000E+01   0.1228272E+02   0.4203318E+00   0.9482905E+02  -0.1761288E+00   0.7557970E+00   0.2456544E+02   0.0000000E+00
   0.1000000E+01   0.1266695E+02   0.5202360E+00   0.9176485E+02  -0.3792114E+00   0.8589754E+00   0.2533390E+02   0.0000000E+00
   0.4000000E+01   0.1272206E+02   0.5067376E+00   0.2966843E+02  -0.4838853E+00   0.9771477E+00   0.2544411E+02   0.0000000E+00
   0.2000000E+01   0.1269094E+02   0.4774965E+00   0.2555381E+02  -0.4222618E+00   0.9447652E+00   0.2538189E+02   0.0000000E+00
   0.1000000E+01   0.1262581E+02   0.4226507E+00   0.2959173E+02  -0.2992575E+00   0.8766067E+00   0.2525162E+02   0.0000000E+00
   0.1000000E+01   0.1219548E+02   0.4235635E+00   0.2342054E+02  -0.2266913E+00   0.8031278E+00   0.2439096E+02   0.0000000E+00
   0.1000000E+01   0.1221131E+02   0.4262666E+00   0.2079257E+02  -0.2157475E+00   0.7894810E+00   0.2442261E+02   0.0000000E+00
   0.1000000E+01   0.1228275E+02   0.4550711E+00   0.2571610E+02  -0.2697756E+00   0.8147046E+00   0.2456550E+02   0.0000000E+00
   0.3000000E+01   0.1229175E+02   0.4626523E+00   0.2448147E+02  -0.2891998E+00   0.8265475E+00   0.2458350E+02   0.0000000E+00
   0.6000000E+01   0.1225541E+02   0.4109424E+00   0.2088902E+02  -0.1612696E+00   0.7503272E+00   0.2451083E+02   0.0000000E+00
   0.1000000E+01   0.1233711E+02   0.3077827E+00   0.2827358E+02  -0.7264287E-03   0.6929437E+00   0.2467422E+02   0.0000000E+00
   0.2000000E+01   0.1234336E+02   0.3815150E+00   0.2343487E+02  -0.1777678E+00   0.7962528E+00   0.2468673E+02   0.0000000E+00
   0.1000000E+01   0.1235291E+02   0.3983769E+00   0.3368518E+02  -0.2158262E+00   0.8174492E+00   0.2470581E+02   0.0000000E+00
   0.2000000E+01   0.1231308E+02   0.3515945E+00   0.2333222E+02  -0.1041931E+00   0.7525986E+00   0.2462617E+02   0.0000000E+00
   0.1000000E+01   0.1219229E+02   0.3284883E+00   0.3044730E+02  -0.1405671E-01   0.6855684E+00   0.2438458E+02   0.0000000E+00
   0.1000000E+01   0.1223673E+02   0.3157428E+00   0.3004718E+02   0.1037112E-02   0.6832201E+00   0.2447347E+02   0.0000000E+00
   0.3000000E+01   0.1227822E+02   0.3089278E+00   0.5551587E+02   0.8945366E-02   0.6821268E+00   0.2455645E+02   0.0000000E+00
   0.1000000E+01   0.1245275E+02   0.3662479E+00   0.9511695E+02  -0.1545577E+00   0.7883098E+00   0.2490550E+02   0.0000000E+00
   0.2000000E+01   0.1227344E+02   0.4446975E+00   0.9754458E+02  -0.2415946E+00   0.7968971E+00   0.2454688E+02   0.0000000E+00
   0.1000000E+01   0.1450410E+02   0.4873307E+00   0.9377593E+02  -0.1754062E+00   0.6880755E+00   0.2900821E+02   0.0000000E+00
   0.1000000E+01   0.1403056E+02   0.3247535E+00   0.4871826E+02   0.1797642E+00   0.4954823E+00   0.2806112E+02   0.0000000E+00
   0.3000000E+01   0.1493727E+02   0.3438650E+00   0.5250600E+02   0.1778015E+00   0.4783335E+00   0.2987454E+02   0.0000000E+00
   0.1000000E+01   0.1498517E+02   0.3147570E+00   0.5393135E+02   0.2455172E+00   0.4397258E+00   0.2997034E+02   0.0000000E+00
   0.6000000E+01   0.1415679E+02   0.2707409E+00   0.2927185E+02   0.3052455E+00   0.4240136E+00   0.2831359E+02   0.0000000E+00
   0.1000000E+01   0.1228236E+02   0.4748864E+00   0.4121142E+02  -0.3364258E+00   0.8615395E+00   0.2456472E+02   0.0000000E+00
   0.3000000E+01   0.1229161E+02   0.4255847E+00   0.2801412E+02  -0.2646547E+00   0.8390700E+00   0.2458322E+02   0.0000000E+00
   0.2000000E+01   0.1242630E+02   0.2116140E+00   0.3018349E+02   0.2558238E+00   0.5325623E+00   0.2485261E+02   0.0000000E+00
   0.2000000E+01   0.1351037E+02   0.4588307E+00   0.3266383E+02  -0.4354232E+00   0.9765925E+00   0.2702074E+02   0.0000000E+00
   0.3000000E+01   0.1279734E+02   0.4192793E+00   0.2380259E+02  -0.3064139E+00   0.8871346E+00   0.2559468E+02   0.0000000E+00
   0.1000000E+01   0.1233315E+02   0.4424250E+00   0.4329102E+02  -0.3059499E+00   0.8635248E+00   0.2466631E+02   0.0000000E+00
   0.1000000E+01   0.1219828E+02   0.4269539E+00   0.3607574E+02  -0.2324564E+00   0.8055025E+00   0.2439656E+02   0.0000000E+00
   0.3000000E+01   0.1227572E+02   0.2964693E+00   0.4336394E+02   0.4227193E-01   0.6612588E+00   0.2455145E+02   0.0000000E+00
   0.2000000E+01   0.1238028E+02   0.4975171E+00   0.2235495E+02  -0.4157816E+00   0.9182645E+00   0.2476056E+02   0.0000000E+00
   0.3000000E+01   0.1237676E+02   0.4986135E+00   0.2177528E+02  -0.4160893E+00   0.9174758E+00   0.2475352E+02   0.0000000E+00
   0.1000000E+01   0.1235118E+02   0.4975509E+00   0.6675237E+02  -0.4032493E+00   0.9056984E+00   0.2470236E+02   0.0000000E+00
   0.1000000E+01   0.1228737E+02   0.4310635E+00   0.6604496E+02  -0.2024654E+00   0.7714019E+00   0.2457475E+02   0.0000000E+00
   0.1000000E+01   0.1219502E+02   0.3841421E+00   0.6570239E+02  -0.1106184E+00   0.7264763E+00   0.2439004E+02   0.0000000E+00
   0.2000000E+01   0.1237176E+02   0.4134321E+00   0.7991234E+02  -0.2506595E+00   0.8372274E+00   0.2474353E+02   0.0000000E+00
   0.1000000E+01   0.1247857E+02   0.3268008E+00   0.9552460E+02  -0.6459752E-01   0.7377967E+00   0.2495715E+02   0.0000000E+00
   0.6000000E+01   0.1218833E+02   0.3275426E+00   0.9615362E+02  -0.3947789E-02   0.6764052E+00   0.2437667E+02   0.0000000E+00
   0.2000000E+01   0.1220071E+02   0.4243002E+00   0.8390750E+02  -0.2328774E+00   0.8085772E+00   0.2440142E+02   0.0000000E+00
   0.2000000E+01   0.1222174E+02   0.4340193E+00   0.9730987E+02  -0.2604580E+00   0.8264387E+00   0.2444348E+02   0.0000000E+00
   0.1000000E+01   0.1242713E+02   0.3928543E+00   0.9714669E+02  -0.2121698E+00   0.8193155E+00   0.2485426E+02   0.0000000E+00
   0.1000000E+01   0.1255054E+02   0.3421587E+00   0.4799486E+02  -0.1088044E+00   0.7666457E+00   0.2510109E+02   0.0000000E+00
   0.4000000E+01   0.1259324E+02   0.3584539E+00   0.4739556E+02  -0.1508347E+00   0.7923808E+00   0.2518648E+02   0.0000000E+00
   0.2000000E+01   0.1233809E+02   0.4788781E+00   0.8688781E+02  -0.3743661E+00   0.8954880E+00   0.2467617E+02   0.0000000E+00
   0.1000000E+01   0.1232787E+02   0.4776184E+00   0.8958412E+02  -0.3694071E+00   0.8917888E+00   0.2465574E+02   0.0000000E+00
   0.1000000E+01   0.1234878E+02   0.4245410E+00   0.8361799E+02  -0.1746959E+00   0.7501548E+00   0.2469756E+02   0.0000000E+00
   0.1000000E+01   0.1271934E+02   0.4007046E+00   0.7333375E+02  -0.7596523E-01   0.6752606E+00   0.2543868E+02   0.0000000E+00
   0.1000000E+01   0.1222659E+02   0.3123061E+00   0.5873671E+02   0.5171865E-01   0.6359752E+00   0.2445317E+02   0.0000000E+00
   0.1000000E+01   0.1217939E+02   0.3722443E+00   0.4930718E+02  -0.8987527E-01   0.7176310E+00   0.2435878E+02   0.0000000E+00
   0.1000000E+01   0.1229786E+02   0.3495353E+00   0.6853974E+02  -0.9495621E-01   0.7454209E+00   0.2459571E+02   0.0000000E+00
   0.1000000E+01   0.1222662E+02   0.3722494E+00   0.7171634E+02  -0.1339118E+00   0.7616624E+00   0.2445323E+02   0.0000000E+00
   0.1000000E+01   0.1267600E+02   0.4629196E+00   0.6255925E+02  -0.3893036E+00   0.9263840E+00   0.2535201E+02   0.0000000E+00
   0.1000000E+01   0.1268429E+02   0.4599347E+00   0.6294254E+02  -0.3837530E+00   0.9238184E+00   0.2536858E+02   0.0000000E+00
   0.6000000E+01   0.1240436E+02   0.5163563E+00   0.9530215E+02  -0.4245769E+00   0.9082206E+00   0.2480873E+02   0.0000000E+00
   0.4000000E+01   0.1251411E+02   0.5413412E+00   0.9515972E+02  -0.4720121E+00   0.9306709E+00   0.2502822E+02   0.0000000E+00
   0.3000000E+01   0.1222553E+02   0.4275198E+00   0.6288294E+02  -0.2507523E+00   0.8232325E+00   0.2445105E+02   0.0000000E+00
   0.1000000E+01   0.1255149E+02   0.4745470E+00   0.4713304E+02  -0.2732058E+00   0.7986588E+00   0.2510299E+02   0.0000000E+00
   0.2000000E+01   0.1243570E+02   0.3138095E+00   0.5493395E+02   0.9023084E-01   0.5959596E+00   0.2487141E+02   0.0000000E+00
   0.1000000E+01   0.1218424E+02   0.3351125E+00   0.8137470E+02  -0.1210901E-01   0.6769965E+00   0.2436849E+02   0.0000000E+00
   0.1000000E+01   0.1246466E+02   0.2084790E+00   0.8013689E+02   0.2931655E+00   0.4983555E+00   0.2492932E+02   0.0000000E+00
   0.2000000E+01   0.1246661E+02   0.2240997E+00   0.5221391E+02   0.2706331E+00   0.5052672E+00   0.2493322E+02   0.0000000E+00
   0.2000000E+01   0.1257453E+02   0.2135767E+00   0.9693679E+02   0.2121030E+00   0.5743203E+00   0.2514906E+02   0.0000000E+00
   0.4000000E+01   0.1291167E+02   0.1176442E+00   0.9881240E+02   0.4371237E+00   0.4452321E+00   0.2582334E+02   0.0000000E+00
   0.1000000E+01   0.1270013E+02   0.1636970E+00   0.5844686E+02   0.3340643E+00   0.5022387E+00   0.2540026E+02   0.0000000E+00
   0.2000000E+01   0.1350444E+02   0.4595755E+00   0.7088650E+02  -0.4359694E+00   0.9763939E+00   0.2700887E+02   0.0000000E+00
   0.1000000E+01   0.1306974E+02   0.1952087E+00   0.6376366E+02   0.2097964E+00   0.5949949E+00   0.2613947E+02   0.0000000E+00
   0.2000000E+01   0.1336669E+02   0.1935689E+00   0.5216730E+02   0.1936692E+00   0.6127619E+00   0.2673338E+02   0.0000000E+00
   0.1000000E+01   0.1292677E+02   0.1176060E+00   0.6619999E+02   0.4345305E+00   0.4478635E+00   0.2585354E+02   0.0000000E+00
   0.2000000E+01   0.1312872E+02   0.2519078E+00   0.3215488E+02   0.2859423E+00   0.4621499E+00   0.2625744E+02   0.0000000E+00
   0.1000000E+01   0.1283655E+02   0.1860959E+00   0.6493202E+02   0.3949220E+00   0.4189821E+00   0.2567311E+02   0.0000000E+00
   0.1000000E+01   0.1351890E+02   0.2794687E+00   0.7630797E+02   0.2526917E+00   0.4678397E+00   0.2703780E+02   0.0000000E+00
   0.2000000E+01   0.1279757E+02   0.3471378E+00   0.7702813E+02   0.5350954E-01   0.5993526E+00   0.2559513E+02   0.0000000E+00
   0.1000000E+01   0.1230900E+02   0.2648308E+00   0.6413639E+02   0.1613574E+00   0.5738118E+00   0.2461800E+02   0.0000000E+00
   0.3000000E+01   0.1222218E+02   0.3012752E+00   0.6801150E+02   0.5228195E-01   0.6464429E+00   0.2444436E+02   0.0000000E+00
   0.1000000E+01   0.1249188E+02   0.1895684E+00   0.2227100E+02   0.3139995E+00   0.4964321E+00   0.2498377E+02   0.0000000E+00
   0.7000000E+01   0.1246314E+02   0.1988472E+00   0.2438106E+02   0.2969544E+00   0.5041984E+00   0.2492628E+02   0.0000000E+00
   0.1000000E+01   0.1288598E+02   0.3005331E+00   0.4227792E+02   0.1633570E+00   0.5361099E+00   0.2577196E+02   0.0000000E+00
   0.1000000E+01   0.1225301E+02   0.3200214E+00   0.6694606E+02   0.4544793E-01   0.6345307E+00   0.2450602E+02   0.0000000E+00
   0.1000000E+01   0.1370968E+02   0.1845169E+00   0.7734851E+02   0.1971412E+00   0.6183419E+00   0.2741936E+02   0.0000000E+00
   0.1000000E+01   0.1379857E+02   0.1375022E+00   0.6534150E+02   0.3098815E+00   0.5526164E+00   0.2759714E+02   0.0000000E+00
   0.5000000E+01   0.1384028E+02   0.1462326E+00   0.6366298E+02   0.2856571E+00   0.5681103E+00   0.2768055E+02   0.0000000E+00
   0.5000000E+01   0.1363364E+02   0.1644289E+00   0.6602203E+02   0.2512163E+00   0.5843548E+00   0.2726728E+02   0.0000000E+00
   0.8000000E+01   0.1536863E+02   0.2750656E+00   0.8653907E+02  -0.8448578E-01   0.8094202E+00   0.3073726E+02   0.0000000E+00
   0.1000000E+01   0.1536130E+02   0.2753197E+00   0.8666658E+02  -0.8485745E-01   0.8095377E+00   0.3072260E+02   0.0000000E+00
   0.5000000E+01   0.1379391E+02   0.2026504E+00   0.7773283E+02   0.1482381E+00   0.6491115E+00   0.2758783E+02   0.0000000E+00
   0.2000000E+01   0.1341350E+02   0.2203223E+00   0.8135321E+02   0.1248775E+00   0.6548002E+00   0.2682701E+02   0.0000000E+00
   0.1000000E+01   0.1384395E+02   0.1425287E+00   0.8519789E+02   0.2949104E+00   0.5625609E+00   0.2768791E+02   0.0000000E+00
   0.3000000E+01   0.1301301E+02   0.1314118E+00   0.7372382E+02   0.3835338E+00   0.4850544E+00   0.2602601E+02   0.0000000E+00
   0.3000000E+01   0.1285749E+02   0.2008269E+00   0.8264797E+02   0.2132254E+00   0.5859477E+00   0.2571497E+02   0.0000000E+00
   0.5000000E+01   0.1355758E+02   0.1139246E+00   0.8413109E+02   0.3848355E+00   0.5012399E+00   0.2711516E+02   0.0000000E+00
   0.1000000E+01   0.1290646E+02   0.1688689E+00   0.5867140E+02   0.2925345E+00   0.5385966E+00   0.2581292E+02   0.0000000E+00
   0.1000000E+01   0.1455113E+02   0.8928929E-01   0.4654577E+02   0.3942893E+00   0.5164214E+00   0.2910226E+02   0.0000000E+00
   0.4000000E+01   0.1572606E+02   0.2028405E+00   0.4078201E+02   0.7525238E-01   0.7219071E+00   0.3145213E+02   0.0000000E+00
   0.2000000E+01   0.1338753E+02   0.2636778E+00   0.3569731E+02   0.2002412E-01   0.7162981E+00   0.2677507E+02   0.0000000E+00
   0.4000000E+01   0.1364176E+02   0.2806544E+00   0.2802163E+02  -0.3414461E-01   0.7534902E+00   0.2728352E+02   0.0000000E+00
   0.1000000E+01   0.1381040E+02   0.2809311E+00   0.2971099E+02  -0.4245953E-01   0.7615284E+00   0.2762081E+02   0.0000000E+00
   0.1000000E+01   0.1289275E+02   0.3222285E+00   0.4500640E+02  -0.8940321E-01   0.7671747E+00   0.2578549E+02   0.0000000E+00
   0.1000000E+01   0.1299711E+02   0.2515828E+00   0.4783445E+02   0.7378884E-01   0.6746283E+00   0.2599422E+02   0.0000000E+00
   0.1000000E+01   0.1237087E+02   0.2871354E+00   0.4018155E+02   0.1355050E+00   0.5773595E+00   0.2474174E+02   0.0000000E+00
   0.1000000E+01   0.1238435E+02   0.2952322E+00   0.4726803E+02   0.1215692E+00   0.5831986E+00   0.2476869E+02   0.0000000E+00
   0.2000000E+01   0.1236973E+02   0.3180165E+00   0.4256849E+02   0.7174601E-01   0.6102375E+00   0.2473947E+02   0.0000000E+00
   0.1000000E+01   0.1222878E+02   0.3178725E+00   0.4286923E+02   0.4213496E-01   0.6399925E+00   0.2445757E+02   0.0000000E+00
   0.1000000E+01   0.1221773E+02   0.3272675E+00   0.4601227E+02   0.2019318E-01   0.6525393E+00   0.2443546E+02   0.0000000E+00
   0.2000000E+01   0.1238904E+02   0.3258298E+00   0.4749031E+02   0.5798052E-01   0.6161897E+00   0.2477808E+02   0.0000000E+00
   0.2000000E+01   0.1218852E+02   0.3381205E+00   0.7042025E+02  -0.1369834E-01   0.6755778E+00   0.2437703E+02   0.0000000E+00
   0.1000000E+01   0.1238353E+02   0.3576640E+00   0.5893827E+02  -0.1266382E+00   0.7689742E+00   0.2476705E+02   0.0000000E+00
   0.1000000E+01   0.1323033E+02   0.1581184E+00   0.7250786E+02   0.2930637E+00   0.5488180E+00   0.2646066E+02   0.0000000E+00
   0.4000000E+01   0.1275425E+02   0.1619965E+00   0.7820512E+02   0.3303081E+00   0.5076954E+00   0.2550849E+02   0.0000000E+00
   0.1000000E+01   0.1264931E+02   0.1797222E+00   0.7808820E+02   0.2958709E+00   0.5244069E+00   0.2529862E+02   0.0000000E+00
   0.5000000E+01   0.1256049E+02   0.1871089E+00   0.7438203E+02   0.2919522E+00   0.5209389E+00   0.2512097E+02   0.0000000E+00
   0.2000000E+01   0.1261237E+02   0.1791956E+00   0.7207833E+02   0.3045275E+00   0.5162769E+00   0.2522475E+02   0.0000000E+00
   0.5000000E+01   0.1283931E+02   0.2195199E+00   0.4746745E+02   0.1663422E+00   0.6141379E+00   0.2567863E+02   0.0000000E+00
   0.1000000E+01   0.1268660E+02   0.2183957E+00   0.4694984E+02   0.1843042E+00   0.5973002E+00   0.2537321E+02   0.0000000E+00
   0.2000000E+01   0.1231592E+02   0.3708302E+00   0.2402717E+02  -0.1492775E+00   0.7784473E+00   0.2463184E+02   0.0000000E+00
   0.1000000E+01   0.1223796E+02   0.2894482E+00   0.5377284E+02   0.8679094E-01   0.6237608E+00   0.2447591E+02   0.0000000E+00
   0.1000000E+01   0.1278929E+02   0.5062851E+00   0.6665412E+02  -0.3288454E+00   0.8225603E+00   0.2557859E+02   0.0000000E+00
   0.6000000E+01   0.1243170E+02   0.5254110E+00   0.8295404E+02  -0.4573682E+00   0.9319572E+00   0.2486339E+02   0.0000000E+00
   0.1000000E+01   0.1219816E+02   0.3716104E+00   0.6595289E+02  -0.8034553E-01   0.7087352E+00   0.2439631E+02   0.0000000E+00
   0.3000000E+01   0.1229808E+02   0.3723189E+00   0.6608961E+02  -0.5890410E-01   0.6865852E+00   0.2459616E+02   0.0000000E+00
   0.1000000E+01   0.1244920E+02   0.3962480E+00   0.7395270E+02  -0.9294500E-01   0.6966970E+00   0.2489840E+02   0.0000000E+00
   0.1000000E+01   0.1243591E+02   0.5118107E+00   0.6990016E+02  -0.3950141E+00   0.8832034E+00   0.2487182E+02   0.0000000E+00
   0.1000000E+01   0.1233383E+02   0.4740154E+00   0.8376530E+02  -0.3651979E+00   0.8911826E+00   0.2466765E+02   0.0000000E+00
   0.1000000E+01   0.1237611E+02   0.4826003E+00   0.8674460E+02  -0.3899078E+00   0.9073075E+00   0.2475221E+02   0.0000000E+00
   0.3000000E+01   0.1241770E+02   0.4954281E+00   0.8481442E+02  -0.4207548E+00   0.9253267E+00   0.2483541E+02   0.0000000E+00
   0.1000000E+01   0.1302572E+02   0.3736071E+00   0.9555945E+02  -0.2171062E+00   0.8434991E+00   0.2605144E+02   0.0000000E+00
   0.5000000E+01   0.1312432E+02   0.3710741E+00   0.9176245E+02  -0.2172434E+00   0.8461693E+00   0.2624864E+02   0.0000000E+00
   0.1000000E+01   0.1223239E+02   0.4430766E+00   0.6955107E+02  -0.2520881E+00   0.8090115E+00   0.2446479E+02   0.0000000E+00
   0.1000000E+01   0.1217406E+02   0.3491637E+00   0.5484248E+02  -0.5664591E-01   0.7074822E+00   0.2434811E+02   0.0000000E+00
   0.2000000E+01   0.1217714E+02   0.3523118E+00   0.5478114E+02  -0.4843810E-01   0.6961263E+00   0.2435429E+02   0.0000000E+00
   0.1000000E+01   0.1224383E+02   0.2883499E+00   0.8458962E+02   0.9605591E-01   0.6155942E+00   0.2448766E+02   0.0000000E+00
   0.3000000E+01   0.1227605E+02   0.3084678E+00   0.5492944E+02   0.1063245E-01   0.6808998E+00   0.2455211E+02   0.0000000E+00
   0.1000000E+01   0.1221462E+02   0.3061760E+00   0.7701036E+02   0.4195462E-01   0.6518694E+00   0.2442924E+02   0.0000000E+00
   0.3000000E+01   0.1220580E+02   0.4335659E+00   0.7805298E+02  -0.2455374E+00   0.8119715E+00   0.2441160E+02   0.0000000E+00
   0.3000000E+01   0.1267004E+02   0.5353524E+00   0.6700187E+02  -0.4208375E+00   0.8854851E+00   0.2534008E+02   0.0000000E+00
   0.1000000E+01   0.1244694E+02   0.5290247E+00   0.6931520E+02  -0.4686129E+00   0.9395881E+00   0.2489389E+02   0.0000000E+00
   0.3000000E+01   0.1236289E+02   0.5050931E+00   0.8998409E+02  -0.4068600E+00   0.9017668E+00   0.2472577E+02   0.0000000E+00
   0.1000000E+01   0.1221508E+02   0.4397898E+00   0.6371875E+02  -0.2614223E+00   0.8216326E+00   0.2443017E+02   0.0000000E+00
   0.1000000E+01   0.1220997E+02   0.4360052E+00   0.7036758E+02  -0.2535940E+00   0.8175888E+00   0.2441994E+02   0.0000000E+00
   0.2000000E+01   0.1250812E+02   0.5452107E+00   0.7216624E+02  -0.4979657E+00   0.9527549E+00   0.2501625E+02   0.0000000E+00
   0.2000000E+01   0.1239299E+02   0.2848527E+00   0.6884060E+02   0.4987560E-01   0.6652717E+00   0.2478598E+02   0.0000000E+00
   0.2000000E+01   0.1232226E+02   0.2765380E+00   0.6769752E+02   0.1460504E+00   0.5774116E+00   0.2464453E+02   0.0000000E+00
   0.1000000E+01   0.1265650E+02   0.2315643E+00   0.4829347E+02   0.2860068E+00   0.4824289E+00   0.2531300E+02   0.0000000E+00
   0.4000000E+01   0.1220810E+02   0.3240178E+00   0.2878250E+02   0.2185724E-01   0.6541250E+00   0.2441619E+02   0.0000000E+00
   0.1000000E+01   0.1239362E+02   0.3283249E+00   0.7152912E+02   0.5347775E-01   0.6181974E+00   0.2478724E+02   0.0000000E+00
   0.2000000E+01   0.1223969E+02   0.3637504E+00   0.7339219E+02  -0.5100753E-01   0.6872571E+00   0.2447937E+02   0.0000000E+00
   0.4000000E+01   0.1316200E+02   0.3384802E+00   0.8451361E+02   0.9977531E-01   0.5617445E+00   0.2632401E+02   0.0000000E+00
   0.2000000E+01   0.1216606E+02   0.3702786E+00   0.4470533E+02  -0.9985928E-01   0.7295807E+00   0.2433211E+02   0.0000000E+00
   0.6000000E+01   0.1239031E+02   0.4779640E+00   0.5540117E+02  -0.3063812E+00   0.8284172E+00   0.2478063E+02   0.0000000E+00
   0.2000000E+01   0.1278832E+02   0.4933691E+00   0.4614495E+02  -0.2960443E+00   0.8026752E+00   0.2557663E+02   0.0000000E+00
   0.2000000E+01   0.1253801E+02   0.4663166E+00   0.3837120E+02  -0.2540868E+00   0.7877702E+00   0.2507601E+02   0.0000000E+00
   0.3000000E+01   0.1315091E+02   0.4717656E+00   0.3865397E+02  -0.2132931E+00   0.7415274E+00   0.2630183E+02   0.0000000E+00
   0.2000000E+01   0.1285667E+02   0.3202901E+00   0.2669901E+02  -0.8335395E-01   0.7630638E+00   0.2571334E+02   0.0000000E+00
   0.6000000E+01   0.1225455E+02   0.4585593E+00   0.9245609E+02  -0.3124119E+00   0.8538525E+00   0.2450911E+02   0.0000000E+00
   0.1000000E+01   0.1222919E+02   0.4451947E+00   0.3018060E+02  -0.2628446E+00   0.8176499E+00   0.2445837E+02   0.0000000E+00
   0.1000000E+01   0.1327558E+02   0.5242384E+00   0.3135083E+02  -0.3355371E+00   0.8112987E+00   0.2655116E+02   0.0000000E+00
   0.1000000E+01   0.1451021E+02   0.2306258E+00   0.3708442E+02   0.4101852E+00   0.3591890E+00   0.2902043E+02   0.0000000E+00
   0.4000000E+01   0.1516065E+02   0.4171805E+00   0.3587753E+02   0.1797244E-01   0.5648471E+00   0.3032130E+02   0.0000000E+00
   0.1000000E+01   0.1610296E+02   0.4275950E+00   0.3641692E+02   0.2941512E-01   0.5429899E+00   0.3220593E+02   0.0000000E+00
   0.2000000E+01   0.1611471E+02   0.4448483E+00   0.3719961E+02  -0.1049839E-01   0.5656501E+00   0.3222943E+02   0.0000000E+00
   0.3000000E+01   0.1609772E+02   0.4256951E+00   0.3903207E+02   0.3375666E-01   0.5405483E+00   0.3219544E+02   0.0000000E+00
   0.1000000E+01   0.1414457E+02   0.4920505E+00   0.3955481E+02  -0.2046294E+00   0.7125789E+00   0.2828913E+02   0.0000000E+00
   0.1000000E+01   0.1297302E+02   0.3634229E+00   0.7873263E+02   0.3023036E-01   0.6063467E+00   0.2594605E+02   0.0000000E+00
   0.1000000E+01   0.1258262E+02   0.5462557E+00   0.9162028E+02  -0.4687055E+00   0.9224498E+00   0.2516524E+02   0.0000000E+00
   0.1000000E+01   0.1237642E+02   0.5086965E+00   0.9793735E+02  -0.4099783E+00   0.9012818E+00   0.2475284E+02   0.0000000E+00
   0.2000000E+01   0.1236015E+02   0.5033160E+00   0.9350151E+02  -0.4100911E+00   0.9067751E+00   0.2472030E+02   0.0000000E+00
   0.1000000E+01   0.1227406E+02   0.3738988E+00   0.8426210E+02  -0.1475591E+00   0.7736603E+00   0.2454812E+02   0.0000000E+00
   0.1000000E+01   0.1220561E+02   0.4058524E+00   0.6595040E+02  -0.2014160E+00   0.7955636E+00   0.2441122E+02   0.0000000E+00
   0.4000000E+01   0.1234452E+02   0.4595207E+00   0.5043539E+02  -0.3414737E+00   0.8819530E+00   0.2468905E+02   0.0000000E+00
   0.2000000E+01   0.1296367E+02   0.4292746E+00   0.3527439E+02  -0.1244393E+00   0.6951647E+00   0.2592734E+02   0.0000000E+00
   0.2000000E+01   0.1424659E+02   0.4022810E+00   0.4773460E+02   0.1322548E-01   0.5844935E+00   0.2849318E+02   0.0000000E+00
   0.1000000E+01   0.1311654E+02   0.2426960E+00   0.6035056E+02   0.3051658E+00   0.4521382E+00   0.2623308E+02   0.0000000E+00
   0.7000000E+01   0.1230074E+02   0.2622299E+00   0.9243716E+02   0.1605442E+00   0.5772259E+00   0.2460148E+02   0.0000000E+00
   0.6000000E+01   0.1223548E+02   0.3801886E+00   0.9329630E+02  -0.8946619E-01   0.7092776E+00   0.2447096E+02   0.0000000E+00
   0.3000000E+01   0.1233556E+02   0.3854077E+00   0.9703424E+02  -0.8288797E-01   0.6974803E+00   0.2467112E+02   0.0000000E+00
   0.1000000E+01   0.1220458E+02   0.3566786E+00   0.9163849E+02  -0.4483273E-01   0.6881541E+00   0.2440916E+02   0.0000000E+00
   0.2000000E+01   0.1230980E+02   0.3340355E+00   0.8801759E+02   0.2816098E-01   0.6378036E+00   0.2461961E+02   0.0000000E+00
   0.2000000E+01   0.1235290E+02   0.3310842E+00   0.9636474E+02   0.4163004E-01   0.6272858E+00   0.2470580E+02   0.0000000E+00
   0.2000000E+01   0.1246801E+02   0.2260102E+00   0.8908926E+02   0.1957619E+00   0.5782279E+00   0.2493602E+02   0.0000000E+00
   0.2000000E+01   0.1244184E+02   0.2194622E+00   0.8389350E+02   0.2217770E+00   0.5587608E+00   0.2488367E+02   0.0000000E+00
   0.2000000E+01   0.1307483E+02   0.1892194E+00   0.9745565E+02   0.2248836E+00   0.5858970E+00   0.2614966E+02   0.0000000E+00
   0.1000000E+01   0.1303129E+02   0.1853169E+00   0.9753567E+02   0.2383411E+00   0.5763420E+00   0.2606257E+02   0.0000000E+00
   0.2000000E+01   0.1234276E+02   0.2722886E+00   0.6085525E+02   0.9219062E-01   0.6355208E+00   0.2468552E+02   0.0000000E+00
   0.2000000E+01   0.1253482E+02   0.1908524E+00   0.6069512E+02   0.3376193E+00   0.4715283E+00   0.2506965E+02   0.0000000E+00
   0.1000000E+01   0.1255338E+02   0.1787243E+00   0.5369029E+02   0.3566432E+00   0.4646324E+00   0.2510676E+02   0.0000000E+00
   0.4000000E+01   0.1236715E+02   0.2410013E+00   0.2800433E+02   0.2164474E+00   0.5425513E+00   0.2473430E+02   0.0000000E+00
   0.1000000E+01   0.1304045E+02   0.1723203E+00   0.5659267E+02   0.2710056E+00   0.5566741E+00   0.2608091E+02   0.0000000E+00
   0.2000000E+01   0.1312429E+02   0.1955504E+00   0.5456578E+02   0.2047805E+00   0.5996691E+00   0.2624858E+02   0.0000000E+00
   0.1000000E+01   0.1275138E+02   0.2491407E+00   0.5779964E+02   0.9935471E-01   0.6515046E+00   0.2550276E+02   0.0000000E+00
   0.2000000E+01   0.1252286E+02   0.2204417E+00   0.6592891E+02   0.2011611E+00   0.5783971E+00   0.2504573E+02   0.0000000E+00
   0.1000000E+01   0.1289957E+02   0.1617048E+00   0.2948346E+02   0.4471541E+00   0.3911410E+00   0.2579915E+02   0.0000000E+00
   0.1000000E+01   0.1362432E+02   0.2623578E+00   0.3944503E+02   0.2956780E+00   0.4419642E+00   0.2724864E+02   0.0000000E+00
   0.1000000E+01   0.1346812E+02   0.2907578E+00   0.3797813E+02   0.2244395E+00   0.4848027E+00   0.2693625E+02   0.0000000E+00
   0.2000000E+01   0.1248771E+02   0.2139111E+00   0.3455481E+02   0.2917075E+00   0.4943814E+00   0.2497542E+02   0.0000000E+00
   0.1000000E+01   0.1228212E+02   0.3080225E+00   0.8844287E+02   0.1066639E-01   0.6813112E+00   0.2456425E+02   0.0000000E+00
   0.4000000E+01   0.1225459E+02   0.2848022E+00   0.9275845E+02   0.8536474E-01   0.6298331E+00   0.2450918E+02   0.0000000E+00
   0.4000000E+01   0.1224395E+02   0.2866613E+00   0.8841509E+02   0.8836658E-01   0.6249721E+00   0.2448790E+02   0.0000000E+00
   0.4000000E+01   0.1225692E+02   0.2869583E+00   0.9257636E+02   0.7690034E-01   0.6361413E+00   0.2451385E+02   0.0000000E+00
   0.1000000E+01   0.1221630E+02   0.4409017E+00   0.7669596E+02  -0.2595430E+00   0.8186413E+00   0.2443259E+02   0.0000000E+00
   0.3000000E+01   0.1280766E+02   0.4454982E+00   0.8125038E+02  -0.3628639E+00   0.9173658E+00   0.2561532E+02   0.0000000E+00
   0.1000000E+01   0.1261080E+02   0.3106775E+00   0.4571924E+02   0.1168554E+00   0.5724671E+00   0.2522160E+02   0.0000000E+00
   0.1000000E+01   0.1384880E+02   0.2442205E+00   0.3801539E+02   0.4407344E-01   0.7117061E+00   0.2769761E+02   0.0000000E+00
   0.1000000E+01   0.1392735E+02   0.4178373E+00   0.5231334E+02  -0.3629929E+00   0.9451556E+00   0.2785469E+02   0.0000000E+00
   0.1000000E+01   0.1387832E+02   0.4300708E+00   0.4693468E+02  -0.3883959E+00   0.9583252E+00   0.2775663E+02   0.0000000E+00
   0.1000000E+01   0.1306757E+02   0.3899435E+00   0.4544621E+02  -0.2573045E+00   0.8673611E+00   0.2613515E+02   0.0000000E+00
   0.1000000E+01   0.1361735E+02   0.3338651E+00   0.5573570E+02  -0.1571298E+00   0.8232646E+00   0.2723469E+02   0.0000000E+00
   0.2000000E+01   0.1284181E+02   0.3946180E+00   0.7397509E+02  -0.2528273E+00   0.8582092E+00   0.2568362E+02   0.0000000E+00
   0.1000000E+01   0.1257591E+02   0.4488453E+00   0.5716265E+02  -0.2055145E+00   0.7566691E+00   0.2515183E+02   0.0000000E+00
   0.1000000E+01   0.1261081E+02   0.4619905E+00   0.5835686E+02  -0.2344256E+00   0.7724351E+00   0.2522162E+02   0.0000000E+00
   0.2000000E+01   0.1248507E+02   0.3249944E+00   0.5140650E+02   0.7220746E-01   0.6027982E+00   0.2497015E+02   0.0000000E+00
   0.3000000E+01   0.1226600E+02   0.3161131E+00   0.5363728E+02   0.5645906E-01   0.6274278E+00   0.2453200E+02   0.0000000E+00
   0.1000000E+01   0.1226747E+02   0.3208044E+00   0.5364780E+02   0.4730310E-01   0.6318925E+00   0.2453494E+02   0.0000000E+00
   0.4000000E+01   0.1322373E+02   0.4474316E+00   0.5012250E+02  -0.1491521E+00   0.7017205E+00   0.2644746E+02   0.0000000E+00
   0.1000000E+01   0.1317409E+02   0.4799804E+00   0.4903361E+02  -0.2315127E+00   0.7515323E+00   0.2634819E+02   0.0000000E+00
   0.1000000E+01   0.1321140E+02   0.4815682E+00   0.4905078E+02  -0.2328254E+00   0.7512572E+00   0.2642280E+02   0.0000000E+00
   0.2000000E+01   0.1308679E+02   0.4181484E+00   0.8364653E+02  -0.8850329E-01   0.6703549E+00   0.2617359E+02   0.0000000E+00
   0.3000000E+01   0.1478674E+02   0.5919607E+00   0.9485134E+02  -0.4203618E+00   0.8284011E+00   0.2957349E+02   0.0000000E+00
   0.2000000E+01   0.1311427E+02   0.5578827E+00   0.7802509E+02  -0.4345044E+00   0.8766216E+00   0.2622854E+02   0.0000000E+00
   0.1000000E+01   0.1335147E+02   0.5242764E+00   0.7524678E+02  -0.3293481E+00   0.8050717E+00   0.2670294E+02   0.0000000E+00
   0.1000000E+01   0.1282740E+02   0.4955936E+00   0.6149986E+02  -0.2978102E+00   0.8022166E+00   0.2565479E+02   0.0000000E+00
   0.2000000E+01   0.1273456E+02   0.4369511E+00   0.8563475E+02  -0.1607471E+00   0.7237960E+00   0.2546912E+02   0.0000000E+00
   0.1000000E+01   0.1236313E+02   0.4380562E+00   0.8742521E+02  -0.2060940E+00   0.7680378E+00   0.2472626E+02   0.0000000E+00
   0.1000000E+01   0.1288238E+02   0.4460194E+00   0.9451262E+02  -0.1701440E+00   0.7241246E+00   0.2576476E+02   0.0000000E+00
   0.5000000E+01   0.1365741E+02   0.5883324E+00   0.8687999E+02  -0.4738591E+00   0.8855267E+00   0.2731482E+02   0.0000000E+00
   0.2000000E+01   0.1356699E+02   0.4623561E+00   0.3545290E+02  -0.1641980E+00   0.7018419E+00   0.2713398E+02   0.0000000E+00
   0.1000000E+01   0.1285939E+02   0.3356384E+00   0.4665258E+02   0.8395775E-01   0.5804038E+00   0.2571879E+02   0.0000000E+00
   0.1000000E+01   0.1224587E+02   0.3298216E+00   0.6728270E+02   0.2365912E-01   0.6465193E+00   0.2449175E+02   0.0000000E+00
   0.2000000E+01   0.1219458E+02   0.3527081E+00   0.5317248E+02  -0.7832736E-01   0.7256193E+00   0.2438915E+02   0.0000000E+00
   0.4000000E+01   0.1252534E+02   0.2681768E+00   0.7235708E+02   0.7458128E-01   0.6572420E+00   0.2505068E+02   0.0000000E+00
   0.1000000E+01   0.1225507E+02   0.3005369E+00   0.8969970E+02   0.8346545E-01   0.6159976E+00   0.2451014E+02   0.0000000E+00
   0.2000000E+01   0.1227515E+02   0.4082842E+00   0.8164134E+02  -0.1479349E+00   0.7396507E+00   0.2455031E+02   0.0000000E+00
   0.1000000E+01   0.1226848E+02   0.4010587E+00   0.7301966E+02  -0.1317912E+00   0.7307325E+00   0.2453696E+02   0.0000000E+00
   0.7000000E+01   0.1247436E+02   0.4519983E+00   0.7123263E+02  -0.2252565E+00   0.7732582E+00   0.2494872E+02   0.0000000E+00
   0.3000000E+01   0.1332497E+02   0.1763518E+00   0.4819156E+02   0.4575590E+00   0.3660892E+00   0.2664994E+02   0.0000000E+00
   0.1000000E+01   0.1243791E+02   0.2076642E+00   0.7106356E+02   0.2695890E+00   0.5227468E+00   0.2487583E+02   0.0000000E+00
   0.2000000E+01   0.1224853E+02   0.4575925E+00   0.4063915E+02  -0.3067986E+00   0.8492061E+00   0.2449706E+02   0.0000000E+00
   0.1000000E+01   0.1229089E+02   0.4759060E+00   0.4606555E+02  -0.3312396E+00   0.8553337E+00   0.2458177E+02   0.0000000E+00
   0.1000000E+01   0.1286874E+02   0.4833155E+00   0.2763961E+02  -0.2643763E+00   0.7810607E+00   0.2573748E+02   0.0000000E+00
   0.1000000E+01   0.1289223E+02   0.3718548E+00   0.3628975E+02   0.4324455E-02   0.6238207E+00   0.2578446E+02   0.0000000E+00
   0.1000000E+01   0.1270575E+02   0.4517069E+00   0.3452163E+02  -0.2000909E+00   0.7483840E+00   0.2541150E+02   0.0000000E+00
   0.1000000E+01   0.1232594E+02   0.4196322E+00   0.2939015E+02  -0.1675576E+00   0.7479254E+00   0.2465187E+02   0.0000000E+00
   0.2000000E+01   0.1222084E+02   0.3878814E+00   0.7280980E+02  -0.1676652E+00   0.7797837E+00   0.2444167E+02   0.0000000E+00
   0.7000000E+01   0.1220461E+02   0.3928607E+00   0.7104118E+02  -0.1738164E+00   0.7809557E+00   0.2440923E+02   0.0000000E+00
   0.2000000E+01   0.1284436E+02   0.3411400E+00   0.6136054E+02   0.7065781E-01   0.5882022E+00   0.2568871E+02   0.0000000E+00
   0.1000000E+01   0.1266262E+02   0.1781720E+00   0.3988229E+02   0.3851057E+00   0.4367223E+00   0.2532524E+02   0.0000000E+00
   0.1000000E+01   0.1238794E+02   0.2254451E+00   0.3141856E+02   0.2414236E+00   0.5331313E+00   0.2477588E+02   0.0000000E+00
   0.2000000E+01   0.1225420E+02   0.3437206E+00   0.5694620E+02  -0.7289316E-01   0.7291725E+00   0.2450841E+02   0.0000000E+00
   0.2000000E+01   0.1248130E+02   0.2001839E+00   0.9623678E+02   0.3082744E+00   0.4915417E+00   0.2496259E+02   0.0000000E+00
   0.2000000E+01   0.1267107E+02   0.3573242E+00   0.7983278E+02   0.1961977E-01   0.6230561E+00   0.2534214E+02   0.0000000E+00
   0.4000000E+01   0.1218645E+02   0.3404247E+00   0.6658188E+02  -0.1927652E-01   0.6788518E+00   0.2437290E+02   0.0000000E+00
   0.4000000E+01   0.1270685E+02   0.1403595E+00   0.9267999E+02   0.4104976E+00   0.4491429E+00   0.2541371E+02   0.0000000E+00
   0.3000000E+01   0.1245034E+02   0.2331090E+00   0.3157036E+02   0.2514712E+00   0.5154198E+00   0.2490069E+02   0.0000000E+00
   0.1000000E+01   0.1226665E+02   0.3296679E+00   0.5472516E+02   0.2878865E-01   0.6415434E+00   0.2453330E+02   0.0000000E+00
   0.1000000E+01   0.1238080E+02   0.3067375E+00   0.8217417E+02   0.9753489E-01   0.5957276E+00   0.2476161E+02   0.0000000E+00
   0.1000000E+01   0.1245994E+02   0.3563584E+00   0.8313571E+02   0.7859298E-04   0.6435630E+00   0.2491988E+02   0.0000000E+00
   0.3000000E+01   0.1251526E+02   0.3542501E+00   0.8270032E+02   0.1109773E-01   0.6346522E+00   0.2503053E+02   0.0000000E+00
   0.7000000E+01   0.1242155E+02   0.3599354E+00   0.8063083E+02  -0.1268179E-01   0.6527464E+00   0.2484311E+02   0.0000000E+00
   0.1000000E+01   0.1260551E+02   0.3214214E+00   0.7070791E+02   0.9321455E-01   0.5853640E+00   0.2521101E+02   0.0000000E+00
   0.1000000E+01   0.1246391E+02   0.2917854E+00   0.7239993E+02   0.1404477E+00   0.5677669E+00   0.2492783E+02   0.0000000E+00
   0.2000000E+01   0.1218233E+02   0.3362744E+00   0.5517186E+02  -0.1607732E-01   0.6798029E+00   0.2436467E+02   0.0000000E+00
   0.1000000E+01   0.1238068E+02   0.2825199E+00   0.7654668E+02   0.1467567E+00   0.5707234E+00   0.2476137E+02   0.0000000E+00
   0.2000000E+01   0.1218471E+02   0.3313018E+00   0.8968791E+02  -0.8177099E-02   0.6768753E+00   0.2436941E+02   0.0000000E+00
   0.1000000E+01   0.1240862E+02   0.5190229E+00   0.6640329E+02  -0.4404028E+00   0.9213799E+00   0.2481725E+02   0.0000000E+00
   0.3000000E+01   0.1261738E+02   0.4722152E+00   0.5798547E+02  -0.4031073E+00   0.9308921E+00   0.2523477E+02   0.0000000E+00
   0.1000000E+01   0.1267693E+02   0.3246241E+00   0.5632051E+02  -0.7851089E-01   0.7538868E+00   0.2535386E+02   0.0000000E+00
   0.1000000E+01   0.1347484E+02   0.4705503E+00   0.6838707E+02  -0.4583882E+00   0.9878378E+00   0.2694967E+02   0.0000000E+00
   0.3000000E+01   0.1251556E+02   0.5258699E+00   0.7805638E+02  -0.4901422E+00   0.9642723E+00   0.2503112E+02   0.0000000E+00
   0.2000000E+01   0.1253665E+02   0.4893800E+00   0.8021684E+02  -0.4283630E+00   0.9389830E+00   0.2507329E+02   0.0000000E+00
   0.2000000E+01   0.1260819E+02   0.4873773E+00   0.6192722E+02  -0.2993060E+00   0.8119287E+00   0.2521638E+02   0.0000000E+00
   0.1000000E+01   0.1270457E+02   0.4417857E+00   0.7612006E+02  -0.1752204E+00   0.7334348E+00   0.2540914E+02   0.0000000E+00
   0.1000000E+01   0.1264039E+02   0.4692641E+00   0.8833288E+02  -0.2493392E+00   0.7800751E+00   0.2528077E+02   0.0000000E+00
   0.2000000E+01   0.1221003E+02   0.3208362E+00   0.9817695E+02   0.2926543E-01   0.6498984E+00   0.2442007E+02   0.0000000E+00
   0.1000000E+01   0.1223643E+02   0.3438861E+00   0.9890736E+02  -0.8161998E-02   0.6642759E+00   0.2447286E+02   0.0000000E+00
   0.4000000E+01   0.1219701E+02   0.3611947E+00   0.9399552E+02  -0.5731119E-01   0.6961165E+00   0.2439403E+02   0.0000000E+00
   0.3000000E+01   0.1223519E+02   0.3012624E+00   0.7603568E+02   0.4345615E-01   0.6552814E+00   0.2447038E+02   0.0000000E+00
   0.4000000E+01   0.1222980E+02   0.3842880E+00   0.8710801E+02  -0.1004495E+00   0.7161615E+00   0.2445960E+02   0.0000000E+00
   0.2000000E+01   0.1266963E+02   0.2666459E+00   0.8927588E+02   0.2165882E+00   0.5167659E+00   0.2533927E+02   0.0000000E+00
   0.6000000E+01   0.1255689E+02   0.2490054E+00   0.8612646E+02   0.2394132E+00   0.5115814E+00   0.2511378E+02   0.0000000E+00
   0.1000000E+01   0.1234610E+02   0.3347445E+00   0.7622855E+02  -0.6709164E-01   0.7323472E+00   0.2469221E+02   0.0000000E+00
   0.8000000E+01   0.1223993E+02   0.4102153E+00   0.2164532E+02  -0.1630572E+00   0.7528420E+00   0.2447985E+02   0.0000000E+00
   0.5000000E+01   0.1257801E+02   0.4804273E+00   0.4729092E+02  -0.2851326E+00   0.8047053E+00   0.2515603E+02   0.0000000E+00
   0.1000000E+01   0.1256901E+02   0.4680140E+00   0.5606760E+02  -0.2542817E+00   0.7862677E+00   0.2513802E+02   0.0000000E+00
   0.6000000E+01   0.1223574E+02   0.4508873E+00   0.5815911E+02  -0.2909651E+00   0.8400778E+00   0.2447148E+02   0.0000000E+00
   0.1000000E+01   0.1242798E+02   0.4381793E+00   0.2129365E+02  -0.1992343E+00   0.7610550E+00   0.2485596E+02   0.0000000E+00
   0.1000000E+01   0.1229781E+02   0.4498402E+00   0.2544972E+02  -0.2512009E+00   0.8013607E+00   0.2459563E+02   0.0000000E+00
   0.1000000E+01   0.1279902E+02   0.1579181E+00   0.3802868E+02   0.3346831E+00   0.5073988E+00   0.2559803E+02   0.0000000E+00
   0.2000000E+01   0.1257656E+02   0.1694204E+00   0.6718089E+02   0.3715762E+00   0.4590034E+00   0.2515313E+02   0.0000000E+00
   0.2000000E+01   0.1257813E+02   0.1690058E+00   0.6721052E+02   0.3725284E+00   0.4584658E+00   0.2515627E+02   0.0000000E+00
   0.2000000E+01   0.1342384E+02   0.7526495E-01   0.6762937E+02   0.4982160E+00   0.4265191E+00   0.2684767E+02   0.0000000E+00
   0.1000000E+01   0.1342394E+02   0.7463047E-01   0.6789450E+02   0.4999618E+00   0.4254077E+00   0.2684787E+02   0.0000000E+00
   0.1000000E+01   0.1218534E+02   0.3471806E+00   0.8802152E+02  -0.3284114E-01   0.6856605E+00   0.2437069E+02   0.0000000E+00
   0.8000000E+01   0.1281130E+02   0.3807856E+00   0.9364521E+02  -0.2192109E+00   0.8384253E+00   0.2562261E+02   0.0000000E+00
   0.3000000E+01   0.1283630E+02   0.4408821E+00   0.8972419E+02  -0.3549609E+00   0.9140787E+00   0.2567259E+02   0.0000000E+00
   0.1000000E+01   0.1264349E+02   0.4349056E+00   0.5820747E+02  -0.1644687E+00   0.7295631E+00   0.2528697E+02   0.0000000E+00
   0.1000000E+01   0.1384256E+02   0.5552097E+00   0.7673525E+02  -0.3767029E+00   0.8214932E+00   0.2768511E+02   0.0000000E+00
   0.2000000E+01   0.1385295E+02   0.5045248E+00   0.8551398E+02  -0.2497374E+00   0.7452126E+00   0.2770591E+02   0.0000000E+00
   0.1000000E+01   0.1397644E+02   0.5021514E+00   0.8549601E+02  -0.2372886E+00   0.7351372E+00   0.2795287E+02   0.0000000E+00
   0.1000000E+01   0.1338830E+02   0.4223255E+00   0.7713934E+02  -0.7886494E-01   0.6565395E+00   0.2677660E+02   0.0000000E+00
   0.7000000E+01   0.1339734E+02   0.4227047E+00   0.7708310E+02  -0.7921023E-01   0.6565056E+00   0.2679468E+02   0.0000000E+00
   0.2000000E+01   0.1340313E+02   0.5427186E+00   0.9941595E+02  -0.3726247E+00   0.8299060E+00   0.2680626E+02   0.0000000E+00
   0.6000000E+01   0.1288377E+02   0.5334278E+00   0.9058817E+02  -0.3906277E+00   0.8571999E+00   0.2576755E+02   0.0000000E+00
   0.1000000E+01   0.1224611E+02   0.4583224E+00   0.7703409E+02  -0.2998690E+00   0.8415466E+00   0.2449221E+02   0.0000000E+00
   0.7000000E+01   0.1236482E+02   0.2516478E+00   0.9733447E+02   0.2002625E+00   0.5480897E+00   0.2472965E+02   0.0000000E+00
   0.1000000E+01   0.1249834E+02   0.1946457E+00   0.8550463E+02   0.3203770E+00   0.4849773E+00   0.2499667E+02   0.0000000E+00
   0.1000000E+01   0.1325008E+02   0.2254861E+00   0.5045710E+02   0.3508964E+00   0.4236175E+00   0.2650016E+02   0.0000000E+00
   0.1000000E+01   0.1350880E+02   0.4962518E+00   0.5384572E+02  -0.2495703E+00   0.7533186E+00   0.2701761E+02   0.0000000E+00
   0.1000000E+01   0.1499694E+02   0.5000640E+00   0.6945604E+02  -0.1844143E+00   0.6843502E+00   0.2999388E+02   0.0000000E+00
   0.2000000E+01   0.1437206E+02   0.4893522E+00   0.7034103E+02  -0.1865443E+00   0.6971920E+00   0.2874412E+02   0.0000000E+00
   0.2000000E+01   0.1434127E+02   0.3497668E+00   0.6148693E+02   0.1383667E+00   0.5118665E+00   0.2868255E+02   0.0000000E+00
   0.2000000E+01   0.1442022E+02   0.4546062E+00   0.3395656E+02  -0.1018926E+00   0.6472864E+00   0.2884043E+02   0.0000000E+00
   0.8000000E+01   0.1411573E+02   0.5529265E+00   0.5196513E+02  -0.3558968E+00   0.8029703E+00   0.2823145E+02   0.0000000E+00
   0.3000000E+01   0.1395982E+02   0.5696472E+00   0.5049710E+02  -0.4069156E+00   0.8372684E+00   0.2791964E+02   0.0000000E+00
   0.3000000E+01   0.1334054E+02   0.4949233E+00   0.3356759E+02  -0.2575825E+00   0.7626592E+00   0.2668109E+02   0.0000000E+00
   0.2000000E+01   0.1306155E+02   0.4868893E+00   0.2167748E+02  -0.2587175E+00   0.7718282E+00   0.2612310E+02   0.0000000E+00
   0.2000000E+01   0.1273790E+02   0.2232363E+00   0.2104752E+02   0.1639105E+00   0.6128532E+00   0.2547580E+02   0.0000000E+00
   0.1000000E+01   0.1280154E+02   0.1216918E+00   0.3538898E+02   0.4935859E+00   0.3847223E+00   0.2560308E+02   0.0000000E+00
   0.1000000E+01   0.1279129E+02   0.2020498E+00   0.3385981E+02   0.3587503E+00   0.4391999E+00   0.2558259E+02   0.0000000E+00
   0.1000000E+01   0.1253655E+02   0.2326968E+00   0.5722264E+02   0.2679215E+00   0.4993817E+00   0.2507309E+02   0.0000000E+00
   0.3000000E+01   0.1253570E+02   0.1782166E+00   0.3174034E+02   0.3441103E+00   0.4776731E+00   0.2507141E+02   0.0000000E+00
   0.2000000E+01   0.1315022E+02   0.1701115E+00   0.4590382E+02   0.4561584E+00   0.3737301E+00   0.2630044E+02   0.0000000E+00
   0.1000000E+01   0.1229698E+02   0.3501090E+00   0.8894925E+02  -0.9095959E-02   0.6589869E+00   0.2459396E+02   0.0000000E+00
   0.1000000E+01   0.1227878E+02   0.2681397E+00   0.7574851E+02   0.1375200E+00   0.5943404E+00   0.2455755E+02   0.0000000E+00
   0.1300000E+02   0.1242844E+02   0.5111554E+00   0.2215317E+02  -0.3980640E+00   0.8869087E+00   0.2485687E+02   0.0000000E+00
   0.3000000E+01   0.1228365E+02   0.4640379E+00   0.3277964E+02  -0.3341703E+00   0.8701325E+00   0.2456730E+02   0.0000000E+00
   0.1000000E+01   0.1222835E+02   0.4480103E+00   0.3636815E+02  -0.2798659E+00   0.8318557E+00   0.2445670E+02   0.0000000E+00
   0.1000000E+01   0.1222132E+02   0.4301281E+00   0.2616617E+02  -0.2207715E+00   0.7906434E+00   0.2444264E+02   0.0000000E+00
   0.2000000E+01   0.1246465E+02   0.4914845E+00   0.2484321E+02  -0.3318414E+00   0.8403569E+00   0.2492931E+02   0.0000000E+00
   0.1000000E+01   0.1219705E+02   0.3333981E+00   0.4388215E+02  -0.3543381E-03   0.6669563E+00   0.2439410E+02   0.0000000E+00
   0.2000000E+01   0.1248795E+02   0.4663332E+00   0.8479681E+02  -0.3765223E+00   0.9101891E+00   0.2497591E+02   0.0000000E+00
   0.1000000E+01   0.1257686E+02   0.4954960E+00   0.9615445E+02  -0.3242450E+00   0.8287489E+00   0.2515371E+02   0.0000000E+00
   0.1000000E+02   0.1281355E+02   0.5474855E+00   0.9159686E+02  -0.4362694E+00   0.8887839E+00   0.2562710E+02   0.0000000E+00
   0.1000000E+01   0.1243874E+02   0.2303884E+00   0.8304580E+02   0.1893842E+00   0.5802274E+00   0.2487748E+02   0.0000000E+00
   0.1000000E+01   0.1294520E+02   0.2278979E+00   0.9835814E+02   0.3224791E+00   0.4496230E+00   0.2589039E+02   0.0000000E+00
   0.5000000E+01   0.1294685E+02   0.2271822E+00   0.9830828E+02   0.3240918E+00   0.4487260E+00   0.2589370E+02   0.0000000E+00
   0.1000000E+01   0.1312087E+02   0.2450487E+00   0.9019010E+02   0.3006598E+00   0.4542916E+00   0.2624174E+02   0.0000000E+00
   0.3000000E+01   0.1269941E+02   0.1584983E+00   0.7454673E+02   0.4231626E+00   0.4183391E+00   0.2539882E+02   0.0000000E+00
   0.1000000E+01   0.1230734E+02   0.2741522E+00   0.5207640E+02   0.1459954E+00   0.5798525E+00   0.2461469E+02   0.0000000E+00
   0.1000000E+01   0.1225598E+02   0.4554112E+00   0.9499186E+02  -0.3093965E+00   0.8539853E+00   0.2451195E+02   0.0000000E+00
   0.1000000E+01   0.1223315E+02   0.4497171E+00   0.9416001E+02  -0.2876958E+00   0.8379787E+00   0.2446631E+02   0.0000000E+00
   0.1000000E+01   0.1249174E+02   0.5390084E+00   0.7448165E+02  -0.4734619E+00   0.9344535E+00   0.2498348E+02   0.0000000E+00
   0.4000000E+01   0.1238882E+02   0.4481561E+00   0.5759293E+02  -0.3263457E+00   0.8781896E+00   0.2477765E+02   0.0000000E+00
   0.1000000E+01   0.1369101E+02   0.4138837E+00   0.5808430E+02  -0.3436393E+00   0.9297556E+00   0.2738202E+02   0.0000000E+00
   0.2000000E+01   0.1370976E+02   0.4216201E+00   0.6808600E+02  -0.3617623E+00   0.9401422E+00   0.2741951E+02   0.0000000E+00
   0.4000000E+01   0.1392597E+02   0.4623569E+00   0.6254233E+02  -0.4617840E+00   0.9994271E+00   0.2785195E+02   0.0000000E+00
   0.1000000E+01   0.1242354E+02   0.3521530E+00   0.4030624E+02  -0.1190389E+00   0.7668859E+00   0.2484709E+02   0.0000000E+00
   0.5000000E+01   0.1233041E+02   0.4876970E+00   0.2247774E+02  -0.3845935E+00   0.8968965E+00   0.2466081E+02   0.0000000E+00
   0.4000000E+01   0.1253340E+02   0.4926668E+00   0.2312233E+02  -0.4357784E+00   0.9431116E+00   0.2506681E+02   0.0000000E+00
   0.1000000E+01   0.1232536E+02   0.4637712E+00   0.2809761E+02  -0.3460348E+00   0.8822636E+00   0.2465071E+02   0.0000000E+00
   0.1000000E+01   0.1239720E+02   0.5114560E+00   0.2415758E+02  -0.4367487E+00   0.9252927E+00   0.2479440E+02   0.0000000E+00
   0.1000000E+01   0.1236417E+02   0.4906641E+00   0.2329420E+02  -0.3517694E+00   0.8611053E+00   0.2472834E+02   0.0000000E+00
   0.2000000E+01   0.1295765E+02   0.5741632E+00   0.7498603E+02  -0.4946019E+00   0.9204387E+00   0.2591531E+02   0.0000000E+00
   0.1000000E+01   0.1404798E+02   0.4711496E+00   0.5946269E+02  -0.1587188E+00   0.6875692E+00   0.2809595E+02   0.0000000E+00
   0.3000000E+01   0.1503936E+02   0.5372415E+00   0.5749726E+02  -0.2730053E+00   0.7357638E+00   0.3007871E+02   0.0000000E+00
   0.3000000E+01   0.1549995E+02   0.5933796E+00   0.6650103E+02  -0.3924654E+00   0.7990858E+00   0.3099990E+02   0.0000000E+00
   0.5000000E+01   0.1465885E+02   0.5437014E+00   0.5969367E+02  -0.3058467E+00   0.7621453E+00   0.2931771E+02   0.0000000E+00
   0.3000000E+01   0.1459486E+02   0.5564222E+00   0.6336166E+02  -0.3403687E+00   0.7839466E+00   0.2918973E+02   0.0000000E+00
   0.3000000E+01   0.1355303E+02   0.3499191E+00   0.5477425E+02   0.9773957E-01   0.5523413E+00   0.2710606E+02   0.0000000E+00
   0.2000000E+01   0.1328815E+02   0.4451052E+00   0.8644729E+02  -0.1391056E+00   0.6940004E+00   0.2657629E+02   0.0000000E+00
   0.1000000E+01   0.1293144E+02   0.4767093E+00   0.5421977E+02  -0.2415625E+00   0.7648531E+00   0.2586287E+02   0.0000000E+00
   0.1000000E+01   0.1238558E+02   0.4774032E+00   0.5974621E+02  -0.3057102E+00   0.8283071E+00   0.2477117E+02   0.0000000E+00
   0.1000000E+01   0.1257585E+02   0.5247253E+00   0.6106316E+02  -0.4049292E+00   0.8802039E+00   0.2515170E+02   0.0000000E+00
   0.3000000E+01   0.1307916E+02   0.5645361E+00   0.5572321E+02  -0.4557592E+00   0.8912231E+00   0.2615831E+02   0.0000000E+00
   0.2000000E+01   0.1286518E+02   0.5644422E+00   0.5980889E+02  -0.4779696E+00   0.9135274E+00   0.2573036E+02   0.0000000E+00
   0.2000000E+01   0.1287211E+02   0.5588976E+00   0.6184814E+02  -0.4614542E+00   0.9025566E+00   0.2574422E+02   0.0000000E+00
   0.1000000E+01   0.1237760E+02   0.5018169E+00   0.7474983E+02  -0.4194425E+00   0.9176256E+00   0.2475520E+02   0.0000000E+00
   0.1000000E+01   0.1237787E+02   0.5018792E+00   0.7474043E+02  -0.4196160E+00   0.9177368E+00   0.2475574E+02   0.0000000E+00
   0.1000000E+01   0.1257774E+02   0.4508323E+00   0.5154316E+02  -0.3546259E+00   0.9037936E+00   0.2515548E+02   0.0000000E+00
   0.1000000E+01   0.1233712E+02   0.4960908E+00   0.3789555E+02  -0.3874364E+00   0.8913456E+00   0.2467424E+02   0.0000000E+00
   0.3000000E+01   0.1261865E+02   0.2448828E+00   0.4515580E+02   0.2550290E+00   0.5000882E+00   0.2523730E+02   0.0000000E+00
   0.3000000E+01   0.1260809E+02   0.1910968E+00   0.4402974E+02   0.3538843E+00   0.4550189E+00   0.2521617E+02   0.0000000E+00
   0.1000000E+01   0.1302374E+02   0.2638489E+00   0.3179878E+02   0.2527043E+00   0.4834469E+00   0.2604748E+02   0.0000000E+00
   0.1000000E+01   0.1287425E+02   0.3404577E+00   0.5003342E+02   0.7441106E-01   0.5851312E+00   0.2574850E+02   0.0000000E+00
   0.1000000E+01   0.1321039E+02   0.2570376E+00   0.6555779E+02   0.2814704E+00   0.4614921E+00   0.2642077E+02   0.0000000E+00
   0.3000000E+01   0.1247318E+02   0.1965512E+00   0.6948538E+02   0.3008146E+00   0.5026342E+00   0.2494636E+02   0.0000000E+00
   0.4000000E+01   0.1231471E+02   0.2518300E+00   0.7011473E+02   0.1709832E+00   0.5771868E+00   0.2462942E+02   0.0000000E+00
   0.1000000E+01   0.1271411E+02   0.2020280E+00   0.5639536E+02   0.2246871E+00   0.5732849E+00   0.2542822E+02   0.0000000E+00
   0.2000000E+01   0.1256825E+02   0.1698120E+00   0.4078955E+02   0.3643979E+00   0.4657901E+00   0.2513649E+02   0.0000000E+00
   0.1000000E+01   0.1248854E+02   0.2182602E+00   0.4640461E+02   0.2134161E+00   0.5683237E+00   0.2497707E+02   0.0000000E+00
   0.1000000E+01   0.1249293E+02   0.3923124E+00   0.3817884E+02  -0.7916778E-01   0.6868553E+00   0.2498585E+02   0.0000000E+00
   0.4000000E+01   0.1232905E+02   0.3986850E+00   0.2047189E+02  -0.1177002E+00   0.7190152E+00   0.2465810E+02   0.0000000E+00
   0.2000000E+01   0.1217441E+02   0.3997386E+00   0.6595990E+02  -0.1706258E+00   0.7708872E+00   0.2434882E+02   0.0000000E+00
   0.2000000E+01   0.1338319E+02   0.2008735E+00   0.6176293E+02   0.1745940E+00   0.6245324E+00   0.2676639E+02   0.0000000E+00
   0.2000000E+01   0.1366338E+02   0.2658262E+00   0.6011363E+02   0.1409617E-02   0.7327642E+00   0.2732676E+02   0.0000000E+00
   0.2000000E+01   0.1334738E+02   0.2977069E+00   0.6884529E+02  -0.5848730E-01   0.7607804E+00   0.2669475E+02   0.0000000E+00
   0.2000000E+01   0.1301826E+02   0.2480497E+00   0.7348506E+02   0.8132143E-01   0.6706288E+00   0.2603653E+02   0.0000000E+00
   0.1000000E+01   0.1348416E+02   0.2232544E+00   0.7874814E+02   0.1137382E+00   0.6630074E+00   0.2696832E+02   0.0000000E+00
   0.5000000E+01   0.1305351E+02   0.2438650E+00   0.8866429E+02   0.8927655E-01   0.6668585E+00   0.2610702E+02   0.0000000E+00
   0.1000000E+01   0.1323560E+02   0.2239872E+00   0.8950134E+02   0.1264660E+00   0.6495468E+00   0.2647119E+02   0.0000000E+00
   0.1000000E+01   0.1312877E+02   0.2087720E+00   0.7876116E+02   0.1713417E+00   0.6198863E+00   0.2625755E+02   0.0000000E+00
   0.1000000E+01   0.1270463E+02   0.2156580E+00   0.7687574E+02   0.1898840E+00   0.5944580E+00   0.2540926E+02   0.0000000E+00
   0.1000000E+01   0.1259207E+02   0.2491484E+00   0.7723314E+02   0.1154691E+00   0.6353825E+00   0.2518414E+02   0.0000000E+00
   0.1000000E+01   0.1268811E+02   0.2569287E+00   0.5764483E+02   0.8562914E-01   0.6574422E+00   0.2537622E+02   0.0000000E+00
   0.1000000E+01   0.1249390E+02   0.2684581E+00   0.4022234E+02   0.7718769E-01   0.6543542E+00   0.2498780E+02   0.0000000E+00
   0.1000000E+01   0.1279370E+02   0.3386508E+00   0.5089401E+02   0.7198778E-01   0.5893615E+00   0.2558740E+02   0.0000000E+00
   0.1000000E+01   0.1278147E+02   0.4929213E+00   0.5078464E+02  -0.2954562E+00   0.8025349E+00   0.2556295E+02   0.0000000E+00
   0.4000000E+01   0.1267662E+02   0.4707539E+00   0.5146182E+02  -0.2496466E+00   0.7788926E+00   0.2535323E+02   0.0000000E+00
   0.1100000E+02   0.1224711E+02   0.4002886E+00   0.5359015E+02  -0.1347515E+00   0.7344628E+00   0.2449422E+02   0.0000000E+00
   0.1000000E+01   0.1231079E+02   0.3535148E+00   0.5866799E+02  -0.1065819E+00   0.7530671E+00   0.2462159E+02   0.0000000E+00
   0.2000000E+01   0.1236770E+02   0.3655227E+00   0.4961637E+02  -0.1429612E+00   0.7774385E+00   0.2473540E+02   0.0000000E+00
   0.1000000E+01   0.1259765E+02   0.1682473E+00   0.4555156E+02   0.3444402E+00   0.4873125E+00   0.2519530E+02   0.0000000E+00
   0.2000000E+01   0.1275619E+02   0.2129574E+00   0.6237718E+02   0.3341072E+00   0.4529354E+00   0.2551239E+02   0.0000000E+00
   0.1000000E+01   0.1273593E+02   0.2202742E+00   0.6385323E+02   0.3175014E+00   0.4622244E+00   0.2547186E+02   0.0000000E+00
   0.1000000E+01   0.1238836E+02   0.2336856E+00   0.5885239E+02   0.2343010E+00   0.5320134E+00   0.2477673E+02   0.0000000E+00
   0.1000000E+01   0.1249830E+02   0.1891102E+00   0.6673898E+02   0.3147551E+00   0.4961347E+00   0.2499660E+02   0.0000000E+00
   0.4000000E+01   0.1277220E+02   0.1459196E+00   0.7103932E+02   0.3748774E+00   0.4792031E+00   0.2554440E+02   0.0000000E+00
   0.2000000E+01   0.1268806E+02   0.3809552E+00   0.2884329E+02  -0.3390709E-01   0.6529519E+00   0.2537612E+02   0.0000000E+00
   0.5000000E+01   0.1397765E+02   0.5660775E+00   0.3974021E+02  -0.3970714E+00   0.8309939E+00   0.2795531E+02   0.0000000E+00
   0.2000000E+01   0.1304669E+02   0.4813273E+00   0.4062721E+02  -0.2442986E+00   0.7629714E+00   0.2609338E+02   0.0000000E+00
   0.2000000E+01   0.1263260E+02   0.2780718E+00   0.6149227E+02   0.1887718E+00   0.5331564E+00   0.2526521E+02   0.0000000E+00
   0.5000000E+01   0.1310313E+02   0.1767722E+00   0.8849729E+02   0.4392147E+00   0.3840131E+00   0.2620626E+02   0.0000000E+00
   0.1000000E+01   0.1314508E+02   0.1923406E+00   0.8463713E+02   0.4115466E+00   0.3961128E+00   0.2629015E+02   0.0000000E+00
   0.3000000E+01   0.1279404E+02   0.2374136E+00   0.7818308E+02   0.2891508E+00   0.4734356E+00   0.2558808E+02   0.0000000E+00
   0.5000000E+01   0.1283076E+02   0.3862499E+00   0.9068174E+02  -0.3294522E-01   0.6466953E+00   0.2566152E+02   0.0000000E+00
   0.2000000E+01   0.1309483E+02   0.3761048E+00   0.9272779E+02   0.9872272E-02   0.6140230E+00   0.2618966E+02   0.0000000E+00
   0.7000000E+01   0.1320115E+02   0.1863961E+00   0.9454120E+02   0.4280491E+00   0.3855548E+00   0.2640231E+02   0.0000000E+00
   0.1000000E+01   0.1278603E+02   0.2946155E+00   0.8318989E+02   0.1682548E+00   0.5371297E+00   0.2557206E+02   0.0000000E+00
   0.2000000E+01   0.1274634E+02   0.3294240E+00   0.7319431E+02   0.8869790E-01   0.5818781E+00   0.2549269E+02   0.0000000E+00
   0.1000000E+01   0.1219740E+02   0.3206405E+00   0.7687925E+02   0.8175227E-02   0.6711843E+00   0.2439479E+02   0.0000000E+00
   0.2000000E+01   0.1226923E+02   0.4550253E+00   0.5248923E+02  -0.2724658E+00   0.8174406E+00   0.2453846E+02   0.0000000E+00
   0.1000000E+01   0.1245655E+02   0.4164357E+00   0.4320207E+02  -0.2681263E+00   0.8516905E+00   0.2491309E+02   0.0000000E+00
   0.2000000E+01   0.1304731E+02   0.1874515E+00   0.3419395E+02   0.2305601E+00   0.5819884E+00   0.2609462E+02   0.0000000E+00
   0.1000000E+01   0.1259270E+02   0.1717089E+00   0.5434225E+02   0.3780559E+00   0.4502353E+00   0.2518541E+02   0.0000000E+00
   0.2000000E+01   0.1251908E+02   0.2051369E+00   0.4987305E+02   0.2457269E+00   0.5491363E+00   0.2503817E+02   0.0000000E+00
   0.2000000E+01   0.1230236E+02   0.2787920E+00   0.7470378E+02   0.8434870E-01   0.6368593E+00   0.2460472E+02   0.0000000E+00
   0.2000000E+01   0.1222794E+02   0.4075080E+00   0.7932948E+02  -0.2116960E+00   0.8041880E+00   0.2445588E+02   0.0000000E+00
   0.2000000E+01   0.1222420E+02   0.4039413E+00   0.8014320E+02  -0.2031936E+00   0.7992523E+00   0.2444840E+02   0.0000000E+00
   0.1000000E+01   0.1234618E+02   0.3050125E+00   0.6403839E+02   0.6013847E-02   0.6889736E+00   0.2469235E+02   0.0000000E+00
   0.5000000E+01   0.1232605E+02   0.4345076E+00   0.6367049E+02  -0.2036313E+00   0.7691237E+00   0.2465209E+02   0.0000000E+00
   0.1000000E+01   0.1247290E+02   0.3501021E+00   0.7350349E+02   0.1558832E-01   0.6343095E+00   0.2494580E+02   0.0000000E+00
   0.7000000E+01   0.1269827E+02   0.1566874E+00   0.2372958E+02   0.4248919E+00   0.4184207E+00   0.2539654E+02   0.0000000E+00
   0.4000000E+01   0.1239670E+02   0.2822135E+00   0.2543734E+02   0.1489272E+00   0.5688593E+00   0.2479340E+02   0.0000000E+00
   0.8000000E+01   0.1231604E+02   0.3689102E+00   0.4476324E+02  -0.4839021E-01   0.6794800E+00   0.2463208E+02   0.0000000E+00
   0.1000000E+01   0.1263857E+02   0.4774199E+00   0.6364686E+02  -0.2703046E+00   0.7928847E+00   0.2527714E+02   0.0000000E+00
   0.2000000E+01   0.1249545E+02   0.5204358E+00   0.5575270E+02  -0.4074667E+00   0.8870309E+00   0.2499089E+02   0.0000000E+00
   0.3000000E+01   0.1268559E+02   0.2192007E+00   0.3449276E+02   0.3133412E+00   0.4674581E+00   0.2537118E+02   0.0000000E+00
   0.4000000E+01   0.1268440E+02   0.2108764E+00   0.2897529E+02   0.3289614E+00   0.4601623E+00   0.2536880E+02   0.0000000E+00
   0.1000000E+01   0.1284622E+02   0.2332854E+00   0.2084640E+02   0.3006897E+00   0.4660248E+00   0.2569245E+02   0.0000000E+00
   0.1000000E+01   0.1256626E+02   0.3983021E+00   0.7321291E+02  -0.8478963E-01   0.6864875E+00   0.2513252E+02   0.0000000E+00
   0.3000000E+01   0.1230059E+02   0.2971856E+00   0.8152759E+02   0.3483096E-01   0.6679834E+00   0.2460118E+02   0.0000000E+00
   0.5000000E+01   0.1262706E+02   0.1749536E+00   0.8087090E+02   0.3145066E+00   0.5105397E+00   0.2525412E+02   0.0000000E+00
   0.1000000E+01   0.1256646E+02   0.1764024E+00   0.7405224E+02   0.3267001E+00   0.4968975E+00   0.2513292E+02   0.0000000E+00
   0.5000000E+01   0.1250040E+02   0.5432848E+00   0.6618624E+02  -0.4929862E+00   0.9497014E+00   0.2500081E+02   0.0000000E+00
   0.3000000E+01   0.1252637E+02   0.5436365E+00   0.6108016E+02  -0.4763938E+00   0.9327573E+00   0.2505274E+02   0.0000000E+00
   0.5000000E+01   0.1233049E+02   0.4771404E+00   0.7032127E+02  -0.3180261E+00   0.8408857E+00   0.2466098E+02   0.0000000E+00
   0.4000000E+01   0.1220469E+02   0.3119126E+00   0.4199007E+02   0.3398713E-01   0.6541003E+00   0.2440937E+02   0.0000000E+00
   0.3000000E+01   0.1273873E+02   0.1435146E+00   0.3841304E+02   0.4524846E+00   0.4040009E+00   0.2547746E+02   0.0000000E+00
   0.1000000E+01   0.1279111E+02   0.1288541E+00   0.4110069E+02   0.4834748E+00   0.3876711E+00   0.2558222E+02   0.0000000E+00
   0.4000000E+01   0.1385730E+02   0.2213470E+00   0.6094087E+02   0.3974913E+00   0.3811617E+00   0.2771459E+02   0.0000000E+00
   0.1000000E+01   0.1237360E+02   0.2446492E+00   0.6466012E+02   0.2138049E+00   0.5415460E+00   0.2474720E+02   0.0000000E+00
   0.5000000E+01   0.1244625E+02   0.2074674E+00   0.6533361E+02   0.2623678E+00   0.5301648E+00   0.2489249E+02   0.0000000E+00
   0.4000000E+01   0.1234640E+02   0.3066341E+00   0.8003259E+02   0.9215098E-01   0.6012149E+00   0.2469280E+02   0.0000000E+00
   0.5000000E+01   0.1267055E+02   0.2554529E+00   0.9351997E+02   0.9126555E-01   0.6532816E+00   0.2534109E+02   0.0000000E+00
   0.2000000E+01   0.1271014E+02   0.1883540E+00   0.6944741E+02   0.2623398E+00   0.5493061E+00   0.2542028E+02   0.0000000E+00
   0.2000000E+01   0.1248380E+02   0.2082955E+00   0.7251288E+02   0.2450279E+00   0.5466766E+00   0.2496760E+02   0.0000000E+00
   0.8000000E+01   0.1277455E+02   0.1250725E+00   0.9666442E+02   0.4451562E+00   0.4297713E+00   0.2554910E+02   0.0000000E+00
   0.1000000E+01   0.1268938E+02   0.1429943E+00   0.8230526E+02   0.4073350E+00   0.4496706E+00   0.2537875E+02   0.0000000E+00
   0.3000000E+01   0.1232112E+02   0.3419642E+00   0.8555909E+02   0.1290994E-01   0.6451258E+00   0.2464225E+02   0.0000000E+00
   0.1000000E+01   0.1235554E+02   0.5013485E+00   0.5855826E+02  -0.3917798E+00   0.8904314E+00   0.2471109E+02   0.0000000E+00
   0.3000000E+01   0.1392783E+02   0.5490870E+00   0.4398798E+02  -0.3567254E+00   0.8076383E+00   0.2785566E+02   0.0000000E+00
   0.1000000E+01   0.1397712E+02   0.5283117E+00   0.4114596E+02  -0.3021514E+00   0.7738398E+00   0.2795425E+02   0.0000000E+00
   0.1000000E+01   0.1328455E+02   0.5314473E+00   0.2959719E+02  -0.3533932E+00   0.8219458E+00   0.2656911E+02   0.0000000E+00
   0.2000000E+01   0.1232802E+02   0.3015606E+00   0.5813244E+02   0.9905070E-01   0.5993887E+00   0.2465604E+02   0.0000000E+00
   0.1000000E+01   0.1231267E+02   0.4229066E+00   0.9555905E+02  -0.1767661E+00   0.7538595E+00   0.2462534E+02   0.0000000E+00
   0.1000000E+01   0.1236228E+02   0.4231391E+00   0.9635448E+02  -0.1690797E+00   0.7459407E+00   0.2472455E+02   0.0000000E+00
   0.2000000E+01   0.1242769E+02   0.2519782E+00   0.8614522E+02   0.2137697E+00   0.5342520E+00   0.2485538E+02   0.0000000E+00
   0.1000000E+01   0.1273542E+02   0.3939331E+00   0.5811077E+02  -0.5886986E-01   0.6649367E+00   0.2547084E+02   0.0000000E+00
   0.3000000E+01   0.1266624E+02   0.4001567E+00   0.5870783E+02  -0.7956077E-01   0.6794041E+00   0.2533249E+02   0.0000000E+00
   0.2000000E+01   0.1262886E+02   0.4063756E+00   0.5824628E+02  -0.9769937E-01   0.6913238E+00   0.2525771E+02   0.0000000E+00
   0.1300000E+02   0.1227778E+02   0.4733536E+00   0.8452874E+02  -0.3366182E+00   0.8632645E+00   0.2455555E+02   0.0000000E+00
   0.1000000E+01   0.1221861E+02   0.3811486E+00   0.8270841E+02  -0.9603374E-01   0.7148851E+00   0.2443723E+02   0.0000000E+00
   0.1000000E+01   0.1324407E+02   0.2658445E+00   0.8808771E+02   0.2367618E-01   0.7104793E+00   0.2648814E+02   0.0000000E+00
   0.3000000E+01   0.1374386E+02   0.4129780E+00   0.8518081E+02  -0.3438228E+00   0.9308448E+00   0.2748771E+02   0.0000000E+00
   0.4000000E+01   0.1336338E+02   0.4755240E+00   0.8808556E+02  -0.4631332E+00   0.9876092E+00   0.2672677E+02   0.0000000E+00
   0.1000000E+01   0.1254501E+02   0.5112933E+00   0.9255003E+02  -0.4706339E+00   0.9593406E+00   0.2509001E+02   0.0000000E+00
   0.1000000E+01   0.1219032E+02   0.4168469E+00   0.6533101E+02  -0.2135945E+00   0.7967476E+00   0.2438064E+02   0.0000000E+00
   0.2000000E+01   0.1265999E+02   0.3531568E+00   0.4718538E+02  -0.1443158E+00   0.7911590E+00   0.2531997E+02   0.0000000E+00
   0.2000000E+01   0.1288493E+02   0.3090146E+00   0.5523878E+02  -0.5729840E-01   0.7482838E+00   0.2576985E+02   0.0000000E+00
   0.1000000E+01   0.1229304E+02   0.3300324E+00   0.5604070E+02  -0.4716315E-01   0.7171308E+00   0.2458609E+02   0.0000000E+00
   0.4000000E+01   0.1244839E+02   0.2230566E+00   0.4209272E+02   0.2081675E+00   0.5687759E+00   0.2489678E+02   0.0000000E+00
   0.7000000E+01   0.1280476E+02   0.2715377E+00   0.2359821E+02   0.2176867E+00   0.5107756E+00   0.2560952E+02   0.0000000E+00
   0.4000000E+01   0.1234620E+02   0.3667001E+00   0.2837292E+02  -0.3943736E-01   0.6727372E+00   0.2469239E+02   0.0000000E+00
   0.2000000E+01   0.1256096E+02   0.4746396E+00   0.2926124E+02  -0.4028975E+00   0.9282579E+00   0.2512193E+02   0.0000000E+00
   0.2000000E+01   0.1289414E+02   0.1417058E+00   0.4110130E+02   0.4825459E+00   0.3757483E+00   0.2578829E+02   0.0000000E+00
   0.3000000E+01   0.1262159E+02   0.1633464E+00   0.3887941E+02   0.3533901E+00   0.4832634E+00   0.2524318E+02   0.0000000E+00
   0.1000000E+01   0.1239398E+02   0.2470069E+00   0.8026945E+02   0.2155231E+00   0.5374700E+00   0.2478795E+02   0.0000000E+00
   0.2000000E+01   0.1266631E+02   0.1497795E+00   0.8873520E+02   0.4235208E+00   0.4266996E+00   0.2533263E+02   0.0000000E+00
   0.1000000E+01   0.1283385E+02   0.1985191E+00   0.8822646E+02   0.3707982E+00   0.4306827E+00   0.2566769E+02   0.0000000E+00
   0.3000000E+01   0.1268613E+02   0.2237653E+00   0.7452355E+02   0.3050261E+00   0.4712086E+00   0.2537225E+02   0.0000000E+00
   0.1000000E+01   0.1269519E+02   0.2627617E+00   0.8613805E+02   0.2272532E+00   0.5099851E+00   0.2539037E+02   0.0000000E+00
   0.3000000E+01   0.1227478E+02   0.3487438E+00   0.7654356E+02  -0.1028553E-01   0.6615417E+00   0.2454955E+02   0.0000000E+00
   0.2000000E+01   0.1264228E+02   0.1676585E+00   0.5601532E+02   0.3336848E+00   0.4986567E+00   0.2528456E+02   0.0000000E+00
   0.1000000E+01   0.1260172E+02   0.1639173E+00   0.4914992E+02   0.3603161E+00   0.4757666E+00   0.2520345E+02   0.0000000E+00
   0.1000000E+01   0.1252706E+02   0.2071214E+00   0.4196763E+02   0.2378982E+00   0.5549803E+00   0.2505411E+02   0.0000000E+00
   0.5000000E+01   0.1235998E+02   0.2872165E+00   0.2974122E+02   0.1329670E+00   0.5798165E+00   0.2471996E+02   0.0000000E+00
   0.1000000E+01   0.1234197E+02   0.3468408E+00   0.3868316E+02   0.5004060E-02   0.6481552E+00   0.2468394E+02   0.0000000E+00
   0.2000000E+01   0.1281859E+02   0.3792673E+00   0.3840932E+02  -0.1839300E-01   0.6391257E+00   0.2563718E+02   0.0000000E+00
   0.6000000E+01   0.1288242E+02   0.3508594E+00   0.5459372E+02   0.5172721E-01   0.5974134E+00   0.2576484E+02   0.0000000E+00
   0.3000000E+01   0.1277660E+02   0.2949809E+00   0.7300354E+02   0.1666032E+00   0.5384159E+00   0.2555320E+02   0.0000000E+00
   0.5000000E+01   0.1322100E+02   0.2392364E+00   0.7928626E+02   0.3201174E+00   0.4406461E+00   0.2644200E+02   0.0000000E+00
   0.7000000E+01   0.1342672E+02   0.1673030E+00   0.3568447E+02   0.2554688E+00   0.5772282E+00   0.2685345E+02   0.0000000E+00
   0.7000000E+01   0.1377239E+02   0.1612941E+00   0.2291843E+02   0.2493611E+00   0.5893448E+00   0.2754478E+02   0.0000000E+00
   0.2000000E+01   0.1401421E+02   0.1557372E+00   0.2097814E+02   0.2505975E+00   0.5936653E+00   0.2802842E+02   0.0000000E+00
   0.3000000E+01   0.1398448E+02   0.2258736E+00   0.2057575E+02   0.8014953E-01   0.6939769E+00   0.2796897E+02   0.0000000E+00
   0.1000000E+01   0.1337283E+02   0.2725915E+00   0.3585890E+02  -0.6007991E-03   0.7280093E+00   0.2674565E+02   0.0000000E+00
   0.1000000E+01   0.1289178E+02   0.1131533E+00   0.3678746E+02   0.4538426E+00   0.4330042E+00   0.2578356E+02   0.0000000E+00
   0.3000000E+01   0.1268152E+02   0.1424577E+00   0.6619253E+02   0.4150170E+00   0.4425253E+00   0.2536304E+02   0.0000000E+00
   0.1000000E+01   0.1351223E+02   0.5522003E+00   0.4631371E+02  -0.3899762E+00   0.8377760E+00   0.2702446E+02   0.0000000E+00
   0.2000000E+01   0.1351362E+02   0.5668691E+00   0.5949536E+02  -0.4276008E+00   0.8607316E+00   0.2702724E+02   0.0000000E+00
   0.1000000E+01   0.1219025E+02   0.4011559E+00   0.8781052E+02  -0.1855022E+00   0.7843463E+00   0.2438050E+02   0.0000000E+00
   0.3000000E+01   0.1244106E+02   0.4407209E+00   0.8221929E+02  -0.3179009E+00   0.8771800E+00   0.2488212E+02   0.0000000E+00
   0.3000000E+01   0.1470898E+02   0.4526626E+00   0.9053578E+02  -0.4704349E+00   0.1017772E+01   0.2941797E+02   0.0000000E+00
   0.3000000E+01   0.1359825E+02   0.3682085E+00   0.6780259E+02  -0.2355139E+00   0.8673055E+00   0.2719651E+02   0.0000000E+00
   0.1000000E+01   0.1594134E+02   0.1378977E+00   0.8379218E+02   0.2254332E+00   0.6366691E+00   0.3188268E+02   0.0000000E+00
   0.2000000E+01   0.1562691E+02   0.1504694E+00   0.8947501E+02   0.2047113E+00   0.6448193E+00   0.3125382E+02   0.0000000E+00
   0.2000000E+01   0.1318004E+02   0.1545665E+00   0.7986730E+02   0.3061711E+00   0.5392624E+00   0.2636008E+02   0.0000000E+00
   0.3000000E+01   0.1293382E+02   0.1845163E+00   0.7747089E+02   0.2486847E+00   0.5667990E+00   0.2586765E+02   0.0000000E+00
   0.6000000E+01   0.1248661E+02   0.2111332E+00   0.8726838E+02   0.2355972E+00   0.5532697E+00   0.2497322E+02   0.0000000E+00
   0.2000000E+01   0.1250856E+02   0.1901929E+00   0.5831350E+02   0.2987887E+00   0.5110183E+00   0.2501713E+02   0.0000000E+00
   0.7000000E+01   0.1322313E+02   0.8670398E-01   0.2369701E+02   0.4836321E+00   0.4296639E+00   0.2644626E+02   0.0000000E+00
   0.1000000E+01   0.1263584E+02   0.1651190E+00   0.6254047E+02   0.3436959E+00   0.4911850E+00   0.2527168E+02   0.0000000E+00
   0.2000000E+01   0.1256822E+02   0.1721166E+00   0.6110778E+02   0.3433265E+00   0.4845570E+00   0.2513644E+02   0.0000000E+00
   0.1000000E+01   0.1255722E+02   0.1750365E+00   0.6031900E+02   0.3367073E+00   0.4882562E+00   0.2511444E+02   0.0000000E+00
   0.1000000E+01   0.1229552E+02   0.2772527E+00   0.7530635E+02   0.9083282E-01   0.6319144E+00   0.2459105E+02   0.0000000E+00
   0.1000000E+01   0.1222311E+02   0.3074097E+00   0.6988326E+02   0.3109930E-01   0.6614910E+00   0.2444623E+02   0.0000000E+00
   0.1000000E+01   0.1281052E+02   0.3759998E+00   0.7916999E+02  -0.2082837E+00   0.8322839E+00   0.2562103E+02   0.0000000E+00
   0.1000000E+01   0.1230898E+02   0.4402447E+00   0.9569540E+02  -0.2966962E+00   0.8564515E+00   0.2461796E+02   0.0000000E+00
   0.3000000E+01   0.1235700E+02   0.4747037E+00   0.9506362E+02  -0.3718472E+00   0.8971435E+00   0.2471399E+02   0.0000000E+00
   0.1000000E+01   0.1232637E+02   0.3429092E+00   0.8761238E+02  -0.8366344E-01   0.7407543E+00   0.2465273E+02   0.0000000E+00
   0.2000000E+01   0.1240678E+02   0.3821946E+00   0.6935969E+02  -0.6549543E-01   0.6833008E+00   0.2481356E+02   0.0000000E+00
   0.2000000E+01   0.1222569E+02   0.4111330E+00   0.7623597E+02  -0.1669244E+00   0.7557914E+00   0.2445137E+02   0.0000000E+00
   0.3000000E+01   0.1247726E+02   0.3831504E+00   0.4441517E+02  -0.1962963E+00   0.8131459E+00   0.2495452E+02   0.0000000E+00
   0.1000000E+01   0.1225688E+02   0.4280425E+00   0.2531616E+02  -0.2035233E+00   0.7754809E+00   0.2451375E+02   0.0000000E+00
   0.3000000E+01   0.1236464E+02   0.3719106E+00   0.4435310E+02  -0.4786132E-01   0.6759507E+00   0.2472929E+02   0.0000000E+00
   0.2000000E+01   0.1266988E+02   0.3122296E+00   0.3064348E+02   0.1186976E+00   0.5690729E+00   0.2533976E+02   0.0000000E+00
   0.1000000E+01   0.1300685E+02   0.2951085E+00   0.3919526E+02   0.1843836E+00   0.5205079E+00   0.2601371E+02   0.0000000E+00
   0.1000000E+01   0.1266532E+02   0.3103786E+00   0.6401267E+02  -0.4341034E-01   0.7330317E+00   0.2533064E+02   0.0000000E+00
   0.2000000E+01   0.1367921E+02   0.3131831E+00   0.2617013E+02  -0.1129946E+00   0.7998115E+00   0.2735843E+02   0.0000000E+00
   0.4000000E+01   0.1259601E+02   0.3437352E+00   0.4245533E+02  -0.1168811E+00   0.7731459E+00   0.2519202E+02   0.0000000E+00
   0.4000000E+01   0.1451994E+02   0.4737090E+00   0.4206120E+02  -0.1424912E+00   0.6687821E+00   0.2903988E+02   0.0000000E+00
   0.3000000E+01   0.1342016E+02   0.2678530E+00   0.3445735E+02   0.2713424E+00   0.4608045E+00   0.2684032E+02   0.0000000E+00
   0.8000000E+01   0.1277080E+02   0.1767234E+00   0.2468920E+02   0.4033815E+00   0.4198952E+00   0.2554160E+02   0.0000000E+00
   0.1000000E+01   0.1256763E+02   0.3246647E+00   0.5554366E+02   0.8212067E-01   0.5932147E+00   0.2513526E+02   0.0000000E+00
   0.5000000E+01   0.1257771E+02   0.3093073E+00   0.5835246E+02   0.1165729E+00   0.5741198E+00   0.2515542E+02   0.0000000E+00
   0.2000000E+01   0.1281674E+02   0.1484925E+00   0.3591564E+02   0.3590625E+00   0.4924450E+00   0.2563348E+02   0.0000000E+00
   0.5000000E+01   0.1269060E+02   0.1402986E+00   0.3843970E+02   0.4369325E+00   0.4227689E+00   0.2538120E+02   0.0000000E+00
   0.1000000E+01   0.1243718E+02   0.2322621E+00   0.7516678E+02   0.1842240E+00   0.5835138E+00   0.2487435E+02   0.0000000E+00
   0.1000000E+01   0.1217297E+02   0.3506356E+00   0.7034000E+02  -0.4956867E-01   0.6989331E+00   0.2434593E+02   0.0000000E+00
   0.1000000E+01   0.1222129E+02   0.3113429E+00   0.2781726E+02   0.5035585E-01   0.6383012E+00   0.2444259E+02   0.0000000E+00
   0.1000000E+01   0.1233478E+02   0.3296779E+00   0.2579486E+02  -0.5472095E-01   0.7250431E+00   0.2466957E+02   0.0000000E+00
   0.2000000E+01   0.1235088E+02   0.3307560E+00   0.2507723E+02  -0.5985408E-01   0.7290981E+00   0.2470176E+02   0.0000000E+00
   0.2000000E+01   0.1265864E+02   0.4198343E+00   0.4216593E+02  -0.2953300E+00   0.8754957E+00   0.2531728E+02   0.0000000E+00
   0.3000000E+01   0.1234505E+02   0.3998072E+00   0.6798661E+02  -0.2171740E+00   0.8173669E+00   0.2469011E+02   0.0000000E+00
   0.1000000E+01   0.1221062E+02   0.4132895E+00   0.5304423E+02  -0.2182271E+00   0.8049376E+00   0.2442124E+02   0.0000000E+00
   0.2000000E+01   0.1270929E+02   0.1793996E+00   0.6107853E+02   0.3908473E+00   0.4297531E+00   0.2541858E+02   0.0000000E+00
   0.1000000E+01   0.1274883E+02   0.1650123E+00   0.6439388E+02   0.4217100E+00   0.4132777E+00   0.2549767E+02   0.0000000E+00
   0.3000000E+01   0.1263582E+02   0.1568738E+00   0.6345027E+02   0.4064352E+00   0.4366910E+00   0.2527164E+02   0.0000000E+00
   0.2000000E+01   0.1248844E+02   0.1937952E+00   0.5837593E+02   0.3151045E+00   0.4911003E+00   0.2497687E+02   0.0000000E+00
   0.3000000E+01   0.1242466E+02   0.4069534E+00   0.3082602E+02  -0.1223003E+00   0.7153469E+00   0.2484931E+02   0.0000000E+00
   0.2000000E+01   0.1224232E+02   0.3517880E+00   0.3910864E+02  -0.2435783E-01   0.6725698E+00   0.2448465E+02   0.0000000E+00
   0.1000000E+01   0.1250549E+02   0.3825321E+00   0.4781705E+02  -0.5476465E-01   0.6722326E+00   0.2501099E+02   0.0000000E+00
   0.1000000E+01   0.1304036E+02   0.5080830E+00   0.2811100E+02  -0.3125456E+00   0.8044626E+00   0.2608073E+02   0.0000000E+00
   0.3000000E+01   0.1277304E+02   0.5431848E+00   0.3541072E+02  -0.4300847E+00   0.8868998E+00   0.2554608E+02   0.0000000E+00
   0.1000000E+01   0.1260006E+02   0.4218306E+00   0.5061756E+02  -0.2943512E+00   0.8725206E+00   0.2520012E+02   0.0000000E+00
   0.1000000E+01   0.1277083E+02   0.4365438E+00   0.5572012E+02  -0.3407736E+00   0.9042298E+00   0.2554167E+02   0.0000000E+00
   0.1000000E+01   0.1250973E+02   0.2619415E+00   0.8818574E+02   0.9252598E-01   0.6455325E+00   0.2501946E+02   0.0000000E+00
   0.1000000E+01   0.1219761E+02   0.3219534E+00   0.9223630E+02   0.1930248E-01   0.6587441E+00   0.2439521E+02   0.0000000E+00
   0.1000000E+01   0.1230457E+02   0.3732109E+00   0.9500844E+02  -0.5970772E-01   0.6864968E+00   0.2460915E+02   0.0000000E+00
   0.1000000E+01   0.1241183E+02   0.3555559E+00   0.9351148E+02  -0.4031893E-02   0.6484760E+00   0.2482366E+02   0.0000000E+00
   0.1000000E+01   0.1241568E+02   0.3653481E+00   0.8839584E+02  -0.2564956E-01   0.6603015E+00   0.2483135E+02   0.0000000E+00
   0.2000000E+01   0.1230845E+02   0.3804801E+00   0.8237363E+02  -0.7583641E-01   0.6953563E+00   0.2461690E+02   0.0000000E+00
   0.1000000E+01   0.1256483E+02   0.1712020E+00   0.6634389E+02   0.3626832E+00   0.4661147E+00   0.2512966E+02   0.0000000E+00
   0.5000000E+01   0.1251312E+02   0.3652647E+00   0.6998420E+02  -0.1409504E-01   0.6488304E+00   0.2502625E+02   0.0000000E+00
   0.5000000E+01   0.1285054E+02   0.1104623E+00   0.7013332E+02   0.4750304E+00   0.4145073E+00   0.2570108E+02   0.0000000E+00
   0.1000000E+01   0.1303306E+02   0.1249830E+00   0.8328893E+02   0.3992752E+00   0.4757418E+00   0.2606612E+02   0.0000000E+00
   0.7000000E+01   0.1252948E+02   0.1824873E+00   0.9614920E+02   0.3421632E+00   0.4753495E+00   0.2505896E+02   0.0000000E+00
   0.3000000E+01   0.1378760E+02   0.4828609E+00   0.6254929E+02  -0.2006480E+00   0.7177871E+00   0.2757519E+02   0.0000000E+00
   0.1000000E+01   0.1478999E+02   0.4595601E+00   0.7594480E+02  -0.9641293E-01   0.6368529E+00   0.2957997E+02   0.0000000E+00
   0.3000000E+01   0.1633872E+02   0.4722516E+00   0.6001534E+02  -0.6666039E-01   0.5944088E+00   0.3267744E+02   0.0000000E+00
   0.2000000E+01   0.1502489E+02   0.3057755E+00   0.5557582E+02   0.2673246E+00   0.4268999E+00   0.3004978E+02   0.0000000E+00
   0.1000000E+01   0.1428568E+02   0.2601124E+00   0.6318143E+02   0.3357088E+00   0.4041788E+00   0.2857135E+02   0.0000000E+00
   0.1000000E+01   0.1409767E+02   0.3676857E+00   0.8326690E+02   0.8607428E-01   0.5462400E+00   0.2819534E+02   0.0000000E+00
   0.1000000E+01   0.1226984E+02   0.4606233E+00   0.5418064E+02  -0.2892927E+00   0.8286693E+00   0.2453967E+02   0.0000000E+00
   0.3000000E+01   0.1223522E+02   0.4473260E+00   0.5177282E+02  -0.2644999E+00   0.8171739E+00   0.2447044E+02   0.0000000E+00
   0.2000000E+01   0.1277316E+02   0.2324908E+00   0.5308921E+02   0.1393683E+00   0.6281409E+00   0.2554632E+02   0.0000000E+00
   0.7000000E+01   0.1314757E+02   0.1482272E+00   0.2324375E+02   0.4975197E+00   0.3542531E+00   0.2629514E+02   0.0000000E+00
   0.2000000E+01   0.1287084E+02   0.1784909E+00   0.4110557E+02   0.4129167E+00   0.4085924E+00   0.2574169E+02   0.0000000E+00
   0.3000000E+01   0.1282100E+02   0.1639285E+00   0.4142917E+02   0.4337644E+00   0.4023071E+00   0.2564200E+02   0.0000000E+00
   0.2000000E+01   0.1235266E+02   0.2481764E+00   0.7673198E+02   0.2016812E+00   0.5501424E+00   0.2470533E+02   0.0000000E+00
   0.1000000E+01   0.1232044E+02   0.2646486E+00   0.7663386E+02   0.1658472E+00   0.5695042E+00   0.2464089E+02   0.0000000E+00
   0.4000000E+01   0.1236907E+02   0.2652997E+00   0.8270770E+02   0.1774728E+00   0.5572275E+00   0.2473814E+02   0.0000000E+00
   0.4000000E+01   0.1241325E+02   0.2174255E+00   0.8751443E+02   0.2607889E+00   0.5217856E+00   0.2482650E+02   0.0000000E+00
   0.2000000E+01   0.1220088E+02   0.3272528E+00   0.7779019E+02   0.1312952E-01   0.6596177E+00   0.2440176E+02   0.0000000E+00
   0.2000000E+01   0.1218999E+02   0.3271176E+00   0.7908685E+02  -0.5565171E-02   0.6784475E+00   0.2437998E+02   0.0000000E+00
   0.1000000E+01   0.1221228E+02   0.3064761E+00   0.8782982E+02   0.4577610E-01   0.6477478E+00   0.2442455E+02   0.0000000E+00
   0.2000000E+01   0.1243920E+02   0.3111725E+00   0.7619298E+02   0.9645724E-01   0.5923703E+00   0.2487839E+02   0.0000000E+00
   0.2000000E+01   0.1240001E+02   0.4408651E+00   0.6706646E+02  -0.2075693E+00   0.7667042E+00   0.2480001E+02   0.0000000E+00
   0.2000000E+01   0.1244950E+02   0.5068032E+00   0.7174724E+02  -0.3763401E+00   0.8695368E+00   0.2489901E+02   0.0000000E+00
   0.1000000E+01   0.1229253E+02   0.3672493E+00   0.8226856E+02  -0.4824484E-01   0.6809956E+00   0.2458505E+02   0.0000000E+00
   0.3000000E+01   0.1218816E+02   0.3424898E+00   0.7513552E+02  -0.2212049E-01   0.6796307E+00   0.2437631E+02   0.0000000E+00
   0.2000000E+01   0.1222194E+02   0.3883473E+00   0.7333316E+02  -0.1121395E+00   0.7237922E+00   0.2444388E+02   0.0000000E+00
   0.1000000E+01   0.1247980E+02   0.2295626E+00   0.5009549E+02   0.1829922E+00   0.5874452E+00   0.2495960E+02   0.0000000E+00
   0.3000000E+01   0.1303535E+02   0.2016584E+00   0.6369103E+02   0.1960019E+00   0.6023397E+00   0.2607070E+02   0.0000000E+00
   0.2000000E+01   0.1248471E+02   0.2875928E+00   0.5343948E+02   0.3030934E-01   0.6820978E+00   0.2496943E+02   0.0000000E+00
   0.3000000E+01   0.1241957E+02   0.2388922E+00   0.5665721E+02   0.1687900E+00   0.5923178E+00   0.2483914E+02   0.0000000E+00
   0.2000000E+01   0.1274086E+02   0.3266053E+00   0.4542163E+02  -0.8858331E-01   0.7619780E+00   0.2548173E+02   0.0000000E+00
   0.1000000E+01   0.1294950E+02   0.3785748E+00   0.7225750E+02  -0.2237161E+00   0.8451413E+00   0.2589900E+02   0.0000000E+00
   0.6000000E+01   0.1416339E+02   0.4182135E+00   0.8304917E+02  -0.3732334E+00   0.9550199E+00   0.2832677E+02   0.0000000E+00
   0.2000000E+01   0.1260640E+02   0.4543378E+00   0.8022509E+02  -0.3646280E+00   0.9102902E+00   0.2521280E+02   0.0000000E+00
   0.1000000E+01   0.1252569E+02   0.2864504E+00   0.6930155E+02   0.2859905E-01   0.6849505E+00   0.2505138E+02   0.0000000E+00
   0.4000000E+01   0.1315575E+02   0.1369988E+00   0.9809043E+02   0.3545676E+00   0.5084336E+00   0.2631151E+02   0.0000000E+00
   0.1000000E+01   0.1314433E+02   0.1448220E+00   0.9845017E+02   0.3347640E+00   0.5204140E+00   0.2628865E+02   0.0000000E+00
   0.2000000E+01   0.1419572E+02   0.1263433E+00   0.8330877E+02   0.3179966E+00   0.5556601E+00   0.2839144E+02   0.0000000E+00
   0.1000000E+01   0.1251811E+02   0.2745204E+00   0.8483131E+02   0.1830945E+00   0.5423851E+00   0.2503622E+02   0.0000000E+00
   0.1000000E+01   0.1243190E+02   0.3232392E+00   0.4376352E+02   0.6930958E-01   0.6074513E+00   0.2486381E+02   0.0000000E+00
   0.1000000E+01   0.1280190E+02   0.1626459E+00   0.9530692E+02   0.4337346E+00   0.4036195E+00   0.2560379E+02   0.0000000E+00
   0.1000000E+02   0.1282863E+02   0.1637327E+00   0.9529880E+02   0.4354337E+00   0.4008336E+00   0.2565726E+02   0.0000000E+00
   0.2000000E+01   0.1265358E+02   0.1971727E+00   0.9448311E+02   0.3510476E+00   0.4517796E+00   0.2530715E+02   0.0000000E+00
   0.4000000E+01   0.1269961E+02   0.2600742E+00   0.2737057E+02   0.2322056E+00   0.5077202E+00   0.2539921E+02   0.0000000E+00
   0.5000000E+01   0.1239195E+02   0.2269851E+00   0.4012181E+02   0.2430958E+00   0.5299192E+00   0.2478391E+02   0.0000000E+00
   0.4000000E+01   0.1218227E+02   0.3988392E+00   0.2326603E+02  -0.1780329E+00   0.7791936E+00   0.2436455E+02   0.0000000E+00
   0.1000000E+01   0.1232104E+02   0.4081041E+00   0.5333370E+02  -0.2318450E+00   0.8237409E+00   0.2464208E+02   0.0000000E+00
   0.2000000E+01   0.1288395E+02   0.4522918E+00   0.7513521E+02  -0.1852970E+00   0.7330052E+00   0.2576790E+02   0.0000000E+00
   0.1000000E+01   0.1271065E+02   0.4821635E+00   0.8395619E+02  -0.2747326E+00   0.7925692E+00   0.2542129E+02   0.0000000E+00
   0.7000000E+01   0.1268043E+02   0.3860074E+00   0.2271325E+02  -0.4705323E-01   0.6610459E+00   0.2536086E+02   0.0000000E+00
   0.2000000E+01   0.1248004E+02   0.2532333E+00   0.2764372E+02   0.2193137E+00   0.5274530E+00   0.2496008E+02   0.0000000E+00
   0.3000000E+01   0.1304386E+02   0.1255903E+00   0.4377993E+02   0.3958148E+00   0.4785949E+00   0.2608772E+02   0.0000000E+00
   0.1000000E+01   0.1312636E+02   0.2736991E+00   0.2587360E+02   0.1012509E-01   0.7161758E+00   0.2625272E+02   0.0000000E+00
   0.7000000E+01   0.1232699E+02   0.3333408E+00   0.2884028E+02  -0.6202429E-01   0.7286835E+00   0.2465397E+02   0.0000000E+00
   0.6000000E+01   0.1304450E+02   0.1459567E+00   0.4991911E+02   0.4928317E+00   0.3612115E+00   0.2608900E+02   0.0000000E+00
   0.2000000E+01   0.1298210E+02   0.1586301E+00   0.7227216E+02   0.4627148E+00   0.3786551E+00   0.2596420E+02   0.0000000E+00
   0.1000000E+01   0.1322671E+02   0.2060905E+00   0.6510738E+02   0.3896699E+00   0.4042396E+00   0.2645341E+02   0.0000000E+00
   0.1000000E+01   0.1228570E+02   0.2827233E+00   0.5405902E+02   0.1246265E+00   0.5926502E+00   0.2457140E+02   0.0000000E+00
   0.2000000E+01   0.1239083E+02   0.3802414E+00   0.4275650E+02  -0.6344347E-01   0.6832021E+00   0.2478167E+02   0.0000000E+00
   0.1000000E+01   0.1223324E+02   0.4486966E+00   0.5798879E+02  -0.2707906E+00   0.8220939E+00   0.2446649E+02   0.0000000E+00
   0.1000000E+01   0.1225361E+02   0.4514721E+00   0.5794525E+02  -0.2679001E+00   0.8164279E+00   0.2450723E+02   0.0000000E+00
   0.1000000E+01   0.1224966E+02   0.4488004E+00   0.5321378E+02  -0.2615854E+00   0.8127850E+00   0.2449932E+02   0.0000000E+00
   0.1000000E+01   0.1228325E+02   0.2804108E+00   0.5868012E+02   0.1276539E+00   0.5919353E+00   0.2456649E+02   0.0000000E+00
   0.1000000E+01   0.1266449E+02   0.2847865E+00   0.5834357E+02   0.1872189E-01   0.6964917E+00   0.2532898E+02   0.0000000E+00
   0.4000000E+01   0.1251190E+02   0.3289036E+00   0.4397779E+02  -0.7365388E-01   0.7447503E+00   0.2502380E+02   0.0000000E+00
   0.1000000E+01   0.1266930E+02   0.2082944E+00   0.4086642E+02   0.2128814E+00   0.5788242E+00   0.2533860E+02   0.0000000E+00
   0.1000000E+01   0.1308546E+02   0.2745916E+00   0.5396190E+02   0.2348679E+00   0.4905404E+00   0.2617093E+02   0.0000000E+00
   0.1000000E+01   0.1278961E+02   0.3606652E+00   0.6096753E+02   0.2219654E-01   0.6171383E+00   0.2557922E+02   0.0000000E+00
   0.2000000E+01   0.1258022E+02   0.2917891E+00   0.8646117E+02   0.1544104E+00   0.5538005E+00   0.2516043E+02   0.0000000E+00
   0.4000000E+01   0.1255389E+02   0.1765061E+00   0.9083947E+02   0.3324865E+00   0.4910074E+00   0.2510777E+02   0.0000000E+00
   0.1000000E+01   0.1336969E+02   0.1403688E+00   0.6769201E+02   0.3289217E+00   0.5307096E+00   0.2673938E+02   0.0000000E+00
   0.2000000E+01   0.1357443E+02   0.1578740E+00   0.7229371E+02   0.2711499E+00   0.5709761E+00   0.2714886E+02   0.0000000E+00
   0.2000000E+01   0.1277208E+02   0.3757092E+00   0.9483607E+02  -0.1343474E-01   0.6377255E+00   0.2554417E+02   0.0000000E+00
   0.3000000E+01   0.1331798E+02   0.3837909E+00   0.7864637E+02   0.6619741E-02   0.6095893E+00   0.2663596E+02   0.0000000E+00
   0.1000000E+01   0.1303051E+02   0.4280699E+00   0.6578277E+02  -0.1160489E+00   0.6879789E+00   0.2606102E+02   0.0000000E+00
   0.2000000E+01   0.1319963E+02   0.4365855E+00   0.6526947E+02  -0.1246505E+00   0.6880650E+00   0.2639926E+02   0.0000000E+00
   0.1000000E+01   0.1313826E+02   0.2010404E+00   0.7679389E+02   0.3933108E+00   0.4056488E+00   0.2627651E+02   0.0000000E+00
   0.2000000E+01   0.1307084E+02   0.1828332E+00   0.7846986E+02   0.2415035E+00   0.5756632E+00   0.2614168E+02   0.0000000E+00
   0.4000000E+01   0.1382155E+02   0.1944642E+00   0.8493058E+02   0.1670056E+00   0.6385302E+00   0.2764310E+02   0.0000000E+00
   0.2000000E+01   0.1299852E+02   0.2779477E+00   0.7005321E+02   0.9670622E-02   0.7123817E+00   0.2599704E+02   0.0000000E+00
   0.1000000E+01   0.1325175E+02   0.2921311E+00   0.4123925E+02  -0.4040317E-01   0.7482721E+00   0.2650351E+02   0.0000000E+00
   0.2000000E+01   0.1293178E+02   0.2669375E+00   0.3962098E+02   0.4053929E-01   0.6925232E+00   0.2586356E+02   0.0000000E+00
   0.3000000E+01   0.1216863E+02   0.3707139E+00   0.8673564E+02  -0.9411143E-01   0.7233975E+00   0.2433725E+02   0.0000000E+00
   0.4000000E+01   0.1221472E+02   0.3942286E+00   0.9081747E+02  -0.1282175E+00   0.7339889E+00   0.2442944E+02   0.0000000E+00
   0.1000000E+01   0.1250653E+02   0.2510961E+00   0.7104489E+02   0.1210051E+00   0.6278988E+00   0.2501307E+02   0.0000000E+00
   0.5000000E+01   0.1227652E+02   0.3581079E+00   0.9783667E+02  -0.3058108E-01   0.6724732E+00   0.2455303E+02   0.0000000E+00
   0.6000000E+01   0.1284347E+02   0.5415411E+00   0.9926336E+02  -0.4165663E+00   0.8750252E+00   0.2568694E+02   0.0000000E+00
   0.2000000E+01   0.1255918E+02   0.5173528E+00   0.8911076E+02  -0.3864246E+00   0.8690718E+00   0.2511835E+02   0.0000000E+00
   0.2000000E+01   0.1227615E+02   0.2792720E+00   0.8044490E+02   0.9196987E-01   0.6287581E+00   0.2455231E+02   0.0000000E+00
   0.4000000E+01   0.1320038E+02   0.3996487E+00   0.3890022E+02  -0.2871966E+00   0.8875480E+00   0.2640076E+02   0.0000000E+00
   0.3000000E+01   0.1238221E+02   0.4532419E+00   0.3611115E+02  -0.3360377E+00   0.8827958E+00   0.2476442E+02   0.0000000E+00
   0.1000000E+01   0.1253448E+02   0.3310191E+00   0.3494662E+02  -0.8133594E-01   0.7503169E+00   0.2506896E+02   0.0000000E+00
   0.1000000E+01   0.1352368E+02   0.3127313E+00   0.7917674E+02  -0.1029766E+00   0.7902453E+00   0.2704735E+02   0.0000000E+00
   0.6000000E+01   0.1344996E+02   0.3385757E+00   0.8226084E+02  -0.1597636E+00   0.8211879E+00   0.2689992E+02   0.0000000E+00
   0.1000000E+01   0.1322364E+02   0.3304879E+00   0.7608168E+02  -0.1289354E+00   0.7984474E+00   0.2644727E+02   0.0000000E+00
   0.6000000E+01   0.1334571E+02   0.4772688E+00   0.6376204E+02  -0.4660410E+00   0.9887722E+00   0.2669143E+02   0.0000000E+00
   0.1000000E+01   0.1307006E+02   0.4322778E+00   0.6388482E+02  -0.3519228E+00   0.9196450E+00   0.2614012E+02   0.0000000E+00
   0.1000000E+01   0.1299400E+02   0.4362089E+00   0.6179742E+02  -0.3557798E+00   0.9195709E+00   0.2598800E+02   0.0000000E+00
   0.1000000E+01   0.1314193E+02   0.4040131E+00   0.5490312E+02  -0.2933218E+00   0.8893087E+00   0.2628387E+02   0.0000000E+00
   0.2000000E+01   0.1374196E+02   0.4159416E+00   0.5494613E+02  -0.3506127E+00   0.9346711E+00   0.2748392E+02   0.0000000E+00
   0.1000000E+01   0.1385200E+02   0.4379070E+00   0.5276707E+02  -0.4046126E+00   0.9667056E+00   0.2770399E+02   0.0000000E+00
   0.7000000E+01   0.1345456E+02   0.4555765E+00   0.5566615E+02  -0.4248037E+00   0.9692272E+00   0.2690911E+02   0.0000000E+00
   0.5000000E+01   0.1237118E+02   0.3629447E+00   0.5930703E+02  -0.1373154E+00   0.7743707E+00   0.2474237E+02   0.0000000E+00
   0.2000000E+01   0.1218161E+02   0.3633780E+00   0.3977137E+02  -0.6915043E-01   0.7057725E+00   0.2436321E+02   0.0000000E+00
   0.1000000E+01   0.1255534E+02   0.4023136E+00   0.4109152E+02  -0.9578760E-01   0.6934740E+00   0.2511068E+02   0.0000000E+00
   0.1000000E+01   0.1263822E+02   0.3447394E+00   0.5052113E+02   0.4463269E-01   0.6106279E+00   0.2527644E+02   0.0000000E+00
   0.2000000E+01   0.1266235E+02   0.3393128E+00   0.4886345E+02   0.5897893E-01   0.6017082E+00   0.2532469E+02   0.0000000E+00
   0.3000000E+01   0.1236266E+02   0.2358840E+00   0.5539771E+02   0.1975499E+00   0.5665661E+00   0.2472533E+02   0.0000000E+00
   0.1000000E+01   0.1239665E+02   0.2588075E+00   0.4512966E+02   0.1175978E+00   0.6235947E+00   0.2479329E+02   0.0000000E+00
   0.3000000E+01   0.1253118E+02   0.1790176E+00   0.2811967E+02   0.3396314E+00   0.4813510E+00   0.2506236E+02   0.0000000E+00
   0.1000000E+01   0.1229901E+02   0.2764873E+00   0.6098749E+02   0.9180694E-01   0.6317058E+00   0.2459801E+02   0.0000000E+00
   0.1000000E+01   0.1223081E+02   0.3007924E+00   0.8909348E+02   0.7259068E-01   0.6266169E+00   0.2446162E+02   0.0000000E+00
   0.1000000E+01   0.1229996E+02   0.4269920E+00   0.8262378E+02  -0.1894338E+00   0.7624418E+00   0.2459993E+02   0.0000000E+00
   0.1000000E+01   0.1221494E+02   0.4339066E+00   0.8477085E+02  -0.2334641E+00   0.7995576E+00   0.2442987E+02   0.0000000E+00
   0.1000000E+01   0.1222752E+02   0.4358452E+00   0.8699717E+02  -0.2661808E+00   0.8303356E+00   0.2445505E+02   0.0000000E+00
   0.5000000E+01   0.1222042E+02   0.3303191E+00   0.9896274E+02  -0.3060775E-01   0.7002887E+00   0.2444083E+02   0.0000000E+00
   0.1000000E+01   0.1302137E+02   0.3667118E+00   0.9081785E+02   0.2625358E-01   0.6070346E+00   0.2604274E+02   0.0000000E+00
   0.2000000E+01   0.1288663E+02   0.2904330E+00   0.7206166E+02   0.1856613E+00   0.5239057E+00   0.2577325E+02   0.0000000E+00
   0.1000000E+01   0.1419548E+02   0.2544974E+00   0.6025620E+02   0.3435550E+00   0.4019476E+00   0.2839096E+02   0.0000000E+00
   0.4000000E+01   0.1357772E+02   0.3256415E+00   0.3407055E+02   0.1532934E+00   0.5210651E+00   0.2715544E+02   0.0000000E+00
   0.3000000E+01   0.1324501E+02   0.2396621E+00   0.2031990E+02   0.3188483E+00   0.4414897E+00   0.2649001E+02   0.0000000E+00
   0.1000000E+01   0.1230894E+02   0.2545256E+00   0.6276227E+02   0.1692609E+00   0.5762135E+00   0.2461787E+02   0.0000000E+00
   0.1000000E+01   0.1278311E+02   0.1562552E+00   0.4452504E+02   0.3420097E+00   0.5017352E+00   0.2556623E+02   0.0000000E+00
   0.2000000E+01   0.1311216E+02   0.1843450E+00   0.4578160E+02   0.2340237E+00   0.5816313E+00   0.2622433E+02   0.0000000E+00
   0.5000000E+01   0.1295732E+02   0.5581250E+00   0.7151311E+02  -0.4499722E+00   0.8918472E+00   0.2591463E+02   0.0000000E+00
   0.3000000E+01   0.1291340E+02   0.5497904E+00   0.7167301E+02  -0.4317322E+00   0.8819418E+00   0.2582679E+02   0.0000000E+00
   0.2000000E+01   0.1298381E+02   0.5549331E+00   0.6190162E+02  -0.4387122E+00   0.8837791E+00   0.2596763E+02   0.0000000E+00
   0.1000000E+01   0.1326797E+02   0.5228418E+00   0.7076279E+02  -0.3315722E+00   0.8087305E+00   0.2653594E+02   0.0000000E+00
   0.1000000E+01   0.1227026E+02   0.3153042E+00   0.6233498E+02   0.5918618E-01   0.6255096E+00   0.2454051E+02   0.0000000E+00
   0.2000000E+01   0.1221822E+02   0.3415740E+00   0.7386964E+02  -0.5853035E-01   0.7169563E+00   0.2443645E+02   0.0000000E+00
   0.1000000E+01   0.1219210E+02   0.4153136E+00   0.7636572E+02  -0.1922122E+00   0.7768986E+00   0.2438419E+02   0.0000000E+00
   0.1000000E+01   0.1436657E+02   0.3594828E+00   0.5539588E+02   0.1173672E+00   0.5231500E+00   0.2873313E+02   0.0000000E+00
   0.1000000E+01   0.1419186E+02   0.4330426E+00   0.3455117E+02  -0.6168012E-01   0.6286375E+00   0.2838372E+02   0.0000000E+00
   0.2000000E+01   0.1448279E+02   0.4585618E+00   0.3714171E+02  -0.1082577E+00   0.6496959E+00   0.2896558E+02   0.0000000E+00
   0.4000000E+01   0.1612985E+02   0.3942577E+00   0.3242487E+02   0.1075423E+00   0.4982000E+00   0.3225970E+02   0.0000000E+00
   0.8000000E+01   0.1604420E+02   0.3844038E+00   0.2557171E+02   0.1266238E+00   0.4889724E+00   0.3208840E+02   0.0000000E+00
   0.3000000E+01   0.1609197E+02   0.3781444E+00   0.2552370E+02   0.1427234E+00   0.4791323E+00   0.3218393E+02   0.0000000E+00
   0.1000000E+01   0.1255830E+02   0.3453309E+00   0.3256271E+02   0.3484614E-01   0.6198229E+00   0.2511660E+02   0.0000000E+00
   0.3000000E+01   0.1253732E+02   0.3506965E+00   0.2773233E+02   0.2027676E-01   0.6290267E+00   0.2507464E+02   0.0000000E+00
   0.1000000E+01   0.1267427E+02   0.3917754E+00   0.3251695E+02  -0.5995316E-01   0.6681778E+00   0.2534854E+02   0.0000000E+00
   0.6000000E+01   0.1239124E+02   0.3954267E+00   0.2360485E+02  -0.1001875E+00   0.7047607E+00   0.2478248E+02   0.0000000E+00
   0.2000000E+01   0.1316080E+02   0.2056409E+00   0.5676995E+02   0.1768020E+00   0.6175571E+00   0.2632160E+02   0.0000000E+00
   0.3000000E+01   0.1276201E+02   0.1446344E+00   0.8980425E+02   0.4563214E+00   0.3990442E+00   0.2552403E+02   0.0000000E+00
   0.1000000E+01   0.1249967E+02   0.2455614E+00   0.8394247E+02   0.2380057E+00   0.5164330E+00   0.2499934E+02   0.0000000E+00
   0.8000000E+01   0.1278167E+02   0.1807421E+00   0.6264761E+02   0.3984127E+00   0.4208453E+00   0.2556334E+02   0.0000000E+00
   0.5000000E+01   0.1306001E+02   0.1579265E+00   0.5579379E+02   0.4718273E+00   0.3702461E+00   0.2612002E+02   0.0000000E+00
   0.7000000E+01   0.1334900E+02   0.2078337E+00   0.7354128E+02   0.3948417E+00   0.3973247E+00   0.2669800E+02   0.0000000E+00
   0.6000000E+01   0.1378826E+02   0.2045180E+00   0.7060453E+02   0.4293952E+00   0.3660868E+00   0.2757652E+02   0.0000000E+00
   0.3000000E+01   0.1373442E+02   0.2181228E+00   0.6981800E+02   0.3974475E+00   0.3844297E+00   0.2746883E+02   0.0000000E+00
   0.1000000E+01   0.1266709E+02   0.2454103E+00   0.6535007E+02   0.2597413E+00   0.4948484E+00   0.2533418E+02   0.0000000E+00
   0.3000000E+01   0.1320241E+02   0.2884310E+00   0.6701208E+02   0.2131411E+00   0.4984280E+00   0.2640481E+02   0.0000000E+00
   0.1000000E+01   0.1270243E+02   0.2383492E+00   0.8504858E+02   0.1314669E+00   0.6301839E+00   0.2540487E+02   0.0000000E+00
   0.3000000E+01   0.1287749E+02   0.4829014E+00   0.6916982E+02  -0.4478454E+00   0.9649440E+00   0.2575498E+02   0.0000000E+00
   0.3000000E+01   0.1286093E+02   0.4863998E+00   0.6867088E+02  -0.4538619E+00   0.9674621E+00   0.2572186E+02   0.0000000E+00
   0.1000000E+01   0.1271442E+02   0.4797737E+00   0.7400167E+02  -0.4278086E+00   0.9480350E+00   0.2542884E+02   0.0000000E+00
   0.5000000E+01   0.1262732E+02   0.2688849E+00   0.6075511E+02   0.6162829E-01   0.6694868E+00   0.2525464E+02   0.0000000E+00
   0.4000000E+01   0.1283469E+02   0.1542368E+00   0.8416326E+02   0.3411428E+00   0.5046204E+00   0.2566938E+02   0.0000000E+00
   0.1000000E+01   0.1247377E+02   0.2139039E+00   0.6858569E+02   0.2301912E+00   0.5559049E+00   0.2494753E+02   0.0000000E+00
   0.1000000E+01   0.1261613E+02   0.2746000E+00   0.7608664E+02   0.4861714E-01   0.6767828E+00   0.2523225E+02   0.0000000E+00
   0.1000000E+01   0.1262239E+02   0.4705865E+00   0.6957877E+02  -0.2546845E+00   0.7840980E+00   0.2524478E+02   0.0000000E+00
   0.2000000E+01   0.1243016E+02   0.5168112E+00   0.2905388E+02  -0.4152352E+00   0.8984240E+00   0.2486032E+02   0.0000000E+00
   0.5000000E+01   0.1239222E+02   0.5062289E+00   0.2187825E+02  -0.4305356E+00   0.9243067E+00   0.2478444E+02   0.0000000E+00
   0.9000000E+01   0.1239802E+02   0.5143419E+00   0.2183131E+02  -0.4262640E+00   0.9119221E+00   0.2479605E+02   0.0000000E+00
   0.4000000E+01   0.1235830E+02   0.4438466E+00   0.5399589E+02  -0.2218539E+00   0.7780073E+00   0.2471661E+02   0.0000000E+00
   0.1000000E+01   0.1285199E+02   0.5669820E+00   0.5751066E+02  -0.4869349E+00   0.9199529E+00   0.2570398E+02   0.0000000E+00
   0.2000000E+01   0.1289621E+02   0.5698668E+00   0.5468496E+02  -0.4897672E+00   0.9199004E+00   0.2579241E+02   0.0000000E+00
   0.1000000E+01   0.1284300E+02   0.5641742E+00   0.5384868E+02  -0.4800562E+00   0.9158820E+00   0.2568601E+02   0.0000000E+00
   0.3000000E+01   0.1253614E+02   0.5242252E+00   0.6708604E+02  -0.4104088E+00   0.8861835E+00   0.2507228E+02   0.0000000E+00
   0.2000000E+01   0.1252894E+02   0.5107791E+00   0.6205889E+02  -0.3729675E+00   0.8621884E+00   0.2505787E+02   0.0000000E+00
   0.1000000E+01   0.1222734E+02   0.4050537E+00   0.4276096E+02  -0.2067690E+00   0.8017153E+00   0.2445468E+02   0.0000000E+00
   0.1200000E+02   0.1225488E+02   0.4538723E+00   0.3172010E+02  -0.3071672E+00   0.8532949E+00   0.2450976E+02   0.0000000E+00
   0.1000000E+01   0.1229644E+02   0.4751743E+00   0.4670521E+02  -0.3250795E+00   0.8499052E+00   0.2459287E+02   0.0000000E+00
   0.1000000E+01   0.1229239E+02   0.4112569E+00   0.5254842E+02  -0.1520803E+00   0.7408234E+00   0.2458477E+02   0.0000000E+00
   0.2000000E+01   0.1314935E+02   0.4401977E+00   0.2949566E+02  -0.1376442E+00   0.6974465E+00   0.2629870E+02   0.0000000E+00
   0.8000000E+01   0.1353394E+02   0.5421105E+00   0.3387216E+02  -0.3632376E+00   0.8211271E+00   0.2706788E+02   0.0000000E+00
   0.1000000E+01   0.1401110E+02   0.4820970E+00   0.4073120E+02  -0.1872980E+00   0.7052010E+00   0.2802219E+02   0.0000000E+00
   0.1000000E+01   0.1349497E+02   0.4804868E+00   0.4461032E+02  -0.2120144E+00   0.7315276E+00   0.2698993E+02   0.0000000E+00
   0.1000000E+01   0.1261470E+02   0.3860791E+00   0.2080725E+02  -0.5374788E-01   0.6676687E+00   0.2522939E+02   0.0000000E+00
   0.1000000E+01   0.1274195E+02   0.3049519E+00   0.3076188E+02   0.1411413E+00   0.5539068E+00   0.2548391E+02   0.0000000E+00
   0.4000000E+01   0.1295037E+02   0.3176979E+00   0.6670914E+02   0.1310329E+00   0.5512691E+00   0.2590073E+02   0.0000000E+00
   0.1000000E+01   0.1264165E+02   0.2661042E+00   0.6234335E+02   0.2146518E+00   0.5192440E+00   0.2528330E+02   0.0000000E+00
   0.2000000E+01   0.1244779E+02   0.2840282E+00   0.6355981E+02   0.1541590E+00   0.5618128E+00   0.2489558E+02   0.0000000E+00
   0.1000000E+01   0.1251617E+02   0.1839775E+00   0.6448097E+02   0.3269815E+00   0.4890410E+00   0.2503234E+02   0.0000000E+00
   0.1000000E+01   0.1277350E+02   0.2535052E+00   0.7876589E+02   0.8667013E-01   0.6598247E+00   0.2554700E+02   0.0000000E+00
   0.2000000E+01   0.1316818E+02   0.2430540E+00   0.6969018E+02   0.8365165E-01   0.6732943E+00   0.2633637E+02   0.0000000E+00
   0.3000000E+01   0.1236683E+02   0.2313025E+00   0.4870644E+02   0.2199993E+00   0.5486982E+00   0.2473367E+02   0.0000000E+00
   0.1000000E+01   0.1234748E+02   0.2446949E+00   0.4514533E+02   0.1727034E+00   0.5826017E+00   0.2469495E+02   0.0000000E+00
   0.1000000E+01   0.1260282E+02   0.4860285E+00   0.4298174E+02  -0.4298530E+00   0.9438245E+00   0.2520564E+02   0.0000000E+00
   0.1000000E+01   0.1285108E+02   0.5615854E+00   0.4478445E+02  -0.4718665E+00   0.9102811E+00   0.2570215E+02   0.0000000E+00
   0.2000000E+01   0.1275397E+02   0.5557795E+00   0.7310525E+02  -0.4675055E+00   0.9117259E+00   0.2550793E+02   0.0000000E+00
   0.5000000E+01   0.1257557E+02   0.5453259E+00   0.8536984E+02  -0.4673742E+00   0.9220482E+00   0.2515113E+02   0.0000000E+00
   0.4000000E+01   0.1249256E+02   0.5308769E+00   0.8175864E+02  -0.4913630E+00   0.9604861E+00   0.2498511E+02   0.0000000E+00
   0.2000000E+01   0.1245430E+02   0.5310001E+00   0.8842720E+02  -0.4604155E+00   0.9294154E+00   0.2490860E+02   0.0000000E+00
   0.2000000E+01   0.1221307E+02   0.3585483E+00   0.6986289E+02  -0.4636609E-01   0.6878178E+00   0.2442614E+02   0.0000000E+00
   0.1000000E+01   0.1317418E+02   0.4048020E+00   0.6891592E+02  -0.5135305E-01   0.6465511E+00   0.2634836E+02   0.0000000E+00
   0.1000000E+01   0.1317665E+02   0.4047988E+00   0.6889634E+02  -0.5118244E-01   0.6463836E+00   0.2635331E+02   0.0000000E+00
   0.1000000E+01   0.1306570E+02   0.3519668E+00   0.7025805E+02   0.6277936E-01   0.5852539E+00   0.2613141E+02   0.0000000E+00
   0.1000000E+01   0.1247299E+02   0.3406507E+00   0.4121849E+02   0.3621828E-01   0.6231310E+00   0.2494598E+02   0.0000000E+00
   0.1000000E+01   0.1232750E+02   0.4572208E+00   0.3957191E+02  -0.3338909E+00   0.8766701E+00   0.2465499E+02   0.0000000E+00
   0.3000000E+01   0.1232713E+02   0.4580176E+00   0.4270623E+02  -0.3352407E+00   0.8772231E+00   0.2465426E+02   0.0000000E+00
   0.1000000E+01   0.1302319E+02   0.5587678E+00   0.5021572E+02  -0.4454786E+00   0.8867108E+00   0.2604639E+02   0.0000000E+00
   0.1000000E+01   0.1315260E+02   0.4186027E+00   0.6168997E+02  -0.8521670E-01   0.6666140E+00   0.2630520E+02   0.0000000E+00
   0.2000000E+01   0.1228380E+02   0.3508367E+00   0.5097382E+02  -0.1336516E-01   0.6625285E+00   0.2456760E+02   0.0000000E+00
   0.3000000E+01   0.1296156E+02   0.2709456E+00   0.3645221E+02   0.2329672E+00   0.4960872E+00   0.2592313E+02   0.0000000E+00
   0.2000000E+01   0.1301122E+02   0.1428678E+00   0.5492819E+02   0.3520192E+00   0.5051130E+00   0.2602244E+02   0.0000000E+00
   0.1000000E+01   0.1313918E+02   0.2310540E+00   0.3159182E+02   0.1140653E+00   0.6548807E+00   0.2627836E+02   0.0000000E+00
   0.3000000E+01   0.1316325E+02   0.3941184E+00   0.2204371E+02  -0.2914158E-01   0.6350232E+00   0.2632651E+02   0.0000000E+00
   0.2000000E+01   0.1315706E+02   0.4385729E+00   0.2987544E+02  -0.1332071E+00   0.6946342E+00   0.2631411E+02   0.0000000E+00
   0.2000000E+01   0.1298097E+02   0.3981189E+00   0.2697775E+02  -0.5037797E-01   0.6522591E+00   0.2596194E+02   0.0000000E+00
   0.1000000E+01   0.1229283E+02   0.2631121E+00   0.6366318E+02   0.1384552E+00   0.5984327E+00   0.2458567E+02   0.0000000E+00
   0.2000000E+01   0.1227189E+02   0.2840801E+00   0.6348570E+02   0.7893406E-01   0.6369858E+00   0.2454378E+02   0.0000000E+00
   0.1000000E+01   0.1241191E+02   0.2176429E+00   0.5338137E+02   0.2409492E+00   0.5414079E+00   0.2482381E+02   0.0000000E+00
   0.1000000E+01   0.1226412E+02   0.3279117E+00   0.2211273E+02  -0.3831366E-01   0.7104020E+00   0.2452824E+02   0.0000000E+00
   0.6000000E+01   0.1231979E+02   0.3745127E+00   0.2038312E+02  -0.6261466E-01   0.6881020E+00   0.2463957E+02   0.0000000E+00
   0.1000000E+01   0.1251583E+02   0.1840104E+00   0.4303560E+02   0.3304928E+00   0.4854967E+00   0.2503166E+02   0.0000000E+00
   0.2000000E+01   0.1238610E+02   0.2654325E+00   0.7715576E+02   0.1807155E+00   0.5538520E+00   0.2477220E+02   0.0000000E+00
   0.1000000E+01   0.1221944E+02   0.3069018E+00   0.7479036E+02   0.5678098E-01   0.6363172E+00   0.2443887E+02   0.0000000E+00
   0.1000000E+01   0.1312189E+02   0.2321213E+00   0.6253325E+02   0.1135102E+00   0.6543685E+00   0.2624378E+02   0.0000000E+00
   0.2000000E+01   0.1288328E+02   0.2581228E+00   0.5227166E+02   0.6609069E-01   0.6757865E+00   0.2576656E+02   0.0000000E+00
   0.3000000E+01   0.1252639E+02   0.2820696E+00   0.5356300E+02   0.3926230E-01   0.6786681E+00   0.2505277E+02   0.0000000E+00
   0.2000000E+01   0.1256420E+02   0.3079810E+00   0.5975567E+02  -0.2833936E-01   0.7203583E+00   0.2512840E+02   0.0000000E+00
   0.1000000E+01   0.1273661E+02   0.3449331E+00   0.7428775E+02   0.5330573E-01   0.6017612E+00   0.2547322E+02   0.0000000E+00
   0.1000000E+01   0.1258932E+02   0.3590761E+00   0.7109854E+02   0.7850285E-02   0.6330736E+00   0.2517865E+02   0.0000000E+00
   0.2000000E+01   0.1231191E+02   0.3890740E+00   0.8934071E+02  -0.9527065E-01   0.7061966E+00   0.2462382E+02   0.0000000E+00
   0.4000000E+01   0.1230669E+02   0.2662031E+00   0.9700418E+02   0.1202143E+00   0.6135826E+00   0.2461338E+02   0.0000000E+00
   0.2000000E+01   0.1262533E+02   0.5416876E+00   0.7689933E+02  -0.4460792E+00   0.9043916E+00   0.2525066E+02   0.0000000E+00
   0.1000000E+01   0.1294138E+02   0.3967484E+00   0.7351780E+02  -0.4884415E-01   0.6520957E+00   0.2588276E+02   0.0000000E+00
   0.1000000E+01   0.1230176E+02   0.3315135E+00   0.7379661E+02   0.3206036E-01   0.6364261E+00   0.2460351E+02   0.0000000E+00
   0.6000000E+01   0.1233994E+02   0.3153530E+00   0.9751541E+02   0.7299150E-01   0.6116555E+00   0.2467987E+02   0.0000000E+00
   0.2000000E+01   0.1273888E+02   0.1570826E+00   0.8803827E+02   0.4330686E+00   0.4098488E+00   0.2547776E+02   0.0000000E+00
   0.1000000E+01   0.1225480E+02   0.3062106E+00   0.4414769E+02   0.7263662E-01   0.6211528E+00   0.2450960E+02   0.0000000E+00
   0.3000000E+01   0.1225639E+02   0.3054174E+00   0.4403635E+02   0.7460531E-01   0.6199773E+00   0.2451277E+02   0.0000000E+00
   0.2000000E+01   0.1231766E+02   0.2609928E+00   0.4637243E+02   0.1701921E+00   0.5688150E+00   0.2463533E+02   0.0000000E+00
   0.2000000E+01   0.1257676E+02   0.2255780E+00   0.6866142E+02   0.1790460E+00   0.5953760E+00   0.2515351E+02   0.0000000E+00
   0.5000000E+01   0.1236972E+02   0.4396435E+00   0.4297514E+02  -0.3062598E+00   0.8666163E+00   0.2473944E+02   0.0000000E+00
   0.2000000E+01   0.1252379E+02   0.4980177E+00   0.7305959E+02  -0.4432000E+00   0.9451823E+00   0.2504758E+02   0.0000000E+00
   0.2000000E+01   0.1269625E+02   0.4584652E+00   0.6867296E+02  -0.3816574E+00   0.9231922E+00   0.2539250E+02   0.0000000E+00
   0.6000000E+01   0.1275185E+02   0.4382305E+00   0.6337036E+02  -0.3428773E+00   0.9046468E+00   0.2550370E+02   0.0000000E+00
   0.2000000E+01   0.1221330E+02   0.3594493E+00   0.9188552E+02  -0.4819579E-01   0.6887465E+00   0.2442660E+02   0.0000000E+00
   0.3000000E+01   0.1230828E+02   0.3547381E+00   0.8491964E+02  -0.1740142E-01   0.6626633E+00   0.2461657E+02   0.0000000E+00
   0.1000000E+01   0.1243760E+02   0.4751371E+00   0.9023175E+02  -0.3870637E+00   0.9119266E+00   0.2487521E+02   0.0000000E+00
   0.2000000E+01   0.1237015E+02   0.4751445E+00   0.8909516E+02  -0.3754102E+00   0.9002657E+00   0.2474031E+02   0.0000000E+00
   0.4000000E+01   0.1232876E+02   0.4159018E+00   0.8873955E+02  -0.2496412E+00   0.8337394E+00   0.2465752E+02   0.0000000E+00
   0.4000000E+01   0.1426259E+02   0.2720538E+00   0.9477625E+02  -0.3915852E-01   0.7671047E+00   0.2852517E+02   0.0000000E+00
   0.2000000E+01   0.1319083E+02   0.2808594E+00   0.7832707E+02  -0.9401204E-02   0.7285418E+00   0.2638166E+02   0.0000000E+00
   0.2000000E+01   0.1308925E+02   0.2869914E+00   0.7871395E+02  -0.1794363E-01   0.7309523E+00   0.2617850E+02   0.0000000E+00
   0.3000000E+01   0.1282333E+02   0.4077609E+00   0.2211607E+02  -0.2830288E+00   0.8752679E+00   0.2564666E+02   0.0000000E+00
   0.1000000E+01   0.1240945E+02   0.5052189E+00   0.3522943E+02  -0.4345450E+00   0.9293261E+00   0.2481890E+02   0.0000000E+00
   0.2000000E+01   0.1267178E+02   0.4588762E+00   0.3165288E+02  -0.3811401E+00   0.9222639E+00   0.2534356E+02   0.0000000E+00
   0.1000000E+01   0.1224951E+02   0.3028584E+00   0.3790076E+02   0.3241316E-01   0.6647284E+00   0.2449902E+02   0.0000000E+00
   0.5000000E+01   0.1255482E+02   0.2384226E+00   0.3137165E+02   0.1467401E+00   0.6148373E+00   0.2510965E+02   0.0000000E+00
   0.1000000E+01   0.1277425E+02   0.1484147E+00   0.3485960E+02   0.3659237E+00   0.4856616E+00   0.2554850E+02   0.0000000E+00
   0.2000000E+01   0.1285783E+02   0.1368199E+00   0.3304077E+02   0.3867826E+00   0.4763975E+00   0.2571567E+02   0.0000000E+00
   0.5000000E+01   0.1264938E+02   0.1688231E+00   0.2446023E+02   0.3260697E+00   0.5051072E+00   0.2529875E+02   0.0000000E+00
   0.1000000E+01   0.1245607E+02   0.3754411E+00   0.2183453E+02  -0.4581096E-01   0.6703699E+00   0.2491214E+02   0.0000000E+00
   0.1000000E+01   0.1283651E+02   0.3496405E+00   0.2235540E+02   0.4918077E-01   0.6011787E+00   0.2567303E+02   0.0000000E+00
   0.1000000E+01   0.1310412E+02   0.3404444E+00   0.2048847E+02   0.8921785E-01   0.5703377E+00   0.2620825E+02   0.0000000E+00
   0.3000000E+01   0.1414957E+02   0.4437241E+00   0.3238276E+02  -0.8905413E-01   0.6453301E+00   0.2829914E+02   0.0000000E+00
   0.3000000E+01   0.1337138E+02   0.3622515E+00   0.5571138E+02   0.5908234E-01   0.5786661E+00   0.2674277E+02   0.0000000E+00
   0.1000000E+01   0.1221420E+02   0.4165417E+00   0.3652894E+02  -0.1854239E+00   0.7688822E+00   0.2442839E+02   0.0000000E+00
   0.1000000E+01   0.1269811E+02   0.3081181E+00   0.6851327E+02  -0.4072956E-01   0.7326115E+00   0.2539623E+02   0.0000000E+00
   0.3000000E+01   0.1220855E+02   0.3107540E+00   0.9528874E+02   0.3163170E-01   0.6576143E+00   0.2441710E+02   0.0000000E+00
   0.2000000E+01   0.1333850E+02   0.2432465E+00   0.9683475E+02   0.3196613E+00   0.4370922E+00   0.2667700E+02   0.0000000E+00
   0.1000000E+01   0.1320393E+02   0.1622659E+00   0.5568312E+02   0.4763000E+00   0.3614341E+00   0.2640787E+02   0.0000000E+00
   0.1000000E+01   0.1323693E+02   0.1730380E+00   0.4790913E+02   0.4574829E+00   0.3694791E+00   0.2647386E+02   0.0000000E+00
   0.4000000E+01   0.1375856E+02   0.4080788E+00   0.5809990E+02  -0.2459291E-01   0.6165141E+00   0.2751712E+02   0.0000000E+00
   0.6000000E+01   0.1299728E+02   0.1941349E+00   0.5971727E+02   0.3952529E+00   0.4106122E+00   0.2599456E+02   0.0000000E+00
   0.1000000E+01   0.1281137E+02   0.3564606E+00   0.4694174E+02   0.3331905E-01   0.6102204E+00   0.2562274E+02   0.0000000E+00
   0.4000000E+01   0.1379758E+02   0.2532312E+00   0.8811469E+02   0.3257244E+00   0.4210445E+00   0.2759516E+02   0.0000000E+00
   0.1000000E+01   0.1376138E+02   0.1728816E+00   0.8248345E+02   0.4940545E+00   0.3330639E+00   0.2752276E+02   0.0000000E+00
   0.2000000E+01   0.1329977E+02   0.2141657E+00   0.6469954E+02   0.3781879E+00   0.4076464E+00   0.2659954E+02   0.0000000E+00
   0.1000000E+01   0.1292272E+02   0.3075452E+00   0.6850615E+02   0.1512633E+00   0.5411916E+00   0.2584543E+02   0.0000000E+00
   0.1000000E+01   0.1232108E+02   0.3224197E+00   0.3432798E+02   0.5420411E-01   0.6233762E+00   0.2464216E+02   0.0000000E+00
   0.3000000E+01   0.1288964E+02   0.4624333E+00   0.5376171E+02  -0.4055843E+00   0.9431510E+00   0.2577928E+02   0.0000000E+00
   0.1000000E+01   0.1391291E+02   0.4317459E+00   0.6928376E+02  -0.3933515E+00   0.9616056E+00   0.2782582E+02   0.0000000E+00
   0.1000000E+01   0.1369106E+02   0.4349829E+00   0.7185796E+02  -0.3907025E+00   0.9557197E+00   0.2738211E+02   0.0000000E+00
   0.7000000E+01   0.1374171E+02   0.4483104E+00   0.7189567E+02  -0.4225730E+00   0.9742626E+00   0.2748343E+02   0.0000000E+00
   0.1000000E+01   0.1238811E+02   0.4751915E+00   0.2994831E+02  -0.3797590E+00   0.9045675E+00   0.2477622E+02   0.0000000E+00
   0.1000000E+01   0.1407632E+02   0.5526917E+00   0.6253571E+02  -0.3572958E+00   0.8046041E+00   0.2815264E+02   0.0000000E+00
   0.1000000E+01   0.1407614E+02   0.5526346E+00   0.6253696E+02  -0.3571619E+00   0.8045273E+00   0.2815228E+02   0.0000000E+00
   0.1000000E+01   0.1388132E+02   0.5244430E+00   0.6682560E+02  -0.2973890E+00   0.7729460E+00   0.2776265E+02   0.0000000E+00
   0.1000000E+01   0.1360642E+02   0.4830183E+00   0.5623909E+02  -0.2113441E+00   0.7283258E+00   0.2721284E+02   0.0000000E+00
   0.2000000E+01   0.1340203E+02   0.4840518E+00   0.5632386E+02  -0.2262522E+00   0.7422005E+00   0.2680407E+02   0.0000000E+00
   0.1000000E+01   0.1293776E+02   0.4994540E+00   0.5214318E+02  -0.2980234E+00   0.7985693E+00   0.2587552E+02   0.0000000E+00
   0.1000000E+01   0.1247079E+02   0.3925712E+00   0.4744106E+02  -0.8204627E-01   0.6894750E+00   0.2494158E+02   0.0000000E+00
   0.2000000E+01   0.1233863E+02   0.4158688E+00   0.5727550E+02  -0.1552287E+00   0.7393599E+00   0.2467726E+02   0.0000000E+00
   0.3000000E+01   0.1249174E+02   0.2255160E+00   0.6632493E+02   0.1924238E+00   0.5820602E+00   0.2498348E+02   0.0000000E+00
   0.3000000E+01   0.1285187E+02   0.1485457E+00   0.2902784E+02   0.3533748E+00   0.4980794E+00   0.2570375E+02   0.0000000E+00
   0.2000000E+01   0.1248615E+02   0.3006892E+00   0.3462049E+02  -0.2926794E-02   0.7022376E+00   0.2497230E+02   0.0000000E+00
   0.1000000E+01   0.1317490E+02   0.3368819E+00   0.5065577E+02  -0.1413708E+00   0.8044888E+00   0.2634980E+02   0.0000000E+00
   0.2000000E+01   0.1293802E+02   0.3727761E+00   0.4944236E+02  -0.2099512E+00   0.8371751E+00   0.2587604E+02   0.0000000E+00
   0.3000000E+01   0.1358863E+02   0.2078954E+00   0.5280033E+02   0.1455665E+00   0.6465380E+00   0.2717725E+02   0.0000000E+00
   0.1000000E+01   0.1233087E+02   0.2640032E+00   0.4462200E+02   0.1181627E+00   0.6178340E+00   0.2466175E+02   0.0000000E+00
   0.3000000E+01   0.1235723E+02   0.2490552E+00   0.4456517E+02   0.1548217E+00   0.5961230E+00   0.2471446E+02   0.0000000E+00
   0.1000000E+01   0.1250562E+02   0.2966575E+00   0.8799957E+02   0.5665365E-02   0.6976771E+00   0.2501123E+02   0.0000000E+00
   0.1000000E+01   0.1302305E+02   0.3514749E+00   0.5045807E+02   0.6070096E-01   0.5878242E+00   0.2604609E+02   0.0000000E+00
   0.3000000E+01   0.1269308E+02   0.1617614E+00   0.2541761E+02   0.4164145E+00   0.4218241E+00   0.2538616E+02   0.0000000E+00
   0.1000000E+01   0.1354702E+02   0.1382328E+00   0.2158767E+02   0.3201031E+00   0.5416641E+00   0.2709404E+02   0.0000000E+00
   0.1000000E+01   0.1353401E+02   0.1568877E+00   0.3005920E+02   0.2748330E+00   0.5682794E+00   0.2706802E+02   0.0000000E+00
   0.3000000E+01   0.1353013E+02   0.1564262E+00   0.2129419E+02   0.2747838E+00   0.5687900E+00   0.2706026E+02   0.0000000E+00
   0.2000000E+01   0.1376610E+02   0.1468546E+00   0.2263644E+02   0.2858128E+00   0.5673326E+00   0.2753219E+02   0.0000000E+00
   0.8000000E+01   0.1397010E+02   0.2917429E+00   0.3651966E+02  -0.7456438E-01   0.7828214E+00   0.2794021E+02   0.0000000E+00
   0.4000000E+01   0.1339553E+02   0.3680656E+00   0.5210588E+02  -0.2254201E+00   0.8573546E+00   0.2679105E+02   0.0000000E+00
   0.1000000E+01   0.1345535E+02   0.2818145E+00   0.4606546E+02  -0.2666909E-01   0.7448546E+00   0.2691069E+02   0.0000000E+00
   0.1000000E+01   0.1246443E+02   0.3536044E+00   0.5566975E+02   0.6613896E-02   0.6397817E+00   0.2492885E+02   0.0000000E+00
   0.1000000E+01   0.1252665E+02   0.3484270E+00   0.4799806E+02   0.2509763E-01   0.6264754E+00   0.2505331E+02   0.0000000E+00
   0.7000000E+01   0.1252680E+02   0.4251700E+00   0.4420461E+02  -0.1532808E+00   0.7281108E+00   0.2505359E+02   0.0000000E+00
   0.2000000E+01   0.1292372E+02   0.4608172E+00   0.4846174E+02  -0.2031753E+00   0.7423580E+00   0.2584744E+02   0.0000000E+00
   0.1000000E+01   0.1362041E+02   0.5126988E+00   0.2194474E+02  -0.2853938E+00   0.7726950E+00   0.2724082E+02   0.0000000E+00
   0.2000000E+01   0.1354074E+02   0.5049920E+00   0.2870125E+02  -0.2701509E+00   0.7651588E+00   0.2708148E+02   0.0000000E+00
   0.2000000E+01   0.1226321E+02   0.3024119E+00   0.2085415E+02   0.2721081E-01   0.6703773E+00   0.2452643E+02   0.0000000E+00
   0.1000000E+01   0.1225813E+02   0.4269929E+00   0.7429384E+02  -0.2592401E+00   0.8322472E+00   0.2451625E+02   0.0000000E+00
   0.3000000E+01   0.1225134E+02   0.4370503E+00   0.7445218E+02  -0.2272735E+00   0.7902232E+00   0.2450268E+02   0.0000000E+00
   0.1000000E+01   0.1233745E+02   0.4588622E+00   0.7342884E+02  -0.2648456E+00   0.8059834E+00   0.2467490E+02   0.0000000E+00
   0.1000000E+01   0.1235603E+02   0.3086828E+00   0.6967738E+02   0.8948969E-01   0.6018275E+00   0.2471206E+02   0.0000000E+00
   0.3000000E+01   0.1224232E+02   0.3241679E+00   0.2270363E+02  -0.2357758E-01   0.6994097E+00   0.2448464E+02   0.0000000E+00
   0.2000000E+01   0.1252838E+02   0.5355559E+00   0.4669053E+02  -0.4475962E+00   0.9120403E+00   0.2505677E+02   0.0000000E+00
   0.2000000E+01   0.1246065E+02   0.5232134E+00   0.4619099E+02  -0.4256991E+00   0.9024857E+00   0.2492129E+02   0.0000000E+00
   0.1300000E+02   0.1231517E+02   0.4299397E+00   0.9759191E+02  -0.1939119E+00   0.7639722E+00   0.2463033E+02   0.0000000E+00
   0.8000000E+01   0.1232128E+02   0.4395166E+00   0.9729040E+02  -0.2171383E+00   0.7776217E+00   0.2464256E+02   0.0000000E+00
   0.4000000E+01   0.1225779E+02   0.3507445E+00   0.6204188E+02  -0.1823134E-01   0.6674868E+00   0.2451558E+02   0.0000000E+00
   0.2000000E+01   0.1268264E+02   0.2822542E+00   0.7175742E+02   0.1851022E+00   0.5326435E+00   0.2536528E+02   0.0000000E+00
   0.1000000E+01   0.1277218E+02   0.1431554E+00   0.4371642E+02   0.4603665E+00   0.3964781E+00   0.2554435E+02   0.0000000E+00
   0.1000000E+01   0.1277000E+02   0.2010639E+00   0.4039297E+02   0.3584603E+00   0.4404758E+00   0.2553999E+02   0.0000000E+00
   0.3000000E+01   0.1252415E+02   0.2281761E+00   0.4761957E+02   0.2742717E+00   0.4975522E+00   0.2504830E+02   0.0000000E+00
   0.3000000E+01   0.1268051E+02   0.1571743E+00   0.7153087E+02   0.4206528E+00   0.4221730E+00   0.2536102E+02   0.0000000E+00
   0.2000000E+01   0.1256345E+02   0.2981558E+00   0.6515251E+02   0.1389755E+00   0.5628687E+00   0.2512690E+02   0.0000000E+00
   0.4000000E+01   0.1331821E+02   0.4097951E+00   0.5303237E+02  -0.5395627E-01   0.6441612E+00   0.2663643E+02   0.0000000E+00
   0.3000000E+01   0.1232628E+02   0.2474209E+00   0.8096743E+02   0.1786135E+00   0.5739656E+00   0.2465256E+02   0.0000000E+00
   0.1000000E+01   0.1333001E+02   0.2804351E+00   0.6458357E+02  -0.1641144E-01   0.7359763E+00   0.2666002E+02   0.0000000E+00
   0.1000000E+01   0.1303500E+02   0.2989623E+00   0.5901072E+02  -0.4332409E-01   0.7443618E+00   0.2607001E+02   0.0000000E+00
   0.2000000E+01   0.1299640E+02   0.3099909E+00   0.5103435E+02  -0.6721674E-01   0.7572258E+00   0.2599280E+02   0.0000000E+00
   0.1000000E+01   0.1240609E+02   0.4178134E+00   0.5480528E+02  -0.1500367E+00   0.7322233E+00   0.2481217E+02   0.0000000E+00
   0.1000000E+01   0.1422981E+02   0.4344386E+00   0.7991006E+02  -0.6243140E-01   0.6279928E+00   0.2845962E+02   0.0000000E+00
   0.6000000E+01   0.1460495E+02   0.5160996E+00   0.7777868E+02  -0.2404878E+00   0.7243883E+00   0.2920990E+02   0.0000000E+00
   0.1000000E+01   0.1278465E+02   0.2850601E+00   0.8982141E+02   0.1886738E+00   0.5262661E+00   0.2556929E+02   0.0000000E+00
   0.2000000E+01   0.1239912E+02   0.3071624E+00   0.8968238E+02   0.9941605E-01   0.5934215E+00   0.2479824E+02   0.0000000E+00
   0.1000000E+01   0.1255190E+02   0.3137230E+00   0.8333967E+02   0.1044203E+00   0.5818567E+00   0.2510380E+02   0.0000000E+00
   0.2000000E+01   0.1280991E+02   0.5159024E+00   0.8428634E+02  -0.3517448E+00   0.8358424E+00   0.2561982E+02   0.0000000E+00
   0.1000000E+01   0.1238700E+02   0.4190630E+00   0.5875448E+02  -0.1556732E+00   0.7366102E+00   0.2477400E+02   0.0000000E+00
   0.1000000E+01   0.1216636E+02   0.3763819E+00   0.6663946E+02  -0.1113453E+00   0.7349633E+00   0.2433273E+02   0.0000000E+00
   0.3000000E+01   0.1216647E+02   0.3684379E+00   0.6756983E+02  -0.9331559E-01   0.7248777E+00   0.2433295E+02   0.0000000E+00
   0.9000000E+01   0.1223158E+02   0.3410218E+00   0.6645433E+02  -0.6090601E-01   0.7198842E+00   0.2446317E+02   0.0000000E+00
   0.2000000E+01   0.1233495E+02   0.4924090E+00   0.4868261E+02  -0.3904662E+00   0.8980572E+00   0.2466989E+02   0.0000000E+00
   0.2000000E+01   0.1232887E+02   0.4357850E+00   0.2781193E+02  -0.2076394E+00   0.7718544E+00   0.2465773E+02   0.0000000E+00
   0.4000000E+01   0.1261715E+02   0.2903579E+00   0.3285169E+02   0.8682345E-02   0.7009597E+00   0.2523430E+02   0.0000000E+00
   0.1000000E+01   0.1236137E+02   0.2576216E+00   0.3003439E+02   0.1275459E+00   0.6148326E+00   0.2472274E+02   0.0000000E+00
   0.3000000E+01   0.1256401E+02   0.2653142E+00   0.2518360E+02   0.7559332E-01   0.6590925E+00   0.2512801E+02   0.0000000E+00
   0.2000000E+01   0.1217218E+02   0.3839959E+00   0.7419953E+02  -0.1394829E+00   0.7554870E+00   0.2434436E+02   0.0000000E+00
   0.1000000E+01   0.1247545E+02   0.5074424E+00   0.6445021E+02  -0.4525239E+00   0.9450815E+00   0.2495089E+02   0.0000000E+00
   0.1000000E+01   0.1238371E+02   0.4992635E+00   0.4099906E+02  -0.3709355E+00   0.8716720E+00   0.2476742E+02   0.0000000E+00
   0.2000000E+01   0.1254896E+02   0.5244900E+00   0.4328218E+02  -0.4092663E+00   0.8847763E+00   0.2509791E+02   0.0000000E+00
   0.7000000E+01   0.1260887E+02   0.5279376E+00   0.4772420E+02  -0.4091048E+00   0.8811672E+00   0.2521774E+02   0.0000000E+00
   0.1000000E+01   0.1314982E+02   0.4537912E+00   0.2476592E+02  -0.1707920E+00   0.7170008E+00   0.2629964E+02   0.0000000E+00
   0.1000000E+01   0.1309280E+02   0.4639774E+00   0.2177831E+02  -0.2000337E+00   0.7360563E+00   0.2618560E+02   0.0000000E+00
   0.6000000E+01   0.1358846E+02   0.5553637E+00   0.2089711E+02  -0.3952521E+00   0.8398884E+00   0.2717693E+02   0.0000000E+00
   0.1000000E+01   0.1289330E+02   0.4702625E+00   0.4001302E+02  -0.2290602E+00   0.7587978E+00   0.2578660E+02   0.0000000E+00
   0.3000000E+01   0.1257037E+02   0.5069881E+00   0.4312303E+02  -0.3565585E+00   0.8495704E+00   0.2514075E+02   0.0000000E+00
   0.5000000E+01   0.1238400E+02   0.5092321E+00   0.6110810E+02  -0.4281656E+00   0.9189335E+00   0.2476800E+02   0.0000000E+00
   0.1000000E+01   0.1242783E+02   0.5063300E+00   0.5125836E+02  -0.3802981E+00   0.8739682E+00   0.2485566E+02   0.0000000E+00
   0.2000000E+01   0.1236226E+02   0.2366229E+00   0.5612687E+02   0.1948637E+00   0.5685134E+00   0.2472451E+02   0.0000000E+00
   0.1000000E+01   0.1231333E+02   0.2554733E+00   0.5616939E+02   0.1530521E+00   0.5914746E+00   0.2462666E+02   0.0000000E+00
   0.1000000E+01   0.1252788E+02   0.2649621E+00   0.6038603E+02   0.2036495E+00   0.5313884E+00   0.2505576E+02   0.0000000E+00
   0.1000000E+01   0.1279805E+02   0.2795688E+00   0.2541318E+02   0.2002554E+00   0.5201758E+00   0.2559609E+02   0.0000000E+00
   0.3000000E+01   0.1274378E+02   0.2791307E+00   0.2666476E+02   0.1964270E+00   0.5244423E+00   0.2548757E+02   0.0000000E+00
   0.2000000E+01   0.1229091E+02   0.2756515E+00   0.2475520E+02   0.1373335E+00   0.5870151E+00   0.2458183E+02   0.0000000E+00
   0.1000000E+01   0.1251144E+02   0.1862839E+00   0.6617969E+02   0.3153155E+00   0.4984006E+00   0.2502288E+02   0.0000000E+00
   0.2000000E+01   0.1240660E+02   0.2175916E+00   0.6141821E+02   0.2526248E+00   0.5297836E+00   0.2481320E+02   0.0000000E+00
   0.4000000E+01   0.1281689E+02   0.1291710E+00   0.4238352E+02   0.4892415E+00   0.3815875E+00   0.2563378E+02   0.0000000E+00
   0.8000000E+01   0.1281764E+02   0.1313529E+00   0.4084430E+02   0.4864044E+00   0.3822427E+00   0.2563529E+02   0.0000000E+00
   0.7000000E+01   0.1249944E+02   0.1875023E+00   0.2205630E+02   0.3207579E+00   0.4917397E+00   0.2499888E+02   0.0000000E+00
   0.5000000E+01   0.1270378E+02   0.1425923E+00   0.2375821E+02   0.3990626E+00   0.4583451E+00   0.2540757E+02   0.0000000E+00
   0.6000000E+01   0.1280631E+02   0.1161990E+00   0.2681903E+02   0.4657687E+00   0.4180322E+00   0.2561261E+02   0.0000000E+00
   0.3000000E+01   0.1250545E+02   0.1869888E+00   0.2610651E+02   0.3125121E+00   0.5004991E+00   0.2501091E+02   0.0000000E+00
   0.2000000E+01   0.1302059E+02   0.1795716E+00   0.5479139E+02   0.4261360E+00   0.3942923E+00   0.2604119E+02   0.0000000E+00
   0.1000000E+01   0.1267146E+02   0.3237138E+00   0.7040981E+02   0.9455964E-01   0.5817265E+00   0.2534291E+02   0.0000000E+00
   0.3000000E+01   0.1303724E+02   0.3418051E+00   0.6725366E+02   0.8367110E-01   0.5745238E+00   0.2607449E+02   0.0000000E+00
   0.3000000E+01   0.1280414E+02   0.4016711E+00   0.2612588E+02  -0.2673830E+00   0.8657119E+00   0.2560828E+02   0.0000000E+00
   0.1000000E+01   0.1219103E+02   0.4209871E+00   0.3948156E+02  -0.2166654E+00   0.7956783E+00   0.2438206E+02   0.0000000E+00
   0.5000000E+01   0.1226007E+02   0.4647944E+00   0.3424068E+02  -0.3180069E+00   0.8532125E+00   0.2452013E+02   0.0000000E+00
   0.1000000E+01   0.1239721E+02   0.4926740E+00   0.3097797E+02  -0.3477328E+00   0.8550588E+00   0.2479442E+02   0.0000000E+00
   0.3000000E+01   0.1327492E+02   0.2222670E+00   0.3577711E+02   0.3590437E+00   0.4186893E+00   0.2654983E+02   0.0000000E+00
   0.2000000E+01   0.1345001E+02   0.2689269E+00   0.3379538E+02   0.2708261E+00   0.4602470E+00   0.2690002E+02   0.0000000E+00
   0.3000000E+01   0.1219938E+02   0.3785552E+00   0.6191752E+02  -0.1406547E+00   0.7620996E+00   0.2439876E+02   0.0000000E+00
   0.1000000E+01   0.1269832E+02   0.4329693E+00   0.7560894E+02  -0.1544677E+00   0.7214984E+00   0.2539665E+02   0.0000000E+00
   0.1000000E+01   0.1298322E+02   0.9538344E-01   0.5172600E+02   0.4939878E+00   0.4106287E+00   0.2596645E+02   0.0000000E+00
   0.3000000E+01   0.1292777E+02   0.1559852E+00   0.3024210E+02   0.3239312E+00   0.5200837E+00   0.2585554E+02   0.0000000E+00
   0.2000000E+01   0.1234696E+02   0.2403749E+00   0.4878360E+02   0.1900926E+00   0.5695325E+00   0.2469391E+02   0.0000000E+00
   0.2000000E+01   0.1281670E+02   0.1468084E+00   0.4449662E+02   0.4625924E+00   0.3905992E+00   0.2563340E+02   0.0000000E+00
   0.1000000E+01   0.1277419E+02   0.1316133E+00   0.3592396E+02   0.4758217E+00   0.3925650E+00   0.2554837E+02   0.0000000E+00
   0.8000000E+01   0.1248104E+02   0.2836078E+00   0.2039792E+02   0.1576528E+00   0.5587394E+00   0.2496207E+02   0.0000000E+00
   0.7000000E+01   0.1227000E+02   0.3263496E+00   0.4778545E+02   0.3635731E-01   0.6372930E+00   0.2454000E+02   0.0000000E+00
   0.3000000E+01   0.1219832E+02   0.3397158E+00   0.3750229E+02  -0.4756475E-01   0.7078489E+00   0.2439664E+02   0.0000000E+00
   0.3000000E+01   0.1232021E+02   0.3230482E+00   0.3189048E+02  -0.3554503E-01   0.7124968E+00   0.2464042E+02   0.0000000E+00
   0.1000000E+01   0.1218223E+02   0.3428015E+00   0.4949913E+02  -0.2671723E-01   0.6839157E+00   0.2436445E+02   0.0000000E+00
   0.2000000E+01   0.1410586E+02   0.2085257E+00   0.8481539E+02   0.1196084E+00   0.6718659E+00   0.2821172E+02   0.0000000E+00
   0.3000000E+01   0.1346541E+02   0.3586623E+00   0.6949763E+02  -0.2071259E+00   0.8484636E+00   0.2693083E+02   0.0000000E+00
   0.2000000E+01   0.1364196E+02   0.3502937E+00   0.7953062E+02  -0.1962162E+00   0.8459225E+00   0.2728392E+02   0.0000000E+00
   0.1000000E+01   0.1444394E+02   0.4587422E+00   0.7959997E+02  -0.4744294E+00   0.1015687E+01   0.2888788E+02   0.0000000E+00
   0.1000000E+01   0.1326499E+02   0.2927452E+00   0.8462364E+02  -0.4207681E-01   0.7493316E+00   0.2652997E+02   0.0000000E+00
   0.2000000E+01   0.1319062E+02   0.2969973E+00   0.8716037E+02  -0.4794037E-01   0.7509430E+00   0.2638124E+02   0.0000000E+00
   0.1000000E+01   0.1297463E+02   0.3922726E+00   0.8813215E+02  -0.2564002E+00   0.8641276E+00   0.2594927E+02   0.0000000E+00
   0.1000000E+01   0.1280626E+02   0.3993381E+00   0.7615650E+02  -0.2608966E+00   0.8615585E+00   0.2561252E+02   0.0000000E+00
   0.2000000E+01   0.1227017E+02   0.4028608E+00   0.7991327E+02  -0.2113878E+00   0.8085270E+00   0.2454035E+02   0.0000000E+00
   0.1000000E+01   0.1229666E+02   0.4768879E+00   0.5497596E+02  -0.3308862E+00   0.8539983E+00   0.2459333E+02   0.0000000E+00
   0.1000000E+01   0.1221251E+02   0.4234389E+00   0.5076581E+02  -0.2043193E+00   0.7808804E+00   0.2442502E+02   0.0000000E+00
   0.3000000E+01   0.1225351E+02   0.4379532E+00   0.5479858E+02  -0.2292750E+00   0.7913218E+00   0.2450702E+02   0.0000000E+00
   0.3000000E+01   0.1244774E+02   0.3638193E+00   0.8278892E+02  -0.1822759E-01   0.6544083E+00   0.2489549E+02   0.0000000E+00
   0.3000000E+01   0.1242571E+02   0.2827194E+00   0.9862984E+02   0.1537119E+00   0.5635687E+00   0.2485143E+02   0.0000000E+00
   0.5000000E+01   0.1227682E+02   0.3355362E+00   0.3247408E+02   0.1794399E-01   0.6465198E+00   0.2455364E+02   0.0000000E+00
   0.1000000E+01   0.1249218E+02   0.3326148E+00   0.3788191E+02  -0.8064344E-01   0.7480286E+00   0.2498436E+02   0.0000000E+00
   0.1000000E+01   0.1243669E+02   0.3073244E+00   0.3847984E+02  -0.1313477E-01   0.7058104E+00   0.2487338E+02   0.0000000E+00
   0.2000000E+01   0.1216801E+02   0.3593341E+00   0.4194213E+02  -0.7391694E-01   0.7145828E+00   0.2433603E+02   0.0000000E+00
   0.1000000E+01   0.1251649E+02   0.3292678E+00   0.2823820E+02   0.6561061E-01   0.6051216E+00   0.2503299E+02   0.0000000E+00
   0.7000000E+01   0.1249086E+02   0.3353186E+00   0.2639480E+02   0.4922948E-01   0.6154519E+00   0.2498171E+02   0.0000000E+00
   0.2000000E+01   0.1232831E+02   0.2530956E+00   0.2238570E+02   0.1847081E+00   0.5621964E+00   0.2465663E+02   0.0000000E+00
   0.2000000E+01   0.1227120E+02   0.2807397E+00   0.2947397E+02   0.1218492E+00   0.5974111E+00   0.2454240E+02   0.0000000E+00
   0.1000000E+01   0.1232637E+02   0.2648143E+00   0.3636794E+02   0.1671398E+00   0.5680459E+00   0.2465275E+02   0.0000000E+00
   0.1000000E+01   0.1326108E+02   0.1269037E+00   0.3584669E+02   0.3716119E+00   0.5014844E+00   0.2652216E+02   0.0000000E+00
   0.3000000E+01   0.1378802E+02   0.1967558E+00   0.4836333E+02   0.1626577E+00   0.6405865E+00   0.2757604E+02   0.0000000E+00
   0.3000000E+01   0.1372652E+02   0.1743522E+00   0.3904942E+02   0.2208536E+00   0.6047941E+00   0.2745303E+02   0.0000000E+00
   0.2000000E+01   0.1256746E+02   0.2579920E+00   0.3387489E+02   0.2221960E+00   0.5198120E+00   0.2513492E+02   0.0000000E+00
   0.1000000E+01   0.1224484E+02   0.3143773E+00   0.3403541E+02   0.2537720E-02   0.6830850E+00   0.2448967E+02   0.0000000E+00
   0.6000000E+01   0.1220911E+02   0.3251685E+00   0.6980498E+02  -0.1290497E-01   0.6877364E+00   0.2441822E+02   0.0000000E+00
   0.2000000E+01   0.1227558E+02   0.2928999E+00   0.9970855E+02   0.5270150E-01   0.6543985E+00   0.2455116E+02   0.0000000E+00
   0.3000000E+01   0.1260565E+02   0.2336661E+00   0.3444349E+02   0.2752767E+00   0.4910572E+00   0.2521131E+02   0.0000000E+00
   0.5000000E+01   0.1294031E+02   0.2967660E+00   0.2338699E+02   0.1746118E+00   0.5286222E+00   0.2588062E+02   0.0000000E+00
   0.1000000E+01   0.1417680E+02   0.3145174E+00   0.3911747E+02   0.2096627E+00   0.4758200E+00   0.2835361E+02   0.0000000E+00
   0.3000000E+01   0.1501563E+02   0.2618811E+00   0.2801734E+02   0.3636013E+00   0.3745176E+00   0.3003127E+02   0.0000000E+00
   0.4000000E+01   0.1303371E+02   0.3720627E+00   0.4587469E+02  -0.2144735E+00   0.8424108E+00   0.2606743E+02   0.0000000E+00
   0.1000000E+01   0.1321612E+02   0.3012508E+00   0.2068125E+02  -0.6215274E-01   0.7609019E+00   0.2643225E+02   0.0000000E+00
   0.2000000E+01   0.1277823E+02   0.4432813E+00   0.6279600E+02  -0.3559072E+00   0.9126259E+00   0.2555646E+02   0.0000000E+00
   0.2000000E+01   0.1277041E+02   0.3574658E+00   0.7368401E+02  -0.1627286E+00   0.8052628E+00   0.2554082E+02   0.0000000E+00
   0.3000000E+01   0.1299007E+02   0.4014177E+00   0.6057959E+02  -0.2781797E+00   0.8767620E+00   0.2598013E+02   0.0000000E+00
   0.1000000E+01   0.1233962E+02   0.3322484E+00   0.8969274E+02  -0.6004064E-01   0.7277923E+00   0.2467924E+02   0.0000000E+00
   0.1000000E+01   0.1248662E+02   0.2924140E+00   0.8756421E+02   0.1834573E-01   0.6892402E+00   0.2497324E+02   0.0000000E+00
   0.8000000E+01   0.1240511E+02   0.3023389E+00   0.8400404E+02   0.3996053E-02   0.6936651E+00   0.2481022E+02   0.0000000E+00
   0.1000000E+01   0.1228782E+02   0.4103240E+00   0.8714213E+02  -0.2307589E+00   0.8204350E+00   0.2457565E+02   0.0000000E+00
   0.1000000E+01   0.1219928E+02   0.4001555E+00   0.7003271E+02  -0.1481134E+00   0.7479579E+00   0.2439855E+02   0.0000000E+00
   0.3000000E+01   0.1375155E+02   0.5556844E+00   0.9025860E+02  -0.3832768E+00   0.8275924E+00   0.2750310E+02   0.0000000E+00
   0.1000000E+01   0.1251915E+02   0.3409039E+00   0.9668505E+02   0.4136899E-01   0.6177271E+00   0.2503830E+02   0.0000000E+00
   0.1000000E+01   0.1287696E+02   0.3296273E+00   0.9522119E+02   0.9907517E-01   0.5712975E+00   0.2575391E+02   0.0000000E+00
   0.3000000E+01   0.1238988E+02   0.4698041E+00   0.7054963E+02  -0.2840966E+00   0.8142925E+00   0.2477975E+02   0.0000000E+00
   0.3000000E+01   0.1220801E+02   0.3892049E+00   0.5825100E+02  -0.1183511E+00   0.7291463E+00   0.2441602E+02   0.0000000E+00
   0.6000000E+01   0.1224250E+02   0.3900138E+00   0.5397969E+02  -0.1111575E+00   0.7211437E+00   0.2448500E+02   0.0000000E+00
   0.5000000E+01   0.1233231E+02   0.3827496E+00   0.4197926E+02  -0.7770465E-01   0.6949551E+00   0.2466462E+02   0.0000000E+00
   0.1000000E+01   0.1236032E+02   0.4863028E+00   0.3604382E+02  -0.3927012E+00   0.9063984E+00   0.2472064E+02   0.0000000E+00
   0.2000000E+01   0.1273216E+02   0.4004871E+00   0.6605216E+02  -0.2579594E+00   0.8574723E+00   0.2546431E+02   0.0000000E+00
   0.3000000E+01   0.1314904E+02   0.1179876E+00   0.4386316E+02   0.4059471E+00   0.4760653E+00   0.2629809E+02   0.0000000E+00
   0.1000000E+01   0.1348389E+02   0.3580047E+00   0.8674173E+02   0.7561450E-01   0.5663808E+00   0.2696777E+02   0.0000000E+00
   0.4000000E+01   0.1248781E+02   0.5381893E+00   0.2559712E+02  -0.4759561E+00   0.9377668E+00   0.2497562E+02   0.0000000E+00
   0.1000000E+01   0.1243912E+02   0.3787249E+00   0.3348842E+02  -0.1824905E+00   0.8037656E+00   0.2487823E+02   0.0000000E+00
   0.1000000E+01   0.1217198E+02   0.3713747E+00   0.5348967E+02  -0.1115653E+00   0.7401907E+00   0.2434396E+02   0.0000000E+00
   0.3000000E+01   0.1241381E+02   0.5176149E+00   0.6055792E+02  -0.4486549E+00   0.9310400E+00   0.2482762E+02   0.0000000E+00
   0.2000000E+01   0.1231243E+02   0.4244378E+00   0.3943188E+02  -0.1812594E+00   0.7568216E+00   0.2462487E+02   0.0000000E+00
   0.2000000E+01   0.1233212E+02   0.4515224E+00   0.3307957E+02  -0.2473166E+00   0.7957942E+00   0.2466424E+02   0.0000000E+00
   0.4000000E+01   0.1291479E+02   0.4400605E+00   0.6867667E+02  -0.1533272E+00   0.7132667E+00   0.2582959E+02   0.0000000E+00
   0.1000000E+01   0.1313444E+02   0.4488651E+00   0.8285013E+02  -0.1583447E+00   0.7094796E+00   0.2626887E+02   0.0000000E+00
   0.2000000E+01   0.1252148E+02   0.5348936E+00   0.7579819E+02  -0.4467448E+00   0.9118512E+00   0.2504295E+02   0.0000000E+00
   0.2000000E+01   0.1223353E+02   0.4493281E+00   0.6176930E+02  -0.2879053E+00   0.8385772E+00   0.2446706E+02   0.0000000E+00
   0.1000000E+01   0.1225062E+02   0.4077111E+00   0.5574629E+02  -0.2178653E+00   0.8101542E+00   0.2450124E+02   0.0000000E+00
   0.1000000E+01   0.1274402E+02   0.2681301E+00   0.9675148E+02   0.5295700E-01   0.6789129E+00   0.2548803E+02   0.0000000E+00
   0.1000000E+01   0.1281439E+02   0.2655114E+00   0.8800792E+02   0.5356021E-01   0.6809283E+00   0.2562878E+02   0.0000000E+00
   0.2000000E+01   0.1245095E+02   0.3138935E+00   0.8120329E+02   0.9219947E-01   0.5939070E+00   0.2490190E+02   0.0000000E+00
   0.1000000E+01   0.1249545E+02   0.2624584E+00   0.5080028E+02   0.2042094E+00   0.5333322E+00   0.2499090E+02   0.0000000E+00
   0.8000000E+01   0.1282115E+02   0.1268339E+00   0.6003330E+02   0.4933332E+00   0.3798329E+00   0.2564230E+02   0.0000000E+00
   0.3000000E+01   0.1252465E+02   0.2089593E+00   0.5611057E+02   0.3081333E+00   0.4829074E+00   0.2504931E+02   0.0000000E+00
   0.4000000E+01   0.1333505E+02   0.1743619E+00   0.6603151E+02   0.4625023E+00   0.3631358E+00   0.2667010E+02   0.0000000E+00
   0.2000000E+01   0.1304711E+02   0.4872406E+00   0.5982694E+02  -0.2585502E+00   0.7713096E+00   0.2609421E+02   0.0000000E+00
   0.4000000E+01   0.1225967E+02   0.3274302E+00   0.6020686E+02  -0.3392796E-01   0.7064978E+00   0.2451933E+02   0.0000000E+00
   0.1000000E+01   0.1233992E+02   0.3262743E+00   0.7857950E+02  -0.4561086E-01   0.7193366E+00   0.2467983E+02   0.0000000E+00
   0.1000000E+01   0.1227518E+02   0.4719807E+00   0.7924149E+02  -0.3351786E+00   0.8631979E+00   0.2455037E+02   0.0000000E+00
   0.1000000E+01   0.1226402E+02   0.4671051E+00   0.7889456E+02  -0.3225497E+00   0.8554446E+00   0.2452804E+02   0.0000000E+00
   0.1000000E+01   0.1245089E+02   0.3891579E+00   0.9663485E+02  -0.2065751E+00   0.8174172E+00   0.2490178E+02   0.0000000E+00
   0.1000000E+01   0.1237340E+02   0.3920990E+00   0.9895645E+02  -0.2038240E+00   0.8117250E+00   0.2474680E+02   0.0000000E+00
   0.1000000E+01   0.1340682E+02   0.2875277E+00   0.9008990E+02  -0.3733860E-01   0.7498109E+00   0.2681363E+02   0.0000000E+00
   0.1000000E+01   0.1439737E+02   0.3700115E+00   0.8079042E+02  -0.2726723E+00   0.9026608E+00   0.2879474E+02   0.0000000E+00
   0.2000000E+01   0.1305683E+02   0.3737210E+00   0.5368260E+02  -0.2195422E+00   0.8458212E+00   0.2611366E+02   0.0000000E+00
   0.1000000E+01   0.1444254E+02   0.3384075E+00   0.3815219E+02  -0.2021220E+00   0.8637144E+00   0.2888508E+02   0.0000000E+00
   0.2000000E+01   0.1363946E+02   0.4499648E+00   0.2380859E+02  -0.4231532E+00   0.9731884E+00   0.2727891E+02   0.0000000E+00
   0.7000000E+01   0.1378704E+02   0.4425383E+00   0.2786075E+02  -0.4130339E+00   0.9704956E+00   0.2757409E+02   0.0000000E+00
   0.6000000E+01   0.1346224E+02   0.4180863E+00   0.3315791E+02  -0.3427907E+00   0.9247044E+00   0.2692448E+02   0.0000000E+00
   0.8000000E+01   0.1317643E+02   0.4739468E+00   0.2121264E+02  -0.4511348E+00   0.9771880E+00   0.2635286E+02   0.0000000E+00
   0.2000000E+01   0.1279131E+02   0.4817021E+00   0.3634740E+02  -0.4390121E+00   0.9573101E+00   0.2558262E+02   0.0000000E+00
   0.3000000E+01   0.1278820E+02   0.4847683E+00   0.2987070E+02  -0.4454570E+00   0.9606886E+00   0.2557640E+02   0.0000000E+00
   0.1000000E+01   0.1296837E+02   0.4984561E+00   0.2576777E+02  -0.4882720E+00   0.9898159E+00   0.2593673E+02   0.0000000E+00
   0.2000000E+01   0.1328648E+02   0.4484164E+00   0.2452236E+02  -0.4015610E+00   0.9531446E+00   0.2657296E+02   0.0000000E+00
   0.2000000E+01   0.1263308E+02   0.4376699E+00   0.2769244E+02  -0.3327150E+00   0.8950452E+00   0.2526615E+02   0.0000000E+00
   0.1000000E+01   0.1276950E+02   0.3845270E+00   0.2808108E+02  -0.2259242E+00   0.8413972E+00   0.2553900E+02   0.0000000E+00
   0.3000000E+01   0.1391481E+02   0.4266349E+00   0.2394209E+02  -0.3837034E+00   0.9570685E+00   0.2782961E+02   0.0000000E+00
   0.3000000E+01   0.1261789E+02   0.3554486E+00   0.5949509E+02  -0.1458602E+00   0.7904116E+00   0.2523579E+02   0.0000000E+00
   0.1000000E+01   0.1261953E+02   0.3321202E+00   0.5895536E+02  -0.9130542E-01   0.7591852E+00   0.2523906E+02   0.0000000E+00
   0.1000000E+01   0.1222113E+02   0.3495176E+00   0.6070033E+02  -0.7897411E-01   0.7294565E+00   0.2444227E+02   0.0000000E+00
   0.1000000E+01   0.1218231E+02   0.3683266E+00   0.3978256E+02  -0.1109451E+00   0.7426185E+00   0.2436463E+02   0.0000000E+00
   0.4000000E+01   0.1355248E+02   0.3031719E+00   0.7764319E+02   0.2025427E+00   0.4942854E+00   0.2710496E+02   0.0000000E+00
   0.1000000E+01   0.1327024E+02   0.2924707E+00   0.8851546E+02   0.2088863E+00   0.4986430E+00   0.2654048E+02   0.0000000E+00
   0.1000000E+01   0.1253009E+02   0.2058018E+00   0.7735933E+02   0.3145150E+00   0.4796832E+00   0.2506018E+02   0.0000000E+00
   0.2000000E+01   0.1261016E+02   0.3012949E+00   0.6185824E+02  -0.1652471E-01   0.7152298E+00   0.2522032E+02   0.0000000E+00
   0.1000000E+01   0.1226348E+02   0.4330195E+00   0.4269721E+02  -0.2135594E+00   0.7805399E+00   0.2452695E+02   0.0000000E+00
   0.1000000E+01   0.1247616E+02   0.5277251E+00   0.2408096E+02  -0.4385505E+00   0.9108254E+00   0.2495231E+02   0.0000000E+00
   0.3000000E+01   0.1301777E+02   0.4735247E+00   0.2361187E+02  -0.4396730E+00   0.9661483E+00   0.2603553E+02   0.0000000E+00
   0.1000000E+01   0.1223564E+02   0.3917976E+00   0.3604134E+02  -0.1805598E+00   0.7887622E+00   0.2447128E+02   0.0000000E+00
   0.1000000E+01   0.1236512E+02   0.4908996E+00   0.3999266E+02  -0.3502810E+00   0.8593814E+00   0.2473024E+02   0.0000000E+00
   0.1000000E+01   0.1232860E+02   0.2909032E+00   0.5622469E+02   0.1203135E+00   0.5887833E+00   0.2465720E+02   0.0000000E+00
   0.2000000E+01   0.1239381E+02   0.2300208E+00   0.3546329E+02   0.2024351E+00   0.5675441E+00   0.2478761E+02   0.0000000E+00
   0.4000000E+01   0.1235633E+02   0.4325460E+00   0.4121556E+02  -0.1939052E+00   0.7613592E+00   0.2471266E+02   0.0000000E+00
   0.3000000E+01   0.1228894E+02   0.4659479E+00   0.2310547E+02  -0.3005311E+00   0.8345832E+00   0.2457788E+02   0.0000000E+00
   0.8000000E+01   0.1256045E+02   0.3139818E+00   0.2845065E+02  -0.4361711E-01   0.7296354E+00   0.2512090E+02   0.0000000E+00
   0.3000000E+01   0.1320483E+02   0.3796071E+00   0.4414445E+02  -0.2418069E+00   0.8621998E+00   0.2640967E+02   0.0000000E+00
   0.4000000E+01   0.1248321E+02   0.3639350E+00   0.4744664E+02  -0.1528683E+00   0.7889333E+00   0.2496642E+02   0.0000000E+00
   0.3000000E+01   0.1246944E+02   0.2423800E+00   0.3537453E+02   0.2385764E+00   0.5190436E+00   0.2493888E+02   0.0000000E+00
   0.5000000E+01   0.1282035E+02   0.1334416E+00   0.5220246E+02   0.4041088E+00   0.4624496E+00   0.2564070E+02   0.0000000E+00
   0.1000000E+01   0.1286278E+02   0.1301704E+00   0.5118659E+02   0.4066761E+00   0.4631535E+00   0.2572556E+02   0.0000000E+00
   0.2000000E+01   0.1249560E+02   0.2031087E+00   0.3995346E+02   0.2574617E+00   0.5394296E+00   0.2499120E+02   0.0000000E+00
   0.2000000E+01   0.1224150E+02   0.2877713E+00   0.3459227E+02   0.9360381E-01   0.6186249E+00   0.2448300E+02   0.0000000E+00
   0.2000000E+01   0.1223365E+02   0.2954829E+00   0.4064347E+02   0.8102522E-01   0.6234918E+00   0.2446730E+02   0.0000000E+00
   0.1000000E+01   0.1224848E+02   0.2847953E+00   0.3635363E+02   0.1027826E+00   0.6124221E+00   0.2449696E+02   0.0000000E+00
   0.3000000E+01   0.1295495E+02   0.2205956E+00   0.4435975E+02   0.1539346E+00   0.6254698E+00   0.2590989E+02   0.0000000E+00
   0.1000000E+01   0.1245901E+02   0.5160060E+00   0.2771821E+02  -0.4633146E+00   0.9473086E+00   0.2491802E+02   0.0000000E+00
   0.1000000E+01   0.1243429E+02   0.4328697E+00   0.2921268E+02  -0.3014955E+00   0.8686258E+00   0.2486858E+02   0.0000000E+00
   0.4000000E+01   0.1262726E+02   0.4409700E+00   0.3144343E+02  -0.3389900E+00   0.8980200E+00   0.2525453E+02   0.0000000E+00
   0.3000000E+01   0.1252301E+02   0.4871541E+00   0.2257001E+02  -0.4238754E+00   0.9367213E+00   0.2504602E+02   0.0000000E+00
   0.4000000E+01   0.1253722E+02   0.5177332E+00   0.2497639E+02  -0.4818819E+00   0.9641488E+00   0.2507445E+02   0.0000000E+00
   0.1000000E+01   0.1217068E+02   0.3545946E+00   0.8461705E+02  -0.6725606E-01   0.7126615E+00   0.2434135E+02   0.0000000E+00
   0.2000000E+01   0.1217145E+02   0.3636219E+00   0.8467762E+02  -0.7589261E-01   0.7122707E+00   0.2434289E+02   0.0000000E+00
   0.3000000E+01   0.1218443E+02   0.3498144E+00   0.8507314E+02  -0.3862734E-01   0.6888130E+00   0.2436887E+02   0.0000000E+00
   0.2000000E+01   0.1219823E+02   0.4136493E+00   0.7599298E+02  -0.1837897E+00   0.7701403E+00   0.2439646E+02   0.0000000E+00
   0.2000000E+01   0.1218216E+02   0.3817232E+00   0.6907502E+02  -0.1408411E+00   0.7591179E+00   0.2436432E+02   0.0000000E+00
   0.4000000E+01   0.1224111E+02   0.4381901E+00   0.4025906E+02  -0.2759630E+00   0.8377729E+00   0.2448222E+02   0.0000000E+00
   0.1000000E+01   0.1305009E+02   0.4222639E+00   0.4522746E+02  -0.3287811E+00   0.9065172E+00   0.2610018E+02   0.0000000E+00
   0.1100000E+02   0.1261427E+02   0.4239558E+00   0.4961355E+02  -0.3003122E+00   0.8763564E+00   0.2522854E+02   0.0000000E+00
   0.1000000E+01   0.1273208E+02   0.4705598E+00   0.6841451E+02  -0.2435379E+00   0.7729781E+00   0.2546417E+02   0.0000000E+00
   0.4000000E+01   0.1262495E+02   0.5093239E+00   0.5412981E+02  -0.3553041E+00   0.8459802E+00   0.2524989E+02   0.0000000E+00
   0.3000000E+01   0.1268811E+02   0.5303995E+00   0.5364199E+02  -0.4047012E+00   0.8743017E+00   0.2537622E+02   0.0000000E+00
   0.4000000E+01   0.1285122E+02   0.5294020E+00   0.5486586E+02  -0.3834446E+00   0.8540425E+00   0.2570245E+02   0.0000000E+00
   0.1000000E+01   0.1254107E+02   0.4782057E+00   0.5682551E+02  -0.2837710E+00   0.8055653E+00   0.2508214E+02   0.0000000E+00
   0.1000000E+01   0.1241187E+02   0.4653037E+00   0.5694046E+02  -0.2685254E+00   0.8032217E+00   0.2482374E+02   0.0000000E+00
   0.2000000E+01   0.1241549E+02   0.4931838E+00   0.5795380E+02  -0.3440361E+00   0.8508523E+00   0.2483098E+02   0.0000000E+00
   0.1000000E+01   0.1247165E+02   0.4939848E+00   0.5582346E+02  -0.3357964E+00   0.8418115E+00   0.2494329E+02   0.0000000E+00
   0.2000000E+01   0.1272174E+02   0.1857260E+00   0.3435919E+02   0.2671188E+00   0.5471551E+00   0.2544348E+02   0.0000000E+00
   0.1000000E+01   0.1282692E+02   0.1306188E+00   0.7448232E+02   0.4120010E+00   0.4573802E+00   0.2565385E+02   0.0000000E+00
   0.1000000E+01   0.1287122E+02   0.4586499E+00   0.9432468E+02  -0.3958993E+00   0.9372494E+00   0.2574245E+02   0.0000000E+00
   0.5000000E+01   0.1314257E+02   0.4478987E+00   0.9466493E+02  -0.3904990E+00   0.9426003E+00   0.2628515E+02   0.0000000E+00
   0.2000000E+01   0.1319880E+02   0.4460020E+00   0.9297717E+02  -0.3896610E+00   0.9436590E+00   0.2639761E+02   0.0000000E+00
   0.4000000E+01   0.1327145E+02   0.1661463E+00   0.6479882E+02   0.4741475E+00   0.3597062E+00   0.2654291E+02   0.0000000E+00
   0.2000000E+01   0.1236256E+02   0.2815504E+00   0.9366620E+02   0.1454122E+00   0.5730374E+00   0.2472513E+02   0.0000000E+00
   0.3000000E+01   0.1218481E+02   0.3462360E+00   0.9157731E+02  -0.3127689E-01   0.6850408E+00   0.2436962E+02   0.0000000E+00
   0.1000000E+01   0.1224405E+02   0.2988173E+00   0.9209741E+02   0.8229153E-01   0.6188912E+00   0.2448810E+02   0.0000000E+00
   0.1000000E+01   0.1225506E+02   0.2816749E+00   0.4285953E+02   0.9572845E-01   0.6225967E+00   0.2451013E+02   0.0000000E+00
   0.9000000E+01   0.1350382E+02   0.3475249E+00   0.3670741E+02   0.9992766E-01   0.5525474E+00   0.2700763E+02   0.0000000E+00
   0.2000000E+01   0.1348517E+02   0.3138455E+00   0.2388984E+02   0.1733978E+00   0.5127567E+00   0.2697033E+02   0.0000000E+00
   0.1000000E+01   0.1334795E+02   0.3195472E+00   0.2738379E+02   0.1528412E+00   0.5276116E+00   0.2669590E+02   0.0000000E+00
   0.1000000E+01   0.1295616E+02   0.2240834E+00   0.2920394E+02   0.3303285E+00   0.4455880E+00   0.2591232E+02   0.0000000E+00
   0.1000000E+01   0.1255269E+02   0.1735449E+00   0.3794385E+02   0.3516411E+00   0.4748140E+00   0.2510538E+02   0.0000000E+00
   0.3000000E+01   0.1249148E+02   0.1911798E+00   0.3576459E+02   0.3053069E+00   0.5035133E+00   0.2498296E+02   0.0000000E+00
   0.1000000E+01   0.1258554E+02   0.1860898E+00   0.3186379E+02   0.3570742E+00   0.4568360E+00   0.2517108E+02   0.0000000E+00
   0.2000000E+01   0.1258249E+02   0.1899808E+00   0.3287531E+02   0.3504377E+00   0.4595815E+00   0.2516497E+02   0.0000000E+00
   0.2000000E+01   0.1243041E+02   0.2173563E+00   0.5254370E+02   0.2322381E+00   0.5504056E+00   0.2486082E+02   0.0000000E+00
   0.1000000E+01   0.1312893E+02   0.2885780E+00   0.3203363E+02  -0.2517287E-01   0.7365948E+00   0.2625786E+02   0.0000000E+00
   0.2000000E+01   0.1298576E+02   0.4733801E+00   0.5984657E+02  -0.4356580E+00   0.9622779E+00   0.2597152E+02   0.0000000E+00
   0.2000000E+01   0.1247954E+02   0.4492447E+00   0.5150812E+02  -0.3406308E+00   0.8913861E+00   0.2495908E+02   0.0000000E+00
   0.2000000E+01   0.1266980E+02   0.4860365E+00   0.9285847E+02  -0.2887899E+00   0.8027534E+00   0.2533961E+02   0.0000000E+00
   0.6000000E+01   0.1281458E+02   0.4680776E+00   0.8403611E+02  -0.2297789E+00   0.7617013E+00   0.2562915E+02   0.0000000E+00
   0.2000000E+01   0.1301425E+02   0.4567883E+00   0.7917858E+02  -0.1861079E+00   0.7293196E+00   0.2602850E+02   0.0000000E+00
   0.1000000E+01   0.1302914E+02   0.4595410E+00   0.7781738E+02  -0.1916954E+00   0.7321544E+00   0.2605829E+02   0.0000000E+00
   0.1000000E+01   0.1229645E+02   0.3870484E+00   0.7162132E+02  -0.9324262E-01   0.7061943E+00   0.2459290E+02   0.0000000E+00
   0.2000000E+01   0.1234183E+02   0.4879433E+00   0.7680214E+02  -0.3890460E+00   0.9011027E+00   0.2468366E+02   0.0000000E+00
   0.1000000E+01   0.1232275E+02   0.4671017E+00   0.7507037E+02  -0.3505049E+00   0.8834033E+00   0.2464550E+02   0.0000000E+00
   0.3000000E+01   0.1229165E+02   0.4768398E+00   0.6223976E+02  -0.3340281E+00   0.8571883E+00   0.2458329E+02   0.0000000E+00
   0.1000000E+01   0.1232328E+02   0.4872760E+00   0.6194514E+02  -0.3541407E+00   0.8668647E+00   0.2464656E+02   0.0000000E+00
   0.1000000E+01   0.1217584E+02   0.3996355E+00   0.5092744E+02  -0.1609096E+00   0.7612741E+00   0.2435167E+02   0.0000000E+00
   0.1000000E+01   0.1221194E+02   0.3913501E+00   0.5387133E+02  -0.1223521E+00   0.7310020E+00   0.2442388E+02   0.0000000E+00
   0.4000000E+01   0.1232020E+02   0.3132899E+00   0.7461688E+02  -0.1030350E-01   0.6970136E+00   0.2464041E+02   0.0000000E+00
   0.1000000E+01   0.1224602E+02   0.4396103E+00   0.8964180E+02  -0.2360077E+00   0.7963975E+00   0.2449203E+02   0.0000000E+00
   0.1000000E+01   0.1271066E+02   0.4323987E+00   0.7809037E+02  -0.1519540E+00   0.7195553E+00   0.2542133E+02   0.0000000E+00
   0.1000000E+01   0.1268511E+02   0.5421500E+00   0.5465716E+02  -0.4382080E+00   0.8960580E+00   0.2537022E+02   0.0000000E+00
   0.2000000E+01   0.1257002E+02   0.2928776E+00   0.6958708E+02   0.1509229E+00   0.5561995E+00   0.2514005E+02   0.0000000E+00
   0.2000000E+01   0.1307415E+02   0.2096987E+00   0.5305603E+02   0.1726339E+00   0.6176674E+00   0.2614831E+02   0.0000000E+00
   0.3000000E+01   0.1358997E+02   0.1697882E+00   0.4777179E+02   0.2399658E+00   0.5902460E+00   0.2717995E+02   0.0000000E+00
   0.1000000E+01   0.1449366E+02   0.1619871E+00   0.4126990E+02   0.2163082E+00   0.6217047E+00   0.2898731E+02   0.0000000E+00
   0.5000000E+01   0.1615402E+02   0.1961237E+00   0.6687482E+02   0.7939835E-01   0.7244780E+00   0.3230803E+02   0.0000000E+00
   0.4000000E+01   0.1498666E+02   0.1993652E+00   0.6948570E+02   0.1077464E+00   0.6928884E+00   0.2997333E+02   0.0000000E+00
   0.2000000E+01   0.1592862E+02   0.1877916E+00   0.6272670E+02   0.1056741E+00   0.7065343E+00   0.3185724E+02   0.0000000E+00
   0.3000000E+01   0.1448757E+02   0.3488450E+00   0.3106674E+02  -0.2283006E+00   0.8794556E+00   0.2897514E+02   0.0000000E+00
   0.1000000E+01   0.1238175E+02   0.5027028E+00   0.6804223E+02  -0.3824193E+00   0.8797165E+00   0.2476350E+02   0.0000000E+00
   0.2000000E+01   0.1236674E+02   0.4745040E+00   0.6606206E+02  -0.3014983E+00   0.8269942E+00   0.2473348E+02   0.0000000E+00
   0.2000000E+01   0.1237548E+02   0.4610928E+00   0.7092510E+02  -0.2634836E+00   0.8023908E+00   0.2475097E+02   0.0000000E+00
   0.3000000E+01   0.1343338E+02   0.3107829E+00   0.5767984E+02   0.1785354E+00   0.5106818E+00   0.2686677E+02   0.0000000E+00
   0.2000000E+01   0.1221435E+02   0.3653850E+00   0.4824497E+02  -0.1150930E+00   0.7497080E+00   0.2442870E+02   0.0000000E+00
   0.1000000E+01   0.1242797E+02   0.5234327E+00   0.6482956E+02  -0.4420042E+00   0.9185714E+00   0.2485595E+02   0.0000000E+00
   0.4000000E+01   0.1250254E+02   0.4821423E+00   0.6607807E+02  -0.4099169E+00   0.9277746E+00   0.2500509E+02   0.0000000E+00
   0.1000000E+02   0.1237393E+02   0.5079371E+00   0.9558916E+02  -0.4199678E+00   0.9120308E+00   0.2474785E+02   0.0000000E+00
   0.3000000E+01   0.1236216E+02   0.5019416E+00   0.9540280E+02  -0.4120699E+00   0.9101283E+00   0.2472433E+02   0.0000000E+00
   0.1000000E+01   0.1222887E+02   0.4473731E+00   0.4609742E+02  -0.2704903E+00   0.8231172E+00   0.2445774E+02   0.0000000E+00
   0.3000000E+01   0.1220737E+02   0.4343235E+00   0.4425494E+02  -0.2440799E+00   0.8097564E+00   0.2441473E+02   0.0000000E+00
   0.4000000E+01   0.1236174E+02   0.2836438E+00   0.2324754E+02   0.5601574E-01   0.6603405E+00   0.2472348E+02   0.0000000E+00
   0.2000000E+01   0.1232134E+02   0.2881235E+00   0.2057107E+02   0.5129724E-01   0.6605793E+00   0.2464268E+02   0.0000000E+00
   0.3000000E+01   0.1221293E+02   0.3929396E+00   0.2625966E+02  -0.1778119E+00   0.7848722E+00   0.2442585E+02   0.0000000E+00
   0.4000000E+01   0.1218608E+02   0.3869600E+00   0.3065383E+02  -0.1549520E+00   0.7679920E+00   0.2437216E+02   0.0000000E+00
   0.4000000E+01   0.1217065E+02   0.3663205E+00   0.2691912E+02  -0.9966770E-01   0.7333472E+00   0.2434130E+02   0.0000000E+00
   0.1000000E+01   0.1222964E+02   0.4405102E+00   0.2585542E+02  -0.2754282E+00   0.8349180E+00   0.2445928E+02   0.0000000E+00
   0.1000000E+01   0.1276495E+02   0.3381857E+00   0.2825072E+02   0.6975050E-01   0.5920638E+00   0.2552991E+02   0.0000000E+00
   0.1000000E+01   0.1276279E+02   0.3369984E+00   0.2636767E+02   0.7203107E-01   0.5909706E+00   0.2552558E+02   0.0000000E+00
   0.2000000E+01   0.1259248E+02   0.1635680E+00   0.3235081E+02   0.3673180E+00   0.4691141E+00   0.2518497E+02   0.0000000E+00
   0.2000000E+01   0.1256557E+02   0.1743217E+00   0.4359453E+02   0.3344568E+00   0.4912215E+00   0.2513114E+02   0.0000000E+00
   0.1000000E+01   0.1245881E+02   0.2044964E+00   0.5236114E+02   0.2669846E+00   0.5285190E+00   0.2491762E+02   0.0000000E+00
   0.3000000E+01   0.1274354E+02   0.1932966E+00   0.5271142E+02   0.2445935E+00   0.5621098E+00   0.2548708E+02   0.0000000E+00
   0.3000000E+01   0.1236353E+02   0.4447287E+00   0.3098623E+02  -0.3161723E+00   0.8714435E+00   0.2472705E+02   0.0000000E+00
   0.4000000E+01   0.1219524E+02   0.4191819E+00   0.2556730E+02  -0.2036750E+00   0.7844930E+00   0.2439048E+02   0.0000000E+00
   0.1000000E+01   0.1260171E+02   0.3822644E+00   0.5828763E+02  -0.4404005E-01   0.6617756E+00   0.2520343E+02   0.0000000E+00
   0.4000000E+01   0.1239997E+02   0.4057887E+00   0.5726380E+02  -0.1219328E+00   0.7161442E+00   0.2479994E+02   0.0000000E+00
   0.4000000E+01   0.1226936E+02   0.2782946E+00   0.5114244E+02   0.9803906E-01   0.6236664E+00   0.2453871E+02   0.0000000E+00
   0.4000000E+01   0.1231541E+02   0.3967696E+00   0.5130546E+02  -0.2061776E+00   0.8094080E+00   0.2463082E+02   0.0000000E+00
   0.5000000E+01   0.1260269E+02   0.4214187E+00   0.4094441E+02  -0.2939046E+00   0.8724859E+00   0.2520538E+02   0.0000000E+00
   0.1000000E+01   0.1243590E+02   0.4437950E+00   0.4351292E+02  -0.3240463E+00   0.8802513E+00   0.2487179E+02   0.0000000E+00
   0.3000000E+01   0.1271310E+02   0.5573591E+00   0.5423962E+02  -0.4785615E+00   0.9212024E+00   0.2542620E+02   0.0000000E+00
   0.4000000E+01   0.1252905E+02   0.5457695E+00   0.8629101E+02  -0.4835637E+00   0.9377942E+00   0.2505810E+02   0.0000000E+00
   0.2000000E+01   0.1286630E+02   0.3763173E+00   0.8137504E+02  -0.2129382E+00   0.8366208E+00   0.2573260E+02   0.0000000E+00
   0.1000000E+01   0.1281649E+02   0.3367455E+00   0.7797614E+02  -0.1178041E+00   0.7810586E+00   0.2563299E+02   0.0000000E+00
   0.1000000E+01   0.1249334E+02   0.3096972E+00   0.9513406E+02  -0.2490011E-01   0.7152029E+00   0.2498669E+02   0.0000000E+00
   0.1000000E+01   0.1218293E+02   0.3630418E+00   0.8786150E+02  -0.6725661E-01   0.7042148E+00   0.2436586E+02   0.0000000E+00
   0.1000000E+01   0.1243055E+02   0.3966574E+00   0.7225938E+02  -0.9621339E-01   0.6995560E+00   0.2486109E+02   0.0000000E+00
   0.1000000E+01   0.1268598E+02   0.3535689E+00   0.7561567E+02   0.2943193E-01   0.6169991E+00   0.2537195E+02   0.0000000E+00
   0.1000000E+01   0.1322229E+02   0.9657572E-01   0.3387960E+02   0.4573258E+00   0.4460985E+00   0.2644459E+02   0.0000000E+00
   0.2000000E+01   0.1319084E+02   0.9981330E-01   0.3192194E+02   0.4513496E+00   0.4488371E+00   0.2638168E+02   0.0000000E+00
   0.3000000E+01   0.1242522E+02   0.2758765E+00   0.4452701E+02   0.1670201E+00   0.5571034E+00   0.2485045E+02   0.0000000E+00
   0.2000000E+01   0.1235409E+02   0.3459778E+00   0.4727468E+02  -0.9540473E-01   0.7494269E+00   0.2470819E+02   0.0000000E+00
   0.1000000E+01   0.1222569E+02   0.3423582E+00   0.5022278E+02  -0.8046671E-02   0.6656885E+00   0.2445137E+02   0.0000000E+00
   0.1000000E+01   0.1222703E+02   0.3373049E+00   0.4974838E+02   0.2917006E-02   0.6597781E+00   0.2445406E+02   0.0000000E+00
   0.2000000E+01   0.1303102E+02   0.2349839E+00   0.5717718E+02   0.3147348E+00   0.4502814E+00   0.2606204E+02   0.0000000E+00
   0.2000000E+01   0.1272053E+02   0.1913739E+00   0.6879831E+02   0.3709405E+00   0.4376856E+00   0.2544106E+02   0.0000000E+00
   0.1000000E+01   0.1284164E+02   0.2325707E+00   0.5971500E+02   0.3034664E+00   0.4639629E+00   0.2568329E+02   0.0000000E+00
   0.2000000E+01   0.1266696E+02   0.3199755E+00   0.7162652E+02   0.1023492E+00   0.5776753E+00   0.2533393E+02   0.0000000E+00
   0.2000000E+01   0.1249754E+02   0.3137940E+00   0.6876598E+02   0.9806455E-01   0.5881414E+00   0.2499508E+02   0.0000000E+00
   0.1000000E+01   0.1255748E+02   0.3155417E+00   0.6900477E+02   0.1010239E+00   0.5834344E+00   0.2511497E+02   0.0000000E+00
   0.3000000E+01   0.1289723E+02   0.4943918E+00   0.3279219E+02  -0.2893414E+00   0.7949496E+00   0.2579445E+02   0.0000000E+00
   0.2000000E+01   0.1307718E+02   0.5022663E+00   0.3216207E+02  -0.2946194E+00   0.7923531E+00   0.2615436E+02   0.0000000E+00
   0.3000000E+01   0.1274878E+02   0.4856514E+00   0.4300473E+02  -0.2802989E+00   0.7946475E+00   0.2549756E+02   0.0000000E+00
   0.1000000E+01   0.1239589E+02   0.5082539E+00   0.3195646E+02  -0.3977443E+00   0.8894904E+00   0.2479178E+02   0.0000000E+00
   0.1000000E+01   0.1485988E+02   0.2229263E+00   0.7811236E+02   0.5569489E-01   0.7213788E+00   0.2971975E+02   0.0000000E+00
   0.2000000E+01   0.1494343E+02   0.1476760E+00   0.6537283E+02   0.2344775E+00   0.6178465E+00   0.2988686E+02   0.0000000E+00
   0.3000000E+01   0.1516816E+02   0.1678956E+00   0.3867079E+02   0.1768660E+00   0.6552385E+00   0.3033633E+02   0.0000000E+00
   0.5000000E+01   0.1550885E+02   0.1664806E+00   0.3929575E+02   0.1691109E+00   0.6644085E+00   0.3101770E+02   0.0000000E+00
   0.2000000E+01   0.1373213E+02   0.2931862E+00   0.8404698E+02  -0.6675494E-01   0.7735688E+00   0.2746427E+02   0.0000000E+00
   0.1000000E+01   0.1297785E+02   0.2526872E+00   0.8602138E+02   0.7280947E-01   0.6745033E+00   0.2595569E+02   0.0000000E+00
   0.1000000E+01   0.1362940E+02   0.2552502E+00   0.9416847E+02   0.2864087E-01   0.7161089E+00   0.2725880E+02   0.0000000E+00
   0.3000000E+01   0.1427836E+02   0.2645792E+00   0.8453411E+02  -0.2207612E-01   0.7574969E+00   0.2855671E+02   0.0000000E+00
   0.1000000E+01   0.1251814E+02   0.4568501E+00   0.4436428E+02  -0.3610256E+00   0.9041755E+00   0.2503629E+02   0.0000000E+00
   0.1000000E+01   0.1377855E+02   0.4731638E+00   0.3679407E+02  -0.4793987E+00   0.1006235E+01   0.2755710E+02   0.0000000E+00
   0.1000000E+01   0.1362424E+02   0.3312188E+00   0.8305813E+02  -0.1510813E+00   0.8198625E+00   0.2724849E+02   0.0000000E+00
   0.2000000E+01   0.1218227E+02   0.3990473E+00   0.8553169E+02  -0.1534304E+00   0.7543832E+00   0.2436453E+02   0.0000000E+00
   0.1000000E+01   0.1217266E+02   0.3951266E+00   0.8274181E+02  -0.1611721E+00   0.7660455E+00   0.2434532E+02   0.0000000E+00
   0.5000000E+01   0.1265584E+02   0.1477145E+00   0.8190530E+02   0.4091383E+00   0.4431472E+00   0.2531168E+02   0.0000000E+00
   0.5000000E+01   0.1268901E+02   0.1486293E+00   0.7479457E+02   0.3853224E+00   0.4660483E+00   0.2537802E+02   0.0000000E+00
   0.4000000E+01   0.1269575E+02   0.1487012E+00   0.7470912E+02   0.3830396E+00   0.4682592E+00   0.2539150E+02   0.0000000E+00
   0.1000000E+01   0.1299234E+02   0.1330903E+00   0.7805694E+02   0.3812055E+00   0.4857042E+00   0.2598468E+02   0.0000000E+00
   0.3000000E+01   0.1266412E+02   0.2545367E+00   0.7852065E+02   0.9414406E-01   0.6513193E+00   0.2532825E+02   0.0000000E+00
   0.8000000E+01   0.1294509E+02   0.2659449E+00   0.7563693E+02   0.4258257E-01   0.6914725E+00   0.2589018E+02   0.0000000E+00
   0.2000000E+01   0.1298495E+02   0.4050864E+00   0.9902536E+02  -0.6500900E-01   0.6599226E+00   0.2596991E+02   0.0000000E+00
   0.1000000E+01   0.1305626E+02   0.4113453E+00   0.9571404E+02  -0.7459060E-01   0.6632453E+00   0.2611252E+02   0.0000000E+00
   0.2000000E+01   0.1291286E+02   0.3891355E+00   0.9542368E+02  -0.3322710E-01   0.6440916E+00   0.2582573E+02   0.0000000E+00
   0.4000000E+01   0.1300488E+02   0.4960891E+00   0.9837121E+02  -0.4846244E+00   0.9885354E+00   0.2600976E+02   0.0000000E+00
   0.2000000E+01   0.1300270E+02   0.4940221E+00   0.9888619E+02  -0.4801622E+00   0.9861401E+00   0.2600541E+02   0.0000000E+00
   0.1000000E+01   0.1333243E+02   0.2168713E+00   0.5944853E+02   0.1379369E+00   0.6451918E+00   0.2666487E+02   0.0000000E+00
   0.2000000E+01   0.1261071E+02   0.3957270E+00   0.3912045E+02  -0.7483186E-01   0.6791048E+00   0.2522141E+02   0.0000000E+00
   0.3000000E+01   0.1239240E+02   0.5118541E+00   0.2328409E+02  -0.4166253E+00   0.9047712E+00   0.2478480E+02   0.0000000E+00
   0.1000000E+01   0.1218201E+02   0.3929484E+00   0.5569984E+02  -0.1380471E+00   0.7450987E+00   0.2436402E+02   0.0000000E+00
   0.1000000E+01   0.1225791E+02   0.3893566E+00   0.8231267E+02  -0.1793490E+00   0.7899924E+00   0.2451581E+02   0.0000000E+00
   0.3000000E+01   0.1235254E+02   0.2429400E+00   0.9205242E+02   0.2081923E+00   0.5488677E+00   0.2470509E+02   0.0000000E+00
   0.5000000E+01   0.1284650E+02   0.1757387E+00   0.7677380E+02   0.4156335E+00   0.4086278E+00   0.2569300E+02   0.0000000E+00
   0.2000000E+01   0.1288147E+02   0.1904513E+00   0.7449088E+02   0.3914241E+00   0.4181246E+00   0.2576295E+02   0.0000000E+00
   0.3000000E+01   0.1233479E+02   0.2957222E+00   0.8741836E+02   0.1121918E+00   0.5920859E+00   0.2466959E+02   0.0000000E+00
   0.7000000E+01   0.1252838E+02   0.2637344E+00   0.6970142E+02   0.2062482E+00   0.5300174E+00   0.2505677E+02   0.0000000E+00
   0.3000000E+01   0.1326917E+02   0.1830764E+00   0.4436923E+02   0.4396830E+00   0.3772406E+00   0.2653833E+02   0.0000000E+00
   0.4000000E+01   0.1309661E+02   0.1911859E+00   0.4642512E+02   0.4096284E+00   0.3991856E+00   0.2619321E+02   0.0000000E+00
   0.2000000E+01   0.1259032E+02   0.1762390E+00   0.5086998E+02   0.3722031E+00   0.4515579E+00   0.2518064E+02   0.0000000E+00
   0.1000000E+02   0.1256138E+02   0.1890937E+00   0.5097494E+02   0.3472114E+00   0.4636950E+00   0.2512277E+02   0.0000000E+00
   0.1000000E+01   0.1267556E+02   0.1849030E+00   0.5555562E+02   0.3760099E+00   0.4390871E+00   0.2535112E+02   0.0000000E+00
   0.1000000E+01   0.1239394E+02   0.2867434E+00   0.9048706E+02   0.4499650E-01   0.6682601E+00   0.2478788E+02   0.0000000E+00
   0.5000000E+01   0.1251711E+02   0.1838034E+00   0.8969638E+02   0.3290980E+00   0.4870985E+00   0.2503422E+02   0.0000000E+00
   0.1000000E+01   0.1223104E+02   0.3021658E+00   0.7095231E+02   0.7068496E-01   0.6271493E+00   0.2446207E+02   0.0000000E+00
   0.1000000E+01   0.1262032E+02   0.1794657E+00   0.7410283E+02   0.3750991E+00   0.4454352E+00   0.2524065E+02   0.0000000E+00
   0.2000000E+01   0.1262861E+02   0.1742830E+00   0.6440211E+02   0.3846317E+00   0.4410854E+00   0.2525722E+02   0.0000000E+00
   0.3000000E+01   0.1304552E+02   0.2790954E+00   0.8104360E+02   0.2224217E+00   0.4984829E+00   0.2609105E+02   0.0000000E+00
   0.1000000E+01   0.1392309E+02   0.3251407E+00   0.6116008E+02   0.1736075E+00   0.5012518E+00   0.2784617E+02   0.0000000E+00
   0.1000000E+01   0.1221501E+02   0.3165377E+00   0.3473270E+02   0.3872242E-01   0.6447399E+00   0.2443002E+02   0.0000000E+00
   0.1000000E+01   0.1248926E+02   0.5384213E+00   0.4476061E+02  -0.4730761E+00   0.9346548E+00   0.2497852E+02   0.0000000E+00
   0.1000000E+01   0.1246984E+02   0.5340983E+00   0.4246642E+02  -0.4652620E+00   0.9311637E+00   0.2493968E+02   0.0000000E+00
   0.2000000E+01   0.1224612E+02   0.3879539E+00   0.5408640E+02  -0.1739826E+00   0.7860287E+00   0.2449223E+02   0.0000000E+00
   0.7000000E+01   0.1217360E+02   0.3994047E+00   0.6259372E+02  -0.1682307E+00   0.7688260E+00   0.2434719E+02   0.0000000E+00
   0.1000000E+01   0.1228589E+02   0.4472140E+00   0.7297156E+02  -0.2452477E+00   0.7980337E+00   0.2457178E+02   0.0000000E+00
   0.3000000E+01   0.1321690E+02   0.4998679E+00   0.5229638E+02  -0.2776547E+00   0.7777868E+00   0.2643380E+02   0.0000000E+00
   0.2000000E+01   0.1365506E+02   0.4999034E+00   0.8698077E+02  -0.2495711E+00   0.7496677E+00   0.2731012E+02   0.0000000E+00
   0.4000000E+01   0.1449016E+02   0.5053404E+00   0.8517572E+02  -0.2196045E+00   0.7142641E+00   0.2898033E+02   0.0000000E+00
   0.1000000E+01   0.1267621E+02   0.4479107E+00   0.6627281E+02  -0.1928932E+00   0.7449825E+00   0.2535241E+02   0.0000000E+00
   0.4000000E+01   0.1231251E+02   0.2528913E+00   0.7841076E+02   0.1674951E+00   0.5796136E+00   0.2462502E+02   0.0000000E+00
   0.1000000E+01   0.1243786E+02   0.2987875E+00   0.6318813E+02   0.8346468E-02   0.6928660E+00   0.2487571E+02   0.0000000E+00
   0.1000000E+01   0.1301656E+02   0.2935557E+00   0.7574133E+02  -0.2906782E-01   0.7355122E+00   0.2603313E+02   0.0000000E+00
   0.1000000E+01   0.1226301E+02   0.3601563E+00   0.4531378E+02  -0.3820770E-01   0.6780514E+00   0.2452602E+02   0.0000000E+00
   0.4000000E+01   0.1219215E+02   0.3994503E+00   0.3016166E+02  -0.1838290E+00   0.7843786E+00   0.2438430E+02   0.0000000E+00
   0.2000000E+01   0.1282326E+02   0.3637271E+00   0.6537138E+02  -0.1811136E+00   0.8173865E+00   0.2564652E+02   0.0000000E+00
   0.4000000E+01   0.1233461E+02   0.3729364E+00   0.5923195E+02  -0.1553069E+00   0.7823705E+00   0.2466922E+02   0.0000000E+00
   0.2000000E+01   0.1259627E+02   0.3735586E+00   0.5756730E+02  -0.1857451E+00   0.8121864E+00   0.2519255E+02   0.0000000E+00
   0.3000000E+01   0.1326807E+02   0.9917921E-01   0.8847299E+02   0.4467640E+00   0.4540568E+00   0.2653613E+02   0.0000000E+00
   0.2000000E+01   0.1275573E+02   0.1684278E+00   0.7941683E+02   0.3117440E+00   0.5198282E+00   0.2551146E+02   0.0000000E+00
   0.1000000E+01   0.1219347E+02   0.3721841E+00   0.7471296E+02  -0.8328775E-01   0.7111036E+00   0.2438694E+02   0.0000000E+00
   0.1000000E+01   0.1224093E+02   0.3983144E+00   0.8766872E+02  -0.1953405E+00   0.7970261E+00   0.2448186E+02   0.0000000E+00
   0.4000000E+01   0.1226667E+02   0.3996156E+00   0.8603732E+02  -0.2036358E+00   0.8040202E+00   0.2453334E+02   0.0000000E+00
   0.1000000E+01   0.1322677E+02   0.4119660E+00   0.8464329E+02  -0.6460543E-01   0.6526394E+00   0.2645353E+02   0.0000000E+00
   0.1000000E+01   0.1309324E+02   0.2933139E+00   0.9373517E+02   0.1950684E+00   0.5116178E+00   0.2618648E+02   0.0000000E+00
   0.6000000E+01   0.1305174E+02   0.2487931E+00   0.7094663E+02   0.2874925E+00   0.4637144E+00   0.2610347E+02   0.0000000E+00
   0.3000000E+01   0.1264486E+02   0.2218758E+00   0.8422748E+02   0.3036880E+00   0.4744362E+00   0.2528973E+02   0.0000000E+00
   0.1000000E+01   0.1299002E+02   0.3229187E+00   0.7071095E+02   0.1224529E+00   0.5546284E+00   0.2598005E+02   0.0000000E+00
   0.2000000E+01   0.1297069E+02   0.3031770E+00   0.6243893E+02   0.1644458E+00   0.5323772E+00   0.2594137E+02   0.0000000E+00
   0.4000000E+01   0.1365835E+02   0.2568643E+00   0.6583789E+02   0.2320093E-01   0.7199347E+00   0.2731671E+02   0.0000000E+00
   0.1000000E+01   0.1304323E+02   0.1000510E+00   0.5159449E+02   0.4694568E+00   0.4304922E+00   0.2608646E+02   0.0000000E+00
   0.1000000E+01   0.1289892E+02   0.1541824E+00   0.8144637E+02   0.4614759E+00   0.3843417E+00   0.2579785E+02   0.0000000E+00
   0.2000000E+01   0.1296684E+02   0.1942970E+00   0.7473969E+02   0.3922270E+00   0.4134760E+00   0.2593367E+02   0.0000000E+00
   0.4000000E+01   0.1443899E+02   0.3251519E+00   0.7469625E+02   0.1985752E+00   0.4762729E+00   0.2887798E+02   0.0000000E+00
   0.2000000E+01   0.1364521E+02   0.2979818E+00   0.9741997E+02   0.2193598E+00   0.4826584E+00   0.2729042E+02   0.0000000E+00
   0.1000000E+01   0.1300310E+02   0.2071002E+00   0.7439793E+02   0.3698162E+00   0.4230836E+00   0.2600620E+02   0.0000000E+00
   0.2000000E+01   0.1344864E+02   0.3670682E+00   0.4837936E+02   0.5259706E-01   0.5803348E+00   0.2689729E+02   0.0000000E+00
   0.1000000E+01   0.1289678E+02   0.3281569E+00   0.2122791E+02   0.1018030E+00   0.5700401E+00   0.2579355E+02   0.0000000E+00
   0.2000000E+01   0.1247268E+02   0.2068521E+00   0.3667376E+02   0.2520042E+00   0.5411437E+00   0.2494536E+02   0.0000000E+00
   0.4000000E+01   0.1280224E+02   0.1717784E+00   0.5345100E+02   0.4173501E+00   0.4108715E+00   0.2560449E+02   0.0000000E+00
   0.1000000E+01   0.1262751E+02   0.2176310E+00   0.7177569E+02   0.3094737E+00   0.4728954E+00   0.2525502E+02   0.0000000E+00
   0.7000000E+01   0.1242995E+02   0.2704299E+00   0.9678603E+02   0.1788800E+00   0.5506901E+00   0.2485990E+02   0.0000000E+00
   0.1000000E+01   0.1268340E+02   0.2433230E+00   0.9244428E+02   0.2658458E+00   0.4908312E+00   0.2536680E+02   0.0000000E+00
   0.2000000E+01   0.1403270E+02   0.3771041E+00   0.9661474E+02   0.6133451E-01   0.5615613E+00   0.2806540E+02   0.0000000E+00
   0.1000000E+01   0.1398465E+02   0.3580563E+00   0.9499014E+02   0.1024865E+00   0.5394572E+00   0.2796930E+02   0.0000000E+00
   0.1000000E+01   0.1403435E+02   0.3590928E+00   0.9464568E+02   0.1026043E+00   0.5383029E+00   0.2806869E+02   0.0000000E+00
   0.2000000E+01   0.1371801E+02   0.3749504E+00   0.9208184E+02   0.5001700E-01   0.5750326E+00   0.2743602E+02   0.0000000E+00
   0.1000000E+01   0.1339446E+02   0.3336681E+00   0.8903234E+02   0.1253049E+00   0.5410270E+00   0.2678892E+02   0.0000000E+00
   0.3000000E+01   0.1280316E+02   0.2244517E+00   0.8888797E+02   0.3163311E+00   0.4592172E+00   0.2560633E+02   0.0000000E+00
   0.5000000E+01   0.1282479E+02   0.1494818E+00   0.9867999E+02   0.3561050E+00   0.4944132E+00   0.2564957E+02   0.0000000E+00
   0.5000000E+01   0.1275006E+02   0.1629084E+00   0.9894243E+02   0.3284091E+00   0.5086825E+00   0.2550012E+02   0.0000000E+00
   0.1000000E+01   0.1246490E+02   0.2339727E+00   0.9622103E+02   0.1738306E+00   0.5921967E+00   0.2492981E+02   0.0000000E+00
   0.1000000E+01   0.1272288E+02   0.2141107E+00   0.7523038E+02   0.1919542E+00   0.5939351E+00   0.2544577E+02   0.0000000E+00
   0.2000000E+01   0.1243659E+02   0.3347671E+00   0.7061215E+02  -0.7899286E-01   0.7442258E+00   0.2487317E+02   0.0000000E+00
   0.2000000E+01   0.1287540E+02   0.3399025E+00   0.8614209E+02  -0.1293429E+00   0.7894404E+00   0.2575081E+02   0.0000000E+00
   0.3000000E+01   0.1252765E+02   0.3419566E+00   0.8266875E+02  -0.1057602E+00   0.7638035E+00   0.2505529E+02   0.0000000E+00
   0.7000000E+01   0.1225809E+02   0.4642225E+00   0.6343072E+02  -0.3161287E+00   0.8519062E+00   0.2451619E+02   0.0000000E+00
   0.1000000E+01   0.1222444E+02   0.4396917E+00   0.6661255E+02  -0.2706185E+00   0.8309267E+00   0.2444888E+02   0.0000000E+00
   0.3000000E+01   0.1229006E+02   0.4242276E+00   0.5626420E+02  -0.2606451E+00   0.8364175E+00   0.2458012E+02   0.0000000E+00
   0.5000000E+01   0.1306603E+02   0.1098771E+00   0.4858807E+02   0.4377146E+00   0.4524083E+00   0.2613205E+02   0.0000000E+00
   0.1000000E+01   0.1237574E+02   0.3116624E+00   0.7683774E+02   0.8643210E-01   0.6019055E+00   0.2475149E+02   0.0000000E+00
   0.5000000E+01   0.1281788E+02   0.1260491E+00   0.7954241E+02   0.4286513E+00   0.4452996E+00   0.2563575E+02   0.0000000E+00
   0.2000000E+01   0.1279679E+02   0.2264986E+00   0.9048739E+02   0.1527724E+00   0.6207290E+00   0.2559357E+02   0.0000000E+00
   0.2000000E+01   0.1223639E+02   0.3090442E+00   0.9471106E+02   0.2070627E-01   0.6702495E+00   0.2447278E+02   0.0000000E+00
   0.1000000E+01   0.1262148E+02   0.2087876E+00   0.6590981E+02   0.3250987E+00   0.4661137E+00   0.2524296E+02   0.0000000E+00
   0.1000000E+01   0.1251217E+02   0.1851736E+00   0.5838104E+02   0.3224790E+00   0.4923475E+00   0.2502433E+02   0.0000000E+00
   0.3000000E+01   0.1223353E+02   0.3825115E+00   0.3389309E+02  -0.9617637E-01   0.7136649E+00   0.2446706E+02   0.0000000E+00
   0.1000000E+01   0.1232052E+02   0.2582798E+00   0.3515604E+02   0.1749749E+00   0.5667453E+00   0.2464104E+02   0.0000000E+00
   0.2000000E+01   0.1297169E+02   0.2139445E+00   0.4967806E+02   0.1695603E+00   0.6164953E+00   0.2594338E+02   0.0000000E+00
   0.5000000E+01   0.1355668E+02   0.1208889E+00   0.3964376E+02   0.3661418E+00   0.5129693E+00   0.2711336E+02   0.0000000E+00
   0.4000000E+01   0.1373867E+02   0.9540343E-01   0.4205716E+02   0.4207197E+00   0.4838769E+00   0.2747733E+02   0.0000000E+00
   0.1000000E+01   0.1263519E+02   0.2082063E+00   0.2879955E+02   0.3274419E+00   0.4643518E+00   0.2527038E+02   0.0000000E+00
   0.4000000E+01   0.1254524E+02   0.1931266E+00   0.2801861E+02   0.3369986E+00   0.4698747E+00   0.2509048E+02   0.0000000E+00
   0.4000000E+01   0.1252276E+02   0.1809213E+00   0.2365188E+02   0.3321895E+00   0.4868892E+00   0.2504553E+02   0.0000000E+00
   0.1000000E+01   0.1288571E+02   0.2716610E+00   0.3702419E+02   0.2253406E+00   0.5029983E+00   0.2577142E+02   0.0000000E+00
   0.2000000E+01   0.1232563E+02   0.3573766E+00   0.5911627E+02  -0.2058987E-01   0.6632133E+00   0.2465126E+02   0.0000000E+00
   0.1000000E+01   0.1246690E+02   0.4349464E+00   0.4864349E+02  -0.1840520E+00   0.7491056E+00   0.2493380E+02   0.0000000E+00
   0.5000000E+01   0.1244072E+02   0.4287662E+00   0.4780518E+02  -0.1722356E+00   0.7434694E+00   0.2488144E+02   0.0000000E+00
   0.1000000E+01   0.1285183E+02   0.3515049E+00   0.4986885E+02   0.4781124E-01   0.6006838E+00   0.2570365E+02   0.0000000E+00
   0.1000000E+01   0.1265843E+02   0.2066563E+00   0.7289238E+02   0.2192214E+00   0.5741223E+00   0.2531685E+02   0.0000000E+00
   0.2000000E+01   0.1295752E+02   0.2118965E+00   0.6146565E+02   0.1760558E+00   0.6120478E+00   0.2591504E+02   0.0000000E+00
   0.5000000E+01   0.1346175E+02   0.2369836E+00   0.8907840E+02   0.8146879E-01   0.6815476E+00   0.2692350E+02   0.0000000E+00
   0.2000000E+01   0.1238221E+02   0.4773906E+00   0.6979881E+02  -0.3819443E+00   0.9045537E+00   0.2476442E+02   0.0000000E+00
   0.2000000E+01   0.1231529E+02   0.3906940E+00   0.8575016E+02  -0.1924131E+00   0.8017191E+00   0.2463057E+02   0.0000000E+00
   0.3000000E+01   0.1235539E+02   0.4723051E+00   0.8152411E+02  -0.3672328E+00   0.8949277E+00   0.2471077E+02   0.0000000E+00
   0.3000000E+01   0.1241303E+02   0.4759171E+00   0.8408692E+02  -0.2963438E+00   0.8204268E+00   0.2482605E+02   0.0000000E+00
   0.2000000E+01   0.1217246E+02   0.3750734E+00   0.8629970E+02  -0.1004484E+00   0.7253750E+00   0.2434492E+02   0.0000000E+00
   0.1000000E+01   0.1218466E+02   0.3812335E+00   0.7850134E+02  -0.1408857E+00   0.7596521E+00   0.2436932E+02   0.0000000E+00
   0.2000000E+01   0.1231765E+02   0.3778167E+00   0.8259483E+02  -0.1637702E+00   0.7859535E+00   0.2463531E+02   0.0000000E+00
   0.4000000E+01   0.1265941E+02   0.2524582E+00   0.7849695E+02   0.9986369E-01   0.6476781E+00   0.2531883E+02   0.0000000E+00
   0.1000000E+01   0.1252781E+02   0.4870252E+00   0.6071209E+02  -0.4227587E+00   0.9357335E+00   0.2505562E+02   0.0000000E+00
   0.1000000E+01   0.1235308E+02   0.4862502E+00   0.5759451E+02  -0.3903023E+00   0.9040521E+00   0.2470615E+02   0.0000000E+00
   0.2000000E+01   0.1241162E+02   0.4616244E+00   0.4647079E+02  -0.3569813E+00   0.8953569E+00   0.2482324E+02   0.0000000E+00
   0.5000000E+01   0.1226485E+02   0.4281411E+00   0.4639829E+02  -0.2634035E+00   0.8352624E+00   0.2452970E+02   0.0000000E+00
   0.2000000E+01   0.1225770E+02   0.4018075E+00   0.8116272E+02  -0.1358332E+00   0.7340257E+00   0.2451541E+02   0.0000000E+00
   0.2000000E+01   0.1219967E+02   0.4278990E+00   0.8619766E+02  -0.2269911E+00   0.7990921E+00   0.2439934E+02   0.0000000E+00
   0.5000000E+01   0.1218825E+02   0.3709690E+00   0.7567888E+02  -0.8257809E-01   0.7116091E+00   0.2437650E+02   0.0000000E+00
   0.3000000E+01   0.1276520E+02   0.1521746E+00   0.8859249E+02   0.4455206E+00   0.4023048E+00   0.2553040E+02   0.0000000E+00
   0.1000000E+01   0.1247767E+02   0.2012270E+00   0.8794791E+02   0.3057843E+00   0.4929886E+00   0.2495533E+02   0.0000000E+00
   0.5000000E+01   0.1331578E+02   0.9750280E-01   0.7088379E+02   0.4468808E+00   0.4556164E+00   0.2663156E+02   0.0000000E+00
   0.3000000E+01   0.1331694E+02   0.9669123E-01   0.7060169E+02   0.4489905E+00   0.4543182E+00   0.2663389E+02   0.0000000E+00
   0.3000000E+01   0.1454591E+02   0.6311202E-01   0.6492048E+02   0.4609371E+00   0.4759508E+00   0.2909182E+02   0.0000000E+00
   0.1000000E+01   0.1373245E+02   0.3759054E+00   0.6666057E+02  -0.2593165E+00   0.8834111E+00   0.2746490E+02   0.0000000E+00
   0.4000000E+01   0.1250235E+02   0.4056364E+00   0.5025098E+02  -0.2491967E+00   0.8435604E+00   0.2500469E+02   0.0000000E+00
   0.1000000E+01   0.1239268E+02   0.4036161E+00   0.8942253E+02  -0.2319195E+00   0.8283034E+00   0.2478535E+02   0.0000000E+00
   0.1000000E+01   0.1544881E+02   0.2573843E+00   0.5833059E+02  -0.4548586E-01   0.7881015E+00   0.3089761E+02   0.0000000E+00
   0.1000000E+01   0.1493385E+02   0.2745273E+00   0.5235038E+02  -0.6957973E-01   0.7950524E+00   0.2986770E+02   0.0000000E+00
   0.2000000E+01   0.1351437E+02   0.9307200E-01   0.5264130E+02   0.4424244E+00   0.4645036E+00   0.2702875E+02   0.0000000E+00
   0.2000000E+01   0.1500039E+02   0.7772543E-01   0.2850967E+02   0.4035589E+00   0.5187156E+00   0.3000078E+02   0.0000000E+00
   0.4000000E+01   0.1255137E+02   0.2516615E+00   0.5881586E+02   0.2333051E+00   0.5150335E+00   0.2510275E+02   0.0000000E+00
   0.2000000E+01   0.1284134E+02   0.1807581E+00   0.7992098E+02   0.4056327E+00   0.4136092E+00   0.2568267E+02   0.0000000E+00
   0.2000000E+01   0.1222564E+02   0.3000470E+00   0.5932410E+02   0.6968993E-01   0.6302630E+00   0.2445129E+02   0.0000000E+00
   0.4000000E+01   0.1340449E+02   0.3307235E+00   0.3194322E+02   0.1316684E+00   0.5376082E+00   0.2680898E+02   0.0000000E+00
   0.1000000E+01   0.1333384E+02   0.3208166E+00   0.2944987E+02   0.1493160E+00   0.5298674E+00   0.2666769E+02   0.0000000E+00
   0.3000000E+01   0.1300214E+02   0.1563979E+00   0.6812748E+02   0.3165909E+00   0.5270112E+00   0.2600427E+02   0.0000000E+00
   0.1000000E+01   0.1300084E+02   0.1588505E+00   0.6740458E+02   0.3101592E+00   0.5309903E+00   0.2600169E+02   0.0000000E+00
   0.3000000E+01   0.1300045E+02   0.3211875E+00   0.6905320E+02   0.1270442E+00   0.5517683E+00   0.2600090E+02   0.0000000E+00
   0.1000000E+01   0.1225563E+02   0.3850134E+00   0.8009836E+02  -0.9626482E-01   0.7112514E+00   0.2451125E+02   0.0000000E+00
   0.1000000E+01   0.1237786E+02   0.4626696E+00   0.7430889E+02  -0.2672068E+00   0.8045372E+00   0.2475573E+02   0.0000000E+00
   0.3000000E+01   0.1245842E+02   0.4704723E+00   0.7785776E+02  -0.2747139E+00   0.8042416E+00   0.2491683E+02   0.0000000E+00
   0.1000000E+01   0.1217663E+02   0.3901909E+00   0.6574387E+02  -0.1557360E+00   0.7655451E+00   0.2435325E+02   0.0000000E+00
   0.1000000E+01   0.1258773E+02   0.2627404E+00   0.6982037E+02   0.2155728E+00   0.5216869E+00   0.2517545E+02   0.0000000E+00
   0.2000000E+01   0.1285984E+02   0.2725876E+00   0.4993961E+02   0.2215060E+00   0.5059064E+00   0.2571968E+02   0.0000000E+00
   0.3000000E+01   0.1247970E+02   0.2785707E+00   0.4644746E+02   0.1695175E+00   0.5519118E+00   0.2495940E+02   0.0000000E+00
   0.2000000E+01   0.1351840E+02   0.1952608E+00   0.4190354E+02   0.4319902E+00   0.3727491E+00   0.2703680E+02   0.0000000E+00
   0.1000000E+01   0.1220940E+02   0.3829775E+00   0.2060456E+02  -0.1558891E+00   0.7729116E+00   0.2441880E+02   0.0000000E+00
   0.1000000E+01   0.1237997E+02   0.5050865E+00   0.6685887E+02  -0.4237097E+00   0.9186232E+00   0.2475995E+02   0.0000000E+00
   0.1000000E+01   0.1254996E+02   0.3715325E+00   0.8730323E+02  -0.1766535E+00   0.8051210E+00   0.2509991E+02   0.0000000E+00
   0.2000000E+01   0.1296787E+02   0.2564432E+00   0.6009506E+02   0.6410989E-01   0.6794469E+00   0.2593573E+02   0.0000000E+00
   0.4000000E+01   0.1260050E+02   0.2482371E+00   0.5463743E+02   0.1166353E+00   0.6351276E+00   0.2520101E+02   0.0000000E+00
   0.1000000E+01   0.1250857E+02   0.2543553E+00   0.5446663E+02   0.1120314E+00   0.6336132E+00   0.2501714E+02   0.0000000E+00
   0.1000000E+01   0.1252910E+02   0.3412890E+00   0.6485890E+02  -0.1044368E+00   0.7631478E+00   0.2505820E+02   0.0000000E+00
   0.3000000E+01   0.1386874E+02   0.4411127E+00   0.8573421E+02  -0.9619903E-01   0.6550863E+00   0.2773748E+02   0.0000000E+00
   0.1000000E+01   0.1328877E+02   0.3850014E+00   0.8162768E+02   0.2024068E-02   0.6129745E+00   0.2657755E+02   0.0000000E+00
   0.1000000E+01   0.1299172E+02   0.3843975E+00   0.8787973E+02  -0.1646421E-01   0.6320667E+00   0.2598344E+02   0.0000000E+00
   0.2000000E+01   0.1241754E+02   0.4991614E+00   0.6686950E+02  -0.3609204E+00   0.8617590E+00   0.2483508E+02   0.0000000E+00
   0.3000000E+01   0.1220336E+02   0.4289460E+00   0.9251041E+02  -0.2410451E+00   0.8120991E+00   0.2440672E+02   0.0000000E+00
   0.2000000E+01   0.1235587E+02   0.4874097E+00   0.8841917E+02  -0.3927737E+00   0.9053639E+00   0.2471174E+02   0.0000000E+00
   0.1100000E+02   0.1299058E+02   0.4781804E+00   0.9771739E+02  -0.4460074E+00   0.9678270E+00   0.2598117E+02   0.0000000E+00
   0.1000000E+01   0.1285628E+02   0.4126939E+00   0.9098754E+02  -0.2943111E+00   0.8816172E+00   0.2571256E+02   0.0000000E+00
   0.6000000E+01   0.1271735E+02   0.3822814E+00   0.8025157E+02  -0.2155983E+00   0.8333169E+00   0.2543470E+02   0.0000000E+00
   0.1000000E+01   0.1255855E+02   0.4362767E+00   0.8835447E+02  -0.3214600E+00   0.8851834E+00   0.2511709E+02   0.0000000E+00
   0.5000000E+01   0.1234225E+02   0.4427679E+00   0.8506376E+02  -0.3078590E+00   0.8650911E+00   0.2468450E+02   0.0000000E+00
   0.2000000E+01   0.1229921E+02   0.4812435E+00   0.8475347E+02  -0.3596664E+00   0.8784229E+00   0.2459843E+02   0.0000000E+00
   0.1000000E+01   0.1223056E+02   0.4426978E+00   0.6653164E+02  -0.2519477E+00   0.8092499E+00   0.2446112E+02   0.0000000E+00
   0.5000000E+01   0.1222900E+02   0.4417932E+00   0.6392723E+02  -0.2500070E+00   0.8082139E+00   0.2445799E+02   0.0000000E+00
   0.1000000E+01   0.1222703E+02   0.4151859E+00   0.5307819E+02  -0.1770868E+00   0.7619009E+00   0.2445406E+02   0.0000000E+00
   0.4000000E+01   0.1222392E+02   0.4363593E+00   0.2783109E+02  -0.2660194E+00   0.8296601E+00   0.2444784E+02   0.0000000E+00
   0.1000000E+01   0.1228588E+02   0.3149354E+00   0.2434631E+02  -0.9857614E-02   0.6949222E+00   0.2457175E+02   0.0000000E+00
   0.1000000E+01   0.1232858E+02   0.2472491E+00   0.8643295E+02   0.1891554E+00   0.5635955E+00   0.2465715E+02   0.0000000E+00
   0.1000000E+01   0.1226767E+02   0.3984924E+00   0.8562497E+02  -0.2013849E+00   0.8028924E+00   0.2453535E+02   0.0000000E+00
   0.3000000E+01   0.1233919E+02   0.4549010E+00   0.8211230E+02  -0.2538624E+00   0.7989615E+00   0.2467837E+02   0.0000000E+00
   0.1000000E+01   0.1245963E+02   0.3524721E+00   0.7358136E+02   0.8725124E-02   0.6388028E+00   0.2491926E+02   0.0000000E+00
   0.3000000E+01   0.1243283E+02   0.3548367E+00   0.7163325E+02   0.1594078E-03   0.6450039E+00   0.2486565E+02   0.0000000E+00
   0.1000000E+01   0.1276709E+02   0.2286156E+00   0.4376382E+02   0.1495881E+00   0.6217963E+00   0.2553418E+02   0.0000000E+00
   0.1000000E+01   0.1241768E+02   0.3418913E+00   0.5117706E+02  -0.9389351E-01   0.7520022E+00   0.2483535E+02   0.0000000E+00
   0.1000000E+01   0.1221492E+02   0.3046858E+00   0.7018763E+02   0.4866579E-01   0.6466484E+00   0.2442983E+02   0.0000000E+00
   0.4000000E+01   0.1323456E+02   0.2591677E+00   0.9008025E+02   0.4040507E-01   0.7004272E+00   0.2646911E+02   0.0000000E+00
   0.2000000E+01   0.1277772E+02   0.2652372E+00   0.7329957E+02   0.5715826E-01   0.6776045E+00   0.2555544E+02   0.0000000E+00
   0.2000000E+01   0.1248921E+02   0.5371408E+00   0.8123979E+02  -0.4663041E+00   0.9291633E+00   0.2497843E+02   0.0000000E+00
   0.2000000E+01   0.1266378E+02   0.1458845E+00   0.5071214E+02   0.4104073E+00   0.4437082E+00   0.2532757E+02   0.0000000E+00
   0.2000000E+01   0.1250503E+02   0.1889388E+00   0.5714815E+02   0.3064400E+00   0.5046211E+00   0.2501007E+02   0.0000000E+00
   0.1000000E+01   0.1241873E+02   0.2174373E+00   0.5279618E+02   0.2644884E+00   0.5180743E+00   0.2483747E+02   0.0000000E+00
   0.6000000E+01   0.1230952E+02   0.2761874E+00   0.2854043E+02   0.1425737E+00   0.5812389E+00   0.2461905E+02   0.0000000E+00
   0.2000000E+01   0.1248968E+02   0.3139098E+00   0.4043787E+02  -0.3533872E-01   0.7214289E+00   0.2497936E+02   0.0000000E+00
   0.1000000E+01   0.1272319E+02   0.2747880E+00   0.3959212E+02   0.3766872E-01   0.6875433E+00   0.2544638E+02   0.0000000E+00
   0.1000000E+01   0.1254818E+02   0.1816080E+00   0.3833648E+02   0.3134243E+00   0.5049677E+00   0.2509636E+02   0.0000000E+00
   0.3000000E+01   0.1248253E+02   0.1964830E+00   0.8385328E+02   0.3110195E+00   0.4924975E+00   0.2496505E+02   0.0000000E+00
   0.5000000E+01   0.1252871E+02   0.1813378E+00   0.7459347E+02   0.3271677E+00   0.4914944E+00   0.2505742E+02   0.0000000E+00
   0.3000000E+01   0.1280675E+02   0.1558469E+00   0.8034827E+02   0.4461551E+00   0.3979981E+00   0.2561351E+02   0.0000000E+00
   0.2000000E+01   0.1276607E+02   0.2145827E+00   0.7375221E+02   0.3320591E+00   0.4533582E+00   0.2553213E+02   0.0000000E+00
   0.1000000E+01   0.1222024E+02   0.3008818E+00   0.9151015E+02   0.6107237E-01   0.6380458E+00   0.2444048E+02   0.0000000E+00
   0.3000000E+01   0.1242477E+02   0.2657692E+00   0.9858394E+02   0.1871346E+00   0.5470961E+00   0.2484954E+02   0.0000000E+00
   0.2000000E+01   0.1443808E+02   0.3287367E+00   0.7018597E+02   0.1904406E+00   0.4808227E+00   0.2887616E+02   0.0000000E+00
   0.2000000E+01   0.1458617E+02   0.3044584E+00   0.7141162E+02   0.2515781E+00   0.4439635E+00   0.2917235E+02   0.0000000E+00
   0.1000000E+01   0.1372997E+02   0.2825993E+00   0.7275980E+02   0.2578801E+00   0.4595206E+00   0.2745994E+02   0.0000000E+00
   0.3000000E+01   0.1330860E+02   0.4795138E+00   0.7019741E+02  -0.2210329E+00   0.7415190E+00   0.2661721E+02   0.0000000E+00
   0.1000000E+01   0.1253548E+02   0.3711297E+00   0.7448901E+02  -0.2504523E-01   0.6539155E+00   0.2507096E+02   0.0000000E+00
   0.1000000E+01   0.1248450E+02   0.2839099E+00   0.7090447E+02   0.3975158E-01   0.6763385E+00   0.2496900E+02   0.0000000E+00
   0.5000000E+01   0.1275530E+02   0.1485542E+00   0.9455422E+02   0.3700910E+00   0.4813548E+00   0.2551060E+02   0.0000000E+00
   0.3000000E+01   0.1323764E+02   0.1582930E+00   0.5680714E+02   0.2919099E+00   0.5497971E+00   0.2647528E+02   0.0000000E+00
   0.3000000E+01   0.1310275E+02   0.1543323E+00   0.7653087E+02   0.3130825E+00   0.5325852E+00   0.2620551E+02   0.0000000E+00
   0.1000000E+01   0.1290279E+02   0.1330490E+00   0.7905763E+02   0.3925080E+00   0.4744430E+00   0.2580558E+02   0.0000000E+00
   0.2000000E+01   0.1325929E+02   0.1046105E+00   0.8947504E+02   0.4326963E+00   0.4626932E+00   0.2651858E+02   0.0000000E+00
   0.1000000E+01   0.1255776E+02   0.2264385E+00   0.9510615E+02   0.2830161E+00   0.4905454E+00   0.2511552E+02   0.0000000E+00
   0.2000000E+01   0.1260251E+02   0.2254810E+00   0.8889658E+02   0.2912149E+00   0.4833040E+00   0.2520502E+02   0.0000000E+00
   0.2000000E+01   0.1220858E+02   0.3114558E+00   0.8222242E+02   0.2879629E-01   0.6597479E+00   0.2441716E+02   0.0000000E+00
   0.3000000E+01   0.1319345E+02   0.4623935E+00   0.6696440E+02  -0.1870504E+00   0.7246569E+00   0.2638689E+02   0.0000000E+00
   0.2000000E+01   0.1272856E+02   0.2274812E+00   0.6783259E+02   0.3024369E+00   0.4700819E+00   0.2545712E+02   0.0000000E+00
   0.1000000E+01   0.1220395E+02   0.3518307E+00   0.5468074E+02  -0.3479462E-01   0.6829639E+00   0.2440790E+02   0.0000000E+00
   0.3000000E+01   0.1255771E+02   0.2515081E+00   0.4447435E+02   0.1129692E+00   0.6355227E+00   0.2511542E+02   0.0000000E+00
   0.1000000E+01   0.1417440E+02   0.1520735E+00   0.5132653E+02   0.2546527E+00   0.5932738E+00   0.2834880E+02   0.0000000E+00
   0.2000000E+01   0.1623641E+02   0.5466342E-01   0.7341282E+02   0.4193649E+00   0.5259717E+00   0.3247282E+02   0.0000000E+00
   0.2000000E+01   0.1519119E+02   0.3879616E-01   0.7648229E+02   0.4949436E+00   0.4662602E+00   0.3038238E+02   0.0000000E+00
   0.1000000E+01   0.1492013E+02   0.8040134E-01   0.7494434E+02   0.4014481E+00   0.5181506E+00   0.2984026E+02   0.0000000E+00
   0.1000000E+01   0.1518385E+02   0.9500426E-01   0.9606891E+02   0.3552240E+00   0.5497718E+00   0.3036771E+02   0.0000000E+00
   0.3000000E+01   0.1358407E+02   0.1445713E+00   0.8988199E+02   0.3043761E+00   0.5510526E+00   0.2716814E+02   0.0000000E+00
   0.1000000E+01   0.1229986E+02   0.2620981E+00   0.7961407E+02   0.1600889E+00   0.5778130E+00   0.2459971E+02   0.0000000E+00
   0.1000000E+01   0.1226599E+02   0.3671028E+00   0.7637476E+02  -0.1304465E+00   0.7633437E+00   0.2453197E+02   0.0000000E+00
   0.2000000E+01   0.1220035E+02   0.3960876E+00   0.9799371E+02  -0.1791577E+00   0.7830701E+00   0.2440071E+02   0.0000000E+00
   0.6000000E+01   0.1244795E+02   0.2328870E+00   0.8908504E+02   0.2518980E+00   0.5152150E+00   0.2489589E+02   0.0000000E+00
   0.1000000E+01   0.1247558E+02   0.2832883E+00   0.7050515E+02   0.1595385E+00   0.5571732E+00   0.2495117E+02   0.0000000E+00
   0.4000000E+01   0.1230311E+02   0.4733596E+00   0.8360663E+02  -0.3155473E+00   0.8421877E+00   0.2460621E+02   0.0000000E+00
   0.2000000E+01   0.1232020E+02   0.3968802E+00   0.7856743E+02  -0.1123643E+00   0.7154841E+00   0.2464039E+02   0.0000000E+00
   0.3000000E+01   0.1269138E+02   0.4693442E+00   0.5435059E+02  -0.2445903E+00   0.7752462E+00   0.2538276E+02   0.0000000E+00
   0.6000000E+01   0.1343702E+02   0.4161437E+00   0.7794384E+02  -0.6140663E-01   0.6452630E+00   0.2687404E+02   0.0000000E+00
   0.3000000E+01   0.1241137E+02   0.3819759E+00   0.6013372E+02  -0.6446948E-01   0.6824936E+00   0.2482274E+02   0.0000000E+00
   0.3000000E+01   0.1260395E+02   0.3558349E+00   0.5154917E+02   0.1642945E-01   0.6277356E+00   0.2520790E+02   0.0000000E+00
   0.2000000E+01   0.1280721E+02   0.2600210E+00   0.5724806E+02   0.2435141E+00   0.4964649E+00   0.2561443E+02   0.0000000E+00
   0.1000000E+01   0.1273861E+02   0.2614220E+00   0.5693106E+02   0.2341739E+00   0.5044041E+00   0.2547723E+02   0.0000000E+00
   0.2000000E+01   0.1280216E+02   0.2732684E+00   0.4998765E+02   0.2150699E+00   0.5116616E+00   0.2560431E+02   0.0000000E+00
   0.5000000E+01   0.1274072E+02   0.5005053E+00   0.4710903E+02  -0.3190470E+00   0.8185416E+00   0.2548144E+02   0.0000000E+00
   0.1000000E+01   0.1241823E+02   0.5111729E+00   0.2837977E+02  -0.4452351E+00   0.9340621E+00   0.2483645E+02   0.0000000E+00
   0.2000000E+01   0.1247328E+02   0.5342229E+00   0.2534724E+02  -0.4852195E+00   0.9509965E+00   0.2494656E+02   0.0000000E+00
   0.4000000E+01   0.1249097E+02   0.4583060E+00   0.4556217E+02  -0.3608473E+00   0.9025413E+00   0.2498193E+02   0.0000000E+00
   0.1000000E+01   0.1226331E+02   0.2776031E+00   0.7821349E+02   0.1053661E+00   0.6170308E+00   0.2452663E+02   0.0000000E+00
   0.1000000E+01   0.1229391E+02   0.2610954E+00   0.7374305E+02   0.1480751E+00   0.5908295E+00   0.2458781E+02   0.0000000E+00
   0.1000000E+01   0.1263674E+02   0.2197792E+00   0.7822308E+02   0.1868621E+00   0.5933587E+00   0.2527348E+02   0.0000000E+00
   0.1000000E+01   0.1302928E+02   0.2797868E+00   0.5612239E+02   0.3046421E-02   0.7171668E+00   0.2605855E+02   0.0000000E+00
   0.4000000E+01   0.1324443E+02   0.1458561E+00   0.3849797E+02   0.3231993E+00   0.5309446E+00   0.2648885E+02   0.0000000E+00
   0.6000000E+01   0.1548973E+02   0.1236256E+00   0.6697501E+02   0.2742113E+00   0.6021631E+00   0.3097946E+02   0.0000000E+00
   0.1000000E+01   0.1441530E+02   0.2363671E+00   0.4941440E+02   0.3954151E-01   0.7240914E+00   0.2883061E+02   0.0000000E+00
   0.1000000E+01   0.1473649E+02   0.3114055E+00   0.6570499E+02  -0.1492227E+00   0.8378172E+00   0.2947297E+02   0.0000000E+00
   0.3000000E+01   0.1323446E+02   0.3253280E+00   0.7039164E+02  -0.1174832E+00   0.7921551E+00   0.2646891E+02   0.0000000E+00
   0.2000000E+01   0.1316180E+02   0.3257510E+00   0.7000907E+02  -0.1143435E+00   0.7885926E+00   0.2632359E+02   0.0000000E+00
   0.5000000E+01   0.1220707E+02   0.3471756E+00   0.2364369E+02  -0.7090060E-01   0.7237250E+00   0.2441413E+02   0.0000000E+00
   0.1000000E+01   0.1225974E+02   0.3410843E+00   0.2305872E+02  -0.6954485E-01   0.7284606E+00   0.2451948E+02   0.0000000E+00
   0.2000000E+01   0.1231010E+02   0.3932152E+00   0.2663490E+02  -0.1985450E+00   0.8053298E+00   0.2462020E+02   0.0000000E+00
   0.2000000E+01   0.1225554E+02   0.4540131E+00   0.2952739E+02  -0.2762795E+00   0.8222664E+00   0.2451108E+02   0.0000000E+00
   0.1000000E+01   0.1226699E+02   0.4635655E+00   0.2892192E+02  -0.3021677E+00   0.8386022E+00   0.2453399E+02   0.0000000E+00
   0.4000000E+01   0.1233530E+02   0.4899801E+00   0.2299128E+02  -0.3609262E+00   0.8709461E+00   0.2467059E+02   0.0000000E+00
   0.2000000E+01   0.1342876E+02   0.4497167E+00   0.7519771E+02  -0.1414203E+00   0.6917036E+00   0.2685753E+02   0.0000000E+00
   0.5000000E+01   0.1313258E+02   0.4282625E+00   0.6729958E+02  -0.1093578E+00   0.6810954E+00   0.2626516E+02   0.0000000E+00
   0.2000000E+01   0.1342373E+02   0.4534876E+00   0.6358111E+02  -0.1508322E+00   0.6973447E+00   0.2684746E+02   0.0000000E+00
   0.1000000E+01   0.1267026E+02   0.4734250E+00   0.7548779E+02  -0.2567720E+00   0.7833470E+00   0.2534052E+02   0.0000000E+00
   0.5000000E+01   0.1240313E+02   0.4981324E+00   0.5637676E+02  -0.3614730E+00   0.8633406E+00   0.2480625E+02   0.0000000E+00
   0.8000000E+01   0.1227063E+02   0.4647118E+00   0.4596747E+02  -0.3288920E+00   0.8641802E+00   0.2454126E+02   0.0000000E+00
   0.5000000E+01   0.1219677E+02   0.3210323E+00   0.5150128E+02   0.7098022E-02   0.6718697E+00   0.2439354E+02   0.0000000E+00
   0.1000000E+01   0.1219442E+02   0.3361255E+00   0.5246662E+02  -0.6725237E-02   0.6705997E+00   0.2438884E+02   0.0000000E+00
   0.3000000E+01   0.1221139E+02   0.3632364E+00   0.4072919E+02  -0.5764703E-01   0.6944106E+00   0.2442277E+02   0.0000000E+00
   0.3000000E+01   0.1321924E+02   0.2192470E+00   0.9561401E+02   0.3619719E+00   0.4187811E+00   0.2643848E+02   0.0000000E+00
   0.4000000E+01   0.1220620E+02   0.3808882E+00   0.7763608E+02  -0.1479626E+00   0.7670745E+00   0.2441240E+02   0.0000000E+00
   0.5000000E+01   0.1244060E+02   0.3287046E+00   0.8877628E+02  -0.6487261E-01   0.7361680E+00   0.2488120E+02   0.0000000E+00
   0.1000000E+01   0.1248244E+02   0.2887513E+00   0.7757184E+02   0.2792103E-01   0.6833277E+00   0.2496487E+02   0.0000000E+00
   0.3000000E+01   0.1222127E+02   0.3778739E+00   0.6712802E+02  -0.1454294E+00   0.7675555E+00   0.2444254E+02   0.0000000E+00
   0.5000000E+01   0.1246535E+02   0.4809396E+00   0.5994148E+02  -0.4024953E+00   0.9215557E+00   0.2493069E+02   0.0000000E+00
   0.1000000E+01   0.1282326E+02   0.5004588E+00   0.5598777E+02  -0.4798073E+00   0.9793485E+00   0.2564652E+02   0.0000000E+00
   0.4000000E+01   0.1280689E+02   0.4751740E+00   0.5167427E+02  -0.4262880E+00   0.9511140E+00   0.2561379E+02   0.0000000E+00
   0.2000000E+01   0.1281136E+02   0.4754232E+00   0.5187846E+02  -0.4271663E+00   0.9517431E+00   0.2562272E+02   0.0000000E+00
   0.1000000E+01   0.1220149E+02   0.3445520E+00   0.3177614E+02  -0.2096434E-01   0.6764123E+00   0.2440298E+02   0.0000000E+00
   0.6000000E+01   0.1220888E+02   0.3732497E+00   0.2562460E+02  -0.8200948E-01   0.7087598E+00   0.2441776E+02   0.0000000E+00
   0.7000000E+01   0.1284042E+02   0.2433076E+00   0.4317921E+02   0.1060362E+00   0.6506562E+00   0.2568085E+02   0.0000000E+00
   0.1000000E+01   0.1267006E+02   0.2637722E+00   0.4233838E+02   0.6988270E-01   0.6663451E+00   0.2534011E+02   0.0000000E+00
   0.4000000E+01   0.1315072E+02   0.2825197E+00   0.3292444E+02  -0.1190554E-01   0.7293859E+00   0.2630144E+02   0.0000000E+00
   0.8000000E+01   0.1254579E+02   0.2908985E+00   0.2213890E+02   0.1506894E+00   0.5584121E+00   0.2509158E+02   0.0000000E+00
   0.1000000E+01   0.1280487E+02   0.2698254E+00   0.2044013E+02   0.2207731E+00   0.5094015E+00   0.2560973E+02   0.0000000E+00
   0.3000000E+01   0.1273935E+02   0.2538193E+00   0.2102073E+02   0.2482880E+00   0.4978927E+00   0.2547869E+02   0.0000000E+00
   0.2000000E+01   0.1281693E+02   0.2177602E+00   0.4150422E+02   0.3307407E+00   0.4514991E+00   0.2563387E+02   0.0000000E+00
   0.1000000E+01   0.1296043E+02   0.3167248E+00   0.3686173E+02   0.1334387E+00   0.5498365E+00   0.2592085E+02   0.0000000E+00
   0.1500000E+02   0.1318922E+02   0.3020717E+00   0.2821081E+02   0.1813952E+00   0.5165331E+00   0.2637844E+02   0.0000000E+00
   0.2000000E+01   0.1407736E+02   0.4023083E+00   0.3611446E+02   0.4667790E-02   0.5930239E+00   0.2815472E+02   0.0000000E+00
   0.1000000E+01   0.1552423E+02   0.4755460E+00   0.4906595E+02  -0.1046414E+00   0.6290954E+00   0.3104846E+02   0.0000000E+00
   0.2000000E+01   0.1560152E+02   0.4740297E+00   0.4862614E+02  -0.9806597E-01   0.6240362E+00   0.3120304E+02   0.0000000E+00
   0.5000000E+01   0.1576256E+02   0.4521584E+00   0.4693842E+02  -0.4028965E-01   0.5881312E+00   0.3152511E+02   0.0000000E+00
   0.1000000E+01   0.1561072E+02   0.2947785E+00   0.5730869E+02   0.3151886E+00   0.3900329E+00   0.3122144E+02   0.0000000E+00
   0.1000000E+01   0.1261298E+02   0.2145484E+00   0.3474649E+02   0.3127734E+00   0.4726782E+00   0.2522595E+02   0.0000000E+00
   0.2000000E+01   0.1233519E+02   0.2559907E+00   0.7049913E+02   0.1412989E+00   0.6027104E+00   0.2467038E+02   0.0000000E+00
   0.1000000E+01   0.1239797E+02   0.2410732E+00   0.6603466E+02   0.1677075E+00   0.5912193E+00   0.2479594E+02   0.0000000E+00
   0.1000000E+01   0.1235609E+02   0.2437952E+00   0.6241774E+02   0.2087916E+00   0.5474132E+00   0.2471218E+02   0.0000000E+00
   0.6000000E+01   0.1246907E+02   0.2008622E+00   0.6880756E+02   0.2765706E+00   0.5225672E+00   0.2493813E+02   0.0000000E+00
   0.1000000E+01   0.1244172E+02   0.2194061E+00   0.9560190E+02   0.2715414E+00   0.5090525E+00   0.2488345E+02   0.0000000E+00
   0.1000000E+01   0.1307411E+02   0.2494867E+00   0.8845715E+02   0.2877926E+00   0.4627207E+00   0.2614823E+02   0.0000000E+00
   0.1000000E+01   0.1314488E+02   0.2271327E+00   0.8878102E+02   0.3400396E+00   0.4328277E+00   0.2628975E+02   0.0000000E+00
   0.3000000E+01   0.1341433E+02   0.2847940E+00   0.7779903E+02   0.2347464E+00   0.4804596E+00   0.2682867E+02   0.0000000E+00
   0.7000000E+01   0.1247527E+02   0.5361527E+00   0.8825605E+02  -0.4862400E+00   0.9500873E+00   0.2495053E+02   0.0000000E+00
   0.2000000E+01   0.1406908E+02   0.3557502E+00   0.4074301E+02   0.1114393E+00   0.5328105E+00   0.2813817E+02   0.0000000E+00
   0.1000000E+01   0.1391984E+02   0.3578572E+00   0.4316713E+02   0.9923270E-01   0.5429101E+00   0.2783968E+02   0.0000000E+00
   0.5000000E+01   0.1398020E+02   0.3637055E+00   0.4340098E+02   0.8896224E-01   0.5473322E+00   0.2796040E+02   0.0000000E+00
   0.3000000E+01   0.1396693E+02   0.3700436E+00   0.4346314E+02   0.7380763E-01   0.5561488E+00   0.2793387E+02   0.0000000E+00
   0.2000000E+01   0.1237692E+02   0.4617989E+00   0.2233428E+02  -0.2674183E+00   0.8056194E+00   0.2475385E+02   0.0000000E+00
   0.1000000E+01   0.1274246E+02   0.3589513E+00   0.6085642E+02  -0.1641462E+00   0.8051949E+00   0.2548493E+02   0.0000000E+00
   0.1000000E+01   0.1234528E+02   0.3962360E+00   0.5865498E+02  -0.2093834E+00   0.8131474E+00   0.2469056E+02   0.0000000E+00
   0.1000000E+01   0.1279135E+02   0.4652708E+00   0.5015045E+02  -0.4041910E+00   0.9389203E+00   0.2558270E+02   0.0000000E+00
   0.4000000E+01   0.1291760E+02   0.5035797E+00   0.6469916E+02  -0.4937526E+00   0.9901729E+00   0.2583520E+02   0.0000000E+00
   0.5000000E+01   0.1326094E+02   0.4875842E+00   0.7070713E+02  -0.4832479E+00   0.9956637E+00   0.2652188E+02   0.0000000E+00
   0.2000000E+01   0.1315457E+02   0.4980514E+00   0.6844497E+02  -0.4988825E+00   0.1000831E+01   0.2630914E+02   0.0000000E+00
   0.1000000E+01   0.1326885E+02   0.2851204E+00   0.8097132E+02  -0.2410852E-01   0.7389881E+00   0.2653770E+02   0.0000000E+00
   0.2000000E+01   0.1332849E+02   0.2794009E+00   0.7741106E+02  -0.1376378E-01   0.7343629E+00   0.2665698E+02   0.0000000E+00
   0.1000000E+01   0.1398258E+02   0.8954797E-01   0.6809925E+02   0.4219509E+00   0.4885012E+00   0.2796516E+02   0.0000000E+00
   0.2000000E+01   0.1394076E+02   0.9619020E-01   0.6391752E+02   0.4071859E+00   0.4966239E+00   0.2788151E+02   0.0000000E+00
   0.2000000E+01   0.1302041E+02   0.3118631E+00   0.4214373E+02  -0.7341517E-01   0.7615521E+00   0.2604083E+02   0.0000000E+00
   0.1000000E+01   0.1279142E+02   0.2476580E+00   0.8305242E+02   0.2678954E+00   0.4844466E+00   0.2558284E+02   0.0000000E+00
   0.2000000E+01   0.1278460E+02   0.2391534E+00   0.8305923E+02   0.2846981E+00   0.4761486E+00   0.2556920E+02   0.0000000E+00
   0.2000000E+01   0.1286262E+02   0.3587041E+00   0.5832817E+02   0.3248197E-01   0.6088139E+00   0.2572524E+02   0.0000000E+00
   0.1000000E+01   0.1303818E+02   0.2884408E+00   0.4696189E+02   0.2013797E+00   0.5101796E+00   0.2607636E+02   0.0000000E+00
   0.2000000E+01   0.1286874E+02   0.1512283E+00   0.4732289E+02   0.4626680E+00   0.3861037E+00   0.2573748E+02   0.0000000E+00
   0.2000000E+01   0.1294350E+02   0.1470613E+00   0.5602458E+02   0.4796036E+00   0.3733351E+00   0.2588699E+02   0.0000000E+00
   0.2000000E+01   0.1277443E+02   0.1529440E+00   0.5558742E+02   0.4457853E+00   0.4012708E+00   0.2554886E+02   0.0000000E+00
   0.1000000E+01   0.1264610E+02   0.2259695E+00   0.5652215E+02   0.2957894E+00   0.4782411E+00   0.2529221E+02   0.0000000E+00
   0.1000000E+01   0.1350994E+02   0.2198997E+00   0.5036646E+02   0.3799584E+00   0.4001419E+00   0.2701989E+02   0.0000000E+00
   0.3000000E+01   0.1443172E+02   0.1924820E+00   0.8706535E+02   0.4890377E+00   0.3184803E+00   0.2886345E+02   0.0000000E+00
   0.3000000E+01   0.1500226E+02   0.3440110E+00   0.9936086E+02   0.1804187E+00   0.4755703E+00   0.3000453E+02   0.0000000E+00
   0.2000000E+01   0.1633297E+02   0.5274103E+00   0.6615583E+02  -0.1985776E+00   0.6711673E+00   0.3266593E+02   0.0000000E+00
   0.1000000E+01   0.1677942E+02   0.5233440E+00   0.6388065E+02  -0.1732045E+00   0.6498605E+00   0.3355885E+02   0.0000000E+00
   0.1000000E+01   0.1653477E+02   0.4371107E+00   0.7526269E+02   0.2288304E-01   0.5400063E+00   0.3306955E+02   0.0000000E+00
   0.1000000E+01   0.1485133E+02   0.4986885E+00   0.6015027E+02  -0.1874162E+00   0.6887277E+00   0.2970266E+02   0.0000000E+00
   0.2000000E+01   0.1327059E+02   0.3505320E+00   0.5621002E+02   0.7946780E-01   0.5700002E+00   0.2654118E+02   0.0000000E+00
   0.1000000E+01   0.1359535E+02   0.3552655E+00   0.5788927E+02   0.8803506E-01   0.5566995E+00   0.2719070E+02   0.0000000E+00
   0.2000000E+01   0.1392018E+02   0.3445184E+00   0.4533272E+02   0.1295774E+00   0.5259042E+00   0.2784036E+02   0.0000000E+00
   0.1000000E+01   0.1433313E+02   0.3463986E+00   0.4873924E+02   0.1454772E+00   0.5081241E+00   0.2866625E+02   0.0000000E+00
   0.1000000E+01   0.1382278E+02   0.2703674E+00   0.5742463E+02   0.2896362E+00   0.4399965E+00   0.2764556E+02   0.0000000E+00
   0.1000000E+01   0.1329062E+02   0.3249989E+00   0.6934599E+02   0.1382118E+00   0.5367893E+00   0.2658123E+02   0.0000000E+00
   0.1000000E+01   0.1345516E+02   0.1883672E+00   0.5177177E+02   0.4422510E+00   0.3693818E+00   0.2691033E+02   0.0000000E+00
   0.1000000E+01   0.1269485E+02   0.1384364E+00   0.5894538E+02   0.4356865E+00   0.4258771E+00   0.2538970E+02   0.0000000E+00
   0.2000000E+01   0.1239237E+02   0.2564443E+00   0.2520791E+02   0.1233481E+00   0.6202076E+00   0.2478474E+02   0.0000000E+00
   0.6000000E+01   0.1249218E+02   0.3657625E+00   0.2199830E+02  -0.1947295E-01   0.6537105E+00   0.2498435E+02   0.0000000E+00
   0.9000000E+01   0.1253273E+02   0.3656402E+00   0.2233584E+02  -0.1470905E-01   0.6490688E+00   0.2506546E+02   0.0000000E+00
