 metropolis rat:  0.4901961      in          102 , best:    12.37696    
 local acceptance ratio:  0.4901961    
 metropolis rat:  0.5154639      in          194 , best:    12.37696    
 local acceptance ratio:  0.5434783    
 Current convergence R-1 =    2.728942      chain steps =         306
 slow changes           0  power changes           0
 metropolis rat:  0.4854369      in          309 , best:    12.37696    
 local acceptance ratio:  0.4347826    
 metropolis rat:  0.5037783      in          397 , best:    12.37696    
 local acceptance ratio:  0.5681818    
 metropolis rat:  0.5030181      in          497 , best:    12.37696    
 local acceptance ratio:  0.5000000    
 Current convergence R-1 =   0.4644871      chain steps =         499
 slow changes           0  power changes           0
 metropolis rat:  0.4942339      in          607 , best:    12.37696    
 local acceptance ratio:  0.4545455    
 Current convergence R-1 =   0.2373556      chain steps =         700
 slow changes           0  power changes           0
 metropolis rat:  0.4971591      in          704 , best:    12.37696    
 local acceptance ratio:  0.5154639    
 metropolis rat:  0.4938272      in          810 , best:    12.37696    
 local acceptance ratio:  0.4716981    
 Current convergence R-1 =   0.2528077      chain steps =         891
 slow changes           0  power changes           0
 metropolis rat:  0.4950495      in          909 , best:    12.37696    
 local acceptance ratio:  0.5050505    
 metropolis rat:  0.4859087      in         1029 , best:    12.37696    
 local acceptance ratio:  0.4166667    
 Current convergence R-1 =   9.4048396E-02  chain steps =        1090
 slow changes           0  power changes           0
 metropolis rat:  0.4858657      in         1132 , best:    12.37696    
 local acceptance ratio:  0.4854369    
 metropolis rat:  0.4838710      in         1240 , best:    12.37696    
 local acceptance ratio:  0.4629630    
 Current convergence R-1 =   5.4666933E-02  chain steps =        1293
 slow changes           0  power changes           0
 metropolis rat:  0.4789978      in         1357 , best:    12.37696    
 local acceptance ratio:  0.4273504    
 metropolis rat:  0.4791239      in         1461 , best:    12.37696    
 local acceptance ratio:  0.4807692    
 Current convergence R-1 =   5.3909924E-02  chain steps =        1477
 slow changes           0  power changes           0
 metropolis rat:  0.4792332      in         1565 , best:    12.35776    
 local acceptance ratio:  0.4807692    
 Current convergence R-1 =   1.9653143E-02  chain steps =        1665
 slow changes           0  power changes           0
 metropolis rat:  0.4793289      in         1669 , best:    12.35776    
 local acceptance ratio:  0.4807692    
 metropolis rat:  0.4804974      in         1769 , best:    12.35776    
 local acceptance ratio:  0.5000000    
 Current convergence R-1 =   4.6160746E-02  chain steps =        1862
 slow changes           0  power changes           0
 metropolis rat:  0.4766949      in         1888 , best:    12.35776    
 local acceptance ratio:  0.4201681    
 metropolis rat:  0.4735793      in         2006 , best:    12.35776    
 local acceptance ratio:  0.4237288    
 Current convergence R-1 =   4.0910792E-02  chain steps =        2051
 slow changes           0  power changes           0
 metropolis rat:  0.4759638      in         2101 , best:    12.35776    
 local acceptance ratio:  0.5263158    
 metropolis rat:  0.4774898      in         2199 , best:    12.35776    
 local acceptance ratio:  0.5102041    
 Current convergence R-1 =   4.1894369E-02  chain steps =        2237
 slow changes           0  power changes           0
 metropolis rat:  0.4780530      in         2301 , best:    12.35776    
 local acceptance ratio:  0.4901961    
 metropolis rat:  0.4767827      in         2412 , best:    12.35776    
 local acceptance ratio:  0.4504505    
 Current convergence R-1 =   3.3811375E-02  chain steps =        2434
 slow changes           0  power changes           0
 metropolis rat:  0.4771372      in         2515 , best:    12.35776    
 local acceptance ratio:  0.4854369    
 metropolis rat:  0.4772814      in         2619 , best:    12.35776    
 local acceptance ratio:  0.4807692    
 Current convergence R-1 =   4.5636747E-02  chain steps =        2631
 slow changes           0  power changes           0
 metropolis rat:  0.4779412      in         2720 , best:    12.35776    
 local acceptance ratio:  0.4950495    
 Current convergence R-1 =   5.2660834E-02  chain steps =        2833
 slow changes           0  power changes           0
 metropolis rat:  0.4725236      in         2857 , best:    12.35776    
 local acceptance ratio:  0.3649635    
 metropolis rat:  0.4680709      in         2991 , best:    12.35776    
 local acceptance ratio:  0.3731343    
 Current convergence R-1 =   7.0788763E-02  chain steps =        3025
 slow changes           0  power changes           0
 metropolis rat:  0.4683463      in         3096 , best:    12.35776    
 local acceptance ratio:  0.4761905    
 metropolis rat:  0.4680187      in         3205 , best:    12.35776    
 local acceptance ratio:  0.4587156    
 Current convergence R-1 =   3.4532558E-02  chain steps =        3227
 slow changes           0  power changes           0
 metropolis rat:  0.4704097      in         3295 , best:    12.28150    
 local acceptance ratio:  0.5555556    
 metropolis rat:  0.4719764      in         3390 , best:    12.28150    
 local acceptance ratio:  0.5263158    
 Current convergence R-1 =   3.2754321E-02  chain steps =        3425
 slow changes           0  power changes           0
 metropolis rat:  0.4722381      in         3494 , best:    12.28150    
 local acceptance ratio:  0.4807692    
 metropolis rat:  0.4700028      in         3617 , best:    12.23744    
 local acceptance ratio:  0.4065041    
 Current convergence R-1 =   2.3991497E-02  chain steps =        3625
 slow changes           0  power changes           0
 metropolis rat:  0.4699248      in         3724 , best:    12.23744    
 local acceptance ratio:  0.4672897    
 Current convergence R-1 =   2.4699749E-02  chain steps =        3821
 slow changes           0  power changes           0
 metropolis rat:  0.4691165      in         3837 , best:    12.23744    
 local acceptance ratio:  0.4424779    
 metropolis rat:  0.4689480      in         3945 , best:    12.23744    
 local acceptance ratio:  0.4629630    
 Current convergence R-1 =   3.1440314E-02  chain steps =        4021
 slow changes           0  power changes           0
 metropolis rat:  0.4697157      in         4045 , best:    12.23744    
 local acceptance ratio:  0.5000000    
 metropolis rat:  0.4697663      in         4151 , best:    12.23744    
 local acceptance ratio:  0.4716981    
 Current convergence R-1 =   3.6579721E-02  chain steps =        4219
 slow changes           0  power changes           0
 metropolis rat:  0.4705882      in         4250 , best:    12.23744    
 local acceptance ratio:  0.5050505    
 metropolis rat:  0.4707233      in         4355 , best:    12.23744    
 local acceptance ratio:  0.4761905    
 Current convergence R-1 =   5.3667523E-02  chain steps =        4405
 slow changes           0  power changes           0
 metropolis rat:  0.4704301      in         4464 , best:    12.23744    
 local acceptance ratio:  0.4587156    
 metropolis rat:  0.4693298      in         4581 , best:    12.23744    
 local acceptance ratio:  0.4273504    
 Current convergence R-1 =   4.8228763E-02  chain steps =        4601
 slow changes           0  power changes           0
 metropolis rat:  0.4685836      in         4695 , best:    12.23744    
 local acceptance ratio:  0.4385965    
 Current convergence R-1 =   3.0889207E-02  chain steps =        4798
 slow changes           0  power changes           0
 metropolis rat:  0.4677755      in         4810 , best:    12.23744    
 local acceptance ratio:  0.4347826    
 metropolis rat:  0.4681457      in         4913 , best:    12.23744    
 local acceptance ratio:  0.4854369    
 Current convergence R-1 =   4.0811069E-02  chain steps =        4990
 slow changes           0  power changes           0
 metropolis rat:  0.4669183      in         5033 , best:    12.23744    
 local acceptance ratio:  0.4166667    
 metropolis rat:  0.4651163      in         5160 , best:    12.23744    
 local acceptance ratio:  0.3937008    
 Current convergence R-1 =   3.7249956E-02  chain steps =        5183
 slow changes           0  power changes           0
 metropolis rat:  0.4630505      in         5291 , best:    12.23744    
 local acceptance ratio:  0.3816794    
 Current convergence R-1 =   3.1607587E-02  chain steps =        5383
 slow changes           0  power changes           0
 metropolis rat:  0.4637358      in         5391 , best:    12.23744    
 local acceptance ratio:  0.5000000    
 metropolis rat:  0.4637207      in         5499 , best:    12.23744    
 local acceptance ratio:  0.4629630    
 Current convergence R-1 =   3.7054759E-02  chain steps =        5584
 slow changes           0  power changes           0
 metropolis rat:  0.4632930      in         5612 , best:    12.23744    
 local acceptance ratio:  0.4424779    
 metropolis rat:  0.4617529      in         5739 , best:    12.23744    
 local acceptance ratio:  0.3937008    
 Current convergence R-1 =   2.5656069E-02  chain steps =        5781
 slow changes           0  power changes           0
 metropolis rat:  0.4625664      in         5837 , best:    12.23744    
 local acceptance ratio:  0.5102041    
 metropolis rat:  0.4615643      in         5958 , best:    12.23744    
 local acceptance ratio:  0.4132231    
 Current convergence R-1 =   2.9515743E-02  chain steps =        5979
 slow changes           0  power changes           0
 metropolis rat:  0.4603749      in         6082 , best:    12.23744    
 local acceptance ratio:  0.4032258    
 Current convergence R-1 =   2.2895651E-02  chain steps =        6172
 slow changes           0  power changes           0
 metropolis rat:  0.4616880      in         6173 , best:    12.23744    
 local acceptance ratio:  0.5494506    
 metropolis rat:  0.4616364      in         6282 , best:    12.23744    
 local acceptance ratio:  0.4587156    
 Current convergence R-1 =   2.6039133E-02  chain steps =        6377
 slow changes           0  power changes           0
 metropolis rat:  0.4607215      in         6403 , best:    12.23744    
 local acceptance ratio:  0.4132231    
 metropolis rat:  0.4606172      in         6513 , best:    12.23744    
 local acceptance ratio:  0.4545455    
 Current convergence R-1 =   2.1214172E-02  chain steps =        6570
 slow changes           0  power changes           0
 metropolis rat:  0.4592682      in         6641 , best:    12.23744    
 local acceptance ratio:  0.3906250    
 metropolis rat:  0.4590552      in         6753 , best:    12.23744    
 local acceptance ratio:  0.4464286    
 Current convergence R-1 =   1.7525559E-02  chain steps =        6771
 slow changes           0  power changes           0
 metropolis rat:  0.4594516      in         6856 , best:    12.23744    
 local acceptance ratio:  0.4854369    
 metropolis rat:  0.4602992      in         6952 , best:    12.23744    
 local acceptance ratio:  0.5208333    
 Current convergence R-1 =   1.0618124E-02  chain steps =        6963
 slow changes           0  power changes           0
 metropolis rat:  0.4609275      in         7051 , best:    12.23744    
 local acceptance ratio:  0.5050505    
 Current convergence R-1 =   9.3208319E-03  chain steps =        7160
 slow changes           0  power changes           0
 metropolis rat:  0.4607652      in         7162 , best:    12.23744    
 local acceptance ratio:  0.4504505    
 metropolis rat:  0.4602913      in         7278 , best:    12.23744    
 local acceptance ratio:  0.4310345    
 Current convergence R-1 =   1.0456500E-02  chain steps =        7353
 slow changes           0  power changes           0
 metropolis rat:  0.4605174      in         7383 , best:    12.23744    
 local acceptance ratio:  0.4761905    
 metropolis rat:  0.4604912      in         7492 , best:    12.23744    
 local acceptance ratio:  0.4587156    
 Current convergence R-1 =   8.2116947E-03  chain steps =        7547
 slow changes           0  power changes           0
 metropolis rat:  0.4603446      in         7603 , best:    12.23744    
 local acceptance ratio:  0.4504505    
 metropolis rat:  0.4593091      in         7729 , best:    12.23744    
 local acceptance ratio:  0.3968254    
 Current convergence R-1 =   6.1666952E-03  chain steps =        7747
 slow changes           0  power changes           0
 metropolis rat:  0.4581901      in         7857 , best:    12.23744    
 local acceptance ratio:  0.3906250    
 Current convergence R-1 =   8.1634680E-03  chain steps =        7944
 slow changes           0  power changes           0
 metropolis rat:  0.4584275      in         7962 , best:    12.23744    
 local acceptance ratio:  0.4761905    
 metropolis rat:  0.4583178      in         8073 , best:    12.23744    
 local acceptance ratio:  0.4504505    
 Current convergence R-1 =   7.2298646E-03  chain steps =        8147
 slow changes           0  power changes           0
 metropolis rat:  0.4566488      in         8212 , best:    12.23744    
 local acceptance ratio:  0.3597122    
 metropolis rat:  0.4573905      in         8308 , best:    12.23744    
 local acceptance ratio:  0.5208333    
 Current convergence R-1 =   8.7041128E-03  chain steps =        8341
 slow changes           0  power changes           0
 metropolis rat:  0.4574620      in         8416 , best:    12.23744    
 local acceptance ratio:  0.4629630    
 metropolis rat:  0.4578002      in         8519 , best:    12.23744    
 local acceptance ratio:  0.4854369    
 Current convergence R-1 =   9.0650935E-03  chain steps =        8529
 slow changes           0  power changes           0
 metropolis rat:  0.4572818      in         8638 , best:    12.23744    
 local acceptance ratio:  0.4201681    
 Current convergence R-1 =   7.1016741E-03  chain steps =        8724
 slow changes           0  power changes           0
 metropolis rat:  0.4571429      in         8750 , best:    12.23744    
 local acceptance ratio:  0.4464286    
 metropolis rat:  0.4575237      in         8852 , best:    12.23744    
 local acceptance ratio:  0.4901961    
 Current convergence R-1 =   7.2730696E-03  chain steps =        8913
 slow changes           0  power changes           0
 metropolis rat:  0.4573341      in         8965 , best:    12.23744    
 local acceptance ratio:  0.4424779    
 metropolis rat:  0.4564954      in         9091 , best:    12.23744    
 local acceptance ratio:  0.3968254    
 Current convergence R-1 =   8.8095004E-03  chain steps =        9110
 slow changes           0  power changes           0
 metropolis rat:  0.4559765      in         9211 , best:    12.23744    
 local acceptance ratio:  0.4166667    
 Current convergence R-1 =   9.0459166E-03  chain steps =        9309
 slow changes           0  power changes           0
 metropolis rat:  0.4557152      in         9326 , best:    12.23744    
 local acceptance ratio:  0.4347826    
 metropolis rat:  0.4550746      in         9449 , best:    12.23744    
 local acceptance ratio:  0.4065041    
 Current convergence R-1 =   7.8868605E-03  chain steps =        9512
 slow changes           0  power changes           0
 metropolis rat:  0.4534084      in         9594 , best:    12.23744    
 local acceptance ratio:  0.3448276    
 metropolis rat:  0.4532811      in         9707 , best:    12.23744    
 local acceptance ratio:  0.4424779    
 Current convergence R-1 =   1.0981670E-02  chain steps =        9714
 slow changes           0  power changes           0
 metropolis rat:  0.4537112      in         9808 , best:    12.23744    
 local acceptance ratio:  0.4950495    
 Current convergence R-1 =   1.2284033E-02  chain steps =        9914
 slow changes           0  power changes           0
 metropolis rat:  0.4528530      in         9937 , best:    12.23744    
 local acceptance ratio:  0.3875969    
 metropolis rat:  0.4520616      in        10065 , best:    12.23744    
 local acceptance ratio:  0.3906250    
 Current convergence R-1 =   1.1851002E-02  chain steps =       10111
 slow changes           0  power changes           0
 metropolis rat:  0.4521329      in        10174 , best:    12.23744    
 local acceptance ratio:  0.4587156    
 metropolis rat:  0.4518511      in        10291 , best:    12.23744    
 local acceptance ratio:  0.4273504    
 Current convergence R-1 =   1.1749468E-02  chain steps =       10301
 slow changes           0  power changes           0
 metropolis rat:  0.4519665      in        10399 , best:    12.23744    
 local acceptance ratio:  0.4629630    
 Current convergence R-1 =   1.0827142E-02  chain steps =       10503
 slow changes           0  power changes           0
 metropolis rat:  0.4517786      in        10514 , best:    12.23744    
 local acceptance ratio:  0.4347826    
 metropolis rat:  0.4513399      in        10635 , best:    12.23744    
 local acceptance ratio:  0.4132231    
 Current convergence R-1 =   8.1820367E-03  chain steps =       10698
 slow changes           0  power changes           0
 metropolis rat:  0.4507016      in        10761 , best:    12.23744    
 local acceptance ratio:  0.3968254    
 metropolis rat:  0.4499541      in        10890 , best:    12.23744    
 local acceptance ratio:  0.3875969    
 Current convergence R-1 =   8.8311238E-03  chain steps =       10905
 slow changes           0  power changes           0
 metropolis rat:  0.4491833      in        11020 , best:    12.23744    
 local acceptance ratio:  0.3846154    
 Current convergence R-1 =   1.0847064E-02  chain steps =       11104
 slow changes           0  power changes           0
 metropolis rat:  0.4493978      in        11126 , best:    12.23744    
 local acceptance ratio:  0.4716981    
 metropolis rat:  0.4496083      in        11232 , best:    12.23744    
 local acceptance ratio:  0.4716981    
 Current convergence R-1 =   1.0976536E-02  chain steps =       11298
 slow changes           0  power changes           0
 metropolis rat:  0.4500927      in        11331 , best:    12.23744    
 local acceptance ratio:  0.5050505    
 metropolis rat:  0.4499388      in        11446 , best:    12.23744    
 local acceptance ratio:  0.4347826    
 Current convergence R-1 =   1.2288927E-02  chain steps =       11492
 slow changes           0  power changes           0
 metropolis rat:  0.4493994      in        11571 , best:    12.23744    
 local acceptance ratio:  0.4000000    
 metropolis rat:  0.4487180      in        11700 , best:    12.23744    
 local acceptance ratio:  0.3875969    
 Current convergence R-1 =   1.1402329E-02  chain steps =       11700
 slow changes           0  power changes           0
 metropolis rat:  0.4488482      in        11808 , best:    12.23744    
 local acceptance ratio:  0.4629630    
 Current convergence R-1 =   1.1340056E-02  chain steps =       11898
 slow changes           0  power changes           0
 metropolis rat:  0.4488631      in        11919 , best:    12.23744    
 local acceptance ratio:  0.4504505    
 metropolis rat:  0.4485795      in        12038 , best:    12.23744    
 local acceptance ratio:  0.4201681    
 Current convergence R-1 =   1.1758438E-02  chain steps =       12092
 slow changes           0  power changes           0
 metropolis rat:  0.4492252      in        12132 , best:    12.23744    
 local acceptance ratio:  0.5319149    
 metropolis rat:  0.4496771      in        12231 , best:    12.23744    
 local acceptance ratio:  0.5050505    
 Current convergence R-1 =   1.3219899E-02  chain steps =       12287
 slow changes           0  power changes           0
 metropolis rat:  0.4493563      in        12351 , best:    12.23744    
 local acceptance ratio:  0.4166667    
 metropolis rat:  0.4491498      in        12468 , best:    12.23744    
 local acceptance ratio:  0.4273504    
 Current convergence R-1 =   1.2610235E-02  chain steps =       12482
 slow changes           0  power changes           0
 metropolis rat:  0.4488045      in        12589 , best:    12.23744    
 local acceptance ratio:  0.4132231    
 Current convergence R-1 =   1.3453458E-02  chain steps =       12684
 slow changes           0  power changes           0
 metropolis rat:  0.4481132      in        12720 , best:    12.23744    
 local acceptance ratio:  0.3816794    
 metropolis rat:  0.4484830      in        12821 , best:    12.23744    
 local acceptance ratio:  0.4950495    
 Current convergence R-1 =   1.0298259E-02  chain steps =       12879
 slow changes           0  power changes           0
 metropolis rat:  0.4484999      in        12932 , best:    12.23744    
 local acceptance ratio:  0.4504505    
 metropolis rat:  0.4486540      in        13039 , best:    12.23744    
 local acceptance ratio:  0.4672897    
 Current convergence R-1 =   9.3404986E-03  chain steps =       13073
 slow changes           0  power changes           0
 metropolis rat:  0.4483964      in        13158 , best:    12.23744    
 local acceptance ratio:  0.4201681    
 metropolis rat:  0.4489549      in        13253 , best:    12.23744    
 local acceptance ratio:  0.5263158    
 Current convergence R-1 =   9.8962132E-03  chain steps =       13269
 slow changes           0  power changes           0
 metropolis rat:  0.4490346      in        13362 , best:    12.23744    
 local acceptance ratio:  0.4587156    
 Current convergence R-1 =   8.4185228E-03  chain steps =       13464
 slow changes           0  power changes           0
 metropolis rat:  0.4491796      in        13469 , best:    12.23744    
 local acceptance ratio:  0.4672897    
 metropolis rat:  0.4488264      in        13591 , best:    12.23744    
 local acceptance ratio:  0.4098361    
 Current convergence R-1 =   8.3953878E-03  chain steps =       13663
 slow changes           0  power changes           0
 metropolis rat:  0.4490690      in        13695 , best:    12.23744    
 local acceptance ratio:  0.4807692    
 metropolis rat:  0.4496338      in        13789 , best:    12.23744    
 local acceptance ratio:  0.5319149    
 Current convergence R-1 =   8.2410891E-03  chain steps =       13860
 slow changes           0  power changes           0
 metropolis rat:  0.4495433      in        13903 , best:    12.23744    
 local acceptance ratio:  0.4385965    
 metropolis rat:  0.4493260      in        14021 , best:    12.23744    
 local acceptance ratio:  0.4237288    
 Current convergence R-1 =   1.0245654E-02  chain steps =       14062
 slow changes           0  power changes           0
 metropolis rat:  0.4496849      in        14121 , best:    12.23744    
 local acceptance ratio:  0.5000000    
 metropolis rat:  0.4489338      in        14256 , best:    12.23744    
 local acceptance ratio:  0.3703704    
 Current convergence R-1 =   1.2423740E-02  chain steps =       14259
 slow changes           0  power changes           0
 metropolis rat:  0.4480100      in        14397 , best:    12.23744    
 local acceptance ratio:  0.3546099    
 Current convergence R-1 =   1.1143218E-02  chain steps =       14453
 slow changes           0  power changes           0
 metropolis rat:  0.4473195      in        14531 , best:    12.23744    
 local acceptance ratio:  0.3731343    
 metropolis rat:  0.4474655      in        14638 , best:    12.21685    
 local acceptance ratio:  0.4672897    
 Current convergence R-1 =   1.1641570E-02  chain steps =       14646
 slow changes           0  power changes           0
 metropolis rat:  0.4474273      in        14751 , best:    12.21685    
 local acceptance ratio:  0.4424779    
 Current convergence R-1 =   1.1640914E-02  chain steps =       14845
 slow changes           0  power changes           0
 metropolis rat:  0.4472994      in        14867 , best:    12.21685    
 local acceptance ratio:  0.4310345    
 metropolis rat:  0.4478011      in        14962 , best:    12.21685    
 local acceptance ratio:  0.5263158    
 Current convergence R-1 =   1.1726734E-02  chain steps =       15039
 slow changes           0  power changes           0
 metropolis rat:  0.4478800      in        15071 , best:    12.21685    
 local acceptance ratio:  0.4587156    
 metropolis rat:  0.4478988      in        15182 , best:    12.21685    
 local acceptance ratio:  0.4504505    
 Current convergence R-1 =   1.1425810E-02  chain steps =       15236
 slow changes           0  power changes           0
 metropolis rat:  0.4481225      in        15286 , best:    12.21685    
 local acceptance ratio:  0.4807692    
 metropolis rat:  0.4479065      in        15405 , best:    12.21685    
 local acceptance ratio:  0.4201681    
 Current convergence R-1 =   9.5296800E-03  chain steps =       15432
 slow changes           0  power changes           0
 metropolis rat:  0.4477804      in        15521 , best:    12.21685    
 local acceptance ratio:  0.4310345    
 Current convergence R-1 =   1.0195122E-02  chain steps =       15627
 slow changes           0  power changes           0
 metropolis rat:  0.4479140      in        15628 , best:    12.21685    
 local acceptance ratio:  0.4672897    
 metropolis rat:  0.4475906      in        15751 , best:    12.21685    
 local acceptance ratio:  0.4065041    
 Current convergence R-1 =   9.8562976E-03  chain steps =       15821
 slow changes           0  power changes           0
 metropolis rat:  0.4479495      in        15850 , best:    12.21685    
 local acceptance ratio:  0.5050505    
 metropolis rat:  0.4479389      in        15962 , best:    12.21685    
 local acceptance ratio:  0.4464286    
 Current convergence R-1 =   8.3150119E-03  chain steps =       16023
 slow changes           0  power changes           0
 metropolis rat:  0.4476220      in        16085 , best:    12.21685    
 local acceptance ratio:  0.4065041    
 metropolis rat:  0.4476137      in        16197 , best:    12.21685    
 local acceptance ratio:  0.4464286    
 Current convergence R-1 =   8.7741893E-03  chain steps =       16213
 slow changes           0  power changes           0
 metropolis rat:  0.4474136      in        16316 , best:    12.21685    
 local acceptance ratio:  0.4201681    
 Current convergence R-1 =   7.8690127E-03  chain steps =       16407
 slow changes           0  power changes           0
 metropolis rat:  0.4477612      in        16415 , best:    12.21685    
 local acceptance ratio:  0.5050505    
 metropolis rat:  0.4475626      in        16534 , best:    12.21685    
 local acceptance ratio:  0.4201681    
 Current convergence R-1 =   8.1825275E-03  chain steps =       16601
 slow changes           0  power changes           0
 metropolis rat:  0.4474474      in        16650 , best:    12.21685    
 local acceptance ratio:  0.4310345    
 metropolis rat:  0.4477077      in        16752 , best:    12.21685    
 local acceptance ratio:  0.4901961    
 Current convergence R-1 =   7.3149544E-03  chain steps =       16796
 slow changes           0  power changes           0
 metropolis rat:  0.4479383      in        16855 , best:    12.21685    
 local acceptance ratio:  0.4854369    
 metropolis rat:  0.4482982      in        16953 , best:    12.21685    
 local acceptance ratio:  0.5102041    
 Current convergence R-1 =   8.1535401E-03  chain steps =       16986
 slow changes           0  power changes           0
 metropolis rat:  0.4481547      in        17070 , best:    12.21685    
 local acceptance ratio:  0.4273504    
 Current convergence R-1 =   7.0104534E-03  chain steps =       17172
 slow changes           0  power changes           0
 metropolis rat:  0.4481695      in        17181 , best:    12.21685    
 local acceptance ratio:  0.4504505    
 metropolis rat:  0.4481841      in        17292 , best:    12.21685    
 local acceptance ratio:  0.4504505    
 Current convergence R-1 =   6.4257714E-03  chain steps =       17362
 slow changes           0  power changes           0
 metropolis rat:  0.4485337      in        17390 , best:    12.21685    
 local acceptance ratio:  0.5102041    
 metropolis rat:  0.4488022      in        17491 , best:    12.21685    
 local acceptance ratio:  0.4950495    
 Current convergence R-1 =   7.1482318E-03  chain steps =       17551
 slow changes           0  power changes           0
 metropolis rat:  0.4490933      in        17591 , best:    12.21685    
 local acceptance ratio:  0.5000000    
 metropolis rat:  0.4487216      in        17717 , best:    12.21685    
 local acceptance ratio:  0.3968254    
 Current convergence R-1 =   7.0890072E-03  chain steps =       17746
 slow changes           0  power changes           0
 metropolis rat:  0.4491606      in        17811 , best:    12.21685    
 local acceptance ratio:  0.5319149    
 metropolis rat:  0.4486429      in        17943 , best:    12.21685    
 local acceptance ratio:  0.3787879    
 Current convergence R-1 =   8.1585534E-03  chain steps =       17943
 slow changes           0  power changes           0
 metropolis rat:  0.4478107      in        18088 , best:    12.21685    
 local acceptance ratio:  0.3448276    
 Current convergence R-1 =   6.5320339E-03  chain steps =       18141
 slow changes           0  power changes           0
 metropolis rat:  0.4480237      in        18191 , best:    12.21685    
 local acceptance ratio:  0.4854369    
 metropolis rat:  0.4485777      in        18280 , best:    12.21685    
 local acceptance ratio:  0.5617977    
 Current convergence R-1 =   7.2737718E-03  chain steps =       18328
 slow changes           0  power changes           0
 metropolis rat:  0.4481747      in        18408 , best:    12.21685    
 local acceptance ratio:  0.3906250    
 Current convergence R-1 =   6.2638433E-03  chain steps =       18539
 slow changes           0  power changes           0
 metropolis rat:  0.4476083      in        18543 , best:    12.21685    
 local acceptance ratio:  0.3703704    
 metropolis rat:  0.4481056      in        18634 , best:    12.21685    
 local acceptance ratio:  0.5494506    
 Current convergence R-1 =   5.2768919E-03  chain steps =       18738
 slow changes           0  power changes           0
 metropolis rat:  0.4474273      in        18774 , best:    12.21685    
 local acceptance ratio:  0.3571429    
 metropolis rat:  0.4469481      in        18906 , best:    12.21685    
 local acceptance ratio:  0.3787879    
 Current convergence R-1 =   4.9189287E-03  chain steps =       18943
 slow changes           0  power changes           0
 metropolis rat:  0.4468980      in        19020 , best:    12.21685    
 local acceptance ratio:  0.4385965    
 Current convergence R-1 =   5.2926163E-03  chain steps =       19136
 slow changes           0  power changes           0
 metropolis rat:  0.4465918      in        19145 , best:    12.21685    
 local acceptance ratio:  0.4000000    
 metropolis rat:  0.4462664      in        19271 , best:    12.21685    
 local acceptance ratio:  0.3968254    
 Current convergence R-1 =   5.7616490E-03  chain steps =       19341
 slow changes           0  power changes           0
 metropolis rat:  0.4461523      in        19388 , best:    12.21685    
 local acceptance ratio:  0.4273504    
 metropolis rat:  0.4458338      in        19514 , best:    12.21685    
 local acceptance ratio:  0.3968254    
 Current convergence R-1 =   5.4776692E-03  chain steps =       19541
 slow changes           0  power changes           0
 metropolis rat:  0.4458599      in        19625 , best:    12.21685    
 local acceptance ratio:  0.4504505    
 metropolis rat:  0.4461117      in        19726 , best:    12.21685    
 local acceptance ratio:  0.4950495    
 Current convergence R-1 =   6.2253489E-03  chain steps =       19732
 slow changes           0  power changes           0
 metropolis rat:  0.4459786      in        19844 , best:    12.21685    
 local acceptance ratio:  0.4237288    
 Current convergence R-1 =   6.6174688E-03  chain steps =       19935
 slow changes           0  power changes           0
 metropolis rat:  0.4454677      in        19979 , best:    12.21685    
 local acceptance ratio:  0.3703704    
 metropolis rat:  0.4448531      in        20119 , best:    12.21685    
 local acceptance ratio:  0.3571429    
 Current convergence R-1 =   6.0636941E-03  chain steps =       20138
 slow changes           0  power changes           0
 metropolis rat:  0.4444664      in        20249 , best:    12.21685    
 local acceptance ratio:  0.3846154    
 Current convergence R-1 =   6.3625607E-03  chain steps =       20342
 slow changes           0  power changes           0
 metropolis rat:  0.4440628      in        20380 , best:    12.21685    
 local acceptance ratio:  0.3816794    
 metropolis rat:  0.4436644      in        20511 , best:    12.21685    
 local acceptance ratio:  0.3816794    
 Current convergence R-1 =   5.4908544E-03  chain steps =       20548
 slow changes           0  power changes           0
 metropolis rat:  0.4437870      in        20618 , best:    12.21685    
 local acceptance ratio:  0.4672897    
 metropolis rat:  0.4439297      in        20724 , best:    12.21685    
 local acceptance ratio:  0.4716981    
 Current convergence R-1 =   5.8849631E-03  chain steps =       20743
 slow changes           0  power changes           0
 metropolis rat:  0.4433474      in        20864 , best:    12.21685    
 local acceptance ratio:  0.3571429    
 Current convergence R-1 =   6.0408451E-03  chain steps =       20940
 slow changes           0  power changes           0
 metropolis rat:  0.4438505      in        20953 , best:    12.21685    
 local acceptance ratio:  0.5617977    
 metropolis rat:  0.4435063      in        21082 , best:    12.21685    
 local acceptance ratio:  0.3875969    
 Current convergence R-1 =   5.5003115E-03  chain steps =       21142
 slow changes           0  power changes           0
 metropolis rat:  0.4437940      in        21181 , best:    12.21685    
 local acceptance ratio:  0.5050505    
 metropolis rat:  0.4441624      in        21276 , best:    12.21685    
 local acceptance ratio:  0.5263158    
 Current convergence R-1 =   5.9215450E-03  chain steps =       21335
 slow changes           0  power changes           0
 metropolis rat:  0.4442158      in        21386 , best:    12.21685    
 local acceptance ratio:  0.4545455    
 metropolis rat:  0.4444755      in        21486 , best:    12.21685    
 local acceptance ratio:  0.5000000    
 Current convergence R-1 =   6.1806245E-03  chain steps =       21528
 slow changes           0  power changes           0
 metropolis rat:  0.4445679      in        21594 , best:    12.21685    
 local acceptance ratio:  0.4629630    
 metropolis rat:  0.4443524      in        21717 , best:    12.21685    
 local acceptance ratio:  0.4065041    
 Current convergence R-1 =   6.8928115E-03  chain steps =       21721
 slow changes           0  power changes           0
 metropolis rat:  0.4443630      in        21829 , best:    12.21685    
 local acceptance ratio:  0.4464286    
 Current convergence R-1 =   6.5481686E-03  chain steps =       21915
 slow changes           0  power changes           0
 metropolis rat:  0.4444951      in        21935 , best:    12.21685    
 local acceptance ratio:  0.4716981    
 metropolis rat:  0.4442027      in        22062 , best:    12.21685    
 local acceptance ratio:  0.3937008    
 Current convergence R-1 =   6.7168041E-03  chain steps =       22122
 slow changes           0  power changes           0
 metropolis rat:  0.4443943      in        22165 , best:    12.21685    
 local acceptance ratio:  0.4854369    
 metropolis rat:  0.4444644      in        22274 , best:    12.21685    
 local acceptance ratio:  0.4587156    
 Current convergence R-1 =   6.3800835E-03  chain steps =       22319
 slow changes           0  power changes           0
 metropolis rat:  0.4447126      in        22374 , best:    12.21685    
 local acceptance ratio:  0.5000000    
 metropolis rat:  0.4444642      in        22499 , best:    12.21685    
 local acceptance ratio:  0.4000000    
 Current convergence R-1 =   5.6906124E-03  chain steps =       22518
 slow changes           0  power changes           0
 metropolis rat:  0.4441793      in        22626 , best:    12.21685    
 local acceptance ratio:  0.3937008    
 Current convergence R-1 =   5.8046640E-03  chain steps =       22722
 slow changes           0  power changes           0
 metropolis rat:  0.4442099      in        22737 , best:    12.21685    
 local acceptance ratio:  0.4504505    
 metropolis rat:  0.4439293      in        22864 , best:    12.21685    
 local acceptance ratio:  0.3937008    
 Current convergence R-1 =   5.4770117E-03  chain steps =       22920
 slow changes           0  power changes           0
 metropolis rat:  0.4435168      in        22998 , best:    12.21685    
 local acceptance ratio:  0.3731343    
 metropolis rat:  0.4436461      in        23104 , best:    12.21685    
 local acceptance ratio:  0.4716981    
 Current convergence R-1 =   7.0986692E-03  chain steps =       23117
 slow changes           0  power changes           0
 metropolis rat:  0.4438890      in        23204 , best:    12.21685    
 local acceptance ratio:  0.5000000    
 Current convergence R-1 =   7.0061986E-03  chain steps =       23316
 slow changes           0  power changes           0
 metropolis rat:  0.4435208      in        23336 , best:    12.21685    
 local acceptance ratio:  0.3787879    
 metropolis rat:  0.4437239      in        23438 , best:    12.21685    
 local acceptance ratio:  0.4901961    
 Current convergence R-1 =   6.7727398E-03  chain steps =       23512
 slow changes           0  power changes           0
 metropolis rat:  0.4436802      in        23553 , best:    12.21685    
 local acceptance ratio:  0.4347826    
 metropolis rat:  0.4437682      in        23661 , best:    12.21685    
 local acceptance ratio:  0.4629630    
 Current convergence R-1 =   7.4923197E-03  chain steps =       23703
 slow changes           0  power changes           0
 metropolis rat:  0.4438181      in        23771 , best:    12.21685    
 local acceptance ratio:  0.4545455    
 metropolis rat:  0.4436446      in        23893 , best:    12.21685    
 local acceptance ratio:  0.4098361    
 Current convergence R-1 =   7.6894173E-03  chain steps =       23900
 slow changes           0  power changes           0
 metropolis rat:  0.4434728      in        24015 , best:    12.21685    
 local acceptance ratio:  0.4098361    
 Current convergence R-1 =   6.5189581E-03  chain steps =       24100
 slow changes           0  power changes           0
 metropolis rat:  0.4432845      in        24138 , best:    12.21685    
 local acceptance ratio:  0.4065041    
 metropolis rat:  0.4432259      in        24254 , best:    12.21685    
 local acceptance ratio:  0.4310345    
 Current convergence R-1 =   7.4900202E-03  chain steps =       24304
 slow changes           0  power changes           0
 metropolis rat:  0.4431497      in        24371 , best:    12.21685    
 local acceptance ratio:  0.4273504    
 metropolis rat:  0.4428029      in        24503 , best:    12.21685    
 local acceptance ratio:  0.3787879    
 Current convergence R-1 =   6.5322258E-03  chain steps =       24507
 slow changes           0  power changes           0
 metropolis rat:  0.4425857      in        24628 , best:    12.21685    
 local acceptance ratio:  0.4000000    
 Current convergence R-1 =   5.9810565E-03  chain steps =       24704
 slow changes           0  power changes           0
 metropolis rat:  0.4424958      in        24746 , best:    12.21685    
 local acceptance ratio:  0.4237288    
 metropolis rat:  0.4427094      in        24847 , best:    12.21685    
 local acceptance ratio:  0.4950495    
 Current convergence R-1 =   6.3027553E-03  chain steps =       24901
 slow changes           0  power changes           0
 metropolis rat:  0.4426728      in        24962 , best:    12.21685    
 local acceptance ratio:  0.4347826    
 metropolis rat:  0.4426720      in        25075 , best:    12.21685    
 local acceptance ratio:  0.4424779    
 Current convergence R-1 =   6.4629260E-03  chain steps =       25098
 slow changes           0  power changes           0
 metropolis rat:  0.4424603      in        25200 , best:    12.21685    
 local acceptance ratio:  0.4000000    
 Current convergence R-1 =   5.7644588E-03  chain steps =       25289
 slow changes           0  power changes           0
 metropolis rat:  0.4424779      in        25312 , best:    12.21685    
 local acceptance ratio:  0.4464286    
 metropolis rat:  0.4425475      in        25421 , best:    12.21685    
 local acceptance ratio:  0.4587156    
 Current convergence R-1 =   5.3307614E-03  chain steps =       25488
 slow changes           0  power changes           0
 metropolis rat:  0.4424432      in        25540 , best:    12.21685    
 local acceptance ratio:  0.4201681    
 metropolis rat:  0.4423399      in        25659 , best:    12.21685    
 local acceptance ratio:  0.4201681    
 Current convergence R-1 =   5.4641534E-03  chain steps =       25683
 slow changes           0  power changes           0
 metropolis rat:  0.4422891      in        25775 , best:    12.21685    
 local acceptance ratio:  0.4310345    
 Current convergence R-1 =   5.5027264E-03  chain steps =       25880
 slow changes           0  power changes           0
 metropolis rat:  0.4422557      in        25890 , best:    12.21685    
 local acceptance ratio:  0.4347826    
 metropolis rat:  0.4424268      in        25993 , best:    12.21685    
 local acceptance ratio:  0.4854369    
 Current convergence R-1 =   5.6117135E-03  chain steps =       26080
 slow changes           0  power changes           0
 metropolis rat:  0.4424948      in        26102 , best:    12.21685    
 local acceptance ratio:  0.4587156    
 metropolis rat:  0.4428664      in        26193 , best:    12.21685    
 local acceptance ratio:  0.5494506    
 Current convergence R-1 =   5.9139063E-03  chain steps =       26264
 slow changes           0  power changes           0
 metropolis rat:  0.4428984      in        26304 , best:    12.21685    
 local acceptance ratio:  0.4504505    
 metropolis rat:  0.4426285      in        26433 , best:    12.21685    
 local acceptance ratio:  0.3875969    
 Current convergence R-1 =   5.7433718E-03  chain steps =       26467
 slow changes           0  power changes           0
 metropolis rat:  0.4425612      in        26550 , best:    12.21685    
 local acceptance ratio:  0.4273504    
 metropolis rat:  0.4426605      in        26657 , best:    12.21685    
 local acceptance ratio:  0.4672897    
 Current convergence R-1 =   5.7808040E-03  chain steps =       26663
 slow changes           0  power changes           0
 metropolis rat:  0.4429907      in        26750 , best:    12.21685    
 local acceptance ratio:  0.5376344    
 metropolis rat:  0.4434177      in        26837 , best:    12.21685    
 local acceptance ratio:  0.5747126    
 Current convergence R-1 =   5.8536083E-03  chain steps =       26848
 slow changes           0  power changes           0
 metropolis rat:  0.4433315      in        26955 , best:    12.21685    
 local acceptance ratio:  0.4237288    
 Current convergence R-1 =   5.0916206E-03  chain steps =       27040
 slow changes           0  power changes           0
 metropolis rat:  0.4433115      in        27069 , best:    12.21685    
 local acceptance ratio:  0.4385965    
 metropolis rat:  0.4433896      in        27177 , best:    12.21685    
 local acceptance ratio:  0.4629630    
 Current convergence R-1 =   5.1140841E-03  chain steps =       27230
 slow changes           0  power changes           0
 metropolis rat:  0.4431910      in        27302 , best:    12.21685    
 local acceptance ratio:  0.4000000    
 metropolis rat:  0.4433497      in        27405 , best:    12.21685    
 local acceptance ratio:  0.4854369    
 Current convergence R-1 =   4.5782845E-03  chain steps =       27424
 slow changes           0  power changes           0
 metropolis rat:  0.4432012      in        27527 , best:    12.21685    
 local acceptance ratio:  0.4098361    
 Current convergence R-1 =   5.1140655E-03  chain steps =       27635
 slow changes           0  power changes           0
 metropolis rat:  0.4431662      in        27642 , best:    12.21685    
 local acceptance ratio:  0.4347826    
 metropolis rat:  0.4432432      in        27750 , best:    12.21685    
 local acceptance ratio:  0.4629630    
 Current convergence R-1 =   4.9910937E-03  chain steps =       27831
 slow changes           0  power changes           0
 metropolis rat:  0.4430493      in        27875 , best:    12.21685    
 local acceptance ratio:  0.4000000    
 metropolis rat:  0.4429995      in        27991 , best:    12.21685    
 local acceptance ratio:  0.4310345    
 Current convergence R-1 =   5.2785445E-03  chain steps =       28027
 slow changes           0  power changes           0
 metropolis rat:  0.4430447      in        28101 , best:    12.21685    
 local acceptance ratio:  0.4545455    
 metropolis rat:  0.4429326      in        28221 , best:    12.21685    
 local acceptance ratio:  0.4166667    
 Current convergence R-1 =   5.0644148E-03  chain steps =       28231
 slow changes           0  power changes           0
 metropolis rat:  0.4430871      in        28324 , best:    12.21685    
 local acceptance ratio:  0.4854369    
 Current convergence R-1 =   5.0002891E-03  chain steps =       28423
 slow changes           0  power changes           0
 metropolis rat:  0.4431470      in        28433 , best:    12.21685    
 local acceptance ratio:  0.4587156    
 metropolis rat:  0.4428341      in        28566 , best:    12.21685    
 local acceptance ratio:  0.3759398    
 Current convergence R-1 =   5.2802572E-03  chain steps =       28621
 slow changes           0  power changes           0
 metropolis rat:  0.4427556      in        28684 , best:    12.21685    
 local acceptance ratio:  0.4237288    
 Current convergence R-1 =   5.0622001E-03  chain steps =       28821
 slow changes           0  power changes           0
 metropolis rat:  0.4422016      in        28833 , best:    12.21685    
 local acceptance ratio:  0.3355705    
 metropolis rat:  0.4424320      in        28931 , best:    12.21685    
 local acceptance ratio:  0.5102041    
 Current convergence R-1 =   5.4611377E-03  chain steps =       29018
 slow changes           0  power changes           0
 metropolis rat:  0.4421277      in        29064 , best:    12.21685    
 local acceptance ratio:  0.3759398    
 metropolis rat:  0.4420836      in        29180 , best:    12.21685    
 local acceptance ratio:  0.4310345    
 Current convergence R-1 =   5.3831991E-03  chain steps =       29220
 slow changes           0  power changes           0
 metropolis rat:  0.4422663      in        29281 , best:    12.21685    
 local acceptance ratio:  0.4950495    
 metropolis rat:  0.4421167      in        29404 , best:    12.21685    
 local acceptance ratio:  0.4065041    
 Current convergence R-1 =   5.6691822E-03  chain steps =       29420
 slow changes           0  power changes           0
 metropolis rat:  0.4421331      in        29516 , best:    12.21685    
 local acceptance ratio:  0.4464286    
 Current convergence R-1 =   6.0417601E-03  chain steps =       29620
 slow changes           0  power changes           0
 metropolis rat:  0.4421195      in        29630 , best:    12.21685    
 local acceptance ratio:  0.4385965    
 metropolis rat:  0.4421060      in        29744 , best:    12.21685    
 local acceptance ratio:  0.4385965    
 Current convergence R-1 =   6.0357992E-03  chain steps =       29822
 slow changes           0  power changes           0
 metropolis rat:  0.4420185      in        29863 , best:    12.21685    
 local acceptance ratio:  0.4201681    
 metropolis rat:  0.4417403      in        29995 , best:    12.21685    
 local acceptance ratio:  0.3787879    
 Current convergence R-1 =   5.9230947E-03  chain steps =       30014
 slow changes           0  power changes           0
 metropolis rat:  0.4419926      in        30091 , best:    12.21685    
 local acceptance ratio:  0.5208333    
 Current convergence R-1 =   5.1550972E-03  chain steps =       30218
 slow changes           0  power changes           0
 metropolis rat:  0.4416289      in        30229 , best:    12.21685    
 local acceptance ratio:  0.3623188    
 metropolis rat:  0.4416321      in        30342 , best:    12.21685    
 local acceptance ratio:  0.4424779    
 Current convergence R-1 =   4.7241389E-03  chain steps =       30412
 slow changes           0  power changes           0
 metropolis rat:  0.4415047      in        30464 , best:    12.21685    
 local acceptance ratio:  0.4098361    
 metropolis rat:  0.4416672      in        30566 , best:    12.21685    
 local acceptance ratio:  0.4901961    
 Current convergence R-1 =   4.0075928E-03  chain steps =       30600
 slow changes           0  power changes           0
 metropolis rat:  0.4415982      in        30684 , best:    12.21685    
 local acceptance ratio:  0.4237288    
 metropolis rat:  0.4415154      in        30803 , best:    12.21685    
 local acceptance ratio:  0.4201681    
 Current convergence R-1 =   4.4020433E-03  chain steps =       30805
 slow changes           0  power changes           0
 metropolis rat:  0.4418477      in        30893 , best:    12.21685    
 local acceptance ratio:  0.5555556    
 Current convergence R-1 =   4.3400419E-03  chain steps =       31001
 slow changes           0  power changes           0
 metropolis rat:  0.4416078      in        31023 , best:    12.21685    
 local acceptance ratio:  0.3846154    
 metropolis rat:  0.4415543      in        31140 , best:    12.21685    
 local acceptance ratio:  0.4273504    
 Current convergence R-1 =   4.6717729E-03  chain steps =       31193
 slow changes           0  power changes           0
 metropolis rat:  0.4418121      in        31235 , best:    12.21685    
 local acceptance ratio:  0.5263158    
 metropolis rat:  0.4418286      in        31347 , best:    12.21685    
 local acceptance ratio:  0.4464286    
 Current convergence R-1 =   4.6503767E-03  chain steps =       31390
 slow changes           0  power changes           0
 metropolis rat:  0.4416484      in        31473 , best:    12.21685    
 local acceptance ratio:  0.3968254    
 metropolis rat:  0.4419452      in        31565 , best:    12.21685    
 local acceptance ratio:  0.5434783    
 Current convergence R-1 =   4.6381424E-03  chain steps =       31586
 slow changes           0  power changes           0
 metropolis rat:  0.4421425      in        31664 , best:    12.21685    
 local acceptance ratio:  0.5050505    
 Current convergence R-1 =   4.3644626E-03  chain steps =       31779
 slow changes           0  power changes           0
 metropolis rat:  0.4420880      in        31781 , best:    12.21685    
 local acceptance ratio:  0.4273504    
 metropolis rat:  0.4418401      in        31912 , best:    12.21685    
 local acceptance ratio:  0.3816794    
 Current convergence R-1 =   4.2894133E-03  chain steps =       31982
 slow changes           0  power changes           0
 metropolis rat:  0.4416079      in        32042 , best:    12.21685    
 local acceptance ratio:  0.3846154    
 metropolis rat:  0.4414737      in        32165 , best:    12.21685    
 local acceptance ratio:  0.4065041    
 Current convergence R-1 =   4.4920226E-03  chain steps =       32189
 slow changes           0  power changes           0
 metropolis rat:  0.4414772      in        32278 , best:    12.21685    
 local acceptance ratio:  0.4424779    
 Current convergence R-1 =   4.6194000E-03  chain steps =       32388
 slow changes           0  power changes           0
 metropolis rat:  0.4413444      in        32401 , best:    12.21685    
 local acceptance ratio:  0.4065041    
 metropolis rat:  0.4416879      in        32489 , best:    12.21685    
 local acceptance ratio:  0.5681818    
 Current convergence R-1 =   4.2143911E-03  chain steps =       32575
 slow changes           0  power changes           0
 metropolis rat:  0.4418398      in        32591 , best:    12.21685    
 local acceptance ratio:  0.4901961    
 metropolis rat:  0.4419231      in        32698 , best:    12.21685    
 local acceptance ratio:  0.4672897    
 Current convergence R-1 =   4.0411772E-03  chain steps =       32771
 slow changes           0  power changes           0
 metropolis rat:  0.4420058      in        32805 , best:    12.21685    
 local acceptance ratio:  0.4672897    
 metropolis rat:  0.4417524      in        32937 , best:    12.21685    
 local acceptance ratio:  0.3787879    
 Current convergence R-1 =   4.0033734E-03  chain steps =       32961
 slow changes           0  power changes           0
 metropolis rat:  0.4419823      in        33033 , best:    12.21685    
 local acceptance ratio:  0.5208333    
 metropolis rat:  0.4419839      in        33146 , best:    12.21685    
 local acceptance ratio:  0.4424779    
 Current convergence R-1 =   4.0459805E-03  chain steps =       33156
 slow changes           0  power changes           0
 metropolis rat:  0.4416802      in        33282 , best:    12.21685    
 local acceptance ratio:  0.3676471    
 Current convergence R-1 =   3.8374958E-03  chain steps =       33350
 slow changes           0  power changes           0
 metropolis rat:  0.4418814      in        33380 , best:    12.21685    
 local acceptance ratio:  0.5102041    
 metropolis rat:  0.4414089      in        33529 , best:    12.21685    
 local acceptance ratio:  0.3355705    
 Current convergence R-1 =   4.2327098E-03  chain steps =       33563
 slow changes           0  power changes           0
 metropolis rat:  0.4412420      in        33655 , best:    12.21685    
 local acceptance ratio:  0.3968254    
 Current convergence R-1 =   4.0990259E-03  chain steps =       33768
 slow changes           0  power changes           0
 metropolis rat:  0.4411547      in        33775 , best:    12.21685    
 local acceptance ratio:  0.4166667    
 metropolis rat:  0.4409509      in        33904 , best:    12.21685    
 local acceptance ratio:  0.3875969    
 Current convergence R-1 =   3.5889985E-03  chain steps =       33970
 slow changes           0  power changes           0
 metropolis rat:  0.4409690      in        34016 , best:    12.21685    
 local acceptance ratio:  0.4464286    
 metropolis rat:  0.4408965      in        34135 , best:    12.21685    
 local acceptance ratio:  0.4201681    
 Current convergence R-1 =   3.9847749E-03  chain steps =       34177
 slow changes           0  power changes           0
 metropolis rat:  0.4409145      in        34247 , best:    12.21685    
 local acceptance ratio:  0.4464286    
 metropolis rat:  0.4410224      in        34352 , best:    12.21685    
 local acceptance ratio:  0.4761905    
 Current convergence R-1 =   3.6033434E-03  chain steps =       34374
 slow changes           0  power changes           0
 metropolis rat:  0.4410143      in        34466 , best:    12.21685    
 local acceptance ratio:  0.4385965    
 Current convergence R-1 =   3.7139549E-03  chain steps =       34560
 slow changes           0  power changes           0
 metropolis rat:  0.4411084      in        34572 , best:    12.21685    
 local acceptance ratio:  0.4716981    
 metropolis rat:  0.4413546      in        34666 , best:    12.21685    
 local acceptance ratio:  0.5319149    
 Current convergence R-1 =   3.7586074E-03  chain steps =       34751
 slow changes           0  power changes           0
 metropolis rat:  0.4413964      in        34776 , best:    12.21685    
 local acceptance ratio:  0.4545455    
 metropolis rat:  0.4410964      in        34913 , best:    12.21685    
 local acceptance ratio:  0.3649635    
 Current convergence R-1 =   4.1699363E-03  chain steps =       34950
 slow changes           0  power changes           0
 metropolis rat:  0.4411387      in        35023 , best:    12.21685    
 local acceptance ratio:  0.4545455    
 metropolis rat:  0.4410300      in        35145 , best:    12.21685    
 local acceptance ratio:  0.4098361    
 Current convergence R-1 =   4.0675350E-03  chain steps =       35145
 slow changes           0  power changes           0
 metropolis rat:  0.4411222      in        35251 , best:    12.21685    
 local acceptance ratio:  0.4716981    
 Current convergence R-1 =   3.7574868E-03  chain steps =       35336
 slow changes           0  power changes           0
 metropolis rat:  0.4412264      in        35356 , best:    12.21685    
 local acceptance ratio:  0.4761905    
 metropolis rat:  0.4412801      in        35465 , best:    12.21685    
 local acceptance ratio:  0.4587156    
 Current convergence R-1 =   3.9195060E-03  chain steps =       35526
 slow changes           0  power changes           0
 metropolis rat:  0.4412343      in        35582 , best:    12.21685    
 local acceptance ratio:  0.4273504    
 metropolis rat:  0.4413743      in        35684 , best:    12.21685    
 local acceptance ratio:  0.4901961    
 Current convergence R-1 =   3.6527768E-03  chain steps =       35714
 slow changes           0  power changes           0
 metropolis rat:  0.4413655      in        35798 , best:    12.21685    
 local acceptance ratio:  0.4385965    
 Current convergence R-1 =   3.5576068E-03  chain steps =       35913
 slow changes           0  power changes           0
 metropolis rat:  0.4411847      in        35926 , best:    12.21685    
 local acceptance ratio:  0.3906250    
 metropolis rat:  0.4412499      in        36034 , best:    12.21685    
 local acceptance ratio:  0.4629630    
 Current convergence R-1 =   4.1449578E-03  chain steps =       36110
 slow changes           0  power changes           0
 metropolis rat:  0.4413148      in        36142 , best:    12.21685    
 local acceptance ratio:  0.4629630    
 metropolis rat:  0.4411603      in        36268 , best:    12.21685    
 local acceptance ratio:  0.3968254    
 Current convergence R-1 =   3.7687053E-03  chain steps =       36310
 slow changes           0  power changes           0
 metropolis rat:  0.4412614      in        36373 , best:    12.21685    
 local acceptance ratio:  0.4761905    
 metropolis rat:  0.4412289      in        36489 , best:    12.21685    
 local acceptance ratio:  0.4310345    
 Current convergence R-1 =   3.1713222E-03  chain steps =       36505
 slow changes           0  power changes           0
 metropolis rat:  0.4411002      in        36613 , best:    12.21685    
 local acceptance ratio:  0.4032258    
 Current convergence R-1 =   3.3175964E-03  chain steps =       36703
 slow changes           0  power changes           0
 metropolis rat:  0.4411765      in        36720 , best:    12.21685    
 local acceptance ratio:  0.4672897    
 metropolis rat:  0.4411565      in        36835 , best:    12.21685    
 local acceptance ratio:  0.4347826    
 Current convergence R-1 =   3.8489734E-03  chain steps =       36901
 slow changes           0  power changes           0
 metropolis rat:  0.4411009      in        36953 , best:    12.21685    
 local acceptance ratio:  0.4237288    
 metropolis rat:  0.4411884      in        37059 , best:    12.21685    
 local acceptance ratio:  0.4716981    
 Current convergence R-1 =   4.1092588E-03  chain steps =       37100
 slow changes           0  power changes           0
 metropolis rat:  0.4409313      in        37194 , best:    12.21685    
 local acceptance ratio:  0.3703704    
 Current convergence R-1 =   4.2958106E-03  chain steps =       37301
 slow changes           0  power changes           0
 metropolis rat:  0.4409360      in        37307 , best:    12.21685    
 local acceptance ratio:  0.4424779    
 metropolis rat:  0.4412118      in        37397 , best:    12.21685    
 local acceptance ratio:  0.5555556    
 metropolis rat:  0.4414393      in        37491 , best:    12.21685    
 local acceptance ratio:  0.5319149    
 Current convergence R-1 =   4.3886737E-03  chain steps =       37491
 slow changes           0  power changes           0
 metropolis rat:  0.4412664      in        37619 , best:    12.21685    
 local acceptance ratio:  0.3906250    
 Current convergence R-1 =   4.2443387E-03  chain steps =       37691
 slow changes           0  power changes           0
 metropolis rat:  0.4412349      in        37735 , best:    12.21685    
 local acceptance ratio:  0.4310345    
 metropolis rat:  0.4412853      in        37844 , best:    12.21685    
 local acceptance ratio:  0.4587156    
 Current convergence R-1 =   4.0490357E-03  chain steps =       37895
 slow changes           0  power changes           0
 metropolis rat:  0.4412656      in        37959 , best:    12.21685    
 local acceptance ratio:  0.4347826    
 metropolis rat:  0.4412228      in        38076 , best:    12.21685    
 local acceptance ratio:  0.4273504    
 Current convergence R-1 =   4.4216453E-03  chain steps =       38084
 slow changes           0  power changes           0
 metropolis rat:  0.4412496      in        38187 , best:    12.21685    
 local acceptance ratio:  0.4504505    
 Current convergence R-1 =   4.4537182E-03  chain steps =       38281
 slow changes           0  power changes           0
 metropolis rat:  0.4410115      in        38321 , best:    12.21685    
 local acceptance ratio:  0.3731343    
 metropolis rat:  0.4409010      in        38444 , best:    12.21685    
 local acceptance ratio:  0.4065041    
 Current convergence R-1 =   4.3753209E-03  chain steps =       38489
 slow changes           0  power changes           0
 metropolis rat:  0.4405172      in        38591 , best:    12.21685    
 local acceptance ratio:  0.3401361    
 Current convergence R-1 =   4.4418983E-03  chain steps =       38686
 slow changes           0  power changes           0
 metropolis rat:  0.4403750      in        38717 , best:    12.21685    
 local acceptance ratio:  0.3968254    
 metropolis rat:  0.4404038      in        38828 , best:    12.21685    
 local acceptance ratio:  0.4504505    
 Current convergence R-1 =   4.7095600E-03  chain steps =       38875
 slow changes           0  power changes           0
 metropolis rat:  0.4404325      in        38939 , best:    12.21685    
 local acceptance ratio:  0.4504505    
 metropolis rat:  0.4403482      in        39060 , best:    12.21685    
 local acceptance ratio:  0.4132231    
 Current convergence R-1 =   5.1568374E-03  chain steps =       39073
 slow changes           0  power changes           0
 metropolis rat:  0.4402195      in        39185 , best:    12.21685    
 local acceptance ratio:  0.4000000    
 Current convergence R-1 =   5.0065937E-03  chain steps =       39274
 slow changes           0  power changes           0
 metropolis rat:  0.4401252      in        39307 , best:    12.21685    
 local acceptance ratio:  0.4098361    
 metropolis rat:  0.4400649      in        39426 , best:    12.21685    
 local acceptance ratio:  0.4201681    
 Current convergence R-1 =   4.8814961E-03  chain steps =       39470
 slow changes           0  power changes           0
 metropolis rat:  0.4399272      in        39552 , best:    12.21685    
 local acceptance ratio:  0.3968254    
 metropolis rat:  0.4400121      in        39658 , best:    12.21685    
 local acceptance ratio:  0.4716981    
 Current convergence R-1 =   4.6343063E-03  chain steps =       39663
 slow changes           0  power changes           0
 metropolis rat:  0.4398974      in        39782 , best:    12.21685    
 local acceptance ratio:  0.4032258    
 Current convergence R-1 =   4.8379800E-03  chain steps =       39859
 slow changes           0  power changes           0
 metropolis rat:  0.4398937      in        39896 , best:    12.21685    
 local acceptance ratio:  0.4385965    
 metropolis rat:  0.4399890      in        40001 , best:    12.21685    
 local acceptance ratio:  0.4761905    
 Current convergence R-1 =   4.7053471E-03  chain steps =       40052
 slow changes           0  power changes           0
 metropolis rat:  0.4398973      in        40123 , best:    12.21685    
 local acceptance ratio:  0.4098361    
 metropolis rat:  0.4399920      in        40228 , best:    12.21685    
 local acceptance ratio:  0.4761905    
 Current convergence R-1 =   5.1252940E-03  chain steps =       40244
 slow changes           0  power changes           0
 metropolis rat:  0.4401736      in        40325 , best:    12.21685    
 local acceptance ratio:  0.5154639    
 Current convergence R-1 =   5.0024991E-03  chain steps =       40431
 slow changes           0  power changes           0
 metropolis rat:  0.4401909      in        40437 , best:    12.21685    
 local acceptance ratio:  0.4464286    
 metropolis rat:  0.4403493      in        40536 , best:    12.21685    
 local acceptance ratio:  0.5050505    
 Current convergence R-1 =   4.6975841E-03  chain steps =       40620
 slow changes           0  power changes           0
 metropolis rat:  0.4403769      in        40647 , best:    12.21685    
 local acceptance ratio:  0.4504505    
 metropolis rat:  0.4405340      in        40746 , best:    12.21685    
 local acceptance ratio:  0.5050505    
 Current convergence R-1 =   4.3754680E-03  chain steps =       40813
 slow changes           0  power changes           0
 metropolis rat:  0.4405502      in        40858 , best:    12.21685    
 local acceptance ratio:  0.4464286    
 metropolis rat:  0.4402117      in        41003 , best:    12.21685    
 local acceptance ratio:  0.3448276    
 Current convergence R-1 =   4.9168710E-03  chain steps =       41014
 slow changes           0  power changes           0
 metropolis rat:  0.4404322      in        41096 , best:    12.21685    
 local acceptance ratio:  0.5376344    
 Current convergence R-1 =   5.0198426E-03  chain steps =       41208
 slow changes           0  power changes           0
 metropolis rat:  0.4402775      in        41224 , best:    12.21685    
 local acceptance ratio:  0.3906250    
 metropolis rat:  0.4404007      in        41326 , best:    12.21685    
 local acceptance ratio:  0.4901961    
 Current convergence R-1 =   5.0857728E-03  chain steps =       41400
 slow changes           0  power changes           0
 metropolis rat:  0.4405978      in        41421 , best:    12.21685    
 local acceptance ratio:  0.5263158    
 metropolis rat:  0.4405605      in        41538 , best:    12.21685    
 local acceptance ratio:  0.4273504    
 Current convergence R-1 =   5.0385497E-03  chain steps =       41593
 slow changes           0  power changes           0
 metropolis rat:  0.4406080      in        41647 , best:    12.21685    
 local acceptance ratio:  0.4587156    
 metropolis rat:  0.4408347      in        41739 , best:    12.21685    
 local acceptance ratio:  0.5434783    
 Current convergence R-1 =   5.1839994E-03  chain steps =       41799
 slow changes           0  power changes           0
 metropolis rat:  0.4408286      in        41853 , best:    12.21685    
 local acceptance ratio:  0.4385965    
 metropolis rat:  0.4406441      in        41984 , best:    12.21685    
 local acceptance ratio:  0.3816794    
 Current convergence R-1 =   5.5508036E-03  chain steps =       42000
 slow changes           0  power changes           0
 metropolis rat:  0.4407432      in        42088 , best:    12.21685    
 local acceptance ratio:  0.4807692    
 metropolis rat:  0.4409150      in        42185 , best:    12.21685    
 local acceptance ratio:  0.5154639    
 Current convergence R-1 =   5.2570272E-03  chain steps =       42187
 slow changes           0  power changes           0
 metropolis rat:  0.4409609      in        42294 , best:    12.21685    
 local acceptance ratio:  0.4587156    
 Current convergence R-1 =   5.0280411E-03  chain steps =       42382
 slow changes           0  power changes           0
 metropolis rat:  0.4409441      in        42409 , best:    12.21685    
 local acceptance ratio:  0.4347826    
 metropolis rat:  0.4411453      in        42503 , best:    12.21685    
 local acceptance ratio:  0.5319149    
 Current convergence R-1 =   4.9292385E-03  chain steps =       42568
 slow changes           0  power changes           0
 metropolis rat:  0.4414078      in        42591 , best:    12.21685    
 local acceptance ratio:  0.5681818    
 metropolis rat:  0.4413900      in        42706 , best:    12.21685    
 local acceptance ratio:  0.4347826    
 Current convergence R-1 =   4.6460000E-03  chain steps =       42763
 slow changes           0  power changes           0
 metropolis rat:  0.4414547      in        42813 , best:    12.21685    
 local acceptance ratio:  0.4672897    
 metropolis rat:  0.4414368      in        42928 , best:    12.21685    
 local acceptance ratio:  0.4347826    
 Current convergence R-1 =   4.7492036E-03  chain steps =       42955
 slow changes           0  power changes           0
 metropolis rat:  0.4416550      in        43020 , best:    12.21685    
 local acceptance ratio:  0.5434783    
 metropolis rat:  0.4416162      in        43137 , best:    12.21685    
 local acceptance ratio:  0.4273504    
 Current convergence R-1 =   4.7261729E-03  chain steps =       43146
 slow changes           0  power changes           0
 metropolis rat:  0.4416491      in        43247 , best:    12.21685    
 local acceptance ratio:  0.4545455    
 Current convergence R-1 =   4.5393668E-03  chain steps =       43346
 slow changes           0  power changes           0
 metropolis rat:  0.4417634      in        43349 , best:    12.21685    
 local acceptance ratio:  0.4901961    
 metropolis rat:  0.4419584      in        43443 , best:    12.21685    
 local acceptance ratio:  0.5319149    
 Current convergence R-1 =   4.4200891E-03  chain steps =       43532
 slow changes           0  power changes           0
 metropolis rat:  0.4418482      in        43567 , best:    12.21685    
 local acceptance ratio:  0.4032258    
 metropolis rat:  0.4418498      in        43680 , best:    12.21685    
 local acceptance ratio:  0.4424779    
 Current convergence R-1 =   4.7037988E-03  chain steps =       43733
 slow changes           0  power changes           0
 metropolis rat:  0.4418413      in        43794 , best:    12.21685    
 local acceptance ratio:  0.4385965    
 metropolis rat:  0.4418329      in        43908 , best:    12.21685    
 local acceptance ratio:  0.4385965    
 Current convergence R-1 =   5.0147353E-03  chain steps =       43935
 slow changes           0  power changes           0
 metropolis rat:  0.4419751      in        44007 , best:    12.21685    
 local acceptance ratio:  0.5050505    
 Current convergence R-1 =   4.8643895E-03  chain steps =       44137
 slow changes           0  power changes           0
 metropolis rat:  0.4417662      in        44141 , best:    12.21685    
 local acceptance ratio:  0.3731343    
 metropolis rat:  0.4419477      in        44236 , best:    12.21685    
 local acceptance ratio:  0.5263158    
 Current convergence R-1 =   5.2828114E-03  chain steps =       44322
 slow changes           0  power changes           0
 metropolis rat:  0.4420886      in        44335 , best:    12.21685    
 local acceptance ratio:  0.5050505    
 metropolis rat:  0.4420797      in        44449 , best:    12.21685    
 local acceptance ratio:  0.4385965    
 Current convergence R-1 =   5.1612849E-03  chain steps =       44521
 slow changes           0  power changes           0
 metropolis rat:  0.4421402      in        44556 , best:    12.21685    
 local acceptance ratio:  0.4672897    
 metropolis rat:  0.4420421      in        44679 , best:    12.21685    
 local acceptance ratio:  0.4065041    
 Current convergence R-1 =   4.9005183E-03  chain steps =       44719
 slow changes           0  power changes           0
 metropolis rat:  0.4422604      in        44770 , best:    12.21685    
 local acceptance ratio:  0.5494506    
 metropolis rat:  0.4423793      in        44871 , best:    12.21685    
 local acceptance ratio:  0.4950495    
 Current convergence R-1 =   4.7698277E-03  chain steps =       44912
 slow changes           0  power changes           0
 metropolis rat:  0.4422714      in        44995 , best:    12.21685    
 local acceptance ratio:  0.4032258    
 Current convergence R-1 =   4.3907734E-03  chain steps =       45106
 slow changes           0  power changes           0
 metropolis rat:  0.4422033      in        45115 , best:    12.21685    
 local acceptance ratio:  0.4166667    
 metropolis rat:  0.4422039      in        45228 , best:    12.21685    
 local acceptance ratio:  0.4424779    
 Current convergence R-1 =   4.4266847E-03  chain steps =       45301
 slow changes           0  power changes           0
 metropolis rat:  0.4422046      in        45341 , best:    12.21685    
 local acceptance ratio:  0.4424779    
 metropolis rat:  0.4421470      in        45460 , best:    12.21685    
 local acceptance ratio:  0.4201681    
 Current convergence R-1 =   4.4767964E-03  chain steps =       45501
 slow changes           0  power changes           0
 metropolis rat:  0.4420508      in        45583 , best:    12.21685    
 local acceptance ratio:  0.4065041    
 metropolis rat:  0.4419648      in        45705 , best:    12.21685    
 local acceptance ratio:  0.4098361    
 Current convergence R-1 =   4.5785503E-03  chain steps =       45708
 slow changes           0  power changes           0
 metropolis rat:  0.4421397      in        45800 , best:    12.21685    
 local acceptance ratio:  0.5263158    
 metropolis rat:  0.4423140      in        45895 , best:    12.21685    
 local acceptance ratio:  0.5263158    
 Current convergence R-1 =   4.2676190E-03  chain steps =       45898
 slow changes           0  power changes           0
 metropolis rat:  0.4422567      in        46014 , best:    12.21685    
 local acceptance ratio:  0.4201681    
 Current convergence R-1 =   4.1810721E-03  chain steps =       46095
 slow changes           0  power changes           0
 metropolis rat:  0.4423052      in        46122 , best:    12.21685    
 local acceptance ratio:  0.4629630    
 metropolis rat:  0.4421239      in        46254 , best:    12.21685    
 local acceptance ratio:  0.3787879    
 Current convergence R-1 =   4.1102041E-03  chain steps =       46300
 slow changes           0  power changes           0
 metropolis rat:  0.4422488      in        46354 , best:    12.21685    
 local acceptance ratio:  0.5000000    
 metropolis rat:  0.4422303      in        46469 , best:    12.21685    
 local acceptance ratio:  0.4347826    
 Current convergence R-1 =   3.9908937E-03  chain steps =       46491
 slow changes           0  power changes           0
 metropolis rat:  0.4420316      in        46603 , best:    12.21685    
 local acceptance ratio:  0.3731343    
 Current convergence R-1 =   3.6722668E-03  chain steps =       46700
 slow changes           0  power changes           0
 metropolis rat:  0.4419570      in        46724 , best:    12.21685    
 local acceptance ratio:  0.4132231    
 metropolis rat:  0.4421376      in        46818 , best:    12.21685    
 local acceptance ratio:  0.5319149    
 Current convergence R-1 =   3.7077826E-03  chain steps =       46896
 slow changes           0  power changes           0
 metropolis rat:  0.4420631      in        46939 , best:    12.21685    
 local acceptance ratio:  0.4132231    
 metropolis rat:  0.4420923      in        47049 , best:    12.21685    
 local acceptance ratio:  0.4545455    
 Current convergence R-1 =   3.1831975E-03  chain steps =       47093
 slow changes           0  power changes           0
 metropolis rat:  0.4421307      in        47158 , best:    12.21685    
 local acceptance ratio:  0.4587156    
 metropolis rat:  0.4421783      in        47266 , best:    12.21685    
 local acceptance ratio:  0.4629630    
 Current convergence R-1 =   2.9897036E-03  chain steps =       47286
 slow changes           0  power changes           0
 metropolis rat:  0.4419551      in        47403 , best:    12.21685    
 local acceptance ratio:  0.3649635    
 Current convergence R-1 =   3.3631288E-03  chain steps =       47487
 slow changes           0  power changes           0
 metropolis rat:  0.4420680      in        47504 , best:    12.21685    
 local acceptance ratio:  0.4950495    
 metropolis rat:  0.4420783      in        47616 , best:    12.21685    
 local acceptance ratio:  0.4464286    
 Current convergence R-1 =   3.4839732E-03  chain steps =       47677
 slow changes           0  power changes           0
 metropolis rat:  0.4422089      in        47715 , best:    12.21685    
 local acceptance ratio:  0.5050505    
 metropolis rat:  0.4422003      in        47829 , best:    12.21685    
 local acceptance ratio:  0.4385965    
 Current convergence R-1 =   3.1268648E-03  chain steps =       47864
 slow changes           0  power changes           0
 metropolis rat:  0.4422287      in        47939 , best:    12.21685    
 local acceptance ratio:  0.4545455    
 metropolis rat:  0.4423397      in        48040 , best:    12.21685    
 local acceptance ratio:  0.4950495    
 Current convergence R-1 =   3.0696359E-03  chain steps =       48052
 slow changes           0  power changes           0
 metropolis rat:  0.4421013      in        48179 , best:    12.21685    
 local acceptance ratio:  0.3597122    
 Current convergence R-1 =   3.1898466E-03  chain steps =       48258
 slow changes           0  power changes           0
 metropolis rat:  0.4420015      in        48303 , best:    12.21685    
 local acceptance ratio:  0.4032258    
 metropolis rat:  0.4419753      in        48419 , best:    12.21685    
 local acceptance ratio:  0.4310345    
 Current convergence R-1 =   3.1190363E-03  chain steps =       48446
 slow changes           0  power changes           0
 metropolis rat:  0.4420220      in        48527 , best:    12.21685    
 local acceptance ratio:  0.4629630    
 metropolis rat:  0.4421685      in        48624 , best:    12.21685    
 local acceptance ratio:  0.5154639    
 Current convergence R-1 =   3.2665285E-03  chain steps =       48642
 slow changes           0  power changes           0
 metropolis rat:  0.4421238      in        48742 , best:    12.21685    
 local acceptance ratio:  0.4237288    
 Current convergence R-1 =   3.3038596E-03  chain steps =       48839
 slow changes           0  power changes           0
 metropolis rat:  0.4421065      in        48857 , best:    12.21685    
 local acceptance ratio:  0.4347826    
 metropolis rat:  0.4420081      in        48981 , best:    12.21685    
 local acceptance ratio:  0.4032258    
 Current convergence R-1 =   3.7619886E-03  chain steps =       49041
 slow changes           0  power changes           0
 metropolis rat:  0.4420452      in        49090 , best:    12.21685    
 local acceptance ratio:  0.4587156    
 metropolis rat:  0.4421271      in        49194 , best:    12.21685    
 local acceptance ratio:  0.4807692    
 Current convergence R-1 =   4.3097441E-03  chain steps =       49223
 slow changes           0  power changes           0
 metropolis rat:  0.4421189      in        49308 , best:    12.21685    
 local acceptance ratio:  0.4385965    
 Current convergence R-1 =   4.2339610E-03  chain steps =       49419
 slow changes           0  power changes           0
 metropolis rat:  0.4420750      in        49426 , best:    12.21685    
 local acceptance ratio:  0.4237288    
 metropolis rat:  0.4419154      in        49557 , best:    12.21685    
 local acceptance ratio:  0.3816794    
 Current convergence R-1 =   4.1246871E-03  chain steps =       49617
 slow changes           0  power changes           0
 metropolis rat:  0.4420234      in        49658 , best:    12.21685    
 local acceptance ratio:  0.4950495    
 metropolis rat:  0.4418026      in        49796 , best:    12.21685    
 local acceptance ratio:  0.3623188    
 Current convergence R-1 =   3.8482484E-03  chain steps =       49814
 slow changes           0  power changes           0
 metropolis rat:  0.4416183      in        49930 , best:    12.21685    
 local acceptance ratio:  0.3731343    
 Current convergence R-1 =   4.0996610E-03  chain steps =       50018
 slow changes           0  power changes           0
 metropolis rat:  0.4416378      in        50041 , best:    12.21685    
 local acceptance ratio:  0.4504505    
 metropolis rat:  0.4414725      in        50173 , best:    12.21685    
 local acceptance ratio:  0.3787879    
 Current convergence R-1 =   3.9684661E-03  chain steps =       50218
 slow changes           0  power changes           0
 metropolis rat:  0.4414923      in        50284 , best:    12.21685    
 local acceptance ratio:  0.4504505    
 metropolis rat:  0.4415120      in        50395 , best:    12.21685    
 local acceptance ratio:  0.4504505    
 Current convergence R-1 =   3.8120574E-03  chain steps =       50406
 slow changes           0  power changes           0
 metropolis rat:  0.4416629      in        50491 , best:    12.21685    
 local acceptance ratio:  0.5208333    
 metropolis rat:  0.4417083      in        50599 , best:    12.21685    
 local acceptance ratio:  0.4629630    
 Current convergence R-1 =   3.8171811E-03  chain steps =       50600
 slow changes           0  power changes           0
 metropolis rat:  0.4416926      in        50714 , best:    12.21685    
 local acceptance ratio:  0.4347826    
 Current convergence R-1 =   3.5572697E-03  chain steps =       50793
 slow changes           0  power changes           0
 metropolis rat:  0.4418508      in        50809 , best:    12.21685    
 local acceptance ratio:  0.5263158    
 metropolis rat:  0.4418262      in        50925 , best:    12.21685    
 local acceptance ratio:  0.4310345    
 Current convergence R-1 =   3.2435581E-03  chain steps =       50983
 slow changes           0  power changes           0
 metropolis rat:  0.4419576      in        51023 , best:    12.21685    
 local acceptance ratio:  0.5102041    
 metropolis rat:  0.4418809      in        51145 , best:    12.21685    
 local acceptance ratio:  0.4098361    
 Current convergence R-1 =   3.1863067E-03  chain steps =       51179
 slow changes           0  power changes           0
 metropolis rat:  0.4420116      in        51243 , best:    12.21685    
 local acceptance ratio:  0.5102041    
 metropolis rat:  0.4420729      in        51349 , best:    12.21685    
 local acceptance ratio:  0.4716981    
 Current convergence R-1 =   3.3061760E-03  chain steps =       51365
 slow changes           0  power changes           0
 metropolis rat:  0.4422370      in        51443 , best:    12.21685    
 local acceptance ratio:  0.5319149    
 Current convergence R-1 =   3.4287546E-03  chain steps =       51564
 slow changes           0  power changes           0
 metropolis rat:  0.4421261      in        51569 , best:    12.21685    
 local acceptance ratio:  0.3968254    
 metropolis rat:  0.4420755      in        51688 , best:    12.21685    
 local acceptance ratio:  0.4201681    
 Current convergence R-1 =   3.5701545E-03  chain steps =       51762
 slow changes           0  power changes           0
 metropolis rat:  0.4421788      in        51789 , best:    12.21685    
 local acceptance ratio:  0.4950495    
 metropolis rat:  0.4421880      in        51901 , best:    12.21685    
 local acceptance ratio:  0.4464286    
 Current convergence R-1 =   3.3512411E-03  chain steps =       51955
 slow changes           0  power changes           0
 metropolis rat:  0.4421291      in        52021 , best:    12.21685    
 local acceptance ratio:  0.4166667    
 metropolis rat:  0.4420875      in        52139 , best:    12.21685    
 local acceptance ratio:  0.4237288    
 Current convergence R-1 =   3.0445494E-03  chain steps =       52151
 slow changes           0  power changes           0
 metropolis rat:  0.4420291      in        52259 , best:    12.21685    
 local acceptance ratio:  0.4166667    
 Current convergence R-1 =   2.8389425E-03  chain steps =       52351
 slow changes           0  power changes           0
 metropolis rat:  0.4420132      in        52374 , best:    12.21685    
 local acceptance ratio:  0.4347826    
 metropolis rat:  0.4420563      in        52482 , best:    12.21685    
 local acceptance ratio:  0.4629630    
 Current convergence R-1 =   3.0020087E-03  chain steps =       52549
 slow changes           0  power changes           0
 metropolis rat:  0.4419984      in        52602 , best:    12.21685    
 local acceptance ratio:  0.4166667    
 metropolis rat:  0.4420414      in        52710 , best:    12.21685    
 local acceptance ratio:  0.4629630    
 Current convergence R-1 =   3.2437940E-03  chain steps =       52747
 slow changes           0  power changes           0
 metropolis rat:  0.4421762      in        52807 , best:    12.21685    
 local acceptance ratio:  0.5154639    
 metropolis rat:  0.4421434      in        52924 , best:    12.21685    
 local acceptance ratio:  0.4273504    
 Current convergence R-1 =   3.0953079E-03  chain steps =       52941
 slow changes           0  power changes           0
 metropolis rat:  0.4418443      in        53073 , best:    12.21685    
 local acceptance ratio:  0.3355705    
 Current convergence R-1 =   3.0297048E-03  chain steps =       53147
 slow changes           0  power changes           0
 metropolis rat:  0.4418124      in        53190 , best:    12.21685    
 local acceptance ratio:  0.4273504    
 metropolis rat:  0.4419050      in        53292 , best:    12.21685    
 local acceptance ratio:  0.4901961    
 Current convergence R-1 =   3.2545675E-03  chain steps =       53339
 slow changes           0  power changes           0
 metropolis rat:  0.4419724      in        53397 , best:    12.21685    
 local acceptance ratio:  0.4761905    
 metropolis rat:  0.4421057      in        53494 , best:    12.21685    
 local acceptance ratio:  0.5154639    
 Current convergence R-1 =   3.2663741E-03  chain steps =       53537
 slow changes           0  power changes           0
 metropolis rat:  0.4420075      in        53619 , best:    12.21685    
 local acceptance ratio:  0.4000000    
 Current convergence R-1 =   3.3384722E-03  chain steps =       53735
 slow changes           0  power changes           0
 metropolis rat:  0.4418029      in        53757 , best:    12.21685    
 local acceptance ratio:  0.3623188    
 metropolis rat:  0.4420505      in        53840 , best:    12.21685    
 local acceptance ratio:  0.6024097    
 Current convergence R-1 =   3.4004285E-03  chain steps =       53924
 slow changes           0  power changes           0
 metropolis rat:  0.4419040      in        53971 , best:    12.21685    
 local acceptance ratio:  0.3816794    
 metropolis rat:  0.4417418      in        54104 , best:    12.21685    
 local acceptance ratio:  0.3759398    
 Current convergence R-1 =   3.7246768E-03  chain steps =       54133
 slow changes           0  power changes           0
 metropolis rat:  0.4417189      in        54220 , best:    12.21685    
 local acceptance ratio:  0.4310345    
 Current convergence R-1 =   3.7874910E-03  chain steps =       54332
 slow changes           0  power changes           0
 metropolis rat:  0.4416474      in        54342 , best:    12.21685    
 local acceptance ratio:  0.4098361    
 metropolis rat:  0.4417545      in        54442 , best:    12.21685    
 local acceptance ratio:  0.5000000    
 Current convergence R-1 =   3.6121409E-03  chain steps =       54517
 slow changes           0  power changes           0
 metropolis rat:  0.4419099      in        54536 , best:    12.21685    
 local acceptance ratio:  0.5319149    
 metropolis rat:  0.4419515      in        54644 , best:    12.21685    
 local acceptance ratio:  0.4629630    
 Current convergence R-1 =   3.7743694E-03  chain steps =       54711
 slow changes           0  power changes           0
 metropolis rat:  0.4419365      in        54759 , best:    12.21685    
 local acceptance ratio:  0.4347826    
 metropolis rat:  0.4419537      in        54870 , best:    12.21685    
 local acceptance ratio:  0.4504505    
 Current convergence R-1 =   3.6446375E-03  chain steps =       54907
 slow changes           0  power changes           0
 metropolis rat:  0.4420030      in        54977 , best:    12.21685    
 local acceptance ratio:  0.4672897    
 metropolis rat:  0.4418917      in        55104 , best:    12.21685    
 local acceptance ratio:  0.3937008    
 Current convergence R-1 =   3.5801530E-03  chain steps =       55105
 slow changes           0  power changes           0
 metropolis rat:  0.4417729      in        55232 , best:    12.21685    
 local acceptance ratio:  0.3906250    
 Current convergence R-1 =   3.6826134E-03  chain steps =       55301
 slow changes           0  power changes           0
 metropolis rat:  0.4417903      in        55343 , best:    12.21685    
 local acceptance ratio:  0.4504505    
 metropolis rat:  0.4417359      in        55463 , best:    12.21685    
 local acceptance ratio:  0.4166667    
 Current convergence R-1 =   3.9395480E-03  chain steps =       55500
 slow changes           0  power changes           0
 metropolis rat:  0.4416659      in        55585 , best:    12.21685    
 local acceptance ratio:  0.4098361    
 metropolis rat:  0.4418421      in        55676 , best:    12.21685    
 local acceptance ratio:  0.5494506    
 Current convergence R-1 =   3.8059787E-03  chain steps =       55696
 slow changes           0  power changes           0
 metropolis rat:  0.4418355      in        55790 , best:    12.21685    
 local acceptance ratio:  0.4385965    
 Current convergence R-1 =   3.4674732E-03  chain steps =       55898
 slow changes           0  power changes           0
 metropolis rat:  0.4416629      in        55925 , best:    12.21685    
 local acceptance ratio:  0.3703704    
 metropolis rat:  0.4416252      in        56043 , best:    12.21685    
 local acceptance ratio:  0.4237288    
 Current convergence R-1 =   3.3946643E-03  chain steps =       56091
 slow changes           0  power changes           0
 metropolis rat:  0.4416741      in        56150 , best:    12.21685    
 local acceptance ratio:  0.4672897    
 metropolis rat:  0.4417856      in        56249 , best:    12.21685    
 local acceptance ratio:  0.5050505    
 Current convergence R-1 =   3.3033332E-03  chain steps =       56284
 slow changes           0  power changes           0
 metropolis rat:  0.4418889      in        56349 , best:    12.21685    
 local acceptance ratio:  0.5000000    
 metropolis rat:  0.4419293      in        56457 , best:    12.21685    
 local acceptance ratio:  0.4629630    
 Current convergence R-1 =   3.4526309E-03  chain steps =       56476
 slow changes           0  power changes           0
 metropolis rat:  0.4419382      in        56569 , best:    12.21685    
 local acceptance ratio:  0.4464286    
 Current convergence R-1 =   3.2363657E-03  chain steps =       56674
 slow changes           0  power changes           0
 metropolis rat:  0.4418301      in        56696 , best:    12.21685    
 local acceptance ratio:  0.3937008    
 metropolis rat:  0.4417459      in        56820 , best:    12.21685    
 local acceptance ratio:  0.4032258    
 Current convergence R-1 =   3.0276848E-03  chain steps =       56881
 slow changes           0  power changes           0
 metropolis rat:  0.4416853      in        56941 , best:    12.21685    
 local acceptance ratio:  0.4132231    
 metropolis rat:  0.4415862      in        57067 , best:    12.21685    
 local acceptance ratio:  0.3968254    
 Current convergence R-1 =   3.0279609E-03  chain steps =       57085
 slow changes           0  power changes           0
 metropolis rat:  0.4415571      in        57184 , best:    12.21685    
 local acceptance ratio:  0.4273504    
 Current convergence R-1 =   2.9212877E-03  chain steps =       57284
 slow changes           0  power changes           0
 metropolis rat:  0.4415512      in        57298 , best:    12.21685    
 local acceptance ratio:  0.4385965    
 metropolis rat:  0.4415992      in        57405 , best:    12.21685    
 local acceptance ratio:  0.4672897    
 Current convergence R-1 =   3.1934092E-03  chain steps =       57477
 slow changes           0  power changes           0
 metropolis rat:  0.4416316      in        57514 , best:    12.21685    
 local acceptance ratio:  0.4587156    
 metropolis rat:  0.4415950      in        57632 , best:    12.21685    
 local acceptance ratio:  0.4237288    
 Current convergence R-1 =   2.8426948E-03  chain steps =       57676
 slow changes           0  power changes           0
 metropolis rat:  0.4415967      in        57745 , best:    12.21685    
 local acceptance ratio:  0.4424779    
 metropolis rat:  0.4415602      in        57863 , best:    12.21685    
 local acceptance ratio:  0.4237288    
 Current convergence R-1 =   2.9139824E-03  chain steps =       57878
 slow changes           0  power changes           0
Current limit err = 0.1767 for omegak; samps = 57791                                                                            
 metropolis rat:  0.4416153      in        57969 , best:    12.21685    
 local acceptance ratio:  0.4716981    
 Current convergence R-1 =   2.6027632E-03  chain steps =       58068
 slow changes           0  power changes           0
Current limit err = 0.1763 for omegak; samps = 57981                                                                            
 metropolis rat:  0.4415942      in        58085 , best:    12.21685    
 local acceptance ratio:  0.4310345    
 metropolis rat:  0.4416414      in        58192 , best:    12.21685    
 local acceptance ratio:  0.4672897    
 Current convergence R-1 =   2.4402107E-03  chain steps =       58267
 slow changes           0  power changes           0
Current limit err = 0.1760 for omegak; samps = 58180                                                                            
 metropolis rat:  0.4416052      in        58310 , best:    12.21685    
 local acceptance ratio:  0.4237288    
 metropolis rat:  0.4415011      in        58437 , best:    12.21685    
 local acceptance ratio:  0.3937008    
 Current convergence R-1 =   2.4302253E-03  chain steps =       58465
 slow changes           0  power changes           0
Current limit err = 0.1794 for omegak; samps = 58378                                                                            
 metropolis rat:  0.4415407      in        58545 , best:    12.21685    
 local acceptance ratio:  0.4629630    
 Current convergence R-1 =   2.8190783E-03  chain steps =       58667
 slow changes           0  power changes           0
Current limit err = 0.1770 for omegak; samps = 58580                                                                            
 metropolis rat:  0.4413469      in        58684 , best:    12.21685    
 local acceptance ratio:  0.3597122    
 metropolis rat:  0.4413716      in        58794 , best:    12.21685    
 local acceptance ratio:  0.4545455    
 Current convergence R-1 =   2.8642160E-03  chain steps =       58860
 slow changes           0  power changes           0
Current limit err = 0.1760 for omegak; samps = 58773                                                                            
 metropolis rat:  0.4411939      in        58931 , best:    12.21685    
 local acceptance ratio:  0.3649635    
 metropolis rat:  0.4412562      in        59036 , best:    12.21685    
 local acceptance ratio:  0.4761905    
 Current convergence R-1 =   2.6453538E-03  chain steps =       59053
 slow changes           0  power changes           0
Current limit err = 0.1745 for omegak; samps = 58966                                                                            
 metropolis rat:  0.4412809      in        59146 , best:    12.21685    
 local acceptance ratio:  0.4545455    
 metropolis rat:  0.4413949      in        59244 , best:    12.21685    
 local acceptance ratio:  0.5102041    
 Current convergence R-1 =   2.7552419E-03  chain steps =       59248
 slow changes           0  power changes           0
Current limit err = 0.1729 for omegak; samps = 59161                                                                            
 metropolis rat:  0.4413375      in        59365 , best:    12.21685    
 local acceptance ratio:  0.4132231    
 Current convergence R-1 =   2.5033895E-03  chain steps =       59447
 slow changes           0  power changes           0
Current limit err = 0.1741 for omegak; samps = 59360                                                                            
 metropolis rat:  0.4412358      in        59492 , best:    12.21685    
 local acceptance ratio:  0.3937008    
 metropolis rat:  0.4412529      in        59603 , best:    12.21685    
 local acceptance ratio:  0.4504505    
 Current convergence R-1 =   2.4540352E-03  chain steps =       59644
 slow changes           0  power changes           0
Current limit err = 0.1739 for omegak; samps = 59557                                                                            
 metropolis rat:  0.4410928      in        59738 , best:    12.21685    
 local acceptance ratio:  0.3703704    
 Current convergence R-1 =   2.1730468E-03  chain steps =       59845
 slow changes           0  power changes           0
Current limit err = 0.1728 for omegak; samps = 59758                                                                            
 metropolis rat:  0.4408523      in        59884 , best:    12.21685    
 local acceptance ratio:  0.3424658    
 metropolis rat:  0.4409509      in        59984 , best:    12.21685    
 local acceptance ratio:  0.5000000    
 Current convergence R-1 =   2.0731809E-03  chain steps =       60040
 slow changes           0  power changes           0
Current limit err = 0.1724 for omegak; samps = 59953                                                                            
 metropolis rat:  0.4409098      in        60103 , best:    12.21685    
 local acceptance ratio:  0.4201681    
 metropolis rat:  0.4409567      in        60210 , best:    12.21685    
 local acceptance ratio:  0.4672897    
 Current convergence R-1 =   2.0651661E-03  chain steps =       60239
 slow changes           0  power changes           0
Current limit err = 0.1722 for omegak; samps = 60152                                                                            
 metropolis rat:  0.4409083      in        60330 , best:    12.21685    
 local acceptance ratio:  0.4166667    
 metropolis rat:  0.4410353      in        60426 , best:    12.21685    
 local acceptance ratio:  0.5208333    
 Current convergence R-1 =   2.1709192E-03  chain steps =       60432
 slow changes           0  power changes           0
Current limit err = 0.1706 for omegak; samps = 60345                                                                            
 metropolis rat:  0.4410963      in        60531 , best:    12.21685    
 local acceptance ratio:  0.4761905    
 Current convergence R-1 =   2.2488793E-03  chain steps =       60635
 slow changes           0  power changes           0
Current limit err = 0.1797 for omegak; samps = 60548                                                                            
 metropolis rat:  0.4411134      in        60642 , best:    12.21685    
 local acceptance ratio:  0.4504505    
 metropolis rat:  0.4410361      in        60766 , best:    12.21685    
 local acceptance ratio:  0.4032258    
 Current convergence R-1 =   2.1978130E-03  chain steps =       60834
 slow changes           0  power changes           0
Current limit err = 0.1784 for omegak; samps = 60747                                                                            
 metropolis rat:  0.4410171      in        60882 , best:    12.21685    
 local acceptance ratio:  0.4310345    
 metropolis rat:  0.4408463      in        61019 , best:    12.21685    
 local acceptance ratio:  0.3649635    
 Current convergence R-1 =   2.1961755E-03  chain steps =       61040
 slow changes           0  power changes           0
Current limit err = 0.1762 for omegak; samps = 60953                                                                            
 metropolis rat:  0.4408854      in        61127 , best:    12.21685    
 local acceptance ratio:  0.4629630    
 Current convergence R-1 =   2.1154967E-03  chain steps =       61236
 slow changes           0  power changes           0
Current limit err = 0.1754 for omegak; samps = 61149                                                                            
 metropolis rat:  0.4408595      in        61244 , best:    12.21685    
 local acceptance ratio:  0.4273504    
 metropolis rat:  0.4407188      in        61377 , best:    12.21685    
 local acceptance ratio:  0.3759398    
 Current convergence R-1 =   2.2559394E-03  chain steps =       61442
 slow changes           0  power changes           0
Current limit err = 0.1769 for omegak; samps = 61355                                                                            
 metropolis rat:  0.4406862      in        61495 , best:    12.21685    
 local acceptance ratio:  0.4237288    
 metropolis rat:  0.4406538      in        61613 , best:    12.21685    
 local acceptance ratio:  0.4237288    
 Current convergence R-1 =   2.3689880E-03  chain steps =       61638
 slow changes           0  power changes           0
Current limit err = 0.1574 for omegak; samps = 61551                                                                            
