   0.1000000E+01   0.1238032E+02   0.3053197E+00   0.6933339E+02   0.6946803E+00   0.2476064E+02   0.0000000E+00
   0.1000000E+01   0.1237806E+02   0.3054487E+00   0.6818462E+02   0.6945513E+00   0.2475613E+02   0.0000000E+00
   0.1000000E+01   0.1231781E+02   0.3093495E+00   0.6821200E+02   0.6906505E+00   0.2463561E+02   0.0000000E+00
   0.1000000E+01   0.1230622E+02   0.3101990E+00   0.6778070E+02   0.6898010E+00   0.2461243E+02   0.0000000E+00
   0.1000000E+01   0.1229176E+02   0.3113228E+00   0.6791904E+02   0.6886772E+00   0.2458353E+02   0.0000000E+00
   0.1000000E+01   0.1234534E+02   0.3074806E+00   0.7100862E+02   0.6925194E+00   0.2469068E+02   0.0000000E+00
   0.1000000E+01   0.1227591E+02   0.3126616E+00   0.7141132E+02   0.6873384E+00   0.2455182E+02   0.0000000E+00
   0.1000000E+01   0.1231390E+02   0.3096403E+00   0.7105273E+02   0.6903597E+00   0.2462780E+02   0.0000000E+00
   0.1000000E+01   0.1234171E+02   0.3077204E+00   0.7206374E+02   0.6922796E+00   0.2468343E+02   0.0000000E+00
   0.1000000E+01   0.1229381E+02   0.3111729E+00   0.7257003E+02   0.6888271E+00   0.2458761E+02   0.0000000E+00
   0.1000000E+01   0.1223794E+02   0.3164546E+00   0.7031895E+02   0.6835454E+00   0.2447589E+02   0.0000000E+00
   0.1000000E+01   0.1224911E+02   0.3152198E+00   0.7034674E+02   0.6847802E+00   0.2449822E+02   0.0000000E+00
   0.1000000E+01   0.1225076E+02   0.3150459E+00   0.6986396E+02   0.6849541E+00   0.2450152E+02   0.0000000E+00
   0.1000000E+01   0.1224847E+02   0.3152826E+00   0.6871491E+02   0.6847174E+00   0.2449693E+02   0.0000000E+00
   0.1000000E+01   0.1225389E+02   0.3147213E+00   0.6870769E+02   0.6852787E+00   0.2450778E+02   0.0000000E+00
   0.1000000E+01   0.1225011E+02   0.3151096E+00   0.6873415E+02   0.6848904E+00   0.2450023E+02   0.0000000E+00
   0.1000000E+01   0.1225956E+02   0.3141618E+00   0.6960318E+02   0.6858382E+00   0.2451912E+02   0.0000000E+00
   0.1000000E+01   0.1225658E+02   0.3144573E+00   0.7052438E+02   0.6855427E+00   0.2451315E+02   0.0000000E+00
   0.1000000E+01   0.1222858E+02   0.3176042E+00   0.7046129E+02   0.6823958E+00   0.2445715E+02   0.0000000E+00
   0.1000000E+01   0.1221168E+02   0.3200871E+00   0.7092554E+02   0.6799129E+00   0.2442337E+02   0.0000000E+00
   0.1000000E+01   0.1221397E+02   0.3197092E+00   0.7105186E+02   0.6802908E+00   0.2442793E+02   0.0000000E+00
   0.1000000E+01   0.1226865E+02   0.3133093E+00   0.7078017E+02   0.6866907E+00   0.2453729E+02   0.0000000E+00
   0.1000000E+01   0.1227780E+02   0.3124990E+00   0.7197316E+02   0.6875010E+00   0.2455559E+02   0.0000000E+00
   0.1000000E+01   0.1235786E+02   0.3066865E+00   0.7238259E+02   0.6933135E+00   0.2471572E+02   0.0000000E+00
   0.1000000E+01   0.1235087E+02   0.3071291E+00   0.7277531E+02   0.6928709E+00   0.2470174E+02   0.0000000E+00
   0.1000000E+01   0.1227156E+02   0.3130491E+00   0.7212654E+02   0.6869509E+00   0.2454312E+02   0.0000000E+00
   0.1000000E+01   0.1225559E+02   0.3145627E+00   0.7298976E+02   0.6854373E+00   0.2451117E+02   0.0000000E+00
   0.1000000E+01   0.1226339E+02   0.3138062E+00   0.7367144E+02   0.6861938E+00   0.2452677E+02   0.0000000E+00
   0.1000000E+01   0.1227139E+02   0.3130684E+00   0.7362026E+02   0.6869316E+00   0.2454278E+02   0.0000000E+00
   0.1000000E+01   0.1226770E+02   0.3134035E+00   0.7364387E+02   0.6865965E+00   0.2453541E+02   0.0000000E+00
   0.1000000E+01   0.1225780E+02   0.3143431E+00   0.7281002E+02   0.6856569E+00   0.2451559E+02   0.0000000E+00
   0.1000000E+01   0.1225250E+02   0.3148727E+00   0.7197998E+02   0.6851273E+00   0.2450499E+02   0.0000000E+00
   0.1000000E+01   0.1226432E+02   0.3137132E+00   0.7193374E+02   0.6862868E+00   0.2452865E+02   0.0000000E+00
   0.1000000E+01   0.1225183E+02   0.3149411E+00   0.7198591E+02   0.6850589E+00   0.2450366E+02   0.0000000E+00
   0.2000000E+01   0.1225982E+02   0.3141469E+00   0.7315424E+02   0.6858531E+00   0.2451963E+02   0.0000000E+00
   0.1000000E+01   0.1228677E+02   0.3117437E+00   0.7283690E+02   0.6882563E+00   0.2457354E+02   0.0000000E+00
   0.1000000E+01   0.1225601E+02   0.3145194E+00   0.7255822E+02   0.6854806E+00   0.2451202E+02   0.0000000E+00
   0.1000000E+01   0.1224071E+02   0.3161458E+00   0.7357064E+02   0.6838542E+00   0.2448142E+02   0.0000000E+00
   0.1000000E+01   0.1218892E+02   0.3299947E+00   0.7257482E+02   0.6700053E+00   0.2437784E+02   0.0000000E+00
   0.1000000E+01   0.1218785E+02   0.3285096E+00   0.7128395E+02   0.6714904E+00   0.2437570E+02   0.0000000E+00
   0.1000000E+01   0.1218837E+02   0.3294742E+00   0.7219042E+02   0.6705258E+00   0.2437674E+02   0.0000000E+00
   0.1000000E+01   0.1218796E+02   0.3276151E+00   0.7231406E+02   0.6723849E+00   0.2437592E+02   0.0000000E+00
   0.1000000E+01   0.1218818E+02   0.3292365E+00   0.7181422E+02   0.6707635E+00   0.2437636E+02   0.0000000E+00
   0.1000000E+01   0.1218846E+02   0.3268916E+00   0.7133883E+02   0.6731084E+00   0.2437692E+02   0.0000000E+00
   0.1000000E+01   0.1220309E+02   0.3217097E+00   0.7115202E+02   0.6782903E+00   0.2440619E+02   0.0000000E+00
   0.1000000E+01   0.1219931E+02   0.3225667E+00   0.6966638E+02   0.6774333E+00   0.2439862E+02   0.0000000E+00
   0.1000000E+01   0.1221118E+02   0.3201715E+00   0.7048445E+02   0.6798285E+00   0.2442237E+02   0.0000000E+00
   0.1000000E+01   0.1222393E+02   0.3182226E+00   0.7012782E+02   0.6817774E+00   0.2444787E+02   0.0000000E+00
   0.1000000E+01   0.1224787E+02   0.3153508E+00   0.7036527E+02   0.6846492E+00   0.2449574E+02   0.0000000E+00
   0.1000000E+01   0.1224287E+02   0.3158955E+00   0.7077695E+02   0.6841045E+00   0.2448574E+02   0.0000000E+00
   0.1000000E+01   0.1232314E+02   0.3089795E+00   0.7111363E+02   0.6910205E+00   0.2464628E+02   0.0000000E+00
   0.1000000E+01   0.1233609E+02   0.3080881E+00   0.6996925E+02   0.6919119E+00   0.2467217E+02   0.0000000E+00
   0.1000000E+01   0.1230222E+02   0.3105087E+00   0.6986113E+02   0.6894913E+00   0.2460444E+02   0.0000000E+00
   0.1000000E+01   0.1228996E+02   0.3114780E+00   0.7121736E+02   0.6885220E+00   0.2457993E+02   0.0000000E+00
   0.2000000E+01   0.1227065E+02   0.3131260E+00   0.7044372E+02   0.6868740E+00   0.2454131E+02   0.0000000E+00
   0.1000000E+01   0.1229223E+02   0.3112936E+00   0.7050559E+02   0.6887064E+00   0.2458445E+02   0.0000000E+00
   0.1000000E+01   0.1228341E+02   0.3120207E+00   0.7185160E+02   0.6879793E+00   0.2456681E+02   0.0000000E+00
   0.1000000E+01   0.1226820E+02   0.3133536E+00   0.7202258E+02   0.6866464E+00   0.2453640E+02   0.0000000E+00
   0.1000000E+01   0.1228382E+02   0.3119887E+00   0.7268757E+02   0.6880113E+00   0.2456763E+02   0.0000000E+00
   0.1000000E+01   0.1226738E+02   0.3134295E+00   0.7217710E+02   0.6865705E+00   0.2453476E+02   0.0000000E+00
   0.1000000E+01   0.1227754E+02   0.3125214E+00   0.7201689E+02   0.6874786E+00   0.2455508E+02   0.0000000E+00
   0.1000000E+01   0.1228093E+02   0.3122303E+00   0.7191781E+02   0.6877697E+00   0.2456186E+02   0.0000000E+00
   0.1000000E+01   0.1223539E+02   0.3167582E+00   0.7108635E+02   0.6832418E+00   0.2447079E+02   0.0000000E+00
   0.1000000E+01   0.1225055E+02   0.3150695E+00   0.7033546E+02   0.6849305E+00   0.2450109E+02   0.0000000E+00
   0.1000000E+01   0.1230593E+02   0.3102305E+00   0.7101561E+02   0.6897695E+00   0.2461186E+02   0.0000000E+00
   0.1000000E+01   0.1227677E+02   0.3125838E+00   0.7043836E+02   0.6874162E+00   0.2455354E+02   0.0000000E+00
   0.1000000E+01   0.1233240E+02   0.3083350E+00   0.6935579E+02   0.6916650E+00   0.2466480E+02   0.0000000E+00
   0.1000000E+01   0.1237493E+02   0.3056388E+00   0.6967560E+02   0.6943612E+00   0.2474986E+02   0.0000000E+00
   0.1000000E+01   0.1236925E+02   0.3059799E+00   0.6985529E+02   0.6940201E+00   0.2473850E+02   0.0000000E+00
   0.1000000E+01   0.1230377E+02   0.3103959E+00   0.7172666E+02   0.6896041E+00   0.2460754E+02   0.0000000E+00
   0.1000000E+01   0.1224850E+02   0.3152860E+00   0.7100543E+02   0.6847140E+00   0.2449700E+02   0.0000000E+00
   0.1000000E+01   0.1225999E+02   0.3141251E+00   0.7135414E+02   0.6858749E+00   0.2451998E+02   0.0000000E+00
   0.1000000E+01   0.1225923E+02   0.3141994E+00   0.7136961E+02   0.6858006E+00   0.2451845E+02   0.0000000E+00
   0.1000000E+01   0.1228569E+02   0.3118297E+00   0.7158195E+02   0.6881703E+00   0.2457137E+02   0.0000000E+00
   0.1000000E+01   0.1226446E+02   0.3137029E+00   0.7288839E+02   0.6862971E+00   0.2452892E+02   0.0000000E+00
   0.1000000E+01   0.1220836E+02   0.3206780E+00   0.7281262E+02   0.6793220E+00   0.2441672E+02   0.0000000E+00
   0.1000000E+01   0.1220880E+02   0.3205962E+00   0.7234165E+02   0.6794038E+00   0.2441761E+02   0.0000000E+00
   0.1000000E+01   0.1221324E+02   0.3198331E+00   0.7324508E+02   0.6801669E+00   0.2442649E+02   0.0000000E+00
   0.1000000E+01   0.1222336E+02   0.3183102E+00   0.7316469E+02   0.6816898E+00   0.2444672E+02   0.0000000E+00
   0.1000000E+01   0.1219741E+02   0.3230672E+00   0.7411068E+02   0.6769328E+00   0.2439482E+02   0.0000000E+00
   0.1000000E+01   0.1220788E+02   0.3207711E+00   0.7483232E+02   0.6792289E+00   0.2441577E+02   0.0000000E+00
   0.1000000E+01   0.1222029E+02   0.3187510E+00   0.7534587E+02   0.6812490E+00   0.2444059E+02   0.0000000E+00
   0.1000000E+01   0.1220044E+02   0.3223141E+00   0.7622185E+02   0.6776859E+00   0.2440088E+02   0.0000000E+00
   0.1000000E+01   0.1224824E+02   0.3153284E+00   0.7689340E+02   0.6846716E+00   0.2449648E+02   0.0000000E+00
   0.1000000E+01   0.1224577E+02   0.3155933E+00   0.7706560E+02   0.6844067E+00   0.2449154E+02   0.0000000E+00
   0.1000000E+01   0.1222936E+02   0.3175171E+00   0.7588398E+02   0.6824829E+00   0.2445873E+02   0.0000000E+00
   0.1000000E+01   0.1223093E+02   0.3173179E+00   0.7586371E+02   0.6826821E+00   0.2446186E+02   0.0000000E+00
   0.1000000E+01   0.1227915E+02   0.3123918E+00   0.7554359E+02   0.6876082E+00   0.2455829E+02   0.0000000E+00
   0.1000000E+01   0.1226366E+02   0.3137818E+00   0.7420680E+02   0.6862182E+00   0.2452732E+02   0.0000000E+00
   0.1000000E+01   0.1228419E+02   0.3119586E+00   0.7318189E+02   0.6880414E+00   0.2456838E+02   0.0000000E+00
   0.1000000E+01   0.1225331E+02   0.3147925E+00   0.7286683E+02   0.6852075E+00   0.2450661E+02   0.0000000E+00
   0.1000000E+01   0.1223864E+02   0.3163801E+00   0.7277804E+02   0.6836199E+00   0.2447729E+02   0.0000000E+00
   0.1000000E+01   0.1223365E+02   0.3169756E+00   0.7344349E+02   0.6830244E+00   0.2446729E+02   0.0000000E+00
   0.1000000E+01   0.1220891E+02   0.3205797E+00   0.7368151E+02   0.6794203E+00   0.2441783E+02   0.0000000E+00
   0.1000000E+01   0.1220916E+02   0.3205354E+00   0.7372346E+02   0.6794646E+00   0.2441832E+02   0.0000000E+00
   0.1000000E+01   0.1220934E+02   0.3205034E+00   0.7371968E+02   0.6794966E+00   0.2441868E+02   0.0000000E+00
   0.1000000E+01   0.1221875E+02   0.3189759E+00   0.7452823E+02   0.6810241E+00   0.2443750E+02   0.0000000E+00
   0.1000000E+01   0.1223390E+02   0.3169498E+00   0.7568739E+02   0.6830502E+00   0.2446781E+02   0.0000000E+00
   0.1000000E+01   0.1224593E+02   0.3155727E+00   0.7553696E+02   0.6844273E+00   0.2449186E+02   0.0000000E+00
   0.1000000E+01   0.1226893E+02   0.3132952E+00   0.7522361E+02   0.6867048E+00   0.2453786E+02   0.0000000E+00
   0.1000000E+01   0.1226885E+02   0.3133020E+00   0.7522054E+02   0.6866980E+00   0.2453771E+02   0.0000000E+00
   0.1000000E+01   0.1228145E+02   0.3121958E+00   0.7566517E+02   0.6878042E+00   0.2456289E+02   0.0000000E+00
   0.1000000E+01   0.1234818E+02   0.3073071E+00   0.7490498E+02   0.6926929E+00   0.2469635E+02   0.0000000E+00
   0.1000000E+01   0.1235902E+02   0.3066180E+00   0.7395134E+02   0.6933820E+00   0.2471805E+02   0.0000000E+00
   0.1000000E+01   0.1238961E+02   0.3047943E+00   0.7403371E+02   0.6952057E+00   0.2477922E+02   0.0000000E+00
   0.1000000E+01   0.1239169E+02   0.3046754E+00   0.7396266E+02   0.6953246E+00   0.2478339E+02   0.0000000E+00
   0.1000000E+01   0.1250001E+02   0.2991872E+00   0.7453702E+02   0.7008128E+00   0.2500003E+02   0.0000000E+00
   0.1000000E+01   0.1242954E+02   0.3026191E+00   0.7505394E+02   0.6973809E+00   0.2485907E+02   0.0000000E+00
   0.1000000E+01   0.1235518E+02   0.3068571E+00   0.7329542E+02   0.6931429E+00   0.2471036E+02   0.0000000E+00
   0.1000000E+01   0.1235050E+02   0.3071507E+00   0.7204585E+02   0.6928493E+00   0.2470100E+02   0.0000000E+00
   0.1000000E+01   0.1228096E+02   0.3122279E+00   0.7212042E+02   0.6877721E+00   0.2456192E+02   0.0000000E+00
   0.1000000E+01   0.1227598E+02   0.3126549E+00   0.7117215E+02   0.6873451E+00   0.2455196E+02   0.0000000E+00
   0.1000000E+01   0.1223393E+02   0.3169353E+00   0.7129261E+02   0.6830647E+00   0.2446786E+02   0.0000000E+00
   0.1000000E+01   0.1220183E+02   0.3219831E+00   0.7107621E+02   0.6780169E+00   0.2440367E+02   0.0000000E+00
   0.1000000E+01   0.1220728E+02   0.3208696E+00   0.6945277E+02   0.6791304E+00   0.2441455E+02   0.0000000E+00
   0.1000000E+01   0.1220451E+02   0.3214091E+00   0.6942328E+02   0.6785909E+00   0.2440903E+02   0.0000000E+00
   0.1000000E+01   0.1221211E+02   0.3200055E+00   0.6781836E+02   0.6799945E+00   0.2442422E+02   0.0000000E+00
   0.1000000E+01   0.1222198E+02   0.3184890E+00   0.6817304E+02   0.6815110E+00   0.2444396E+02   0.0000000E+00
   0.1000000E+01   0.1225541E+02   0.3145632E+00   0.6712395E+02   0.6854368E+00   0.2451082E+02   0.0000000E+00
   0.1000000E+01   0.1226095E+02   0.3140210E+00   0.6761340E+02   0.6859790E+00   0.2452190E+02   0.0000000E+00
   0.1000000E+01   0.1224400E+02   0.3157613E+00   0.6773389E+02   0.6842387E+00   0.2448800E+02   0.0000000E+00
   0.1000000E+01   0.1219842E+02   0.3227862E+00   0.6865272E+02   0.6772138E+00   0.2439684E+02   0.0000000E+00
   0.1000000E+01   0.1219238E+02   0.3246494E+00   0.6776239E+02   0.6753506E+00   0.2438476E+02   0.0000000E+00
   0.1000000E+01   0.1220243E+02   0.3218407E+00   0.6733950E+02   0.6781593E+00   0.2440485E+02   0.0000000E+00
   0.1000000E+01   0.1221030E+02   0.3203166E+00   0.6797218E+02   0.6796834E+00   0.2442060E+02   0.0000000E+00
   0.1000000E+01   0.1219341E+02   0.3242782E+00   0.7041016E+02   0.6757218E+00   0.2438681E+02   0.0000000E+00
   0.1000000E+01   0.1224872E+02   0.3414094E+00   0.6756796E+02   0.6585906E+00   0.2449745E+02   0.0000000E+00
   0.1000000E+01   0.1219221E+02   0.3247271E+00   0.7038318E+02   0.6752729E+00   0.2438441E+02   0.0000000E+00
   0.1000000E+01   0.1220095E+02   0.3343408E+00   0.7849020E+02   0.6656592E+00   0.2440189E+02   0.0000000E+00
   0.1000000E+01   0.1220166E+02   0.3345066E+00   0.7941141E+02   0.6654934E+00   0.2440332E+02   0.0000000E+00
   0.1000000E+01   0.1228762E+02   0.3451691E+00   0.7894754E+02   0.6548309E+00   0.2457523E+02   0.0000000E+00
   0.1000000E+01   0.1233277E+02   0.3486870E+00   0.7959568E+02   0.6513130E+00   0.2466553E+02   0.0000000E+00
   0.1000000E+01   0.1228763E+02   0.3451752E+00   0.8186312E+02   0.6548248E+00   0.2457526E+02   0.0000000E+00
   0.2000000E+01   0.1235400E+02   0.3501597E+00   0.8356620E+02   0.6498403E+00   0.2470800E+02   0.0000000E+00
   0.1000000E+01   0.1252644E+02   0.3597016E+00   0.7905038E+02   0.6402984E+00   0.2505289E+02   0.0000000E+00
   0.1000000E+01   0.1229919E+02   0.3461278E+00   0.7549091E+02   0.6538722E+00   0.2459839E+02   0.0000000E+00
   0.1000000E+01   0.1218945E+02   0.3303720E+00   0.7186454E+02   0.6696280E+00   0.2437889E+02   0.0000000E+00
   0.1000000E+01   0.1221205E+02   0.3200421E+00   0.7735145E+02   0.6799579E+00   0.2442410E+02   0.0000000E+00
   0.1000000E+01   0.1219294E+02   0.3244656E+00   0.7686677E+02   0.6755344E+00   0.2438588E+02   0.0000000E+00
   0.1000000E+01   0.1218786E+02   0.3285165E+00   0.8260948E+02   0.6714835E+00   0.2437571E+02   0.0000000E+00
   0.1000000E+01   0.1218830E+02   0.3293998E+00   0.7641081E+02   0.6706002E+00   0.2437660E+02   0.0000000E+00
   0.1000000E+01   0.1219999E+02   0.3341101E+00   0.7640016E+02   0.6658899E+00   0.2439998E+02   0.0000000E+00
   0.1000000E+01   0.1219047E+02   0.3309789E+00   0.8061609E+02   0.6690211E+00   0.2438094E+02   0.0000000E+00
   0.1000000E+01   0.1233359E+02   0.3082781E+00   0.7889081E+02   0.6917219E+00   0.2466718E+02   0.0000000E+00
   0.1000000E+01   0.1227246E+02   0.3129878E+00   0.8041510E+02   0.6870122E+00   0.2454491E+02   0.0000000E+00
   0.1000000E+01   0.1220080E+02   0.3222317E+00   0.7678704E+02   0.6777683E+00   0.2440161E+02   0.0000000E+00
   0.1000000E+01   0.1220355E+02   0.3216285E+00   0.7663406E+02   0.6783715E+00   0.2440709E+02   0.0000000E+00
   0.1000000E+01   0.1218996E+02   0.3306870E+00   0.7221873E+02   0.6693130E+00   0.2437992E+02   0.0000000E+00
   0.3000000E+01   0.1218957E+02   0.3260136E+00   0.6973762E+02   0.6739864E+00   0.2437914E+02   0.0000000E+00
   0.1000000E+01   0.1220502E+02   0.3213012E+00   0.6744455E+02   0.6786988E+00   0.2441003E+02   0.0000000E+00
   0.1000000E+01   0.1221388E+02   0.3197121E+00   0.6753071E+02   0.6802879E+00   0.2442776E+02   0.0000000E+00
   0.2000000E+01   0.1221917E+02   0.3188826E+00   0.6439377E+02   0.6811174E+00   0.2443833E+02   0.0000000E+00
   0.2000000E+01   0.1219834E+02   0.3228057E+00   0.6864826E+02   0.6771943E+00   0.2439669E+02   0.0000000E+00
   0.1000000E+01   0.1219767E+02   0.3334852E+00   0.6246454E+02   0.6665148E+00   0.2439535E+02   0.0000000E+00
   0.1000000E+01   0.1228533E+02   0.3449243E+00   0.6116479E+02   0.6550757E+00   0.2457067E+02   0.0000000E+00
   0.1000000E+01   0.1234810E+02   0.3497281E+00   0.6767394E+02   0.6502719E+00   0.2469621E+02   0.0000000E+00
   0.1000000E+01   0.1235648E+02   0.3502929E+00   0.6842011E+02   0.6497071E+00   0.2471296E+02   0.0000000E+00
   0.1000000E+01   0.1221994E+02   0.3377837E+00   0.6987073E+02   0.6622163E+00   0.2443989E+02   0.0000000E+00
   0.1000000E+01   0.1222348E+02   0.3182919E+00   0.7245524E+02   0.6817081E+00   0.2444696E+02   0.0000000E+00
   0.1000000E+01   0.1228374E+02   0.3119726E+00   0.6536446E+02   0.6880274E+00   0.2456747E+02   0.0000000E+00
   0.1000000E+01   0.1225387E+02   0.3147305E+00   0.7131244E+02   0.6852695E+00   0.2450775E+02   0.0000000E+00
   0.1000000E+01   0.1229335E+02   0.3112066E+00   0.7159208E+02   0.6887934E+00   0.2458670E+02   0.0000000E+00
   0.1000000E+01   0.1232145E+02   0.3091024E+00   0.7253193E+02   0.6908976E+00   0.2464290E+02   0.0000000E+00
   0.1000000E+01   0.1218912E+02   0.3263406E+00   0.7735664E+02   0.6736594E+00   0.2437825E+02   0.0000000E+00
   0.1000000E+01   0.1223330E+02   0.3396380E+00   0.8311520E+02   0.6603620E+00   0.2446660E+02   0.0000000E+00
   0.1000000E+01   0.1218975E+02   0.3259477E+00   0.8726030E+02   0.6740523E+00   0.2437950E+02   0.0000000E+00
   0.1000000E+01   0.1218983E+02   0.3306342E+00   0.9042769E+02   0.6693658E+00   0.2437966E+02   0.0000000E+00
   0.1000000E+01   0.1241365E+02   0.3034959E+00   0.9597441E+02   0.6965041E+00   0.2482731E+02   0.0000000E+00
   0.2000000E+01   0.1232288E+02   0.3090431E+00   0.9606701E+02   0.6909569E+00   0.2464575E+02   0.0000000E+00
   0.1000000E+01   0.1244474E+02   0.3018748E+00   0.9678518E+02   0.6981252E+00   0.2488947E+02   0.0000000E+00
   0.1000000E+01   0.1249752E+02   0.2993332E+00   0.9275142E+02   0.7006668E+00   0.2499504E+02   0.0000000E+00
   0.1000000E+01   0.1260376E+02   0.2948393E+00   0.9610487E+02   0.7051607E+00   0.2520752E+02   0.0000000E+00
   0.1000000E+01   0.1238144E+02   0.3053061E+00   0.9773625E+02   0.6946939E+00   0.2476287E+02   0.0000000E+00
   0.4000000E+01   0.1231034E+02   0.3099460E+00   0.9535417E+02   0.6900540E+00   0.2462067E+02   0.0000000E+00
   0.1000000E+01   0.1227580E+02   0.3127158E+00   0.9583335E+02   0.6872842E+00   0.2455159E+02   0.0000000E+00
   0.1000000E+01   0.1220045E+02   0.3342180E+00   0.7520103E+02   0.6657820E+00   0.2440090E+02   0.0000000E+00
   0.1000000E+01   0.1290291E+02   0.3742760E+00   0.5234525E+02   0.6257240E+00   0.2580582E+02   0.0000000E+00
   0.1000000E+01   0.1372300E+02   0.3966903E+00   0.6104636E+02   0.6033097E+00   0.2744599E+02   0.0000000E+00
   0.8000000E+01   0.1226691E+02   0.3433186E+00   0.9733480E+02   0.6566814E+00   0.2453382E+02   0.0000000E+00
   0.3000000E+01   0.1230961E+02   0.3469812E+00   0.9239162E+02   0.6530188E+00   0.2461921E+02   0.0000000E+00
   0.6000000E+01   0.1238515E+02   0.3050806E+00   0.8982802E+02   0.6949194E+00   0.2477029E+02   0.0000000E+00
   0.1000000E+01   0.1243511E+02   0.3550179E+00   0.6584120E+02   0.6449821E+00   0.2487023E+02   0.0000000E+00
   0.2000000E+01   0.1279555E+02   0.2879609E+00   0.6067816E+02   0.7120391E+00   0.2559110E+02   0.0000000E+00
   0.2000000E+01   0.1264908E+02   0.2928450E+00   0.3989782E+02   0.7071550E+00   0.2529817E+02   0.0000000E+00
   0.1000000E+01   0.1341024E+02   0.2717323E+00   0.5560995E+02   0.7282677E+00   0.2682048E+02   0.0000000E+00
   0.1000000E+01   0.1261656E+02   0.2942616E+00   0.6147717E+02   0.7057384E+00   0.2523312E+02   0.0000000E+00
   0.2000000E+01   0.1220090E+02   0.3222159E+00   0.7926176E+02   0.6777841E+00   0.2440179E+02   0.0000000E+00
   0.2000000E+01   0.1222145E+02   0.3379552E+00   0.5581133E+02   0.6620448E+00   0.2444289E+02   0.0000000E+00
   0.3000000E+01   0.1222091E+02   0.3186814E+00   0.8488564E+02   0.6813186E+00   0.2444182E+02   0.0000000E+00
   0.3000000E+01   0.1224182E+02   0.3406771E+00   0.9100366E+02   0.6593229E+00   0.2448364E+02   0.0000000E+00
   0.3000000E+01   0.1238526E+02   0.3521805E+00   0.9969208E+02   0.6478195E+00   0.2477053E+02   0.0000000E+00
   0.1000000E+01   0.1220032E+02   0.3223652E+00   0.8754449E+02   0.6776348E+00   0.2440064E+02   0.0000000E+00
   0.2000000E+01   0.1221623E+02   0.3372446E+00   0.8880030E+02   0.6627554E+00   0.2443245E+02   0.0000000E+00
   0.1000000E+01   0.1279182E+02   0.2881623E+00   0.9527144E+02   0.7118377E+00   0.2558364E+02   0.0000000E+00
   0.2000000E+01   0.1295617E+02   0.2831276E+00   0.6680804E+02   0.7168724E+00   0.2591234E+02   0.0000000E+00
   0.1000000E+01   0.1220829E+02   0.3206153E+00   0.5485477E+02   0.6793847E+00   0.2441658E+02   0.0000000E+00
   0.3000000E+01   0.1219669E+02   0.3232963E+00   0.8867461E+02   0.6767037E+00   0.2439337E+02   0.0000000E+00
   0.1000000E+01   0.1222647E+02   0.3178956E+00   0.7603926E+02   0.6821044E+00   0.2445293E+02   0.0000000E+00
   0.1000000E+01   0.1219091E+02   0.3253104E+00   0.7817004E+02   0.6746896E+00   0.2438182E+02   0.0000000E+00
   0.1000000E+01   0.1218826E+02   0.3293399E+00   0.7173592E+02   0.6706601E+00   0.2437651E+02   0.0000000E+00
   0.2000000E+01   0.1258063E+02   0.3621958E+00   0.9207726E+02   0.6378042E+00   0.2516126E+02   0.0000000E+00
   0.1000000E+01   0.1279878E+02   0.3707169E+00   0.5661310E+02   0.6292831E+00   0.2559756E+02   0.0000000E+00
   0.1000000E+01   0.1222453E+02   0.3383709E+00   0.5139262E+02   0.6616291E+00   0.2444906E+02   0.0000000E+00
   0.2000000E+01   0.1228450E+02   0.3119627E+00   0.8849458E+02   0.6880373E+00   0.2456900E+02   0.0000000E+00
   0.1000000E+01   0.1434028E+02   0.2542731E+00   0.8001184E+02   0.7457269E+00   0.2868055E+02   0.0000000E+00
   0.1000000E+01   0.1413451E+02   0.2576775E+00   0.6279284E+02   0.7423225E+00   0.2826902E+02   0.0000000E+00
   0.1000000E+01   0.1330976E+02   0.2740790E+00   0.7076446E+02   0.7259210E+00   0.2661952E+02   0.0000000E+00
   0.2000000E+01   0.1221104E+02   0.3198766E+00   0.3510566E+02   0.6801234E+00   0.2442208E+02   0.0000000E+00
   0.3000000E+01   0.1218803E+02   0.3289453E+00   0.3581616E+02   0.6710547E+00   0.2437605E+02   0.0000000E+00
   0.1000000E+01   0.1221562E+02   0.3187451E+00   0.2544413E+02   0.6812549E+00   0.2443124E+02   0.0000000E+00
   0.1000000E+01   0.1505505E+02   0.2433701E+00   0.4753742E+02   0.7566299E+00   0.3011010E+02   0.0000000E+00
   0.1000000E+01   0.1636387E+02   0.2267731E+00   0.3234436E+02   0.7732269E+00   0.3272774E+02   0.0000000E+00
   0.1000000E+01   0.1425014E+02   0.2548647E+00   0.2284228E+02   0.7451353E+00   0.2850028E+02   0.0000000E+00
   0.1000000E+01   0.1329706E+02   0.2740540E+00   0.3456887E+02   0.7259460E+00   0.2659412E+02   0.0000000E+00
   0.3000000E+01   0.1330622E+02   0.2738428E+00   0.3469071E+02   0.7261572E+00   0.2661245E+02   0.0000000E+00
   0.1000000E+01   0.1224607E+02   0.3153812E+00   0.4376707E+02   0.6846188E+00   0.2449213E+02   0.0000000E+00
   0.3000000E+01   0.1234751E+02   0.3073145E+00   0.6332507E+02   0.6926855E+00   0.2469501E+02   0.0000000E+00
   0.1000000E+01   0.1236723E+02   0.3508890E+00   0.4721542E+02   0.6491110E+00   0.2473447E+02   0.0000000E+00
   0.2000000E+01   0.1302385E+02   0.3782155E+00   0.7062877E+02   0.6217845E+00   0.2604771E+02   0.0000000E+00
   0.2000000E+01   0.1291401E+02   0.2843733E+00   0.7681246E+02   0.7156267E+00   0.2582802E+02   0.0000000E+00
   0.3000000E+01   0.1384540E+02   0.2629382E+00   0.8039945E+02   0.7370618E+00   0.2769079E+02   0.0000000E+00
   0.1000000E+01   0.1525466E+02   0.2407897E+00   0.8069150E+02   0.7592103E+00   0.3050932E+02   0.0000000E+00
   0.4000000E+01   0.1603223E+02   0.2308032E+00   0.4212954E+02   0.7691968E+00   0.3206446E+02   0.0000000E+00
   0.2000000E+01   0.1545486E+02   0.2381403E+00   0.7575864E+02   0.7618597E+00   0.3090972E+02   0.0000000E+00
   0.3000000E+01   0.1448260E+02   0.2519811E+00   0.7615832E+02   0.7480189E+00   0.2896519E+02   0.0000000E+00
   0.1000000E+01   0.1283326E+02   0.2868014E+00   0.7091043E+02   0.7131986E+00   0.2566652E+02   0.0000000E+00
   0.1000000E+01   0.1329367E+02   0.2743619E+00   0.5103336E+02   0.7256381E+00   0.2658734E+02   0.0000000E+00
   0.1000000E+01   0.1231177E+02   0.3097722E+00   0.6386319E+02   0.6902278E+00   0.2462354E+02   0.0000000E+00
   0.3000000E+01   0.1230582E+02   0.3458280E+00   0.2228121E+02   0.6541720E+00   0.2461163E+02   0.0000000E+00
   0.2000000E+01   0.1224962E+02   0.3147563E+00   0.3149939E+02   0.6852437E+00   0.2449923E+02   0.0000000E+00
   0.3000000E+01   0.1218864E+02   0.3296638E+00   0.4321360E+02   0.6703362E+00   0.2437728E+02   0.0000000E+00
   0.1000000E+01   0.1219426E+02   0.3324321E+00   0.5263495E+02   0.6675679E+00   0.2438853E+02   0.0000000E+00
   0.1000000E+01   0.1225304E+02   0.3417873E+00   0.4938396E+02   0.6582127E+00   0.2450608E+02   0.0000000E+00
   0.1000000E+01   0.1222455E+02   0.3383356E+00   0.4628681E+02   0.6616644E+00   0.2444911E+02   0.0000000E+00
   0.4000000E+01   0.1235536E+02   0.3063501E+00   0.2918486E+02   0.6936499E+00   0.2471072E+02   0.0000000E+00
   0.8000000E+01   0.1221237E+02   0.3191059E+00   0.2320307E+02   0.6808941E+00   0.2442473E+02   0.0000000E+00
   0.1000000E+01   0.1285685E+02   0.2853412E+00   0.2458214E+02   0.7146588E+00   0.2571369E+02   0.0000000E+00
   0.1000000E+01   0.1247596E+02   0.3002937E+00   0.6927807E+02   0.6997063E+00   0.2495193E+02   0.0000000E+00
   0.1000000E+01   0.1255781E+02   0.2965221E+00   0.4635611E+02   0.7034779E+00   0.2511563E+02   0.0000000E+00
   0.1000000E+01   0.1373920E+02   0.2648110E+00   0.4569313E+02   0.7351890E+00   0.2747841E+02   0.0000000E+00
   0.2000000E+01   0.1340135E+02   0.2719492E+00   0.5914585E+02   0.7280508E+00   0.2680270E+02   0.0000000E+00
   0.1000000E+01   0.1324580E+02   0.2755374E+00   0.5720499E+02   0.7244626E+00   0.2649160E+02   0.0000000E+00
   0.2000000E+01   0.1396952E+02   0.2604988E+00   0.4754945E+02   0.7395012E+00   0.2793903E+02   0.0000000E+00
   0.1000000E+01   0.1250017E+02   0.2991045E+00   0.5495707E+02   0.7008955E+00   0.2500034E+02   0.0000000E+00
   0.9000000E+01   0.1247188E+02   0.3565489E+00   0.2922058E+02   0.6434511E+00   0.2494376E+02   0.0000000E+00
   0.2000000E+01   0.1294802E+02   0.3754280E+00   0.3041909E+02   0.6245720E+00   0.2589605E+02   0.0000000E+00
   0.2000000E+01   0.1233492E+02   0.3488289E+00   0.7400642E+02   0.6511711E+00   0.2466983E+02   0.0000000E+00
   0.1000000E+01   0.1224231E+02   0.3405299E+00   0.4151601E+02   0.6594701E+00   0.2448463E+02   0.0000000E+00
   0.1000000E+01   0.1225244E+02   0.3416957E+00   0.4594978E+02   0.6583043E+00   0.2450488E+02   0.0000000E+00
   0.2000000E+01   0.1382573E+02   0.3989445E+00   0.4511243E+02   0.6010555E+00   0.2765146E+02   0.0000000E+00
   0.2000000E+01   0.1219460E+02   0.3322918E+00   0.3181498E+02   0.6677082E+00   0.2438919E+02   0.0000000E+00
   0.5000000E+01   0.1219590E+02   0.3326741E+00   0.3122882E+02   0.6673259E+00   0.2439179E+02   0.0000000E+00
   0.2000000E+01   0.1235950E+02   0.3062938E+00   0.3602892E+02   0.6937062E+00   0.2471900E+02   0.0000000E+00
   0.1000000E+01   0.1229249E+02   0.3111603E+00   0.4858804E+02   0.6888397E+00   0.2458498E+02   0.0000000E+00
   0.2000000E+01   0.1274065E+02   0.3685089E+00   0.4512251E+02   0.6314911E+00   0.2548130E+02   0.0000000E+00
   0.4000000E+01   0.1279900E+02   0.3706696E+00   0.4801161E+02   0.6293304E+00   0.2559800E+02   0.0000000E+00
   0.3000000E+01   0.1269526E+02   0.3669089E+00   0.7224800E+02   0.6330911E+00   0.2539051E+02   0.0000000E+00
   0.6000000E+01   0.1249311E+02   0.3580994E+00   0.8946454E+02   0.6419006E+00   0.2498622E+02   0.0000000E+00
   0.6000000E+01   0.1225944E+02   0.3425744E+00   0.8907684E+02   0.6574256E+00   0.2451888E+02   0.0000000E+00
   0.1000000E+01   0.1224772E+02   0.3153885E+00   0.7919882E+02   0.6846115E+00   0.2449544E+02   0.0000000E+00
   0.9000000E+01   0.1225868E+02   0.3142740E+00   0.8056664E+02   0.6857260E+00   0.2451736E+02   0.0000000E+00
   0.5000000E+01   0.1225980E+02   0.3141655E+00   0.8069914E+02   0.6858345E+00   0.2451959E+02   0.0000000E+00
   0.1000000E+01   0.1252361E+02   0.3595389E+00   0.6702844E+02   0.6404611E+00   0.2504723E+02   0.0000000E+00
   0.1000000E+01   0.1228370E+02   0.3120227E+00   0.8427466E+02   0.6879773E+00   0.2456740E+02   0.0000000E+00
   0.1000000E+01   0.1261552E+02   0.2943133E+00   0.6426963E+02   0.7056867E+00   0.2523103E+02   0.0000000E+00
   0.4000000E+01   0.1237502E+02   0.3056493E+00   0.7578258E+02   0.6943507E+00   0.2475005E+02   0.0000000E+00
   0.2000000E+01   0.1236561E+02   0.3062131E+00   0.7431651E+02   0.6937869E+00   0.2473121E+02   0.0000000E+00
   0.4000000E+01   0.1230511E+02   0.3466279E+00   0.9184254E+02   0.6533721E+00   0.2461022E+02   0.0000000E+00
   0.1000000E+01   0.1225875E+02   0.3141347E+00   0.4905169E+02   0.6858653E+00   0.2451750E+02   0.0000000E+00
   0.2000000E+01   0.1277895E+02   0.2884812E+00   0.5693418E+02   0.7115188E+00   0.2555790E+02   0.0000000E+00
   0.2000000E+01   0.1230340E+02   0.3103013E+00   0.4780601E+02   0.6896987E+00   0.2460680E+02   0.0000000E+00
   0.5000000E+01   0.1219711E+02   0.3224475E+00   0.2611887E+02   0.6775525E+00   0.2439421E+02   0.0000000E+00
   0.1000000E+01   0.1218777E+02   0.3283865E+00   0.4335430E+02   0.6716135E+00   0.2437555E+02   0.0000000E+00
   0.1000000E+01   0.1331253E+02   0.3862415E+00   0.3606377E+02   0.6137585E+00   0.2662505E+02   0.0000000E+00
   0.2000000E+01   0.1320020E+02   0.3833270E+00   0.5127175E+02   0.6166730E+00   0.2640040E+02   0.0000000E+00
   0.2000000E+01   0.1423302E+02   0.4077819E+00   0.6376290E+02   0.5922181E+00   0.2846605E+02   0.0000000E+00
   0.2000000E+01   0.1243724E+02   0.3551030E+00   0.5763478E+02   0.6448970E+00   0.2487448E+02   0.0000000E+00
   0.1000000E+01   0.1310260E+02   0.2791117E+00   0.5757730E+02   0.7208883E+00   0.2620521E+02   0.0000000E+00
   0.1000000E+01   0.1306348E+02   0.2802114E+00   0.7962609E+02   0.7197886E+00   0.2612696E+02   0.0000000E+00
   0.2000000E+01   0.1241912E+02   0.3031760E+00   0.7865907E+02   0.6968240E+00   0.2483824E+02   0.0000000E+00
   0.1000000E+01   0.1219615E+02   0.3233651E+00   0.5994316E+02   0.6766349E+00   0.2439230E+02   0.0000000E+00
   0.2000000E+01   0.1268187E+02   0.2917131E+00   0.4502416E+02   0.7082869E+00   0.2536375E+02   0.0000000E+00
   0.2000000E+01   0.1270727E+02   0.2905740E+00   0.3212055E+02   0.7094260E+00   0.2541454E+02   0.0000000E+00
   0.2000000E+01   0.1275209E+02   0.2886957E+00   0.2458632E+02   0.7113043E+00   0.2550419E+02   0.0000000E+00
   0.3000000E+01   0.1294817E+02   0.2832594E+00   0.4900952E+02   0.7167406E+00   0.2589634E+02   0.0000000E+00
   0.2000000E+01   0.1332946E+02   0.2729592E+00   0.2569892E+02   0.7270408E+00   0.2665893E+02   0.0000000E+00
   0.2000000E+01   0.1220799E+02   0.3355973E+00   0.3909616E+02   0.6644027E+00   0.2441597E+02   0.0000000E+00
   0.1000000E+01   0.1222304E+02   0.3380315E+00   0.3854310E+02   0.6619685E+00   0.2444608E+02   0.0000000E+00
   0.1000000E+01   0.1231123E+02   0.3470055E+00   0.5409326E+02   0.6529945E+00   0.2462246E+02   0.0000000E+00
   0.3000000E+01   0.1220537E+02   0.3352775E+00   0.6855631E+02   0.6647225E+00   0.2441075E+02   0.0000000E+00
   0.1000000E+01   0.1236009E+02   0.3064523E+00   0.5125131E+02   0.6935477E+00   0.2472019E+02   0.0000000E+00
   0.4000000E+01   0.1243694E+02   0.3551651E+00   0.8863920E+02   0.6448349E+00   0.2487388E+02   0.0000000E+00
   0.1000000E+01   0.1380617E+02   0.3986613E+00   0.8682216E+02   0.6013387E+00   0.2761234E+02   0.0000000E+00
   0.3000000E+01   0.1372917E+02   0.3968748E+00   0.7536604E+02   0.6031252E+00   0.2745833E+02   0.0000000E+00
   0.7000000E+01   0.1388452E+02   0.4003980E+00   0.7387293E+02   0.5996020E+00   0.2776904E+02   0.0000000E+00
   0.1000000E+01   0.1235691E+02   0.3503414E+00   0.7685443E+02   0.6496586E+00   0.2471382E+02   0.0000000E+00
   0.1000000E+01   0.1234169E+02   0.3492541E+00   0.5855040E+02   0.6507459E+00   0.2468337E+02   0.0000000E+00
   0.1000000E+01   0.1234658E+02   0.3073617E+00   0.6027056E+02   0.6926383E+00   0.2469315E+02   0.0000000E+00
   0.4000000E+01   0.1241421E+02   0.3534278E+00   0.2959666E+02   0.6465722E+00   0.2482842E+02   0.0000000E+00
   0.4000000E+01   0.1248408E+02   0.3571529E+00   0.2871855E+02   0.6428471E+00   0.2496817E+02   0.0000000E+00
   0.1000000E+01   0.1278394E+02   0.3700040E+00   0.3757178E+02   0.6299960E+00   0.2556789E+02   0.0000000E+00
   0.2000000E+01   0.1221600E+02   0.3193726E+00   0.6676543E+02   0.6806274E+00   0.2443199E+02   0.0000000E+00
   0.1000000E+01   0.1252079E+02   0.2980628E+00   0.4213674E+02   0.7019372E+00   0.2504158E+02   0.0000000E+00
   0.2000000E+01   0.1248487E+02   0.2997048E+00   0.4282953E+02   0.7002952E+00   0.2496973E+02   0.0000000E+00
   0.4000000E+01   0.1385631E+02   0.3989249E+00   0.2192581E+02   0.6010751E+00   0.2771262E+02   0.0000000E+00
   0.1000000E+01   0.1345614E+02   0.3899781E+00   0.3548872E+02   0.6100219E+00   0.2691227E+02   0.0000000E+00
   0.2000000E+01   0.1433648E+02   0.4097067E+00   0.4034099E+02   0.5902933E+00   0.2867295E+02   0.0000000E+00
   0.1000000E+01   0.1247852E+02   0.3572138E+00   0.4680996E+02   0.6427862E+00   0.2495703E+02   0.0000000E+00
   0.3000000E+01   0.1257639E+02   0.3619280E+00   0.5821873E+02   0.6380720E+00   0.2515279E+02   0.0000000E+00
   0.3000000E+01   0.1311482E+02   0.3806923E+00   0.3588335E+02   0.6193077E+00   0.2622964E+02   0.0000000E+00
   0.1000000E+01   0.1246931E+02   0.3568515E+00   0.6847360E+02   0.6431485E+00   0.2493863E+02   0.0000000E+00
   0.1000000E+01   0.1232573E+02   0.3481461E+00   0.6607918E+02   0.6518539E+00   0.2465146E+02   0.0000000E+00
   0.1000000E+01   0.1227085E+02   0.3436623E+00   0.7619829E+02   0.6563377E+00   0.2454170E+02   0.0000000E+00
   0.1000000E+01   0.1421007E+02   0.2563849E+00   0.6234351E+02   0.7436151E+00   0.2842015E+02   0.0000000E+00
   0.1000000E+01   0.1287066E+02   0.3733060E+00   0.9202808E+02   0.6266940E+00   0.2574132E+02   0.0000000E+00
   0.2000000E+01   0.1330171E+02   0.3862116E+00   0.7302863E+02   0.6137884E+00   0.2660343E+02   0.0000000E+00
   0.3000000E+01   0.1242411E+02   0.3544632E+00   0.9927155E+02   0.6455368E+00   0.2484821E+02   0.0000000E+00
   0.1000000E+01   0.1242579E+02   0.3545575E+00   0.9907066E+02   0.6454425E+00   0.2485157E+02   0.0000000E+00
   0.2000000E+01   0.1236158E+02   0.3506786E+00   0.9841358E+02   0.6493214E+00   0.2472316E+02   0.0000000E+00
   0.1000000E+01   0.1226011E+02   0.3426527E+00   0.9928189E+02   0.6573473E+00   0.2452022E+02   0.0000000E+00
   0.5000000E+01   0.1218785E+02   0.3281117E+00   0.8882514E+02   0.6718883E+00   0.2437569E+02   0.0000000E+00
   0.7000000E+01   0.1222152E+02   0.3186031E+00   0.9106092E+02   0.6813969E+00   0.2444305E+02   0.0000000E+00
   0.4000000E+01   0.1243475E+02   0.3550504E+00   0.9319300E+02   0.6449496E+00   0.2486951E+02   0.0000000E+00
   0.1000000E+01   0.1222433E+02   0.3382275E+00   0.3945376E+02   0.6617725E+00   0.2444866E+02   0.0000000E+00
   0.1000000E+01   0.1277628E+02   0.2884908E+00   0.4644564E+02   0.7115092E+00   0.2555257E+02   0.0000000E+00
   0.1000000E+01   0.1232635E+02   0.3482059E+00   0.7117463E+02   0.6517941E+00   0.2465270E+02   0.0000000E+00
   0.5000000E+01   0.1264437E+02   0.3648135E+00   0.5569051E+02   0.6351865E+00   0.2528875E+02   0.0000000E+00
   0.1000000E+01   0.1237136E+02   0.3512696E+00   0.7231413E+02   0.6487304E+00   0.2474271E+02   0.0000000E+00
   0.1000000E+01   0.1235760E+02   0.3066523E+00   0.5853527E+02   0.6933477E+00   0.2471520E+02   0.0000000E+00
   0.3000000E+01   0.1218840E+02   0.3290931E+00   0.2283495E+02   0.6709069E+00   0.2437680E+02   0.0000000E+00
   0.5000000E+01   0.1244249E+02   0.3551908E+00   0.3680081E+02   0.6448092E+00   0.2488498E+02   0.0000000E+00
   0.1000000E+01   0.1227019E+02   0.3429190E+00   0.2432414E+02   0.6570810E+00   0.2454038E+02   0.0000000E+00
   0.3000000E+01   0.1263864E+02   0.2933141E+00   0.4599897E+02   0.7066859E+00   0.2527729E+02   0.0000000E+00
   0.1000000E+01   0.1230151E+02   0.3461600E+00   0.4387471E+02   0.6538400E+00   0.2460303E+02   0.0000000E+00
   0.1000000E+01   0.1226385E+02   0.3429979E+00   0.7922168E+02   0.6570021E+00   0.2452771E+02   0.0000000E+00
   0.2000000E+01   0.1225173E+02   0.3417634E+00   0.8104381E+02   0.6582366E+00   0.2450346E+02   0.0000000E+00
   0.1000000E+01   0.1220562E+02   0.3212130E+00   0.7863441E+02   0.6787870E+00   0.2441123E+02   0.0000000E+00
   0.4000000E+01   0.1226673E+02   0.3135304E+00   0.9492525E+02   0.6864696E+00   0.2453346E+02   0.0000000E+00
   0.6000000E+01   0.1266880E+02   0.2923825E+00   0.9951942E+02   0.7076175E+00   0.2533761E+02   0.0000000E+00
   0.4000000E+01   0.1285146E+02   0.2862555E+00   0.7838874E+02   0.7137445E+00   0.2570291E+02   0.0000000E+00
   0.2000000E+01   0.1440138E+02   0.2532775E+00   0.7750793E+02   0.7467225E+00   0.2880276E+02   0.0000000E+00
   0.6000000E+01   0.1260693E+02   0.2947134E+00   0.9496202E+02   0.7052866E+00   0.2521387E+02   0.0000000E+00
   0.1000000E+01   0.1218955E+02   0.3260860E+00   0.9599549E+02   0.6739140E+00   0.2437910E+02   0.0000000E+00
   0.3000000E+01   0.1232622E+02   0.3087835E+00   0.7912513E+02   0.6912165E+00   0.2465244E+02   0.0000000E+00
   0.2000000E+01   0.1230093E+02   0.3461104E+00   0.4360991E+02   0.6538896E+00   0.2460187E+02   0.0000000E+00
   0.1000000E+01   0.1239143E+02   0.3046730E+00   0.6782430E+02   0.6953270E+00   0.2478286E+02   0.0000000E+00
   0.2000000E+01   0.1276588E+02   0.2889941E+00   0.8353812E+02   0.7110059E+00   0.2553176E+02   0.0000000E+00
   0.4000000E+01   0.1221981E+02   0.3188593E+00   0.9884636E+02   0.6811407E+00   0.2443963E+02   0.0000000E+00
   0.1000000E+01   0.1219478E+02   0.3326807E+00   0.8047854E+02   0.6673193E+00   0.2438955E+02   0.0000000E+00
   0.3000000E+01   0.1221443E+02   0.3369437E+00   0.8149797E+02   0.6630563E+00   0.2442886E+02   0.0000000E+00
   0.2000000E+01   0.1454609E+02   0.4138387E+00   0.4332809E+02   0.5861613E+00   0.2909218E+02   0.0000000E+00
   0.1000000E+01   0.1337785E+02   0.3881300E+00   0.4897613E+02   0.6118700E+00   0.2675570E+02   0.0000000E+00
   0.3000000E+01   0.1379367E+02   0.3983597E+00   0.7624205E+02   0.6016403E+00   0.2758735E+02   0.0000000E+00
   0.3000000E+01   0.1374758E+02   0.3973063E+00   0.7799357E+02   0.6026937E+00   0.2749517E+02   0.0000000E+00
   0.4000000E+01   0.1312915E+02   0.3814013E+00   0.8644749E+02   0.6185987E+00   0.2625831E+02   0.0000000E+00
   0.4000000E+01   0.1264402E+02   0.3648709E+00   0.7823956E+02   0.6351291E+00   0.2528803E+02   0.0000000E+00
   0.1000000E+01   0.1219297E+02   0.3243024E+00   0.4813068E+02   0.6756976E+00   0.2438595E+02   0.0000000E+00
   0.1000000E+01   0.1246383E+02   0.3006724E+00   0.4021496E+02   0.6993276E+00   0.2492766E+02   0.0000000E+00
   0.1000000E+01   0.1250586E+02   0.2987322E+00   0.4232311E+02   0.7012678E+00   0.2501172E+02   0.0000000E+00
   0.1000000E+01   0.1227400E+02   0.3436829E+00   0.3585781E+02   0.6563171E+00   0.2454799E+02   0.0000000E+00
   0.4000000E+01   0.1228452E+02   0.3449055E+00   0.8110585E+02   0.6550945E+00   0.2456904E+02   0.0000000E+00
   0.3000000E+01   0.1245905E+02   0.3563546E+00   0.8880161E+02   0.6436454E+00   0.2491810E+02   0.0000000E+00
   0.3000000E+01   0.1244377E+02   0.3554847E+00   0.6404557E+02   0.6445153E+00   0.2488753E+02   0.0000000E+00
   0.1000000E+01   0.1222943E+02   0.3175327E+00   0.8894286E+02   0.6824673E+00   0.2445886E+02   0.0000000E+00
   0.6000000E+01   0.1229458E+02   0.3457643E+00   0.8398892E+02   0.6542357E+00   0.2458916E+02   0.0000000E+00
   0.1000000E+01   0.1221295E+02   0.3366089E+00   0.5305660E+02   0.6633911E+00   0.2442590E+02   0.0000000E+00
   0.2000000E+01   0.1223593E+02   0.3166447E+00   0.5822324E+02   0.6833553E+00   0.2447186E+02   0.0000000E+00
   0.1000000E+01   0.1227685E+02   0.3118249E+00   0.2432594E+02   0.6881751E+00   0.2455369E+02   0.0000000E+00
   0.2000000E+01   0.1260376E+02   0.2946897E+00   0.4955837E+02   0.7053103E+00   0.2520751E+02   0.0000000E+00
   0.3000000E+01   0.1258102E+02   0.2956975E+00   0.6969380E+02   0.7043025E+00   0.2516204E+02   0.0000000E+00
   0.2000000E+01   0.1219427E+02   0.3239485E+00   0.6131387E+02   0.6760515E+00   0.2438854E+02   0.0000000E+00
   0.1000000E+01   0.1218801E+02   0.3273704E+00   0.5429542E+02   0.6726296E+00   0.2437602E+02   0.0000000E+00
   0.3000000E+01   0.1232800E+02   0.3085538E+00   0.5183497E+02   0.6914462E+00   0.2465599E+02   0.0000000E+00
   0.1000000E+01   0.1239021E+02   0.3046823E+00   0.5437797E+02   0.6953177E+00   0.2478042E+02   0.0000000E+00
   0.1000000E+01   0.1323189E+02   0.2758197E+00   0.4936514E+02   0.7241803E+00   0.2646378E+02   0.0000000E+00
   0.2000000E+01   0.1347815E+02   0.2702594E+00   0.5820997E+02   0.7297406E+00   0.2695630E+02   0.0000000E+00
   0.4000000E+01   0.1283614E+02   0.3721134E+00   0.8605230E+02   0.6278866E+00   0.2567227E+02   0.0000000E+00
   0.1000000E+01   0.1236013E+02   0.3505784E+00   0.9336061E+02   0.6494216E+00   0.2472026E+02   0.0000000E+00
   0.8000000E+01   0.1259995E+02   0.2948593E+00   0.5211678E+02   0.7051407E+00   0.2519990E+02   0.0000000E+00
   0.3000000E+01   0.1231900E+02   0.3468379E+00   0.2224183E+02   0.6531621E+00   0.2463801E+02   0.0000000E+00
   0.1000000E+01   0.1228684E+02   0.3117021E+00   0.6204798E+02   0.6882979E+00   0.2457367E+02   0.0000000E+00
   0.3000000E+01   0.1243165E+02   0.3025245E+00   0.8266092E+02   0.6974755E+00   0.2486331E+02   0.0000000E+00
   0.4000000E+01   0.1219404E+02   0.3321183E+00   0.3215026E+02   0.6678817E+00   0.2438808E+02   0.0000000E+00
   0.2000000E+01   0.1218882E+02   0.3296866E+00   0.3163644E+02   0.6703134E+00   0.2437764E+02   0.0000000E+00
   0.2000000E+01   0.1233171E+02   0.3079901E+00   0.3182806E+02   0.6920099E+00   0.2466343E+02   0.0000000E+00
   0.1000000E+01   0.1236520E+02   0.3059346E+00   0.3567466E+02   0.6940654E+00   0.2473040E+02   0.0000000E+00
   0.1000000E+01   0.1228373E+02   0.3447741E+00   0.5858091E+02   0.6552259E+00   0.2456747E+02   0.0000000E+00
   0.1000000E+01   0.1241708E+02   0.3033039E+00   0.8966221E+02   0.6966961E+00   0.2483416E+02   0.0000000E+00
   0.2000000E+01   0.1253554E+02   0.3601218E+00   0.7499114E+02   0.6398782E+00   0.2507109E+02   0.0000000E+00
   0.2000000E+01   0.1229843E+02   0.3108127E+00   0.7404465E+02   0.6891873E+00   0.2459686E+02   0.0000000E+00
   0.4000000E+01   0.1246489E+02   0.3558426E+00   0.2277241E+02   0.6441574E+00   0.2492978E+02   0.0000000E+00
   0.2000000E+01   0.1235717E+02   0.3066224E+00   0.4970296E+02   0.6933776E+00   0.2471434E+02   0.0000000E+00
   0.1000000E+01   0.1223926E+02   0.3402291E+00   0.4693368E+02   0.6597709E+00   0.2447852E+02   0.0000000E+00
   0.1000000E+01   0.1223352E+02   0.3394405E+00   0.3914180E+02   0.6605595E+00   0.2446703E+02   0.0000000E+00
   0.5000000E+01   0.1224642E+02   0.3152159E+00   0.3602560E+02   0.6847841E+00   0.2449285E+02   0.0000000E+00
   0.1000000E+01   0.1323042E+02   0.2758484E+00   0.4856090E+02   0.7241516E+00   0.2646084E+02   0.0000000E+00
   0.4000000E+01   0.1322851E+02   0.2758955E+00   0.4864713E+02   0.7241045E+00   0.2645701E+02   0.0000000E+00
   0.1000000E+01   0.1286270E+02   0.2856318E+00   0.3728386E+02   0.7143682E+00   0.2572540E+02   0.0000000E+00
   0.1000000E+01   0.1239833E+02   0.3528787E+00   0.5739317E+02   0.6471213E+00   0.2479666E+02   0.0000000E+00
   0.1000000E+01   0.1221186E+02   0.3200501E+00   0.6849906E+02   0.6799499E+00   0.2442372E+02   0.0000000E+00
   0.3000000E+01   0.1237434E+02   0.3055784E+00   0.5022532E+02   0.6944216E+00   0.2474868E+02   0.0000000E+00
   0.2000000E+01   0.1245077E+02   0.3012925E+00   0.3878192E+02   0.6987075E+00   0.2490154E+02   0.0000000E+00
   0.1000000E+01   0.1286045E+02   0.2857970E+00   0.4357560E+02   0.7142030E+00   0.2572091E+02   0.0000000E+00
   0.2000000E+01   0.1236146E+02   0.3064635E+00   0.7261143E+02   0.6935365E+00   0.2472292E+02   0.0000000E+00
   0.1000000E+01   0.1283784E+02   0.2867012E+00   0.9366347E+02   0.7132988E+00   0.2567568E+02   0.0000000E+00
   0.3000000E+01   0.1302786E+02   0.2811809E+00   0.8712414E+02   0.7188191E+00   0.2605573E+02   0.0000000E+00
   0.5000000E+01   0.1326357E+02   0.2752021E+00   0.8840413E+02   0.7247979E+00   0.2652715E+02   0.0000000E+00
   0.3000000E+01   0.1234008E+02   0.3078721E+00   0.9763306E+02   0.6921279E+00   0.2468016E+02   0.0000000E+00
   0.3000000E+01   0.1312690E+02   0.2785685E+00   0.8542028E+02   0.7214315E+00   0.2625380E+02   0.0000000E+00
   0.3000000E+01   0.1310575E+02   0.2791122E+00   0.8499135E+02   0.7208878E+00   0.2621151E+02   0.0000000E+00
   0.5000000E+01   0.1218895E+02   0.3299276E+00   0.4509045E+02   0.6700724E+00   0.2437789E+02   0.0000000E+00
   0.3000000E+01   0.1219847E+02   0.3227673E+00   0.6714089E+02   0.6772327E+00   0.2439695E+02   0.0000000E+00
   0.1000000E+01   0.1223753E+02   0.3165251E+00   0.7957703E+02   0.6834749E+00   0.2447507E+02   0.0000000E+00
   0.2000000E+01   0.1320530E+02   0.2766215E+00   0.9781172E+02   0.7233785E+00   0.2641059E+02   0.0000000E+00
   0.1000000E+01   0.1331597E+02   0.2739822E+00   0.9717684E+02   0.7260178E+00   0.2663193E+02   0.0000000E+00
   0.4000000E+01   0.1225480E+02   0.3144289E+00   0.4061771E+02   0.6855711E+00   0.2450960E+02   0.0000000E+00
   0.2000000E+01   0.1225995E+02   0.3421904E+00   0.3017171E+02   0.6578096E+00   0.2451990E+02   0.0000000E+00
   0.5000000E+01   0.1220897E+02   0.3351128E+00   0.2129149E+02   0.6648872E+00   0.2441794E+02   0.0000000E+00
   0.1000000E+01   0.1239814E+02   0.3524129E+00   0.2767670E+02   0.6475871E+00   0.2479628E+02   0.0000000E+00
   0.3000000E+01   0.1248336E+02   0.3568346E+00   0.2335931E+02   0.6431654E+00   0.2496672E+02   0.0000000E+00
   0.2000000E+01   0.1255022E+02   0.3605797E+00   0.3875102E+02   0.6394203E+00   0.2510045E+02   0.0000000E+00
   0.2000000E+01   0.1229866E+02   0.3461173E+00   0.9856517E+02   0.6538827E+00   0.2459733E+02   0.0000000E+00
   0.3000000E+01   0.1239691E+02   0.3043907E+00   0.7841362E+02   0.6956093E+00   0.2479382E+02   0.0000000E+00
   0.6000000E+01   0.1304691E+02   0.3788415E+00   0.5143359E+02   0.6211585E+00   0.2609381E+02   0.0000000E+00
   0.8000000E+01   0.1296527E+02   0.3764080E+00   0.8575500E+02   0.6235920E+00   0.2593055E+02   0.0000000E+00
   0.6000000E+01   0.1231622E+02   0.3471242E+00   0.3290359E+02   0.6528758E+00   0.2463243E+02   0.0000000E+00
   0.1000000E+01   0.1243424E+02   0.3016616E+00   0.2497646E+02   0.6983384E+00   0.2486847E+02   0.0000000E+00
   0.2000000E+01   0.1268087E+02   0.3662153E+00   0.4593788E+02   0.6337847E+00   0.2536173E+02   0.0000000E+00
   0.2000000E+01   0.1220198E+02   0.3219382E+00   0.6753765E+02   0.6780618E+00   0.2440397E+02   0.0000000E+00
   0.2000000E+01   0.1427554E+02   0.2551112E+00   0.4070333E+02   0.7448888E+00   0.2855107E+02   0.0000000E+00
   0.1000000E+01   0.1219077E+02   0.3247190E+00   0.2806785E+02   0.6752810E+00   0.2438154E+02   0.0000000E+00
   0.2000000E+01   0.1220255E+02   0.3346582E+00   0.6043170E+02   0.6653418E+00   0.2440511E+02   0.0000000E+00
   0.1000000E+01   0.1230676E+02   0.3465743E+00   0.4362990E+02   0.6534257E+00   0.2461352E+02   0.0000000E+00
   0.1000000E+01   0.1346451E+02   0.3900687E+00   0.3063112E+02   0.6099313E+00   0.2692902E+02   0.0000000E+00
   0.1000000E+01   0.1400366E+02   0.4029156E+00   0.5120873E+02   0.5970844E+00   0.2800733E+02   0.0000000E+00
   0.1000000E+01   0.1474630E+02   0.4176616E+00   0.5034852E+02   0.5823384E+00   0.2949261E+02   0.0000000E+00
   0.1000000E+01   0.1475638E+02   0.4177708E+00   0.4192878E+02   0.5822292E+00   0.2951275E+02   0.0000000E+00
   0.2000000E+01   0.1480427E+02   0.4186559E+00   0.4247723E+02   0.5813441E+00   0.2960854E+02   0.0000000E+00
   0.1000000E+01   0.1229755E+02   0.3450663E+00   0.2116576E+02   0.6549337E+00   0.2459510E+02   0.0000000E+00
   0.1000000E+01   0.1225136E+02   0.3149289E+00   0.5654596E+02   0.6850711E+00   0.2450272E+02   0.0000000E+00
   0.2000000E+01   0.1240239E+02   0.3532092E+00   0.9723085E+02   0.6467908E+00   0.2480477E+02   0.0000000E+00
   0.3000000E+01   0.1246195E+02   0.3565080E+00   0.8932862E+02   0.6434920E+00   0.2492391E+02   0.0000000E+00
   0.2000000E+01   0.1222006E+02   0.3186784E+00   0.5114659E+02   0.6813216E+00   0.2444012E+02   0.0000000E+00
   0.2000000E+01   0.1224185E+02   0.3406780E+00   0.8852723E+02   0.6593220E+00   0.2448371E+02   0.0000000E+00
   0.1000000E+01   0.1268773E+02   0.3666399E+00   0.8617856E+02   0.6333601E+00   0.2537546E+02   0.0000000E+00
   0.7000000E+01   0.1266508E+02   0.2925156E+00   0.9673841E+02   0.7074844E+00   0.2533016E+02   0.0000000E+00
   0.2000000E+01   0.1237449E+02   0.3056918E+00   0.8085110E+02   0.6943082E+00   0.2474897E+02   0.0000000E+00
   0.1000000E+01   0.1224218E+02   0.3159796E+00   0.7329516E+02   0.6840204E+00   0.2448436E+02   0.0000000E+00
   0.2000000E+01   0.1241075E+02   0.3536419E+00   0.6594519E+02   0.6463581E+00   0.2482150E+02   0.0000000E+00
   0.3000000E+01   0.1219029E+02   0.3256073E+00   0.7319996E+02   0.6743927E+00   0.2438059E+02   0.0000000E+00
   0.1000000E+01   0.1219345E+02   0.3243198E+00   0.9925304E+02   0.6756802E+00   0.2438690E+02   0.0000000E+00
   0.2000000E+01   0.1240100E+02   0.3041066E+00   0.6048123E+02   0.6958934E+00   0.2480200E+02   0.0000000E+00
   0.2000000E+01   0.1269813E+02   0.2912767E+00   0.6929179E+02   0.7087233E+00   0.2539626E+02   0.0000000E+00
   0.2000000E+01   0.1256415E+02   0.3612284E+00   0.3981618E+02   0.6387716E+00   0.2512830E+02   0.0000000E+00
   0.1000000E+01   0.1218784E+02   0.3279211E+00   0.6508786E+02   0.6720789E+00   0.2437568E+02   0.0000000E+00
   0.3000000E+01   0.1245543E+02   0.3561486E+00   0.7921324E+02   0.6438514E+00   0.2491087E+02   0.0000000E+00
   0.4000000E+01   0.1400698E+02   0.4028439E+00   0.3770115E+02   0.5971561E+00   0.2801395E+02   0.0000000E+00
   0.2000000E+01   0.1230851E+02   0.3468828E+00   0.8297636E+02   0.6531172E+00   0.2461701E+02   0.0000000E+00
   0.1000000E+01   0.1266825E+02   0.2921728E+00   0.4226944E+02   0.7078272E+00   0.2533651E+02   0.0000000E+00
   0.5000000E+01   0.1219812E+02   0.3326831E+00   0.2003147E+02   0.6673169E+00   0.2439624E+02   0.0000000E+00
   0.1000000E+01   0.1220457E+02   0.3203499E+00   0.2140965E+02   0.6796501E+00   0.2440915E+02   0.0000000E+00
   0.3000000E+01   0.1219297E+02   0.3243523E+00   0.5362900E+02   0.6756477E+00   0.2438594E+02   0.0000000E+00
   0.1000000E+01   0.1233767E+02   0.3079481E+00   0.6059776E+02   0.6920519E+00   0.2467534E+02   0.0000000E+00
   0.2000000E+01   0.1302348E+02   0.2808519E+00   0.3126168E+02   0.7191481E+00   0.2604696E+02   0.0000000E+00
   0.1000000E+01   0.1305127E+02   0.3790929E+00   0.9330309E+02   0.6209071E+00   0.2610254E+02   0.0000000E+00
   0.2000000E+01   0.1245501E+02   0.3561385E+00   0.8688353E+02   0.6438615E+00   0.2491002E+02   0.0000000E+00
   0.1000000E+01   0.1279112E+02   0.3705220E+00   0.8575620E+02   0.6294780E+00   0.2558224E+02   0.0000000E+00
   0.1000000E+01   0.1276860E+02   0.3696782E+00   0.7149411E+02   0.6303218E+00   0.2553721E+02   0.0000000E+00
   0.8000000E+01   0.1427501E+02   0.4085669E+00   0.5004423E+02   0.5914331E+00   0.2855002E+02   0.0000000E+00
   0.2000000E+01   0.1280615E+02   0.3701994E+00   0.2216862E+02   0.6298006E+00   0.2561229E+02   0.0000000E+00
   0.4000000E+01   0.1282971E+02   0.2866562E+00   0.3755156E+02   0.7133438E+00   0.2565943E+02   0.0000000E+00
   0.3000000E+01   0.1231973E+02   0.3477278E+00   0.7605221E+02   0.6522722E+00   0.2463946E+02   0.0000000E+00
   0.1000000E+01   0.1226043E+02   0.3425183E+00   0.4594747E+02   0.6574817E+00   0.2452086E+02   0.0000000E+00
   0.2000000E+01   0.1222537E+02   0.3385563E+00   0.6669644E+02   0.6614437E+00   0.2445075E+02   0.0000000E+00
   0.1000000E+01   0.1219938E+02   0.3222080E+00   0.3449990E+02   0.6777920E+00   0.2439875E+02   0.0000000E+00
   0.1000000E+01   0.1337626E+02   0.2724346E+00   0.4771412E+02   0.7275654E+00   0.2675252E+02   0.0000000E+00
   0.2000000E+01   0.1238370E+02   0.3517079E+00   0.3279322E+02   0.6482921E+00   0.2476740E+02   0.0000000E+00
   0.1000000E+01   0.1220289E+02   0.3345949E+00   0.4093705E+02   0.6654051E+00   0.2440578E+02   0.0000000E+00
   0.3000000E+01   0.1225940E+02   0.3424368E+00   0.4848971E+02   0.6575632E+00   0.2451881E+02   0.0000000E+00
   0.3000000E+01   0.1219229E+02   0.3247357E+00   0.8678431E+02   0.6752643E+00   0.2438457E+02   0.0000000E+00
   0.4000000E+01   0.1219212E+02   0.3245664E+00   0.4296931E+02   0.6754336E+00   0.2438423E+02   0.0000000E+00
   0.1000000E+01   0.1341713E+02   0.2716895E+00   0.9733452E+02   0.7283105E+00   0.2683426E+02   0.0000000E+00
   0.1000000E+01   0.1220453E+02   0.3214155E+00   0.7302628E+02   0.6785845E+00   0.2440907E+02   0.0000000E+00
   0.4000000E+01   0.1221641E+02   0.3372725E+00   0.8781925E+02   0.6627275E+00   0.2443282E+02   0.0000000E+00
   0.3000000E+01   0.1218789E+02   0.3278807E+00   0.9313178E+02   0.6721193E+00   0.2437579E+02   0.0000000E+00
   0.2000000E+01   0.1223108E+02   0.3172779E+00   0.6811007E+02   0.6827221E+00   0.2446216E+02   0.0000000E+00
   0.5000000E+01   0.1228756E+02   0.3117150E+00   0.9272080E+02   0.6882850E+00   0.2457512E+02   0.0000000E+00
   0.1000000E+01   0.1238283E+02   0.3052141E+00   0.8922131E+02   0.6947859E+00   0.2476566E+02   0.0000000E+00
   0.1000000E+01   0.1269799E+02   0.2913208E+00   0.8759758E+02   0.7086792E+00   0.2539597E+02   0.0000000E+00
   0.2000000E+01   0.1251000E+02   0.2987184E+00   0.6849699E+02   0.7012816E+00   0.2502000E+02   0.0000000E+00
   0.3000000E+01   0.1354034E+02   0.2690121E+00   0.8414671E+02   0.7309879E+00   0.2708067E+02   0.0000000E+00
   0.1000000E+01   0.1258154E+02   0.2956622E+00   0.6530374E+02   0.7043378E+00   0.2516308E+02   0.0000000E+00
   0.1000000E+01   0.1281987E+02   0.2871829E+00   0.6018265E+02   0.7128171E+00   0.2563975E+02   0.0000000E+00
   0.2000000E+01   0.1221579E+02   0.3371816E+00   0.9502161E+02   0.6628184E+00   0.2443158E+02   0.0000000E+00
   0.1000000E+01   0.1218893E+02   0.3264869E+00   0.7762370E+02   0.6735131E+00   0.2437787E+02   0.0000000E+00
   0.1000000E+01   0.1477612E+02   0.4182224E+00   0.5218478E+02   0.5817776E+00   0.2955224E+02   0.0000000E+00
   0.4000000E+01   0.1279729E+02   0.2870872E+00   0.2292911E+02   0.7129128E+00   0.2559458E+02   0.0000000E+00
   0.1000000E+01   0.1254815E+02   0.2962339E+00   0.2322740E+02   0.7037661E+00   0.2509630E+02   0.0000000E+00
   0.4000000E+01   0.1261185E+02   0.2942901E+00   0.4178289E+02   0.7057099E+00   0.2522371E+02   0.0000000E+00
   0.1000000E+01   0.1269492E+02   0.3665479E+00   0.3229961E+02   0.6334521E+00   0.2538984E+02   0.0000000E+00
   0.2000000E+01   0.1243014E+02   0.3026093E+00   0.8631058E+02   0.6973907E+00   0.2486028E+02   0.0000000E+00
   0.2000000E+01   0.1240037E+02   0.3042153E+00   0.8895089E+02   0.6957847E+00   0.2480074E+02   0.0000000E+00
   0.2000000E+01   0.1289716E+02   0.2848977E+00   0.9298717E+02   0.7151023E+00   0.2579432E+02   0.0000000E+00
   0.2000000E+01   0.1318268E+02   0.2771477E+00   0.7736952E+02   0.7228523E+00   0.2636537E+02   0.0000000E+00
   0.1000000E+01   0.1270343E+02   0.2910333E+00   0.5577156E+02   0.7089667E+00   0.2540686E+02   0.0000000E+00
   0.1000000E+01   0.1222003E+02   0.3377930E+00   0.6831302E+02   0.6622070E+00   0.2444007E+02   0.0000000E+00
   0.1000000E+01   0.1272444E+02   0.3679164E+00   0.4723072E+02   0.6320836E+00   0.2544887E+02   0.0000000E+00
   0.2000000E+01   0.1255708E+02   0.3609484E+00   0.4292269E+02   0.6390516E+00   0.2511415E+02   0.0000000E+00
   0.1000000E+01   0.1219873E+02   0.3334855E+00   0.3286829E+02   0.6665145E+00   0.2439746E+02   0.0000000E+00
   0.6000000E+01   0.1218839E+02   0.3294569E+00   0.4991614E+02   0.6705431E+00   0.2437678E+02   0.0000000E+00
   0.2000000E+01   0.1242658E+02   0.3544884E+00   0.5325258E+02   0.6455116E+00   0.2485316E+02   0.0000000E+00
   0.2000000E+01   0.1329551E+02   0.3858621E+00   0.4107005E+02   0.6141379E+00   0.2659102E+02   0.0000000E+00
   0.1000000E+01   0.1220240E+02   0.3345823E+00   0.5184083E+02   0.6654177E+00   0.2440480E+02   0.0000000E+00
   0.1000000E+01   0.1219035E+02   0.3250602E+00   0.3102384E+02   0.6749398E+00   0.2438070E+02   0.0000000E+00
   0.1000000E+01   0.1219067E+02   0.3249109E+00   0.3121660E+02   0.6750891E+00   0.2438134E+02   0.0000000E+00
   0.6000000E+01   0.1265323E+02   0.2918028E+00   0.2040598E+02   0.7081972E+00   0.2530647E+02   0.0000000E+00
   0.5000000E+01   0.1260375E+02   0.2948358E+00   0.9284517E+02   0.7051642E+00   0.2520750E+02   0.0000000E+00
   0.1000000E+01   0.1220688E+02   0.3209409E+00   0.6814832E+02   0.6790591E+00   0.2441375E+02   0.0000000E+00
   0.1000000E+01   0.1361048E+02   0.2673654E+00   0.4394506E+02   0.7326346E+00   0.2722096E+02   0.0000000E+00
   0.1000000E+01   0.1294543E+02   0.2831120E+00   0.3397795E+02   0.7168880E+00   0.2589085E+02   0.0000000E+00
   0.1000000E+01   0.1228238E+02   0.3120308E+00   0.5382637E+02   0.6879692E+00   0.2456475E+02   0.0000000E+00
   0.1000000E+01   0.1226613E+02   0.3134639E+00   0.5329486E+02   0.6865361E+00   0.2453226E+02   0.0000000E+00
   0.5000000E+01   0.1225410E+02   0.3420239E+00   0.8751428E+02   0.6579761E+00   0.2450820E+02   0.0000000E+00
   0.1000000E+01   0.1222740E+02   0.3388677E+00   0.8264512E+02   0.6611323E+00   0.2445480E+02   0.0000000E+00
   0.2000000E+01   0.1407437E+02   0.4044844E+00   0.6351106E+02   0.5955156E+00   0.2814874E+02   0.0000000E+00
   0.5000000E+01   0.1315393E+02   0.3818859E+00   0.3913486E+02   0.6181141E+00   0.2630786E+02   0.0000000E+00
   0.2000000E+01   0.1220312E+02   0.3348015E+00   0.6644890E+02   0.6651985E+00   0.2440624E+02   0.0000000E+00
   0.1000000E+01   0.1251476E+02   0.2985501E+00   0.8986634E+02   0.7014499E+00   0.2502953E+02   0.0000000E+00
   0.4000000E+01   0.1271358E+02   0.2907697E+00   0.8463804E+02   0.7092303E+00   0.2542715E+02   0.0000000E+00
   0.1000000E+01   0.1238354E+02   0.3050216E+00   0.4837451E+02   0.6949784E+00   0.2476708E+02   0.0000000E+00
   0.2000000E+01   0.1231167E+02   0.3096817E+00   0.4766218E+02   0.6903183E+00   0.2462333E+02   0.0000000E+00
   0.1000000E+01   0.1218953E+02   0.3304296E+00   0.7186982E+02   0.6695704E+00   0.2437907E+02   0.0000000E+00
   0.3000000E+01   0.1260470E+02   0.2947879E+00   0.8542916E+02   0.7052121E+00   0.2520940E+02   0.0000000E+00
   0.1000000E+01   0.1226919E+02   0.3132677E+00   0.7367547E+02   0.6867323E+00   0.2453838E+02   0.0000000E+00
   0.1000000E+01   0.1367146E+02   0.2660985E+00   0.4146297E+02   0.7339015E+00   0.2734292E+02   0.0000000E+00
   0.1000000E+01   0.1218812E+02   0.3258150E+00   0.2154431E+02   0.6741850E+00   0.2437624E+02   0.0000000E+00
   0.1000000E+01   0.1266478E+02   0.3657081E+00   0.7496911E+02   0.6342919E+00   0.2532957E+02   0.0000000E+00
   0.1000000E+01   0.1234044E+02   0.3078119E+00   0.7509882E+02   0.6921881E+00   0.2468088E+02   0.0000000E+00
   0.1000000E+01   0.1232780E+02   0.3085194E+00   0.4623651E+02   0.6914806E+00   0.2465560E+02   0.0000000E+00
   0.1000000E+01   0.1237625E+02   0.3053635E+00   0.4088260E+02   0.6946365E+00   0.2475251E+02   0.0000000E+00
   0.2000000E+01   0.1249594E+02   0.2991870E+00   0.4252879E+02   0.7008130E+00   0.2499189E+02   0.0000000E+00
   0.3000000E+01   0.1346858E+02   0.3904049E+00   0.4284330E+02   0.6095951E+00   0.2693715E+02   0.0000000E+00
   0.1000000E+02   0.1240496E+02   0.3527637E+00   0.2653052E+02   0.6472363E+00   0.2480991E+02   0.0000000E+00
   0.1000000E+01   0.1239523E+02   0.3038035E+00   0.2562644E+02   0.6961965E+00   0.2479047E+02   0.0000000E+00
   0.3000000E+01   0.1247025E+02   0.3005812E+00   0.7460905E+02   0.6994188E+00   0.2494051E+02   0.0000000E+00
   0.1000000E+01   0.1276916E+02   0.2888305E+00   0.6278450E+02   0.7111695E+00   0.2553831E+02   0.0000000E+00
   0.1000000E+01   0.1271079E+02   0.3670510E+00   0.2879710E+02   0.6329490E+00   0.2542158E+02   0.0000000E+00
   0.1000000E+01   0.1244336E+02   0.3019357E+00   0.8961206E+02   0.6980643E+00   0.2488671E+02   0.0000000E+00
   0.1000000E+01   0.1583607E+02   0.2332942E+00   0.5824314E+02   0.7667058E+00   0.3167213E+02   0.0000000E+00
   0.1000000E+01   0.1481015E+02   0.2468872E+00   0.4969375E+02   0.7531128E+00   0.2962029E+02   0.0000000E+00
   0.5000000E+01   0.1230610E+02   0.3102594E+00   0.9323424E+02   0.6897406E+00   0.2461220E+02   0.0000000E+00
   0.5000000E+01   0.1219287E+02   0.3244846E+00   0.7503638E+02   0.6755154E+00   0.2438575E+02   0.0000000E+00
   0.3000000E+01   0.1234100E+02   0.3491244E+00   0.4596827E+02   0.6508756E+00   0.2468200E+02   0.0000000E+00
   0.2000000E+01   0.1218789E+02   0.3286507E+00   0.9914774E+02   0.6713493E+00   0.2437579E+02   0.0000000E+00
   0.3000000E+01   0.1242028E+02   0.3542410E+00   0.9339786E+02   0.6457590E+00   0.2484056E+02   0.0000000E+00
   0.2000000E+01   0.1266613E+02   0.3657302E+00   0.6340316E+02   0.6342698E+00   0.2533227E+02   0.0000000E+00
   0.2000000E+01   0.1227235E+02   0.3435566E+00   0.3726141E+02   0.6564434E+00   0.2454470E+02   0.0000000E+00
   0.3000000E+01   0.1259864E+02   0.2950426E+00   0.9759381E+02   0.7049574E+00   0.2519729E+02   0.0000000E+00
   0.2000000E+01   0.1359378E+02   0.3936956E+00   0.9520107E+02   0.6063044E+00   0.2718755E+02   0.0000000E+00
   0.3000000E+01   0.1350228E+02   0.3907696E+00   0.2482999E+02   0.6092304E+00   0.2700456E+02   0.0000000E+00
   0.3000000E+01   0.1588050E+02   0.4367723E+00   0.3907798E+02   0.5632277E+00   0.3176100E+02   0.0000000E+00
   0.2000000E+01   0.1231161E+02   0.3096324E+00   0.4278760E+02   0.6903676E+00   0.2462322E+02   0.0000000E+00
   0.1000000E+01   0.1231679E+02   0.3471603E+00   0.3261963E+02   0.6528397E+00   0.2463358E+02   0.0000000E+00
   0.4000000E+01   0.1233745E+02   0.3487249E+00   0.3519045E+02   0.6512751E+00   0.2467490E+02   0.0000000E+00
   0.4000000E+01   0.1218847E+02   0.3295862E+00   0.7213278E+02   0.6704138E+00   0.2437694E+02   0.0000000E+00
   0.6000000E+01   0.1225464E+02   0.3142450E+00   0.3161115E+02   0.6857550E+00   0.2450927E+02   0.0000000E+00
   0.1000000E+01   0.1223155E+02   0.3170961E+00   0.4686745E+02   0.6829039E+00   0.2446310E+02   0.0000000E+00
   0.1000000E+01   0.1252787E+02   0.3597756E+00   0.8292456E+02   0.6402244E+00   0.2505574E+02   0.0000000E+00
   0.2000000E+01   0.1227173E+02   0.3437676E+00   0.9116383E+02   0.6562324E+00   0.2454345E+02   0.0000000E+00
   0.4000000E+01   0.1218815E+02   0.3292032E+00   0.8372900E+02   0.6707968E+00   0.2437630E+02   0.0000000E+00
   0.3000000E+01   0.1220948E+02   0.3360433E+00   0.6249234E+02   0.6639567E+00   0.2441895E+02   0.0000000E+00
   0.1000000E+01   0.1262083E+02   0.2930496E+00   0.2059882E+02   0.7069504E+00   0.2524165E+02   0.0000000E+00
   0.1000000E+01   0.1300884E+02   0.2810145E+00   0.2585208E+02   0.7189855E+00   0.2601769E+02   0.0000000E+00
   0.2000000E+01   0.1218803E+02   0.3289639E+00   0.4062930E+02   0.6710361E+00   0.2437605E+02   0.0000000E+00
   0.1000000E+01   0.1234549E+02   0.3493415E+00   0.3838515E+02   0.6506585E+00   0.2469099E+02   0.0000000E+00
   0.2000000E+01   0.1232406E+02   0.3476564E+00   0.3099830E+02   0.6523436E+00   0.2464811E+02   0.0000000E+00
   0.1000000E+01   0.1247677E+02   0.3002271E+00   0.6143574E+02   0.6997729E+00   0.2495354E+02   0.0000000E+00
   0.1000000E+01   0.1245556E+02   0.3012544E+00   0.6129290E+02   0.6987456E+00   0.2491111E+02   0.0000000E+00
   0.3000000E+01   0.1246729E+02   0.3006719E+00   0.5933824E+02   0.6993281E+00   0.2493458E+02   0.0000000E+00
   0.1000000E+01   0.1293984E+02   0.2836316E+00   0.8127808E+02   0.7163684E+00   0.2587968E+02   0.0000000E+00
   0.5000000E+01   0.1452351E+02   0.2513264E+00   0.7119002E+02   0.7486736E+00   0.2904701E+02   0.0000000E+00
   0.1000000E+01   0.1377705E+02   0.2642494E+00   0.8512253E+02   0.7357506E+00   0.2755411E+02   0.0000000E+00
   0.1000000E+01   0.1287458E+02   0.3732346E+00   0.4190405E+02   0.6267654E+00   0.2574916E+02   0.0000000E+00
   0.3000000E+01   0.1333839E+02   0.3868190E+00   0.3129678E+02   0.6131810E+00   0.2667678E+02   0.0000000E+00
   0.3000000E+01   0.1218819E+02   0.3270237E+00   0.4785579E+02   0.6729763E+00   0.2437637E+02   0.0000000E+00
   0.2000000E+01   0.1224521E+02   0.3408658E+00   0.4199147E+02   0.6591342E+00   0.2449043E+02   0.0000000E+00
   0.2000000E+01   0.1219191E+02   0.3316593E+00   0.9231869E+02   0.6683407E+00   0.2438383E+02   0.0000000E+00
   0.1000000E+01   0.1273248E+02   0.3680117E+00   0.3314591E+02   0.6319883E+00   0.2546496E+02   0.0000000E+00
   0.1000000E+01   0.1398205E+02   0.4023602E+00   0.4149731E+02   0.5976398E+00   0.2796409E+02   0.0000000E+00
   0.1000000E+01   0.1374737E+02   0.3970851E+00   0.3924318E+02   0.6029149E+00   0.2749473E+02   0.0000000E+00
   0.4000000E+01   0.1357772E+02   0.3931138E+00   0.4304345E+02   0.6068862E+00   0.2715543E+02   0.0000000E+00
   0.5000000E+01   0.1242454E+02   0.3542736E+00   0.4175789E+02   0.6457264E+00   0.2484909E+02   0.0000000E+00
   0.3000000E+01   0.1251162E+02   0.3588349E+00   0.4444757E+02   0.6411651E+00   0.2502325E+02   0.0000000E+00
   0.1000000E+01   0.1218781E+02   0.3283678E+00   0.6066368E+02   0.6716322E+00   0.2437562E+02   0.0000000E+00
   0.2000000E+01   0.1220524E+02   0.3352511E+00   0.6926341E+02   0.6647489E+00   0.2441047E+02   0.0000000E+00
   0.1000000E+01   0.1229473E+02   0.3111360E+00   0.9201016E+02   0.6888640E+00   0.2458945E+02   0.0000000E+00
   0.4000000E+01   0.1307358E+02   0.2799428E+00   0.7908715E+02   0.7200572E+00   0.2614716E+02   0.0000000E+00
   0.4000000E+01   0.1298177E+02   0.2824326E+00   0.7691647E+02   0.7175674E+00   0.2596354E+02   0.0000000E+00
   0.1000000E+01   0.1469972E+02   0.2480606E+00   0.2764413E+02   0.7519394E+00   0.2939945E+02   0.0000000E+00
   0.2000000E+01   0.1294189E+02   0.2834232E+00   0.4719481E+02   0.7165768E+00   0.2588378E+02   0.0000000E+00
   0.1000000E+01   0.1265790E+02   0.3653520E+00   0.5339704E+02   0.6346480E+00   0.2531580E+02   0.0000000E+00
   0.2000000E+01   0.1253549E+02   0.3601276E+00   0.7916365E+02   0.6398724E+00   0.2507098E+02   0.0000000E+00
   0.1000000E+01   0.1230163E+02   0.3462648E+00   0.5692284E+02   0.6537352E+00   0.2460327E+02   0.0000000E+00
   0.3000000E+01   0.1431664E+02   0.4093290E+00   0.4184289E+02   0.5906710E+00   0.2863327E+02   0.0000000E+00
   0.1000000E+01   0.1336463E+02   0.3870339E+00   0.2188623E+02   0.6129661E+00   0.2672925E+02   0.0000000E+00
   0.1000000E+01   0.1243125E+02   0.3546891E+00   0.4548285E+02   0.6453109E+00   0.2486249E+02   0.0000000E+00
   0.3000000E+01   0.1436382E+02   0.4104445E+00   0.7545232E+02   0.5895555E+00   0.2872763E+02   0.0000000E+00
   0.4000000E+01   0.1288565E+02   0.3736932E+00   0.5130652E+02   0.6263068E+00   0.2577129E+02   0.0000000E+00
   0.1000000E+01   0.1222384E+02   0.3181410E+00   0.5082941E+02   0.6818590E+00   0.2444768E+02   0.0000000E+00
   0.7000000E+01   0.1222118E+02   0.3184227E+00   0.4205353E+02   0.6815773E+00   0.2444235E+02   0.0000000E+00
   0.1000000E+01   0.1227848E+02   0.3124730E+00   0.8840904E+02   0.6875270E+00   0.2455696E+02   0.0000000E+00
   0.1000000E+01   0.1256800E+02   0.2962672E+00   0.8765662E+02   0.7037328E+00   0.2513600E+02   0.0000000E+00
   0.2000000E+01   0.1225793E+02   0.3424045E+00   0.7831644E+02   0.6575955E+00   0.2451585E+02   0.0000000E+00
   0.2000000E+01   0.1261130E+02   0.3634146E+00   0.5274048E+02   0.6365854E+00   0.2522260E+02   0.0000000E+00
   0.3000000E+01   0.1220778E+02   0.3356587E+00   0.4874271E+02   0.6643413E+00   0.2441557E+02   0.0000000E+00
   0.2000000E+01   0.1246510E+02   0.3565062E+00   0.4510993E+02   0.6434938E+00   0.2493020E+02   0.0000000E+00
   0.2000000E+01   0.1232725E+02   0.3480519E+00   0.3827555E+02   0.6519481E+00   0.2465450E+02   0.0000000E+00
   0.1000000E+01   0.1262491E+02   0.3631458E+00   0.2123289E+02   0.6368542E+00   0.2524983E+02   0.0000000E+00
   0.2000000E+01   0.1576173E+02   0.4350861E+00   0.6860007E+02   0.5649139E+00   0.3152346E+02   0.0000000E+00
   0.5000000E+01   0.1282513E+02   0.3717222E+00   0.8135453E+02   0.6282778E+00   0.2565026E+02   0.0000000E+00
   0.4000000E+01   0.1230372E+02   0.3104417E+00   0.9491919E+02   0.6895583E+00   0.2460744E+02   0.0000000E+00
   0.1000000E+01   0.1341372E+02   0.3891123E+00   0.5737285E+02   0.6108877E+00   0.2682744E+02   0.0000000E+00
   0.1100000E+02   0.1391957E+02   0.4006629E+00   0.2741599E+02   0.5993371E+00   0.2783914E+02   0.0000000E+00
   0.2000000E+01   0.1330593E+02   0.3859762E+00   0.3219712E+02   0.6140238E+00   0.2661186E+02   0.0000000E+00
   0.1000000E+01   0.1227568E+02   0.3438830E+00   0.3850379E+02   0.6561170E+00   0.2455135E+02   0.0000000E+00
   0.3000000E+01   0.1224759E+02   0.3412376E+00   0.5549127E+02   0.6587624E+00   0.2449517E+02   0.0000000E+00
   0.3000000E+01   0.1224459E+02   0.3404790E+00   0.2798254E+02   0.6595210E+00   0.2448917E+02   0.0000000E+00
   0.5000000E+01   0.1220038E+02   0.3218654E+00   0.3110354E+02   0.6781346E+00   0.2440076E+02   0.0000000E+00
   0.4000000E+01   0.1220553E+02   0.3207802E+00   0.3144082E+02   0.6792198E+00   0.2441106E+02   0.0000000E+00
   0.5000000E+01   0.1288604E+02   0.3733281E+00   0.2866774E+02   0.6266719E+00   0.2577208E+02   0.0000000E+00
   0.3000000E+01   0.1256215E+02   0.3612154E+00   0.4655178E+02   0.6387846E+00   0.2512431E+02   0.0000000E+00
   0.1000000E+01   0.1316853E+02   0.2774716E+00   0.6682634E+02   0.7225284E+00   0.2633707E+02   0.0000000E+00
   0.1000000E+01   0.1234024E+02   0.3076979E+00   0.4817232E+02   0.6923021E+00   0.2468048E+02   0.0000000E+00
   0.1000000E+01   0.1330779E+02   0.2735014E+00   0.2639649E+02   0.7264986E+00   0.2661558E+02   0.0000000E+00
   0.1000000E+01   0.1331367E+02   0.2737890E+00   0.4101629E+02   0.7262110E+00   0.2662733E+02   0.0000000E+00
   0.1000000E+01   0.1219379E+02   0.3239136E+00   0.4042718E+02   0.6760864E+00   0.2438758E+02   0.0000000E+00
   0.1000000E+01   0.1251209E+02   0.3587960E+00   0.3948205E+02   0.6412040E+00   0.2502418E+02   0.0000000E+00
   0.7000000E+01   0.1258087E+02   0.3622122E+00   0.9764707E+02   0.6377878E+00   0.2516174E+02   0.0000000E+00
   0.3000000E+01   0.1219033E+02   0.3255752E+00   0.7013596E+02   0.6744248E+00   0.2438067E+02   0.0000000E+00
   0.1000000E+01   0.1223588E+02   0.3167330E+00   0.8632768E+02   0.6832670E+00   0.2447175E+02   0.0000000E+00
   0.3000000E+01   0.1219917E+02   0.3338967E+00   0.7076816E+02   0.6661033E+00   0.2439834E+02   0.0000000E+00
   0.4000000E+01   0.1226200E+02   0.3139221E+00   0.6816357E+02   0.6860779E+00   0.2452400E+02   0.0000000E+00
   0.2000000E+01   0.1301400E+02   0.3775221E+00   0.3068322E+02   0.6224779E+00   0.2602800E+02   0.0000000E+00
   0.2000000E+01   0.1235078E+02   0.3497401E+00   0.4109797E+02   0.6502599E+00   0.2470156E+02   0.0000000E+00
   0.1000000E+01   0.1252316E+02   0.2977225E+00   0.3109406E+02   0.7022775E+00   0.2504633E+02   0.0000000E+00
   0.1000000E+01   0.1240477E+02   0.3036780E+00   0.3746300E+02   0.6963220E+00   0.2480953E+02   0.0000000E+00
   0.1000000E+01   0.1232386E+02   0.3470756E+00   0.2087976E+02   0.6529244E+00   0.2464773E+02   0.0000000E+00
   0.1000000E+01   0.1232451E+02   0.3480597E+00   0.6703917E+02   0.6519403E+00   0.2464902E+02   0.0000000E+00
   0.2000000E+01   0.1236448E+02   0.3062652E+00   0.6818349E+02   0.6937348E+00   0.2472895E+02   0.0000000E+00
   0.5000000E+01   0.1231586E+02   0.3090407E+00   0.3004534E+02   0.6909593E+00   0.2463171E+02   0.0000000E+00
   0.6000000E+01   0.1219619E+02   0.3225253E+00   0.2368203E+02   0.6774747E+00   0.2439238E+02   0.0000000E+00
   0.2000000E+01   0.1275268E+02   0.2893868E+00   0.6503514E+02   0.7106132E+00   0.2550536E+02   0.0000000E+00
   0.1000000E+01   0.1278863E+02   0.2882381E+00   0.7796092E+02   0.7117619E+00   0.2557727E+02   0.0000000E+00
   0.1000000E+01   0.1222202E+02   0.3381092E+00   0.7877013E+02   0.6618908E+00   0.2444404E+02   0.0000000E+00
   0.4000000E+01   0.1237478E+02   0.3513274E+00   0.4292859E+02   0.6486726E+00   0.2474956E+02   0.0000000E+00
   0.5000000E+01   0.1249170E+02   0.3577607E+00   0.3736607E+02   0.6422393E+00   0.2498340E+02   0.0000000E+00
   0.1000000E+01   0.1252283E+02   0.2981630E+00   0.7381540E+02   0.7018370E+00   0.2504566E+02   0.0000000E+00
   0.3000000E+01   0.1233196E+02   0.3486290E+00   0.7943495E+02   0.6513710E+00   0.2466392E+02   0.0000000E+00
   0.3000000E+01   0.1226055E+02   0.3137827E+00   0.3615499E+02   0.6862173E+00   0.2452110E+02   0.0000000E+00
   0.2000000E+01   0.1252862E+02   0.2976692E+00   0.3882592E+02   0.7023308E+00   0.2505724E+02   0.0000000E+00
   0.1000000E+01   0.1249600E+02   0.2993209E+00   0.5969235E+02   0.7006791E+00   0.2499199E+02   0.0000000E+00
   0.4000000E+01   0.1230498E+02   0.3102576E+00   0.5914337E+02   0.6897424E+00   0.2460997E+02   0.0000000E+00
   0.1000000E+01   0.1259500E+02   0.2951724E+00   0.8624109E+02   0.7048276E+00   0.2519000E+02   0.0000000E+00
   0.3000000E+01   0.1245970E+02   0.3011337E+00   0.9993188E+02   0.6988663E+00   0.2491939E+02   0.0000000E+00
   0.7000000E+01   0.1346486E+02   0.2706406E+00   0.9535671E+02   0.7293594E+00   0.2692973E+02   0.0000000E+00
   0.7000000E+01   0.1373014E+02   0.3969291E+00   0.9762414E+02   0.6030709E+00   0.2746028E+02   0.0000000E+00
   0.1000000E+01   0.1435858E+02   0.4103511E+00   0.8115484E+02   0.5896489E+00   0.2871716E+02   0.0000000E+00
   0.1000000E+01   0.1429629E+02   0.4090948E+00   0.7533582E+02   0.5909052E+00   0.2859258E+02   0.0000000E+00
   0.4000000E+01   0.1384956E+02   0.2628783E+00   0.9191056E+02   0.7371217E+00   0.2769912E+02   0.0000000E+00
   0.1000000E+01   0.1219108E+02   0.3250598E+00   0.4708552E+02   0.6749402E+00   0.2438217E+02   0.0000000E+00
   0.1000000E+01   0.1223945E+02   0.3162651E+00   0.6552019E+02   0.6837349E+00   0.2447889E+02   0.0000000E+00
   0.2000000E+01   0.1262409E+02   0.2939733E+00   0.6187574E+02   0.7060267E+00   0.2524818E+02   0.0000000E+00
   0.4000000E+01   0.1268360E+02   0.2917124E+00   0.5191284E+02   0.7082876E+00   0.2536719E+02   0.0000000E+00
   0.2000000E+01   0.1276380E+02   0.2889275E+00   0.4918947E+02   0.7110725E+00   0.2552760E+02   0.0000000E+00
   0.1000000E+01   0.1326040E+02   0.2752134E+00   0.6257882E+02   0.7247866E+00   0.2652080E+02   0.0000000E+00
   0.2000000E+01   0.1300449E+02   0.2817832E+00   0.6970528E+02   0.7182168E+00   0.2600898E+02   0.0000000E+00
   0.1000000E+01   0.1236866E+02   0.3055247E+00   0.2907486E+02   0.6944753E+00   0.2473733E+02   0.0000000E+00
   0.2000000E+01   0.1302517E+02   0.2804382E+00   0.2387375E+02   0.7195618E+00   0.2605033E+02   0.0000000E+00
   0.1100000E+02   0.1331604E+02   0.2736548E+00   0.3648663E+02   0.7263452E+00   0.2663208E+02   0.0000000E+00
   0.2000000E+01   0.1386294E+02   0.2625543E+00   0.6182729E+02   0.7374457E+00   0.2772587E+02   0.0000000E+00
   0.1000000E+01   0.1468468E+02   0.2487529E+00   0.5006610E+02   0.7512471E+00   0.2936935E+02   0.0000000E+00
   0.1000000E+01   0.1263438E+02   0.2931095E+00   0.2883489E+02   0.7068905E+00   0.2526877E+02   0.0000000E+00
   0.1000000E+01   0.1233527E+02   0.3488175E+00   0.6165045E+02   0.6511825E+00   0.2467054E+02   0.0000000E+00
   0.1000000E+01   0.1223400E+02   0.3169530E+00   0.8301879E+02   0.6830470E+00   0.2446800E+02   0.0000000E+00
   0.2000000E+01   0.1250051E+02   0.2984210E+00   0.2450025E+02   0.7015790E+00   0.2500101E+02   0.0000000E+00
   0.1000000E+01   0.1219028E+02   0.3249231E+00   0.2748035E+02   0.6750769E+00   0.2438056E+02   0.0000000E+00
   0.1000000E+01   0.1220588E+02   0.3208984E+00   0.3893549E+02   0.6791016E+00   0.2441175E+02   0.0000000E+00
   0.1000000E+01   0.1243905E+02   0.3019222E+00   0.4118825E+02   0.6980778E+00   0.2487809E+02   0.0000000E+00
   0.1000000E+01   0.1234542E+02   0.3074572E+00   0.6529887E+02   0.6925428E+00   0.2469084E+02   0.0000000E+00
   0.4000000E+01   0.1229463E+02   0.3111340E+00   0.8532601E+02   0.6888660E+00   0.2458926E+02   0.0000000E+00
   0.1000000E+01   0.1223736E+02   0.3165389E+00   0.7667490E+02   0.6834611E+00   0.2447473E+02   0.0000000E+00
   0.1000000E+01   0.1373083E+02   0.2650983E+00   0.6515609E+02   0.7349017E+00   0.2746166E+02   0.0000000E+00
   0.1000000E+01   0.1246349E+02   0.3006833E+00   0.3984536E+02   0.6993167E+00   0.2492697E+02   0.0000000E+00
   0.2000000E+01   0.1219467E+02   0.3237655E+00   0.5259360E+02   0.6762345E+00   0.2438934E+02   0.0000000E+00
   0.6000000E+01   0.1267898E+02   0.3662870E+00   0.8145205E+02   0.6337130E+00   0.2535795E+02   0.0000000E+00
   0.1000000E+01   0.1270290E+02   0.3672394E+00   0.9194047E+02   0.6327606E+00   0.2540580E+02   0.0000000E+00
   0.1000000E+01   0.1300349E+02   0.2818312E+00   0.7778735E+02   0.7181688E+00   0.2600698E+02   0.0000000E+00
   0.1000000E+01   0.1279398E+02   0.2880290E+00   0.6494278E+02   0.7119710E+00   0.2558795E+02   0.0000000E+00
   0.3000000E+01   0.1256361E+02   0.2963855E+00   0.6246354E+02   0.7036145E+00   0.2512722E+02   0.0000000E+00
   0.1000000E+01   0.1246404E+02   0.3009173E+00   0.9615526E+02   0.6990827E+00   0.2492809E+02   0.0000000E+00
   0.1000000E+01   0.1266471E+02   0.2925228E+00   0.9157898E+02   0.7074772E+00   0.2532942E+02   0.0000000E+00
   0.3000000E+01   0.1338345E+02   0.3876247E+00   0.2312568E+02   0.6123753E+00   0.2676689E+02   0.0000000E+00
   0.1000000E+01   0.1303592E+02   0.3778772E+00   0.2375328E+02   0.6221228E+00   0.2607184E+02   0.0000000E+00
   0.1000000E+01   0.1314864E+02   0.3819301E+00   0.6813789E+02   0.6180699E+00   0.2629728E+02   0.0000000E+00
   0.1000000E+01   0.1219682E+02   0.3229688E+00   0.3906835E+02   0.6770312E+00   0.2439364E+02   0.0000000E+00
   0.2000000E+01   0.1229419E+02   0.3110237E+00   0.4849222E+02   0.6889763E+00   0.2458838E+02   0.0000000E+00
   0.1000000E+01   0.1262701E+02   0.2930826E+00   0.2346229E+02   0.7069174E+00   0.2525403E+02   0.0000000E+00
   0.1000000E+01   0.1258860E+02   0.2954395E+00   0.9479038E+02   0.7045605E+00   0.2517720E+02   0.0000000E+00
   0.1000000E+02   0.1218795E+02   0.3277194E+00   0.9362652E+02   0.6722806E+00   0.2437590E+02   0.0000000E+00
   0.2000000E+01   0.1264245E+02   0.3648167E+00   0.8407104E+02   0.6351833E+00   0.2528491E+02   0.0000000E+00
   0.2000000E+01   0.1219504E+02   0.3237020E+00   0.6118136E+02   0.6762980E+00   0.2439008E+02   0.0000000E+00
   0.3000000E+01   0.1277053E+02   0.3697102E+00   0.5976525E+02   0.6302898E+00   0.2554105E+02   0.0000000E+00
   0.8000000E+01   0.1313164E+02   0.2784638E+00   0.9790644E+02   0.7215362E+00   0.2626328E+02   0.0000000E+00
   0.1000000E+01   0.1346584E+02   0.2706177E+00   0.9393183E+02   0.7293823E+00   0.2693168E+02   0.0000000E+00
   0.4000000E+01   0.1240379E+02   0.3039813E+00   0.6822873E+02   0.6960187E+00   0.2480758E+02   0.0000000E+00
   0.2000000E+01   0.1285081E+02   0.2862321E+00   0.6336900E+02   0.7137679E+00   0.2570162E+02   0.0000000E+00
   0.2000000E+01   0.1261773E+02   0.2941893E+00   0.5602735E+02   0.7058107E+00   0.2523547E+02   0.0000000E+00
   0.5000000E+01   0.1296339E+02   0.2827244E+00   0.4021365E+02   0.7172756E+00   0.2592678E+02   0.0000000E+00
   0.3000000E+01   0.1273028E+02   0.2890750E+00   0.2053273E+02   0.7109250E+00   0.2546055E+02   0.0000000E+00
   0.3000000E+01   0.1220178E+02   0.3214214E+00   0.2804662E+02   0.6785786E+00   0.2440355E+02   0.0000000E+00
   0.4000000E+01   0.1236467E+02   0.3053716E+00   0.2251354E+02   0.6946284E+00   0.2472934E+02   0.0000000E+00
   0.2000000E+01   0.1219312E+02   0.3319972E+00   0.4669532E+02   0.6680028E+00   0.2438624E+02   0.0000000E+00
   0.2000000E+01   0.1250890E+02   0.2985059E+00   0.3685240E+02   0.7014941E+00   0.2501781E+02   0.0000000E+00
   0.2000000E+01   0.1232668E+02   0.3079934E+00   0.2448238E+02   0.6920066E+00   0.2465336E+02   0.0000000E+00
   0.1000000E+01   0.1232707E+02   0.3081139E+00   0.2696535E+02   0.6918861E+00   0.2465413E+02   0.0000000E+00
   0.2000000E+01   0.1304205E+02   0.2802285E+00   0.2814169E+02   0.7197715E+00   0.2608410E+02   0.0000000E+00
   0.3000000E+01   0.1386861E+02   0.2614984E+00   0.2166282E+02   0.7385016E+00   0.2773722E+02   0.0000000E+00
   0.1000000E+01   0.1219107E+02   0.3312156E+00   0.5645538E+02   0.6687844E+00   0.2438214E+02   0.0000000E+00
   0.1000000E+01   0.1221973E+02   0.3188064E+00   0.6614902E+02   0.6811936E+00   0.2443946E+02   0.0000000E+00
   0.1000000E+01   0.1265935E+02   0.3655182E+00   0.9398979E+02   0.6344818E+00   0.2531869E+02   0.0000000E+00
   0.1000000E+01   0.1309789E+02   0.3804791E+00   0.8407969E+02   0.6195209E+00   0.2619578E+02   0.0000000E+00
   0.1000000E+01   0.1233590E+02   0.3489070E+00   0.7808380E+02   0.6510930E+00   0.2467180E+02   0.0000000E+00
   0.2000000E+01   0.1227971E+02   0.3444896E+00   0.8639776E+02   0.6555104E+00   0.2455941E+02   0.0000000E+00
   0.1000000E+01   0.1284044E+02   0.3722688E+00   0.9061323E+02   0.6277312E+00   0.2568089E+02   0.0000000E+00
   0.3000000E+01   0.1223214E+02   0.3171823E+00   0.8359221E+02   0.6828177E+00   0.2446428E+02   0.0000000E+00
   0.1000000E+01   0.1239850E+02   0.3042305E+00   0.5737390E+02   0.6957695E+00   0.2479701E+02   0.0000000E+00
   0.1000000E+01   0.1261290E+02   0.3627217E+00   0.2216307E+02   0.6372783E+00   0.2522580E+02   0.0000000E+00
   0.1000000E+01   0.1284945E+02   0.3720717E+00   0.2833970E+02   0.6279283E+00   0.2569891E+02   0.0000000E+00
   0.1000000E+01   0.1428398E+02   0.4087265E+00   0.4723033E+02   0.5912735E+00   0.2856796E+02   0.0000000E+00
   0.2000000E+01   0.1507662E+02   0.4234291E+00   0.3608304E+02   0.5765709E+00   0.3015324E+02   0.0000000E+00
   0.2000000E+01   0.1496465E+02   0.4211963E+00   0.2714888E+02   0.5788037E+00   0.2992930E+02   0.0000000E+00
   0.1000000E+01   0.1432763E+02   0.4096247E+00   0.4999808E+02   0.5903753E+00   0.2865526E+02   0.0000000E+00
   0.3000000E+01   0.1534592E+02   0.4282099E+00   0.5061833E+02   0.5717901E+00   0.3069184E+02   0.0000000E+00
   0.3000000E+01   0.1400007E+02   0.4028210E+00   0.4878957E+02   0.5971790E+00   0.2800015E+02   0.0000000E+00
   0.1000000E+01   0.1375709E+02   0.3973179E+00   0.3984407E+02   0.6026821E+00   0.2751417E+02   0.0000000E+00
   0.1000000E+01   0.1220667E+02   0.3354843E+00   0.5523578E+02   0.6645157E+00   0.2441333E+02   0.0000000E+00
   0.3000000E+01   0.1248739E+02   0.3570098E+00   0.2297769E+02   0.6429902E+00   0.2497478E+02   0.0000000E+00
   0.1000000E+01   0.1221237E+02   0.3198909E+00   0.5316185E+02   0.6801091E+00   0.2442474E+02   0.0000000E+00
   0.2000000E+01   0.1219134E+02   0.3248763E+00   0.4211526E+02   0.6751237E+00   0.2438269E+02   0.0000000E+00
   0.3000000E+01   0.1236883E+02   0.3510429E+00   0.5463674E+02   0.6489571E+00   0.2473766E+02   0.0000000E+00
   0.2000000E+01   0.1218939E+02   0.3301732E+00   0.3747310E+02   0.6698268E+00   0.2437878E+02   0.0000000E+00
   0.2000000E+01   0.1446111E+02   0.2522205E+00   0.5209845E+02   0.7477795E+00   0.2892223E+02   0.0000000E+00
   0.2000000E+01   0.1294717E+02   0.2832930E+00   0.4961337E+02   0.7167070E+00   0.2589435E+02   0.0000000E+00
   0.4000000E+01   0.1247427E+02   0.3001989E+00   0.4228808E+02   0.6998011E+00   0.2494854E+02   0.0000000E+00
   0.2000000E+01   0.1221881E+02   0.3178203E+00   0.2043931E+02   0.6821797E+00   0.2443762E+02   0.0000000E+00
   0.2000000E+01   0.1219726E+02   0.3230980E+00   0.7089870E+02   0.6769020E+00   0.2439453E+02   0.0000000E+00
   0.3000000E+01   0.1225794E+02   0.3423988E+00   0.7489788E+02   0.6576012E+00   0.2451587E+02   0.0000000E+00
   0.1000000E+01   0.1226798E+02   0.3128516E+00   0.2857558E+02   0.6871484E+00   0.2453595E+02   0.0000000E+00
   0.4000000E+01   0.1219470E+02   0.3231284E+00   0.2592888E+02   0.6768716E+00   0.2438941E+02   0.0000000E+00
   0.2000000E+01   0.1231315E+02   0.3470348E+00   0.4069879E+02   0.6529652E+00   0.2462629E+02   0.0000000E+00
   0.2000000E+01   0.1222384E+02   0.3381829E+00   0.4126951E+02   0.6618171E+00   0.2444769E+02   0.0000000E+00
   0.1000000E+01   0.1232211E+02   0.3473326E+00   0.2635498E+02   0.6526674E+00   0.2464423E+02   0.0000000E+00
   0.1000000E+01   0.1276509E+02   0.3694738E+00   0.5251183E+02   0.6305262E+00   0.2553019E+02   0.0000000E+00
   0.1000000E+01   0.1331395E+02   0.3864200E+00   0.4680756E+02   0.6135800E+00   0.2662790E+02   0.0000000E+00
   0.1000000E+01   0.1244436E+02   0.3554935E+00   0.5819665E+02   0.6445065E+00   0.2488872E+02   0.0000000E+00
   0.5000000E+01   0.1218995E+02   0.3304009E+00   0.3122428E+02   0.6695991E+00   0.2437990E+02   0.0000000E+00
   0.3000000E+01   0.1219037E+02   0.3306203E+00   0.3123180E+02   0.6693797E+00   0.2438073E+02   0.0000000E+00
   0.1000000E+01   0.1240489E+02   0.3531791E+00   0.4488323E+02   0.6468209E+00   0.2480977E+02   0.0000000E+00
   0.4000000E+01   0.1220390E+02   0.3345046E+00   0.2752615E+02   0.6654954E+00   0.2440780E+02   0.0000000E+00
   0.1000000E+01   0.1264469E+02   0.2932500E+00   0.8245190E+02   0.7067500E+00   0.2528938E+02   0.0000000E+00
   0.2000000E+01   0.1240583E+02   0.3039079E+00   0.8543633E+02   0.6960921E+00   0.2481166E+02   0.0000000E+00
   0.2000000E+01   0.1252645E+02   0.2980245E+00   0.8382448E+02   0.7019755E+00   0.2505291E+02   0.0000000E+00
   0.1000000E+01   0.1267664E+02   0.2920557E+00   0.7334545E+02   0.7079443E+00   0.2535328E+02   0.0000000E+00
   0.1000000E+01   0.1265785E+02   0.2927328E+00   0.7015577E+02   0.7072672E+00   0.2531571E+02   0.0000000E+00
   0.2000000E+01   0.1227902E+02   0.3444060E+00   0.7372912E+02   0.6555940E+00   0.2455805E+02   0.0000000E+00
   0.1000000E+01   0.1255193E+02   0.3608285E+00   0.5870117E+02   0.6391715E+00   0.2510386E+02   0.0000000E+00
   0.5000000E+01   0.1220364E+02   0.3348454E+00   0.5096205E+02   0.6651546E+00   0.2440728E+02   0.0000000E+00
   0.1000000E+01   0.1221122E+02   0.3363971E+00   0.7944775E+02   0.6636029E+00   0.2442245E+02   0.0000000E+00
   0.7000000E+01   0.1248823E+02   0.2997487E+00   0.8346829E+02   0.7002513E+00   0.2497646E+02   0.0000000E+00
   0.1000000E+02   0.1243703E+02   0.3022663E+00   0.9594475E+02   0.6977337E+00   0.2487405E+02   0.0000000E+00
   0.1000000E+01   0.1246715E+02   0.3007657E+00   0.9539435E+02   0.6992343E+00   0.2493430E+02   0.0000000E+00
   0.2000000E+01   0.1239997E+02   0.3530346E+00   0.7548642E+02   0.6469654E+00   0.2479994E+02   0.0000000E+00
   0.1000000E+01   0.1224070E+02   0.3404149E+00   0.4892938E+02   0.6595851E+00   0.2448140E+02   0.0000000E+00
   0.3000000E+01   0.1241161E+02   0.3035020E+00   0.5614915E+02   0.6964980E+00   0.2482322E+02   0.0000000E+00
   0.3000000E+01   0.1231679E+02   0.3086989E+00   0.2459788E+02   0.6913011E+00   0.2463359E+02   0.0000000E+00
   0.2000000E+01   0.1227583E+02   0.3440218E+00   0.5023985E+02   0.6559782E+00   0.2455165E+02   0.0000000E+00
   0.1000000E+01   0.1254636E+02   0.3605456E+00   0.5345509E+02   0.6394544E+00   0.2509272E+02   0.0000000E+00
   0.2000000E+01   0.1243454E+02   0.3548320E+00   0.4185917E+02   0.6451680E+00   0.2486909E+02   0.0000000E+00
   0.1000000E+01   0.1245266E+02   0.3014207E+00   0.6731050E+02   0.6985793E+00   0.2490532E+02   0.0000000E+00
   0.2000000E+01   0.1220249E+02   0.3218688E+00   0.8409330E+02   0.6781312E+00   0.2440498E+02   0.0000000E+00
   0.3000000E+01   0.1285781E+02   0.3728152E+00   0.6517670E+02   0.6271848E+00   0.2571561E+02   0.0000000E+00
   0.3000000E+01   0.1278539E+02   0.2880864E+00   0.3843327E+02   0.7119136E+00   0.2557078E+02   0.0000000E+00
   0.1000000E+01   0.1260172E+02   0.3630583E+00   0.6438717E+02   0.6369417E+00   0.2520344E+02   0.0000000E+00
   0.5000000E+01   0.1222699E+02   0.3387701E+00   0.6425169E+02   0.6612299E+00   0.2445398E+02   0.0000000E+00
   0.2000000E+01   0.1220436E+02   0.3350625E+00   0.6598165E+02   0.6649375E+00   0.2440872E+02   0.0000000E+00
   0.2000000E+01   0.1227419E+02   0.3436995E+00   0.3580254E+02   0.6563005E+00   0.2454838E+02   0.0000000E+00
   0.2000000E+01   0.1248424E+02   0.3573573E+00   0.3581391E+02   0.6426427E+00   0.2496848E+02   0.0000000E+00
   0.1000000E+01   0.1219315E+02   0.3320513E+00   0.5380884E+02   0.6679487E+00   0.2438629E+02   0.0000000E+00
   0.1000000E+01   0.1229758E+02   0.3459200E+00   0.5383503E+02   0.6540800E+00   0.2459517E+02   0.0000000E+00
   0.2000000E+01   0.1230832E+02   0.3466968E+00   0.4361606E+02   0.6533032E+00   0.2461665E+02   0.0000000E+00
   0.5000000E+01   0.1320731E+02   0.2759920E+00   0.2822151E+02   0.7240080E+00   0.2641462E+02   0.0000000E+00
   0.1000000E+01   0.1253320E+02   0.2975996E+00   0.4970207E+02   0.7024004E+00   0.2506639E+02   0.0000000E+00
   0.5000000E+01   0.1229807E+02   0.3456214E+00   0.3020295E+02   0.6543786E+00   0.2459615E+02   0.0000000E+00
   0.2000000E+01   0.1329534E+02   0.3853826E+00   0.2461546E+02   0.6146174E+00   0.2659068E+02   0.0000000E+00
   0.1000000E+01   0.1548204E+02   0.4304450E+00   0.4646833E+02   0.5695550E+00   0.3096408E+02   0.0000000E+00
   0.1000000E+01   0.1529562E+02   0.4273491E+00   0.4888953E+02   0.5726509E+00   0.3059124E+02   0.0000000E+00
   0.1000000E+01   0.1660925E+02   0.4476055E+00   0.3124699E+02   0.5523945E+00   0.3321851E+02   0.0000000E+00
   0.2000000E+01   0.1730425E+02   0.4574805E+00   0.3550236E+02   0.5425195E+00   0.3460849E+02   0.0000000E+00
   0.1000000E+01   0.1294768E+02   0.2833531E+00   0.6231240E+02   0.7166469E+00   0.2589536E+02   0.0000000E+00
   0.7000000E+01   0.1340324E+02   0.2719437E+00   0.6844415E+02   0.7280563E+00   0.2680647E+02   0.0000000E+00
   0.1000000E+01   0.1283774E+02   0.2866636E+00   0.7165258E+02   0.7133364E+00   0.2567549E+02   0.0000000E+00
   0.1000000E+01   0.1300905E+02   0.3777794E+00   0.8128417E+02   0.6222206E+00   0.2601810E+02   0.0000000E+00
   0.4000000E+01   0.1369217E+02   0.3955662E+00   0.2918686E+02   0.6044338E+00   0.2738435E+02   0.0000000E+00
   0.1000000E+01   0.1265007E+02   0.3649674E+00   0.4486975E+02   0.6350326E+00   0.2530014E+02   0.0000000E+00
   0.1000000E+01   0.1246922E+02   0.3567872E+00   0.5389006E+02   0.6432128E+00   0.2493844E+02   0.0000000E+00
   0.1000000E+01   0.1301692E+02   0.3779701E+00   0.6092493E+02   0.6220299E+00   0.2603383E+02   0.0000000E+00
   0.1000000E+01   0.1283232E+02   0.2868315E+00   0.7123664E+02   0.7131685E+00   0.2566465E+02   0.0000000E+00
   0.2000000E+01   0.1278054E+02   0.2885033E+00   0.7874496E+02   0.7114967E+00   0.2556107E+02   0.0000000E+00
   0.6000000E+01   0.1248752E+02   0.2997809E+00   0.8296434E+02   0.7002191E+00   0.2497504E+02   0.0000000E+00
   0.1000000E+01   0.1243790E+02   0.3552233E+00   0.9300785E+02   0.6447767E+00   0.2487580E+02   0.0000000E+00
   0.3000000E+01   0.1471271E+02   0.4170816E+00   0.5781643E+02   0.5829184E+00   0.2942541E+02   0.0000000E+00
   0.2000000E+01   0.1426618E+02   0.4084386E+00   0.5921046E+02   0.5915614E+00   0.2853236E+02   0.0000000E+00
   0.1000000E+01   0.1366601E+02   0.3954168E+00   0.8881534E+02   0.6045832E+00   0.2733201E+02   0.0000000E+00
   0.1000000E+01   0.1220849E+02   0.3206880E+00   0.8990892E+02   0.6793120E+00   0.2441699E+02   0.0000000E+00
   0.1000000E+01   0.1221036E+02   0.3203663E+00   0.9953689E+02   0.6796337E+00   0.2442072E+02   0.0000000E+00
   0.2000000E+01   0.1305830E+02   0.2803591E+00   0.8511983E+02   0.7196409E+00   0.2611660E+02   0.0000000E+00
   0.2000000E+01   0.1294258E+02   0.2835607E+00   0.8587900E+02   0.7164393E+00   0.2588516E+02   0.0000000E+00
   0.1000000E+01   0.1243401E+02   0.3021110E+00   0.3703910E+02   0.6978890E+00   0.2486802E+02   0.0000000E+00
   0.1000000E+01   0.1224092E+02   0.3403703E+00   0.4166300E+02   0.6596297E+00   0.2448184E+02   0.0000000E+00
   0.7000000E+01   0.1224767E+02   0.3411403E+00   0.4214741E+02   0.6588597E+00   0.2449533E+02   0.0000000E+00
   0.7000000E+01   0.1221360E+02   0.3366866E+00   0.4838441E+02   0.6633134E+00   0.2442720E+02   0.0000000E+00
   0.1000000E+01   0.1239328E+02   0.3045581E+00   0.6501176E+02   0.6954419E+00   0.2478657E+02   0.0000000E+00
   0.2000000E+01   0.1264587E+02   0.2931214E+00   0.5630088E+02   0.7068786E+00   0.2529175E+02   0.0000000E+00
   0.2000000E+01   0.1336335E+02   0.2728251E+00   0.6394149E+02   0.7271749E+00   0.2672669E+02   0.0000000E+00
   0.1000000E+01   0.1233114E+02   0.3484624E+00   0.5017255E+02   0.6515376E+00   0.2466228E+02   0.0000000E+00
   0.1000000E+01   0.1223706E+02   0.3400786E+00   0.7069576E+02   0.6599214E+00   0.2447413E+02   0.0000000E+00
   0.1000000E+01   0.1241419E+02   0.3034056E+00   0.6584781E+02   0.6965944E+00   0.2482839E+02   0.0000000E+00
   0.1000000E+01   0.1256014E+02   0.2965266E+00   0.6168055E+02   0.7034734E+00   0.2512027E+02   0.0000000E+00
   0.1000000E+01   0.1220126E+02   0.3341871E+00   0.3764937E+02   0.6658129E+00   0.2440253E+02   0.0000000E+00
   0.1000000E+01   0.1222540E+02   0.3382628E+00   0.3330696E+02   0.6617372E+00   0.2445081E+02   0.0000000E+00
   0.3000000E+01   0.1225873E+02   0.3135423E+00   0.2511140E+02   0.6864577E+00   0.2451747E+02   0.0000000E+00
   0.2000000E+01   0.1229325E+02   0.3450588E+00   0.2616070E+02   0.6549412E+00   0.2458649E+02   0.0000000E+00
   0.1000000E+01   0.1224881E+02   0.3412503E+00   0.4094420E+02   0.6587497E+00   0.2449761E+02   0.0000000E+00
   0.2000000E+01   0.1313262E+02   0.2781293E+00   0.3729430E+02   0.7218707E+00   0.2626524E+02   0.0000000E+00
   0.3000000E+01   0.1286329E+02   0.2853867E+00   0.2921211E+02   0.7146133E+00   0.2572658E+02   0.0000000E+00
   0.1000000E+01   0.1218872E+02   0.3266347E+00   0.6873856E+02   0.6733653E+00   0.2437744E+02   0.0000000E+00
   0.1000000E+01   0.1297394E+02   0.2826714E+00   0.8736844E+02   0.7173286E+00   0.2594788E+02   0.0000000E+00
   0.3000000E+01   0.1338205E+02   0.2724662E+00   0.9203419E+02   0.7275338E+00   0.2676411E+02   0.0000000E+00
   0.1000000E+01   0.1335401E+02   0.2731015E+00   0.9219012E+02   0.7268985E+00   0.2670802E+02   0.0000000E+00
   0.1000000E+01   0.1275703E+02   0.3692264E+00   0.6290657E+02   0.6307736E+00   0.2551405E+02   0.0000000E+00
   0.1000000E+01   0.1244427E+02   0.3553814E+00   0.4336834E+02   0.6446186E+00   0.2488854E+02   0.0000000E+00
   0.4000000E+01   0.1275943E+02   0.3685381E+00   0.2254154E+02   0.6314619E+00   0.2551887E+02   0.0000000E+00
   0.4000000E+01   0.1267182E+02   0.3659780E+00   0.6991749E+02   0.6340220E+00   0.2534365E+02   0.0000000E+00
   0.2000000E+01   0.1252133E+02   0.2982673E+00   0.9664956E+02   0.7017327E+00   0.2504266E+02   0.0000000E+00
   0.1000000E+01   0.1273405E+02   0.3683167E+00   0.5212413E+02   0.6316833E+00   0.2546811E+02   0.0000000E+00
   0.1000000E+01   0.1225187E+02   0.3415016E+00   0.3599272E+02   0.6584984E+00   0.2450374E+02   0.0000000E+00
   0.2000000E+01   0.1230916E+02   0.3093463E+00   0.2603750E+02   0.6906537E+00   0.2461831E+02   0.0000000E+00
   0.1000000E+01   0.1219168E+02   0.3244930E+00   0.3208040E+02   0.6755070E+00   0.2438337E+02   0.0000000E+00
   0.1000000E+01   0.1261140E+02   0.2944523E+00   0.5938007E+02   0.7055477E+00   0.2522281E+02   0.0000000E+00
   0.2000000E+01   0.1220709E+02   0.3356522E+00   0.8845210E+02   0.6643478E+00   0.2441418E+02   0.0000000E+00
   0.2000000E+01   0.1219960E+02   0.3340217E+00   0.7975956E+02   0.6659783E+00   0.2439921E+02   0.0000000E+00
   0.1000000E+01   0.1225435E+02   0.3419039E+00   0.4670613E+02   0.6580961E+00   0.2450871E+02   0.0000000E+00
   0.1100000E+02   0.1249288E+02   0.3579437E+00   0.4751378E+02   0.6420563E+00   0.2498577E+02   0.0000000E+00
   0.1000000E+01   0.1289758E+02   0.2848587E+00   0.7699905E+02   0.7151413E+00   0.2579515E+02   0.0000000E+00
   0.1000000E+01   0.1297035E+02   0.2827488E+00   0.7485868E+02   0.7172512E+00   0.2594069E+02   0.0000000E+00
   0.3000000E+01   0.1298358E+02   0.2823870E+00   0.7919892E+02   0.7176130E+00   0.2596715E+02   0.0000000E+00
   0.2000000E+01   0.1307039E+02   0.2800329E+00   0.8203025E+02   0.7199671E+00   0.2614077E+02   0.0000000E+00
   0.2000000E+01   0.1219043E+02   0.3255312E+00   0.7121819E+02   0.6744688E+00   0.2438085E+02   0.0000000E+00
   0.1000000E+01   0.1233951E+02   0.3078531E+00   0.6775005E+02   0.6921469E+00   0.2467902E+02   0.0000000E+00
   0.1000000E+01   0.1220324E+02   0.3217134E+00   0.8726306E+02   0.6782866E+00   0.2440648E+02   0.0000000E+00
   0.3000000E+01   0.1218854E+02   0.3296700E+00   0.8483426E+02   0.6703300E+00   0.2437708E+02   0.0000000E+00
   0.3000000E+01   0.1225553E+02   0.3421621E+00   0.8069744E+02   0.6578379E+00   0.2451105E+02   0.0000000E+00
   0.1000000E+01   0.1219471E+02   0.3324335E+00   0.3721799E+02   0.6675665E+00   0.2438942E+02   0.0000000E+00
   0.1000000E+01   0.1220588E+02   0.3351994E+00   0.3969519E+02   0.6648006E+00   0.2441176E+02   0.0000000E+00
   0.1000000E+01   0.1234728E+02   0.3072703E+00   0.5224351E+02   0.6927297E+00   0.2469456E+02   0.0000000E+00
   0.1000000E+01   0.1233231E+02   0.3082437E+00   0.4993591E+02   0.6917563E+00   0.2466463E+02   0.0000000E+00
   0.1000000E+01   0.1224792E+02   0.3152508E+00   0.5079346E+02   0.6847492E+00   0.2449584E+02   0.0000000E+00
   0.1000000E+01   0.1220750E+02   0.3356978E+00   0.6995234E+02   0.6643022E+00   0.2441500E+02   0.0000000E+00
   0.3000000E+01   0.1319115E+02   0.2769668E+00   0.9532770E+02   0.7230332E+00   0.2638231E+02   0.0000000E+00
   0.4000000E+01   0.1308243E+02   0.2797082E+00   0.7834879E+02   0.7202918E+00   0.2616486E+02   0.0000000E+00
   0.4000000E+01   0.1351715E+02   0.2693080E+00   0.4363645E+02   0.7306920E+00   0.2703429E+02   0.0000000E+00
   0.1000000E+01   0.1319945E+02   0.2767319E+00   0.7656625E+02   0.7232681E+00   0.2639889E+02   0.0000000E+00
   0.2000000E+01   0.1223747E+02   0.3165131E+00   0.7130124E+02   0.6834869E+00   0.2447494E+02   0.0000000E+00
   0.1000000E+01   0.1225101E+02   0.3415140E+00   0.4305549E+02   0.6584860E+00   0.2450202E+02   0.0000000E+00
   0.3000000E+01   0.1262281E+02   0.2931521E+00   0.2236370E+02   0.7068479E+00   0.2524562E+02   0.0000000E+00
   0.5000000E+01   0.1263638E+02   0.2928491E+00   0.2522039E+02   0.7071509E+00   0.2527275E+02   0.0000000E+00
   0.3000000E+01   0.1226433E+02   0.3130233E+00   0.2537721E+02   0.6869767E+00   0.2452867E+02   0.0000000E+00
   0.1000000E+01   0.1244657E+02   0.3016787E+00   0.5642896E+02   0.6983213E+00   0.2489314E+02   0.0000000E+00
   0.2000000E+01   0.1233438E+02   0.3080932E+00   0.4867097E+02   0.6919068E+00   0.2466876E+02   0.0000000E+00
   0.2000000E+01   0.1219577E+02   0.3235627E+00   0.9003732E+02   0.6764373E+00   0.2439153E+02   0.0000000E+00
   0.3000000E+01   0.1218819E+02   0.3292615E+00   0.8410254E+02   0.6707385E+00   0.2437638E+02   0.0000000E+00
   0.1000000E+01   0.1234557E+02   0.3495704E+00   0.7366332E+02   0.6504296E+00   0.2469113E+02   0.0000000E+00
   0.1000000E+01   0.1219585E+02   0.3328446E+00   0.4195605E+02   0.6671554E+00   0.2439170E+02   0.0000000E+00
   0.3000000E+01   0.1228765E+02   0.3115388E+00   0.4713664E+02   0.6884612E+00   0.2457531E+02   0.0000000E+00
   0.1000000E+01   0.1277856E+02   0.2885336E+00   0.6596135E+02   0.7114664E+00   0.2555711E+02   0.0000000E+00
   0.1000000E+01   0.1300683E+02   0.2816952E+00   0.6291434E+02   0.7183048E+00   0.2601366E+02   0.0000000E+00
   0.2000000E+01   0.1360043E+02   0.2676265E+00   0.4940780E+02   0.7323735E+00   0.2720086E+02   0.0000000E+00
   0.1000000E+01   0.1319891E+02   0.2767008E+00   0.6220524E+02   0.7232992E+00   0.2639782E+02   0.0000000E+00
   0.1000000E+01   0.1224057E+02   0.3160523E+00   0.5007409E+02   0.6839477E+00   0.2448114E+02   0.0000000E+00
   0.5000000E+01   0.1223456E+02   0.3393889E+00   0.3066135E+02   0.6606111E+00   0.2446912E+02   0.0000000E+00
   0.1000000E+01   0.1237619E+02   0.3512060E+00   0.3154197E+02   0.6487940E+00   0.2475237E+02   0.0000000E+00
   0.1000000E+01   0.1218776E+02   0.3283166E+00   0.4277332E+02   0.6716834E+00   0.2437551E+02   0.0000000E+00
   0.1000000E+01   0.1226581E+02   0.3431100E+00   0.5475838E+02   0.6568900E+00   0.2453161E+02   0.0000000E+00
   0.2000000E+01   0.1235631E+02   0.3502719E+00   0.6530372E+02   0.6497281E+00   0.2471262E+02   0.0000000E+00
   0.5000000E+01   0.1222904E+02   0.3390783E+00   0.7729021E+02   0.6609217E+00   0.2445809E+02   0.0000000E+00
   0.1000000E+01   0.1219240E+02   0.3246577E+00   0.7284867E+02   0.6753423E+00   0.2438480E+02   0.0000000E+00
   0.1000000E+01   0.1218806E+02   0.3274415E+00   0.7835870E+02   0.6725585E+00   0.2437612E+02   0.0000000E+00
   0.7000000E+01   0.1525444E+02   0.2408189E+00   0.9872274E+02   0.7591811E+00   0.3050889E+02   0.0000000E+00
   0.1000000E+01   0.1426671E+02   0.2553597E+00   0.4973634E+02   0.7446403E+00   0.2853343E+02   0.0000000E+00
   0.1000000E+01   0.1232119E+02   0.3090397E+00   0.5332535E+02   0.6909603E+00   0.2464238E+02   0.0000000E+00
   0.1000000E+01   0.1218838E+02   0.3269822E+00   0.7248508E+02   0.6730178E+00   0.2437676E+02   0.0000000E+00
   0.3000000E+01   0.1281508E+02   0.2874081E+00   0.8785237E+02   0.7125919E+00   0.2563015E+02   0.0000000E+00
   0.1000000E+01   0.1255719E+02   0.2967266E+00   0.9598248E+02   0.7032734E+00   0.2511439E+02   0.0000000E+00
   0.1000000E+01   0.1248638E+02   0.3577207E+00   0.6788419E+02   0.6422793E+00   0.2497276E+02   0.0000000E+00
   0.2000000E+01   0.1223492E+02   0.3166891E+00   0.4750973E+02   0.6833109E+00   0.2446984E+02   0.0000000E+00
   0.1000000E+01   0.1221087E+02   0.3360073E+00   0.3300507E+02   0.6639927E+00   0.2442174E+02   0.0000000E+00
   0.2000000E+01   0.1265077E+02   0.3650188E+00   0.4730390E+02   0.6349812E+00   0.2530155E+02   0.0000000E+00
   0.1000000E+01   0.1266816E+02   0.3656298E+00   0.3924027E+02   0.6343702E+00   0.2533632E+02   0.0000000E+00
   0.1000000E+01   0.1225562E+02   0.3420010E+00   0.4321850E+02   0.6579990E+00   0.2451124E+02   0.0000000E+00
   0.1000000E+01   0.1239221E+02   0.3525706E+00   0.7597309E+02   0.6474294E+00   0.2478441E+02   0.0000000E+00
   0.3000000E+01   0.1290982E+02   0.3746076E+00   0.8517161E+02   0.6253924E+00   0.2581964E+02   0.0000000E+00
   0.1000000E+01   0.1223875E+02   0.3402348E+00   0.5734079E+02   0.6597652E+00   0.2447750E+02   0.0000000E+00
   0.1000000E+01   0.1226538E+02   0.3135592E+00   0.5749156E+02   0.6864408E+00   0.2453075E+02   0.0000000E+00
   0.1000000E+01   0.1232295E+02   0.3090407E+00   0.9867215E+02   0.6909593E+00   0.2464590E+02   0.0000000E+00
   0.1000000E+01   0.1229820E+02   0.3460593E+00   0.8205982E+02   0.6539407E+00   0.2459641E+02   0.0000000E+00
   0.1000000E+01   0.1237823E+02   0.3052905E+00   0.4422165E+02   0.6947095E+00   0.2475645E+02   0.0000000E+00
   0.1000000E+01   0.1220287E+02   0.3217308E+00   0.6335748E+02   0.6782692E+00   0.2440573E+02   0.0000000E+00
   0.1000000E+01   0.1236477E+02   0.3507682E+00   0.5245058E+02   0.6492318E+00   0.2472953E+02   0.0000000E+00
   0.1000000E+01   0.1251885E+02   0.3593069E+00   0.6549727E+02   0.6406931E+00   0.2503770E+02   0.0000000E+00
   0.1000000E+01   0.1275725E+02   0.3692331E+00   0.6246794E+02   0.6307669E+00   0.2551450E+02   0.0000000E+00
   0.2000000E+01   0.1284495E+02   0.3723654E+00   0.6290560E+02   0.6276346E+00   0.2568990E+02   0.0000000E+00
   0.4000000E+01   0.1257683E+02   0.3619405E+00   0.5684677E+02   0.6380595E+00   0.2515365E+02   0.0000000E+00
   0.1000000E+01   0.1317029E+02   0.3823828E+00   0.4109832E+02   0.6176172E+00   0.2634058E+02   0.0000000E+00
   0.1000000E+01   0.1390261E+02   0.4007007E+00   0.4976426E+02   0.5992993E+00   0.2780522E+02   0.0000000E+00
   0.2000000E+01   0.1219217E+02   0.3246782E+00   0.5679417E+02   0.6753218E+00   0.2438434E+02   0.0000000E+00
   0.3000000E+01   0.1326647E+02   0.2750845E+00   0.6673173E+02   0.7249155E+00   0.2653293E+02   0.0000000E+00
   0.2000000E+01   0.1266580E+02   0.2924019E+00   0.5960227E+02   0.7075981E+00   0.2533159E+02   0.0000000E+00
   0.2000000E+01   0.1240914E+02   0.3035037E+00   0.4147428E+02   0.6964963E+00   0.2481829E+02   0.0000000E+00
   0.5000000E+01   0.1299029E+02   0.2815961E+00   0.2711265E+02   0.7184039E+00   0.2598058E+02   0.0000000E+00
   0.1000000E+01   0.1358110E+02   0.2670637E+00   0.2081326E+02   0.7329363E+00   0.2716221E+02   0.0000000E+00
   0.1000000E+01   0.1418316E+02   0.2563919E+00   0.2962886E+02   0.7436081E+00   0.2836633E+02   0.0000000E+00
   0.4000000E+01   0.1450963E+02   0.2510653E+00   0.2972235E+02   0.7489347E+00   0.2901926E+02   0.0000000E+00
   0.1000000E+01   0.1544972E+02   0.2378097E+00   0.3255032E+02   0.7621903E+00   0.3089943E+02   0.0000000E+00
   0.2000000E+01   0.1451573E+02   0.2514350E+00   0.6700817E+02   0.7485650E+00   0.2903145E+02   0.0000000E+00
   0.1000000E+01   0.1455781E+02   0.2507578E+00   0.6132387E+02   0.7492422E+00   0.2911562E+02   0.0000000E+00
   0.1000000E+01   0.1263574E+02   0.2933744E+00   0.4185219E+02   0.7066256E+00   0.2527149E+02   0.0000000E+00
   0.3000000E+01   0.1245776E+02   0.3562979E+00   0.9894392E+02   0.6437021E+00   0.2491553E+02   0.0000000E+00
   0.2000000E+01   0.1244927E+02   0.3558208E+00   0.7989742E+02   0.6441792E+00   0.2489853E+02   0.0000000E+00
   0.2000000E+01   0.1221808E+02   0.3191056E+00   0.9024854E+02   0.6808944E+00   0.2443617E+02   0.0000000E+00
   0.1000000E+01   0.1219124E+02   0.3313609E+00   0.8779963E+02   0.6686391E+00   0.2438248E+02   0.0000000E+00
   0.2000000E+01   0.1221401E+02   0.3196341E+00   0.5504473E+02   0.6803659E+00   0.2442801E+02   0.0000000E+00
   0.2000000E+01   0.1228835E+02   0.3116067E+00   0.7032377E+02   0.6883933E+00   0.2457671E+02   0.0000000E+00
   0.4000000E+01   0.1300943E+02   0.2810468E+00   0.2672498E+02   0.7189532E+00   0.2601885E+02   0.0000000E+00
   0.3000000E+01   0.1312792E+02   0.2777314E+00   0.2392195E+02   0.7222686E+00   0.2625585E+02   0.0000000E+00
   0.1000000E+01   0.1430093E+02   0.4087873E+00   0.3038461E+02   0.5912127E+00   0.2860185E+02   0.0000000E+00
   0.1000000E+01   0.1346846E+02   0.3905919E+00   0.9103059E+02   0.6094081E+00   0.2693692E+02   0.0000000E+00
   0.1000000E+01   0.1372947E+02   0.3968987E+00   0.8514607E+02   0.6031013E+00   0.2745893E+02   0.0000000E+00
   0.2000000E+01   0.1396413E+02   0.4021707E+00   0.8713708E+02   0.5978293E+00   0.2792826E+02   0.0000000E+00
   0.2000000E+01   0.1608025E+02   0.4401017E+00   0.9050288E+02   0.5598983E+00   0.3216050E+02   0.0000000E+00
   0.4000000E+01   0.1260710E+02   0.3632676E+00   0.5886167E+02   0.6367324E+00   0.2521420E+02   0.0000000E+00
   0.2000000E+01   0.1301645E+02   0.3779746E+00   0.6628538E+02   0.6220254E+00   0.2603290E+02   0.0000000E+00
   0.3000000E+01   0.1410266E+02   0.4051287E+00   0.8425731E+02   0.5948713E+00   0.2820533E+02   0.0000000E+00
   0.1000000E+01   0.1356162E+02   0.3929012E+00   0.8559546E+02   0.6070988E+00   0.2712323E+02   0.0000000E+00
   0.4000000E+01   0.1337214E+02   0.3880065E+00   0.5276625E+02   0.6119935E+00   0.2674428E+02   0.0000000E+00
   0.3000000E+01   0.1245170E+02   0.3015060E+00   0.8287330E+02   0.6984940E+00   0.2490341E+02   0.0000000E+00
   0.1200000E+02   0.1251870E+02   0.3593566E+00   0.9645971E+02   0.6406434E+00   0.2503740E+02   0.0000000E+00
   0.1000000E+01   0.1267176E+02   0.3652286E+00   0.2324031E+02   0.6347714E+00   0.2534353E+02   0.0000000E+00
   0.3000000E+01   0.1222086E+02   0.3178857E+00   0.2432052E+02   0.6821143E+00   0.2444173E+02   0.0000000E+00
   0.2000000E+01   0.1227485E+02   0.3124475E+00   0.3526820E+02   0.6875525E+00   0.2454970E+02   0.0000000E+00
   0.1000000E+01   0.1235755E+02   0.3064321E+00   0.3684175E+02   0.6935679E+00   0.2471510E+02   0.0000000E+00
   0.1000000E+01   0.1219431E+02   0.3239627E+00   0.6782664E+02   0.6760373E+00   0.2438862E+02   0.0000000E+00
   0.2000000E+01   0.1265307E+02   0.2929127E+00   0.7121586E+02   0.7070873E+00   0.2530614E+02   0.0000000E+00
   0.2000000E+01   0.1232453E+02   0.3088661E+00   0.6604751E+02   0.6911339E+00   0.2464907E+02   0.0000000E+00
   0.1000000E+01   0.1229779E+02   0.3108382E+00   0.6591705E+02   0.6891618E+00   0.2459559E+02   0.0000000E+00
   0.1000000E+01   0.1230520E+02   0.3101392E+00   0.4525243E+02   0.6898608E+00   0.2461040E+02   0.0000000E+00
   0.1000000E+01   0.1389270E+02   0.2619227E+00   0.4924774E+02   0.7380773E+00   0.2778539E+02   0.0000000E+00
   0.4000000E+01   0.1375002E+02   0.2647741E+00   0.8573335E+02   0.7352259E+00   0.2750004E+02   0.0000000E+00
   0.2000000E+01   0.1458567E+02   0.2503273E+00   0.6124661E+02   0.7496727E+00   0.2917134E+02   0.0000000E+00
   0.1000000E+01   0.1237217E+02   0.3057557E+00   0.5757668E+02   0.6942443E+00   0.2474434E+02   0.0000000E+00
   0.1000000E+01   0.1272020E+02   0.2905425E+00   0.8613778E+02   0.7094575E+00   0.2544040E+02   0.0000000E+00
   0.1000000E+01   0.1223206E+02   0.3394946E+00   0.9370142E+02   0.6605054E+00   0.2446413E+02   0.0000000E+00
   0.1000000E+01   0.1227806E+02   0.3124889E+00   0.7729422E+02   0.6875111E+00   0.2455613E+02   0.0000000E+00
   0.1000000E+01   0.1232148E+02   0.3477880E+00   0.5516008E+02   0.6522120E+00   0.2464296E+02   0.0000000E+00
   0.2000000E+01   0.1238474E+02   0.3520730E+00   0.6119264E+02   0.6479270E+00   0.2476949E+02   0.0000000E+00
   0.6000000E+01   0.1245039E+02   0.3552390E+00   0.2522960E+02   0.6447610E+00   0.2490079E+02   0.0000000E+00
   0.1000000E+01   0.1266587E+02   0.3653578E+00   0.3091861E+02   0.6346422E+00   0.2533174E+02   0.0000000E+00
   0.1000000E+01   0.1220554E+02   0.3352384E+00   0.5107720E+02   0.6647616E+00   0.2441108E+02   0.0000000E+00
   0.1000000E+01   0.1220060E+02   0.3342362E+00   0.6763890E+02   0.6657638E+00   0.2440120E+02   0.0000000E+00
   0.1000000E+01   0.1360871E+02   0.3940052E+00   0.6670055E+02   0.6059948E+00   0.2721742E+02   0.0000000E+00
   0.1000000E+01   0.1262316E+02   0.3639535E+00   0.6011203E+02   0.6360465E+00   0.2524632E+02   0.0000000E+00
   0.1000000E+01   0.1234159E+02   0.3493118E+00   0.8160024E+02   0.6506882E+00   0.2468319E+02   0.0000000E+00
   0.3000000E+01   0.1230365E+02   0.3463053E+00   0.4164524E+02   0.6536947E+00   0.2460730E+02   0.0000000E+00
   0.1000000E+01   0.1226875E+02   0.3432902E+00   0.4226436E+02   0.6567098E+00   0.2453750E+02   0.0000000E+00
   0.6000000E+01   0.1218790E+02   0.3274557E+00   0.4646907E+02   0.6725443E+00   0.2437581E+02   0.0000000E+00
   0.3000000E+01   0.1231351E+02   0.3094075E+00   0.3736086E+02   0.6905925E+00   0.2462703E+02   0.0000000E+00
   0.2000000E+01   0.1219125E+02   0.3249083E+00   0.4146853E+02   0.6750917E+00   0.2438250E+02   0.0000000E+00
   0.2000000E+01   0.1242792E+02   0.3546533E+00   0.8043119E+02   0.6453467E+00   0.2485585E+02   0.0000000E+00
   0.3000000E+01   0.1220182E+02   0.3345126E+00   0.6616330E+02   0.6654874E+00   0.2440363E+02   0.0000000E+00
   0.7000000E+01   0.1245670E+02   0.3009059E+00   0.3431651E+02   0.6990941E+00   0.2491341E+02   0.0000000E+00
   0.8000000E+01   0.1260779E+02   0.2941991E+00   0.3055143E+02   0.7058009E+00   0.2521558E+02   0.0000000E+00
   0.4000000E+01   0.1247557E+02   0.3001311E+00   0.4185609E+02   0.6998689E+00   0.2495114E+02   0.0000000E+00
   0.1000000E+01   0.1240291E+02   0.3040839E+00   0.9638306E+02   0.6959161E+00   0.2480581E+02   0.0000000E+00
   0.1000000E+01   0.1220836E+02   0.3358688E+00   0.7354522E+02   0.6641312E+00   0.2441672E+02   0.0000000E+00
   0.6000000E+01   0.1218828E+02   0.3270855E+00   0.6913243E+02   0.6729145E+00   0.2437656E+02   0.0000000E+00
   0.2000000E+01   0.1287158E+02   0.2855915E+00   0.6178687E+02   0.7144085E+00   0.2574316E+02   0.0000000E+00
   0.3000000E+01   0.1244105E+02   0.3552695E+00   0.5049066E+02   0.6447305E+00   0.2488209E+02   0.0000000E+00
   0.1000000E+01   0.1244865E+02   0.3011184E+00   0.2858253E+02   0.6988816E+00   0.2489731E+02   0.0000000E+00
   0.1000000E+01   0.1344945E+02   0.2708640E+00   0.5487191E+02   0.7291360E+00   0.2689889E+02   0.0000000E+00
   0.2000000E+01   0.1224368E+02   0.3408056E+00   0.5664196E+02   0.6591944E+00   0.2448736E+02   0.0000000E+00
   0.4000000E+01   0.1218933E+02   0.3260381E+00   0.4932558E+02   0.6739619E+00   0.2437866E+02   0.0000000E+00
   0.1000000E+01   0.1255423E+02   0.3609866E+00   0.7586602E+02   0.6390134E+00   0.2510846E+02   0.0000000E+00
   0.5000000E+01   0.1376645E+02   0.3976792E+00   0.5754960E+02   0.6023208E+00   0.2753289E+02   0.0000000E+00
   0.1000000E+01   0.1388516E+02   0.4003510E+00   0.5581544E+02   0.5996490E+00   0.2777032E+02   0.0000000E+00
   0.1000000E+01   0.1405578E+02   0.4040678E+00   0.5791108E+02   0.5959322E+00   0.2811156E+02   0.0000000E+00
   0.2000000E+01   0.1450823E+02   0.4132383E+00   0.6393816E+02   0.5867617E+00   0.2901646E+02   0.0000000E+00
   0.1000000E+01   0.1416502E+02   0.4063824E+00   0.6344745E+02   0.5936176E+00   0.2833003E+02   0.0000000E+00
   0.4000000E+01   0.1408833E+02   0.4047957E+00   0.6883292E+02   0.5952043E+00   0.2817666E+02   0.0000000E+00
   0.5000000E+01   0.1485252E+02   0.4195965E+00   0.4929174E+02   0.5804035E+00   0.2970504E+02   0.0000000E+00
   0.1000000E+01   0.1371862E+02   0.3958140E+00   0.2233451E+02   0.6041860E+00   0.2743724E+02   0.0000000E+00
   0.1000000E+01   0.1241732E+02   0.3537902E+00   0.3685306E+02   0.6462098E+00   0.2483464E+02   0.0000000E+00
   0.4000000E+01   0.1475360E+02   0.4177973E+00   0.5051666E+02   0.5822027E+00   0.2950720E+02   0.0000000E+00
   0.1000000E+01   0.1385895E+02   0.3996797E+00   0.4399501E+02   0.6003203E+00   0.2771790E+02   0.0000000E+00
   0.3000000E+01   0.1230858E+02   0.3469039E+00   0.9495633E+02   0.6530961E+00   0.2461715E+02   0.0000000E+00
   0.1000000E+01   0.1220849E+02   0.3206962E+00   0.9602151E+02   0.6793038E+00   0.2441698E+02   0.0000000E+00
   0.2000000E+01   0.1221257E+02   0.3199177E+00   0.6462712E+02   0.6800823E+00   0.2442513E+02   0.0000000E+00
   0.3000000E+01   0.1240292E+02   0.3530503E+00   0.4364201E+02   0.6469497E+00   0.2480584E+02   0.0000000E+00
   0.4000000E+01   0.1242377E+02   0.3542934E+00   0.4803144E+02   0.6457066E+00   0.2484753E+02   0.0000000E+00
   0.1000000E+01   0.1223416E+02   0.3169247E+00   0.7840480E+02   0.6830753E+00   0.2446832E+02   0.0000000E+00
   0.1000000E+01   0.1219633E+02   0.3233829E+00   0.8122411E+02   0.6766171E+00   0.2439266E+02   0.0000000E+00
   0.1000000E+01   0.1317836E+02   0.2772531E+00   0.7646201E+02   0.7227469E+00   0.2635673E+02   0.0000000E+00
   0.2000000E+01   0.1303684E+02   0.2808902E+00   0.6648067E+02   0.7191098E+00   0.2607369E+02   0.0000000E+00
   0.3000000E+01   0.1300284E+02   0.2814695E+00   0.3296787E+02   0.7185305E+00   0.2600569E+02   0.0000000E+00
   0.1000000E+01   0.1270500E+02   0.3672943E+00   0.7518315E+02   0.6327057E+00   0.2541001E+02   0.0000000E+00
   0.1000000E+01   0.1599930E+02   0.4381225E+00   0.2346181E+02   0.5618775E+00   0.3199860E+02   0.0000000E+00
   0.3000000E+01   0.1223579E+02   0.3165064E+00   0.4088582E+02   0.6834936E+00   0.2447157E+02   0.0000000E+00
   0.1000000E+01   0.1232080E+02   0.3477884E+00   0.6814790E+02   0.6522116E+00   0.2464160E+02   0.0000000E+00
   0.1000000E+01   0.1224162E+02   0.3406120E+00   0.6831798E+02   0.6593880E+00   0.2448323E+02   0.0000000E+00
   0.4000000E+01   0.1224277E+02   0.3407280E+00   0.6293272E+02   0.6592720E+00   0.2448554E+02   0.0000000E+00
   0.1000000E+01   0.1219278E+02   0.3319174E+00   0.5401217E+02   0.6680826E+00   0.2438556E+02   0.0000000E+00
   0.2000000E+01   0.1219169E+02   0.3315590E+00   0.8744798E+02   0.6684410E+00   0.2438338E+02   0.0000000E+00
   0.2000000E+01   0.1218784E+02   0.3283597E+00   0.9325730E+02   0.6716403E+00   0.2437569E+02   0.0000000E+00
   0.1000000E+01   0.1252102E+02   0.2982176E+00   0.6545572E+02   0.7017824E+00   0.2504205E+02   0.0000000E+00
   0.1000000E+01   0.1276142E+02   0.3691540E+00   0.3601996E+02   0.6308460E+00   0.2552285E+02   0.0000000E+00
   0.7000000E+01   0.1308735E+02   0.3797720E+00   0.3137874E+02   0.6202280E+00   0.2617470E+02   0.0000000E+00
   0.7000000E+01   0.1285231E+02   0.3725989E+00   0.5805306E+02   0.6274011E+00   0.2570461E+02   0.0000000E+00
   0.1000000E+01   0.1219176E+02   0.3249151E+00   0.7267985E+02   0.6750849E+00   0.2438353E+02   0.0000000E+00
   0.1000000E+01   0.1223600E+02   0.3399857E+00   0.9234549E+02   0.6600143E+00   0.2447200E+02   0.0000000E+00
   0.1000000E+01   0.1226071E+02   0.3140981E+00   0.9464114E+02   0.6859019E+00   0.2452143E+02   0.0000000E+00
   0.3000000E+01   0.1234749E+02   0.3072152E+00   0.4718640E+02   0.6927848E+00   0.2469498E+02   0.0000000E+00
   0.2000000E+01   0.1226186E+02   0.3426264E+00   0.4263099E+02   0.6573736E+00   0.2452372E+02   0.0000000E+00
   0.1000000E+01   0.1267228E+02   0.2921869E+00   0.6462532E+02   0.7078131E+00   0.2534455E+02   0.0000000E+00
   0.3000000E+01   0.1219344E+02   0.3243144E+00   0.9260814E+02   0.6756856E+00   0.2438688E+02   0.0000000E+00
   0.3000000E+01   0.1219308E+02   0.3244441E+00   0.9251407E+02   0.6755559E+00   0.2438616E+02   0.0000000E+00
   0.4000000E+01   0.1219607E+02   0.3234756E+00   0.9204164E+02   0.6765244E+00   0.2439215E+02   0.0000000E+00
   0.6000000E+01   0.1226448E+02   0.3137302E+00   0.8764454E+02   0.6862698E+00   0.2452897E+02   0.0000000E+00
   0.1000000E+01   0.1221141E+02   0.3363769E+00   0.5952767E+02   0.6636231E+00   0.2442283E+02   0.0000000E+00
   0.7000000E+01   0.1222051E+02   0.3378639E+00   0.6844457E+02   0.6621361E+00   0.2444101E+02   0.0000000E+00
   0.2000000E+01   0.1243262E+02   0.3019650E+00   0.2931589E+02   0.6980350E+00   0.2486524E+02   0.0000000E+00
   0.1000000E+01   0.1273506E+02   0.2895629E+00   0.3053970E+02   0.7104371E+00   0.2547013E+02   0.0000000E+00
   0.2000000E+01   0.1241206E+02   0.3035183E+00   0.6504225E+02   0.6964817E+00   0.2482411E+02   0.0000000E+00
   0.2000000E+01   0.1228467E+02   0.3448692E+00   0.6181871E+02   0.6551308E+00   0.2456934E+02   0.0000000E+00
   0.3000000E+01   0.1223736E+02   0.3400940E+00   0.6378934E+02   0.6599060E+00   0.2447472E+02   0.0000000E+00
   0.2000000E+01   0.1228513E+02   0.3448917E+00   0.5774751E+02   0.6551083E+00   0.2457026E+02   0.0000000E+00
   0.4000000E+01   0.1246665E+02   0.3561419E+00   0.2606992E+02   0.6438581E+00   0.2493330E+02   0.0000000E+00
   0.4000000E+01   0.1221241E+02   0.3199167E+00   0.5858396E+02   0.6800833E+00   0.2442482E+02   0.0000000E+00
   0.3000000E+01   0.1220843E+02   0.3205962E+00   0.5589517E+02   0.6794038E+00   0.2441686E+02   0.0000000E+00
   0.4000000E+01   0.1226890E+02   0.3434484E+00   0.6468816E+02   0.6565516E+00   0.2453780E+02   0.0000000E+00
   0.1000000E+01   0.1260730E+02   0.3633432E+00   0.8415091E+02   0.6366568E+00   0.2521461E+02   0.0000000E+00
   0.3000000E+01   0.1223368E+02   0.3396991E+00   0.9345204E+02   0.6603009E+00   0.2446736E+02   0.0000000E+00
   0.1000000E+01   0.1231719E+02   0.3475529E+00   0.8496722E+02   0.6524471E+00   0.2463439E+02   0.0000000E+00
   0.4000000E+01   0.1233938E+02   0.3078743E+00   0.7210572E+02   0.6921257E+00   0.2467877E+02   0.0000000E+00
   0.1000000E+01   0.1223296E+02   0.3168236E+00   0.3932254E+02   0.6831764E+00   0.2446591E+02   0.0000000E+00
   0.2000000E+01   0.1221371E+02   0.3362025E+00   0.2511704E+02   0.6637975E+00   0.2442742E+02   0.0000000E+00
   0.3000000E+01   0.1219344E+02   0.3314755E+00   0.2187487E+02   0.6685245E+00   0.2438688E+02   0.0000000E+00
   0.1000000E+01   0.1228957E+02   0.3448141E+00   0.2754951E+02   0.6551859E+00   0.2457913E+02   0.0000000E+00
   0.1000000E+01   0.1218993E+02   0.3256106E+00   0.4460169E+02   0.6743894E+00   0.2437986E+02   0.0000000E+00
   0.1000000E+01   0.1333030E+02   0.3869687E+00   0.6938285E+02   0.6130313E+00   0.2666060E+02   0.0000000E+00
   0.2000000E+01   0.1222572E+02   0.3385569E+00   0.5483438E+02   0.6614431E+00   0.2445144E+02   0.0000000E+00
   0.3000000E+01   0.1254904E+02   0.2970041E+00   0.6459820E+02   0.7029959E+00   0.2509808E+02   0.0000000E+00
   0.4000000E+01   0.1220307E+02   0.3348228E+00   0.8172464E+02   0.6651772E+00   0.2440614E+02   0.0000000E+00
   0.2000000E+01   0.1266377E+02   0.2925654E+00   0.9846172E+02   0.7074346E+00   0.2532754E+02   0.0000000E+00
   0.3000000E+01   0.1233248E+02   0.3486655E+00   0.7920072E+02   0.6513345E+00   0.2466495E+02   0.0000000E+00
   0.4000000E+01   0.1218980E+02   0.3305570E+00   0.5705125E+02   0.6694430E+00   0.2437960E+02   0.0000000E+00
   0.1000000E+01   0.1225336E+02   0.3147640E+00   0.6556596E+02   0.6852360E+00   0.2450673E+02   0.0000000E+00
   0.1000000E+01   0.1220092E+02   0.3343367E+00   0.7931492E+02   0.6656633E+00   0.2440185E+02   0.0000000E+00
   0.2000000E+01   0.1233733E+02   0.3490021E+00   0.7525929E+02   0.6509979E+00   0.2467466E+02   0.0000000E+00
   0.1000000E+01   0.1221611E+02   0.3193691E+00   0.7106772E+02   0.6806309E+00   0.2443222E+02   0.0000000E+00
   0.1000000E+01   0.1218790E+02   0.3287265E+00   0.5055869E+02   0.6712735E+00   0.2437579E+02   0.0000000E+00
   0.2000000E+01   0.1226132E+02   0.3426082E+00   0.4602155E+02   0.6573918E+00   0.2452265E+02   0.0000000E+00
   0.4000000E+01   0.1286590E+02   0.3730306E+00   0.5203544E+02   0.6269694E+00   0.2573179E+02   0.0000000E+00
   0.5000000E+01   0.1420053E+02   0.4071134E+00   0.6290103E+02   0.5928866E+00   0.2840106E+02   0.0000000E+00
   0.2000000E+01   0.1272439E+02   0.3679820E+00   0.5781275E+02   0.6320180E+00   0.2544877E+02   0.0000000E+00
   0.1000000E+01   0.1243591E+02   0.3550784E+00   0.7189203E+02   0.6449216E+00   0.2487181E+02   0.0000000E+00
   0.2000000E+01   0.1223736E+02   0.3401555E+00   0.9662419E+02   0.6598445E+00   0.2447472E+02   0.0000000E+00
   0.1000000E+01   0.1220727E+02   0.3356534E+00   0.6949209E+02   0.6643466E+00   0.2441455E+02   0.0000000E+00
   0.2000000E+01   0.1219168E+02   0.3249444E+00   0.7055422E+02   0.6750556E+00   0.2438336E+02   0.0000000E+00
   0.2000000E+01   0.1220066E+02   0.3222844E+00   0.8675689E+02   0.6777156E+00   0.2440132E+02   0.0000000E+00
   0.1000000E+02   0.1219583E+02   0.3235429E+00   0.8942794E+02   0.6764571E+00   0.2439166E+02   0.0000000E+00
   0.1000000E+01   0.1219417E+02   0.3324993E+00   0.9326625E+02   0.6675007E+00   0.2438835E+02   0.0000000E+00
   0.1000000E+01   0.1254818E+02   0.3607415E+00   0.9851232E+02   0.6392585E+00   0.2509636E+02   0.0000000E+00
   0.1000000E+01   0.1365125E+02   0.3948304E+00   0.3903562E+02   0.6051696E+00   0.2730249E+02   0.0000000E+00
   0.4000000E+01   0.1356758E+02   0.3929489E+00   0.5300753E+02   0.6070511E+00   0.2713516E+02   0.0000000E+00
   0.4000000E+01   0.1352436E+02   0.3918877E+00   0.5335050E+02   0.6081123E+00   0.2704873E+02   0.0000000E+00
   0.3000000E+01   0.1316358E+02   0.3822955E+00   0.5278591E+02   0.6177045E+00   0.2632715E+02   0.0000000E+00
   0.3000000E+01   0.1252019E+02   0.3590611E+00   0.3306240E+02   0.6409389E+00   0.2504037E+02   0.0000000E+00
   0.2000000E+01   0.1219005E+02   0.3305969E+00   0.4023427E+02   0.6694031E+00   0.2438011E+02   0.0000000E+00
   0.4000000E+01   0.1219378E+02   0.3241374E+00   0.6736469E+02   0.6758626E+00   0.2438756E+02   0.0000000E+00
   0.3000000E+01   0.1228473E+02   0.3117686E+00   0.4590548E+02   0.6882314E+00   0.2456945E+02   0.0000000E+00
   0.3000000E+01   0.1221141E+02   0.3364163E+00   0.7273519E+02   0.6635837E+00   0.2442282E+02   0.0000000E+00
   0.1000000E+01   0.1221869E+02   0.3376058E+00   0.7504711E+02   0.6623942E+00   0.2443737E+02   0.0000000E+00
   0.1000000E+01   0.1326269E+02   0.3851260E+00   0.6419686E+02   0.6148740E+00   0.2652538E+02   0.0000000E+00
   0.2000000E+01   0.1244931E+02   0.3557955E+00   0.6779943E+02   0.6442045E+00   0.2489862E+02   0.0000000E+00
   0.4000000E+01   0.1317696E+02   0.3827846E+00   0.9048462E+02   0.6172154E+00   0.2635392E+02   0.0000000E+00
   0.2000000E+01   0.1283590E+02   0.2867674E+00   0.9868446E+02   0.7132326E+00   0.2567179E+02   0.0000000E+00
   0.5000000E+01   0.1295538E+02   0.2832075E+00   0.9549907E+02   0.7167925E+00   0.2591077E+02   0.0000000E+00
   0.1000000E+01   0.1315375E+02   0.2778757E+00   0.7942931E+02   0.7221243E+00   0.2630750E+02   0.0000000E+00
   0.1000000E+01   0.1228349E+02   0.3119645E+00   0.5859020E+02   0.6880355E+00   0.2456698E+02   0.0000000E+00
   0.3000000E+01   0.1220870E+02   0.3205864E+00   0.6397139E+02   0.6794136E+00   0.2441740E+02   0.0000000E+00
   0.3000000E+01   0.1219313E+02   0.3244030E+00   0.8041674E+02   0.6755970E+00   0.2438626E+02   0.0000000E+00
   0.7000000E+01   0.1422262E+02   0.2562500E+00   0.9675364E+02   0.7437500E+00   0.2844523E+02   0.0000000E+00
   0.1000000E+01   0.1297620E+02   0.2826229E+00   0.9953173E+02   0.7173771E+00   0.2595241E+02   0.0000000E+00
   0.1000000E+01   0.1271050E+02   0.2908645E+00   0.7810414E+02   0.7091355E+00   0.2542101E+02   0.0000000E+00
   0.2000000E+01   0.1221161E+02   0.3363592E+00   0.4996974E+02   0.6636408E+00   0.2442321E+02   0.0000000E+00
   0.1000000E+01   0.1239877E+02   0.3528493E+00   0.4842082E+02   0.6471507E+00   0.2479754E+02   0.0000000E+00
   0.1000000E+01   0.1238525E+02   0.3519712E+00   0.4226744E+02   0.6480288E+00   0.2477049E+02   0.0000000E+00
   0.1000000E+01   0.1218947E+02   0.3258501E+00   0.4237006E+02   0.6741499E+00   0.2437895E+02   0.0000000E+00
   0.1100000E+02   0.1220625E+02   0.3211101E+00   0.9058697E+02   0.6788899E+00   0.2441250E+02   0.0000000E+00
   0.1000000E+01   0.1220612E+02   0.3211354E+00   0.9061515E+02   0.6788646E+00   0.2441224E+02   0.0000000E+00
   0.2000000E+01   0.1222707E+02   0.3388251E+00   0.8416268E+02   0.6611749E+00   0.2445413E+02   0.0000000E+00
   0.4000000E+01   0.1249121E+02   0.3580061E+00   0.9070804E+02   0.6419939E+00   0.2498242E+02   0.0000000E+00
   0.1000000E+01   0.1247694E+02   0.3572933E+00   0.9793301E+02   0.6427067E+00   0.2495388E+02   0.0000000E+00
   0.1000000E+01   0.1224698E+02   0.3153720E+00   0.5372247E+02   0.6846280E+00   0.2449396E+02   0.0000000E+00
   0.2000000E+01   0.1249789E+02   0.3580687E+00   0.3739641E+02   0.6419313E+00   0.2499579E+02   0.0000000E+00
   0.1000000E+01   0.1221426E+02   0.3195434E+00   0.4843413E+02   0.6804566E+00   0.2442851E+02   0.0000000E+00
   0.2000000E+01   0.1238595E+02   0.3047918E+00   0.4055639E+02   0.6952082E+00   0.2477189E+02   0.0000000E+00
   0.1000000E+01   0.1242199E+02   0.3027728E+00   0.3886474E+02   0.6972272E+00   0.2484398E+02   0.0000000E+00
   0.4000000E+01   0.1218754E+02   0.3276447E+00   0.2725942E+02   0.6723553E+00   0.2437507E+02   0.0000000E+00
   0.1000000E+01   0.1310691E+02   0.2790736E+00   0.8011988E+02   0.7209264E+00   0.2621382E+02   0.0000000E+00
   0.1000000E+01   0.1319093E+02   0.2769605E+00   0.8658559E+02   0.7230395E+00   0.2638187E+02   0.0000000E+00
   0.2000000E+01   0.1452590E+02   0.2513183E+00   0.8445546E+02   0.7486817E+00   0.2905180E+02   0.0000000E+00
   0.2000000E+01   0.1275505E+02   0.2893506E+00   0.8154448E+02   0.7106494E+00   0.2551010E+02   0.0000000E+00
   0.1000000E+01   0.1294916E+02   0.2833506E+00   0.7491376E+02   0.7166494E+00   0.2589833E+02   0.0000000E+00
   0.3000000E+01   0.1260026E+02   0.2946994E+00   0.3884425E+02   0.7053006E+00   0.2520053E+02   0.0000000E+00
   0.4000000E+01   0.1234150E+02   0.3077149E+00   0.6563398E+02   0.6922851E+00   0.2468299E+02   0.0000000E+00
   0.3000000E+01   0.1355663E+02   0.2686665E+00   0.8202229E+02   0.7313335E+00   0.2711327E+02   0.0000000E+00
   0.4000000E+01   0.1355843E+02   0.2685852E+00   0.6524289E+02   0.7314148E+00   0.2711687E+02   0.0000000E+00
   0.8000000E+01   0.1311846E+02   0.2787470E+00   0.6861263E+02   0.7212530E+00   0.2623692E+02   0.0000000E+00
   0.4000000E+01   0.1296080E+02   0.2830082E+00   0.7071893E+02   0.7169918E+00   0.2592159E+02   0.0000000E+00
   0.2000000E+01   0.1277330E+02   0.2887219E+00   0.7108452E+02   0.7112781E+00   0.2554660E+02   0.0000000E+00
   0.2000000E+01   0.1221081E+02   0.3202365E+00   0.7090912E+02   0.6797635E+00   0.2442163E+02   0.0000000E+00
   0.1000000E+01   0.1445707E+02   0.2523817E+00   0.7485719E+02   0.7476183E+00   0.2891415E+02   0.0000000E+00
   0.6000000E+01   0.1453100E+02   0.2509870E+00   0.3977679E+02   0.7490130E+00   0.2906201E+02   0.0000000E+00
   0.1000000E+01   0.1218809E+02   0.3290868E+00   0.4881925E+02   0.6709132E+00   0.2437619E+02   0.0000000E+00
   0.3000000E+01   0.1221617E+02   0.3192665E+00   0.5150575E+02   0.6807335E+00   0.2443234E+02   0.0000000E+00
   0.1000000E+01   0.1240104E+02   0.3041248E+00   0.6558747E+02   0.6958752E+00   0.2480208E+02   0.0000000E+00
   0.1000000E+01   0.1251365E+02   0.2985876E+00   0.8222018E+02   0.7014124E+00   0.2502730E+02   0.0000000E+00
   0.5000000E+01   0.1255323E+02   0.3609600E+00   0.8715304E+02   0.6390400E+00   0.2510646E+02   0.0000000E+00
   0.2000000E+01   0.1221164E+02   0.3364554E+00   0.7254423E+02   0.6635446E+00   0.2442327E+02   0.0000000E+00
   0.7000000E+01   0.1221399E+02   0.3363677E+00   0.2760640E+02   0.6636323E+00   0.2442798E+02   0.0000000E+00
   0.2000000E+01   0.1219610E+02   0.3233688E+00   0.5785222E+02   0.6766312E+00   0.2439220E+02   0.0000000E+00
   0.4000000E+01   0.1236503E+02   0.3062602E+00   0.7961694E+02   0.6937398E+00   0.2473005E+02   0.0000000E+00
   0.1000000E+01   0.1235208E+02   0.3070371E+00   0.6758347E+02   0.6929629E+00   0.2470415E+02   0.0000000E+00
   0.1000000E+01   0.1232726E+02   0.3086702E+00   0.6429034E+02   0.6913298E+00   0.2465452E+02   0.0000000E+00
   0.5000000E+01   0.1275094E+02   0.3690297E+00   0.7277485E+02   0.6309703E+00   0.2550187E+02   0.0000000E+00
   0.1000000E+01   0.1259501E+02   0.3627945E+00   0.7376353E+02   0.6372055E+00   0.2519002E+02   0.0000000E+00
   0.1000000E+01   0.1255178E+02   0.3608542E+00   0.6770336E+02   0.6391458E+00   0.2510355E+02   0.0000000E+00
   0.2000000E+01   0.1395648E+02   0.4016228E+00   0.3178180E+02   0.5983772E+00   0.2791296E+02   0.0000000E+00
   0.2000000E+01   0.1300348E+02   0.3774764E+00   0.4775985E+02   0.6225236E+00   0.2600696E+02   0.0000000E+00
   0.2000000E+01   0.1273470E+02   0.3684517E+00   0.8973130E+02   0.6315483E+00   0.2546940E+02   0.0000000E+00
   0.5000000E+01   0.1220645E+02   0.3354872E+00   0.6725460E+02   0.6645128E+00   0.2441289E+02   0.0000000E+00
   0.1000000E+01   0.1223419E+02   0.3396867E+00   0.5902877E+02   0.6603133E+00   0.2446838E+02   0.0000000E+00
   0.1000000E+01   0.1270705E+02   0.3672750E+00   0.5037116E+02   0.6327250E+00   0.2541411E+02   0.0000000E+00
   0.3000000E+01   0.1256326E+02   0.3612258E+00   0.4268347E+02   0.6387742E+00   0.2512653E+02   0.0000000E+00
   0.2000000E+01   0.1224194E+02   0.3397407E+00   0.2104943E+02   0.6602593E+00   0.2448387E+02   0.0000000E+00
   0.1000000E+01   0.1416690E+02   0.4057477E+00   0.2377004E+02   0.5942523E+00   0.2833381E+02   0.0000000E+00
   0.2000000E+01   0.1366286E+02   0.3953122E+00   0.7176330E+02   0.6046878E+00   0.2732571E+02   0.0000000E+00
   0.1000000E+01   0.1358575E+02   0.3934589E+00   0.6993601E+02   0.6065411E+00   0.2717149E+02   0.0000000E+00
   0.1000000E+01   0.1255618E+02   0.3609957E+00   0.5355066E+02   0.6390043E+00   0.2511235E+02   0.0000000E+00
   0.3000000E+01   0.1221058E+02   0.3203035E+00   0.8216813E+02   0.6796965E+00   0.2442116E+02   0.0000000E+00
   0.5000000E+01   0.1219868E+02   0.3227301E+00   0.7153830E+02   0.6772699E+00   0.2439736E+02   0.0000000E+00
   0.1000000E+01   0.1222197E+02   0.3379944E+00   0.4962776E+02   0.6620056E+00   0.2444394E+02   0.0000000E+00
   0.1000000E+01   0.1242426E+02   0.3544123E+00   0.6552887E+02   0.6455877E+00   0.2484852E+02   0.0000000E+00
   0.2000000E+01   0.1220507E+02   0.3352261E+00   0.7313967E+02   0.6647739E+00   0.2441013E+02   0.0000000E+00
   0.1000000E+01   0.1220189E+02   0.3345637E+00   0.8289975E+02   0.6654363E+00   0.2440378E+02   0.0000000E+00
   0.1000000E+01   0.1361211E+02   0.2675306E+00   0.8915475E+02   0.7324694E+00   0.2722422E+02   0.0000000E+00
   0.1000000E+01   0.1396280E+02   0.2605842E+00   0.4412100E+02   0.7394158E+00   0.2792560E+02   0.0000000E+00
   0.1000000E+01   0.1261627E+02   0.2942155E+00   0.5137305E+02   0.7057845E+00   0.2523255E+02   0.0000000E+00
   0.1000000E+01   0.1249233E+02   0.2993699E+00   0.4383842E+02   0.7006301E+00   0.2498466E+02   0.0000000E+00
   0.6000000E+01   0.1250940E+02   0.2981244E+00   0.2622754E+02   0.7018756E+00   0.2501880E+02   0.0000000E+00
   0.3000000E+01   0.1245828E+02   0.3004365E+00   0.2475478E+02   0.6995635E+00   0.2491656E+02   0.0000000E+00
   0.1000000E+01   0.1259243E+02   0.2952613E+00   0.7878370E+02   0.7047387E+00   0.2518487E+02   0.0000000E+00
   0.1000000E+01   0.1243588E+02   0.3022862E+00   0.7329591E+02   0.6977138E+00   0.2487176E+02   0.0000000E+00
   0.1000000E+01   0.1265685E+02   0.2927663E+00   0.6903246E+02   0.7072337E+00   0.2531371E+02   0.0000000E+00
   0.1000000E+01   0.1220930E+02   0.3360046E+00   0.6056872E+02   0.6639954E+00   0.2441860E+02   0.0000000E+00
   0.1000000E+01   0.1219153E+02   0.3246492E+00   0.3501807E+02   0.6753508E+00   0.2438306E+02   0.0000000E+00
   0.5000000E+01   0.1218829E+02   0.3270024E+00   0.5715149E+02   0.6729976E+00   0.2437657E+02   0.0000000E+00
   0.1000000E+01   0.1255912E+02   0.2965591E+00   0.5952054E+02   0.7034409E+00   0.2511825E+02   0.0000000E+00
   0.1000000E+01   0.1227560E+02   0.3125532E+00   0.4644808E+02   0.6874468E+00   0.2455121E+02   0.0000000E+00
   0.1100000E+02   0.1430386E+02   0.2538439E+00   0.2147800E+02   0.7461561E+00   0.2860773E+02   0.0000000E+00
   0.2000000E+01   0.1247237E+02   0.3564357E+00   0.2602692E+02   0.6435643E+00   0.2494474E+02   0.0000000E+00
   0.1000000E+01   0.1276934E+02   0.3688174E+00   0.2153939E+02   0.6311826E+00   0.2553869E+02   0.0000000E+00
   0.4000000E+01   0.1278173E+02   0.3693153E+00   0.2207454E+02   0.6306847E+00   0.2556346E+02   0.0000000E+00
   0.3000000E+01   0.1272751E+02   0.2902151E+00   0.5913945E+02   0.7097849E+00   0.2545502E+02   0.0000000E+00
   0.1000000E+01   0.1250828E+02   0.2987574E+00   0.5874424E+02   0.7012426E+00   0.2501656E+02   0.0000000E+00
   0.4000000E+01   0.1251432E+02   0.2981331E+00   0.3168210E+02   0.7018669E+00   0.2502865E+02   0.0000000E+00
   0.2000000E+01   0.1240237E+02   0.3531963E+00   0.8712701E+02   0.6468037E+00   0.2480473E+02   0.0000000E+00
   0.1000000E+01   0.1257109E+02   0.3617416E+00   0.7343553E+02   0.6382584E+00   0.2514217E+02   0.0000000E+00
   0.2000000E+01   0.1235119E+02   0.3071488E+00   0.9608764E+02   0.6928512E+00   0.2470239E+02   0.0000000E+00
   0.4000000E+01   0.1218955E+02   0.3304534E+00   0.8036146E+02   0.6695466E+00   0.2437910E+02   0.0000000E+00
   0.1000000E+01   0.1220769E+02   0.3205163E+00   0.3696150E+02   0.6794837E+00   0.2441537E+02   0.0000000E+00
   0.5000000E+01   0.1229737E+02   0.3106412E+00   0.3814554E+02   0.6893588E+00   0.2459473E+02   0.0000000E+00
   0.1000000E+01   0.1222988E+02   0.3391153E+00   0.5476688E+02   0.6608847E+00   0.2445976E+02   0.0000000E+00
   0.2000000E+01   0.1270095E+02   0.2912111E+00   0.8440636E+02   0.7087889E+00   0.2540191E+02   0.0000000E+00
   0.1000000E+01   0.1234058E+02   0.3078033E+00   0.7533111E+02   0.6921967E+00   0.2468116E+02   0.0000000E+00
   0.5000000E+01   0.1251895E+02   0.2983346E+00   0.7402480E+02   0.7016654E+00   0.2503791E+02   0.0000000E+00
   0.6000000E+01   0.1219119E+02   0.3239923E+00   0.2138992E+02   0.6760077E+00   0.2438238E+02   0.0000000E+00
   0.1000000E+01   0.1219538E+02   0.3235831E+00   0.5801320E+02   0.6764169E+00   0.2439075E+02   0.0000000E+00
   0.3000000E+01   0.1218784E+02   0.3284737E+00   0.7124558E+02   0.6715263E+00   0.2437568E+02   0.0000000E+00
   0.2000000E+01   0.1228862E+02   0.3113639E+00   0.3950187E+02   0.6886361E+00   0.2457723E+02   0.0000000E+00
   0.2000000E+01   0.1290034E+02   0.3741352E+00   0.4528604E+02   0.6258648E+00   0.2580068E+02   0.0000000E+00
   0.2000000E+01   0.1268951E+02   0.3665289E+00   0.4329165E+02   0.6334711E+00   0.2537902E+02   0.0000000E+00
   0.1000000E+01   0.1224611E+02   0.3150879E+00   0.3032793E+02   0.6849121E+00   0.2449223E+02   0.0000000E+00
   0.6000000E+01   0.1346810E+02   0.2704276E+00   0.5047551E+02   0.7295724E+00   0.2693619E+02   0.0000000E+00
   0.9000000E+01   0.1290285E+02   0.2844286E+00   0.3741950E+02   0.7155714E+00   0.2580570E+02   0.0000000E+00
   0.1000000E+01   0.1339583E+02   0.2716583E+00   0.3007589E+02   0.7283417E+00   0.2679166E+02   0.0000000E+00
   0.3000000E+01   0.1345428E+02   0.2703473E+00   0.2954593E+02   0.7296527E+00   0.2690855E+02   0.0000000E+00
   0.1000000E+01   0.1218873E+02   0.3295694E+00   0.2947906E+02   0.6704306E+00   0.2437745E+02   0.0000000E+00
   0.1000000E+01   0.1218967E+02   0.3253043E+00   0.2845559E+02   0.6746957E+00   0.2437935E+02   0.0000000E+00
   0.1000000E+01   0.1273354E+02   0.2900647E+00   0.7573190E+02   0.7099353E+00   0.2546708E+02   0.0000000E+00
   0.4000000E+01   0.1267227E+02   0.2920287E+00   0.4242515E+02   0.7079713E+00   0.2534454E+02   0.0000000E+00
   0.2000000E+01   0.1302145E+02   0.3778584E+00   0.3476006E+02   0.6221416E+00   0.2604290E+02   0.0000000E+00
   0.4000000E+01   0.1283103E+02   0.3713199E+00   0.2586058E+02   0.6286801E+00   0.2566206E+02   0.0000000E+00
   0.1000000E+01   0.1268027E+02   0.3657217E+00   0.2573404E+02   0.6342783E+00   0.2536054E+02   0.0000000E+00
   0.4000000E+01   0.1248286E+02   0.3575688E+00   0.7905234E+02   0.6424312E+00   0.2496571E+02   0.0000000E+00
   0.2000000E+01   0.1234077E+02   0.3492366E+00   0.7246360E+02   0.6507634E+00   0.2468155E+02   0.0000000E+00
   0.4000000E+01   0.1250810E+02   0.3588259E+00   0.8186968E+02   0.6411741E+00   0.2501619E+02   0.0000000E+00
   0.1000000E+01   0.1219664E+02   0.3232111E+00   0.5723737E+02   0.6767889E+00   0.2439328E+02   0.0000000E+00
   0.1000000E+01   0.1219225E+02   0.3317123E+00   0.5388950E+02   0.6682877E+00   0.2438451E+02   0.0000000E+00
   0.1000000E+01   0.1230145E+02   0.3102194E+00   0.3340550E+02   0.6897806E+00   0.2460290E+02   0.0000000E+00
   0.2000000E+01   0.1309821E+02   0.2791374E+00   0.4574992E+02   0.7208626E+00   0.2619641E+02   0.0000000E+00
   0.3000000E+01   0.1300297E+02   0.2818697E+00   0.9241707E+02   0.7181303E+00   0.2600594E+02   0.0000000E+00
   0.2000000E+01   0.1274439E+02   0.2897101E+00   0.8236421E+02   0.7102899E+00   0.2548878E+02   0.0000000E+00
   0.3000000E+01   0.1231997E+02   0.3477062E+00   0.6199400E+02   0.6522938E+00   0.2463994E+02   0.0000000E+00
   0.1000000E+01   0.1221812E+02   0.3375485E+00   0.9544481E+02   0.6624515E+00   0.2443624E+02   0.0000000E+00
   0.1000000E+01   0.1455959E+02   0.2508020E+00   0.8917896E+02   0.7491980E+00   0.2911919E+02   0.0000000E+00
   0.2000000E+01   0.1232299E+02   0.3089422E+00   0.5835374E+02   0.6910578E+00   0.2464597E+02   0.0000000E+00
   0.1000000E+01   0.1225145E+02   0.3417356E+00   0.8251143E+02   0.6582644E+00   0.2450289E+02   0.0000000E+00
   0.3000000E+01   0.1354354E+02   0.3923838E+00   0.5763076E+02   0.6076162E+00   0.2708708E+02   0.0000000E+00
   0.1000000E+01   0.1232632E+02   0.3476277E+00   0.2606793E+02   0.6523723E+00   0.2465265E+02   0.0000000E+00
   0.1000000E+01   0.1230337E+02   0.3102767E+00   0.4513832E+02   0.6897233E+00   0.2460674E+02   0.0000000E+00
   0.1000000E+01   0.1218787E+02   0.3285554E+00   0.9272807E+02   0.6714446E+00   0.2437574E+02   0.0000000E+00
   0.1000000E+01   0.1274882E+02   0.3689752E+00   0.8589407E+02   0.6310248E+00   0.2549764E+02   0.0000000E+00
   0.1000000E+01   0.1280440E+02   0.3710102E+00   0.9669487E+02   0.6289898E+00   0.2560880E+02   0.0000000E+00
   0.5000000E+01   0.1224438E+02   0.3409796E+00   0.9974654E+02   0.6590204E+00   0.2448876E+02   0.0000000E+00
   0.4000000E+01   0.1337912E+02   0.2724493E+00   0.5949351E+02   0.7275507E+00   0.2675823E+02   0.0000000E+00
   0.1000000E+01   0.1475565E+02   0.2476715E+00   0.4763028E+02   0.7523285E+00   0.2951131E+02   0.0000000E+00
   0.5000000E+01   0.1428006E+02   0.2550591E+00   0.4231488E+02   0.7449409E+00   0.2856012E+02   0.0000000E+00
   0.2000000E+01   0.1437393E+02   0.2534668E+00   0.3883462E+02   0.7465332E+00   0.2874786E+02   0.0000000E+00
   0.1000000E+01   0.1458884E+02   0.2502874E+00   0.6330933E+02   0.7497126E+00   0.2917768E+02   0.0000000E+00
   0.2000000E+01   0.1442235E+02   0.2528988E+00   0.6333581E+02   0.7471012E+00   0.2884469E+02   0.0000000E+00
   0.4000000E+01   0.1466011E+02   0.2490941E+00   0.4680782E+02   0.7509059E+00   0.2932023E+02   0.0000000E+00
   0.1000000E+01   0.1386996E+02   0.2622342E+00   0.3975005E+02   0.7377658E+00   0.2773991E+02   0.0000000E+00
   0.2000000E+01   0.1339418E+02   0.2717909E+00   0.3303901E+02   0.7282091E+00   0.2678836E+02   0.0000000E+00
   0.4000000E+01   0.1400293E+02   0.2599308E+00   0.5165931E+02   0.7400692E+00   0.2800586E+02   0.0000000E+00
   0.1000000E+01   0.1271294E+02   0.2903421E+00   0.3105151E+02   0.7096579E+00   0.2542588E+02   0.0000000E+00
   0.1000000E+01   0.1218883E+02   0.3298703E+00   0.5130383E+02   0.6701297E+00   0.2437767E+02   0.0000000E+00
   0.2000000E+01   0.1218778E+02   0.3283404E+00   0.4934452E+02   0.6716596E+00   0.2437557E+02   0.0000000E+00
   0.7000000E+01   0.1220686E+02   0.3354963E+00   0.5065998E+02   0.6645037E+00   0.2441373E+02   0.0000000E+00
   0.1000000E+01   0.1236331E+02   0.3062663E+00   0.5303520E+02   0.6937337E+00   0.2472662E+02   0.0000000E+00
   0.2000000E+01   0.1226212E+02   0.3426568E+00   0.4301260E+02   0.6573432E+00   0.2452424E+02   0.0000000E+00
   0.1000000E+01   0.1221703E+02   0.3372421E+00   0.4847057E+02   0.6627579E+00   0.2443407E+02   0.0000000E+00
   0.1000000E+01   0.1288182E+02   0.2849050E+00   0.3140353E+02   0.7150950E+00   0.2576364E+02   0.0000000E+00
   0.2000000E+01   0.1502439E+02   0.2439390E+00   0.7681829E+02   0.7560610E+00   0.3004878E+02   0.0000000E+00
   0.1000000E+02   0.1247420E+02   0.2997040E+00   0.2536020E+02   0.7002960E+00   0.2494839E+02   0.0000000E+00
   0.1000000E+01   0.1221240E+02   0.3197741E+00   0.4192653E+02   0.6802259E+00   0.2442479E+02   0.0000000E+00
   0.3000000E+01   0.1236469E+02   0.3503702E+00   0.2850921E+02   0.6496298E+00   0.2472938E+02   0.0000000E+00
   0.2000000E+01   0.1252191E+02   0.2978905E+00   0.3516247E+02   0.7021095E+00   0.2504382E+02   0.0000000E+00
   0.4000000E+01   0.1274511E+02   0.2894402E+00   0.3960549E+02   0.7105598E+00   0.2549022E+02   0.0000000E+00
   0.1000000E+01   0.1219669E+02   0.3329502E+00   0.3320279E+02   0.6670498E+00   0.2439338E+02   0.0000000E+00
   0.4000000E+01   0.1218901E+02   0.3295817E+00   0.2358430E+02   0.6704183E+00   0.2437802E+02   0.0000000E+00
   0.6000000E+01   0.1219707E+02   0.3229288E+00   0.4073641E+02   0.6770712E+00   0.2439414E+02   0.0000000E+00
   0.1000000E+01   0.1239869E+02   0.3039324E+00   0.3374051E+02   0.6960676E+00   0.2479737E+02   0.0000000E+00
   0.1000000E+01   0.1222457E+02   0.3380531E+00   0.2995068E+02   0.6619469E+00   0.2444914E+02   0.0000000E+00
   0.2000000E+01   0.1222758E+02   0.3385226E+00   0.3185860E+02   0.6614774E+00   0.2445516E+02   0.0000000E+00
   0.1000000E+01   0.1294279E+02   0.2834895E+00   0.6133951E+02   0.7165105E+00   0.2588557E+02   0.0000000E+00
   0.1000000E+01   0.1256436E+02   0.2962415E+00   0.4557678E+02   0.7037585E+00   0.2512873E+02   0.0000000E+00
   0.1000000E+01   0.1223306E+02   0.3395357E+00   0.5706254E+02   0.6604643E+00   0.2446612E+02   0.0000000E+00
   0.3000000E+01   0.1264816E+02   0.2931313E+00   0.8949696E+02   0.7068687E+00   0.2529633E+02   0.0000000E+00
   0.1000000E+01   0.1232185E+02   0.3090760E+00   0.7312938E+02   0.6909240E+00   0.2464370E+02   0.0000000E+00
   0.4000000E+01   0.1227110E+02   0.3130750E+00   0.6686392E+02   0.6869250E+00   0.2454219E+02   0.0000000E+00
   0.1000000E+01   0.1234751E+02   0.3073271E+00   0.6683370E+02   0.6926729E+00   0.2469502E+02   0.0000000E+00
   0.5000000E+01   0.1238398E+02   0.3051510E+00   0.9211658E+02   0.6948490E+00   0.2476797E+02   0.0000000E+00
   0.2000000E+01   0.1235825E+02   0.3067010E+00   0.9363949E+02   0.6932990E+00   0.2471650E+02   0.0000000E+00
   0.1000000E+01   0.1254590E+02   0.2971929E+00   0.8836115E+02   0.7028071E+00   0.2509181E+02   0.0000000E+00
   0.6000000E+01   0.1274484E+02   0.2897110E+00   0.9308319E+02   0.7102890E+00   0.2548968E+02   0.0000000E+00
   0.2000000E+01   0.1243777E+02   0.3022213E+00   0.9051610E+02   0.6977787E+00   0.2487555E+02   0.0000000E+00
   0.2000000E+01   0.1386249E+02   0.2626434E+00   0.9871331E+02   0.7373566E+00   0.2772498E+02   0.0000000E+00
   0.1000000E+01   0.1382085E+02   0.3986573E+00   0.3354351E+02   0.6013427E+00   0.2764170E+02   0.0000000E+00
   0.4000000E+01   0.1383261E+02   0.2623299E+00   0.2338834E+02   0.7376701E+00   0.2766521E+02   0.0000000E+00
   0.2000000E+01   0.1625059E+02   0.2275240E+00   0.2243082E+02   0.7724760E+00   0.3250119E+02   0.0000000E+00
   0.6000000E+01   0.1504882E+02   0.2434114E+00   0.4339569E+02   0.7565886E+00   0.3009765E+02   0.0000000E+00
   0.2000000E+01   0.1608064E+02   0.2303206E+00   0.5030748E+02   0.7696794E+00   0.3216129E+02   0.0000000E+00
   0.1000000E+01   0.1709007E+02   0.2193325E+00   0.6365105E+02   0.7806675E+00   0.3418013E+02   0.0000000E+00
   0.1000000E+01   0.1219676E+02   0.3332916E+00   0.9448830E+02   0.6667084E+00   0.2439351E+02   0.0000000E+00
   0.1000000E+01   0.1220598E+02   0.3209039E+00   0.4041980E+02   0.6790961E+00   0.2441196E+02   0.0000000E+00
   0.3000000E+01   0.1222328E+02   0.3380662E+00   0.3861467E+02   0.6619338E+00   0.2444656E+02   0.0000000E+00
   0.1000000E+01   0.1220051E+02   0.3222953E+00   0.7537785E+02   0.6777047E+00   0.2440103E+02   0.0000000E+00
   0.2000000E+01   0.1253505E+02   0.3601086E+00   0.8019589E+02   0.6398914E+00   0.2507009E+02   0.0000000E+00
   0.1000000E+01   0.1221533E+02   0.3370723E+00   0.7181217E+02   0.6629277E+00   0.2443067E+02   0.0000000E+00
   0.1000000E+01   0.1224176E+02   0.3406557E+00   0.8088526E+02   0.6593443E+00   0.2448352E+02   0.0000000E+00
   0.1000000E+01   0.1301771E+02   0.2814624E+00   0.9050986E+02   0.7185376E+00   0.2603542E+02   0.0000000E+00
   0.3000000E+01   0.1269822E+02   0.2912777E+00   0.7066227E+02   0.7087223E+00   0.2539643E+02   0.0000000E+00
   0.3000000E+01   0.1427866E+02   0.2552945E+00   0.8373565E+02   0.7447055E+00   0.2855733E+02   0.0000000E+00
   0.1000000E+01   0.1305897E+02   0.2803384E+00   0.8339571E+02   0.7196616E+00   0.2611793E+02   0.0000000E+00
   0.1000000E+01   0.1303864E+02   0.2808463E+00   0.6785561E+02   0.7191537E+00   0.2607728E+02   0.0000000E+00
   0.1000000E+01   0.1321749E+02   0.3838962E+00   0.7176303E+02   0.6161038E+00   0.2643497E+02   0.0000000E+00
   0.2000000E+01   0.1330847E+02   0.3863443E+00   0.5803547E+02   0.6136557E+00   0.2661693E+02   0.0000000E+00
   0.4000000E+01   0.1222147E+02   0.3376167E+00   0.3014002E+02   0.6623833E+00   0.2444293E+02   0.0000000E+00
   0.1000000E+01   0.1230404E+02   0.3094823E+00   0.2254755E+02   0.6905177E+00   0.2460809E+02   0.0000000E+00
   0.3000000E+01   0.1232920E+02   0.3474976E+00   0.2122103E+02   0.6525024E+00   0.2465840E+02   0.0000000E+00
   0.2000000E+01   0.1219374E+02   0.3237628E+00   0.3319798E+02   0.6762372E+00   0.2438749E+02   0.0000000E+00
   0.3000000E+01   0.1400225E+02   0.2600759E+00   0.9385670E+02   0.7399241E+00   0.2800450E+02   0.0000000E+00
   0.4000000E+01   0.1498745E+02   0.2444593E+00   0.7706844E+02   0.7555407E+00   0.2997491E+02   0.0000000E+00
   0.2000000E+01   0.1294834E+02   0.2833810E+00   0.7798402E+02   0.7166190E+00   0.2589669E+02   0.0000000E+00
   0.1000000E+01   0.1233678E+02   0.3080938E+00   0.9959979E+02   0.6919062E+00   0.2467356E+02   0.0000000E+00
   0.1000000E+01   0.1360179E+02   0.3938337E+00   0.6523468E+02   0.6061663E+00   0.2720358E+02   0.0000000E+00
   0.1000000E+01   0.1364363E+02   0.3946316E+00   0.3791055E+02   0.6053684E+00   0.2728727E+02   0.0000000E+00
   0.1000000E+01   0.1219869E+02   0.3335760E+00   0.3831720E+02   0.6664240E+00   0.2439738E+02   0.0000000E+00
   0.3000000E+01   0.1318883E+02   0.2767432E+00   0.3870579E+02   0.7232568E+00   0.2637767E+02   0.0000000E+00
   0.2000000E+01   0.1258282E+02   0.2954827E+00   0.4520852E+02   0.7045173E+00   0.2516565E+02   0.0000000E+00
   0.1000000E+01   0.1249838E+02   0.2993002E+00   0.9834534E+02   0.7006998E+00   0.2499676E+02   0.0000000E+00
   0.1000000E+01   0.1224842E+02   0.3153413E+00   0.9708896E+02   0.6846587E+00   0.2449684E+02   0.0000000E+00
   0.1000000E+01   0.1231015E+02   0.3099027E+00   0.6697788E+02   0.6900973E+00   0.2462031E+02   0.0000000E+00
   0.1000000E+01   0.1220891E+02   0.3204558E+00   0.4876229E+02   0.6795442E+00   0.2441782E+02   0.0000000E+00
   0.2000000E+01   0.1346566E+02   0.2703558E+00   0.3956200E+02   0.7296442E+00   0.2693132E+02   0.0000000E+00
   0.6000000E+01   0.1348486E+02   0.2701576E+00   0.6892290E+02   0.7298424E+00   0.2696971E+02   0.0000000E+00
   0.1000000E+01   0.1220024E+02   0.3223777E+00   0.8377456E+02   0.6776223E+00   0.2440048E+02   0.0000000E+00
   0.7000000E+01   0.1224032E+02   0.3161515E+00   0.6191423E+02   0.6838485E+00   0.2448063E+02   0.0000000E+00
   0.6000000E+01   0.1233332E+02   0.3487014E+00   0.6840281E+02   0.6512986E+00   0.2466665E+02   0.0000000E+00
   0.1000000E+01   0.1220509E+02   0.3212167E+00   0.5320754E+02   0.6787833E+00   0.2441017E+02   0.0000000E+00
   0.6000000E+01   0.1333095E+02   0.2735875E+00   0.7047798E+02   0.7264125E+00   0.2666191E+02   0.0000000E+00
   0.4000000E+01   0.1241662E+02   0.3033369E+00   0.9647709E+02   0.6966631E+00   0.2483324E+02   0.0000000E+00
   0.3000000E+01   0.1220799E+02   0.3207892E+00   0.9726599E+02   0.6792108E+00   0.2441599E+02   0.0000000E+00
   0.1000000E+01   0.1259555E+02   0.3628351E+00   0.8260090E+02   0.6371649E+00   0.2519111E+02   0.0000000E+00
   0.2000000E+01   0.1221496E+02   0.3195884E+00   0.9014823E+02   0.6804116E+00   0.2442992E+02   0.0000000E+00
   0.1000000E+01   0.1336276E+02   0.2728941E+00   0.8636896E+02   0.7271059E+00   0.2672553E+02   0.0000000E+00
   0.1000000E+01   0.1309942E+02   0.2792236E+00   0.6405822E+02   0.7207764E+00   0.2619884E+02   0.0000000E+00
   0.2000000E+01   0.1320915E+02   0.2764664E+00   0.6666440E+02   0.7235336E+00   0.2641830E+02   0.0000000E+00
   0.3000000E+01   0.1231436E+02   0.3095957E+00   0.6740174E+02   0.6904043E+00   0.2462872E+02   0.0000000E+00
   0.2000000E+01   0.1223737E+02   0.3165269E+00   0.7208205E+02   0.6834731E+00   0.2447474E+02   0.0000000E+00
   0.1000000E+01   0.1233769E+02   0.3489047E+00   0.4729672E+02   0.6510953E+00   0.2467537E+02   0.0000000E+00
   0.6000000E+01   0.1234435E+02   0.3074384E+00   0.4940321E+02   0.6925616E+00   0.2468871E+02   0.0000000E+00
   0.2000000E+01   0.1225977E+02   0.3131656E+00   0.2166996E+02   0.6868344E+00   0.2451954E+02   0.0000000E+00
   0.1000000E+01   0.1219771E+02   0.3333154E+00   0.3787077E+02   0.6666846E+00   0.2439543E+02   0.0000000E+00
   0.1000000E+01   0.1240748E+02   0.3530279E+00   0.2931790E+02   0.6469721E+00   0.2481495E+02   0.0000000E+00
   0.1000000E+01   0.1220369E+02   0.3349049E+00   0.6070952E+02   0.6650951E+00   0.2440738E+02   0.0000000E+00
   0.1000000E+01   0.1323113E+02   0.2758426E+00   0.4990510E+02   0.7241574E+00   0.2646226E+02   0.0000000E+00
   0.1000000E+01   0.1223016E+02   0.3171776E+00   0.3965696E+02   0.6828224E+00   0.2446033E+02   0.0000000E+00
   0.1000000E+01   0.1224070E+02   0.3405189E+00   0.7382622E+02   0.6594811E+00   0.2448140E+02   0.0000000E+00
   0.1000000E+01   0.1219455E+02   0.3238633E+00   0.6246522E+02   0.6761367E+00   0.2438910E+02   0.0000000E+00
   0.2000000E+01   0.1222818E+02   0.3176401E+00   0.6561830E+02   0.6823599E+00   0.2445636E+02   0.0000000E+00
   0.2000000E+01   0.1237112E+02   0.3512263E+00   0.6274094E+02   0.6487737E+00   0.2474225E+02   0.0000000E+00
   0.3000000E+01   0.1295693E+02   0.2830226E+00   0.5065837E+02   0.7169774E+00   0.2591387E+02   0.0000000E+00
   0.2000000E+01   0.1232864E+02   0.3083862E+00   0.4022750E+02   0.6916138E+00   0.2465727E+02   0.0000000E+00
   0.3000000E+01   0.1249158E+02   0.2995974E+00   0.8602258E+02   0.7004026E+00   0.2498316E+02   0.0000000E+00
   0.3000000E+01   0.1219768E+02   0.3334963E+00   0.6517010E+02   0.6665037E+00   0.2439537E+02   0.0000000E+00
   0.6000000E+01   0.1314120E+02   0.3807780E+00   0.2086875E+02   0.6192220E+00   0.2628240E+02   0.0000000E+00
   0.2000000E+01   0.1298845E+02   0.3761349E+00   0.2055528E+02   0.6238651E+00   0.2597689E+02   0.0000000E+00
   0.3000000E+01   0.1221604E+02   0.3371739E+00   0.6718812E+02   0.6628261E+00   0.2443208E+02   0.0000000E+00
   0.1000000E+01   0.1228381E+02   0.3448104E+00   0.6662456E+02   0.6551896E+00   0.2456761E+02   0.0000000E+00
   0.5000000E+01   0.1428059E+02   0.2552278E+00   0.6887230E+02   0.7447722E+00   0.2856117E+02   0.0000000E+00
   0.3000000E+01   0.1350251E+02   0.2697165E+00   0.5471061E+02   0.7302835E+00   0.2700502E+02   0.0000000E+00
   0.2000000E+01   0.1333087E+02   0.2736111E+00   0.7944215E+02   0.7263889E+00   0.2666174E+02   0.0000000E+00
   0.4000000E+01   0.1348978E+02   0.2700821E+00   0.8149754E+02   0.7299179E+00   0.2697956E+02   0.0000000E+00
   0.5000000E+01   0.1218795E+02   0.3288139E+00   0.9760041E+02   0.6711861E+00   0.2437589E+02   0.0000000E+00
   0.1000000E+01   0.1220537E+02   0.3353228E+00   0.9723690E+02   0.6646772E+00   0.2441075E+02   0.0000000E+00
   0.1000000E+01   0.1227375E+02   0.3128636E+00   0.7585506E+02   0.6871364E+00   0.2454749E+02   0.0000000E+00
   0.2000000E+01   0.1260868E+02   0.3633262E+00   0.5695571E+02   0.6366738E+00   0.2521736E+02   0.0000000E+00
   0.2000000E+01   0.1260307E+02   0.3630851E+00   0.5677400E+02   0.6369149E+00   0.2520614E+02   0.0000000E+00
   0.1000000E+01   0.1224410E+02   0.3405766E+00   0.3272837E+02   0.6594234E+00   0.2448820E+02   0.0000000E+00
   0.2000000E+01   0.1242370E+02   0.3542354E+00   0.4254407E+02   0.6457646E+00   0.2484739E+02   0.0000000E+00
   0.1000000E+01   0.1252270E+02   0.3592280E+00   0.3510093E+02   0.6407720E+00   0.2504541E+02   0.0000000E+00
   0.2000000E+01   0.1321232E+02   0.3835605E+00   0.4018699E+02   0.6164395E+00   0.2642465E+02   0.0000000E+00
   0.1000000E+01   0.1283700E+02   0.3717040E+00   0.3006997E+02   0.6282960E+00   0.2567400E+02   0.0000000E+00
   0.1000000E+01   0.1219177E+02   0.3314782E+00   0.4776440E+02   0.6685218E+00   0.2438354E+02   0.0000000E+00
   0.1000000E+01   0.1250645E+02   0.3587194E+00   0.6951798E+02   0.6412806E+00   0.2501290E+02   0.0000000E+00
   0.8000000E+01   0.1237924E+02   0.3517763E+00   0.7670649E+02   0.6482237E+00   0.2475849E+02   0.0000000E+00
   0.1000000E+01   0.1242338E+02   0.3543445E+00   0.6054702E+02   0.6456555E+00   0.2484676E+02   0.0000000E+00
   0.3000000E+01   0.1222992E+02   0.3391451E+00   0.6008505E+02   0.6608549E+00   0.2445984E+02   0.0000000E+00
   0.1000000E+01   0.1285763E+02   0.3728580E+00   0.8864195E+02   0.6271420E+00   0.2571525E+02   0.0000000E+00
   0.2000000E+01   0.1464369E+02   0.4158362E+00   0.7073156E+02   0.5841638E+00   0.2928738E+02   0.0000000E+00
   0.1000000E+01   0.1492466E+02   0.4210075E+00   0.7973955E+02   0.5789925E+00   0.2984931E+02   0.0000000E+00
   0.3000000E+01   0.1221747E+02   0.3372601E+00   0.4296553E+02   0.6627399E+00   0.2443495E+02   0.0000000E+00
   0.3000000E+01   0.1218816E+02   0.3272742E+00   0.7715001E+02   0.6727258E+00   0.2437633E+02   0.0000000E+00
   0.1000000E+01   0.1251443E+02   0.3590952E+00   0.6573966E+02   0.6409048E+00   0.2502886E+02   0.0000000E+00
   0.2000000E+01   0.1330315E+02   0.3862826E+00   0.9288809E+02   0.6137174E+00   0.2660631E+02   0.0000000E+00
   0.2000000E+01   0.1220552E+02   0.3353238E+00   0.7594900E+02   0.6646762E+00   0.2441104E+02   0.0000000E+00
   0.4000000E+01   0.1226584E+02   0.3134338E+00   0.4633900E+02   0.6865662E+00   0.2453167E+02   0.0000000E+00
   0.1000000E+01   0.1225503E+02   0.3420805E+00   0.6724287E+02   0.6579195E+00   0.2451006E+02   0.0000000E+00
   0.1000000E+01   0.1226123E+02   0.3140096E+00   0.7272733E+02   0.6859904E+00   0.2452245E+02   0.0000000E+00
   0.9000000E+01   0.1219371E+02   0.3242226E+00   0.9288222E+02   0.6757774E+00   0.2438741E+02   0.0000000E+00
   0.2000000E+01   0.1226558E+02   0.3134903E+00   0.4998022E+02   0.6865097E+00   0.2453117E+02   0.0000000E+00
   0.1000000E+01   0.1231632E+02   0.3094563E+00   0.6817399E+02   0.6905437E+00   0.2463264E+02   0.0000000E+00
   0.2000000E+01   0.1220693E+02   0.3355877E+00   0.6963710E+02   0.6644123E+00   0.2441386E+02   0.0000000E+00
   0.1000000E+01   0.1219458E+02   0.3238290E+00   0.5790169E+02   0.6761710E+00   0.2438917E+02   0.0000000E+00
   0.4000000E+01   0.1229265E+02   0.3112788E+00   0.7846228E+02   0.6887212E+00   0.2458531E+02   0.0000000E+00
   0.3000000E+01   0.1238442E+02   0.3051005E+00   0.7723208E+02   0.6948995E+00   0.2476885E+02   0.0000000E+00
   0.1000000E+01   0.1231117E+02   0.3098115E+00   0.6267974E+02   0.6901885E+00   0.2462235E+02   0.0000000E+00
   0.5000000E+01   0.1263902E+02   0.2933821E+00   0.5692608E+02   0.7066179E+00   0.2527804E+02   0.0000000E+00
   0.2000000E+01   0.1218817E+02   0.3291954E+00   0.4856998E+02   0.6708046E+00   0.2437635E+02   0.0000000E+00
   0.1000000E+01   0.1218817E+02   0.3291908E+00   0.4854261E+02   0.6708092E+00   0.2437634E+02   0.0000000E+00
   0.1000000E+01   0.1243427E+02   0.3549045E+00   0.5141652E+02   0.6450955E+00   0.2486855E+02   0.0000000E+00
   0.1000000E+02   0.1221497E+02   0.3370536E+00   0.9880704E+02   0.6629464E+00   0.2442995E+02   0.0000000E+00
   0.8000000E+01   0.1220452E+02   0.3351376E+00   0.8795103E+02   0.6648624E+00   0.2440903E+02   0.0000000E+00
   0.2000000E+01   0.1227832E+02   0.3443660E+00   0.8713223E+02   0.6556340E+00   0.2455663E+02   0.0000000E+00
   0.2000000E+01   0.1220622E+02   0.3353008E+00   0.4255942E+02   0.6646992E+00   0.2441243E+02   0.0000000E+00
   0.1000000E+01   0.1223258E+02   0.3168194E+00   0.3662980E+02   0.6831806E+00   0.2446516E+02   0.0000000E+00
   0.1000000E+01   0.1222401E+02   0.3179638E+00   0.3817943E+02   0.6820362E+00   0.2444801E+02   0.0000000E+00
   0.1000000E+01   0.1220832E+02   0.3204108E+00   0.3749210E+02   0.6795892E+00   0.2441664E+02   0.0000000E+00
   0.2000000E+01   0.1238454E+02   0.3515031E+00   0.2585656E+02   0.6484969E+00   0.2476908E+02   0.0000000E+00
   0.1000000E+01   0.1231246E+02   0.3097340E+00   0.6733805E+02   0.6902660E+00   0.2462492E+02   0.0000000E+00
   0.2000000E+01   0.1267304E+02   0.2921459E+00   0.6130802E+02   0.7078541E+00   0.2534608E+02   0.0000000E+00
   0.2000000E+01   0.1338068E+02   0.2724263E+00   0.6218751E+02   0.7275737E+00   0.2676135E+02   0.0000000E+00
   0.4000000E+01   0.1291529E+02   0.2843448E+00   0.8114421E+02   0.7156552E+00   0.2583057E+02   0.0000000E+00
   0.1000000E+01   0.1231112E+02   0.3098121E+00   0.6181186E+02   0.6901879E+00   0.2462223E+02   0.0000000E+00
   0.4000000E+01   0.1383500E+02   0.2631340E+00   0.8012804E+02   0.7368660E+00   0.2766999E+02   0.0000000E+00
   0.2000000E+01   0.1529029E+02   0.2402613E+00   0.6271238E+02   0.7597387E+00   0.3058057E+02   0.0000000E+00
   0.3000000E+01   0.1577373E+02   0.2341538E+00   0.9681122E+02   0.7658462E+00   0.3154746E+02   0.0000000E+00
   0.1000000E+01   0.1439519E+02   0.2533658E+00   0.7278601E+02   0.7466342E+00   0.2879038E+02   0.0000000E+00
   0.4000000E+01   0.1237808E+02   0.3055019E+00   0.9644961E+02   0.6944981E+00   0.2475615E+02   0.0000000E+00
   0.2000000E+01   0.1228634E+02   0.3118138E+00   0.9110194E+02   0.6881862E+00   0.2457267E+02   0.0000000E+00
   0.1000000E+01   0.1235212E+02   0.3070838E+00   0.9128558E+02   0.6929162E+00   0.2470424E+02   0.0000000E+00
   0.1000000E+01   0.1237931E+02   0.3052933E+00   0.5137068E+02   0.6947067E+00   0.2475861E+02   0.0000000E+00
   0.1000000E+01   0.1230002E+02   0.3104772E+00   0.4073005E+02   0.6895228E+00   0.2460005E+02   0.0000000E+00
   0.1000000E+01   0.1401016E+02   0.2595251E+00   0.3301627E+02   0.7404749E+00   0.2802032E+02   0.0000000E+00
   0.3000000E+01   0.1238214E+02   0.3050877E+00   0.4670431E+02   0.6949123E+00   0.2476428E+02   0.0000000E+00
   0.1000000E+01   0.1318055E+02   0.2771804E+00   0.6946409E+02   0.7228196E+00   0.2636110E+02   0.0000000E+00
   0.1000000E+01   0.1218923E+02   0.3302229E+00   0.7075095E+02   0.6697771E+00   0.2437846E+02   0.0000000E+00
   0.2000000E+01   0.1220398E+02   0.3347638E+00   0.3661997E+02   0.6652362E+00   0.2440795E+02   0.0000000E+00
   0.2000000E+01   0.1220762E+02   0.3354797E+00   0.3614363E+02   0.6645203E+00   0.2441523E+02   0.0000000E+00
   0.2000000E+01   0.1219327E+02   0.3319296E+00   0.3588184E+02   0.6680704E+00   0.2438655E+02   0.0000000E+00
   0.1000000E+01   0.1233525E+02   0.3487024E+00   0.4409878E+02   0.6512976E+00   0.2467050E+02   0.0000000E+00
   0.8000000E+01   0.1323643E+02   0.3844327E+00   0.7574957E+02   0.6155673E+00   0.2647286E+02   0.0000000E+00
   0.1000000E+01   0.1336231E+02   0.3874719E+00   0.3201979E+02   0.6125281E+00   0.2672462E+02   0.0000000E+00
   0.3000000E+01   0.1219525E+02   0.3232412E+00   0.3191261E+02   0.6767588E+00   0.2439050E+02   0.0000000E+00
   0.1000000E+01   0.1235664E+02   0.3068035E+00   0.9547768E+02   0.6931965E+00   0.2471329E+02   0.0000000E+00
   0.1000000E+01   0.1262022E+02   0.2941970E+00   0.9460663E+02   0.7058030E+00   0.2524043E+02   0.0000000E+00
   0.3000000E+01   0.1282211E+02   0.2871944E+00   0.9432075E+02   0.7128056E+00   0.2564422E+02   0.0000000E+00
   0.3000000E+01   0.1325558E+02   0.2754019E+00   0.9549858E+02   0.7245981E+00   0.2651116E+02   0.0000000E+00
   0.3000000E+01   0.1220916E+02   0.3204136E+00   0.4901354E+02   0.6795864E+00   0.2441832E+02   0.0000000E+00
   0.1000000E+01   0.1226227E+02   0.3137246E+00   0.4251670E+02   0.6862754E+00   0.2452455E+02   0.0000000E+00
   0.7000000E+01   0.1328041E+02   0.3855445E+00   0.5077096E+02   0.6144555E+00   0.2656081E+02   0.0000000E+00
   0.1000000E+01   0.1262965E+02   0.2938106E+00   0.7864245E+02   0.7061894E+00   0.2525930E+02   0.0000000E+00
   0.3000000E+01   0.1230693E+02   0.3101805E+00   0.8235852E+02   0.6898195E+00   0.2461387E+02   0.0000000E+00
   0.2000000E+01   0.1224825E+02   0.3153210E+00   0.7432882E+02   0.6846790E+00   0.2449650E+02   0.0000000E+00
   0.1000000E+01   0.1219284E+02   0.3319457E+00   0.5561711E+02   0.6680543E+00   0.2438568E+02   0.0000000E+00
   0.1000000E+01   0.1232560E+02   0.3087978E+00   0.6788560E+02   0.6912022E+00   0.2465120E+02   0.0000000E+00
   0.2000000E+01   0.1219674E+02   0.3232606E+00   0.7764780E+02   0.6767394E+00   0.2439347E+02   0.0000000E+00
   0.1000000E+01   0.1219262E+02   0.3319332E+00   0.8398006E+02   0.6680668E+00   0.2438524E+02   0.0000000E+00
   0.2000000E+01   0.1220148E+02   0.3220479E+00   0.6706053E+02   0.6779521E+00   0.2440297E+02   0.0000000E+00
   0.1000000E+01   0.1247415E+02   0.3003080E+00   0.5324944E+02   0.6996920E+00   0.2494830E+02   0.0000000E+00
   0.3000000E+01   0.1254370E+02   0.3594567E+00   0.2009173E+02   0.6405433E+00   0.2508740E+02   0.0000000E+00
   0.1000000E+01   0.1218960E+02   0.3299193E+00   0.2314587E+02   0.6700807E+00   0.2437920E+02   0.0000000E+00
   0.1000000E+01   0.1220068E+02   0.3341023E+00   0.4145403E+02   0.6658977E+00   0.2440135E+02   0.0000000E+00
   0.2000000E+01   0.1218837E+02   0.3267216E+00   0.4218061E+02   0.6732784E+00   0.2437673E+02   0.0000000E+00
   0.3000000E+01   0.1271129E+02   0.2907788E+00   0.5972200E+02   0.7092212E+00   0.2542258E+02   0.0000000E+00
   0.2000000E+01   0.1238203E+02   0.3052231E+00   0.7045700E+02   0.6947769E+00   0.2476405E+02   0.0000000E+00
   0.1000000E+01   0.1219271E+02   0.3245315E+00   0.7081821E+02   0.6754685E+00   0.2438543E+02   0.0000000E+00
   0.2000000E+01   0.1232385E+02   0.3086231E+00   0.3518715E+02   0.6913769E+00   0.2464770E+02   0.0000000E+00
   0.1000000E+01   0.1218806E+02   0.3289796E+00   0.3417381E+02   0.6710204E+00   0.2437612E+02   0.0000000E+00
   0.1000000E+01   0.1218814E+02   0.3290858E+00   0.3530589E+02   0.6709142E+00   0.2437627E+02   0.0000000E+00
   0.3000000E+01   0.1226202E+02   0.3428105E+00   0.7580223E+02   0.6571895E+00   0.2452403E+02   0.0000000E+00
   0.1000000E+01   0.1220561E+02   0.3353213E+00   0.6713047E+02   0.6646787E+00   0.2441122E+02   0.0000000E+00
   0.1000000E+01   0.1224740E+02   0.3412998E+00   0.8468459E+02   0.6587002E+00   0.2449480E+02   0.0000000E+00
   0.1000000E+01   0.1351556E+02   0.3917526E+00   0.7782795E+02   0.6082474E+00   0.2703113E+02   0.0000000E+00
   0.2000000E+01   0.1359058E+02   0.3935161E+00   0.5431526E+02   0.6064839E+00   0.2718117E+02   0.0000000E+00
   0.3000000E+01   0.1376467E+02   0.3976200E+00   0.5395880E+02   0.6023800E+00   0.2752935E+02   0.0000000E+00
   0.1000000E+01   0.1370360E+02   0.2656297E+00   0.6387436E+02   0.7343703E+00   0.2740720E+02   0.0000000E+00
   0.1000000E+01   0.1269997E+02   0.2910369E+00   0.4234805E+02   0.7089631E+00   0.2539993E+02   0.0000000E+00
   0.4000000E+01   0.1325768E+02   0.3850283E+00   0.8055532E+02   0.6149717E+00   0.2651536E+02   0.0000000E+00
   0.2000000E+01   0.1260135E+02   0.3630925E+00   0.8723061E+02   0.6369075E+00   0.2520271E+02   0.0000000E+00
   0.1000000E+01   0.1219574E+02   0.3328716E+00   0.4882704E+02   0.6671284E+00   0.2439148E+02   0.0000000E+00
   0.2000000E+01   0.1224534E+02   0.3401989E+00   0.2184781E+02   0.6598011E+00   0.2449067E+02   0.0000000E+00
   0.2000000E+01   0.1229278E+02   0.3446020E+00   0.2046071E+02   0.6553980E+00   0.2458556E+02   0.0000000E+00
   0.1000000E+01   0.1237301E+02   0.3511268E+00   0.3680596E+02   0.6488732E+00   0.2474603E+02   0.0000000E+00
   0.3000000E+01   0.1235346E+02   0.3067970E+00   0.4373263E+02   0.6932030E+00   0.2470691E+02   0.0000000E+00
   0.1000000E+01   0.1218733E+02   0.3269229E+00   0.2080016E+02   0.6730771E+00   0.2437466E+02   0.0000000E+00
   0.1000000E+01   0.1244355E+02   0.3550487E+00   0.2913391E+02   0.6449513E+00   0.2488710E+02   0.0000000E+00
   0.3000000E+01   0.1234222E+02   0.3074691E+00   0.3994364E+02   0.6925309E+00   0.2468444E+02   0.0000000E+00
   0.1000000E+01   0.1254907E+02   0.2967440E+00   0.3636404E+02   0.7032560E+00   0.2509815E+02   0.0000000E+00
   0.1000000E+01   0.1224556E+02   0.3408039E+00   0.3548256E+02   0.6591961E+00   0.2449113E+02   0.0000000E+00
   0.7000000E+01   0.1224543E+02   0.3410147E+00   0.5901069E+02   0.6589853E+00   0.2449086E+02   0.0000000E+00
   0.1000000E+01   0.1220541E+02   0.3211924E+00   0.6012266E+02   0.6788076E+00   0.2441082E+02   0.0000000E+00
   0.2000000E+01   0.1221595E+02   0.3192073E+00   0.4237212E+02   0.6807927E+00   0.2443190E+02   0.0000000E+00
   0.1000000E+01   0.1236589E+02   0.3506134E+00   0.3398921E+02   0.6493866E+00   0.2473178E+02   0.0000000E+00
   0.2000000E+01   0.1232402E+02   0.3480443E+00   0.7503482E+02   0.6519557E+00   0.2464805E+02   0.0000000E+00
   0.1000000E+01   0.1330564E+02   0.2740832E+00   0.5118374E+02   0.7259168E+00   0.2661128E+02   0.0000000E+00
   0.1000000E+01   0.1332949E+02   0.2735346E+00   0.5176132E+02   0.7264654E+00   0.2665897E+02   0.0000000E+00
   0.1000000E+01   0.1453157E+02   0.2511847E+00   0.6614872E+02   0.7488153E+00   0.2906313E+02   0.0000000E+00
   0.1000000E+01   0.1482265E+02   0.2467859E+00   0.6375601E+02   0.7532141E+00   0.2964530E+02   0.0000000E+00
   0.3000000E+01   0.1625693E+02   0.2282769E+00   0.5006763E+02   0.7717231E+00   0.3251386E+02   0.0000000E+00
   0.4000000E+01   0.1334110E+02   0.2733955E+00   0.9128954E+02   0.7266045E+00   0.2668219E+02   0.0000000E+00
   0.1000000E+01   0.1220612E+02   0.3354544E+00   0.8189429E+02   0.6645456E+00   0.2441225E+02   0.0000000E+00
   0.5000000E+01   0.1333701E+02   0.3870288E+00   0.4602112E+02   0.6129712E+00   0.2667403E+02   0.0000000E+00
   0.1000000E+01   0.1231815E+02   0.3475379E+00   0.5500386E+02   0.6524621E+00   0.2463630E+02   0.0000000E+00
   0.2000000E+01   0.1228008E+02   0.3444648E+00   0.6166777E+02   0.6555352E+00   0.2456016E+02   0.0000000E+00
   0.2000000E+01   0.1224238E+02   0.3159058E+00   0.5916823E+02   0.6840942E+00   0.2448477E+02   0.0000000E+00
   0.1000000E+01   0.1222639E+02   0.3172166E+00   0.2571267E+02   0.6827834E+00   0.2445277E+02   0.0000000E+00
   0.2000000E+01   0.1332889E+02   0.3863641E+00   0.2607075E+02   0.6136359E+00   0.2665778E+02   0.0000000E+00
   0.1000000E+01   0.1332698E+02   0.3867692E+00   0.4688010E+02   0.6132308E+00   0.2665396E+02   0.0000000E+00
   0.1000000E+01   0.1287098E+02   0.3732553E+00   0.6268387E+02   0.6267447E+00   0.2574197E+02   0.0000000E+00
   0.5000000E+01   0.1220306E+02   0.3215865E+00   0.4747517E+02   0.6784135E+00   0.2440611E+02   0.0000000E+00
   0.1000000E+01   0.1369706E+02   0.2657976E+00   0.7689179E+02   0.7342024E+00   0.2739413E+02   0.0000000E+00
   0.1000000E+01   0.1276651E+02   0.2889864E+00   0.9241501E+02   0.7110136E+00   0.2553302E+02   0.0000000E+00
   0.2000000E+01   0.1218860E+02   0.3268035E+00   0.9051567E+02   0.6731965E+00   0.2437721E+02   0.0000000E+00
   0.2000000E+01   0.1219152E+02   0.3250122E+00   0.7105945E+02   0.6749878E+00   0.2438305E+02   0.0000000E+00
   0.3000000E+01   0.1219521E+02   0.3236952E+00   0.7342542E+02   0.6763048E+00   0.2439042E+02   0.0000000E+00
   0.3000000E+01   0.1219028E+02   0.3308960E+00   0.9576281E+02   0.6691040E+00   0.2438057E+02   0.0000000E+00
   0.1000000E+01   0.1239853E+02   0.3529476E+00   0.7492931E+02   0.6470524E+00   0.2479706E+02   0.0000000E+00
   0.3000000E+01   0.1218853E+02   0.3296392E+00   0.6637372E+02   0.6703608E+00   0.2437706E+02   0.0000000E+00
   0.4000000E+01   0.1230184E+02   0.3461663E+00   0.4209038E+02   0.6538337E+00   0.2460369E+02   0.0000000E+00
   0.1000000E+01   0.1231352E+02   0.3471840E+00   0.5447300E+02   0.6528160E+00   0.2462704E+02   0.0000000E+00
   0.1000000E+01   0.1320133E+02   0.2766170E+00   0.5711849E+02   0.7233830E+00   0.2640267E+02   0.0000000E+00
   0.5000000E+01   0.1265429E+02   0.3649320E+00   0.3239005E+02   0.6350680E+00   0.2530857E+02   0.0000000E+00
   0.1000000E+01   0.1232450E+02   0.3088740E+00   0.6773617E+02   0.6911260E+00   0.2464900E+02   0.0000000E+00
   0.1000000E+01   0.1242530E+02   0.3028018E+00   0.6260963E+02   0.6971982E+00   0.2485061E+02   0.0000000E+00
   0.1000000E+01   0.1272627E+02   0.2902923E+00   0.6787560E+02   0.7097077E+00   0.2545253E+02   0.0000000E+00
   0.3000000E+01   0.1321833E+02   0.2762667E+00   0.7523152E+02   0.7237333E+00   0.2643665E+02   0.0000000E+00
   0.1000000E+01   0.1459244E+02   0.2502489E+00   0.6797475E+02   0.7497511E+00   0.2918488E+02   0.0000000E+00
   0.1000000E+01   0.1394843E+02   0.2609083E+00   0.5058626E+02   0.7390917E+00   0.2789686E+02   0.0000000E+00
   0.3000000E+01   0.1222055E+02   0.3378654E+00   0.6660284E+02   0.6621346E+00   0.2444110E+02   0.0000000E+00
   0.2000000E+01   0.1241909E+02   0.3028103E+00   0.3342911E+02   0.6971897E+00   0.2483818E+02   0.0000000E+00
   0.1000000E+01   0.1305441E+02   0.2799147E+00   0.2854199E+02   0.7200853E+00   0.2610882E+02   0.0000000E+00
   0.6000000E+01   0.1296659E+02   0.2821403E+00   0.2499807E+02   0.7178597E+00   0.2593318E+02   0.0000000E+00
   0.5000000E+01   0.1298123E+02   0.2820445E+00   0.3208257E+02   0.7179555E+00   0.2596245E+02   0.0000000E+00
   0.6000000E+01   0.1218957E+02   0.3304811E+00   0.9397768E+02   0.6695189E+00   0.2437915E+02   0.0000000E+00
   0.4000000E+01   0.1235631E+02   0.3068262E+00   0.9713193E+02   0.6931738E+00   0.2471262E+02   0.0000000E+00
   0.3000000E+01   0.1236232E+02   0.3064540E+00   0.9834422E+02   0.6935460E+00   0.2472463E+02   0.0000000E+00
   0.5000000E+01   0.1219452E+02   0.3326023E+00   0.8288637E+02   0.6673977E+00   0.2438905E+02   0.0000000E+00
   0.1000000E+01   0.1258993E+02   0.3625527E+00   0.6593103E+02   0.6374473E+00   0.2517986E+02   0.0000000E+00
   0.1000000E+01   0.1270041E+02   0.3671006E+00   0.6878221E+02   0.6328994E+00   0.2540082E+02   0.0000000E+00
   0.2000000E+01   0.1223869E+02   0.3402952E+00   0.8121286E+02   0.6597048E+00   0.2447737E+02   0.0000000E+00
   0.4000000E+01   0.1220001E+02   0.3341229E+00   0.8163440E+02   0.6658771E+00   0.2440001E+02   0.0000000E+00
   0.2000000E+01   0.1247746E+02   0.3001698E+00   0.5641701E+02   0.6998302E+00   0.2495491E+02   0.0000000E+00
   0.1000000E+01   0.1221306E+02   0.3198668E+00   0.7424508E+02   0.6801332E+00   0.2442611E+02   0.0000000E+00
   0.1000000E+01   0.1305625E+02   0.2804209E+00   0.8992526E+02   0.7195791E+00   0.2611251E+02   0.0000000E+00
   0.1000000E+01   0.1310043E+02   0.2792428E+00   0.8081328E+02   0.7207572E+00   0.2620087E+02   0.0000000E+00
   0.5000000E+01   0.1257900E+02   0.3620990E+00   0.7611907E+02   0.6379010E+00   0.2515800E+02   0.0000000E+00
   0.3000000E+01   0.1261090E+02   0.3634695E+00   0.7051617E+02   0.6365305E+00   0.2522180E+02   0.0000000E+00
   0.1000000E+01   0.1239773E+02   0.3042280E+00   0.5033043E+02   0.6957720E+00   0.2479547E+02   0.0000000E+00
   0.2000000E+01   0.1226749E+02   0.3129800E+00   0.3073534E+02   0.6870200E+00   0.2453499E+02   0.0000000E+00
   0.2000000E+01   0.1218888E+02   0.3255024E+00   0.2414930E+02   0.6744976E+00   0.2437775E+02   0.0000000E+00
   0.1000000E+01   0.1270852E+02   0.3673745E+00   0.5780309E+02   0.6326255E+00   0.2541703E+02   0.0000000E+00
   0.4000000E+01   0.1219785E+02   0.3335614E+00   0.7287088E+02   0.6664386E+00   0.2439571E+02   0.0000000E+00
   0.2000000E+01   0.1219318E+02   0.3320989E+00   0.6315108E+02   0.6679011E+00   0.2438635E+02   0.0000000E+00
   0.1000000E+01   0.1250453E+02   0.3586302E+00   0.7118452E+02   0.6413698E+00   0.2500907E+02   0.0000000E+00
   0.2000000E+01   0.1304884E+02   0.3789194E+00   0.5458286E+02   0.6210806E+00   0.2609768E+02   0.0000000E+00
   0.5000000E+01   0.1274005E+02   0.3685399E+00   0.5177764E+02   0.6314601E+00   0.2548010E+02   0.0000000E+00
   0.2000000E+01   0.1237336E+02   0.3053937E+00   0.3367255E+02   0.6946063E+00   0.2474671E+02   0.0000000E+00
   0.2000000E+01   0.1352970E+02   0.3921248E+00   0.9259377E+02   0.6078752E+00   0.2705940E+02   0.0000000E+00
   0.2000000E+01   0.1273086E+02   0.3682768E+00   0.7254948E+02   0.6317232E+00   0.2546171E+02   0.0000000E+00
   0.1000000E+01   0.1261358E+02   0.3635877E+00   0.7233765E+02   0.6364123E+00   0.2522715E+02   0.0000000E+00
   0.1000000E+01   0.1242629E+02   0.3545265E+00   0.6561032E+02   0.6454735E+00   0.2485258E+02   0.0000000E+00
   0.7000000E+01   0.1287089E+02   0.2856925E+00   0.9871859E+02   0.7143075E+00   0.2574177E+02   0.0000000E+00
   0.1000000E+01   0.1242006E+02   0.3031415E+00   0.8739797E+02   0.6968585E+00   0.2484011E+02   0.0000000E+00
   0.4000000E+01   0.1271635E+02   0.2906661E+00   0.8060824E+02   0.7093339E+00   0.2543271E+02   0.0000000E+00
   0.1000000E+01   0.1254552E+02   0.2971763E+00   0.7178690E+02   0.7028237E+00   0.2509103E+02   0.0000000E+00
   0.1000000E+01   0.1220411E+02   0.3348661E+00   0.4188161E+02   0.6651339E+00   0.2440822E+02   0.0000000E+00
   0.2000000E+01   0.1266009E+02   0.3654517E+00   0.5538824E+02   0.6345483E+00   0.2532018E+02   0.0000000E+00
   0.4000000E+01   0.1219050E+02   0.3255390E+00   0.8946949E+02   0.6744610E+00   0.2438099E+02   0.0000000E+00
   0.1000000E+01   0.1242205E+02   0.3543310E+00   0.8547354E+02   0.6456690E+00   0.2484410E+02   0.0000000E+00
   0.1000000E+01   0.1219471E+02   0.3238751E+00   0.8381085E+02   0.6761249E+00   0.2438942E+02   0.0000000E+00
   0.2000000E+01   0.1221276E+02   0.3356840E+00   0.2034164E+02   0.6643160E+00   0.2442552E+02   0.0000000E+00
   0.3000000E+01   0.1239299E+02   0.3525459E+00   0.5490514E+02   0.6474541E+00   0.2478597E+02   0.0000000E+00
   0.2000000E+01   0.1218951E+02   0.3260323E+00   0.6551985E+02   0.6739677E+00   0.2437902E+02   0.0000000E+00
   0.3000000E+01   0.1367534E+02   0.2662607E+00   0.9596246E+02   0.7337393E+00   0.2735068E+02   0.0000000E+00
   0.1000000E+01   0.1219685E+02   0.3232372E+00   0.8170703E+02   0.6767628E+00   0.2439371E+02   0.0000000E+00
   0.1000000E+01   0.1264247E+02   0.3648071E+00   0.7798248E+02   0.6351929E+00   0.2528495E+02   0.0000000E+00
   0.2000000E+01   0.1251927E+02   0.3592850E+00   0.5548060E+02   0.6407150E+00   0.2503853E+02   0.0000000E+00
   0.1000000E+01   0.1218996E+02   0.3305426E+00   0.3976188E+02   0.6694574E+00   0.2437993E+02   0.0000000E+00
   0.3000000E+01   0.1222033E+02   0.3181258E+00   0.2697046E+02   0.6818742E+00   0.2444066E+02   0.0000000E+00
   0.2000000E+01   0.1258376E+02   0.2949160E+00   0.2543384E+02   0.7050840E+00   0.2516752E+02   0.0000000E+00
   0.1000000E+01   0.1219779E+02   0.3332959E+00   0.3551972E+02   0.6667041E+00   0.2439558E+02   0.0000000E+00
   0.2000000E+01   0.1223247E+02   0.3393535E+00   0.4259141E+02   0.6606465E+00   0.2446495E+02   0.0000000E+00
   0.2000000E+01   0.1220615E+02   0.3211402E+00   0.9815123E+02   0.6788598E+00   0.2441229E+02   0.0000000E+00
   0.2000000E+01   0.1253451E+02   0.3600830E+00   0.7997340E+02   0.6399170E+00   0.2506902E+02   0.0000000E+00
   0.2000000E+01   0.1327035E+02   0.3852989E+00   0.5553027E+02   0.6147011E+00   0.2654070E+02   0.0000000E+00
   0.1000000E+01   0.1274777E+02   0.3687308E+00   0.4122892E+02   0.6312692E+00   0.2549554E+02   0.0000000E+00
   0.4000000E+01   0.1221622E+02   0.3193168E+00   0.6135507E+02   0.6806832E+00   0.2443244E+02   0.0000000E+00
   0.1100000E+02   0.1424830E+02   0.4078750E+00   0.3678304E+02   0.5921250E+00   0.2849660E+02   0.0000000E+00
   0.1000000E+01   0.1345401E+02   0.3896041E+00   0.2574560E+02   0.6103959E+00   0.2690803E+02   0.0000000E+00
   0.2000000E+01   0.1254714E+02   0.3604906E+00   0.4260932E+02   0.6395094E+00   0.2509429E+02   0.0000000E+00
   0.1000000E+01   0.1220699E+02   0.3206469E+00   0.3695697E+02   0.6793531E+00   0.2441398E+02   0.0000000E+00
   0.1000000E+01   0.1222882E+02   0.3390584E+00   0.8299805E+02   0.6609416E+00   0.2445764E+02   0.0000000E+00
   0.3000000E+01   0.1285248E+02   0.2862445E+00   0.9047793E+02   0.7137555E+00   0.2570495E+02   0.0000000E+00
   0.1000000E+01   0.1225996E+02   0.3138821E+00   0.3831697E+02   0.6861179E+00   0.2451992E+02   0.0000000E+00
   0.1000000E+01   0.1266568E+02   0.2921239E+00   0.3440496E+02   0.7078761E+00   0.2533137E+02   0.0000000E+00
   0.3000000E+01   0.1230316E+02   0.3461851E+00   0.3638412E+02   0.6538149E+00   0.2460631E+02   0.0000000E+00
   0.3000000E+01   0.1221663E+02   0.3372980E+00   0.8100346E+02   0.6627020E+00   0.2443327E+02   0.0000000E+00
   0.5000000E+01   0.1231447E+02   0.3096080E+00   0.7464361E+02   0.6903920E+00   0.2462894E+02   0.0000000E+00
   0.1200000E+02   0.1230723E+02   0.3467962E+00   0.9296626E+02   0.6532038E+00   0.2461446E+02   0.0000000E+00
   0.2000000E+01   0.1281553E+02   0.3713999E+00   0.9252791E+02   0.6286001E+00   0.2563105E+02   0.0000000E+00
   0.1000000E+01   0.1250388E+02   0.2990488E+00   0.9740930E+02   0.7009512E+00   0.2500775E+02   0.0000000E+00
   0.1000000E+01   0.1256634E+02   0.3614177E+00   0.4815546E+02   0.6385823E+00   0.2513269E+02   0.0000000E+00
   0.1200000E+02   0.1219663E+02   0.3228219E+00   0.3133005E+02   0.6771781E+00   0.2439326E+02   0.0000000E+00
   0.3000000E+01   0.1237658E+02   0.3514201E+00   0.4125952E+02   0.6485799E+00   0.2475315E+02   0.0000000E+00
   0.1000000E+01   0.1247013E+02   0.3005314E+00   0.5862427E+02   0.6994686E+00   0.2494026E+02   0.0000000E+00
   0.1000000E+01   0.1221735E+02   0.3374300E+00   0.9625859E+02   0.6625700E+00   0.2443470E+02   0.0000000E+00
   0.1000000E+02   0.1224569E+02   0.3411232E+00   0.9540663E+02   0.6588768E+00   0.2449139E+02   0.0000000E+00
   0.1000000E+01   0.1220575E+02   0.3353525E+00   0.6860703E+02   0.6646475E+00   0.2441150E+02   0.0000000E+00
   0.2000000E+01   0.1234846E+02   0.3497515E+00   0.6748398E+02   0.6502485E+00   0.2469691E+02   0.0000000E+00
   0.2000000E+01   0.1234662E+02   0.3496251E+00   0.6710292E+02   0.6503749E+00   0.2469323E+02   0.0000000E+00
   0.1000000E+01   0.1328642E+02   0.3857761E+00   0.6503876E+02   0.6142239E+00   0.2657285E+02   0.0000000E+00
   0.1000000E+01   0.1236567E+02   0.3060206E+00   0.4234759E+02   0.6939794E+00   0.2473133E+02   0.0000000E+00
   0.4000000E+01   0.1233336E+02   0.3080588E+00   0.3989607E+02   0.6919412E+00   0.2466672E+02   0.0000000E+00
   0.1000000E+01   0.1318336E+02   0.2764792E+00   0.2616660E+02   0.7235208E+00   0.2636672E+02   0.0000000E+00
   0.1000000E+01   0.1395890E+02   0.2608414E+00   0.8241762E+02   0.7391586E+00   0.2791781E+02   0.0000000E+00
   0.1000000E+01   0.1294933E+02   0.2833649E+00   0.8450131E+02   0.7166351E+00   0.2589867E+02   0.0000000E+00
   0.2000000E+01   0.1289202E+02   0.2850310E+00   0.8040267E+02   0.7149690E+00   0.2578405E+02   0.0000000E+00
   0.1000000E+01   0.1345313E+02   0.2708393E+00   0.6711068E+02   0.7291607E+00   0.2690626E+02   0.0000000E+00
   0.3000000E+01   0.1222198E+02   0.3183894E+00   0.4946237E+02   0.6816106E+00   0.2444396E+02   0.0000000E+00
   0.5000000E+01   0.1251732E+02   0.2981971E+00   0.4075420E+02   0.7018029E+00   0.2503464E+02   0.0000000E+00
   0.1000000E+01   0.1255784E+02   0.2966778E+00   0.8104898E+02   0.7033222E+00   0.2511568E+02   0.0000000E+00
   0.9000000E+01   0.1299804E+02   0.2820093E+00   0.9513200E+02   0.7179907E+00   0.2599608E+02   0.0000000E+00
   0.1000000E+01   0.1326029E+02   0.2752049E+00   0.6000858E+02   0.7247951E+00   0.2652057E+02   0.0000000E+00
   0.3000000E+01   0.1272762E+02   0.2898510E+00   0.3154716E+02   0.7101490E+00   0.2545525E+02   0.0000000E+00
   0.7000000E+01   0.1232295E+02   0.3478644E+00   0.5003768E+02   0.6521356E+00   0.2464589E+02   0.0000000E+00
   0.1000000E+01   0.1223071E+02   0.3392475E+00   0.6003084E+02   0.6607525E+00   0.2446141E+02   0.0000000E+00
   0.1000000E+01   0.1236575E+02   0.3508841E+00   0.6354053E+02   0.6491159E+00   0.2473149E+02   0.0000000E+00
   0.1000000E+01   0.1234815E+02   0.3495761E+00   0.4223342E+02   0.6504239E+00   0.2469630E+02   0.0000000E+00
   0.2000000E+01   0.1255060E+02   0.2967931E+00   0.4346972E+02   0.7032069E+00   0.2510120E+02   0.0000000E+00
   0.1000000E+01   0.1267527E+02   0.2919666E+00   0.4650782E+02   0.7080334E+00   0.2535055E+02   0.0000000E+00
   0.4000000E+01   0.1300222E+02   0.2817846E+00   0.5527426E+02   0.7182154E+00   0.2600444E+02   0.0000000E+00
   0.2000000E+01   0.1254811E+02   0.2970687E+00   0.7266677E+02   0.7029313E+00   0.2509621E+02   0.0000000E+00
   0.1000000E+01   0.1228559E+02   0.3449573E+00   0.6420339E+02   0.6550427E+00   0.2457117E+02   0.0000000E+00
   0.2000000E+01   0.1242935E+02   0.3547388E+00   0.8383853E+02   0.6452612E+00   0.2485871E+02   0.0000000E+00
   0.2000000E+01   0.1218783E+02   0.3282281E+00   0.8390948E+02   0.6717719E+00   0.2437567E+02   0.0000000E+00
   0.3000000E+01   0.1255233E+02   0.3608703E+00   0.6477138E+02   0.6391297E+00   0.2510466E+02   0.0000000E+00
   0.1000000E+01   0.1219817E+02   0.3335894E+00   0.5544602E+02   0.6664106E+00   0.2439635E+02   0.0000000E+00
   0.1000000E+01   0.1225717E+02   0.3421945E+00   0.4663264E+02   0.6578055E+00   0.2451434E+02   0.0000000E+00
   0.1000000E+01   0.1219092E+02   0.3310834E+00   0.4550152E+02   0.6689166E+00   0.2438183E+02   0.0000000E+00
   0.6000000E+01   0.1220323E+02   0.3345496E+00   0.3374572E+02   0.6654504E+00   0.2440646E+02   0.0000000E+00
   0.2000000E+01   0.1247607E+02   0.3571081E+00   0.4914949E+02   0.6428919E+00   0.2495214E+02   0.0000000E+00
   0.3000000E+01   0.1242922E+02   0.3547448E+00   0.9412212E+02   0.6452552E+00   0.2485845E+02   0.0000000E+00
   0.4000000E+01   0.1235498E+02   0.3501838E+00   0.6538479E+02   0.6498162E+00   0.2470996E+02   0.0000000E+00
   0.3000000E+01   0.1332702E+02   0.2736253E+00   0.5715155E+02   0.7263747E+00   0.2665405E+02   0.0000000E+00
   0.2000000E+01   0.1234931E+02   0.3071387E+00   0.5210559E+02   0.6928613E+00   0.2469862E+02   0.0000000E+00
   0.1000000E+01   0.1246171E+02   0.3564921E+00   0.8696726E+02   0.6435079E+00   0.2492342E+02   0.0000000E+00
   0.2000000E+01   0.1328476E+02   0.2746429E+00   0.6423444E+02   0.7253571E+00   0.2656951E+02   0.0000000E+00
   0.3000000E+01   0.1282762E+02   0.3718306E+00   0.9819269E+02   0.6281694E+00   0.2565523E+02   0.0000000E+00
   0.3000000E+01   0.1243533E+02   0.3550537E+00   0.7506674E+02   0.6449463E+00   0.2487065E+02   0.0000000E+00
   0.1000000E+01   0.1253968E+02   0.2973315E+00   0.5115151E+02   0.7026685E+00   0.2507936E+02   0.0000000E+00
   0.1000000E+01   0.1230024E+02   0.3104504E+00   0.4005118E+02   0.6895496E+00   0.2460047E+02   0.0000000E+00
   0.1000000E+01   0.1291483E+02   0.3746891E+00   0.5567201E+02   0.6253109E+00   0.2582965E+02   0.0000000E+00
   0.1000000E+01   0.1262178E+02   0.3639308E+00   0.7094832E+02   0.6360692E+00   0.2524356E+02   0.0000000E+00
   0.1000000E+01   0.1337858E+02   0.3882270E+00   0.6411601E+02   0.6117730E+00   0.2675716E+02   0.0000000E+00
   0.1000000E+01   0.1412801E+02   0.4056622E+00   0.8576181E+02   0.5943378E+00   0.2825603E+02   0.0000000E+00
   0.1000000E+01   0.1383476E+02   0.3986132E+00   0.2430414E+02   0.6013868E+00   0.2766952E+02   0.0000000E+00
   0.1000000E+01   0.1252284E+02   0.3589290E+00   0.2595618E+02   0.6410710E+00   0.2504568E+02   0.0000000E+00
   0.1000000E+01   0.1281845E+02   0.3712017E+00   0.3574510E+02   0.6287983E+00   0.2563690E+02   0.0000000E+00
   0.8000000E+01   0.1402913E+02   0.4027141E+00   0.2199444E+02   0.5972859E+00   0.2805826E+02   0.0000000E+00
   0.1000000E+01   0.1233418E+02   0.3081347E+00   0.5220813E+02   0.6918653E+00   0.2466836E+02   0.0000000E+00
   0.1000000E+01   0.1268051E+02   0.2918867E+00   0.6390456E+02   0.7081133E+00   0.2536101E+02   0.0000000E+00
   0.1000000E+01   0.1331510E+02   0.2738904E+00   0.5523045E+02   0.7261096E+00   0.2663019E+02   0.0000000E+00
   0.1000000E+01   0.1262116E+02   0.2937167E+00   0.3165022E+02   0.7062833E+00   0.2524232E+02   0.0000000E+00
   0.1000000E+01   0.1245642E+02   0.3560898E+00   0.4978458E+02   0.6439102E+00   0.2491283E+02   0.0000000E+00
   0.4000000E+01   0.1265483E+02   0.2927273E+00   0.4780788E+02   0.7072727E+00   0.2530965E+02   0.0000000E+00
   0.5000000E+01   0.1264001E+02   0.2932827E+00   0.4808358E+02   0.7067173E+00   0.2528002E+02   0.0000000E+00
   0.1000000E+01   0.1275229E+02   0.2893047E+00   0.4843471E+02   0.7106953E+00   0.2550458E+02   0.0000000E+00
   0.6000000E+01   0.1218855E+02   0.3259214E+00   0.2621437E+02   0.6740786E+00   0.2437710E+02   0.0000000E+00
   0.2000000E+01   0.1267896E+02   0.2918911E+00   0.5365680E+02   0.7081089E+00   0.2535792E+02   0.0000000E+00
   0.2000000E+01   0.1275925E+02   0.2890871E+00   0.5021875E+02   0.7109129E+00   0.2551850E+02   0.0000000E+00
   0.9000000E+01   0.1241489E+02   0.3539225E+00   0.8511801E+02   0.6460775E+00   0.2482978E+02   0.0000000E+00
   0.1000000E+01   0.1234825E+02   0.3068967E+00   0.3183677E+02   0.6931033E+00   0.2469649E+02   0.0000000E+00
   0.1000000E+01   0.1236911E+02   0.3510885E+00   0.6040613E+02   0.6489115E+00   0.2473822E+02   0.0000000E+00
   0.1000000E+01   0.1250139E+02   0.2991504E+00   0.8833146E+02   0.7008496E+00   0.2500278E+02   0.0000000E+00
   0.1100000E+02   0.1229322E+02   0.3112554E+00   0.9137981E+02   0.6887446E+00   0.2458643E+02   0.0000000E+00
   0.1000000E+01   0.1218783E+02   0.3285377E+00   0.5193385E+02   0.6714623E+00   0.2437566E+02   0.0000000E+00
   0.1000000E+01   0.1219014E+02   0.3254859E+00   0.4405285E+02   0.6745141E+00   0.2438029E+02   0.0000000E+00
   0.3000000E+01   0.1240749E+02   0.3532771E+00   0.4026709E+02   0.6467229E+00   0.2481499E+02   0.0000000E+00
   0.1000000E+01   0.1237470E+02   0.3511776E+00   0.3408173E+02   0.6488224E+00   0.2474939E+02   0.0000000E+00
   0.1000000E+01   0.1256166E+02   0.2962918E+00   0.4064812E+02   0.7037082E+00   0.2512332E+02   0.0000000E+00
   0.8000000E+01   0.1321685E+02   0.2761556E+00   0.4621079E+02   0.7238444E+00   0.2643371E+02   0.0000000E+00
   0.1000000E+01   0.1243043E+02   0.3025600E+00   0.7016651E+02   0.6974400E+00   0.2486085E+02   0.0000000E+00
   0.2000000E+01   0.1227025E+02   0.3131487E+00   0.6610106E+02   0.6868513E+00   0.2454050E+02   0.0000000E+00
   0.4000000E+01   0.1222391E+02   0.3383047E+00   0.5483070E+02   0.6616953E+00   0.2444783E+02   0.0000000E+00
   0.1000000E+01   0.1276379E+02   0.3694029E+00   0.4917132E+02   0.6305971E+00   0.2552758E+02   0.0000000E+00
   0.1000000E+01   0.1245407E+02   0.3560849E+00   0.8439124E+02   0.6439151E+00   0.2490814E+02   0.0000000E+00
   0.2000000E+01   0.1243360E+02   0.3024133E+00   0.7743219E+02   0.6975867E+00   0.2486721E+02   0.0000000E+00
   0.1000000E+01   0.1227704E+02   0.3442097E+00   0.6680207E+02   0.6557903E+00   0.2455409E+02   0.0000000E+00
   0.1000000E+01   0.1350254E+02   0.2698277E+00   0.9397121E+02   0.7301723E+00   0.2700507E+02   0.0000000E+00
   0.3000000E+01   0.1530493E+02   0.2400776E+00   0.6559044E+02   0.7599224E+00   0.3060985E+02   0.0000000E+00
   0.2000000E+01   0.1544190E+02   0.2383230E+00   0.8285569E+02   0.7616770E+00   0.3088380E+02   0.0000000E+00
   0.1000000E+01   0.1715174E+02   0.2187532E+00   0.8258797E+02   0.7812468E+00   0.3430349E+02   0.0000000E+00
   0.2000000E+01   0.1723146E+02   0.2179659E+00   0.9816111E+02   0.7820341E+00   0.3446292E+02   0.0000000E+00
   0.6000000E+01   0.1462297E+02   0.2497725E+00   0.6538769E+02   0.7502275E+00   0.2924594E+02   0.0000000E+00
   0.1000000E+01   0.1334889E+02   0.2731638E+00   0.6655206E+02   0.7268362E+00   0.2669778E+02   0.0000000E+00
   0.1000000E+01   0.1335714E+02   0.2729746E+00   0.6628537E+02   0.7270254E+00   0.2671429E+02   0.0000000E+00
   0.4000000E+01   0.1414222E+02   0.4056067E+00   0.3278534E+02   0.5943933E+00   0.2828445E+02   0.0000000E+00
   0.1000000E+01   0.1337066E+02   0.3878749E+00   0.4204336E+02   0.6121251E+00   0.2674131E+02   0.0000000E+00
   0.4000000E+01   0.1321977E+02   0.3837928E+00   0.4202448E+02   0.6162072E+00   0.2643955E+02   0.0000000E+00
   0.2000000E+01   0.1344033E+02   0.3895984E+00   0.3668800E+02   0.6104016E+00   0.2688066E+02   0.0000000E+00
   0.1000000E+01   0.1583221E+02   0.4356378E+00   0.2565255E+02   0.5643622E+00   0.3166442E+02   0.0000000E+00
   0.6000000E+01   0.1665226E+02   0.4484533E+00   0.4471430E+02   0.5515467E+00   0.3330453E+02   0.0000000E+00
   0.2000000E+01   0.1568615E+02   0.4338463E+00   0.5936022E+02   0.5661537E+00   0.3137230E+02   0.0000000E+00
   0.1000000E+01   0.1723025E+02   0.4567292E+00   0.7477563E+02   0.5432708E+00   0.3446049E+02   0.0000000E+00
   0.2000000E+01   0.1715517E+02   0.4556932E+00   0.7370190E+02   0.5443068E+00   0.3431034E+02   0.0000000E+00
   0.1000000E+01   0.1717681E+02   0.4559963E+00   0.7587265E+02   0.5440037E+00   0.3435363E+02   0.0000000E+00
   0.1000000E+01   0.1646962E+02   0.4459298E+00   0.7640745E+02   0.5540702E+00   0.3293924E+02   0.0000000E+00
   0.1000000E+01   0.1439148E+02   0.4109818E+00   0.7092234E+02   0.5890182E+00   0.2878297E+02   0.0000000E+00
   0.2000000E+01   0.1504470E+02   0.4229864E+00   0.4467786E+02   0.5770136E+00   0.3008941E+02   0.0000000E+00
   0.3000000E+01   0.1389349E+02   0.2617083E+00   0.3524541E+02   0.7382917E+00   0.2778699E+02   0.0000000E+00
   0.3000000E+01   0.1243387E+02   0.3017475E+00   0.2608657E+02   0.6982525E+00   0.2486773E+02   0.0000000E+00
   0.1000000E+01   0.1230200E+02   0.3105230E+00   0.6906265E+02   0.6894770E+00   0.2460400E+02   0.0000000E+00
   0.4000000E+01   0.1219062E+02   0.3310680E+00   0.9285274E+02   0.6689320E+00   0.2438124E+02   0.0000000E+00
   0.2000000E+01   0.1220191E+02   0.3219995E+00   0.8571296E+02   0.6780005E+00   0.2440382E+02   0.0000000E+00
   0.1000000E+01   0.1232614E+02   0.3087792E+00   0.7473847E+02   0.6912208E+00   0.2465229E+02   0.0000000E+00
   0.1000000E+01   0.1228836E+02   0.3451768E+00   0.5925736E+02   0.6548232E+00   0.2457672E+02   0.0000000E+00
   0.3000000E+01   0.1219395E+02   0.3240567E+00   0.6152082E+02   0.6759433E+00   0.2438789E+02   0.0000000E+00
   0.3000000E+01   0.1241122E+02   0.3035576E+00   0.6339424E+02   0.6964424E+00   0.2482243E+02   0.0000000E+00
   0.4000000E+01   0.1279818E+02   0.2879354E+00   0.8064435E+02   0.7120646E+00   0.2559636E+02   0.0000000E+00
   0.3000000E+01   0.1250668E+02   0.2988051E+00   0.5434909E+02   0.7011949E+00   0.2501336E+02   0.0000000E+00
   0.1000000E+01   0.1229675E+02   0.3107971E+00   0.4591771E+02   0.6892029E+00   0.2459349E+02   0.0000000E+00
   0.3000000E+01   0.1223196E+02   0.3390814E+00   0.3133696E+02   0.6609186E+00   0.2446392E+02   0.0000000E+00
   0.3000000E+01   0.1221502E+02   0.3362330E+00   0.2232471E+02   0.6637670E+00   0.2443003E+02   0.0000000E+00
   0.4000000E+01   0.1251388E+02   0.2983318E+00   0.3957155E+02   0.7016682E+00   0.2502776E+02   0.0000000E+00
   0.4000000E+01   0.1295339E+02   0.2825820E+00   0.2610334E+02   0.7174180E+00   0.2590678E+02   0.0000000E+00
   0.1000000E+01   0.1219425E+02   0.3232636E+00   0.2581503E+02   0.6767364E+00   0.2438850E+02   0.0000000E+00
   0.1000000E+01   0.1219589E+02   0.3233711E+00   0.4973824E+02   0.6766289E+00   0.2439178E+02   0.0000000E+00
   0.3000000E+01   0.1221119E+02   0.3363824E+00   0.7448924E+02   0.6636176E+00   0.2442239E+02   0.0000000E+00
   0.1000000E+01   0.1221477E+02   0.3369773E+00   0.7030365E+02   0.6630227E+00   0.2442954E+02   0.0000000E+00
   0.1000000E+01   0.1328370E+02   0.2747235E+00   0.8706911E+02   0.7252765E+00   0.2656740E+02   0.0000000E+00
   0.2000000E+01   0.1312946E+02   0.2785123E+00   0.9191621E+02   0.7214877E+00   0.2625893E+02   0.0000000E+00
   0.3000000E+01   0.1313280E+02   0.2783831E+00   0.6973608E+02   0.7216169E+00   0.2626561E+02   0.0000000E+00
   0.2000000E+01   0.1235642E+02   0.3503260E+00   0.8714493E+02   0.6496740E+00   0.2471284E+02   0.0000000E+00
   0.6000000E+01   0.1257610E+02   0.3619976E+00   0.9388249E+02   0.6380024E+00   0.2515221E+02   0.0000000E+00
   0.1000000E+01   0.1228664E+02   0.3450761E+00   0.7455132E+02   0.6549239E+00   0.2457327E+02   0.0000000E+00
   0.3000000E+01   0.1222173E+02   0.3185595E+00   0.8252647E+02   0.6814405E+00   0.2444347E+02   0.0000000E+00
   0.2000000E+01   0.1234028E+02   0.3492243E+00   0.8377239E+02   0.6507757E+00   0.2468057E+02   0.0000000E+00
   0.2000000E+01   0.1320608E+02   0.2765691E+00   0.7661246E+02   0.7234309E+00   0.2641216E+02   0.0000000E+00
   0.2000000E+01   0.1225177E+02   0.3417869E+00   0.9606561E+02   0.6582131E+00   0.2450353E+02   0.0000000E+00
   0.2000000E+01   0.1249387E+02   0.2994921E+00   0.8647292E+02   0.7005079E+00   0.2498775E+02   0.0000000E+00
   0.2000000E+01   0.1250697E+02   0.2988693E+00   0.7358270E+02   0.7011307E+00   0.2501393E+02   0.0000000E+00
   0.5000000E+01   0.1223762E+02   0.3401439E+00   0.6978968E+02   0.6598561E+00   0.2447525E+02   0.0000000E+00
   0.2000000E+01   0.1226472E+02   0.3430907E+00   0.8412189E+02   0.6569093E+00   0.2452944E+02   0.0000000E+00
   0.1000000E+01   0.1231348E+02   0.3088778E+00   0.2374317E+02   0.6911222E+00   0.2462697E+02   0.0000000E+00
   0.5000000E+01   0.1246802E+02   0.2998364E+00   0.2304412E+02   0.7001636E+00   0.2493603E+02   0.0000000E+00
   0.4000000E+01   0.1219856E+02   0.3331381E+00   0.2453050E+02   0.6668619E+00   0.2439712E+02   0.0000000E+00
   0.2000000E+01   0.1223578E+02   0.3390462E+00   0.2143394E+02   0.6609538E+00   0.2447157E+02   0.0000000E+00
   0.3000000E+01   0.1257518E+02   0.3611486E+00   0.2298267E+02   0.6388514E+00   0.2515037E+02   0.0000000E+00
   0.1000000E+01   0.1235649E+02   0.3502940E+00   0.6855156E+02   0.6497060E+00   0.2471298E+02   0.0000000E+00
   0.2000000E+01   0.1241437E+02   0.3538593E+00   0.6883873E+02   0.6461407E+00   0.2482873E+02   0.0000000E+00
   0.1000000E+01   0.1262125E+02   0.3638489E+00   0.5500212E+02   0.6361511E+00   0.2524251E+02   0.0000000E+00
   0.6000000E+01   0.1271628E+02   0.2906618E+00   0.7732106E+02   0.7093382E+00   0.2543257E+02   0.0000000E+00
   0.1000000E+01   0.1248455E+02   0.2998357E+00   0.5646861E+02   0.7001643E+00   0.2496909E+02   0.0000000E+00
   0.2000000E+01   0.1220534E+02   0.3212052E+00   0.5967428E+02   0.6787948E+00   0.2441067E+02   0.0000000E+00
   0.1000000E+01   0.1374685E+02   0.3966110E+00   0.2435255E+02   0.6033890E+00   0.2749370E+02   0.0000000E+00
   0.1000000E+01   0.1240585E+02   0.3527619E+00   0.2548508E+02   0.6472381E+00   0.2481170E+02   0.0000000E+00
   0.5000000E+01   0.1240641E+02   0.3523980E+00   0.2035523E+02   0.6476020E+00   0.2481281E+02   0.0000000E+00
   0.1000000E+01   0.1254569E+02   0.3604116E+00   0.4163041E+02   0.6395884E+00   0.2509138E+02   0.0000000E+00
   0.2000000E+01   0.1224168E+02   0.3159042E+00   0.4745762E+02   0.6840958E+00   0.2448335E+02   0.0000000E+00
   0.1000000E+01   0.1219251E+02   0.3242625E+00   0.3533408E+02   0.6757375E+00   0.2438503E+02   0.0000000E+00
   0.3000000E+01   0.1367100E+02   0.3954230E+00   0.5147858E+02   0.6045770E+00   0.2734200E+02   0.0000000E+00
   0.2000000E+01   0.1379253E+02   0.3982408E+00   0.5127095E+02   0.6017592E+00   0.2758506E+02   0.0000000E+00
   0.1000000E+01   0.1283217E+02   0.3716996E+00   0.3665475E+02   0.6283004E+00   0.2566434E+02   0.0000000E+00
   0.2000000E+01   0.1334589E+02   0.3869732E+00   0.2987499E+02   0.6130268E+00   0.2669177E+02   0.0000000E+00
   0.1000000E+01   0.1326219E+02   0.3845478E+00   0.2583026E+02   0.6154522E+00   0.2652438E+02   0.0000000E+00
   0.1000000E+01   0.1438974E+02   0.4099898E+00   0.2055026E+02   0.5900102E+00   0.2877947E+02   0.0000000E+00
   0.1000000E+01   0.1313788E+02   0.3816555E+00   0.8664982E+02   0.6183445E+00   0.2627576E+02   0.0000000E+00
   0.4000000E+01   0.1220581E+02   0.3353881E+00   0.7988897E+02   0.6646119E+00   0.2441161E+02   0.0000000E+00
   0.2000000E+01   0.1308214E+02   0.2797264E+00   0.8390134E+02   0.7202736E+00   0.2616427E+02   0.0000000E+00
   0.1000000E+01   0.1332005E+02   0.2738571E+00   0.7752398E+02   0.7261429E+00   0.2664010E+02   0.0000000E+00
   0.1000000E+01   0.1251170E+02   0.2986725E+00   0.8103728E+02   0.7013275E+00   0.2502341E+02   0.0000000E+00
   0.1100000E+02   0.1264562E+02   0.2932324E+00   0.9413154E+02   0.7067676E+00   0.2529124E+02   0.0000000E+00
   0.2000000E+01   0.1368759E+02   0.2659973E+00   0.8261055E+02   0.7340027E+00   0.2737518E+02   0.0000000E+00
   0.3000000E+01   0.1253929E+02   0.2974875E+00   0.9803277E+02   0.7025125E+00   0.2507858E+02   0.0000000E+00
   0.3000000E+01   0.1262838E+02   0.2938880E+00   0.9822625E+02   0.7061120E+00   0.2525676E+02   0.0000000E+00
   0.1000000E+01   0.1229906E+02   0.3107852E+00   0.8442669E+02   0.6892148E+00   0.2459811E+02   0.0000000E+00
   0.1000000E+01   0.1228370E+02   0.3120241E+00   0.8494770E+02   0.6879759E+00   0.2456740E+02   0.0000000E+00
   0.1000000E+01   0.1220376E+02   0.3212469E+00   0.3527955E+02   0.6787531E+00   0.2440752E+02   0.0000000E+00
   0.1000000E+01   0.1271537E+02   0.2903281E+00   0.3339480E+02   0.7096719E+00   0.2543074E+02   0.0000000E+00
   0.4000000E+01   0.1218783E+02   0.3277758E+00   0.5318217E+02   0.6722242E+00   0.2437567E+02   0.0000000E+00
   0.1000000E+01   0.1221589E+02   0.3193698E+00   0.6172331E+02   0.6806302E+00   0.2443178E+02   0.0000000E+00
   0.1000000E+01   0.1260349E+02   0.2947281E+00   0.5335510E+02   0.7052719E+00   0.2520699E+02   0.0000000E+00
   0.6000000E+01   0.1221803E+02   0.3374341E+00   0.5416817E+02   0.6625659E+00   0.2443606E+02   0.0000000E+00
   0.3000000E+01   0.1226739E+02   0.3134632E+00   0.9007082E+02   0.6865368E+00   0.2453478E+02   0.0000000E+00
   0.1000000E+01   0.1240242E+02   0.3040734E+00   0.7407093E+02   0.6959266E+00   0.2480484E+02   0.0000000E+00
   0.2000000E+01   0.1268099E+02   0.2918964E+00   0.7241395E+02   0.7081036E+00   0.2536198E+02   0.0000000E+00
   0.4000000E+01   0.1305734E+02   0.2803419E+00   0.6692218E+02   0.7196581E+00   0.2611467E+02   0.0000000E+00
   0.1000000E+01   0.1295739E+02   0.2830652E+00   0.5983354E+02   0.7169348E+00   0.2591477E+02   0.0000000E+00
   0.3000000E+01   0.1225728E+02   0.3423131E+00   0.6754004E+02   0.6576869E+00   0.2451456E+02   0.0000000E+00
   0.2000000E+01   0.1303484E+02   0.3784177E+00   0.4468969E+02   0.6215823E+00   0.2606968E+02   0.0000000E+00
   0.2000000E+01   0.1324848E+02   0.2751364E+00   0.3206039E+02   0.7248636E+00   0.2649697E+02   0.0000000E+00
   0.1000000E+01   0.1233502E+02   0.3081261E+00   0.6070849E+02   0.6918739E+00   0.2467004E+02   0.0000000E+00
   0.4000000E+01   0.1271815E+02   0.2905718E+00   0.6776690E+02   0.7094282E+00   0.2543630E+02   0.0000000E+00
   0.1000000E+01   0.1221177E+02   0.3200680E+00   0.6949223E+02   0.6799320E+00   0.2442354E+02   0.0000000E+00
   0.3000000E+01   0.1220010E+02   0.3341015E+00   0.6290036E+02   0.6658985E+00   0.2440019E+02   0.0000000E+00
   0.2000000E+01   0.1287836E+02   0.3731774E+00   0.3197571E+02   0.6268226E+00   0.2575671E+02   0.0000000E+00
   0.5000000E+01   0.1218894E+02   0.3264926E+00   0.8182287E+02   0.6735074E+00   0.2437788E+02   0.0000000E+00
   0.3000000E+01   0.1360373E+02   0.3939174E+00   0.8111908E+02   0.6060826E+00   0.2720745E+02   0.0000000E+00
   0.2000000E+01   0.1219142E+02   0.3249925E+00   0.5719255E+02   0.6750075E+00   0.2438285E+02   0.0000000E+00
   0.5000000E+01   0.1221423E+02   0.3195127E+00   0.4501592E+02   0.6804873E+00   0.2442846E+02   0.0000000E+00
   0.8000000E+01   0.1231563E+02   0.3095224E+00   0.7392809E+02   0.6904776E+00   0.2463125E+02   0.0000000E+00
   0.1000000E+01   0.1219360E+02   0.3242255E+00   0.7558994E+02   0.6757745E+00   0.2438720E+02   0.0000000E+00
   0.1000000E+01   0.1218851E+02   0.3268290E+00   0.6782412E+02   0.6731710E+00   0.2437701E+02   0.0000000E+00
   0.2000000E+01   0.1219161E+02   0.3314874E+00   0.6622119E+02   0.6685126E+00   0.2438321E+02   0.0000000E+00
   0.6000000E+01   0.1227361E+02   0.3439475E+00   0.9607395E+02   0.6560525E+00   0.2454721E+02   0.0000000E+00
   0.2000000E+01   0.1228408E+02   0.3448882E+00   0.9761940E+02   0.6551118E+00   0.2456816E+02   0.0000000E+00
   0.1000000E+01   0.1223493E+02   0.3168247E+00   0.7526152E+02   0.6831753E+00   0.2446986E+02   0.0000000E+00
   0.1000000E+01   0.1219786E+02   0.3335509E+00   0.6801095E+02   0.6664491E+00   0.2439572E+02   0.0000000E+00
   0.3000000E+01   0.1254955E+02   0.3607292E+00   0.6098186E+02   0.6392708E+00   0.2509910E+02   0.0000000E+00
   0.1000000E+01   0.1233167E+02   0.3485617E+00   0.6181036E+02   0.6514383E+00   0.2466334E+02   0.0000000E+00
   0.1000000E+01   0.1225989E+02   0.3423634E+00   0.3785014E+02   0.6576366E+00   0.2451977E+02   0.0000000E+00
   0.1000000E+01   0.1357146E+02   0.3927997E+00   0.3331347E+02   0.6072003E+00   0.2714291E+02   0.0000000E+00
   0.1000000E+01   0.1227995E+02   0.3438677E+00   0.2528231E+02   0.6561323E+00   0.2455990E+02   0.0000000E+00
   0.5000000E+01   0.1219270E+02   0.3245205E+00   0.6580523E+02   0.6754795E+00   0.2438539E+02   0.0000000E+00
   0.2000000E+01   0.1224733E+02   0.3153719E+00   0.6049762E+02   0.6846281E+00   0.2449466E+02   0.0000000E+00
   0.1000000E+01   0.1238768E+02   0.3522349E+00   0.5708827E+02   0.6477651E+00   0.2477536E+02   0.0000000E+00
   0.2000000E+01   0.1226875E+02   0.3424570E+00   0.2033586E+02   0.6575430E+00   0.2453751E+02   0.0000000E+00
   0.1000000E+01   0.1225727E+02   0.3143574E+00   0.6162221E+02   0.6856426E+00   0.2451453E+02   0.0000000E+00
   0.3000000E+01   0.1222282E+02   0.3381848E+00   0.6325167E+02   0.6618152E+00   0.2444563E+02   0.0000000E+00
   0.5000000E+01   0.1256314E+02   0.2959351E+00   0.2892711E+02   0.7040649E+00   0.2512628E+02   0.0000000E+00
   0.1000000E+01   0.1256995E+02   0.2958378E+00   0.3475277E+02   0.7041622E+00   0.2513989E+02   0.0000000E+00
   0.2000000E+01   0.1231400E+02   0.3470042E+00   0.3501246E+02   0.6529958E+00   0.2462800E+02   0.0000000E+00
   0.1000000E+01   0.1221378E+02   0.3367744E+00   0.5824366E+02   0.6632256E+00   0.2442757E+02   0.0000000E+00
   0.2000000E+01   0.1245205E+02   0.3558435E+00   0.4796112E+02   0.6441565E+00   0.2490410E+02   0.0000000E+00
   0.3000000E+01   0.1296513E+02   0.3763584E+00   0.6515764E+02   0.6236416E+00   0.2593026E+02   0.0000000E+00
   0.2000000E+01   0.1314586E+02   0.3818308E+00   0.6232696E+02   0.6181692E+00   0.2629172E+02   0.0000000E+00
   0.2000000E+01   0.1225374E+02   0.3147572E+00   0.7650359E+02   0.6852428E+00   0.2450748E+02   0.0000000E+00
   0.3000000E+01   0.1233054E+02   0.3084000E+00   0.5499595E+02   0.6916000E+00   0.2466108E+02   0.0000000E+00
   0.1000000E+01   0.1242988E+02   0.3025264E+00   0.5529600E+02   0.6974736E+00   0.2485975E+02   0.0000000E+00
   0.4000000E+01   0.1236988E+02   0.3059640E+00   0.7883390E+02   0.6940360E+00   0.2473976E+02   0.0000000E+00
   0.1000000E+01   0.1222787E+02   0.3176043E+00   0.5131418E+02   0.6823957E+00   0.2445574E+02   0.0000000E+00
   0.1000000E+01   0.1224425E+02   0.3409600E+00   0.9451400E+02   0.6590400E+00   0.2448851E+02   0.0000000E+00
   0.1000000E+01   0.1445681E+02   0.4122830E+00   0.8116255E+02   0.5877170E+00   0.2891363E+02   0.0000000E+00
   0.2000000E+01   0.1349264E+02   0.3911588E+00   0.6840522E+02   0.6088412E+00   0.2698528E+02   0.0000000E+00
   0.1000000E+01   0.1326143E+02   0.3849648E+00   0.4367689E+02   0.6150352E+00   0.2652286E+02   0.0000000E+00
   0.3000000E+01   0.1239964E+02   0.3528843E+00   0.4647162E+02   0.6471157E+00   0.2479927E+02   0.0000000E+00
   0.1000000E+01   0.1486493E+02   0.2461671E+00   0.6280444E+02   0.7538329E+00   0.2972987E+02   0.0000000E+00
   0.2000000E+01   0.1544755E+02   0.2380638E+00   0.4445538E+02   0.7619362E+00   0.3089510E+02   0.0000000E+00
   0.1000000E+01   0.1519789E+02   0.2414139E+00   0.4830431E+02   0.7585861E+00   0.3039577E+02   0.0000000E+00
   0.2000000E+01   0.1234396E+02   0.3074811E+00   0.5159675E+02   0.6925189E+00   0.2468793E+02   0.0000000E+00
   0.1000000E+01   0.1223338E+02   0.3169974E+00   0.6951182E+02   0.6830026E+00   0.2446676E+02   0.0000000E+00
   0.1000000E+01   0.1279488E+02   0.2880293E+00   0.7484014E+02   0.7119707E+00   0.2558976E+02   0.0000000E+00
   0.3000000E+01   0.1268370E+02   0.2918077E+00   0.7586327E+02   0.7081923E+00   0.2536740E+02   0.0000000E+00
   0.3000000E+01   0.1242997E+02   0.3026350E+00   0.9964977E+02   0.6973650E+00   0.2485994E+02   0.0000000E+00
   0.3000000E+01   0.1273186E+02   0.2901459E+00   0.8882903E+02   0.7098541E+00   0.2546373E+02   0.0000000E+00
   0.1000000E+01   0.1222455E+02   0.3181449E+00   0.7244116E+02   0.6818551E+00   0.2444910E+02   0.0000000E+00
   0.1000000E+01   0.1219026E+02   0.3308332E+00   0.6296160E+02   0.6691668E+00   0.2438052E+02   0.0000000E+00
   0.2000000E+01   0.1228726E+02   0.3451179E+00   0.6961742E+02   0.6548821E+00   0.2457452E+02   0.0000000E+00
   0.2000000E+01   0.1219388E+02   0.3324027E+00   0.9539604E+02   0.6675973E+00   0.2438777E+02   0.0000000E+00
   0.6000000E+01   0.1219488E+02   0.3327252E+00   0.9025389E+02   0.6672748E+00   0.2438975E+02   0.0000000E+00
   0.2000000E+01   0.1218793E+02   0.3276368E+00   0.6534710E+02   0.6723632E+00   0.2437586E+02   0.0000000E+00
   0.1000000E+01   0.1251651E+02   0.2984222E+00   0.6677620E+02   0.7015778E+00   0.2503301E+02   0.0000000E+00
   0.3000000E+01   0.1231420E+02   0.3095330E+00   0.5209599E+02   0.6904670E+00   0.2462839E+02   0.0000000E+00
   0.1000000E+01   0.1223397E+02   0.3169200E+00   0.6775939E+02   0.6830800E+00   0.2446793E+02   0.0000000E+00
   0.1000000E+01   0.1220449E+02   0.3214087E+00   0.6761800E+02   0.6785913E+00   0.2440897E+02   0.0000000E+00
   0.6000000E+01   0.1219874E+02   0.3227423E+00   0.8358188E+02   0.6772577E+00   0.2439748E+02   0.0000000E+00
   0.2000000E+01   0.1228968E+02   0.3114756E+00   0.6363610E+02   0.6885244E+00   0.2457937E+02   0.0000000E+00
   0.5000000E+01   0.1219204E+02   0.3247563E+00   0.6133161E+02   0.6752437E+00   0.2438408E+02   0.0000000E+00
   0.2000000E+01   0.1221352E+02   0.3368017E+00   0.8792443E+02   0.6631983E+00   0.2442703E+02   0.0000000E+00
   0.2000000E+01   0.1235132E+02   0.3499366E+00   0.6476598E+02   0.6500634E+00   0.2470264E+02   0.0000000E+00
   0.2000000E+01   0.1251269E+02   0.3590438E+00   0.7920751E+02   0.6409562E+00   0.2502537E+02   0.0000000E+00
   0.1000000E+01   0.1233484E+02   0.3488453E+00   0.8652914E+02   0.6511547E+00   0.2466967E+02   0.0000000E+00
   0.1000000E+01   0.1307396E+02   0.2798344E+00   0.5305550E+02   0.7201656E+00   0.2614792E+02   0.0000000E+00
   0.1000000E+01   0.1230323E+02   0.3098039E+00   0.2624910E+02   0.6901961E+00   0.2460646E+02   0.0000000E+00
   0.4000000E+01   0.1293588E+02   0.3753545E+00   0.5172133E+02   0.6246455E+00   0.2587177E+02   0.0000000E+00
   0.3000000E+01   0.1291423E+02   0.3746141E+00   0.4740357E+02   0.6253859E+00   0.2582846E+02   0.0000000E+00
   0.4000000E+01   0.1556871E+02   0.4320018E+00   0.8098213E+02   0.5679982E+00   0.3113741E+02   0.0000000E+00
   0.1000000E+01   0.1368693E+02   0.3959192E+00   0.9676184E+02   0.6040808E+00   0.2737386E+02   0.0000000E+00
   0.8000000E+01   0.1326943E+02   0.3853618E+00   0.8825176E+02   0.6146382E+00   0.2653886E+02   0.0000000E+00
   0.1000000E+01   0.1218943E+02   0.3303704E+00   0.7603766E+02   0.6696296E+00   0.2437887E+02   0.0000000E+00
   0.3000000E+01   0.1228520E+02   0.3117668E+00   0.4999954E+02   0.6882332E+00   0.2457040E+02   0.0000000E+00
   0.1000000E+01   0.1226616E+02   0.3134235E+00   0.4847166E+02   0.6865765E+00   0.2453233E+02   0.0000000E+00
   0.1000000E+01   0.1218771E+02   0.3274343E+00   0.3258451E+02   0.6725657E+00   0.2437541E+02   0.0000000E+00
   0.1000000E+01   0.1225454E+02   0.3418028E+00   0.3705867E+02   0.6581972E+00   0.2450908E+02   0.0000000E+00
   0.8000000E+01   0.1253581E+02   0.2975656E+00   0.6362096E+02   0.7024344E+00   0.2507162E+02   0.0000000E+00
   0.2000000E+01   0.1285933E+02   0.3728846E+00   0.7120329E+02   0.6271154E+00   0.2571866E+02   0.0000000E+00
   0.4000000E+01   0.1218823E+02   0.3268929E+00   0.4296746E+02   0.6731071E+00   0.2437645E+02   0.0000000E+00
   0.2000000E+01   0.1222412E+02   0.3383645E+00   0.6170152E+02   0.6616355E+00   0.2444824E+02   0.0000000E+00
   0.1000000E+01   0.1233871E+02   0.3078301E+00   0.5200613E+02   0.6921699E+00   0.2467742E+02   0.0000000E+00
   0.7000000E+01   0.1219411E+02   0.3236770E+00   0.3438504E+02   0.6763230E+00   0.2438821E+02   0.0000000E+00
   0.1000000E+01   0.1248436E+02   0.3575169E+00   0.4759982E+02   0.6424831E+00   0.2496871E+02   0.0000000E+00
   0.1000000E+01   0.1244587E+02   0.3555232E+00   0.4940171E+02   0.6444768E+00   0.2489174E+02   0.0000000E+00
   0.1000000E+01   0.1293640E+02   0.3754679E+00   0.7907455E+02   0.6245321E+00   0.2587280E+02   0.0000000E+00
   0.2000000E+01   0.1238022E+02   0.3053747E+00   0.9566298E+02   0.6946253E+00   0.2476045E+02   0.0000000E+00
   0.1000000E+01   0.1237260E+02   0.3058270E+00   0.9610717E+02   0.6941730E+00   0.2474519E+02   0.0000000E+00
   0.4000000E+01   0.1232447E+02   0.3088472E+00   0.6025805E+02   0.6911528E+00   0.2464894E+02   0.0000000E+00
   0.6000000E+01   0.1463695E+02   0.2495404E+00   0.6072539E+02   0.7504596E+00   0.2927390E+02   0.0000000E+00
   0.2000000E+01   0.1337505E+02   0.2725399E+00   0.5924320E+02   0.7274601E+00   0.2675009E+02   0.0000000E+00
   0.2000000E+01   0.1320338E+02   0.2763900E+00   0.3901380E+02   0.7236100E+00   0.2640676E+02   0.0000000E+00
   0.1000000E+01   0.1220455E+02   0.3344504E+00   0.2381879E+02   0.6655496E+00   0.2440909E+02   0.0000000E+00
   0.4000000E+01   0.1293462E+02   0.3754100E+00   0.7893665E+02   0.6245900E+00   0.2586925E+02   0.0000000E+00
   0.5000000E+01   0.1274712E+02   0.3687251E+00   0.4273929E+02   0.6312749E+00   0.2549424E+02   0.0000000E+00
   0.2000000E+01   0.1264066E+02   0.2934094E+00   0.8749621E+02   0.7065906E+00   0.2528132E+02   0.0000000E+00
   0.2000000E+01   0.1267113E+02   0.3659056E+00   0.5741300E+02   0.6340944E+00   0.2534227E+02   0.0000000E+00
   0.1000000E+01   0.1220943E+02   0.3360572E+00   0.7011087E+02   0.6639428E+00   0.2441885E+02   0.0000000E+00
   0.1000000E+01   0.1261171E+02   0.3635426E+00   0.9288554E+02   0.6364574E+00   0.2522342E+02   0.0000000E+00
   0.8000000E+01   0.1254734E+02   0.3604155E+00   0.3685760E+02   0.6395845E+00   0.2509468E+02   0.0000000E+00
   0.1000000E+01   0.1257164E+02   0.3615090E+00   0.3647222E+02   0.6384910E+00   0.2514327E+02   0.0000000E+00
   0.2000000E+01   0.1352735E+02   0.3920177E+00   0.6652323E+02   0.6079823E+00   0.2705470E+02   0.0000000E+00
   0.1000000E+01   0.1246811E+02   0.3567500E+00   0.5779736E+02   0.6432500E+00   0.2493622E+02   0.0000000E+00
   0.1000000E+01   0.1235999E+02   0.3502125E+00   0.3329009E+02   0.6497875E+00   0.2471998E+02   0.0000000E+00
   0.5000000E+01   0.1268509E+02   0.2915029E+00   0.3827809E+02   0.7084971E+00   0.2537018E+02   0.0000000E+00
   0.1000000E+01   0.1239121E+02   0.3045982E+00   0.5051518E+02   0.6954018E+00   0.2478242E+02   0.0000000E+00
   0.2000000E+01   0.1224791E+02   0.3410916E+00   0.3693266E+02   0.6589084E+00   0.2449583E+02   0.0000000E+00
   0.2000000E+01   0.1303155E+02   0.3783211E+00   0.4510684E+02   0.6216789E+00   0.2606311E+02   0.0000000E+00
   0.1000000E+01   0.1288869E+02   0.2850309E+00   0.5318951E+02   0.7149691E+00   0.2577737E+02   0.0000000E+00
   0.1000000E+01   0.1246751E+02   0.3002328E+00   0.2962320E+02   0.6997672E+00   0.2493503E+02   0.0000000E+00
   0.1000000E+01   0.1293208E+02   0.2831652E+00   0.2559870E+02   0.7168348E+00   0.2586417E+02   0.0000000E+00
   0.4000000E+01   0.1268065E+02   0.2908110E+00   0.2048720E+02   0.7091890E+00   0.2536129E+02   0.0000000E+00
   0.1000000E+01   0.1227875E+02   0.3441436E+00   0.3742673E+02   0.6558564E+00   0.2455751E+02   0.0000000E+00
   0.2000000E+01   0.1218876E+02   0.3265344E+00   0.5743253E+02   0.6734656E+00   0.2437752E+02   0.0000000E+00
   0.6000000E+01   0.1229390E+02   0.3111867E+00   0.8210227E+02   0.6888133E+00   0.2458779E+02   0.0000000E+00
   0.1000000E+01   0.1232806E+02   0.3086705E+00   0.8736788E+02   0.6913295E+00   0.2465612E+02   0.0000000E+00
   0.3000000E+01   0.1262129E+02   0.2941524E+00   0.9199501E+02   0.7058476E+00   0.2524258E+02   0.0000000E+00
   0.2000000E+01   0.1287339E+02   0.2856089E+00   0.9205748E+02   0.7143911E+00   0.2574678E+02   0.0000000E+00
   0.4000000E+01   0.1465746E+02   0.4161176E+00   0.8220071E+02   0.5838824E+00   0.2931493E+02   0.0000000E+00
   0.2000000E+01   0.1351452E+02   0.3917032E+00   0.6775700E+02   0.6082968E+00   0.2702905E+02   0.0000000E+00
   0.4000000E+01   0.1225292E+02   0.3419112E+00   0.9782618E+02   0.6580888E+00   0.2450584E+02   0.0000000E+00
   0.1000000E+01   0.1219165E+02   0.3248535E+00   0.5124254E+02   0.6751465E+00   0.2438329E+02   0.0000000E+00
   0.1000000E+01   0.1227654E+02   0.3126233E+00   0.7808251E+02   0.6873767E+00   0.2455307E+02   0.0000000E+00
   0.2000000E+01   0.1218893E+02   0.3264970E+00   0.8043580E+02   0.6735030E+00   0.2437786E+02   0.0000000E+00
   0.1000000E+01   0.1221755E+02   0.3191388E+00   0.6830831E+02   0.6808612E+00   0.2443510E+02   0.0000000E+00
   0.2000000E+01   0.1220993E+02   0.3203690E+00   0.6473653E+02   0.6796310E+00   0.2441987E+02   0.0000000E+00
   0.2000000E+01   0.1228225E+02   0.3447180E+00   0.8858787E+02   0.6552820E+00   0.2456450E+02   0.0000000E+00
   0.3000000E+01   0.1304995E+02   0.3789690E+00   0.5765323E+02   0.6210310E+00   0.2609991E+02   0.0000000E+00
   0.1000000E+01   0.1234086E+02   0.3491793E+00   0.5505062E+02   0.6508207E+00   0.2468171E+02   0.0000000E+00
   0.2000000E+01   0.1222399E+02   0.3177889E+00   0.3116793E+02   0.6822111E+00   0.2444798E+02   0.0000000E+00
   0.3000000E+01   0.1232233E+02   0.3086532E+00   0.3227557E+02   0.6913468E+00   0.2464466E+02   0.0000000E+00
   0.4000000E+01   0.1218944E+02   0.3258691E+00   0.4211922E+02   0.6741309E+00   0.2437887E+02   0.0000000E+00
   0.1000000E+01   0.1275829E+02   0.3692408E+00   0.5558593E+02   0.6307592E+00   0.2551657E+02   0.0000000E+00
   0.1000000E+01   0.1238404E+02   0.3051365E+00   0.8440424E+02   0.6948635E+00   0.2476808E+02   0.0000000E+00
   0.7000000E+01   0.1350819E+02   0.2696063E+00   0.5657024E+02   0.7303937E+00   0.2701637E+02   0.0000000E+00
   0.2000000E+01   0.1269305E+02   0.2912701E+00   0.4150663E+02   0.7087299E+00   0.2538611E+02   0.0000000E+00
   0.2000000E+01   0.1238034E+02   0.3052905E+00   0.6153190E+02   0.6947095E+00   0.2476067E+02   0.0000000E+00
   0.5000000E+01   0.1234696E+02   0.3073124E+00   0.5553901E+02   0.6926876E+00   0.2469392E+02   0.0000000E+00
   0.1000000E+01   0.1220237E+02   0.3218679E+00   0.7213303E+02   0.6781321E+00   0.2440474E+02   0.0000000E+00
   0.5000000E+01   0.1221665E+02   0.3373161E+00   0.9205581E+02   0.6626839E+00   0.2443331E+02   0.0000000E+00
   0.5000000E+01   0.1225321E+02   0.3419330E+00   0.8959081E+02   0.6580670E+00   0.2450642E+02   0.0000000E+00
   0.1000000E+01   0.1233456E+02   0.3082185E+00   0.8205314E+02   0.6917815E+00   0.2466913E+02   0.0000000E+00
   0.1000000E+01   0.1253078E+02   0.2978563E+00   0.9942327E+02   0.7021437E+00   0.2506157E+02   0.0000000E+00
   0.1000000E+01   0.1245689E+02   0.3012228E+00   0.7120295E+02   0.6987772E+00   0.2491379E+02   0.0000000E+00
   0.5000000E+01   0.1221857E+02   0.3189968E+00   0.7218201E+02   0.6810032E+00   0.2443714E+02   0.0000000E+00
   0.5000000E+01   0.1252816E+02   0.2979685E+00   0.9753415E+02   0.7020315E+00   0.2505633E+02   0.0000000E+00
   0.3000000E+01   0.1219092E+02   0.3312011E+00   0.7771521E+02   0.6687989E+00   0.2438185E+02   0.0000000E+00
   0.1000000E+01   0.1220181E+02   0.3345367E+00   0.7699233E+02   0.6654633E+00   0.2440362E+02   0.0000000E+00
   0.1000000E+01   0.1240610E+02   0.3033283E+00   0.2812638E+02   0.6966717E+00   0.2481220E+02   0.0000000E+00
   0.1000000E+01   0.1396413E+02   0.4015798E+00   0.2615250E+02   0.5984202E+00   0.2792827E+02   0.0000000E+00
   0.2000000E+01   0.1418355E+02   0.4068117E+00   0.8314395E+02   0.5931883E+00   0.2836711E+02   0.0000000E+00
   0.3000000E+01   0.1513285E+02   0.4246746E+00   0.7953396E+02   0.5753254E+00   0.3026570E+02   0.0000000E+00
   0.1000000E+01   0.1397865E+02   0.4024930E+00   0.9291021E+02   0.5975070E+00   0.2795729E+02   0.0000000E+00
   0.1000000E+01   0.1306614E+02   0.3795229E+00   0.7932898E+02   0.6204771E+00   0.2613229E+02   0.0000000E+00
   0.1000000E+01   0.1219156E+02   0.3314066E+00   0.5055750E+02   0.6685934E+00   0.2438312E+02   0.0000000E+00
   0.1000000E+01   0.1221374E+02   0.3367030E+00   0.4740091E+02   0.6632970E+00   0.2442749E+02   0.0000000E+00
   0.3000000E+01   0.1226469E+02   0.3135585E+00   0.4821246E+02   0.6864415E+00   0.2452939E+02   0.0000000E+00
   0.1000000E+01   0.1251999E+02   0.3593262E+00   0.5679191E+02   0.6406738E+00   0.2503998E+02   0.0000000E+00
   0.2000000E+01   0.1218810E+02   0.3273397E+00   0.6997288E+02   0.6726603E+00   0.2437620E+02   0.0000000E+00
   0.1000000E+01   0.1236772E+02   0.3060167E+00   0.5622465E+02   0.6939833E+00   0.2473544E+02   0.0000000E+00
   0.3000000E+01   0.1225353E+02   0.3146734E+00   0.5147513E+02   0.6853266E+00   0.2450707E+02   0.0000000E+00
   0.2000000E+01   0.1278143E+02   0.3701277E+00   0.6535774E+02   0.6298723E+00   0.2556285E+02   0.0000000E+00
   0.2000000E+01   0.1402106E+02   0.2596702E+00   0.6333698E+02   0.7403298E+00   0.2804213E+02   0.0000000E+00
   0.2000000E+01   0.1407831E+02   0.2584570E+00   0.3943327E+02   0.7415430E+00   0.2815663E+02   0.0000000E+00
   0.1000000E+01   0.1220104E+02   0.3219210E+00   0.3926002E+02   0.6780790E+00   0.2440207E+02   0.0000000E+00
   0.1000000E+01   0.1219251E+02   0.3246659E+00   0.9789750E+02   0.6753341E+00   0.2438501E+02   0.0000000E+00
   0.1000000E+01   0.1235290E+02   0.3070174E+00   0.8060091E+02   0.6929826E+00   0.2470580E+02   0.0000000E+00
   0.8000000E+01   0.1385168E+02   0.2628435E+00   0.9621314E+02   0.7371565E+00   0.2770337E+02   0.0000000E+00
   0.2000000E+01   0.1325898E+02   0.2752571E+00   0.6515675E+02   0.7247429E+00   0.2651797E+02   0.0000000E+00
   0.2000000E+01   0.1360785E+02   0.2676030E+00   0.8029706E+02   0.7323970E+00   0.2721571E+02   0.0000000E+00
   0.1000000E+01   0.1226749E+02   0.3425761E+00   0.2304070E+02   0.6574239E+00   0.2453497E+02   0.0000000E+00
   0.7000000E+01   0.1305103E+02   0.2795558E+00   0.2171405E+02   0.7204442E+00   0.2610206E+02   0.0000000E+00
   0.1000000E+01   0.1220214E+02   0.3346295E+00   0.8952328E+02   0.6653705E+00   0.2440429E+02   0.0000000E+00
   0.1000000E+01   0.1272327E+02   0.3680077E+00   0.8204051E+02   0.6319923E+00   0.2544653E+02   0.0000000E+00
   0.3000000E+01   0.1293881E+02   0.3755665E+00   0.9341321E+02   0.6244335E+00   0.2587761E+02   0.0000000E+00
   0.2000000E+01   0.1230867E+02   0.3098376E+00   0.4183121E+02   0.6901624E+00   0.2461733E+02   0.0000000E+00
   0.1000000E+01   0.1225717E+02   0.3421966E+00   0.4691900E+02   0.6578034E+00   0.2451433E+02   0.0000000E+00
   0.3000000E+01   0.1220187E+02   0.3345248E+00   0.6580755E+02   0.6654752E+00   0.2440375E+02   0.0000000E+00
   0.7000000E+01   0.1225668E+02   0.3144227E+00   0.6331043E+02   0.6855773E+00   0.2451336E+02   0.0000000E+00
   0.3000000E+01   0.1271253E+02   0.2907955E+00   0.7882271E+02   0.7092045E+00   0.2542505E+02   0.0000000E+00
   0.1000000E+01   0.1230429E+02   0.3103614E+00   0.7375381E+02   0.6896386E+00   0.2460858E+02   0.0000000E+00
   0.1000000E+01   0.1229383E+02   0.3111768E+00   0.7482531E+02   0.6888232E+00   0.2458766E+02   0.0000000E+00
   0.5000000E+01   0.1230271E+02   0.3104771E+00   0.7190531E+02   0.6895229E+00   0.2460542E+02   0.0000000E+00
   0.4000000E+01   0.1224561E+02   0.3155976E+00   0.7194300E+02   0.6844024E+00   0.2449123E+02   0.0000000E+00
   0.1000000E+01   0.1222938E+02   0.3390976E+00   0.6683553E+02   0.6609024E+00   0.2445876E+02   0.0000000E+00
   0.3000000E+01   0.1220304E+02   0.3342684E+00   0.2629552E+02   0.6657316E+00   0.2440607E+02   0.0000000E+00
   0.2000000E+01   0.1340695E+02   0.2719041E+00   0.8840458E+02   0.7280959E+00   0.2681391E+02   0.0000000E+00
   0.2000000E+01   0.1268420E+02   0.3664867E+00   0.7769994E+02   0.6335133E+00   0.2536839E+02   0.0000000E+00
   0.1000000E+01   0.1219118E+02   0.3310044E+00   0.3116640E+02   0.6689956E+00   0.2438236E+02   0.0000000E+00
   0.1000000E+01   0.1219222E+02   0.3314948E+00   0.3369892E+02   0.6685052E+00   0.2438443E+02   0.0000000E+00
   0.1000000E+01   0.1296546E+02   0.3760130E+00   0.3124959E+02   0.6239870E+00   0.2593093E+02   0.0000000E+00
   0.3000000E+01   0.1359021E+02   0.3931353E+00   0.2922384E+02   0.6068647E+00   0.2718043E+02   0.0000000E+00
   0.2000000E+01   0.1219647E+02   0.3330391E+00   0.4322202E+02   0.6669609E+00   0.2439294E+02   0.0000000E+00
   0.3000000E+01   0.1220333E+02   0.3347847E+00   0.5176825E+02   0.6652153E+00   0.2440666E+02   0.0000000E+00
   0.1000000E+01   0.1225063E+02   0.3148865E+00   0.4283624E+02   0.6851135E+00   0.2450125E+02   0.0000000E+00
   0.1000000E+01   0.1228543E+02   0.3117046E+00   0.4538801E+02   0.6882954E+00   0.2457086E+02   0.0000000E+00
   0.2000000E+01   0.1279135E+02   0.2880875E+00   0.5874018E+02   0.7119125E+00   0.2558269E+02   0.0000000E+00
   0.1000000E+01   0.1245154E+02   0.3557178E+00   0.3918156E+02   0.6442822E+00   0.2490308E+02   0.0000000E+00
   0.1000000E+01   0.1331492E+02   0.3865727E+00   0.7573843E+02   0.6134273E+00   0.2662985E+02   0.0000000E+00
   0.1000000E+01   0.1264848E+02   0.3646748E+00   0.3165054E+02   0.6353252E+00   0.2529695E+02   0.0000000E+00
   0.1000000E+01   0.1228230E+02   0.3444117E+00   0.3496563E+02   0.6555883E+00   0.2456460E+02   0.0000000E+00
   0.1000000E+01   0.1233215E+02   0.3483899E+00   0.3733283E+02   0.6516101E+00   0.2466430E+02   0.0000000E+00
   0.3000000E+01   0.1262963E+02   0.3637769E+00   0.2815008E+02   0.6362231E+00   0.2525925E+02   0.0000000E+00
   0.2000000E+01   0.1247158E+02   0.3564235E+00   0.2659802E+02   0.6435765E+00   0.2494316E+02   0.0000000E+00
   0.1000000E+01   0.1226950E+02   0.3434772E+00   0.5759948E+02   0.6565228E+00   0.2453900E+02   0.0000000E+00
   0.1000000E+01   0.1299828E+02   0.2818370E+00   0.4766038E+02   0.7181630E+00   0.2599655E+02   0.0000000E+00
   0.3000000E+01   0.1277816E+02   0.2884268E+00   0.4618032E+02   0.7115732E+00   0.2555632E+02   0.0000000E+00
   0.3000000E+01   0.1265549E+02   0.3652921E+00   0.6116191E+02   0.6347079E+00   0.2531098E+02   0.0000000E+00
   0.1000000E+01   0.1219595E+02   0.3330297E+00   0.7340863E+02   0.6669703E+00   0.2439191E+02   0.0000000E+00
   0.1000000E+01   0.1235541E+02   0.3067331E+00   0.4968998E+02   0.6932669E+00   0.2471081E+02   0.0000000E+00
   0.7000000E+01   0.1222785E+02   0.3177494E+00   0.9865385E+02   0.6822506E+00   0.2445570E+02   0.0000000E+00
   0.2000000E+01   0.1218881E+02   0.3266206E+00   0.9113469E+02   0.6733794E+00   0.2437762E+02   0.0000000E+00
   0.2000000E+01   0.1218914E+02   0.3301685E+00   0.7795672E+02   0.6698315E+00   0.2437828E+02   0.0000000E+00
   0.1000000E+01   0.1223265E+02   0.3395652E+00   0.9051951E+02   0.6604348E+00   0.2446529E+02   0.0000000E+00
   0.5000000E+01   0.1243762E+02   0.3022306E+00   0.9148070E+02   0.6977694E+00   0.2487523E+02   0.0000000E+00
   0.1000000E+01   0.1277638E+02   0.2886671E+00   0.9715836E+02   0.7113329E+00   0.2555275E+02   0.0000000E+00
   0.5000000E+01   0.1267041E+02   0.2923161E+00   0.9260073E+02   0.7076839E+00   0.2534083E+02   0.0000000E+00
   0.1000000E+01   0.1222493E+02   0.3178945E+00   0.4167982E+02   0.6821055E+00   0.2444986E+02   0.0000000E+00
   0.1000000E+01   0.1383960E+02   0.2629303E+00   0.5092079E+02   0.7370697E+00   0.2767919E+02   0.0000000E+00
   0.1000000E+01   0.1377640E+02   0.2641535E+00   0.5331602E+02   0.7358465E+00   0.2755280E+02   0.0000000E+00
   0.3000000E+01   0.1380517E+02   0.2636625E+00   0.6578287E+02   0.7363375E+00   0.2761035E+02   0.0000000E+00
   0.1000000E+01   0.1233187E+02   0.3082054E+00   0.4314782E+02   0.6917946E+00   0.2466375E+02   0.0000000E+00
   0.2000000E+01   0.1221810E+02   0.3373987E+00   0.4743226E+02   0.6626013E+00   0.2443619E+02   0.0000000E+00
   0.6000000E+01   0.1277378E+02   0.2887351E+00   0.8446343E+02   0.7112649E+00   0.2554756E+02   0.0000000E+00
   0.3000000E+01   0.1219805E+02   0.3229384E+00   0.9520424E+02   0.6770616E+00   0.2439609E+02   0.0000000E+00
   0.3000000E+01   0.1247982E+02   0.3001088E+00   0.6862086E+02   0.6998912E+00   0.2495964E+02   0.0000000E+00
   0.2000000E+01   0.1244068E+02   0.3020652E+00   0.8524952E+02   0.6979348E+00   0.2488135E+02   0.0000000E+00
   0.1000000E+01   0.1253217E+02   0.2977840E+00   0.8930680E+02   0.7022160E+00   0.2506434E+02   0.0000000E+00
   0.7000000E+01   0.1219846E+02   0.3228351E+00   0.9865828E+02   0.6771649E+00   0.2439693E+02   0.0000000E+00
   0.2000000E+01   0.1220768E+02   0.3208223E+00   0.8119863E+02   0.6791777E+00   0.2441537E+02   0.0000000E+00
   0.2000000E+01   0.1236814E+02   0.3060725E+00   0.8053043E+02   0.6939275E+00   0.2473628E+02   0.0000000E+00
   0.4000000E+01   0.1220842E+02   0.3206841E+00   0.7979740E+02   0.6793159E+00   0.2441684E+02   0.0000000E+00
   0.3000000E+01   0.1244307E+02   0.3554957E+00   0.8556462E+02   0.6445043E+00   0.2488614E+02   0.0000000E+00
   0.1000000E+01   0.1226040E+02   0.3426384E+00   0.7089897E+02   0.6573616E+00   0.2452080E+02   0.0000000E+00
   0.1000000E+01   0.1220784E+02   0.3357982E+00   0.9036273E+02   0.6642018E+00   0.2441569E+02   0.0000000E+00
   0.5000000E+01   0.1227819E+02   0.3124960E+00   0.8728376E+02   0.6875040E+00   0.2455639E+02   0.0000000E+00
   0.3000000E+01   0.1231631E+02   0.3094375E+00   0.6273940E+02   0.6905625E+00   0.2463262E+02   0.0000000E+00
   0.1000000E+01   0.1230819E+02   0.3100487E+00   0.6693257E+02   0.6899513E+00   0.2461637E+02   0.0000000E+00
   0.2000000E+01   0.1230048E+02   0.3106531E+00   0.7367755E+02   0.6893469E+00   0.2460095E+02   0.0000000E+00
   0.1000000E+01   0.1234303E+02   0.3076264E+00   0.6928382E+02   0.6923736E+00   0.2468605E+02   0.0000000E+00
   0.2000000E+01   0.1238787E+02   0.3048832E+00   0.6992938E+02   0.6951168E+00   0.2477574E+02   0.0000000E+00
   0.1000000E+01   0.1228199E+02   0.3439422E+00   0.2357085E+02   0.6560578E+00   0.2456397E+02   0.0000000E+00
   0.1000000E+01   0.1280648E+02   0.2875919E+00   0.5695421E+02   0.7124081E+00   0.2561296E+02   0.0000000E+00
   0.1000000E+01   0.1253935E+02   0.2974098E+00   0.6278709E+02   0.7025902E+00   0.2507871E+02   0.0000000E+00
   0.1000000E+01   0.1250448E+02   0.3584166E+00   0.3885928E+02   0.6415834E+00   0.2500897E+02   0.0000000E+00
   0.2000000E+01   0.1238190E+02   0.3515971E+00   0.3281254E+02   0.6484029E+00   0.2476379E+02   0.0000000E+00
   0.1000000E+01   0.1240652E+02   0.3533701E+00   0.5912314E+02   0.6466299E+00   0.2481304E+02   0.0000000E+00
   0.3000000E+01   0.1231546E+02   0.3473877E+00   0.6838089E+02   0.6526123E+00   0.2463093E+02   0.0000000E+00
   0.1000000E+01   0.1265969E+02   0.3654575E+00   0.6001120E+02   0.6345425E+00   0.2531938E+02   0.0000000E+00
   0.4000000E+01   0.1223809E+02   0.3164700E+00   0.8502609E+02   0.6835300E+00   0.2447619E+02   0.0000000E+00
   0.1000000E+01   0.1237989E+02   0.3052081E+00   0.4563068E+02   0.6947919E+00   0.2475979E+02   0.0000000E+00
   0.1300000E+02   0.1321625E+02   0.2761903E+00   0.4830990E+02   0.7238097E+00   0.2643251E+02   0.0000000E+00
   0.5000000E+01   0.1257383E+02   0.2951869E+00   0.2350243E+02   0.7048131E+00   0.2514766E+02   0.0000000E+00
   0.4000000E+01   0.1290601E+02   0.2846354E+00   0.9279192E+02   0.7153646E+00   0.2581202E+02   0.0000000E+00
   0.3000000E+01   0.1322291E+02   0.3838264E+00   0.3817380E+02   0.6161736E+00   0.2644582E+02   0.0000000E+00
   0.1000000E+01   0.1334506E+02   0.3872351E+00   0.4525930E+02   0.6127649E+00   0.2669012E+02   0.0000000E+00
   0.2000000E+01   0.1261294E+02   0.3634592E+00   0.4909855E+02   0.6365408E+00   0.2522588E+02   0.0000000E+00
   0.3000000E+01   0.1222002E+02   0.3187739E+00   0.6922749E+02   0.6812261E+00   0.2444004E+02   0.0000000E+00
   0.4000000E+01   0.1238776E+02   0.3523208E+00   0.8806205E+02   0.6476792E+00   0.2477553E+02   0.0000000E+00
   0.1000000E+01   0.1252275E+02   0.2981806E+00   0.8014990E+02   0.7018194E+00   0.2504549E+02   0.0000000E+00
   0.1000000E+01   0.1255008E+02   0.2970077E+00   0.8313900E+02   0.7029923E+00   0.2510016E+02   0.0000000E+00
   0.2000000E+01   0.1290083E+02   0.2847836E+00   0.8909262E+02   0.7152164E+00   0.2580167E+02   0.0000000E+00
   0.2000000E+01   0.1221759E+02   0.3374507E+00   0.8235282E+02   0.6625493E+00   0.2443519E+02   0.0000000E+00
   0.2000000E+01   0.1244499E+02   0.3555752E+00   0.7255414E+02   0.6444248E+00   0.2488997E+02   0.0000000E+00
   0.4000000E+01   0.1261783E+02   0.3638002E+00   0.9127825E+02   0.6361998E+00   0.2523567E+02   0.0000000E+00
   0.8000000E+01   0.1225443E+02   0.3137794E+00   0.2259291E+02   0.6862206E+00   0.2450885E+02   0.0000000E+00
   0.4000000E+01   0.1218779E+02   0.3281930E+00   0.5427345E+02   0.6718070E+00   0.2437557E+02   0.0000000E+00
   0.1000000E+01   0.1232090E+02   0.3091644E+00   0.8305572E+02   0.6908356E+00   0.2464179E+02   0.0000000E+00
   0.1000000E+01   0.1252111E+02   0.3594707E+00   0.9525959E+02   0.6405293E+00   0.2504222E+02   0.0000000E+00
   0.2000000E+01   0.1282115E+02   0.3714657E+00   0.4943663E+02   0.6285343E+00   0.2564231E+02   0.0000000E+00
   0.3000000E+01   0.1253618E+02   0.3601230E+00   0.6445532E+02   0.6398770E+00   0.2507236E+02   0.0000000E+00
   0.1000000E+01   0.1277558E+02   0.2885708E+00   0.5346183E+02   0.7114292E+00   0.2555117E+02   0.0000000E+00
   0.2000000E+01   0.1223584E+02   0.3397320E+00   0.3937744E+02   0.6602680E+00   0.2447168E+02   0.0000000E+00
   0.4000000E+01   0.1221081E+02   0.3200306E+00   0.4102146E+02   0.6799694E+00   0.2442161E+02   0.0000000E+00
   0.2000000E+01   0.1228428E+02   0.3115505E+00   0.3193381E+02   0.6884495E+00   0.2456855E+02   0.0000000E+00
   0.1000000E+01   0.1253877E+02   0.2972277E+00   0.3869458E+02   0.7027723E+00   0.2507753E+02   0.0000000E+00
   0.3000000E+01   0.1255308E+02   0.2966113E+00   0.3823865E+02   0.7033887E+00   0.2510615E+02   0.0000000E+00
   0.6000000E+01   0.1240520E+02   0.3529399E+00   0.3065941E+02   0.6470601E+00   0.2481040E+02   0.0000000E+00
   0.1000000E+01   0.1237719E+02   0.3050969E+00   0.3131500E+02   0.6949031E+00   0.2475438E+02   0.0000000E+00
   0.1000000E+01   0.1233286E+02   0.3083219E+00   0.7627934E+02   0.6916781E+00   0.2466572E+02   0.0000000E+00
   0.1000000E+01   0.1227398E+02   0.3128729E+00   0.9365014E+02   0.6871271E+00   0.2454796E+02   0.0000000E+00
   0.5000000E+01   0.1246319E+02   0.3565735E+00   0.9011219E+02   0.6434265E+00   0.2492637E+02   0.0000000E+00
   0.1000000E+01   0.1342563E+02   0.3894251E+00   0.5871589E+02   0.6105749E+00   0.2685127E+02   0.0000000E+00
   0.1000000E+01   0.1220364E+02   0.3347181E+00   0.3816832E+02   0.6652819E+00   0.2440728E+02   0.0000000E+00
   0.1000000E+01   0.1221493E+02   0.3366417E+00   0.3110409E+02   0.6633583E+00   0.2442986E+02   0.0000000E+00
   0.3000000E+01   0.1225515E+02   0.3140796E+00   0.2856187E+02   0.6859204E+00   0.2451029E+02   0.0000000E+00
   0.2000000E+01   0.1254456E+02   0.2970673E+00   0.4503027E+02   0.7029327E+00   0.2508912E+02   0.0000000E+00
   0.5000000E+01   0.1318560E+02   0.2763408E+00   0.2480577E+02   0.7236592E+00   0.2637120E+02   0.0000000E+00
   0.1000000E+01   0.1243998E+02   0.3552509E+00   0.5728241E+02   0.6447491E+00   0.2487995E+02   0.0000000E+00
   0.2000000E+01   0.1229039E+02   0.3452903E+00   0.4905398E+02   0.6547097E+00   0.2458078E+02   0.0000000E+00
   0.2000000E+01   0.1221234E+02   0.3365774E+00   0.7289520E+02   0.6634226E+00   0.2442468E+02   0.0000000E+00
   0.5000000E+01   0.1233861E+02   0.3491179E+00   0.9164422E+02   0.6508821E+00   0.2467722E+02   0.0000000E+00
   0.1000000E+01   0.1247283E+02   0.3570785E+00   0.9380920E+02   0.6429215E+00   0.2494567E+02   0.0000000E+00
   0.1000000E+01   0.1219622E+02   0.3330968E+00   0.6869053E+02   0.6669032E+00   0.2439244E+02   0.0000000E+00
   0.1000000E+01   0.1225119E+02   0.3150150E+00   0.7484366E+02   0.6849850E+00   0.2450237E+02   0.0000000E+00
   0.3000000E+01   0.1218785E+02   0.3284531E+00   0.8252774E+02   0.6715469E+00   0.2437569E+02   0.0000000E+00
   0.4000000E+01   0.1221215E+02   0.3199484E+00   0.5638273E+02   0.6800516E+00   0.2442430E+02   0.0000000E+00
   0.2000000E+01   0.1239067E+02   0.3046982E+00   0.6284265E+02   0.6953018E+00   0.2478135E+02   0.0000000E+00
   0.3000000E+01   0.1310003E+02   0.2790398E+00   0.4160987E+02   0.7209602E+00   0.2620005E+02   0.0000000E+00
   0.3000000E+01   0.1297757E+02   0.2823395E+00   0.4122393E+02   0.7176605E+00   0.2595514E+02   0.0000000E+00
   0.7000000E+01   0.1256371E+02   0.2958118E+00   0.2678177E+02   0.7041882E+00   0.2512742E+02   0.0000000E+00
   0.4000000E+01   0.1237480E+02   0.3514371E+00   0.5745622E+02   0.6485629E+00   0.2474960E+02   0.0000000E+00
   0.3000000E+01   0.1221140E+02   0.3201586E+00   0.8061872E+02   0.6798414E+00   0.2442281E+02   0.0000000E+00
   0.2000000E+01   0.1222980E+02   0.3174391E+00   0.6781228E+02   0.6825609E+00   0.2445960E+02   0.0000000E+00
   0.2000000E+01   0.1219053E+02   0.3255034E+00   0.8069833E+02   0.6744966E+00   0.2438106E+02   0.0000000E+00
   0.1000000E+01   0.1219237E+02   0.3247020E+00   0.8654367E+02   0.6752980E+00   0.2438474E+02   0.0000000E+00
   0.2000000E+01   0.1218874E+02   0.3264853E+00   0.5033034E+02   0.6735147E+00   0.2437749E+02   0.0000000E+00
   0.1000000E+01   0.1219082E+02   0.3309967E+00   0.4082887E+02   0.6690033E+00   0.2438165E+02   0.0000000E+00
   0.2000000E+01   0.1228316E+02   0.3446154E+00   0.4336197E+02   0.6553846E+00   0.2456631E+02   0.0000000E+00
   0.1000000E+01   0.1220420E+02   0.3344852E+00   0.2569499E+02   0.6655148E+00   0.2440841E+02   0.0000000E+00
   0.2000000E+01   0.1229499E+02   0.3109542E+00   0.4784229E+02   0.6890458E+00   0.2458999E+02   0.0000000E+00
   0.2000000E+01   0.1228521E+02   0.3445781E+00   0.3143806E+02   0.6554219E+00   0.2457041E+02   0.0000000E+00
   0.5000000E+01   0.1220671E+02   0.3352988E+00   0.3577530E+02   0.6647012E+00   0.2441342E+02   0.0000000E+00
   0.2000000E+01   0.1257907E+02   0.3619874E+00   0.4848459E+02   0.6380126E+00   0.2515815E+02   0.0000000E+00
   0.3000000E+01   0.1219208E+02   0.3243814E+00   0.3359249E+02   0.6756186E+00   0.2438416E+02   0.0000000E+00
   0.4000000E+01   0.1289839E+02   0.2848523E+00   0.8653169E+02   0.7151477E+00   0.2579677E+02   0.0000000E+00
   0.4000000E+01   0.1429000E+02   0.2546668E+00   0.3155551E+02   0.7453332E+00   0.2858000E+02   0.0000000E+00
   0.4000000E+01   0.1228308E+02   0.3120409E+00   0.6922960E+02   0.6879591E+00   0.2456615E+02   0.0000000E+00
   0.1000000E+01   0.1283394E+02   0.2867494E+00   0.6201146E+02   0.7132506E+00   0.2566788E+02   0.0000000E+00
   0.1000000E+01   0.1236625E+02   0.3058890E+00   0.3652807E+02   0.6941110E+00   0.2473249E+02   0.0000000E+00
   0.3000000E+01   0.1222655E+02   0.3176599E+00   0.4051888E+02   0.6823401E+00   0.2445310E+02   0.0000000E+00
   0.1000000E+01   0.1236342E+02   0.3507313E+00   0.6305928E+02   0.6492687E+00   0.2472683E+02   0.0000000E+00
   0.1000000E+01   0.1243794E+02   0.3552011E+00   0.7683967E+02   0.6447989E+00   0.2487588E+02   0.0000000E+00
   0.1000000E+01   0.1302148E+02   0.3781513E+00   0.7443652E+02   0.6218487E+00   0.2604296E+02   0.0000000E+00
   0.1000000E+01   0.1277538E+02   0.2886196E+00   0.6130230E+02   0.7113804E+00   0.2555075E+02   0.0000000E+00
   0.1000000E+01   0.1291065E+02   0.2844621E+00   0.7265633E+02   0.7155379E+00   0.2582130E+02   0.0000000E+00
   0.4000000E+01   0.1219226E+02   0.3317447E+00   0.6094316E+02   0.6682553E+00   0.2438453E+02   0.0000000E+00
   0.2000000E+01   0.1309871E+02   0.3802113E+00   0.3558783E+02   0.6197887E+00   0.2619742E+02   0.0000000E+00
   0.2000000E+01   0.1232573E+02   0.3480011E+00   0.4261084E+02   0.6519989E+00   0.2465147E+02   0.0000000E+00
   0.4000000E+01   0.1245412E+02   0.3011792E+00   0.4230584E+02   0.6988208E+00   0.2490823E+02   0.0000000E+00
   0.1000000E+01   0.1219673E+02   0.3231661E+00   0.5411882E+02   0.6768339E+00   0.2439346E+02   0.0000000E+00
   0.4000000E+01   0.1226276E+02   0.3426932E+00   0.4081211E+02   0.6573068E+00   0.2452553E+02   0.0000000E+00
   0.1000000E+01   0.1252775E+02   0.2977692E+00   0.4304636E+02   0.7022308E+00   0.2505549E+02   0.0000000E+00
   0.2000000E+01   0.1223677E+02   0.3163275E+00   0.3726523E+02   0.6836725E+00   0.2447354E+02   0.0000000E+00
   0.1000000E+01   0.1229609E+02   0.3458060E+00   0.5536972E+02   0.6541940E+00   0.2459218E+02   0.0000000E+00
   0.2000000E+01   0.1253615E+02   0.3600247E+00   0.4694774E+02   0.6399753E+00   0.2507229E+02   0.0000000E+00
   0.1000000E+01   0.1232390E+02   0.3089396E+00   0.7655139E+02   0.6910604E+00   0.2464781E+02   0.0000000E+00
   0.2000000E+01   0.1242360E+02   0.3029553E+00   0.8856069E+02   0.6970447E+00   0.2484721E+02   0.0000000E+00
   0.4000000E+01   0.1240449E+02   0.3039725E+00   0.8023434E+02   0.6960275E+00   0.2480898E+02   0.0000000E+00
   0.5000000E+01   0.1241265E+02   0.3035179E+00   0.7601041E+02   0.6964821E+00   0.2482530E+02   0.0000000E+00
   0.2000000E+01   0.1228187E+02   0.3443475E+00   0.3379318E+02   0.6556525E+00   0.2456373E+02   0.0000000E+00
   0.3000000E+01   0.1306430E+02   0.3792732E+00   0.4118983E+02   0.6207268E+00   0.2612860E+02   0.0000000E+00
   0.1000000E+01   0.1271468E+02   0.3675341E+00   0.4611345E+02   0.6324659E+00   0.2542937E+02   0.0000000E+00
   0.1000000E+01   0.1347749E+02   0.3907709E+00   0.6594460E+02   0.6092291E+00   0.2695499E+02   0.0000000E+00
   0.1000000E+01   0.1314296E+02   0.3816503E+00   0.4602195E+02   0.6183497E+00   0.2628592E+02   0.0000000E+00
   0.1000000E+01   0.1651017E+02   0.2255316E+00   0.6999138E+02   0.7744684E+00   0.3302034E+02   0.0000000E+00
   0.1000000E+01   0.1218856E+02   0.3268076E+00   0.7611148E+02   0.6731924E+00   0.2437712E+02   0.0000000E+00
   0.2000000E+01   0.1219685E+02   0.3328654E+00   0.2857801E+02   0.6671346E+00   0.2439370E+02   0.0000000E+00
   0.1000000E+01   0.1229816E+02   0.3459402E+00   0.4969221E+02   0.6540598E+00   0.2459632E+02   0.0000000E+00
   0.9000000E+01   0.1220783E+02   0.3358025E+00   0.9732043E+02   0.6641975E+00   0.2441566E+02   0.0000000E+00
   0.1000000E+01   0.1243360E+02   0.3024304E+00   0.8661737E+02   0.6975696E+00   0.2486720E+02   0.0000000E+00
   0.3000000E+01   0.1232102E+02   0.3091560E+00   0.8322644E+02   0.6908440E+00   0.2464204E+02   0.0000000E+00
   0.1000000E+01   0.1218978E+02   0.3259184E+00   0.8164855E+02   0.6740816E+00   0.2437956E+02   0.0000000E+00
   0.4000000E+01   0.1220222E+02   0.3345816E+00   0.5987191E+02   0.6654184E+00   0.2440444E+02   0.0000000E+00
   0.1000000E+01   0.1227171E+02   0.3432933E+00   0.2920120E+02   0.6567067E+00   0.2454341E+02   0.0000000E+00
   0.1200000E+02   0.1219203E+02   0.3312634E+00   0.2776661E+02   0.6687366E+00   0.2438406E+02   0.0000000E+00
   0.1000000E+01   0.1221364E+02   0.3196698E+00   0.5168452E+02   0.6803302E+00   0.2442729E+02   0.0000000E+00
   0.4000000E+01   0.1226652E+02   0.3134804E+00   0.6346732E+02   0.6865196E+00   0.2453304E+02   0.0000000E+00
   0.5000000E+01   0.1248020E+02   0.3000234E+00   0.5364993E+02   0.6999766E+00   0.2496039E+02   0.0000000E+00
   0.1000000E+01   0.1240150E+02   0.3040253E+00   0.5128180E+02   0.6959747E+00   0.2480300E+02   0.0000000E+00
   0.1000000E+01   0.1389028E+02   0.4004860E+00   0.6057199E+02   0.5995140E+00   0.2778055E+02   0.0000000E+00
   0.1000000E+01   0.1384631E+02   0.3995209E+00   0.6494570E+02   0.6004791E+00   0.2769263E+02   0.0000000E+00
   0.4000000E+01   0.1444387E+02   0.4119304E+00   0.5137205E+02   0.5880696E+00   0.2888773E+02   0.0000000E+00
   0.4000000E+01   0.1360088E+02   0.3938250E+00   0.6984939E+02   0.6061750E+00   0.2720175E+02   0.0000000E+00
   0.1000000E+01   0.1571125E+02   0.4342793E+00   0.6839990E+02   0.5657207E+00   0.3142249E+02   0.0000000E+00
   0.6000000E+01   0.1594686E+02   0.4380449E+00   0.9492736E+02   0.5619551E+00   0.3189372E+02   0.0000000E+00
   0.1000000E+01   0.1462335E+02   0.4154865E+00   0.8968906E+02   0.5845135E+00   0.2924670E+02   0.0000000E+00
   0.5000000E+01   0.1454987E+02   0.4140908E+00   0.8966821E+02   0.5859092E+00   0.2909974E+02   0.0000000E+00
   0.2000000E+01   0.1461076E+02   0.4152527E+00   0.9314231E+02   0.5847473E+00   0.2922152E+02   0.0000000E+00
   0.1000000E+01   0.1417116E+02   0.4065025E+00   0.6145651E+02   0.5934975E+00   0.2834233E+02   0.0000000E+00
   0.3000000E+01   0.1447969E+02   0.4126068E+00   0.4848588E+02   0.5873932E+00   0.2895937E+02   0.0000000E+00
   0.2000000E+01   0.1309128E+02   0.3802484E+00   0.6776419E+02   0.6197516E+00   0.2618256E+02   0.0000000E+00
   0.1000000E+01   0.1279640E+02   0.3707228E+00   0.9482596E+02   0.6292772E+00   0.2559281E+02   0.0000000E+00
   0.3000000E+01   0.1278677E+02   0.3703773E+00   0.9557755E+02   0.6296227E+00   0.2557354E+02   0.0000000E+00
   0.2000000E+01   0.1255953E+02   0.3612584E+00   0.9756908E+02   0.6387416E+00   0.2511905E+02   0.0000000E+00
   0.3000000E+01   0.1218898E+02   0.3298665E+00   0.3584153E+02   0.6701335E+00   0.2437795E+02   0.0000000E+00
   0.1000000E+01   0.1240809E+02   0.3036846E+00   0.5457447E+02   0.6963154E+00   0.2481617E+02   0.0000000E+00
   0.2000000E+01   0.1237836E+02   0.3053759E+00   0.5543616E+02   0.6946241E+00   0.2475672E+02   0.0000000E+00
   0.1000000E+01   0.1232501E+02   0.3480305E+00   0.5212923E+02   0.6519695E+00   0.2465002E+02   0.0000000E+00
   0.1000000E+01   0.1286481E+02   0.3728418E+00   0.3767086E+02   0.6271582E+00   0.2572961E+02   0.0000000E+00
   0.1000000E+01   0.1280604E+02   0.3707749E+00   0.3639001E+02   0.6292251E+00   0.2561207E+02   0.0000000E+00
   0.3000000E+01   0.1308669E+02   0.3796222E+00   0.2768930E+02   0.6203778E+00   0.2617338E+02   0.0000000E+00
   0.1000000E+01   0.1242832E+02   0.3543196E+00   0.3264014E+02   0.6456804E+00   0.2485664E+02   0.0000000E+00
   0.2000000E+01   0.1309933E+02   0.3801946E+00   0.3394793E+02   0.6198054E+00   0.2619867E+02   0.0000000E+00
   0.3000000E+01   0.1261977E+02   0.3636969E+00   0.4353465E+02   0.6363031E+00   0.2523954E+02   0.0000000E+00
   0.1100000E+02   0.1275881E+02   0.3686973E+00   0.2526970E+02   0.6313027E+00   0.2551762E+02   0.0000000E+00
   0.2000000E+01   0.1262695E+02   0.3635309E+00   0.2534063E+02   0.6364691E+00   0.2525389E+02   0.0000000E+00
   0.2000000E+01   0.1240527E+02   0.3531307E+00   0.3915858E+02   0.6468693E+00   0.2481053E+02   0.0000000E+00
   0.1000000E+01   0.1245397E+02   0.3559760E+00   0.5208014E+02   0.6440240E+00   0.2490795E+02   0.0000000E+00
   0.2000000E+01   0.1218778E+02   0.3281870E+00   0.5390749E+02   0.6718130E+00   0.2437557E+02   0.0000000E+00
   0.2000000E+01   0.1259748E+02   0.2948195E+00   0.3942792E+02   0.7051805E+00   0.2519495E+02   0.0000000E+00
   0.5000000E+01   0.1221908E+02   0.3189356E+00   0.7826806E+02   0.6810644E+00   0.2443816E+02   0.0000000E+00
   0.1000000E+01   0.1276705E+02   0.2885669E+00   0.3300141E+02   0.7114331E+00   0.2553410E+02   0.0000000E+00
   0.4000000E+01   0.1221597E+02   0.3363570E+00   0.2197564E+02   0.6636430E+00   0.2443193E+02   0.0000000E+00
   0.1000000E+01   0.1273244E+02   0.3679404E+00   0.3065311E+02   0.6320596E+00   0.2546488E+02   0.0000000E+00
   0.2000000E+01   0.1220149E+02   0.3344804E+00   0.8772243E+02   0.6655196E+00   0.2440298E+02   0.0000000E+00
   0.4000000E+01   0.1246357E+02   0.3008610E+00   0.6121506E+02   0.6991390E+00   0.2492714E+02   0.0000000E+00
   0.2000000E+01   0.1218883E+02   0.3265965E+00   0.9016613E+02   0.6734035E+00   0.2437767E+02   0.0000000E+00
   0.1000000E+01   0.1259802E+02   0.2949219E+00   0.5030294E+02   0.7050781E+00   0.2519605E+02   0.0000000E+00
   0.1000000E+01   0.1562327E+02   0.2359637E+00   0.6659648E+02   0.7640363E+00   0.3124653E+02   0.0000000E+00
   0.1000000E+01   0.1418591E+02   0.2568562E+00   0.8557494E+02   0.7431438E+00   0.2837183E+02   0.0000000E+00
   0.1000000E+01   0.1245015E+02   0.3015487E+00   0.6814182E+02   0.6984513E+00   0.2490029E+02   0.0000000E+00
   0.2000000E+01   0.1241998E+02   0.3028982E+00   0.3999162E+02   0.6971018E+00   0.2483995E+02   0.0000000E+00
   0.2000000E+01   0.1242941E+02   0.3024017E+00   0.4002462E+02   0.6975983E+00   0.2485883E+02   0.0000000E+00
   0.1000000E+01   0.1234573E+02   0.3071070E+00   0.3348007E+02   0.6928930E+00   0.2469145E+02   0.0000000E+00
   0.1000000E+01   0.1358403E+02   0.2671847E+00   0.2264811E+02   0.7328153E+00   0.2716807E+02   0.0000000E+00
   0.1000000E+01   0.1219047E+02   0.3252644E+00   0.4086642E+02   0.6747356E+00   0.2438094E+02   0.0000000E+00
   0.4000000E+01   0.1219674E+02   0.3329285E+00   0.3172848E+02   0.6670715E+00   0.2439348E+02   0.0000000E+00
   0.3000000E+01   0.1238463E+02   0.3050844E+00   0.7530691E+02   0.6949156E+00   0.2476926E+02   0.0000000E+00
   0.2000000E+01   0.1240631E+02   0.3038307E+00   0.6480530E+02   0.6961693E+00   0.2481262E+02   0.0000000E+00
   0.4000000E+01   0.1238436E+02   0.3050897E+00   0.7136153E+02   0.6949103E+00   0.2476873E+02   0.0000000E+00
   0.2000000E+01   0.1242057E+02   0.3030755E+00   0.6935503E+02   0.6969245E+00   0.2484115E+02   0.0000000E+00
   0.6000000E+01   0.1252246E+02   0.3594843E+00   0.6707940E+02   0.6405157E+00   0.2504493E+02   0.0000000E+00
   0.4000000E+01   0.1234371E+02   0.3494151E+00   0.6388884E+02   0.6505849E+00   0.2468742E+02   0.0000000E+00
   0.1000000E+01   0.1253463E+02   0.3597906E+00   0.3507070E+02   0.6402094E+00   0.2506927E+02   0.0000000E+00
   0.4000000E+01   0.1238050E+02   0.3047315E+00   0.2712012E+02   0.6952685E+00   0.2476101E+02   0.0000000E+00
   0.1000000E+01   0.1220072E+02   0.3222055E+00   0.6282984E+02   0.6777945E+00   0.2440144E+02   0.0000000E+00
   0.4000000E+01   0.1219228E+02   0.3247284E+00   0.8140936E+02   0.6752716E+00   0.2438455E+02   0.0000000E+00
   0.2000000E+01   0.1244222E+02   0.3019350E+00   0.6445585E+02   0.6980650E+00   0.2488444E+02   0.0000000E+00
   0.1000000E+01   0.1304547E+02   0.2805035E+00   0.4330065E+02   0.7194965E+00   0.2609094E+02   0.0000000E+00
   0.4000000E+01   0.1235186E+02   0.3067189E+00   0.3369609E+02   0.6932811E+00   0.2470371E+02   0.0000000E+00
   0.1000000E+01   0.1277684E+02   0.3698878E+00   0.5021133E+02   0.6301122E+00   0.2555369E+02   0.0000000E+00
   0.1000000E+01   0.1218838E+02   0.3294564E+00   0.5274614E+02   0.6705436E+00   0.2437677E+02   0.0000000E+00
   0.2000000E+01   0.1219285E+02   0.3235813E+00   0.2369540E+02   0.6764187E+00   0.2438569E+02   0.0000000E+00
   0.5000000E+01   0.1281124E+02   0.3712543E+00   0.9828396E+02   0.6287457E+00   0.2562247E+02   0.0000000E+00
   0.1000000E+01   0.1228946E+02   0.3115641E+00   0.9610844E+02   0.6884359E+00   0.2457891E+02   0.0000000E+00
   0.3000000E+01   0.1226368E+02   0.3137443E+00   0.6306647E+02   0.6862557E+00   0.2452736E+02   0.0000000E+00
   0.1000000E+01   0.1245976E+02   0.3563773E+00   0.7930958E+02   0.6436227E+00   0.2491951E+02   0.0000000E+00
   0.1000000E+01   0.1234012E+02   0.3492164E+00   0.8638645E+02   0.6507836E+00   0.2468023E+02   0.0000000E+00
   0.3000000E+01   0.1281854E+02   0.2873025E+00   0.9076675E+02   0.7126975E+00   0.2563709E+02   0.0000000E+00
   0.5000000E+01   0.1359247E+02   0.2679393E+00   0.9306784E+02   0.7320607E+00   0.2718494E+02   0.0000000E+00
   0.3000000E+01   0.1230467E+02   0.3103090E+00   0.6570349E+02   0.6896910E+00   0.2460933E+02   0.0000000E+00
   0.1000000E+01   0.1253779E+02   0.3602560E+00   0.9426037E+02   0.6397440E+00   0.2507557E+02   0.0000000E+00
   0.4000000E+01   0.1271150E+02   0.3675741E+00   0.9449071E+02   0.6324259E+00   0.2542299E+02   0.0000000E+00
   0.2000000E+01   0.1232489E+02   0.3081701E+00   0.2528011E+02   0.6918299E+00   0.2464977E+02   0.0000000E+00
   0.1000000E+01   0.1219056E+02   0.3309542E+00   0.5324993E+02   0.6690458E+00   0.2438112E+02   0.0000000E+00
   0.1000000E+01   0.1369587E+02   0.3957919E+00   0.3405059E+02   0.6042081E+00   0.2739174E+02   0.0000000E+00
   0.1000000E+01   0.1218799E+02   0.3289223E+00   0.4941085E+02   0.6710777E+00   0.2437598E+02   0.0000000E+00
   0.1000000E+01   0.1224793E+02   0.3413258E+00   0.6880955E+02   0.6586742E+00   0.2449586E+02   0.0000000E+00
   0.1000000E+01   0.1219501E+02   0.3327728E+00   0.9682840E+02   0.6672272E+00   0.2439001E+02   0.0000000E+00
   0.3000000E+01   0.1353861E+02   0.2690558E+00   0.8891839E+02   0.7309442E+00   0.2707723E+02   0.0000000E+00
   0.4000000E+01   0.1349785E+02   0.2698741E+00   0.6749405E+02   0.7301259E+00   0.2699570E+02   0.0000000E+00
   0.2000000E+01   0.1224619E+02   0.3155791E+00   0.9664938E+02   0.6844209E+00   0.2449238E+02   0.0000000E+00
   0.2000000E+01   0.1222657E+02   0.3387259E+00   0.6831860E+02   0.6612741E+00   0.2445315E+02   0.0000000E+00
   0.6000000E+01   0.1232407E+02   0.3082650E+00   0.2591863E+02   0.6917350E+00   0.2464815E+02   0.0000000E+00
   0.3000000E+01   0.1279056E+02   0.3704610E+00   0.6651957E+02   0.6295390E+00   0.2558112E+02   0.0000000E+00
   0.1000000E+01   0.1250939E+02   0.3588561E+00   0.6729448E+02   0.6411439E+00   0.2501878E+02   0.0000000E+00
   0.1000000E+01   0.1235782E+02   0.3503809E+00   0.6826324E+02   0.6496191E+00   0.2471563E+02   0.0000000E+00
   0.3000000E+01   0.1226246E+02   0.3427134E+00   0.4526497E+02   0.6572866E+00   0.2452491E+02   0.0000000E+00
   0.1000000E+01   0.1223119E+02   0.3171572E+00   0.4860255E+02   0.6828428E+00   0.2446238E+02   0.0000000E+00
   0.1000000E+01   0.1219203E+02   0.3247935E+00   0.6887313E+02   0.6752065E+00   0.2438406E+02   0.0000000E+00
   0.1000000E+01   0.1221015E+02   0.3203273E+00   0.6379865E+02   0.6796727E+00   0.2442030E+02   0.0000000E+00
   0.1000000E+01   0.1252699E+02   0.3596267E+00   0.5118273E+02   0.6403733E+00   0.2505398E+02   0.0000000E+00
   0.2000000E+01   0.1246540E+02   0.3566421E+00   0.6641432E+02   0.6433579E+00   0.2493080E+02   0.0000000E+00
   0.3000000E+01   0.1220633E+02   0.3354675E+00   0.6869880E+02   0.6645325E+00   0.2441265E+02   0.0000000E+00
   0.1000000E+01   0.1327771E+02   0.3855039E+00   0.5633496E+02   0.6144961E+00   0.2655542E+02   0.0000000E+00
   0.1000000E+01   0.1303425E+02   0.3783329E+00   0.3927218E+02   0.6216671E+00   0.2606849E+02   0.0000000E+00
   0.6000000E+01   0.1227844E+02   0.3123304E+00   0.4897400E+02   0.6876696E+00   0.2455688E+02   0.0000000E+00
   0.4000000E+01   0.1219346E+02   0.3319895E+00   0.3557438E+02   0.6680105E+00   0.2438692E+02   0.0000000E+00
   0.2000000E+01   0.1219377E+02   0.3241544E+00   0.7083693E+02   0.6758456E+00   0.2438753E+02   0.0000000E+00
   0.2000000E+01   0.1223542E+02   0.3165680E+00   0.4218622E+02   0.6834320E+00   0.2447085E+02   0.0000000E+00
   0.4000000E+01   0.1250349E+02   0.2989860E+00   0.6133423E+02   0.7010140E+00   0.2500698E+02   0.0000000E+00
   0.2000000E+01   0.1485900E+02   0.2463058E+00   0.8142076E+02   0.7536942E+00   0.2971801E+02   0.0000000E+00
   0.1000000E+01   0.1327217E+02   0.2749403E+00   0.6422564E+02   0.7250597E+00   0.2654433E+02   0.0000000E+00
   0.2000000E+01   0.1219579E+02   0.3329105E+00   0.5272169E+02   0.6670895E+00   0.2439158E+02   0.0000000E+00
   0.3000000E+01   0.1238080E+02   0.3517748E+00   0.5084365E+02   0.6482252E+00   0.2476160E+02   0.0000000E+00
   0.4000000E+01   0.1240479E+02   0.3532156E+00   0.4975145E+02   0.6467844E+00   0.2480959E+02   0.0000000E+00
   0.4000000E+01   0.1324858E+02   0.3846061E+00   0.4318637E+02   0.6153939E+00   0.2649716E+02   0.0000000E+00
   0.1000000E+01   0.1375740E+02   0.3972086E+00   0.3349480E+02   0.6027914E+00   0.2751481E+02   0.0000000E+00
   0.1000000E+01   0.1278663E+02   0.3695791E+00   0.2318100E+02   0.6304209E+00   0.2557326E+02   0.0000000E+00
   0.2000000E+01   0.1247327E+02   0.3568059E+00   0.3618998E+02   0.6431941E+00   0.2494655E+02   0.0000000E+00
   0.3000000E+01   0.1249667E+02   0.3582743E+00   0.8819067E+02   0.6417257E+00   0.2499333E+02   0.0000000E+00
   0.1000000E+01   0.1291705E+02   0.3748522E+00   0.9000385E+02   0.6251478E+00   0.2583410E+02   0.0000000E+00
   0.2000000E+01   0.1308519E+02   0.3800741E+00   0.7033203E+02   0.6199259E+00   0.2617037E+02   0.0000000E+00
   0.3000000E+01   0.1219775E+02   0.3334642E+00   0.5268691E+02   0.6665358E+00   0.2439551E+02   0.0000000E+00
   0.2000000E+01   0.1347666E+02   0.2702463E+00   0.5099804E+02   0.7297537E+00   0.2695333E+02   0.0000000E+00
   0.1000000E+01   0.1427162E+02   0.4085846E+00   0.6994971E+02   0.5914154E+00   0.2854324E+02   0.0000000E+00
   0.9000000E+01   0.1387756E+02   0.4002755E+00   0.9500003E+02   0.5997245E+00   0.2775512E+02   0.0000000E+00
   0.1000000E+01   0.1385215E+02   0.3997091E+00   0.9608468E+02   0.6002909E+00   0.2770430E+02   0.0000000E+00
   0.1000000E+01   0.1221257E+02   0.3366346E+00   0.8301660E+02   0.6633654E+00   0.2442513E+02   0.0000000E+00
   0.1000000E+01   0.1252443E+02   0.3596226E+00   0.9003867E+02   0.6403774E+00   0.2504885E+02   0.0000000E+00
   0.2000000E+01   0.1254368E+02   0.3605235E+00   0.8889907E+02   0.6394765E+00   0.2508736E+02   0.0000000E+00
   0.2000000E+01   0.1220277E+02   0.3347773E+00   0.9964899E+02   0.6652227E+00   0.2440553E+02   0.0000000E+00
   0.4000000E+01   0.1296728E+02   0.3764800E+00   0.9213349E+02   0.6235200E+00   0.2593456E+02   0.0000000E+00
   0.1000000E+01   0.1331305E+02   0.3865555E+00   0.9951053E+02   0.6134445E+00   0.2662611E+02   0.0000000E+00
   0.2000000E+01   0.1219058E+02   0.3254916E+00   0.8681014E+02   0.6745084E+00   0.2438116E+02   0.0000000E+00
   0.3000000E+01   0.1244454E+02   0.3018463E+00   0.7378145E+02   0.6981537E+00   0.2488907E+02   0.0000000E+00
   0.5000000E+01   0.1236920E+02   0.3060241E+00   0.9042607E+02   0.6939759E+00   0.2473841E+02   0.0000000E+00
   0.1000000E+01   0.1219310E+02   0.3320461E+00   0.5622894E+02   0.6679539E+00   0.2438620E+02   0.0000000E+00
   0.1000000E+01   0.1229986E+02   0.3105910E+00   0.4990715E+02   0.6894090E+00   0.2459973E+02   0.0000000E+00
   0.3000000E+01   0.1278849E+02   0.3695669E+00   0.2216409E+02   0.6304331E+00   0.2557697E+02   0.0000000E+00
   0.1000000E+01   0.1270044E+02   0.3667644E+00   0.3235735E+02   0.6332356E+00   0.2540087E+02   0.0000000E+00
   0.4000000E+01   0.1218840E+02   0.3295087E+00   0.7480190E+02   0.6704913E+00   0.2437679E+02   0.0000000E+00
   0.2000000E+01   0.1222196E+02   0.3184887E+00   0.6705900E+02   0.6815113E+00   0.2444392E+02   0.0000000E+00
   0.2000000E+01   0.1406599E+02   0.4043435E+00   0.7781367E+02   0.5956565E+00   0.2813198E+02   0.0000000E+00
   0.2000000E+01   0.1431219E+02   0.4093863E+00   0.6458508E+02   0.5906137E+00   0.2862438E+02   0.0000000E+00
   0.1000000E+01   0.1443042E+02   0.4117610E+00   0.7742030E+02   0.5882390E+00   0.2886083E+02   0.0000000E+00
   0.1000000E+01   0.1240558E+02   0.3039182E+00   0.8338240E+02   0.6960818E+00   0.2481116E+02   0.0000000E+00
   0.1000000E+01   0.1278648E+02   0.3703502E+00   0.8259394E+02   0.6296498E+00   0.2557297E+02   0.0000000E+00
   0.1000000E+01   0.1280803E+02   0.3711364E+00   0.9398961E+02   0.6288636E+00   0.2561606E+02   0.0000000E+00
   0.1000000E+01   0.1223222E+02   0.3171811E+00   0.8913015E+02   0.6828189E+00   0.2446445E+02   0.0000000E+00
   0.1000000E+01   0.1219562E+02   0.3235106E+00   0.5823899E+02   0.6764894E+00   0.2439124E+02   0.0000000E+00
   0.4000000E+01   0.1232174E+02   0.3090701E+00   0.6829511E+02   0.6909299E+00   0.2464347E+02   0.0000000E+00
   0.1000000E+01   0.1246679E+02   0.3567470E+00   0.8031507E+02   0.6432530E+00   0.2493358E+02   0.0000000E+00
   0.1000000E+01   0.1259613E+02   0.3628362E+00   0.7086891E+02   0.6371638E+00   0.2519226E+02   0.0000000E+00
   0.3000000E+01   0.1248202E+02   0.3575411E+00   0.8835680E+02   0.6424589E+00   0.2496405E+02   0.0000000E+00
   0.2000000E+01   0.1251700E+02   0.2983101E+00   0.4972608E+02   0.7016899E+00   0.2503400E+02   0.0000000E+00
   0.3000000E+01   0.1300109E+02   0.2807797E+00   0.2046097E+02   0.7192203E+00   0.2600218E+02   0.0000000E+00
   0.1000000E+01   0.1222920E+02   0.3170872E+00   0.3082867E+02   0.6829128E+00   0.2445839E+02   0.0000000E+00
   0.3000000E+01   0.1249849E+02   0.2991839E+00   0.5539127E+02   0.7008161E+00   0.2499697E+02   0.0000000E+00
   0.1000000E+01   0.1254885E+02   0.3607501E+00   0.8110007E+02   0.6392499E+00   0.2509770E+02   0.0000000E+00
   0.6000000E+01   0.1231179E+02   0.3471513E+00   0.9350480E+02   0.6528487E+00   0.2462357E+02   0.0000000E+00
   0.5000000E+01   0.1287495E+02   0.2854347E+00   0.5192040E+02   0.7145653E+00   0.2574991E+02   0.0000000E+00
   0.1000000E+01   0.1260508E+02   0.2947293E+00   0.6677262E+02   0.7052707E+00   0.2521016E+02   0.0000000E+00
   0.2000000E+01   0.1596337E+02   0.2318327E+00   0.8041179E+02   0.7681673E+00   0.3192674E+02   0.0000000E+00
   0.1000000E+01   0.1450763E+02   0.2516096E+00   0.8796683E+02   0.7483904E+00   0.2901526E+02   0.0000000E+00
   0.5000000E+01   0.1256580E+02   0.2963729E+00   0.9995874E+02   0.7036271E+00   0.2513161E+02   0.0000000E+00
   0.5000000E+01   0.1256471E+02   0.2964006E+00   0.8614937E+02   0.7035994E+00   0.2512943E+02   0.0000000E+00
   0.3000000E+01   0.1240670E+02   0.3534571E+00   0.9202099E+02   0.6465429E+00   0.2481341E+02   0.0000000E+00
   0.3000000E+01   0.1223836E+02   0.3164322E+00   0.8142067E+02   0.6835678E+00   0.2447673E+02   0.0000000E+00
   0.2000000E+01   0.1318383E+02   0.2770265E+00   0.5334961E+02   0.7229735E+00   0.2636765E+02   0.0000000E+00
   0.4000000E+01   0.1396770E+02   0.2606771E+00   0.7996776E+02   0.7393229E+00   0.2793540E+02   0.0000000E+00
   0.1000000E+01   0.1256374E+02   0.2962826E+00   0.4708620E+02   0.7037174E+00   0.2512748E+02   0.0000000E+00
   0.1000000E+01   0.1222942E+02   0.3390972E+00   0.6475966E+02   0.6609028E+00   0.2445885E+02   0.0000000E+00
   0.3000000E+01   0.1240334E+02   0.3040620E+00   0.9834476E+02   0.6959380E+00   0.2480668E+02   0.0000000E+00
   0.3000000E+01   0.1295301E+02   0.3759255E+00   0.5464939E+02   0.6240745E+00   0.2590602E+02   0.0000000E+00
   0.3000000E+01   0.1234115E+02   0.3077637E+00   0.7452647E+02   0.6922363E+00   0.2468230E+02   0.0000000E+00
   0.1000000E+01   0.1219538E+02   0.3234164E+00   0.4102072E+02   0.6765836E+00   0.2439077E+02   0.0000000E+00
   0.2000000E+01   0.1228850E+02   0.3110845E+00   0.2870700E+02   0.6889155E+00   0.2457700E+02   0.0000000E+00
   0.1000000E+01   0.1233813E+02   0.3489070E+00   0.4422112E+02   0.6510930E+00   0.2467627E+02   0.0000000E+00
   0.2000000E+01   0.1224687E+02   0.3154703E+00   0.7530937E+02   0.6845297E+00   0.2449375E+02   0.0000000E+00
   0.1000000E+01   0.1297810E+02   0.3767750E+00   0.6659504E+02   0.6232250E+00   0.2595620E+02   0.0000000E+00
   0.2000000E+01   0.1221235E+02   0.3363907E+00   0.3999380E+02   0.6636093E+00   0.2442471E+02   0.0000000E+00
   0.1000000E+01   0.1219125E+02   0.3251071E+00   0.6448188E+02   0.6748929E+00   0.2438251E+02   0.0000000E+00
   0.2000000E+01   0.1263646E+02   0.3645457E+00   0.7189980E+02   0.6354543E+00   0.2527292E+02   0.0000000E+00
   0.1000000E+01   0.1440825E+02   0.4112629E+00   0.5679847E+02   0.5887371E+00   0.2881649E+02   0.0000000E+00
   0.3000000E+01   0.1449849E+02   0.4130914E+00   0.8117411E+02   0.5869086E+00   0.2899699E+02   0.0000000E+00
   0.1000000E+01   0.1333239E+02   0.3870436E+00   0.7781416E+02   0.6129564E+00   0.2666478E+02   0.0000000E+00
   0.1000000E+01   0.1226343E+02   0.3429694E+00   0.8779352E+02   0.6570306E+00   0.2452685E+02   0.0000000E+00
   0.2000000E+01   0.1221986E+02   0.3187028E+00   0.5051573E+02   0.6812972E+00   0.2443972E+02   0.0000000E+00
   0.1000000E+01   0.1221175E+02   0.3200720E+00   0.6932260E+02   0.6799280E+00   0.2442349E+02   0.0000000E+00
   0.1000000E+01   0.1250959E+02   0.3586129E+00   0.3586072E+02   0.6413871E+00   0.2501917E+02   0.0000000E+00
   0.2000000E+01   0.1219061E+02   0.3304604E+00   0.2354725E+02   0.6695396E+00   0.2438121E+02   0.0000000E+00
   0.2000000E+01   0.1272387E+02   0.2904007E+00   0.7774000E+02   0.7095993E+00   0.2544773E+02   0.0000000E+00
   0.1000000E+01   0.1246972E+02   0.3005360E+00   0.5576003E+02   0.6994640E+00   0.2493943E+02   0.0000000E+00
   0.2000000E+01   0.1238213E+02   0.3052072E+00   0.6731794E+02   0.6947928E+00   0.2476427E+02   0.0000000E+00
   0.1000000E+01   0.1221389E+02   0.3368130E+00   0.6372406E+02   0.6631870E+00   0.2442778E+02   0.0000000E+00
   0.6000000E+01   0.1226752E+02   0.3433579E+00   0.8225782E+02   0.6566421E+00   0.2453504E+02   0.0000000E+00
   0.1000000E+01   0.1245171E+02   0.3013202E+00   0.4400781E+02   0.6986798E+00   0.2490341E+02   0.0000000E+00
   0.2000000E+01   0.1310073E+02   0.2790445E+00   0.4336542E+02   0.7209555E+00   0.2620146E+02   0.0000000E+00
   0.3000000E+01   0.1479625E+02   0.2471035E+00   0.5126210E+02   0.7528965E+00   0.2959250E+02   0.0000000E+00
   0.2000000E+01   0.1308708E+02   0.2794062E+00   0.4382326E+02   0.7205938E+00   0.2617416E+02   0.0000000E+00
   0.1000000E+01   0.1293906E+02   0.2834047E+00   0.3927725E+02   0.7165953E+00   0.2587811E+02   0.0000000E+00
   0.1000000E+01   0.1228981E+02   0.3114952E+00   0.7296985E+02   0.6885048E+00   0.2457962E+02   0.0000000E+00
   0.1000000E+01   0.1219204E+02   0.3247889E+00   0.6903215E+02   0.6752111E+00   0.2438408E+02   0.0000000E+00
   0.2000000E+01   0.1291314E+02   0.3745564E+00   0.4502147E+02   0.6254436E+00   0.2582628E+02   0.0000000E+00
   0.1000000E+01   0.1252670E+02   0.3592719E+00   0.2970919E+02   0.6407281E+00   0.2505340E+02   0.0000000E+00
   0.1000000E+01   0.1291101E+02   0.3739518E+00   0.2443309E+02   0.6260482E+00   0.2582201E+02   0.0000000E+00
   0.3000000E+01   0.1365965E+02   0.2665373E+00   0.7378557E+02   0.7334627E+00   0.2731929E+02   0.0000000E+00
   0.2000000E+01   0.1219444E+02   0.3239782E+00   0.9297758E+02   0.6760218E+00   0.2438888E+02   0.0000000E+00
   0.1500000E+02   0.1219895E+02   0.3337596E+00   0.5038115E+02   0.6662404E+00   0.2439789E+02   0.0000000E+00
   0.3000000E+01   0.1223211E+02   0.3171359E+00   0.6445798E+02   0.6828641E+00   0.2446423E+02   0.0000000E+00
   0.1000000E+01   0.1236909E+02   0.3060154E+00   0.8070500E+02   0.6939846E+00   0.2473818E+02   0.0000000E+00
   0.1000000E+01   0.1318648E+02   0.2770461E+00   0.7414917E+02   0.7229539E+00   0.2637296E+02   0.0000000E+00
   0.5000000E+01   0.1292777E+02   0.2839261E+00   0.6198886E+02   0.7160739E+00   0.2585554E+02   0.0000000E+00
   0.3000000E+01   0.1222836E+02   0.3387176E+00   0.3585151E+02   0.6612824E+00   0.2445671E+02   0.0000000E+00
   0.1000000E+01   0.1299331E+02   0.3771900E+00   0.5211857E+02   0.6228100E+00   0.2598662E+02   0.0000000E+00
   0.3000000E+01   0.1373691E+02   0.2646495E+00   0.3360037E+02   0.7353505E+00   0.2747382E+02   0.0000000E+00
   0.1000000E+01   0.1222076E+02   0.3185848E+00   0.5213571E+02   0.6814152E+00   0.2444152E+02   0.0000000E+00
   0.1000000E+01   0.1254696E+02   0.3606442E+00   0.7183265E+02   0.6393558E+00   0.2509392E+02   0.0000000E+00
   0.1000000E+01   0.1283863E+02   0.3721452E+00   0.6251271E+02   0.6278548E+00   0.2567725E+02   0.0000000E+00
   0.1000000E+01   0.1354797E+02   0.3925535E+00   0.7775349E+02   0.6074465E+00   0.2709593E+02   0.0000000E+00
   0.1000000E+01   0.1439790E+02   0.4111023E+00   0.6857963E+02   0.5888977E+00   0.2879581E+02   0.0000000E+00
   0.2000000E+01   0.1222918E+02   0.3390059E+00   0.5188278E+02   0.6609941E+00   0.2445835E+02   0.0000000E+00
   0.2000000E+01   0.1223532E+02   0.3167552E+00   0.6715950E+02   0.6832448E+00   0.2447063E+02   0.0000000E+00
   0.1000000E+01   0.1259762E+02   0.3628728E+00   0.6195790E+02   0.6371272E+00   0.2519524E+02   0.0000000E+00
   0.3000000E+01   0.1262057E+02   0.3638619E+00   0.6481832E+02   0.6361381E+00   0.2524113E+02   0.0000000E+00
   0.1000000E+01   0.1308969E+02   0.3801964E+00   0.6621944E+02   0.6198036E+00   0.2617937E+02   0.0000000E+00
   0.8000000E+01   0.1302074E+02   0.3781346E+00   0.7739137E+02   0.6218654E+00   0.2604148E+02   0.0000000E+00
   0.2000000E+01   0.1260464E+02   0.3632329E+00   0.8679595E+02   0.6367671E+00   0.2520927E+02   0.0000000E+00
   0.1000000E+01   0.1242885E+02   0.3024875E+00   0.4421044E+02   0.6975125E+00   0.2485770E+02   0.0000000E+00
   0.1000000E+01   0.1252041E+02   0.2980320E+00   0.3896571E+02   0.7019680E+00   0.2504081E+02   0.0000000E+00
   0.4000000E+01   0.1224423E+02   0.3403518E+00   0.2606812E+02   0.6596482E+00   0.2448845E+02   0.0000000E+00
   0.1000000E+01   0.1250611E+02   0.2979049E+00   0.2137298E+02   0.7020951E+00   0.2501222E+02   0.0000000E+00
   0.1000000E+01   0.1270807E+02   0.2905966E+00   0.3393731E+02   0.7094034E+00   0.2541614E+02   0.0000000E+00
   0.2000000E+01   0.1272538E+02   0.3679867E+00   0.5184541E+02   0.6320133E+00   0.2545075E+02   0.0000000E+00
   0.1000000E+01   0.1219279E+02   0.3245082E+00   0.7232727E+02   0.6754918E+00   0.2438558E+02   0.0000000E+00
   0.3000000E+01   0.1228249E+02   0.3120844E+00   0.6731931E+02   0.6879156E+00   0.2456498E+02   0.0000000E+00
   0.1000000E+01   0.1221103E+02   0.3363174E+00   0.6125828E+02   0.6636826E+00   0.2442207E+02   0.0000000E+00
   0.1000000E+01   0.1222658E+02   0.3386650E+00   0.5304071E+02   0.6613350E+00   0.2445317E+02   0.0000000E+00
   0.1000000E+01   0.1280111E+02   0.3708019E+00   0.5698981E+02   0.6291981E+00   0.2560222E+02   0.0000000E+00
   0.3000000E+01   0.1271135E+02   0.3672927E+00   0.3726717E+02   0.6327073E+00   0.2542269E+02   0.0000000E+00
   0.6000000E+01   0.1285518E+02   0.3724481E+00   0.3434572E+02   0.6275519E+00   0.2571036E+02   0.0000000E+00
   0.2000000E+01   0.1249622E+02   0.2992053E+00   0.4514760E+02   0.7007947E+00   0.2499245E+02   0.0000000E+00
   0.1000000E+01   0.1482891E+02   0.4191603E+00   0.4830679E+02   0.5808397E+00   0.2965782E+02   0.0000000E+00
   0.1000000E+01   0.1228050E+02   0.3443349E+00   0.3965972E+02   0.6556651E+00   0.2456101E+02   0.0000000E+00
   0.8000000E+01   0.1219988E+02   0.3340864E+00   0.7821419E+02   0.6659136E+00   0.2439976E+02   0.0000000E+00
   0.2000000E+01   0.1231401E+02   0.3472748E+00   0.6770309E+02   0.6527252E+00   0.2462801E+02   0.0000000E+00
   0.1000000E+01   0.1218790E+02   0.3277758E+00   0.7372420E+02   0.6722242E+00   0.2437580E+02   0.0000000E+00
   0.1000000E+01   0.1252334E+02   0.3595754E+00   0.9369527E+02   0.6404246E+00   0.2504669E+02   0.0000000E+00
   0.4000000E+01   0.1237267E+02   0.3513933E+00   0.9853849E+02   0.6486067E+00   0.2474535E+02   0.0000000E+00
   0.5000000E+01   0.1218786E+02   0.3284993E+00   0.9207448E+02   0.6715007E+00   0.2437572E+02   0.0000000E+00
   0.2000000E+01   0.1239771E+02   0.3528980E+00   0.7462978E+02   0.6471020E+00   0.2479541E+02   0.0000000E+00
   0.2000000E+01   0.1258760E+02   0.3621826E+00   0.3490623E+02   0.6378174E+00   0.2517519E+02   0.0000000E+00
   0.2000000E+01   0.1276991E+02   0.3693798E+00   0.3227724E+02   0.6306202E+00   0.2553982E+02   0.0000000E+00
   0.2000000E+01   0.1232048E+02   0.3477752E+00   0.7226159E+02   0.6522248E+00   0.2464095E+02   0.0000000E+00
   0.3000000E+01   0.1220646E+02   0.3210325E+00   0.7186848E+02   0.6789675E+00   0.2441291E+02   0.0000000E+00
   0.4000000E+01   0.1238636E+02   0.3047302E+00   0.3825525E+02   0.6952698E+00   0.2477272E+02   0.0000000E+00
   0.5000000E+01   0.1269329E+02   0.3668531E+00   0.8307871E+02   0.6331469E+00   0.2538657E+02   0.0000000E+00
   0.1000000E+01   0.1283050E+02   0.3718884E+00   0.7096927E+02   0.6281116E+00   0.2566100E+02   0.0000000E+00
   0.2000000E+01   0.1218790E+02   0.3287156E+00   0.6349569E+02   0.6712844E+00   0.2437580E+02   0.0000000E+00
   0.3000000E+01   0.1221494E+02   0.3194687E+00   0.5276352E+02   0.6805313E+00   0.2442988E+02   0.0000000E+00
   0.1000000E+01   0.1218925E+02   0.3301778E+00   0.5048583E+02   0.6698222E+00   0.2437850E+02   0.0000000E+00
   0.4000000E+01   0.1223570E+02   0.3399012E+00   0.6677314E+02   0.6600988E+00   0.2447140E+02   0.0000000E+00
   0.2000000E+01   0.1225345E+02   0.3418723E+00   0.5608525E+02   0.6581277E+00   0.2450691E+02   0.0000000E+00
   0.2000000E+01   0.1222005E+02   0.3376912E+00   0.4705453E+02   0.6623088E+00   0.2444009E+02   0.0000000E+00
   0.1000000E+01   0.1218860E+02   0.3296452E+00   0.4566399E+02   0.6703548E+00   0.2437720E+02   0.0000000E+00
   0.1000000E+01   0.1219184E+02   0.3314895E+00   0.4538835E+02   0.6685105E+00   0.2438367E+02   0.0000000E+00
   0.1000000E+01   0.1222017E+02   0.3377859E+00   0.5992079E+02   0.6622141E+00   0.2444035E+02   0.0000000E+00
   0.5000000E+01   0.1224376E+02   0.3407870E+00   0.5169996E+02   0.6592130E+00   0.2448752E+02   0.0000000E+00
   0.3000000E+01   0.1221104E+02   0.3193861E+00   0.2391912E+02   0.6806139E+00   0.2442208E+02   0.0000000E+00
   0.1000000E+01   0.1244687E+02   0.3554520E+00   0.3818490E+02   0.6445480E+00   0.2489375E+02   0.0000000E+00
   0.3000000E+01   0.1250733E+02   0.2988884E+00   0.9389979E+02   0.7011116E+00   0.2501467E+02   0.0000000E+00
   0.3000000E+01   0.1246716E+02   0.3007697E+00   0.9923266E+02   0.6992303E+00   0.2493431E+02   0.0000000E+00
   0.1000000E+01   0.1227438E+02   0.3439753E+00   0.6978977E+02   0.6560247E+00   0.2454876E+02   0.0000000E+00
   0.3000000E+01   0.1233929E+02   0.3491739E+00   0.9955987E+02   0.6508261E+00   0.2467859E+02   0.0000000E+00
   0.2000000E+01   0.1221626E+02   0.3193479E+00   0.7186957E+02   0.6806521E+00   0.2443252E+02   0.0000000E+00
   0.1000000E+02   0.1221742E+02   0.3374365E+00   0.9165251E+02   0.6625635E+00   0.2443485E+02   0.0000000E+00
   0.1000000E+01   0.1228490E+02   0.3118966E+00   0.7218873E+02   0.6881034E+00   0.2456981E+02   0.0000000E+00
   0.2000000E+01   0.1290080E+02   0.2847540E+00   0.7310848E+02   0.7152460E+00   0.2580159E+02   0.0000000E+00
   0.4000000E+01   0.1282571E+02   0.2869659E+00   0.5407489E+02   0.7130341E+00   0.2565143E+02   0.0000000E+00
   0.5000000E+01   0.1265729E+02   0.2925812E+00   0.4275356E+02   0.7074188E+00   0.2531459E+02   0.0000000E+00
   0.1000000E+01   0.1232475E+02   0.3480861E+00   0.7020963E+02   0.6519139E+00   0.2464950E+02   0.0000000E+00
   0.3000000E+01   0.1296692E+02   0.3764257E+00   0.6852763E+02   0.6235743E+00   0.2593384E+02   0.0000000E+00
   0.1000000E+01   0.1313126E+02   0.3814191E+00   0.6586683E+02   0.6185809E+00   0.2626251E+02   0.0000000E+00
   0.1000000E+01   0.1424195E+02   0.4079570E+00   0.6184537E+02   0.5920430E+00   0.2848390E+02   0.0000000E+00
   0.2000000E+01   0.1435757E+02   0.4103004E+00   0.6718739E+02   0.5896996E+00   0.2871515E+02   0.0000000E+00
   0.2000000E+01   0.1447126E+02   0.4125326E+00   0.6698369E+02   0.5874674E+00   0.2894252E+02   0.0000000E+00
   0.2000000E+01   0.1398246E+02   0.4025737E+00   0.9129252E+02   0.5974263E+00   0.2796492E+02   0.0000000E+00
   0.5000000E+01   0.1380161E+02   0.3985587E+00   0.8746942E+02   0.6014413E+00   0.2760322E+02   0.0000000E+00
   0.1000000E+01   0.1332210E+02   0.3867158E+00   0.5940195E+02   0.6132842E+00   0.2664419E+02   0.0000000E+00
   0.6000000E+01   0.1467792E+02   0.2489767E+00   0.7890440E+02   0.7510233E+00   0.2935584E+02   0.0000000E+00
   0.1000000E+01   0.1346076E+02   0.2706919E+00   0.7357234E+02   0.7293081E+00   0.2692153E+02   0.0000000E+00
   0.2000000E+01   0.1412757E+02   0.2578133E+00   0.6705471E+02   0.7421867E+00   0.2825514E+02   0.0000000E+00
   0.3000000E+01   0.1514010E+02   0.2421667E+00   0.4486481E+02   0.7578333E+00   0.3028020E+02   0.0000000E+00
   0.1000000E+01   0.1222635E+02   0.3174500E+00   0.3060036E+02   0.6825500E+00   0.2445271E+02   0.0000000E+00
   0.4000000E+01   0.1239424E+02   0.3044894E+00   0.6134097E+02   0.6955106E+00   0.2478848E+02   0.0000000E+00
   0.2000000E+01   0.1220948E+02   0.3204592E+00   0.6731115E+02   0.6795408E+00   0.2441896E+02   0.0000000E+00
   0.5000000E+01   0.1227386E+02   0.3439313E+00   0.7147137E+02   0.6560687E+00   0.2454771E+02   0.0000000E+00
   0.1000000E+02   0.1249788E+02   0.3583451E+00   0.9769419E+02   0.6416549E+00   0.2499576E+02   0.0000000E+00
   0.1000000E+01   0.1226421E+02   0.3137660E+00   0.9486348E+02   0.6862340E+00   0.2452841E+02   0.0000000E+00
   0.1000000E+01   0.1227685E+02   0.3125845E+00   0.7330995E+02   0.6874155E+00   0.2455371E+02   0.0000000E+00
   0.1000000E+01   0.1254556E+02   0.3605830E+00   0.7320795E+02   0.6394170E+00   0.2509112E+02   0.0000000E+00
   0.2000000E+01   0.1258724E+02   0.3624552E+00   0.7330393E+02   0.6375448E+00   0.2517448E+02   0.0000000E+00
   0.3000000E+01   0.1222511E+02   0.3180821E+00   0.7798007E+02   0.6819179E+00   0.2445022E+02   0.0000000E+00
   0.2000000E+01   0.1264326E+02   0.3648547E+00   0.8762327E+02   0.6351453E+00   0.2528651E+02   0.0000000E+00
   0.3000000E+01   0.1240352E+02   0.3531384E+00   0.4944231E+02   0.6468616E+00   0.2480704E+02   0.0000000E+00
   0.1000000E+01   0.1239267E+02   0.3524181E+00   0.4187057E+02   0.6475819E+00   0.2478533E+02   0.0000000E+00
   0.2000000E+01   0.1228635E+02   0.3115947E+00   0.4257872E+02   0.6884053E+00   0.2457271E+02   0.0000000E+00
   0.1000000E+01   0.1304215E+02   0.3788042E+00   0.8466414E+02   0.6211958E+00   0.2608430E+02   0.0000000E+00
   0.1000000E+01   0.1329933E+02   0.3861541E+00   0.7612590E+02   0.6138459E+00   0.2659866E+02   0.0000000E+00
   0.1000000E+01   0.1221669E+02   0.3372504E+00   0.5961747E+02   0.6627496E+00   0.2443338E+02   0.0000000E+00
   0.1000000E+01   0.1221269E+02   0.3198646E+00   0.5772892E+02   0.6801354E+00   0.2442539E+02   0.0000000E+00
   0.1000000E+01   0.1231075E+02   0.3099194E+00   0.9911071E+02   0.6900806E+00   0.2462151E+02   0.0000000E+00
   0.1000000E+01   0.1218930E+02   0.3262514E+00   0.9549554E+02   0.6737486E+00   0.2437860E+02   0.0000000E+00
   0.2000000E+01   0.1252049E+02   0.2981648E+00   0.5089067E+02   0.7018352E+00   0.2504098E+02   0.0000000E+00
   0.1000000E+01   0.1274070E+02   0.2897138E+00   0.5067284E+02   0.7102862E+00   0.2548139E+02   0.0000000E+00
   0.1000000E+01   0.1233642E+02   0.3080644E+00   0.6942427E+02   0.6919356E+00   0.2467283E+02   0.0000000E+00
   0.4000000E+01   0.1255069E+02   0.2969612E+00   0.7337786E+02   0.7030388E+00   0.2510138E+02   0.0000000E+00
   0.3000000E+01   0.1286767E+02   0.2857378E+00   0.6956439E+02   0.7142622E+00   0.2573534E+02   0.0000000E+00
   0.1000000E+01   0.1219169E+02   0.3249284E+00   0.6687452E+02   0.6750716E+00   0.2438337E+02   0.0000000E+00
   0.1000000E+01   0.1220733E+02   0.3207435E+00   0.4847690E+02   0.6792565E+00   0.2441467E+02   0.0000000E+00
   0.3000000E+01   0.1221563E+02   0.3192834E+00   0.4446895E+02   0.6807166E+00   0.2443126E+02   0.0000000E+00
   0.2000000E+01   0.1220136E+02   0.3219825E+00   0.5014085E+02   0.6780175E+00   0.2440272E+02   0.0000000E+00
   0.3000000E+01   0.1257301E+02   0.3617277E+00   0.4971188E+02   0.6382723E+00   0.2514601E+02   0.0000000E+00
   0.1000000E+01   0.1340295E+02   0.3887739E+00   0.4780688E+02   0.6112261E+00   0.2680589E+02   0.0000000E+00
   0.2000000E+01   0.1354174E+02   0.3923624E+00   0.6325910E+02   0.6076376E+00   0.2708348E+02   0.0000000E+00
   0.1000000E+01   0.1253554E+02   0.3601020E+00   0.6732367E+02   0.6398980E+00   0.2507108E+02   0.0000000E+00
   0.1000000E+01   0.1384653E+02   0.2627524E+00   0.4571190E+02   0.7372476E+00   0.2769306E+02   0.0000000E+00
   0.2000000E+01   0.1516810E+02   0.2419656E+00   0.8336331E+02   0.7580344E+00   0.3033619E+02   0.0000000E+00
   0.3000000E+01   0.1447275E+02   0.2520730E+00   0.5805087E+02   0.7479270E+00   0.2894549E+02   0.0000000E+00
   0.2000000E+01   0.1244638E+02   0.3015678E+00   0.4249001E+02   0.6984322E+00   0.2489277E+02   0.0000000E+00
   0.3000000E+01   0.1300241E+02   0.3774703E+00   0.5144716E+02   0.6225297E+00   0.2600482E+02   0.0000000E+00
   0.4000000E+01   0.1262980E+02   0.3641654E+00   0.4867506E+02   0.6358346E+00   0.2525960E+02   0.0000000E+00
   0.3000000E+01   0.1218795E+02   0.3286927E+00   0.2410168E+02   0.6713073E+00   0.2437589E+02   0.0000000E+00
   0.3000000E+01   0.1222322E+02   0.3379715E+00   0.3394314E+02   0.6620285E+00   0.2444644E+02   0.0000000E+00
   0.1000000E+01   0.1220297E+02   0.3346812E+00   0.4787630E+02   0.6653188E+00   0.2440595E+02   0.0000000E+00
   0.2000000E+01   0.1275794E+02   0.3685235E+00   0.2307074E+02   0.6314765E+00   0.2551589E+02   0.0000000E+00
   0.5000000E+01   0.1259916E+02   0.3625254E+00   0.2920176E+02   0.6374746E+00   0.2519833E+02   0.0000000E+00
   0.1000000E+01   0.1242448E+02   0.3543061E+00   0.4498926E+02   0.6456939E+00   0.2484896E+02   0.0000000E+00
   0.2000000E+01   0.1286759E+02   0.3731479E+00   0.6492277E+02   0.6268521E+00   0.2573518E+02   0.0000000E+00
   0.3000000E+01   0.1287140E+02   0.3732059E+00   0.5029866E+02   0.6267941E+00   0.2574281E+02   0.0000000E+00
   0.1000000E+01   0.1220918E+02   0.3357033E+00   0.3290703E+02   0.6642967E+00   0.2441837E+02   0.0000000E+00
   0.1000000E+01   0.1218973E+02   0.3252676E+00   0.2842859E+02   0.6747324E+00   0.2437947E+02   0.0000000E+00
   0.3000000E+01   0.1226176E+02   0.3137164E+00   0.3873799E+02   0.6862836E+00   0.2452352E+02   0.0000000E+00
   0.1000000E+01   0.1371590E+02   0.3963745E+00   0.4062850E+02   0.6036255E+00   0.2743179E+02   0.0000000E+00
   0.3000000E+01   0.1369364E+02   0.3960137E+00   0.6352331E+02   0.6039863E+00   0.2738728E+02   0.0000000E+00
   0.1000000E+01   0.1256274E+02   0.3613969E+00   0.9118579E+02   0.6386031E+00   0.2512549E+02   0.0000000E+00
   0.1000000E+01   0.1257330E+02   0.2959759E+00   0.6002467E+02   0.7040241E+00   0.2514659E+02   0.0000000E+00
   0.1000000E+01   0.1364359E+02   0.2667939E+00   0.5624505E+02   0.7332061E+00   0.2728718E+02   0.0000000E+00
   0.2000000E+01   0.1409419E+02   0.2584344E+00   0.8394496E+02   0.7415656E+00   0.2818838E+02   0.0000000E+00
   0.1000000E+01   0.1330278E+02   0.2742745E+00   0.8612161E+02   0.7257255E+00   0.2660555E+02   0.0000000E+00
   0.1000000E+01   0.1218907E+02   0.3300350E+00   0.4731806E+02   0.6699650E+00   0.2437814E+02   0.0000000E+00
   0.2000000E+01   0.1222457E+02   0.3383802E+00   0.5184800E+02   0.6616198E+00   0.2444915E+02   0.0000000E+00
   0.1000000E+01   0.1285273E+02   0.3726489E+00   0.6771585E+02   0.6273511E+00   0.2570545E+02   0.0000000E+00
   0.3000000E+01   0.1295660E+02   0.3761299E+00   0.8538271E+02   0.6238701E+00   0.2591320E+02   0.0000000E+00
   0.3000000E+01   0.1265781E+02   0.3653700E+00   0.5748148E+02   0.6346300E+00   0.2531562E+02   0.0000000E+00
   0.2000000E+01   0.1270761E+02   0.3673230E+00   0.5454975E+02   0.6326770E+00   0.2541523E+02   0.0000000E+00
   0.5000000E+01   0.1286668E+02   0.3729874E+00   0.4369626E+02   0.6270126E+00   0.2573336E+02   0.0000000E+00
   0.3000000E+01   0.1255602E+02   0.3605061E+00   0.2661782E+02   0.6394939E+00   0.2511204E+02   0.0000000E+00
   0.6000000E+01   0.1280657E+02   0.3702564E+00   0.2269157E+02   0.6297436E+00   0.2561314E+02   0.0000000E+00
   0.3000000E+01   0.1396237E+02   0.4021120E+00   0.7503838E+02   0.5978880E+00   0.2792474E+02   0.0000000E+00
   0.1000000E+01   0.1381235E+02   0.3987247E+00   0.5722668E+02   0.6012753E+00   0.2762471E+02   0.0000000E+00
   0.1000000E+01   0.1286260E+02   0.3729514E+00   0.5812496E+02   0.6270486E+00   0.2572519E+02   0.0000000E+00
   0.1000000E+01   0.1301139E+02   0.3778735E+00   0.9804970E+02   0.6221265E+00   0.2602278E+02   0.0000000E+00
   0.5000000E+01   0.1311219E+02   0.2789576E+00   0.9319804E+02   0.7210424E+00   0.2622437E+02   0.0000000E+00
   0.2000000E+01   0.1226080E+02   0.3140289E+00   0.6563052E+02   0.6859711E+00   0.2452160E+02   0.0000000E+00
   0.2000000E+01   0.1221455E+02   0.3195645E+00   0.5807680E+02   0.6804355E+00   0.2442909E+02   0.0000000E+00
   0.1000000E+01   0.1220039E+02   0.3341426E+00   0.5537784E+02   0.6658574E+00   0.2440079E+02   0.0000000E+00
   0.1000000E+01   0.1237653E+02   0.3055744E+00   0.8312723E+02   0.6944256E+00   0.2475307E+02   0.0000000E+00
   0.2000000E+01   0.1220389E+02   0.3215804E+00   0.8942413E+02   0.6784196E+00   0.2440779E+02   0.0000000E+00
   0.1000000E+01   0.1220690E+02   0.3209862E+00   0.9043640E+02   0.6790138E+00   0.2441379E+02   0.0000000E+00
   0.3000000E+01   0.1232989E+02   0.3484758E+00   0.7694941E+02   0.6515242E+00   0.2465979E+02   0.0000000E+00
   0.6000000E+01   0.1293305E+02   0.2838398E+00   0.8857995E+02   0.7161602E+00   0.2586610E+02   0.0000000E+00
   0.1000000E+01   0.1222614E+02   0.3386580E+00   0.6544243E+02   0.6613420E+00   0.2445228E+02   0.0000000E+00
   0.1000000E+01   0.1225789E+02   0.3143509E+00   0.8041389E+02   0.6856491E+00   0.2451579E+02   0.0000000E+00
   0.2000000E+01   0.1287073E+02   0.2856217E+00   0.6289623E+02   0.7143783E+00   0.2574147E+02   0.0000000E+00
   0.2000000E+01   0.1260174E+02   0.3630908E+00   0.7642851E+02   0.6369092E+00   0.2520347E+02   0.0000000E+00
   0.4000000E+01   0.1302106E+02   0.2813636E+00   0.8555382E+02   0.7186364E+00   0.2604212E+02   0.0000000E+00
   0.4000000E+01   0.1273123E+02   0.2900964E+00   0.6102669E+02   0.7099036E+00   0.2546246E+02   0.0000000E+00
   0.5000000E+01   0.1270174E+02   0.3671646E+00   0.7368080E+02   0.6328354E+00   0.2540348E+02   0.0000000E+00
   0.1000000E+01   0.1278672E+02   0.3703399E+00   0.7294779E+02   0.6296601E+00   0.2557344E+02   0.0000000E+00
   0.3000000E+01   0.1305384E+02   0.3791630E+00   0.8689650E+02   0.6208370E+00   0.2610768E+02   0.0000000E+00
   0.1000000E+01   0.1580342E+02   0.4357895E+00   0.9239950E+02   0.5642105E+00   0.3160684E+02   0.0000000E+00
   0.1000000E+01   0.1593768E+02   0.4378877E+00   0.8341997E+02   0.5621123E+00   0.3187536E+02   0.0000000E+00
   0.4000000E+01   0.1257939E+02   0.3621249E+00   0.8078187E+02   0.6378751E+00   0.2515878E+02   0.0000000E+00
   0.2000000E+01   0.1225524E+02   0.3421423E+00   0.8753832E+02   0.6578577E+00   0.2451047E+02   0.0000000E+00
   0.1000000E+01   0.1225980E+02   0.3424305E+00   0.4353401E+02   0.6575695E+00   0.2451959E+02   0.0000000E+00
   0.2000000E+01   0.1475039E+02   0.4176876E+00   0.4441291E+02   0.5823124E+00   0.2950078E+02   0.0000000E+00
   0.1000000E+01   0.1677245E+02   0.4502607E+00   0.5638507E+02   0.5497393E+00   0.3354491E+02   0.0000000E+00
   0.2000000E+01   0.1402948E+02   0.4035587E+00   0.7433993E+02   0.5964413E+00   0.2805896E+02   0.0000000E+00
   0.1000000E+01   0.1409324E+02   0.4048907E+00   0.6585097E+02   0.5951093E+00   0.2818649E+02   0.0000000E+00
   0.2000000E+01   0.1219270E+02   0.3244943E+00   0.6035828E+02   0.6755057E+00   0.2438540E+02   0.0000000E+00
   0.9000000E+01   0.1277618E+02   0.3689865E+00   0.2070501E+02   0.6310135E+00   0.2555235E+02   0.0000000E+00
   0.1000000E+01   0.1279369E+02   0.3698295E+00   0.2313101E+02   0.6301705E+00   0.2558738E+02   0.0000000E+00
   0.9000000E+01   0.1225870E+02   0.3419205E+00   0.2654470E+02   0.6580795E+00   0.2451739E+02   0.0000000E+00
   0.3000000E+01   0.1238014E+02   0.3517552E+00   0.5432231E+02   0.6482448E+00   0.2476027E+02   0.0000000E+00
   0.2000000E+01   0.1221967E+02   0.3188442E+00   0.7641635E+02   0.6811558E+00   0.2443935E+02   0.0000000E+00
   0.2000000E+01   0.1263350E+02   0.3643908E+00   0.6144005E+02   0.6356092E+00   0.2526701E+02   0.0000000E+00
   0.1000000E+01   0.1271279E+02   0.2907545E+00   0.6672956E+02   0.7092455E+00   0.2542558E+02   0.0000000E+00
   0.4000000E+01   0.1284633E+02   0.2864054E+00   0.7479477E+02   0.7135946E+00   0.2569267E+02   0.0000000E+00
   0.1000000E+01   0.1282458E+02   0.2870521E+00   0.6436735E+02   0.7129479E+00   0.2564916E+02   0.0000000E+00
   0.4000000E+01   0.1414768E+02   0.2574531E+00   0.6340269E+02   0.7425469E+00   0.2829535E+02   0.0000000E+00
   0.3000000E+01   0.1320268E+02   0.2765808E+00   0.5653862E+02   0.7234192E+00   0.2640535E+02   0.0000000E+00
   0.1000000E+01   0.1346292E+02   0.3904186E+00   0.7164798E+02   0.6095814E+00   0.2692585E+02   0.0000000E+00
   0.3000000E+01   0.1364888E+02   0.3949340E+00   0.5789727E+02   0.6050660E+00   0.2729777E+02   0.0000000E+00
   0.4000000E+01   0.1255516E+02   0.3609859E+00   0.6100731E+02   0.6390141E+00   0.2511032E+02   0.0000000E+00
   0.2000000E+01   0.1262858E+02   0.3641741E+00   0.5865712E+02   0.6358259E+00   0.2525716E+02   0.0000000E+00
   0.2000000E+01   0.1218837E+02   0.3294375E+00   0.5098669E+02   0.6705625E+00   0.2437674E+02   0.0000000E+00
   0.3000000E+01   0.1305862E+02   0.3792979E+00   0.8049346E+02   0.6207021E+00   0.2611725E+02   0.0000000E+00
   0.1000000E+01   0.1266463E+02   0.3657103E+00   0.7925953E+02   0.6342897E+00   0.2532925E+02   0.0000000E+00
   0.2000000E+01   0.1337382E+02   0.3881534E+00   0.8789356E+02   0.6118466E+00   0.2674763E+02   0.0000000E+00
   0.5000000E+01   0.1509013E+02   0.4238604E+00   0.5579505E+02   0.5761396E+00   0.3018027E+02   0.0000000E+00
   0.3000000E+01   0.1297992E+02   0.3767593E+00   0.5078996E+02   0.6232407E+00   0.2595983E+02   0.0000000E+00
   0.2000000E+01   0.1250787E+02   0.3586858E+00   0.4804305E+02   0.6413142E+00   0.2501574E+02   0.0000000E+00
   0.1000000E+01   0.1225508E+02   0.3420437E+00   0.5628964E+02   0.6579563E+00   0.2451017E+02   0.0000000E+00
   0.1000000E+01   0.1237948E+02   0.3048487E+00   0.2833545E+02   0.6951513E+00   0.2475896E+02   0.0000000E+00
   0.1000000E+01   0.1224282E+02   0.3151479E+00   0.2442412E+02   0.6848521E+00   0.2448564E+02   0.0000000E+00
   0.2000000E+01   0.1219237E+02   0.3316569E+00   0.4047270E+02   0.6683431E+00   0.2438474E+02   0.0000000E+00
   0.2000000E+01   0.1221810E+02   0.3374660E+00   0.5849551E+02   0.6625340E+00   0.2443620E+02   0.0000000E+00
   0.1000000E+01   0.1222543E+02   0.3384266E+00   0.4312908E+02   0.6615734E+00   0.2445086E+02   0.0000000E+00
   0.2000000E+01   0.1221465E+02   0.3367536E+00   0.3855536E+02   0.6632464E+00   0.2442930E+02   0.0000000E+00
   0.2000000E+01   0.1287537E+02   0.3728886E+00   0.2678974E+02   0.6271114E+00   0.2575073E+02   0.0000000E+00
   0.1000000E+01   0.1267665E+02   0.3653954E+00   0.2286323E+02   0.6346046E+00   0.2535330E+02   0.0000000E+00
   0.1000000E+01   0.1220158E+02   0.3343507E+00   0.4518405E+02   0.6656493E+00   0.2440317E+02   0.0000000E+00
   0.1000000E+01   0.1245062E+02   0.3558564E+00   0.6483977E+02   0.6441436E+00   0.2490124E+02   0.0000000E+00
   0.1000000E+01   0.1325454E+02   0.3848518E+00   0.5310238E+02   0.6151482E+00   0.2650908E+02   0.0000000E+00
   0.1000000E+01   0.1218791E+02   0.3277837E+00   0.8131000E+02   0.6722163E+00   0.2437582E+02   0.0000000E+00
   0.1000000E+01   0.1243680E+02   0.3022022E+00   0.6203708E+02   0.6977978E+00   0.2487360E+02   0.0000000E+00
   0.5000000E+01   0.1221448E+02   0.3196103E+00   0.6598811E+02   0.6803897E+00   0.2442896E+02   0.0000000E+00
   0.1000000E+01   0.1219145E+02   0.3249900E+00   0.5866635E+02   0.6750100E+00   0.2438290E+02   0.0000000E+00
   0.3000000E+01   0.1228730E+02   0.3117212E+00   0.8253847E+02   0.6882788E+00   0.2457460E+02   0.0000000E+00
   0.4000000E+01   0.1235406E+02   0.3501715E+00   0.8929991E+02   0.6498285E+00   0.2470811E+02   0.0000000E+00
   0.2000000E+01   0.1248639E+02   0.2997503E+00   0.5663981E+02   0.7002497E+00   0.2497278E+02   0.0000000E+00
   0.1000000E+01   0.1295937E+02   0.3761227E+00   0.5345175E+02   0.6238773E+00   0.2591875E+02   0.0000000E+00
   0.1000000E+01   0.1292051E+02   0.3746908E+00   0.3695908E+02   0.6253092E+00   0.2584102E+02   0.0000000E+00
   0.2000000E+01   0.1374652E+02   0.3970193E+00   0.3644678E+02   0.6029807E+00   0.2749303E+02   0.0000000E+00
   0.2000000E+01   0.1316969E+02   0.2772545E+00   0.4090488E+02   0.7227455E+00   0.2633937E+02   0.0000000E+00
   0.1000000E+01   0.1236429E+02   0.3062479E+00   0.6057093E+02   0.6937521E+00   0.2472857E+02   0.0000000E+00
   0.1000000E+01   0.1220399E+02   0.3214598E+00   0.5643182E+02   0.6785402E+00   0.2440798E+02   0.0000000E+00
   0.6000000E+01   0.1225399E+02   0.3145912E+00   0.4722821E+02   0.6854088E+00   0.2450797E+02   0.0000000E+00
   0.1000000E+01   0.1222325E+02   0.3380747E+00   0.3949642E+02   0.6619253E+00   0.2444649E+02   0.0000000E+00
   0.5000000E+01   0.1226732E+02   0.3133762E+00   0.5696688E+02   0.6866238E+00   0.2453464E+02   0.0000000E+00
   0.5000000E+01   0.1222796E+02   0.3176539E+00   0.6186942E+02   0.6823461E+00   0.2445591E+02   0.0000000E+00
   0.1000000E+01   0.1218863E+02   0.3296165E+00   0.3809587E+02   0.6703835E+00   0.2437726E+02   0.0000000E+00
   0.2000000E+01   0.1274923E+02   0.3688360E+00   0.4583408E+02   0.6311640E+00   0.2549846E+02   0.0000000E+00
   0.2000000E+01   0.1233715E+02   0.3076775E+00   0.3370966E+02   0.6923225E+00   0.2467430E+02   0.0000000E+00
   0.2000000E+01   0.1220387E+02   0.3349700E+00   0.6992516E+02   0.6650300E+00   0.2440773E+02   0.0000000E+00
   0.1000000E+01   0.1219403E+02   0.3239808E+00   0.5349933E+02   0.6760192E+00   0.2438806E+02   0.0000000E+00
   0.1000000E+01   0.1276802E+02   0.2884537E+00   0.3042783E+02   0.7115463E+00   0.2553604E+02   0.0000000E+00
   0.1000000E+01   0.1249667E+02   0.2986018E+00   0.2458063E+02   0.7013982E+00   0.2499335E+02   0.0000000E+00
   0.3000000E+01   0.1238731E+02   0.3046193E+00   0.3547088E+02   0.6953807E+00   0.2477463E+02   0.0000000E+00
   0.5000000E+01   0.1218948E+02   0.3259110E+00   0.4683257E+02   0.6740890E+00   0.2437896E+02   0.0000000E+00
   0.3000000E+01   0.1220636E+02   0.3206155E+00   0.3131632E+02   0.6793845E+00   0.2441271E+02   0.0000000E+00
   0.1000000E+01   0.1231772E+02   0.3091490E+00   0.3999835E+02   0.6908510E+00   0.2463545E+02   0.0000000E+00
   0.1000000E+01   0.1219411E+02   0.3323787E+00   0.5232023E+02   0.6676213E+00   0.2438822E+02   0.0000000E+00
   0.2000000E+01   0.1219848E+02   0.3336466E+00   0.5142001E+02   0.6663534E+00   0.2439696E+02   0.0000000E+00
   0.7000000E+01   0.1234514E+02   0.3068553E+00   0.2609045E+02   0.6931447E+00   0.2469029E+02   0.0000000E+00
   0.9000000E+01   0.1258817E+02   0.2952360E+00   0.4254651E+02   0.7047640E+00   0.2517633E+02   0.0000000E+00
   0.2000000E+01   0.1356357E+02   0.2682838E+00   0.4020146E+02   0.7317162E+00   0.2712713E+02   0.0000000E+00
   0.8000000E+01   0.1386206E+02   0.2623308E+00   0.3690841E+02   0.7376692E+00   0.2772411E+02   0.0000000E+00
   0.3000000E+01   0.1400101E+02   0.2595652E+00   0.2935063E+02   0.7404348E+00   0.2800203E+02   0.0000000E+00
   0.2000000E+01   0.1290263E+02   0.3742243E+00   0.4668408E+02   0.6257757E+00   0.2580525E+02   0.0000000E+00
   0.1000000E+01   0.1228294E+02   0.3118582E+00   0.4107298E+02   0.6881418E+00   0.2456589E+02   0.0000000E+00
   0.4000000E+01   0.1223233E+02   0.3161072E+00   0.2134443E+02   0.6838928E+00   0.2446466E+02   0.0000000E+00
   0.1000000E+01   0.1221509E+02   0.3370444E+00   0.7717955E+02   0.6629556E+00   0.2443018E+02   0.0000000E+00
   0.4000000E+01   0.1329761E+02   0.3861035E+00   0.7419877E+02   0.6138965E+00   0.2659522E+02   0.0000000E+00
   0.2000000E+01   0.1253412E+02   0.3600556E+00   0.7514222E+02   0.6399444E+00   0.2506825E+02   0.0000000E+00
   0.1000000E+01   0.1252678E+02   0.3596203E+00   0.5170587E+02   0.6403797E+00   0.2505356E+02   0.0000000E+00
   0.2000000E+01   0.1231711E+02   0.3093181E+00   0.5157404E+02   0.6906819E+00   0.2463423E+02   0.0000000E+00
   0.1000000E+01   0.1323710E+02   0.3843735E+00   0.5367550E+02   0.6156265E+00   0.2647419E+02   0.0000000E+00
   0.1000000E+01   0.1255670E+02   0.3608257E+00   0.3590761E+02   0.6391743E+00   0.2511340E+02   0.0000000E+00
   0.2000000E+01   0.1282343E+02   0.3712528E+00   0.3077162E+02   0.6287472E+00   0.2564686E+02   0.0000000E+00
   0.3000000E+01   0.1285119E+02   0.3725774E+00   0.6204829E+02   0.6274226E+00   0.2570239E+02   0.0000000E+00
   0.1000000E+01   0.1283171E+02   0.3719064E+00   0.6298523E+02   0.6280936E+00   0.2566343E+02   0.0000000E+00
   0.3000000E+01   0.1386553E+02   0.3999677E+00   0.7071963E+02   0.6000323E+00   0.2773107E+02   0.0000000E+00
   0.2000000E+01   0.1465783E+02   0.4161267E+00   0.8363551E+02   0.5838733E+00   0.2931566E+02   0.0000000E+00
   0.1000000E+01   0.1531903E+02   0.4278364E+00   0.6931894E+02   0.5721636E+00   0.3063807E+02   0.0000000E+00
   0.4000000E+01   0.1465677E+02   0.4160675E+00   0.6563346E+02   0.5839325E+00   0.2931354E+02   0.0000000E+00
   0.3000000E+01   0.1455967E+02   0.4142319E+00   0.6609131E+02   0.5857681E+00   0.2911933E+02   0.0000000E+00
   0.4000000E+01   0.1380617E+02   0.3985800E+00   0.5630150E+02   0.6014200E+00   0.2761235E+02   0.0000000E+00
   0.3000000E+01   0.1420293E+02   0.4071094E+00   0.5174932E+02   0.5928906E+00   0.2840587E+02   0.0000000E+00
   0.3000000E+01   0.1273471E+02   0.2899544E+00   0.5633571E+02   0.7100456E+00   0.2546942E+02   0.0000000E+00
   0.1000000E+01   0.1243120E+02   0.3024699E+00   0.5754279E+02   0.6975301E+00   0.2486241E+02   0.0000000E+00
   0.4000000E+01   0.1234695E+02   0.3071201E+00   0.3756456E+02   0.6928799E+00   0.2469389E+02   0.0000000E+00
   0.5000000E+01   0.1222754E+02   0.3169562E+00   0.2408900E+02   0.6830438E+00   0.2445508E+02   0.0000000E+00
   0.7000000E+01   0.1221941E+02   0.3181502E+00   0.2511748E+02   0.6818498E+00   0.2443883E+02   0.0000000E+00
   0.3000000E+01   0.1222683E+02   0.3176176E+00   0.4016407E+02   0.6823824E+00   0.2445366E+02   0.0000000E+00
   0.1000000E+01   0.1233980E+02   0.3073535E+00   0.2917455E+02   0.6926465E+00   0.2467960E+02   0.0000000E+00
   0.4000000E+01   0.1273692E+02   0.2896338E+00   0.3525178E+02   0.7103662E+00   0.2547384E+02   0.0000000E+00
   0.4000000E+01   0.1269480E+02   0.2911515E+00   0.3798585E+02   0.7088485E+00   0.2538961E+02   0.0000000E+00
   0.1000000E+01   0.1286411E+02   0.3730334E+00   0.6616166E+02   0.6269666E+00   0.2572821E+02   0.0000000E+00
   0.2000000E+01   0.1218783E+02   0.3279565E+00   0.6363221E+02   0.6720435E+00   0.2437566E+02   0.0000000E+00
   0.2000000E+01   0.1255466E+02   0.2967571E+00   0.6209580E+02   0.7032429E+00   0.2510933E+02   0.0000000E+00
   0.6000000E+01   0.1225721E+02   0.3423190E+00   0.7223006E+02   0.6576810E+00   0.2451443E+02   0.0000000E+00
   0.4000000E+01   0.1218969E+02   0.3254204E+00   0.3111872E+02   0.6745796E+00   0.2437938E+02   0.0000000E+00
   0.3000000E+01   0.1391310E+02   0.2616312E+00   0.6415125E+02   0.7383688E+00   0.2782621E+02   0.0000000E+00
   0.5000000E+01   0.1518761E+02   0.2414622E+00   0.4063244E+02   0.7585378E+00   0.3037522E+02   0.0000000E+00
   0.1000000E+01   0.1258673E+02   0.2954886E+00   0.7822078E+02   0.7045114E+00   0.2517345E+02   0.0000000E+00
   0.1000000E+01   0.1220176E+02   0.3219756E+00   0.6411007E+02   0.6780244E+00   0.2440352E+02   0.0000000E+00
   0.1000000E+01   0.1221581E+02   0.3371429E+00   0.6949103E+02   0.6628571E+00   0.2443162E+02   0.0000000E+00
   0.1000000E+01   0.1292412E+02   0.3746005E+00   0.2894208E+02   0.6253995E+00   0.2584825E+02   0.0000000E+00
   0.4000000E+01   0.1237567E+02   0.3514016E+00   0.4463691E+02   0.6485984E+00   0.2475133E+02   0.0000000E+00
   0.1000000E+01   0.1228085E+02   0.3444189E+00   0.4401568E+02   0.6555811E+00   0.2456169E+02   0.0000000E+00
   0.1000000E+01   0.1223718E+02   0.3400794E+00   0.6584017E+02   0.6599206E+00   0.2447437E+02   0.0000000E+00
   0.1000000E+01   0.1245141E+02   0.3013993E+00   0.5075944E+02   0.6986007E+00   0.2490282E+02   0.0000000E+00
   0.1000000E+01   0.1312587E+02   0.2785696E+00   0.7312621E+02   0.7214304E+00   0.2625175E+02   0.0000000E+00
   0.2000000E+01   0.1236834E+02   0.3510175E+00   0.5568965E+02   0.6489825E+00   0.2473669E+02   0.0000000E+00
   0.1000000E+01   0.1249960E+02   0.3583470E+00   0.5894082E+02   0.6416530E+00   0.2499921E+02   0.0000000E+00
   0.1000000E+01   0.1287264E+02   0.3732148E+00   0.4622754E+02   0.6267852E+00   0.2574527E+02   0.0000000E+00
   0.2000000E+01   0.1219209E+02   0.3317373E+00   0.9765341E+02   0.6682627E+00   0.2438418E+02   0.0000000E+00
   0.1000000E+01   0.1231320E+02   0.3472259E+00   0.7254397E+02   0.6527741E+00   0.2462640E+02   0.0000000E+00
   0.1000000E+01   0.1247996E+02   0.3000742E+00   0.6108902E+02   0.6999258E+00   0.2495993E+02   0.0000000E+00
   0.4000000E+01   0.1218801E+02   0.3289586E+00   0.9200434E+02   0.6710414E+00   0.2437602E+02   0.0000000E+00
   0.5000000E+01   0.1219143E+02   0.3314475E+00   0.8729228E+02   0.6685525E+00   0.2438287E+02   0.0000000E+00
   0.7000000E+01   0.1228430E+02   0.3119732E+00   0.8453177E+02   0.6880268E+00   0.2456860E+02   0.0000000E+00
   0.2000000E+01   0.1221485E+02   0.3195942E+00   0.8248205E+02   0.6804058E+00   0.2442969E+02   0.0000000E+00
   0.1000000E+01   0.1247023E+02   0.3569027E+00   0.6978339E+02   0.6430973E+00   0.2494047E+02   0.0000000E+00
   0.1000000E+01   0.1221094E+02   0.3362272E+00   0.4778119E+02   0.6637728E+00   0.2442189E+02   0.0000000E+00
   0.2000000E+01   0.1224008E+02   0.3403041E+00   0.4454488E+02   0.6596959E+00   0.2448017E+02   0.0000000E+00
   0.3000000E+01   0.1254591E+02   0.2970428E+00   0.4836637E+02   0.7029572E+00   0.2509182E+02   0.0000000E+00
   0.1000000E+01   0.1224754E+02   0.3410627E+00   0.3762243E+02   0.6589373E+00   0.2449509E+02   0.0000000E+00
   0.1000000E+01   0.1221136E+02   0.3198334E+00   0.3562146E+02   0.6801666E+00   0.2442273E+02   0.0000000E+00
   0.1000000E+01   0.1223581E+02   0.3166112E+00   0.5074163E+02   0.6833888E+00   0.2447161E+02   0.0000000E+00
   0.3000000E+01   0.1218998E+02   0.3307219E+00   0.8632299E+02   0.6692781E+00   0.2437997E+02   0.0000000E+00
   0.3000000E+01   0.1228041E+02   0.3123198E+00   0.9844513E+02   0.6876802E+00   0.2456082E+02   0.0000000E+00
   0.1000000E+01   0.1228698E+02   0.3117489E+00   0.8326998E+02   0.6882511E+00   0.2457395E+02   0.0000000E+00
   0.1000000E+01   0.1274494E+02   0.3688265E+00   0.8332771E+02   0.6311735E+00   0.2548987E+02   0.0000000E+00
   0.1000000E+01   0.1245802E+02   0.3562991E+00   0.8806444E+02   0.6437009E+00   0.2491603E+02   0.0000000E+00
   0.1000000E+01   0.1221024E+02   0.3202553E+00   0.5333746E+02   0.6797447E+00   0.2442049E+02   0.0000000E+00
   0.1000000E+01   0.1266032E+02   0.3655118E+00   0.6832940E+02   0.6344882E+00   0.2532064E+02   0.0000000E+00
   0.1000000E+01   0.1227375E+02   0.3439584E+00   0.9342030E+02   0.6560416E+00   0.2454751E+02   0.0000000E+00
   0.1000000E+01   0.1244860E+02   0.3555714E+00   0.3991821E+02   0.6444286E+00   0.2489720E+02   0.0000000E+00
   0.1000000E+01   0.1220740E+02   0.3354703E+00   0.3799415E+02   0.6645297E+00   0.2441481E+02   0.0000000E+00
   0.1000000E+01   0.1284180E+02   0.3722371E+00   0.5814971E+02   0.6277629E+00   0.2568360E+02   0.0000000E+00
   0.1000000E+01   0.1221188E+02   0.3365157E+00   0.8259504E+02   0.6634843E+00   0.2442375E+02   0.0000000E+00
   0.1000000E+01   0.1218825E+02   0.3271633E+00   0.7795922E+02   0.6728367E+00   0.2437649E+02   0.0000000E+00
   0.2000000E+01   0.1229204E+02   0.3113478E+00   0.8998128E+02   0.6886522E+00   0.2458408E+02   0.0000000E+00
   0.6000000E+01   0.1242174E+02   0.3030263E+00   0.7409831E+02   0.6969737E+00   0.2484349E+02   0.0000000E+00
   0.1000000E+01   0.1253923E+02   0.3603241E+00   0.9518139E+02   0.6396759E+00   0.2507845E+02   0.0000000E+00
   0.2000000E+01   0.1230057E+02   0.3461353E+00   0.4958539E+02   0.6538647E+00   0.2460115E+02   0.0000000E+00
   0.2000000E+01   0.1236085E+02   0.3504906E+00   0.4921050E+02   0.6495094E+00   0.2472170E+02   0.0000000E+00
   0.1000000E+01   0.1283736E+02   0.2865273E+00   0.4514701E+02   0.7134727E+00   0.2567471E+02   0.0000000E+00
   0.2000000E+01   0.1302489E+02   0.2812584E+00   0.8504260E+02   0.7187416E+00   0.2604978E+02   0.0000000E+00
   0.1000000E+01   0.1264647E+02   0.2931968E+00   0.9118650E+02   0.7068032E+00   0.2529294E+02   0.0000000E+00
   0.2000000E+01   0.1428362E+02   0.2551640E+00   0.6490206E+02   0.7448360E+00   0.2856724E+02   0.0000000E+00
   0.1000000E+01   0.1226696E+02   0.3134758E+00   0.7533607E+02   0.6865242E+00   0.2453393E+02   0.0000000E+00
   0.1000000E+01   0.1219364E+02   0.3240974E+00   0.5147148E+02   0.6759026E+00   0.2438728E+02   0.0000000E+00
   0.2000000E+01   0.1230094E+02   0.3105759E+00   0.6126122E+02   0.6894241E+00   0.2460188E+02   0.0000000E+00
   0.1000000E+01   0.1227934E+02   0.3123208E+00   0.5942541E+02   0.6876792E+00   0.2455867E+02   0.0000000E+00
   0.1000000E+01   0.1236526E+02   0.3061720E+00   0.5719285E+02   0.6938280E+00   0.2473051E+02   0.0000000E+00
   0.2000000E+01   0.1244825E+02   0.3555087E+00   0.3717793E+02   0.6444913E+00   0.2489649E+02   0.0000000E+00
   0.1000000E+01   0.1312334E+02   0.2785339E+00   0.5082318E+02   0.7214661E+00   0.2624667E+02   0.0000000E+00
   0.1000000E+01   0.1251989E+02   0.2983220E+00   0.8947054E+02   0.7016780E+00   0.2503978E+02   0.0000000E+00
   0.5000000E+01   0.1252864E+02   0.2979307E+00   0.8474659E+02   0.7020693E+00   0.2505728E+02   0.0000000E+00
   0.1000000E+01   0.1252318E+02   0.2981119E+00   0.6262195E+02   0.7018881E+00   0.2504635E+02   0.0000000E+00
   0.1000000E+01   0.1220260E+02   0.3347371E+00   0.9563499E+02   0.6652629E+00   0.2440520E+02   0.0000000E+00
   0.2000000E+01   0.1224124E+02   0.3406120E+00   0.9325739E+02   0.6593880E+00   0.2448247E+02   0.0000000E+00
   0.2000000E+01   0.1222966E+02   0.3174863E+00   0.7916928E+02   0.6825137E+00   0.2445932E+02   0.0000000E+00
   0.1000000E+01   0.1220462E+02   0.3214044E+00   0.7505195E+02   0.6785956E+00   0.2440923E+02   0.0000000E+00
   0.2000000E+01   0.1218782E+02   0.3280683E+00   0.6429089E+02   0.6719317E+00   0.2437563E+02   0.0000000E+00
   0.5000000E+01   0.1260732E+02   0.2940137E+00   0.2600823E+02   0.7059863E+00   0.2521464E+02   0.0000000E+00
   0.2000000E+01   0.1254370E+02   0.2972077E+00   0.5916200E+02   0.7027923E+00   0.2508740E+02   0.0000000E+00
   0.2000000E+01   0.1235515E+02   0.3067384E+00   0.4840964E+02   0.6932616E+00   0.2471030E+02   0.0000000E+00
   0.2000000E+01   0.1218792E+02   0.3287370E+00   0.8922828E+02   0.6712630E+00   0.2437583E+02   0.0000000E+00
   0.2000000E+01   0.1228218E+02   0.3120374E+00   0.5229461E+02   0.6879626E+00   0.2456435E+02   0.0000000E+00
   0.2000000E+01   0.1221462E+02   0.3369879E+00   0.9094802E+02   0.6630121E+00   0.2442924E+02   0.0000000E+00
   0.3000000E+01   0.1243164E+02   0.3548063E+00   0.6051381E+02   0.6451937E+00   0.2486327E+02   0.0000000E+00
   0.2000000E+01   0.1220374E+02   0.3346777E+00   0.3471574E+02   0.6653223E+00   0.2440747E+02   0.0000000E+00
   0.1000000E+01   0.1219416E+02   0.3323262E+00   0.4298173E+02   0.6676738E+00   0.2438832E+02   0.0000000E+00
   0.2000000E+01   0.1298059E+02   0.2821831E+00   0.3697202E+02   0.7178169E+00   0.2596117E+02   0.0000000E+00
   0.4000000E+01   0.1219299E+02   0.3319644E+00   0.4842193E+02   0.6680356E+00   0.2438599E+02   0.0000000E+00
   0.2000000E+01   0.1225277E+02   0.3417297E+00   0.4585583E+02   0.6582703E+00   0.2450554E+02   0.0000000E+00
   0.5000000E+01   0.1222063E+02   0.3377425E+00   0.4326414E+02   0.6622575E+00   0.2444127E+02   0.0000000E+00
   0.2000000E+01   0.1231526E+02   0.3087701E+00   0.2403671E+02   0.6912299E+00   0.2463053E+02   0.0000000E+00
   0.5000000E+01   0.1243175E+02   0.3539498E+00   0.2144832E+02   0.6460502E+00   0.2486351E+02   0.0000000E+00
   0.2000000E+01   0.1219414E+02   0.3239954E+00   0.6246091E+02   0.6760046E+00   0.2438829E+02   0.0000000E+00
   0.2000000E+01   0.1219195E+02   0.3315600E+00   0.4892722E+02   0.6684400E+00   0.2438389E+02   0.0000000E+00
   0.1000000E+01   0.1262228E+02   0.3639541E+00   0.7177677E+02   0.6360459E+00   0.2524456E+02   0.0000000E+00
   0.2000000E+01   0.1255444E+02   0.2968262E+00   0.8455118E+02   0.7031738E+00   0.2510889E+02   0.0000000E+00
   0.2000000E+01   0.1363279E+02   0.2670832E+00   0.7513449E+02   0.7329168E+00   0.2726558E+02   0.0000000E+00
   0.1000000E+01   0.1228286E+02   0.3120415E+00   0.6411657E+02   0.6879585E+00   0.2456572E+02   0.0000000E+00
   0.1000000E+01   0.1224179E+02   0.3160141E+00   0.6998205E+02   0.6839859E+00   0.2448357E+02   0.0000000E+00
   0.6000000E+01   0.1254786E+02   0.3607244E+00   0.9597580E+02   0.6392756E+00   0.2509572E+02   0.0000000E+00
   0.8000000E+01   0.1321846E+02   0.3839579E+00   0.9221559E+02   0.6160421E+00   0.2643692E+02   0.0000000E+00
   0.5000000E+01   0.1401585E+02   0.4032904E+00   0.8856330E+02   0.5967096E+00   0.2803171E+02   0.0000000E+00
   0.5000000E+01   0.1244257E+02   0.3553107E+00   0.4544012E+02   0.6446893E+00   0.2488514E+02   0.0000000E+00
   0.2000000E+01   0.1222454E+02   0.3384577E+00   0.7361854E+02   0.6615423E+00   0.2444908E+02   0.0000000E+00
   0.3000000E+01   0.1219709E+02   0.3333248E+00   0.6243231E+02   0.6666752E+00   0.2439417E+02   0.0000000E+00
   0.1000000E+01   0.1227045E+02   0.3436021E+00   0.6690296E+02   0.6563979E+00   0.2454090E+02   0.0000000E+00
   0.3000000E+01   0.1219450E+02   0.3325598E+00   0.6477960E+02   0.6674402E+00   0.2438901E+02   0.0000000E+00
   0.1000000E+01   0.1229895E+02   0.3459638E+00   0.4495420E+02   0.6540362E+00   0.2459790E+02   0.0000000E+00
   0.2000000E+01   0.1243927E+02   0.3020966E+00   0.6762605E+02   0.6979034E+00   0.2487853E+02   0.0000000E+00
   0.1000000E+01   0.1262740E+02   0.2937318E+00   0.4516755E+02   0.7062682E+00   0.2525481E+02   0.0000000E+00
   0.2000000E+01   0.1234119E+02   0.3075852E+00   0.4339195E+02   0.6924148E+00   0.2468237E+02   0.0000000E+00
   0.2000000E+01   0.1219884E+02   0.3224997E+00   0.4277125E+02   0.6775003E+00   0.2439767E+02   0.0000000E+00
   0.2000000E+01   0.1220823E+02   0.3356752E+00   0.4160971E+02   0.6643248E+00   0.2441645E+02   0.0000000E+00
   0.1000000E+01   0.1218780E+02   0.3282137E+00   0.6020088E+02   0.6717863E+00   0.2437560E+02   0.0000000E+00
   0.3000000E+01   0.1254436E+02   0.3605518E+00   0.8660406E+02   0.6394482E+00   0.2508872E+02   0.0000000E+00
   0.2000000E+01   0.1278960E+02   0.3704656E+00   0.8458333E+02   0.6295344E+00   0.2557920E+02   0.0000000E+00
   0.2000000E+01   0.1308274E+02   0.3800427E+00   0.9548876E+02   0.6199573E+00   0.2616548E+02   0.0000000E+00
   0.4000000E+01   0.1268995E+02   0.3667191E+00   0.8114985E+02   0.6332809E+00   0.2537989E+02   0.0000000E+00
   0.5000000E+01   0.1223193E+02   0.3394785E+00   0.9479624E+02   0.6605215E+00   0.2446386E+02   0.0000000E+00
   0.1000000E+01   0.1222930E+02   0.3390565E+00   0.5837769E+02   0.6609435E+00   0.2445860E+02   0.0000000E+00
   0.4000000E+01   0.1264401E+02   0.3648128E+00   0.5861705E+02   0.6351872E+00   0.2528802E+02   0.0000000E+00
   0.3000000E+01   0.1250823E+02   0.2987614E+00   0.5908062E+02   0.7012386E+00   0.2501646E+02   0.0000000E+00
   0.2000000E+01   0.1442487E+02   0.2527390E+00   0.4550040E+02   0.7472610E+00   0.2884974E+02   0.0000000E+00
   0.3000000E+01   0.1436426E+02   0.2535774E+00   0.3642650E+02   0.7464226E+00   0.2872852E+02   0.0000000E+00
   0.1000000E+01   0.1221058E+02   0.3362586E+00   0.6781495E+02   0.6637414E+00   0.2442116E+02   0.0000000E+00
   0.1000000E+01   0.1238374E+02   0.3051301E+00   0.7290950E+02   0.6948699E+00   0.2476748E+02   0.0000000E+00
   0.1000000E+01   0.1259548E+02   0.2950308E+00   0.5134343E+02   0.7049692E+00   0.2519096E+02   0.0000000E+00
   0.1000000E+01   0.1293255E+02   0.2838099E+00   0.6815226E+02   0.7161901E+00   0.2586511E+02   0.0000000E+00
   0.1000000E+01   0.1357562E+02   0.3932564E+00   0.9688584E+02   0.6067436E+00   0.2715124E+02   0.0000000E+00
   0.1000000E+01   0.1413405E+02   0.4058034E+00   0.9906075E+02   0.5941966E+00   0.2826810E+02   0.0000000E+00
   0.2000000E+01   0.1451070E+02   0.4133272E+00   0.8143761E+02   0.5866728E+00   0.2902139E+02   0.0000000E+00
   0.3000000E+01   0.1440104E+02   0.4111874E+00   0.7907878E+02   0.5888126E+00   0.2880209E+02   0.0000000E+00
   0.1000000E+01   0.1270965E+02   0.3674966E+00   0.8887872E+02   0.6325034E+00   0.2541931E+02   0.0000000E+00
   0.4000000E+01   0.1231236E+02   0.3471046E+00   0.5635934E+02   0.6528954E+00   0.2462471E+02   0.0000000E+00
   0.4000000E+01   0.1219094E+02   0.3252904E+00   0.7539314E+02   0.6747096E+00   0.2438188E+02   0.0000000E+00
   0.2000000E+01   0.1283907E+02   0.3722263E+00   0.9502822E+02   0.6277737E+00   0.2567814E+02   0.0000000E+00
   0.1000000E+01   0.1357974E+02   0.2679552E+00   0.4070051E+02   0.7320448E+00   0.2715948E+02   0.0000000E+00
   0.1000000E+01   0.1253015E+02   0.2968322E+00   0.2130957E+02   0.7031678E+00   0.2506031E+02   0.0000000E+00
   0.2000000E+01   0.1223317E+02   0.3166419E+00   0.3245763E+02   0.6833581E+00   0.2446635E+02   0.0000000E+00
   0.6000000E+01   0.1230170E+02   0.3101450E+00   0.3153801E+02   0.6898550E+00   0.2460341E+02   0.0000000E+00
   0.2000000E+01   0.1322393E+02   0.3832338E+00   0.2199300E+02   0.6167662E+00   0.2644786E+02   0.0000000E+00
   0.2000000E+01   0.1245098E+02   0.3558351E+00   0.5528567E+02   0.6441649E+00   0.2490195E+02   0.0000000E+00
   0.3000000E+01   0.1241830E+02   0.3540532E+00   0.5981553E+02   0.6459468E+00   0.2483659E+02   0.0000000E+00
   0.1000000E+01   0.1261274E+02   0.3635298E+00   0.6449943E+02   0.6364702E+00   0.2522548E+02   0.0000000E+00
   0.2000000E+01   0.1246883E+02   0.3568295E+00   0.6965920E+02   0.6431705E+00   0.2493765E+02   0.0000000E+00
   0.1000000E+01   0.1265717E+02   0.3653972E+00   0.7329896E+02   0.6346028E+00   0.2531434E+02   0.0000000E+00
   0.1000000E+01   0.1219316E+02   0.3243666E+00   0.7076938E+02   0.6756334E+00   0.2438632E+02   0.0000000E+00
   0.5000000E+01   0.1219452E+02   0.3239154E+00   0.7438140E+02   0.6760846E+00   0.2438904E+02   0.0000000E+00
   0.1000000E+01   0.1218903E+02   0.3264278E+00   0.8417032E+02   0.6735722E+00   0.2437806E+02   0.0000000E+00
   0.1000000E+01   0.1434507E+02   0.4100754E+00   0.7724057E+02   0.5899246E+00   0.2869014E+02   0.0000000E+00
   0.3000000E+01   0.1450418E+02   0.4132015E+00   0.8142056E+02   0.5867985E+00   0.2900835E+02   0.0000000E+00
   0.5000000E+01   0.1242415E+02   0.3543713E+00   0.5683583E+02   0.6456287E+00   0.2484830E+02   0.0000000E+00
   0.8000000E+01   0.1226645E+02   0.3432713E+00   0.9432588E+02   0.6567287E+00   0.2453290E+02   0.0000000E+00
   0.1000000E+01   0.1228011E+02   0.3443466E+00   0.4339756E+02   0.6556534E+00   0.2456021E+02   0.0000000E+00
   0.1000000E+01   0.1241928E+02   0.3029706E+00   0.4246661E+02   0.6970294E+00   0.2483857E+02   0.0000000E+00
   0.5000000E+01   0.1281881E+02   0.2869915E+00   0.3714509E+02   0.7130085E+00   0.2563761E+02   0.0000000E+00
   0.2000000E+01   0.1227777E+02   0.3436801E+00   0.2541770E+02   0.6563199E+00   0.2455554E+02   0.0000000E+00
   0.1000000E+01   0.1334823E+02   0.3873415E+00   0.4779428E+02   0.6126585E+00   0.2669645E+02   0.0000000E+00
   0.1000000E+01   0.1219802E+02   0.3228703E+00   0.6368043E+02   0.6771297E+00   0.2439604E+02   0.0000000E+00
   0.1000000E+01   0.1227468E+02   0.3126556E+00   0.4873638E+02   0.6873444E+00   0.2454937E+02   0.0000000E+00
   0.1000000E+01   0.1219569E+02   0.3233745E+00   0.4441703E+02   0.6766255E+00   0.2439137E+02   0.0000000E+00
   0.3000000E+01   0.1249601E+02   0.2983694E+00   0.2141722E+02   0.7016306E+00   0.2499203E+02   0.0000000E+00
   0.3000000E+01   0.1221630E+02   0.3368964E+00   0.3237206E+02   0.6631036E+00   0.2443260E+02   0.0000000E+00
   0.1000000E+01   0.1220895E+02   0.3354435E+00   0.2645397E+02   0.6645565E+00   0.2441790E+02   0.0000000E+00
   0.3000000E+01   0.1220758E+02   0.3204828E+00   0.3461429E+02   0.6795172E+00   0.2441515E+02   0.0000000E+00
   0.6000000E+01   0.1246909E+02   0.3561556E+00   0.2410972E+02   0.6438444E+00   0.2493819E+02   0.0000000E+00
   0.6000000E+01   0.1314660E+02   0.3815534E+00   0.3295062E+02   0.6184466E+00   0.2629319E+02   0.0000000E+00
   0.2000000E+01   0.1285728E+02   0.2859114E+00   0.4506499E+02   0.7140886E+00   0.2571455E+02   0.0000000E+00
   0.4000000E+01   0.1265947E+02   0.2925371E+00   0.4589434E+02   0.7074629E+00   0.2531895E+02   0.0000000E+00
   0.7000000E+01   0.1219682E+02   0.3333037E+00   0.8895995E+02   0.6666963E+00   0.2439364E+02   0.0000000E+00
   0.2000000E+01   0.1231680E+02   0.3474836E+00   0.6663888E+02   0.6525164E+00   0.2463359E+02   0.0000000E+00
   0.2000000E+01   0.1218868E+02   0.3297548E+00   0.5427023E+02   0.6702452E+00   0.2437737E+02   0.0000000E+00
   0.3000000E+01   0.1233258E+02   0.3484841E+00   0.4165931E+02   0.6515159E+00   0.2466515E+02   0.0000000E+00
   0.6000000E+01   0.1218788E+02   0.3286301E+00   0.8151371E+02   0.6713699E+00   0.2437576E+02   0.0000000E+00
   0.1000000E+01   0.1282252E+02   0.2871291E+00   0.6787347E+02   0.7128709E+00   0.2564503E+02   0.0000000E+00
   0.1000000E+01   0.1219837E+02   0.3336707E+00   0.6270720E+02   0.6663293E+00   0.2439675E+02   0.0000000E+00
   0.1000000E+01   0.1218886E+02   0.3298950E+00   0.5119906E+02   0.6701050E+00   0.2437773E+02   0.0000000E+00
   0.1000000E+01   0.1237223E+02   0.3057050E+00   0.5031897E+02   0.6942950E+00   0.2474447E+02   0.0000000E+00
   0.2000000E+01   0.1238559E+02   0.3049912E+00   0.6308348E+02   0.6950088E+00   0.2477118E+02   0.0000000E+00
   0.1000000E+01   0.1222251E+02   0.3176523E+00   0.2430782E+02   0.6823477E+00   0.2444501E+02   0.0000000E+00
   0.2000000E+01   0.1324332E+02   0.3843858E+00   0.3771240E+02   0.6156142E+00   0.2648665E+02   0.0000000E+00
   0.3000000E+01   0.1331037E+02   0.3863633E+00   0.5210730E+02   0.6136367E+00   0.2662073E+02   0.0000000E+00
   0.1000000E+01   0.1236591E+02   0.3509055E+00   0.6694153E+02   0.6490945E+00   0.2473181E+02   0.0000000E+00
   0.2000000E+01   0.1258972E+02   0.3620078E+00   0.2662790E+02   0.6379922E+00   0.2517944E+02   0.0000000E+00
   0.1000000E+01   0.1381920E+02   0.3988570E+00   0.5298191E+02   0.6011430E+00   0.2763840E+02   0.0000000E+00
   0.1000000E+01   0.1425737E+02   0.4081944E+00   0.4802463E+02   0.5918056E+00   0.2851474E+02   0.0000000E+00
   0.1000000E+01   0.1405454E+02   0.4040002E+00   0.5058626E+02   0.5959998E+00   0.2810907E+02   0.0000000E+00
   0.1000000E+01   0.1593619E+02   0.4378427E+00   0.7176618E+02   0.5621573E+00   0.3187239E+02   0.0000000E+00
   0.4000000E+01   0.1589414E+02   0.4372007E+00   0.7940432E+02   0.5627993E+00   0.3178827E+02   0.0000000E+00
   0.1000000E+01   0.1677009E+02   0.4501801E+00   0.4857611E+02   0.5498199E+00   0.3354017E+02   0.0000000E+00
   0.1000000E+01   0.1466346E+02   0.4160528E+00   0.4260574E+02   0.5839472E+00   0.2932693E+02   0.0000000E+00
   0.3000000E+01   0.1412902E+02   0.4055606E+00   0.4922720E+02   0.5944394E+00   0.2825804E+02   0.0000000E+00
   0.5000000E+01   0.1233763E+02   0.3484922E+00   0.2721856E+02   0.6515078E+00   0.2467526E+02   0.0000000E+00
   0.2000000E+01   0.1227563E+02   0.3437214E+00   0.3123032E+02   0.6562786E+00   0.2455126E+02   0.0000000E+00
   0.1000000E+01   0.1218807E+02   0.3290575E+00   0.5599599E+02   0.6709425E+00   0.2437614E+02   0.0000000E+00
   0.1000000E+01   0.1219818E+02   0.3227796E+00   0.5449335E+02   0.6772204E+00   0.2439637E+02   0.0000000E+00
   0.4000000E+01   0.1222485E+02   0.3180384E+00   0.5600449E+02   0.6819616E+00   0.2444969E+02   0.0000000E+00
   0.2000000E+01   0.1238117E+02   0.3518916E+00   0.7457901E+02   0.6481084E+00   0.2476234E+02   0.0000000E+00
   0.2000000E+01   0.1312240E+02   0.2786692E+00   0.7767140E+02   0.7213308E+00   0.2624481E+02   0.0000000E+00
   0.1000000E+01   0.1223966E+02   0.3159044E+00   0.3349293E+02   0.6840956E+00   0.2447932E+02   0.0000000E+00
   0.1000000E+01   0.1232677E+02   0.3083009E+00   0.3095978E+02   0.6916991E+00   0.2465355E+02   0.0000000E+00
   0.1000000E+01   0.1273272E+02   0.3679434E+00   0.3042072E+02   0.6320566E+00   0.2546543E+02   0.0000000E+00
   0.1000000E+01   0.1276561E+02   0.3695090E+00   0.5531429E+02   0.6304910E+00   0.2553122E+02   0.0000000E+00
   0.2000000E+01   0.1219947E+02   0.3339306E+00   0.5824675E+02   0.6660694E+00   0.2439893E+02   0.0000000E+00
   0.1000000E+01   0.1265818E+02   0.3651072E+00   0.3306014E+02   0.6348928E+00   0.2531636E+02   0.0000000E+00
   0.7000000E+01   0.1244705E+02   0.3552062E+00   0.2831226E+02   0.6447938E+00   0.2489409E+02   0.0000000E+00
   0.6000000E+01   0.1227052E+02   0.3432756E+00   0.3217690E+02   0.6567244E+00   0.2454105E+02   0.0000000E+00
   0.1000000E+01   0.1229584E+02   0.3451550E+00   0.2408638E+02   0.6548450E+00   0.2459167E+02   0.0000000E+00
   0.2000000E+01   0.1218792E+02   0.3286090E+00   0.2237377E+02   0.6713910E+00   0.2437584E+02   0.0000000E+00
   0.1000000E+01   0.1227816E+02   0.3124537E+00   0.6739135E+02   0.6875463E+00   0.2455632E+02   0.0000000E+00
   0.3000000E+01   0.1233470E+02   0.3081756E+00   0.6808637E+02   0.6918244E+00   0.2466940E+02   0.0000000E+00
   0.4000000E+01   0.1259985E+02   0.2949862E+00   0.9034366E+02   0.7050138E+00   0.2519970E+02   0.0000000E+00
   0.1000000E+01   0.1445284E+02   0.2524618E+00   0.8078623E+02   0.7475382E+00   0.2890568E+02   0.0000000E+00
   0.1000000E+01   0.1251080E+02   0.2986489E+00   0.5972762E+02   0.7013511E+00   0.2502160E+02   0.0000000E+00
   0.3000000E+01   0.1224725E+02   0.3412958E+00   0.9498096E+02   0.6587042E+00   0.2449450E+02   0.0000000E+00
   0.2000000E+01   0.1229077E+02   0.3454588E+00   0.9392497E+02   0.6545412E+00   0.2458155E+02   0.0000000E+00
   0.1000000E+01   0.1228279E+02   0.3121115E+00   0.9241936E+02   0.6878885E+00   0.2456558E+02   0.0000000E+00
   0.2000000E+01   0.1224582E+02   0.3154974E+00   0.5374154E+02   0.6845026E+00   0.2449164E+02   0.0000000E+00
   0.3000000E+01   0.1388760E+02   0.2620829E+00   0.5938027E+02   0.7379171E+00   0.2777519E+02   0.0000000E+00
   0.1000000E+01   0.1302176E+02   0.2811780E+00   0.4621890E+02   0.7188220E+00   0.2604351E+02   0.0000000E+00
   0.1000000E+01   0.1430991E+02   0.2543255E+00   0.3117523E+02   0.7456745E+00   0.2861983E+02   0.0000000E+00
   0.2000000E+01   0.1389038E+02   0.2620947E+00   0.7945392E+02   0.7379053E+00   0.2778077E+02   0.0000000E+00
   0.6000000E+01   0.1386815E+02   0.2625312E+00   0.9331606E+02   0.7374688E+00   0.2773630E+02   0.0000000E+00
   0.1000000E+01   0.1430005E+02   0.2549420E+00   0.8458056E+02   0.7450580E+00   0.2860010E+02   0.0000000E+00
   0.2000000E+01   0.1218957E+02   0.3304237E+00   0.5997945E+02   0.6695763E+00   0.2437913E+02   0.0000000E+00
   0.1000000E+02   0.1218919E+02   0.3258479E+00   0.3421197E+02   0.6741521E+00   0.2437837E+02   0.0000000E+00
   0.1000000E+01   0.1220702E+02   0.3354511E+00   0.4206342E+02   0.6645489E+00   0.2441404E+02   0.0000000E+00
   0.2000000E+01   0.1220471E+02   0.3345563E+00   0.2504568E+02   0.6654437E+00   0.2440943E+02   0.0000000E+00
   0.2000000E+01   0.1245566E+02   0.3561499E+00   0.7390042E+02   0.6438501E+00   0.2491132E+02   0.0000000E+00
   0.1000000E+01   0.1232716E+02   0.3482772E+00   0.7655942E+02   0.6517228E+00   0.2465432E+02   0.0000000E+00
   0.1000000E+01   0.1229316E+02   0.3109086E+00   0.3498835E+02   0.6890914E+00   0.2458631E+02   0.0000000E+00
   0.2000000E+01   0.1282299E+02   0.2871582E+00   0.8788378E+02   0.7128418E+00   0.2564598E+02   0.0000000E+00
   0.1000000E+01   0.1285941E+02   0.2860384E+00   0.9558082E+02   0.7139616E+00   0.2571881E+02   0.0000000E+00
   0.4000000E+01   0.1227463E+02   0.3440449E+00   0.9942133E+02   0.6559551E+00   0.2454926E+02   0.0000000E+00
   0.1000000E+01   0.1236353E+02   0.3063597E+00   0.8385271E+02   0.6936403E+00   0.2472706E+02   0.0000000E+00
   0.3000000E+01   0.1221047E+02   0.3362398E+00   0.6799112E+02   0.6637602E+00   0.2442095E+02   0.0000000E+00
   0.2000000E+01   0.1224185E+02   0.3406134E+00   0.6052993E+02   0.6593866E+00   0.2448371E+02   0.0000000E+00
   0.2000000E+01   0.1230055E+02   0.3461832E+00   0.5805072E+02   0.6538168E+00   0.2460111E+02   0.0000000E+00
   0.2000000E+01   0.1219369E+02   0.3241075E+00   0.5512989E+02   0.6758925E+00   0.2438738E+02   0.0000000E+00
   0.4000000E+01   0.1236037E+02   0.3502482E+00   0.3373397E+02   0.6497518E+00   0.2472075E+02   0.0000000E+00
   0.3000000E+01   0.1268340E+02   0.3658074E+00   0.2504935E+02   0.6341926E+00   0.2536679E+02   0.0000000E+00
   0.1000000E+01   0.1501751E+02   0.4225941E+00   0.5743452E+02   0.5774059E+00   0.3003503E+02   0.0000000E+00
   0.1000000E+01   0.1366155E+02   0.3952899E+00   0.7566689E+02   0.6047101E+00   0.2732310E+02   0.0000000E+00
   0.2000000E+01   0.1281597E+02   0.3714141E+00   0.9110144E+02   0.6285859E+00   0.2563195E+02   0.0000000E+00
   0.7000000E+01   0.1290564E+02   0.3744806E+00   0.9411880E+02   0.6255194E+00   0.2581129E+02   0.0000000E+00
   0.1000000E+01   0.1297207E+02   0.3766246E+00   0.8598264E+02   0.6233754E+00   0.2594414E+02   0.0000000E+00
   0.4000000E+01   0.1304750E+02   0.3789353E+00   0.6896141E+02   0.6210647E+00   0.2609500E+02   0.0000000E+00
   0.4000000E+01   0.1253575E+02   0.3601556E+00   0.8978239E+02   0.6398444E+00   0.2507149E+02   0.0000000E+00
   0.4000000E+01   0.1235169E+02   0.3500000E+00   0.8073000E+02   0.6500000E+00   0.2470338E+02   0.0000000E+00
   0.2000000E+01   0.1270917E+02   0.3674687E+00   0.8244788E+02   0.6325313E+00   0.2541834E+02   0.0000000E+00
   0.1000000E+01   0.1241056E+02   0.3036144E+00   0.6964833E+02   0.6963856E+00   0.2482113E+02   0.0000000E+00
   0.3000000E+01   0.1270923E+02   0.2909354E+00   0.9497459E+02   0.7090646E+00   0.2541847E+02   0.0000000E+00
   0.1000000E+01   0.1264116E+02   0.2933991E+00   0.9371444E+02   0.7066009E+00   0.2528232E+02   0.0000000E+00
   0.1000000E+01   0.1260720E+02   0.2947028E+00   0.9467314E+02   0.7052972E+00   0.2521439E+02   0.0000000E+00
   0.2000000E+01   0.1220936E+02   0.3358713E+00   0.4060437E+02   0.6641287E+00   0.2441872E+02   0.0000000E+00
   0.1000000E+01   0.1220192E+02   0.3343612E+00   0.3942259E+02   0.6656388E+00   0.2440383E+02   0.0000000E+00
   0.1000000E+01   0.1219109E+02   0.3250167E+00   0.4390254E+02   0.6749833E+00   0.2438218E+02   0.0000000E+00
   0.1000000E+01   0.1218843E+02   0.3294940E+00   0.4794311E+02   0.6705060E+00   0.2437687E+02   0.0000000E+00
   0.3000000E+01   0.1245570E+02   0.3559038E+00   0.3702880E+02   0.6440962E+00   0.2491139E+02   0.0000000E+00
   0.6000000E+01   0.1225174E+02   0.3417580E+00   0.7708875E+02   0.6582420E+00   0.2450349E+02   0.0000000E+00
   0.1000000E+01   0.1228216E+02   0.3121491E+00   0.8250859E+02   0.6878509E+00   0.2456432E+02   0.0000000E+00
   0.1000000E+01   0.1225875E+02   0.3142775E+00   0.8666642E+02   0.6857225E+00   0.2451751E+02   0.0000000E+00
   0.3000000E+01   0.1238153E+02   0.3052675E+00   0.7657661E+02   0.6947325E+00   0.2476306E+02   0.0000000E+00
   0.1000000E+01   0.1493496E+02   0.2452079E+00   0.7866461E+02   0.7547921E+00   0.2986992E+02   0.0000000E+00
   0.2000000E+01   0.1494557E+02   0.2450360E+00   0.7040154E+02   0.7549640E+00   0.2989114E+02   0.0000000E+00
   0.1000000E+01   0.1306536E+02   0.2801631E+00   0.8045315E+02   0.7198369E+00   0.2613072E+02   0.0000000E+00
   0.1000000E+01   0.1245806E+02   0.3010779E+00   0.5181402E+02   0.6989221E+00   0.2491611E+02   0.0000000E+00
   0.2000000E+01   0.1247791E+02   0.3001806E+00   0.6331179E+02   0.6998194E+00   0.2495582E+02   0.0000000E+00
   0.1000000E+01   0.1247297E+02   0.3569264E+00   0.4642841E+02   0.6430736E+00   0.2494594E+02   0.0000000E+00
   0.3000000E+01   0.1231457E+02   0.3470303E+00   0.3420244E+02   0.6529697E+00   0.2462914E+02   0.0000000E+00
   0.2000000E+01   0.1275340E+02   0.2893549E+00   0.6298308E+02   0.7106451E+00   0.2550679E+02   0.0000000E+00
   0.1000000E+01   0.1228497E+02   0.3118902E+00   0.7195595E+02   0.6881098E+00   0.2456994E+02   0.0000000E+00
   0.2000000E+01   0.1220296E+02   0.3217067E+00   0.6244736E+02   0.6782933E+00   0.2440592E+02   0.0000000E+00
   0.2000000E+01   0.1269909E+02   0.2912336E+00   0.6639617E+02   0.7087664E+00   0.2539818E+02   0.0000000E+00
   0.2000000E+01   0.1315561E+02   0.2777381E+00   0.5434243E+02   0.7222619E+00   0.2631122E+02   0.0000000E+00
   0.1000000E+01   0.1314165E+02   0.2780924E+00   0.5455006E+02   0.7219076E+00   0.2628330E+02   0.0000000E+00
   0.1000000E+01   0.1355929E+02   0.2685331E+00   0.5750648E+02   0.7314669E+00   0.2711858E+02   0.0000000E+00
   0.3000000E+01   0.1268777E+02   0.2916798E+00   0.8506760E+02   0.7083202E+00   0.2537554E+02   0.0000000E+00
   0.1000000E+01   0.1220489E+02   0.3352140E+00   0.8838853E+02   0.6647860E+00   0.2440977E+02   0.0000000E+00
   0.1000000E+01   0.1219769E+02   0.3335528E+00   0.9815502E+02   0.6664472E+00   0.2439539E+02   0.0000000E+00
   0.4000000E+01   0.1235752E+02   0.3503794E+00   0.7552144E+02   0.6496206E+00   0.2471505E+02   0.0000000E+00
   0.1000000E+01   0.1247697E+02   0.3572722E+00   0.8070026E+02   0.6427278E+00   0.2495393E+02   0.0000000E+00
   0.3000000E+01   0.1281823E+02   0.3714646E+00   0.7355411E+02   0.6285354E+00   0.2563647E+02   0.0000000E+00
   0.2000000E+01   0.1313810E+02   0.3816167E+00   0.6538081E+02   0.6183833E+00   0.2627620E+02   0.0000000E+00
   0.5000000E+01   0.1230821E+02   0.3100628E+00   0.7219207E+02   0.6899372E+00   0.2461642E+02   0.0000000E+00
   0.1000000E+01   0.1235162E+02   0.3499603E+00   0.6583635E+02   0.6500397E+00   0.2470324E+02   0.0000000E+00
   0.4000000E+01   0.1222988E+02   0.3391624E+00   0.6651990E+02   0.6608376E+00   0.2445976E+02   0.0000000E+00
   0.1000000E+01   0.1257010E+02   0.3617063E+00   0.7748282E+02   0.6382937E+00   0.2514021E+02   0.0000000E+00
   0.4000000E+01   0.1243351E+02   0.3549678E+00   0.8278133E+02   0.6450322E+00   0.2486702E+02   0.0000000E+00
   0.1000000E+01   0.1231904E+02   0.3476249E+00   0.5906449E+02   0.6523751E+00   0.2463808E+02   0.0000000E+00
   0.1000000E+01   0.1228450E+02   0.3448464E+00   0.5974247E+02   0.6551536E+00   0.2456901E+02   0.0000000E+00
   0.4000000E+01   0.1271086E+02   0.3675492E+00   0.9423200E+02   0.6324508E+00   0.2542171E+02   0.0000000E+00
   0.2000000E+01   0.1233874E+02   0.3491299E+00   0.9456514E+02   0.6508701E+00   0.2467747E+02   0.0000000E+00
   0.2000000E+01   0.1219678E+02   0.3333000E+00   0.9792853E+02   0.6667000E+00   0.2439355E+02   0.0000000E+00
   0.5000000E+01   0.1250921E+02   0.2988082E+00   0.9767414E+02   0.7011918E+00   0.2501842E+02   0.0000000E+00
   0.1000000E+01   0.1268197E+02   0.2919004E+00   0.9434796E+02   0.7080996E+00   0.2536395E+02   0.0000000E+00
   0.1000000E+01   0.1299109E+02   0.3766680E+00   0.2701666E+02   0.6233320E+00   0.2598218E+02   0.0000000E+00
   0.2000000E+01   0.1315300E+02   0.3815777E+00   0.2797643E+02   0.6184223E+00   0.2630600E+02   0.0000000E+00
   0.3000000E+01   0.1249020E+02   0.2996186E+00   0.6730484E+02   0.7003814E+00   0.2498040E+02   0.0000000E+00
   0.1000000E+01   0.1234474E+02   0.3072907E+00   0.3909134E+02   0.6927093E+00   0.2468947E+02   0.0000000E+00
   0.3000000E+01   0.1286929E+02   0.2856915E+00   0.7054404E+02   0.7143085E+00   0.2573858E+02   0.0000000E+00
   0.1000000E+01   0.1223730E+02   0.3165040E+00   0.6272906E+02   0.6834960E+00   0.2447459E+02   0.0000000E+00
   0.2000000E+01   0.1280966E+02   0.2875671E+00   0.8017023E+02   0.7124329E+00   0.2561932E+02   0.0000000E+00
   0.1000000E+01   0.1276448E+02   0.2890535E+00   0.9235498E+02   0.7109465E+00   0.2552896E+02   0.0000000E+00
   0.1000000E+01   0.1221693E+02   0.3192829E+00   0.9117617E+02   0.6807171E+00   0.2443385E+02   0.0000000E+00
   0.3000000E+01   0.1223269E+02   0.3170997E+00   0.7602607E+02   0.6829003E+00   0.2446537E+02   0.0000000E+00
   0.3000000E+01   0.1223690E+02   0.3165947E+00   0.7715655E+02   0.6834053E+00   0.2447380E+02   0.0000000E+00
   0.1000000E+01   0.1382309E+02   0.2633322E+00   0.6906943E+02   0.7366678E+00   0.2764619E+02   0.0000000E+00
   0.2000000E+01   0.1403173E+02   0.2595258E+00   0.7905905E+02   0.7404742E+00   0.2806345E+02   0.0000000E+00
   0.1000000E+01   0.1376478E+02   0.2644655E+00   0.7461062E+02   0.7355345E+00   0.2752955E+02   0.0000000E+00
   0.2000000E+01   0.1415967E+02   0.2566091E+00   0.2581349E+02   0.7433909E+00   0.2831934E+02   0.0000000E+00
   0.4000000E+01   0.1269054E+02   0.2913265E+00   0.3932974E+02   0.7086735E+00   0.2538107E+02   0.0000000E+00
   0.1000000E+01   0.1225166E+02   0.3149421E+00   0.6661099E+02   0.6850579E+00   0.2450332E+02   0.0000000E+00
   0.4000000E+01   0.1261350E+02   0.2944196E+00   0.7325478E+02   0.7055804E+00   0.2522700E+02   0.0000000E+00
   0.2000000E+01   0.1242166E+02   0.3030607E+00   0.9028439E+02   0.6969393E+00   0.2484331E+02   0.0000000E+00
   0.1000000E+01   0.1253961E+02   0.3603446E+00   0.9757279E+02   0.6396554E+00   0.2507923E+02   0.0000000E+00
   0.1000000E+01   0.1271995E+02   0.2904928E+00   0.6311679E+02   0.7095072E+00   0.2543991E+02   0.0000000E+00
   0.2000000E+01   0.1219836E+02   0.3333159E+00   0.3001872E+02   0.6666841E+00   0.2439673E+02   0.0000000E+00
   0.2000000E+01   0.1219658E+02   0.3330397E+00   0.4058855E+02   0.6669603E+00   0.2439315E+02   0.0000000E+00
   0.1100000E+02   0.1218984E+02   0.3250071E+00   0.2530765E+02   0.6749929E+00   0.2437969E+02   0.0000000E+00
   0.4000000E+01   0.1219388E+02   0.3322239E+00   0.4200536E+02   0.6677761E+00   0.2438777E+02   0.0000000E+00
   0.2000000E+01   0.1258467E+02   0.2951342E+00   0.3106017E+02   0.7048658E+00   0.2516934E+02   0.0000000E+00
   0.1000000E+01   0.1229298E+02   0.3111285E+00   0.4944500E+02   0.6888715E+00   0.2458596E+02   0.0000000E+00
   0.6000000E+01   0.1322571E+02   0.3835371E+00   0.2578853E+02   0.6164629E+00   0.2645143E+02   0.0000000E+00
   0.1000000E+01   0.1296570E+02   0.3758050E+00   0.2580850E+02   0.6241950E+00   0.2593140E+02   0.0000000E+00
   0.1000000E+01   0.1222864E+02   0.3388993E+00   0.4709313E+02   0.6611007E+00   0.2445727E+02   0.0000000E+00
   0.1000000E+01   0.1218775E+02   0.3276791E+00   0.3971233E+02   0.6723209E+00   0.2437551E+02   0.0000000E+00
   0.1000000E+01   0.1272338E+02   0.2903962E+00   0.6939351E+02   0.7096038E+00   0.2544676E+02   0.0000000E+00
   0.2000000E+01   0.1327064E+02   0.2749674E+00   0.6200099E+02   0.7250326E+00   0.2654129E+02   0.0000000E+00
   0.1000000E+01   0.1239460E+02   0.3527136E+00   0.7547416E+02   0.6472864E+00   0.2478919E+02   0.0000000E+00
   0.1000000E+01   0.1246021E+02   0.3563915E+00   0.7445879E+02   0.6436085E+00   0.2492042E+02   0.0000000E+00
   0.1000000E+01   0.1241035E+02   0.3536325E+00   0.7071892E+02   0.6463675E+00   0.2482071E+02   0.0000000E+00
   0.1000000E+01   0.1241706E+02   0.3539838E+00   0.6013585E+02   0.6460162E+00   0.2483412E+02   0.0000000E+00
   0.3000000E+01   0.1285826E+02   0.3728135E+00   0.6047076E+02   0.6271865E+00   0.2571652E+02   0.0000000E+00
   0.7000000E+01   0.1236144E+02   0.3063826E+00   0.5320263E+02   0.6936174E+00   0.2472288E+02   0.0000000E+00
   0.1000000E+01   0.1228258E+02   0.3119730E+00   0.4846447E+02   0.6880270E+00   0.2456516E+02   0.0000000E+00
   0.1000000E+01   0.1219672E+02   0.3332117E+00   0.5943446E+02   0.6667883E+00   0.2439344E+02   0.0000000E+00
   0.1000000E+01   0.1285419E+02   0.2861964E+00   0.9411030E+02   0.7138036E+00   0.2570839E+02   0.0000000E+00
   0.4000000E+01   0.1312298E+02   0.2786384E+00   0.7111933E+02   0.7213616E+00   0.2624596E+02   0.0000000E+00
   0.1000000E+01   0.1231772E+02   0.3472454E+00   0.3319816E+02   0.6527546E+00   0.2463545E+02   0.0000000E+00
   0.1000000E+01   0.1268594E+02   0.3664194E+00   0.4634940E+02   0.6335806E+00   0.2537188E+02   0.0000000E+00
   0.6000000E+01   0.1270053E+02   0.3670655E+00   0.5787618E+02   0.6329345E+00   0.2540105E+02   0.0000000E+00
   0.1000000E+01   0.1241264E+02   0.3035220E+00   0.7760331E+02   0.6964780E+00   0.2482527E+02   0.0000000E+00
   0.1000000E+01   0.1246369E+02   0.3008984E+00   0.7443284E+02   0.6991016E+00   0.2492738E+02   0.0000000E+00
   0.1000000E+01   0.1238390E+02   0.3051492E+00   0.8740471E+02   0.6948508E+00   0.2476781E+02   0.0000000E+00
   0.1000000E+01   0.1593695E+02   0.2321728E+00   0.9612401E+02   0.7678272E+00   0.3187389E+02   0.0000000E+00
   0.1000000E+01   0.1594238E+02   0.2321077E+00   0.9612054E+02   0.7678923E+00   0.3188476E+02   0.0000000E+00
   0.1000000E+01   0.1577997E+02   0.2340531E+00   0.8077124E+02   0.7659469E+00   0.3155994E+02   0.0000000E+00
   0.1000000E+01   0.1255036E+02   0.2969966E+00   0.8374511E+02   0.7030034E+00   0.2510073E+02   0.0000000E+00
   0.1000000E+01   0.1239882E+02   0.3035426E+00   0.2468188E+02   0.6964574E+00   0.2479764E+02   0.0000000E+00
   0.1000000E+01   0.1242588E+02   0.3027978E+00   0.7032336E+02   0.6972022E+00   0.2485177E+02   0.0000000E+00
   0.1000000E+01   0.1356781E+02   0.2684051E+00   0.6993208E+02   0.7315949E+00   0.2713562E+02   0.0000000E+00
   0.1000000E+01   0.1227676E+02   0.3442156E+00   0.8071156E+02   0.6557844E+00   0.2455352E+02   0.0000000E+00
   0.2000000E+01   0.1243536E+02   0.3549613E+00   0.5098153E+02   0.6450387E+00   0.2487071E+02   0.0000000E+00
   0.1000000E+01   0.1248493E+02   0.2993440E+00   0.2817181E+02   0.7006560E+00   0.2496986E+02   0.0000000E+00
   0.1000000E+01   0.1220784E+02   0.3206400E+00   0.4755892E+02   0.6793600E+00   0.2441569E+02   0.0000000E+00
   0.2000000E+01   0.1300747E+02   0.2816807E+00   0.6370268E+02   0.7183193E+00   0.2601494E+02   0.0000000E+00
   0.3000000E+01   0.1354225E+02   0.3924250E+00   0.8503552E+02   0.6075750E+00   0.2708451E+02   0.0000000E+00
   0.2000000E+01   0.1430406E+02   0.4092772E+00   0.9242331E+02   0.5907228E+00   0.2860811E+02   0.0000000E+00
   0.1000000E+01   0.1218994E+02   0.3306639E+00   0.6683209E+02   0.6693361E+00   0.2437987E+02   0.0000000E+00
   0.1000000E+01   0.1242838E+02   0.3544468E+00   0.3876086E+02   0.6455532E+00   0.2485676E+02   0.0000000E+00
   0.2000000E+01   0.1220365E+02   0.3347460E+00   0.3993402E+02   0.6652540E+00   0.2440731E+02   0.0000000E+00
   0.4000000E+01   0.1313110E+02   0.2782865E+00   0.4545404E+02   0.7217135E+00   0.2626219E+02   0.0000000E+00
   0.2000000E+01   0.1304968E+02   0.2798206E+00   0.2449786E+02   0.7201794E+00   0.2609936E+02   0.0000000E+00
   0.1000000E+01   0.1329511E+02   0.2738343E+00   0.2709040E+02   0.7261657E+00   0.2659022E+02   0.0000000E+00
   0.1000000E+01   0.1260416E+02   0.2946313E+00   0.4509459E+02   0.7053687E+00   0.2520833E+02   0.0000000E+00
   0.1000000E+01   0.1288331E+02   0.2851302E+00   0.4583132E+02   0.7148698E+00   0.2576663E+02   0.0000000E+00
   0.2000000E+01   0.1271396E+02   0.2907281E+00   0.7147740E+02   0.7092719E+00   0.2542793E+02   0.0000000E+00
   0.2000000E+01   0.1290265E+02   0.2847003E+00   0.7355701E+02   0.7152997E+00   0.2580530E+02   0.0000000E+00
   0.2000000E+01   0.1250088E+02   0.2991560E+00   0.7815538E+02   0.7008440E+00   0.2500175E+02   0.0000000E+00
   0.1000000E+01   0.1225240E+02   0.3148615E+00   0.6540709E+02   0.6851385E+00   0.2450481E+02   0.0000000E+00
   0.3000000E+01   0.1219084E+02   0.3311680E+00   0.8447042E+02   0.6688320E+00   0.2438167E+02   0.0000000E+00
   0.3000000E+01   0.1285284E+02   0.3726888E+00   0.8505618E+02   0.6273112E+00   0.2570567E+02   0.0000000E+00
   0.2000000E+01   0.1222452E+02   0.3181208E+00   0.6377379E+02   0.6818792E+00   0.2444903E+02   0.0000000E+00
   0.3000000E+01   0.1236771E+02   0.3509444E+00   0.5037640E+02   0.6490556E+00   0.2473542E+02   0.0000000E+00
   0.1000000E+01   0.1226184E+02   0.3425494E+00   0.3732481E+02   0.6574506E+00   0.2452368E+02   0.0000000E+00
   0.2000000E+01   0.1232909E+02   0.3478273E+00   0.2604642E+02   0.6521727E+00   0.2465817E+02   0.0000000E+00
   0.4000000E+01   0.1254863E+02   0.2968843E+00   0.4413927E+02   0.7031157E+00   0.2509727E+02   0.0000000E+00
   0.1000000E+01   0.1220790E+02   0.3206414E+00   0.4884654E+02   0.6793586E+00   0.2441580E+02   0.0000000E+00
   0.5000000E+01   0.1221224E+02   0.3198916E+00   0.5030533E+02   0.6801084E+00   0.2442447E+02   0.0000000E+00
   0.1000000E+01   0.1226015E+02   0.3141516E+00   0.9349184E+02   0.6858484E+00   0.2452029E+02   0.0000000E+00
   0.3000000E+01   0.1273605E+02   0.2900076E+00   0.9216616E+02   0.7099924E+00   0.2547210E+02   0.0000000E+00
   0.1000000E+01   0.1222689E+02   0.3388007E+00   0.8431920E+02   0.6611993E+00   0.2445377E+02   0.0000000E+00
   0.4000000E+01   0.1218819E+02   0.3292497E+00   0.6253738E+02   0.6707503E+00   0.2437639E+02   0.0000000E+00
   0.1000000E+01   0.1219661E+02   0.3330182E+00   0.3816256E+02   0.6669818E+00   0.2439323E+02   0.0000000E+00
   0.8000000E+01   0.1220082E+02   0.3216634E+00   0.2863231E+02   0.6783366E+00   0.2440164E+02   0.0000000E+00
   0.5000000E+01   0.1226873E+02   0.3131737E+00   0.4697893E+02   0.6868263E+00   0.2453745E+02   0.0000000E+00
   0.2000000E+01   0.1224462E+02   0.3408936E+00   0.5313480E+02   0.6591064E+00   0.2448924E+02   0.0000000E+00
   0.1000000E+01   0.1224071E+02   0.3404397E+00   0.5231767E+02   0.6595603E+00   0.2448143E+02   0.0000000E+00
   0.1000000E+01   0.1275512E+02   0.3690792E+00   0.4865833E+02   0.6309208E+00   0.2551025E+02   0.0000000E+00
   0.2000000E+01   0.1300667E+02   0.3776893E+00   0.7317774E+02   0.6223107E+00   0.2601333E+02   0.0000000E+00
   0.2000000E+01   0.1257027E+02   0.3611542E+00   0.2674209E+02   0.6388458E+00   0.2514053E+02   0.0000000E+00
   0.7000000E+01   0.1335089E+02   0.3871876E+00   0.3265967E+02   0.6128124E+00   0.2670177E+02   0.0000000E+00
   0.1000000E+01   0.1261887E+02   0.3637645E+00   0.5817876E+02   0.6362355E+00   0.2523775E+02   0.0000000E+00
   0.1000000E+01   0.1244702E+02   0.3556229E+00   0.5529546E+02   0.6443771E+00   0.2489404E+02   0.0000000E+00
   0.1000000E+01   0.1316995E+02   0.3825513E+00   0.7139047E+02   0.6174487E+00   0.2633991E+02   0.0000000E+00
   0.1000000E+01   0.1282311E+02   0.3716459E+00   0.7828829E+02   0.6283541E+00   0.2564622E+02   0.0000000E+00
   0.2000000E+01   0.1310557E+02   0.3806914E+00   0.7577114E+02   0.6193086E+00   0.2621114E+02   0.0000000E+00
   0.4000000E+01   0.1223957E+02   0.3404212E+00   0.9856283E+02   0.6595788E+00   0.2447913E+02   0.0000000E+00
   0.7000000E+01   0.1231003E+02   0.3469873E+00   0.7520878E+02   0.6530127E+00   0.2462006E+02   0.0000000E+00
   0.2000000E+01   0.1219635E+02   0.3233019E+00   0.5854410E+02   0.6766981E+00   0.2439269E+02   0.0000000E+00
   0.1000000E+01   0.1278743E+02   0.2882364E+00   0.6375708E+02   0.7117636E+00   0.2557486E+02   0.0000000E+00
   0.2000000E+01   0.1219447E+02   0.3239651E+00   0.9065383E+02   0.6760349E+00   0.2438894E+02   0.0000000E+00
   0.1000000E+01   0.1218815E+02   0.3292103E+00   0.9160355E+02   0.6707897E+00   0.2437631E+02   0.0000000E+00
   0.4000000E+01   0.1218979E+02   0.3259425E+00   0.9895857E+02   0.6740575E+00   0.2437958E+02   0.0000000E+00
   0.3000000E+01   0.1219457E+02   0.3326349E+00   0.9797449E+02   0.6673651E+00   0.2438915E+02   0.0000000E+00
   0.1000000E+01   0.1242222E+02   0.3543494E+00   0.9238829E+02   0.6456506E+00   0.2484443E+02   0.0000000E+00
   0.1000000E+01   0.1223085E+02   0.3393013E+00   0.7125138E+02   0.6606987E+00   0.2446169E+02   0.0000000E+00
   0.3000000E+01   0.1218786E+02   0.3279143E+00   0.7587923E+02   0.6720857E+00   0.2437573E+02   0.0000000E+00
   0.3000000E+01   0.1220445E+02   0.3214328E+00   0.7316141E+02   0.6785672E+00   0.2440890E+02   0.0000000E+00
   0.1000000E+01   0.1221228E+02   0.3365613E+00   0.7012771E+02   0.6634387E+00   0.2442457E+02   0.0000000E+00
   0.1000000E+01   0.1218939E+02   0.3260189E+00   0.5145034E+02   0.6739811E+00   0.2437878E+02   0.0000000E+00
   0.1000000E+01   0.1247131E+02   0.3003765E+00   0.4530675E+02   0.6996235E+00   0.2494262E+02   0.0000000E+00
   0.1000000E+01   0.1228567E+02   0.3112495E+00   0.2723394E+02   0.6887505E+00   0.2457133E+02   0.0000000E+00
   0.1000000E+01   0.1227126E+02   0.3435894E+00   0.4871498E+02   0.6564106E+00   0.2454253E+02   0.0000000E+00
   0.4000000E+01   0.1218791E+02   0.3276069E+00   0.5777232E+02   0.6723931E+00   0.2437583E+02   0.0000000E+00
   0.2000000E+01   0.1229636E+02   0.3449821E+00   0.2130700E+02   0.6550179E+00   0.2459272E+02   0.0000000E+00
   0.1000000E+01   0.1239184E+02   0.3525185E+00   0.6465444E+02   0.6474815E+00   0.2478368E+02   0.0000000E+00
   0.1000000E+01   0.1250959E+02   0.2987511E+00   0.7357209E+02   0.7012489E+00   0.2501918E+02   0.0000000E+00
   0.1000000E+01   0.1238126E+02   0.3053032E+00   0.8739531E+02   0.6946968E+00   0.2476252E+02   0.0000000E+00
   0.1000000E+01   0.1234804E+02   0.3496533E+00   0.5174836E+02   0.6503467E+00   0.2469607E+02   0.0000000E+00
   0.4000000E+01   0.1293279E+02   0.3753125E+00   0.6396007E+02   0.6246875E+00   0.2586559E+02   0.0000000E+00
   0.1000000E+01   0.1317829E+02   0.3825343E+00   0.3621517E+02   0.6174657E+00   0.2635658E+02   0.0000000E+00
   0.2000000E+01   0.1220060E+02   0.3222232E+00   0.6049284E+02   0.6777768E+00   0.2440120E+02   0.0000000E+00
   0.2000000E+01   0.1235039E+02   0.3069302E+00   0.3935888E+02   0.6930698E+00   0.2470079E+02   0.0000000E+00
   0.2000000E+01   0.1243011E+02   0.3547423E+00   0.6640907E+02   0.6452577E+00   0.2486021E+02   0.0000000E+00
   0.1000000E+01   0.1264689E+02   0.2928562E+00   0.3605280E+02   0.7071438E+00   0.2529378E+02   0.0000000E+00
   0.4000000E+01   0.1270066E+02   0.2909366E+00   0.3754757E+02   0.7090634E+00   0.2540131E+02   0.0000000E+00
   0.1000000E+01   0.1235790E+02   0.3503877E+00   0.6883547E+02   0.6496123E+00   0.2471579E+02   0.0000000E+00
   0.1000000E+01   0.1256991E+02   0.3616590E+00   0.6305382E+02   0.6383410E+00   0.2513982E+02   0.0000000E+00
   0.6000000E+01   0.1219001E+02   0.3305714E+00   0.4034513E+02   0.6694286E+00   0.2438001E+02   0.0000000E+00
   0.6000000E+01   0.1232953E+02   0.3084442E+00   0.5124238E+02   0.6915558E+00   0.2465905E+02   0.0000000E+00
   0.1000000E+01   0.1236107E+02   0.3502841E+00   0.3332820E+02   0.6497159E+00   0.2472214E+02   0.0000000E+00
   0.6000000E+01   0.1238304E+02   0.3516827E+00   0.3340265E+02   0.6483173E+00   0.2476608E+02   0.0000000E+00
   0.2000000E+01   0.1398479E+02   0.4025574E+00   0.6080592E+02   0.5974426E+00   0.2796958E+02   0.0000000E+00
   0.4000000E+01   0.1474917E+02   0.4176282E+00   0.4113021E+02   0.5823718E+00   0.2949834E+02   0.0000000E+00
   0.7000000E+01   0.1449540E+02   0.4121001E+00   0.2101051E+02   0.5878999E+00   0.2899080E+02   0.0000000E+00
   0.1000000E+01   0.1409005E+02   0.4047559E+00   0.5113072E+02   0.5952441E+00   0.2818009E+02   0.0000000E+00
   0.1000000E+01   0.1224646E+02   0.3411527E+00   0.6521372E+02   0.6588473E+00   0.2449292E+02   0.0000000E+00
   0.1000000E+01   0.1221601E+02   0.3188786E+00   0.2921985E+02   0.6811214E+00   0.2443202E+02   0.0000000E+00
   0.5000000E+01   0.1244033E+02   0.3552678E+00   0.5678884E+02   0.6447322E+00   0.2488066E+02   0.0000000E+00
   0.2000000E+01   0.1271997E+02   0.3678525E+00   0.6836278E+02   0.6321475E+00   0.2543994E+02   0.0000000E+00
   0.1000000E+01   0.1266596E+02   0.2923894E+00   0.5827254E+02   0.7076106E+00   0.2533192E+02   0.0000000E+00
   0.1000000E+01   0.1229925E+02   0.3097718E+00   0.2171340E+02   0.6902282E+00   0.2459851E+02   0.0000000E+00
   0.1000000E+01   0.1237731E+02   0.3512184E+00   0.2969921E+02   0.6487816E+00   0.2475462E+02   0.0000000E+00
   0.1000000E+01   0.1219058E+02   0.3252047E+00   0.4055676E+02   0.6747953E+00   0.2438116E+02   0.0000000E+00
   0.1000000E+01   0.1254645E+02   0.3606214E+00   0.7204233E+02   0.6393786E+00   0.2509291E+02   0.0000000E+00
   0.2000000E+01   0.1246352E+02   0.3564850E+00   0.5293552E+02   0.6435150E+00   0.2492705E+02   0.0000000E+00
   0.3000000E+01   0.1226054E+02   0.3426552E+00   0.7203563E+02   0.6573448E+00   0.2452108E+02   0.0000000E+00
   0.4000000E+01   0.1219576E+02   0.3235642E+00   0.9072963E+02   0.6764358E+00   0.2439153E+02   0.0000000E+00
   0.2000000E+01   0.1219257E+02   0.3319175E+00   0.8905467E+02   0.6680825E+00   0.2438513E+02   0.0000000E+00
   0.2000000E+01   0.1290579E+02   0.2843561E+00   0.3819938E+02   0.7156439E+00   0.2581158E+02   0.0000000E+00
   0.2000000E+01   0.1234942E+02   0.3071247E+00   0.5115380E+02   0.6928753E+00   0.2469884E+02   0.0000000E+00
   0.3000000E+01   0.1237415E+02   0.3057057E+00   0.7776743E+02   0.6942943E+00   0.2474830E+02   0.0000000E+00
   0.1000000E+01   0.1314305E+02   0.2781246E+00   0.7041489E+02   0.7218754E+00   0.2628609E+02   0.0000000E+00
   0.2000000E+01   0.1332517E+02   0.2737370E+00   0.7680544E+02   0.7262630E+00   0.2665034E+02   0.0000000E+00
   0.3000000E+01   0.1223032E+02   0.3392132E+00   0.6427085E+02   0.6607868E+00   0.2446064E+02   0.0000000E+00
   0.3000000E+01   0.1284439E+02   0.2859245E+00   0.2820449E+02   0.7140755E+00   0.2568878E+02   0.0000000E+00
   0.4000000E+01   0.1281511E+02   0.2866800E+00   0.2516555E+02   0.7133200E+00   0.2563022E+02   0.0000000E+00
   0.5000000E+01   0.1294260E+02   0.2835450E+00   0.7761734E+02   0.7164550E+00   0.2588520E+02   0.0000000E+00
   0.2000000E+01   0.1323144E+02   0.2759083E+00   0.6246137E+02   0.7240917E+00   0.2646288E+02   0.0000000E+00
   0.2000000E+01   0.1237440E+02   0.3056655E+00   0.6808091E+02   0.6943345E+00   0.2474880E+02   0.0000000E+00
   0.4000000E+01   0.1269553E+02   0.2914212E+00   0.9832363E+02   0.7085788E+00   0.2539106E+02   0.0000000E+00
   0.1000000E+01   0.1303496E+02   0.2810037E+00   0.9906325E+02   0.7189963E+00   0.2606992E+02   0.0000000E+00
   0.1000000E+01   0.1335634E+02   0.2729771E+00   0.6216208E+02   0.7270229E+00   0.2671269E+02   0.0000000E+00
   0.1000000E+01   0.1306354E+02   0.2799310E+00   0.3748869E+02   0.7200690E+00   0.2612708E+02   0.0000000E+00
   0.2000000E+01   0.1287100E+02   0.3731773E+00   0.4833028E+02   0.6268227E+00   0.2574200E+02   0.0000000E+00
   0.1000000E+01   0.1321856E+02   0.3830955E+00   0.2213364E+02   0.6169045E+00   0.2643712E+02   0.0000000E+00
   0.1000000E+01   0.1222496E+02   0.3383914E+00   0.4625154E+02   0.6616086E+00   0.2444991E+02   0.0000000E+00
   0.6000000E+01   0.1241862E+02   0.3021646E+00   0.2115595E+02   0.6978354E+00   0.2483724E+02   0.0000000E+00
   0.9000000E+01   0.1218843E+02   0.3293964E+00   0.3481198E+02   0.6706036E+00   0.2437685E+02   0.0000000E+00
   0.1000000E+01   0.1234574E+02   0.3494022E+00   0.4145552E+02   0.6505978E+00   0.2469148E+02   0.0000000E+00
   0.2000000E+01   0.1220762E+02   0.3208188E+00   0.7453543E+02   0.6791812E+00   0.2441525E+02   0.0000000E+00
   0.6000000E+01   0.1300599E+02   0.2817321E+00   0.6664800E+02   0.7182679E+00   0.2601198E+02   0.0000000E+00
   0.1000000E+01   0.1234547E+02   0.3074192E+00   0.5742861E+02   0.6925808E+00   0.2469094E+02   0.0000000E+00
   0.2000000E+01   0.1406767E+02   0.2588478E+00   0.6414996E+02   0.7411522E+00   0.2813534E+02   0.0000000E+00
   0.2000000E+01   0.1326817E+02   0.2746813E+00   0.3254923E+02   0.7253187E+00   0.2653633E+02   0.0000000E+00
   0.1000000E+01   0.1287399E+02   0.2853288E+00   0.3953340E+02   0.7146712E+00   0.2574798E+02   0.0000000E+00
   0.4000000E+01   0.1230084E+02   0.3099419E+00   0.2548218E+02   0.6900581E+00   0.2460168E+02   0.0000000E+00
   0.1000000E+01   0.1219411E+02   0.3238729E+00   0.4489061E+02   0.6761271E+00   0.2438821E+02   0.0000000E+00
   0.3000000E+01   0.1272841E+02   0.3678744E+00   0.3383088E+02   0.6321256E+00   0.2545682E+02   0.0000000E+00
   0.2000000E+01   0.1327482E+02   0.3853673E+00   0.4747140E+02   0.6146327E+00   0.2654964E+02   0.0000000E+00
   0.1000000E+01   0.1290955E+02   0.3744336E+00   0.4460074E+02   0.6255664E+00   0.2581910E+02   0.0000000E+00
   0.2000000E+01   0.1310572E+02   0.3805775E+00   0.4785441E+02   0.6194225E+00   0.2621144E+02   0.0000000E+00
   0.1000000E+01   0.1314055E+02   0.3816920E+00   0.6678354E+02   0.6183080E+00   0.2628109E+02   0.0000000E+00
   0.2000000E+01   0.1219416E+02   0.3240115E+00   0.6743448E+02   0.6759885E+00   0.2438831E+02   0.0000000E+00
   0.2000000E+01   0.1225404E+02   0.3419366E+00   0.5657391E+02   0.6580634E+00   0.2450809E+02   0.0000000E+00
   0.1000000E+01   0.1228262E+02   0.3120558E+00   0.6267990E+02   0.6879442E+00   0.2456525E+02   0.0000000E+00
   0.4000000E+01   0.1230521E+02   0.3102742E+00   0.6758235E+02   0.6897258E+00   0.2461042E+02   0.0000000E+00
   0.1000000E+01   0.1232991E+02   0.3084987E+00   0.6746715E+02   0.6915013E+00   0.2465983E+02   0.0000000E+00
   0.1000000E+01   0.1236364E+02   0.3063508E+00   0.8243961E+02   0.6936492E+00   0.2472727E+02   0.0000000E+00
   0.2000000E+01   0.1249304E+02   0.2994731E+00   0.6338014E+02   0.7005269E+00   0.2498607E+02   0.0000000E+00
   0.5000000E+01   0.1293001E+02   0.2839239E+00   0.8600355E+02   0.7160761E+00   0.2586002E+02   0.0000000E+00
   0.1000000E+01   0.1246756E+02   0.3007420E+00   0.9202106E+02   0.6992580E+00   0.2493511E+02   0.0000000E+00
   0.1000000E+01   0.1265735E+02   0.2927476E+00   0.6889452E+02   0.7072524E+00   0.2531470E+02   0.0000000E+00
   0.1000000E+01   0.1366257E+02   0.3952531E+00   0.5670703E+02   0.6047469E+00   0.2732513E+02   0.0000000E+00
   0.2000000E+01   0.1265965E+02   0.3655249E+00   0.8919121E+02   0.6344751E+00   0.2531930E+02   0.0000000E+00
   0.1000000E+01   0.1253708E+02   0.3601926E+00   0.7462884E+02   0.6398074E+00   0.2507416E+02   0.0000000E+00
   0.1000000E+01   0.1373398E+02   0.3969738E+00   0.6997098E+02   0.6030262E+00   0.2746795E+02   0.0000000E+00
   0.1000000E+01   0.1321451E+02   0.3838079E+00   0.6976400E+02   0.6161921E+00   0.2642903E+02   0.0000000E+00
   0.1000000E+01   0.1321063E+02   0.3837163E+00   0.7734552E+02   0.6162837E+00   0.2642126E+02   0.0000000E+00
   0.4000000E+01   0.1261164E+02   0.2945285E+00   0.9385286E+02   0.7054715E+00   0.2522327E+02   0.0000000E+00
   0.2000000E+01   0.1239521E+02   0.3527831E+00   0.9827905E+02   0.6472169E+00   0.2479042E+02   0.0000000E+00
   0.3000000E+01   0.1244545E+02   0.3018194E+00   0.8289495E+02   0.6981806E+00   0.2489090E+02   0.0000000E+00
   0.1000000E+01   0.1267989E+02   0.2919776E+00   0.9626582E+02   0.7080224E+00   0.2535977E+02   0.0000000E+00
   0.2000000E+01   0.1231566E+02   0.3095254E+00   0.7610070E+02   0.6904746E+00   0.2463132E+02   0.0000000E+00
   0.2000000E+01   0.1220207E+02   0.3219596E+00   0.8313387E+02   0.6780404E+00   0.2440414E+02   0.0000000E+00
   0.5000000E+01   0.1290668E+02   0.2845040E+00   0.5436519E+02   0.7154960E+00   0.2581337E+02   0.0000000E+00
   0.1000000E+01   0.1282868E+02   0.2868599E+00   0.5215548E+02   0.7131401E+00   0.2565737E+02   0.0000000E+00
   0.3000000E+01   0.1259685E+02   0.2949149E+00   0.4463609E+02   0.7050851E+00   0.2519371E+02   0.0000000E+00
   0.2000000E+01   0.1258572E+02   0.3623656E+00   0.6501186E+02   0.6376344E+00   0.2517144E+02   0.0000000E+00
   0.7000000E+01   0.1260844E+02   0.3633645E+00   0.7043935E+02   0.6366355E+00   0.2521689E+02   0.0000000E+00
   0.3000000E+01   0.1260950E+02   0.2944015E+00   0.4328933E+02   0.7055985E+00   0.2521900E+02   0.0000000E+00
   0.2000000E+01   0.1308840E+02   0.2787952E+00   0.2449678E+02   0.7212048E+00   0.2617679E+02   0.0000000E+00
   0.1000000E+01   0.1277588E+02   0.2886103E+00   0.6303966E+02   0.7113897E+00   0.2555176E+02   0.0000000E+00
   0.2000000E+01   0.1432206E+02   0.2545951E+00   0.9540140E+02   0.7454049E+00   0.2864412E+02   0.0000000E+00
   0.5000000E+01   0.1466598E+02   0.2491709E+00   0.8657234E+02   0.7508291E+00   0.2933195E+02   0.0000000E+00
   0.2000000E+01   0.1281171E+02   0.2873651E+00   0.4832913E+02   0.7126349E+00   0.2562343E+02   0.0000000E+00
   0.1000000E+01   0.1231280E+02   0.3096167E+00   0.4968508E+02   0.6903833E+00   0.2462559E+02   0.0000000E+00
   0.1000000E+01   0.1242796E+02   0.3544124E+00   0.3808064E+02   0.6455876E+00   0.2485592E+02   0.0000000E+00
   0.2000000E+01   0.1229579E+02   0.3452201E+00   0.2522664E+02   0.6547799E+00   0.2459158E+02   0.0000000E+00
   0.2000000E+01   0.1307446E+02   0.3793633E+00   0.3060344E+02   0.6206367E+00   0.2614893E+02   0.0000000E+00
   0.4000000E+01   0.1269292E+02   0.3662527E+00   0.2637663E+02   0.6337473E+00   0.2538584E+02   0.0000000E+00
   0.3000000E+01   0.1509019E+02   0.4238097E+00   0.4769587E+02   0.5761903E+00   0.3018039E+02   0.0000000E+00
   0.4000000E+01   0.1288078E+02   0.3735084E+00   0.4840526E+02   0.6264916E+00   0.2576156E+02   0.0000000E+00
   0.1000000E+01   0.1304540E+02   0.3789177E+00   0.9659718E+02   0.6210823E+00   0.2609079E+02   0.0000000E+00
   0.2000000E+01   0.1222833E+02   0.3390107E+00   0.9781986E+02   0.6609893E+00   0.2445665E+02   0.0000000E+00
   0.1000000E+01   0.1263253E+02   0.3643194E+00   0.5479104E+02   0.6356806E+00   0.2526506E+02   0.0000000E+00
   0.4000000E+01   0.1233588E+02   0.3488540E+00   0.5997773E+02   0.6511460E+00   0.2467176E+02   0.0000000E+00
   0.6000000E+01   0.1228699E+02   0.3450648E+00   0.6062139E+02   0.6549352E+00   0.2457397E+02   0.0000000E+00
   0.1000000E+01   0.1231486E+02   0.3092716E+00   0.3553037E+02   0.6907284E+00   0.2462972E+02   0.0000000E+00
   0.1000000E+01   0.1237630E+02   0.3053065E+00   0.3762661E+02   0.6946935E+00   0.2475260E+02   0.0000000E+00
   0.7000000E+01   0.1343835E+02   0.2704689E+00   0.2504143E+02   0.7295311E+00   0.2687669E+02   0.0000000E+00
   0.2000000E+01   0.1229887E+02   0.3456082E+00   0.2807018E+02   0.6543918E+00   0.2459774E+02   0.0000000E+00
   0.3000000E+01   0.1240027E+02   0.3040615E+00   0.4740801E+02   0.6959385E+00   0.2480053E+02   0.0000000E+00
   0.2000000E+01   0.1218894E+02   0.3293482E+00   0.2049203E+02   0.6706518E+00   0.2437787E+02   0.0000000E+00
   0.1000000E+01   0.1378884E+02   0.3980758E+00   0.4218399E+02   0.6019242E+00   0.2757768E+02   0.0000000E+00
   0.4000000E+01   0.1274831E+02   0.3689427E+00   0.7774065E+02   0.6310573E+00   0.2549663E+02   0.0000000E+00
   0.1000000E+01   0.1508064E+02   0.4237748E+00   0.8522903E+02   0.5762252E+00   0.3016127E+02   0.0000000E+00
   0.1000000E+01   0.1386653E+02   0.4000233E+00   0.8938137E+02   0.5999767E+00   0.2773306E+02   0.0000000E+00
   0.1000000E+01   0.1318003E+02   0.3827775E+00   0.5488619E+02   0.6172225E+00   0.2636006E+02   0.0000000E+00
   0.1000000E+01   0.1286766E+02   0.3731027E+00   0.5405215E+02   0.6268973E+00   0.2573531E+02   0.0000000E+00
   0.2000000E+01   0.1264997E+02   0.3651378E+00   0.9456691E+02   0.6348622E+00   0.2529993E+02   0.0000000E+00
   0.2000000E+01   0.1218790E+02   0.3286946E+00   0.7327408E+02   0.6713054E+00   0.2437580E+02   0.0000000E+00
   0.1000000E+01   0.1246203E+02   0.3007223E+00   0.3796489E+02   0.6992777E+00   0.2492406E+02   0.0000000E+00
   0.1000000E+01   0.1291863E+02   0.3746222E+00   0.3657302E+02   0.6253778E+00   0.2583727E+02   0.0000000E+00
   0.2000000E+01   0.1296954E+02   0.3764724E+00   0.5828274E+02   0.6235276E+00   0.2593909E+02   0.0000000E+00
   0.1000000E+01   0.1251691E+02   0.2984324E+00   0.7709848E+02   0.7015676E+00   0.2503382E+02   0.0000000E+00
   0.7000000E+01   0.1219770E+02   0.3229897E+00   0.7401924E+02   0.6770103E+00   0.2439540E+02   0.0000000E+00
   0.2000000E+01   0.1281107E+02   0.2869803E+00   0.2844083E+02   0.7130197E+00   0.2562213E+02   0.0000000E+00
   0.4000000E+01   0.1298531E+02   0.2821820E+00   0.4607571E+02   0.7178180E+00   0.2597061E+02   0.0000000E+00
   0.4000000E+01   0.1244352E+02   0.3019211E+00   0.8528436E+02   0.6980789E+00   0.2488703E+02   0.0000000E+00
   0.1000000E+01   0.1377146E+02   0.2643671E+00   0.9179864E+02   0.7356329E+00   0.2754292E+02   0.0000000E+00
   0.3000000E+01   0.1220022E+02   0.3339314E+00   0.3686322E+02   0.6660686E+00   0.2440045E+02   0.0000000E+00
   0.5000000E+01   0.1223069E+02   0.3392666E+00   0.6609536E+02   0.6607334E+00   0.2446138E+02   0.0000000E+00
   0.1000000E+01   0.1223311E+02   0.3395648E+00   0.6257320E+02   0.6604352E+00   0.2446622E+02   0.0000000E+00
   0.3000000E+01   0.1231576E+02   0.3473930E+00   0.6292215E+02   0.6526070E+00   0.2463153E+02   0.0000000E+00
   0.1000000E+01   0.1223538E+02   0.3167488E+00   0.6771900E+02   0.6832512E+00   0.2447077E+02   0.0000000E+00
   0.1000000E+01   0.1225253E+02   0.3148418E+00   0.6349570E+02   0.6851582E+00   0.2450505E+02   0.0000000E+00
   0.3000000E+01   0.1239376E+02   0.3043409E+00   0.4027345E+02   0.6956591E+00   0.2478752E+02   0.0000000E+00
   0.1000000E+01   0.1285410E+02   0.2860188E+00   0.4599685E+02   0.7139812E+00   0.2570820E+02   0.0000000E+00
   0.1000000E+01   0.1331839E+02   0.2737862E+00   0.5111447E+02   0.7262138E+00   0.2663678E+02   0.0000000E+00
   0.2000000E+01   0.1275907E+02   0.2891718E+00   0.6462795E+02   0.7108282E+00   0.2551815E+02   0.0000000E+00
   0.2000000E+01   0.1218783E+02   0.3277073E+00   0.4948926E+02   0.6722927E+00   0.2437566E+02   0.0000000E+00
   0.1000000E+01   0.1239180E+02   0.3521469E+00   0.3082139E+02   0.6478531E+00   0.2478360E+02   0.0000000E+00
   0.1000000E+01   0.1251989E+02   0.2982879E+00   0.7207356E+02   0.7017121E+00   0.2503979E+02   0.0000000E+00
   0.3000000E+01   0.1255843E+02   0.2966307E+00   0.7125785E+02   0.7033693E+00   0.2511686E+02   0.0000000E+00
   0.3000000E+01   0.1255104E+02   0.3606507E+00   0.4109169E+02   0.6393493E+00   0.2510208E+02   0.0000000E+00
   0.1000000E+01   0.1223397E+02   0.3169324E+00   0.7196287E+02   0.6830676E+00   0.2446794E+02   0.0000000E+00
   0.1000000E+01   0.1228849E+02   0.3450605E+00   0.4197541E+02   0.6549395E+00   0.2457698E+02   0.0000000E+00
   0.4000000E+01   0.1274180E+02   0.3685963E+00   0.5042279E+02   0.6314037E+00   0.2548360E+02   0.0000000E+00
   0.2000000E+01   0.1246588E+02   0.3566613E+00   0.6455014E+02   0.6433387E+00   0.2493177E+02   0.0000000E+00
   0.1000000E+01   0.1254952E+02   0.2968913E+00   0.4854527E+02   0.7031087E+00   0.2509904E+02   0.0000000E+00
   0.2000000E+01   0.1223471E+02   0.3396475E+00   0.4376555E+02   0.6603525E+00   0.2446943E+02   0.0000000E+00
   0.2000000E+01   0.1348862E+02   0.3910232E+00   0.5856755E+02   0.6089768E+00   0.2697725E+02   0.0000000E+00
   0.2000000E+01   0.1222229E+02   0.3185017E+00   0.9719994E+02   0.6814983E+00   0.2444458E+02   0.0000000E+00
   0.2000000E+01   0.1244184E+02   0.3019998E+00   0.8170299E+02   0.6980002E+00   0.2488369E+02   0.0000000E+00
   0.5000000E+01   0.1254109E+02   0.2973916E+00   0.8399251E+02   0.7026084E+00   0.2508217E+02   0.0000000E+00
   0.2000000E+01   0.1229736E+02   0.3109060E+00   0.7824434E+02   0.6890940E+00   0.2459471E+02   0.0000000E+00
   0.3000000E+01   0.1218802E+02   0.3289819E+00   0.6267009E+02   0.6710181E+00   0.2437604E+02   0.0000000E+00
   0.1000000E+01   0.1220165E+02   0.3219726E+00   0.5832196E+02   0.6780274E+00   0.2440330E+02   0.0000000E+00
   0.1000000E+01   0.1258952E+02   0.3622499E+00   0.3414347E+02   0.6377501E+00   0.2517904E+02   0.0000000E+00
   0.2000000E+01   0.1236260E+02   0.3062767E+00   0.4869323E+02   0.6937233E+00   0.2472520E+02   0.0000000E+00
   0.4000000E+01   0.1279100E+02   0.2877818E+00   0.3293886E+02   0.7122182E+00   0.2558200E+02   0.0000000E+00
   0.1000000E+01   0.1227223E+02   0.3433238E+00   0.2869905E+02   0.6566762E+00   0.2454447E+02   0.0000000E+00
   0.3000000E+01   0.1234402E+02   0.3493935E+00   0.5428181E+02   0.6506065E+00   0.2468803E+02   0.0000000E+00
   0.3000000E+01   0.1250057E+02   0.2991363E+00   0.6582234E+02   0.7008637E+00   0.2500114E+02   0.0000000E+00
   0.3000000E+01   0.1221740E+02   0.3190624E+00   0.4970955E+02   0.6809376E+00   0.2443481E+02   0.0000000E+00
   0.2000000E+01   0.1291307E+02   0.2840880E+00   0.3551712E+02   0.7159120E+00   0.2582613E+02   0.0000000E+00
   0.2000000E+01   0.1222556E+02   0.3384963E+00   0.4877046E+02   0.6615037E+00   0.2445112E+02   0.0000000E+00
   0.2000000E+01   0.1218874E+02   0.3264458E+00   0.4650924E+02   0.6735542E+00   0.2437747E+02   0.0000000E+00
   0.2000000E+01   0.1239946E+02   0.3529370E+00   0.5557227E+02   0.6470630E+00   0.2479892E+02   0.0000000E+00
   0.2000000E+01   0.1282467E+02   0.3717121E+00   0.8521933E+02   0.6282879E+00   0.2564934E+02   0.0000000E+00
   0.1000000E+01   0.1226583E+02   0.3432028E+00   0.8699613E+02   0.6567972E+00   0.2453167E+02   0.0000000E+00
   0.1000000E+01   0.1220046E+02   0.3340473E+00   0.4118290E+02   0.6659527E+00   0.2440091E+02   0.0000000E+00
   0.2000000E+01   0.1220528E+02   0.3350900E+00   0.4054776E+02   0.6649100E+00   0.2441056E+02   0.0000000E+00
   0.1000000E+01   0.1234597E+02   0.3073175E+00   0.4761318E+02   0.6926825E+00   0.2469194E+02   0.0000000E+00
   0.4000000E+01   0.1221893E+02   0.3376668E+00   0.9037290E+02   0.6623332E+00   0.2443786E+02   0.0000000E+00
   0.6000000E+01   0.1229145E+02   0.3113604E+00   0.7224158E+02   0.6886396E+00   0.2458291E+02   0.0000000E+00
   0.1000000E+01   0.1263030E+02   0.2932478E+00   0.2844100E+02   0.7067522E+00   0.2526060E+02   0.0000000E+00
   0.2000000E+01   0.1218829E+02   0.3267255E+00   0.3871699E+02   0.6732745E+00   0.2437658E+02   0.0000000E+00
   0.5000000E+01   0.1220502E+02   0.3352079E+00   0.6976228E+02   0.6647921E+00   0.2441003E+02   0.0000000E+00
   0.1000000E+01   0.1221511E+02   0.3195712E+00   0.9543613E+02   0.6804288E+00   0.2443023E+02   0.0000000E+00
   0.7000000E+01   0.1232743E+02   0.3087292E+00   0.9922234E+02   0.6912708E+00   0.2465485E+02   0.0000000E+00
   0.2000000E+01   0.1219645E+02   0.3233245E+00   0.7146538E+02   0.6766755E+00   0.2439290E+02   0.0000000E+00
   0.1000000E+01   0.1221237E+02   0.3191720E+00   0.2403555E+02   0.6808280E+00   0.2442473E+02   0.0000000E+00
   0.1000000E+01   0.1291463E+02   0.3747107E+00   0.6198762E+02   0.6252893E+00   0.2582925E+02   0.0000000E+00
   0.2000000E+01   0.1263199E+02   0.3643486E+00   0.6760840E+02   0.6356514E+00   0.2526397E+02   0.0000000E+00
   0.1000000E+01   0.1220505E+02   0.3213206E+00   0.7625251E+02   0.6786794E+00   0.2441009E+02   0.0000000E+00
   0.2000000E+01   0.1229292E+02   0.3456444E+00   0.9897933E+02   0.6543556E+00   0.2458585E+02   0.0000000E+00
   0.2000000E+01   0.1221688E+02   0.3373494E+00   0.9052632E+02   0.6626506E+00   0.2443375E+02   0.0000000E+00
   0.2000000E+01   0.1219803E+02   0.3336357E+00   0.9010453E+02   0.6663643E+00   0.2439607E+02   0.0000000E+00
   0.3000000E+01   0.1218803E+02   0.3289944E+00   0.8895110E+02   0.6710056E+00   0.2437605E+02   0.0000000E+00
   0.6000000E+01   0.1350607E+02   0.2697503E+00   0.9250279E+02   0.7302497E+00   0.2701215E+02   0.0000000E+00
   0.2000000E+01   0.1242546E+02   0.3028493E+00   0.8351268E+02   0.6971507E+00   0.2485093E+02   0.0000000E+00
   0.1000000E+01   0.1219503E+02   0.3237781E+00   0.8583122E+02   0.6762219E+00   0.2439007E+02   0.0000000E+00
   0.2000000E+01   0.1219634E+02   0.3331495E+00   0.7719668E+02   0.6668505E+00   0.2439268E+02   0.0000000E+00
   0.1000000E+01   0.1221660E+02   0.3192828E+00   0.6782649E+02   0.6807172E+00   0.2443320E+02   0.0000000E+00
   0.1000000E+01   0.1288792E+02   0.2851641E+00   0.8655159E+02   0.7148359E+00   0.2577584E+02   0.0000000E+00
   0.5000000E+01   0.1306821E+02   0.3795688E+00   0.7162915E+02   0.6204312E+00   0.2613642E+02   0.0000000E+00
   0.1000000E+01   0.1257106E+02   0.3617276E+00   0.6832589E+02   0.6382724E+00   0.2514213E+02   0.0000000E+00
   0.1000000E+01   0.1262744E+02   0.2938655E+00   0.6732622E+02   0.7061345E+00   0.2525488E+02   0.0000000E+00
   0.1000000E+01   0.1260998E+02   0.2940735E+00   0.2947365E+02   0.7059265E+00   0.2521996E+02   0.0000000E+00
   0.2000000E+01   0.1292499E+02   0.3750452E+00   0.6056539E+02   0.6249548E+00   0.2584998E+02   0.0000000E+00
   0.6000000E+01   0.1320939E+02   0.3836959E+00   0.8593365E+02   0.6163041E+00   0.2641879E+02   0.0000000E+00
   0.1000000E+01   0.1308923E+02   0.3802070E+00   0.7571347E+02   0.6197930E+00   0.2617846E+02   0.0000000E+00
   0.1000000E+01   0.1514717E+02   0.4249038E+00   0.7054877E+02   0.5750962E+00   0.3029433E+02   0.0000000E+00
   0.3000000E+01   0.1471913E+02   0.4172363E+00   0.6769747E+02   0.5827637E+00   0.2943825E+02   0.0000000E+00
   0.1000000E+01   0.1596798E+02   0.4383620E+00   0.8536689E+02   0.5616380E+00   0.3193595E+02   0.0000000E+00
   0.3000000E+01   0.1437613E+02   0.4105608E+00   0.4635681E+02   0.5894392E+00   0.2875227E+02   0.0000000E+00
   0.4000000E+01   0.1298894E+02   0.2821341E+00   0.5235361E+02   0.7178659E+00   0.2597788E+02   0.0000000E+00
   0.2000000E+01   0.1258611E+02   0.2954757E+00   0.6475619E+02   0.7045243E+00   0.2517223E+02   0.0000000E+00
   0.2000000E+01   0.1246869E+02   0.3006525E+00   0.7290991E+02   0.6993475E+00   0.2493737E+02   0.0000000E+00
   0.2000000E+01   0.1226534E+02   0.3135486E+00   0.5509440E+02   0.6864514E+00   0.2453069E+02   0.0000000E+00
   0.2000000E+01   0.1223316E+02   0.3393222E+00   0.3498666E+02   0.6606778E+00   0.2446631E+02   0.0000000E+00
   0.2000000E+01   0.1221485E+02   0.3368968E+00   0.4904190E+02   0.6631032E+00   0.2442969E+02   0.0000000E+00
   0.1000000E+01   0.1219481E+02   0.3320845E+00   0.2444274E+02   0.6679155E+00   0.2438961E+02   0.0000000E+00
   0.1000000E+01   0.1343659E+02   0.2709062E+00   0.3522797E+02   0.7290938E+00   0.2687318E+02   0.0000000E+00
   0.3000000E+01   0.1294012E+02   0.2835623E+00   0.6043637E+02   0.7164377E+00   0.2588023E+02   0.0000000E+00
   0.1000000E+01   0.1237948E+02   0.3053524E+00   0.6439186E+02   0.6946476E+00   0.2475895E+02   0.0000000E+00
   0.2000000E+01   0.1246698E+02   0.3007392E+00   0.7455148E+02   0.6992608E+00   0.2493395E+02   0.0000000E+00
   0.3000000E+01   0.1428637E+02   0.2551751E+00   0.8899882E+02   0.7448249E+00   0.2857274E+02   0.0000000E+00
   0.2000000E+01   0.1375277E+02   0.2647245E+00   0.8823080E+02   0.7352755E+00   0.2750553E+02   0.0000000E+00
   0.1000000E+01   0.1305200E+02   0.2805444E+00   0.9821260E+02   0.7194556E+00   0.2610401E+02   0.0000000E+00
   0.7000000E+01   0.1218908E+02   0.3301082E+00   0.6886059E+02   0.6698918E+00   0.2437815E+02   0.0000000E+00
   0.1000000E+01   0.1219195E+02   0.3248389E+00   0.7316652E+02   0.6751611E+00   0.2438390E+02   0.0000000E+00
   0.4000000E+01   0.1246202E+02   0.3009401E+00   0.6209306E+02   0.6990599E+00   0.2492405E+02   0.0000000E+00
   0.2000000E+01   0.1264271E+02   0.3643083E+00   0.2789637E+02   0.6356917E+00   0.2528542E+02   0.0000000E+00
   0.1000000E+01   0.1231878E+02   0.3476239E+00   0.6390773E+02   0.6523761E+00   0.2463755E+02   0.0000000E+00
   0.3000000E+01   0.1270877E+02   0.2909209E+00   0.7626647E+02   0.7090791E+00   0.2541755E+02   0.0000000E+00
   0.6000000E+01   0.1230637E+02   0.3102318E+00   0.8771627E+02   0.6897682E+00   0.2461274E+02   0.0000000E+00
   0.1000000E+01   0.1296980E+02   0.2827085E+00   0.5878247E+02   0.7172915E+00   0.2593960E+02   0.0000000E+00
   0.2000000E+01   0.1381678E+02   0.2633910E+00   0.5505261E+02   0.7366090E+00   0.2763356E+02   0.0000000E+00
   0.1000000E+01   0.1389673E+02   0.2619768E+00   0.7938721E+02   0.7380232E+00   0.2779346E+02   0.0000000E+00
   0.2000000E+01   0.1269237E+02   0.2915078E+00   0.8040295E+02   0.7084922E+00   0.2538473E+02   0.0000000E+00
   0.3000000E+01   0.1321366E+02   0.2764169E+00   0.9794830E+02   0.7235831E+00   0.2642733E+02   0.0000000E+00
   0.1000000E+01   0.1223377E+02   0.3169373E+00   0.6578688E+02   0.6830627E+00   0.2446754E+02   0.0000000E+00
   0.2000000E+01   0.1221046E+02   0.3362545E+00   0.7499080E+02   0.6637455E+00   0.2442093E+02   0.0000000E+00
   0.1000000E+01   0.1218925E+02   0.3262629E+00   0.8355078E+02   0.6737371E+00   0.2437851E+02   0.0000000E+00
   0.1000000E+01   0.1309864E+02   0.2792898E+00   0.8094760E+02   0.7207102E+00   0.2619727E+02   0.0000000E+00
   0.3000000E+01   0.1292090E+02   0.2839470E+00   0.4025700E+02   0.7160530E+00   0.2584180E+02   0.0000000E+00
   0.2000000E+01   0.1221836E+02   0.3188162E+00   0.4074964E+02   0.6811838E+00   0.2443671E+02   0.0000000E+00
   0.1000000E+01   0.1230072E+02   0.3458667E+00   0.3119023E+02   0.6541333E+00   0.2460144E+02   0.0000000E+00
   0.2000000E+01   0.1291298E+02   0.3746525E+00   0.6096397E+02   0.6253475E+00   0.2582596E+02   0.0000000E+00
   0.1000000E+01   0.1235895E+02   0.3504740E+00   0.7593565E+02   0.6495260E+00   0.2471789E+02   0.0000000E+00
   0.2000000E+01   0.1242113E+02   0.3540354E+00   0.3851507E+02   0.6459646E+00   0.2484227E+02   0.0000000E+00
   0.2000000E+01   0.1238615E+02   0.3521676E+00   0.6332582E+02   0.6478324E+00   0.2477231E+02   0.0000000E+00
   0.5000000E+01   0.1227588E+02   0.3441388E+00   0.8236386E+02   0.6558612E+00   0.2455177E+02   0.0000000E+00
   0.1000000E+01   0.1245300E+02   0.3560457E+00   0.9966976E+02   0.6439543E+00   0.2490599E+02   0.0000000E+00
   0.1000000E+01   0.1239440E+02   0.3045305E+00   0.7760392E+02   0.6954695E+00   0.2478879E+02   0.0000000E+00
   0.1000000E+01   0.1218936E+02   0.3260930E+00   0.5826002E+02   0.6739070E+00   0.2437872E+02   0.0000000E+00
   0.1000000E+01   0.1418399E+02   0.2568204E+00   0.6073794E+02   0.7431796E+00   0.2836798E+02   0.0000000E+00
   0.2000000E+01   0.1439937E+02   0.2526799E+00   0.2673357E+02   0.7473201E+00   0.2879873E+02   0.0000000E+00
   0.1000000E+01   0.1289875E+02   0.2846724E+00   0.4609785E+02   0.7153276E+00   0.2579749E+02   0.0000000E+00
   0.3000000E+01   0.1226125E+02   0.3134179E+00   0.2721072E+02   0.6865821E+00   0.2452251E+02   0.0000000E+00
   0.2000000E+01   0.1230549E+02   0.3095305E+00   0.2458382E+02   0.6904695E+00   0.2461097E+02   0.0000000E+00
   0.4000000E+01   0.1219609E+02   0.3234646E+00   0.8878992E+02   0.6765354E+00   0.2439219E+02   0.0000000E+00
   0.1000000E+01   0.1230289E+02   0.3104564E+00   0.6957833E+02   0.6895436E+00   0.2460579E+02   0.0000000E+00
   0.1000000E+01   0.1351422E+02   0.2694910E+00   0.5905680E+02   0.7305090E+00   0.2702843E+02   0.0000000E+00
   0.3000000E+01   0.1264677E+02   0.2923811E+00   0.2406094E+02   0.7076189E+00   0.2529353E+02   0.0000000E+00
   0.1000000E+01   0.1228360E+02   0.3447448E+00   0.5501906E+02   0.6552552E+00   0.2456719E+02   0.0000000E+00
   0.1000000E+01   0.1294651E+02   0.3755038E+00   0.3525418E+02   0.6244962E+00   0.2589301E+02   0.0000000E+00
   0.1000000E+01   0.1245471E+02   0.3560756E+00   0.6510850E+02   0.6439244E+00   0.2490943E+02   0.0000000E+00
   0.1000000E+01   0.1273346E+02   0.3683640E+00   0.6824942E+02   0.6316360E+00   0.2546693E+02   0.0000000E+00
   0.2000000E+01   0.1224705E+02   0.3412415E+00   0.7364697E+02   0.6587585E+00   0.2449411E+02   0.0000000E+00
   0.1000000E+01   0.1237523E+02   0.3515287E+00   0.7897111E+02   0.6484713E+00   0.2475045E+02   0.0000000E+00
   0.2000000E+01   0.1359422E+02   0.3935632E+00   0.4818100E+02   0.6064368E+00   0.2718845E+02   0.0000000E+00
   0.2000000E+01   0.1246753E+02   0.3567912E+00   0.8365625E+02   0.6432088E+00   0.2493507E+02   0.0000000E+00
   0.5000000E+01   0.1219302E+02   0.3320835E+00   0.8318526E+02   0.6679165E+00   0.2438605E+02   0.0000000E+00
   0.1000000E+01   0.1221894E+02   0.3189853E+00   0.9676267E+02   0.6810147E+00   0.2443789E+02   0.0000000E+00
   0.4000000E+01   0.1385314E+02   0.2627830E+00   0.7593741E+02   0.7372170E+00   0.2770628E+02   0.0000000E+00
   0.8000000E+01   0.1437611E+02   0.2536945E+00   0.8212878E+02   0.7463055E+00   0.2875222E+02   0.0000000E+00
   0.1000000E+01   0.1389718E+02   0.2619630E+00   0.7687299E+02   0.7380370E+00   0.2779437E+02   0.0000000E+00
   0.3000000E+01   0.1330697E+02   0.2741434E+00   0.7057413E+02   0.7258566E+00   0.2661394E+02   0.0000000E+00
   0.5000000E+01   0.1224975E+02   0.3151917E+00   0.8930364E+02   0.6848083E+00   0.2449950E+02   0.0000000E+00
   0.3000000E+01   0.1326190E+02   0.2751742E+00   0.6175400E+02   0.7248258E+00   0.2652380E+02   0.0000000E+00
   0.3000000E+01   0.1226745E+02   0.3433238E+00   0.6914568E+02   0.6566762E+00   0.2453490E+02   0.0000000E+00
   0.2000000E+01   0.1226838E+02   0.3434539E+00   0.9254645E+02   0.6565461E+00   0.2453676E+02   0.0000000E+00
   0.4000000E+01   0.1346309E+02   0.3904628E+00   0.9741221E+02   0.6095372E+00   0.2692618E+02   0.0000000E+00
   0.1000000E+01   0.1387143E+02   0.4001049E+00   0.7307727E+02   0.5998951E+00   0.2774286E+02   0.0000000E+00
   0.2000000E+01   0.1226200E+02   0.3427773E+00   0.6392519E+02   0.6572227E+00   0.2452400E+02   0.0000000E+00
   0.1000000E+01   0.1225555E+02   0.3144486E+00   0.4887130E+02   0.6855514E+00   0.2451111E+02   0.0000000E+00
   0.2000000E+01   0.1392678E+02   0.2603574E+00   0.2106459E+02   0.7396426E+00   0.2785355E+02   0.0000000E+00
   0.1000000E+01   0.1253925E+02   0.2974008E+00   0.5973726E+02   0.7025992E+00   0.2507850E+02   0.0000000E+00
   0.1000000E+01   0.1226335E+02   0.3137288E+00   0.5396500E+02   0.6862712E+00   0.2452670E+02   0.0000000E+00
   0.1000000E+01   0.1229626E+02   0.3109913E+00   0.7769232E+02   0.6890087E+00   0.2459251E+02   0.0000000E+00
   0.5000000E+01   0.1239373E+02   0.3526702E+00   0.7996274E+02   0.6473298E+00   0.2478746E+02   0.0000000E+00
   0.1000000E+01   0.1221792E+02   0.3375094E+00   0.8808460E+02   0.6624906E+00   0.2443584E+02   0.0000000E+00
   0.2000000E+01   0.1274774E+02   0.2895024E+00   0.5448858E+02   0.7104976E+00   0.2549548E+02   0.0000000E+00
   0.2000000E+01   0.1261553E+02   0.2943724E+00   0.9015066E+02   0.7056276E+00   0.2523106E+02   0.0000000E+00
   0.2000000E+01   0.1263763E+02   0.2935277E+00   0.9021238E+02   0.7064723E+00   0.2527525E+02   0.0000000E+00
   0.3000000E+01   0.1339673E+02   0.2720726E+00   0.6378708E+02   0.7279274E+00   0.2679346E+02   0.0000000E+00
   0.3000000E+01   0.1288072E+02   0.2852844E+00   0.5553065E+02   0.7147156E+00   0.2576143E+02   0.0000000E+00
   0.1000000E+01   0.1362874E+02   0.2671649E+00   0.7491352E+02   0.7328351E+00   0.2725749E+02   0.0000000E+00
   0.1000000E+02   0.1366384E+02   0.2664673E+00   0.8016402E+02   0.7335327E+00   0.2732767E+02   0.0000000E+00
   0.5000000E+01   0.1219568E+02   0.3231855E+00   0.3421595E+02   0.6768145E+00   0.2439135E+02   0.0000000E+00
   0.1000000E+01   0.1348199E+02   0.2696441E+00   0.2723908E+02   0.7303559E+00   0.2696398E+02   0.0000000E+00
   0.5000000E+01   0.1243513E+02   0.3018499E+00   0.2968153E+02   0.6981501E+00   0.2487025E+02   0.0000000E+00
   0.2000000E+01   0.1227049E+02   0.3426890E+00   0.2101011E+02   0.6573110E+00   0.2454098E+02   0.0000000E+00
   0.1000000E+01   0.1383464E+02   0.2631663E+00   0.9732981E+02   0.7368337E+00   0.2766928E+02   0.0000000E+00
   0.3000000E+01   0.1227688E+02   0.3126126E+00   0.8911136E+02   0.6873874E+00   0.2455376E+02   0.0000000E+00
   0.4000000E+01   0.1222908E+02   0.3391097E+00   0.9646374E+02   0.6608903E+00   0.2445816E+02   0.0000000E+00
   0.3000000E+01   0.1220026E+02   0.3223215E+00   0.6507944E+02   0.6776785E+00   0.2440053E+02   0.0000000E+00
   0.2000000E+01   0.1237655E+02   0.3516352E+00   0.9538075E+02   0.6483648E+00   0.2475311E+02   0.0000000E+00
   0.1000000E+01   0.1238489E+02   0.3521514E+00   0.9377098E+02   0.6478486E+00   0.2476977E+02   0.0000000E+00
   0.5000000E+01   0.1322700E+02   0.2760733E+00   0.8381290E+02   0.7239267E+00   0.2645400E+02   0.0000000E+00
   0.1000000E+01   0.1255235E+02   0.3609147E+00   0.8386961E+02   0.6390853E+00   0.2510469E+02   0.0000000E+00
   0.1000000E+01   0.1253632E+02   0.3600281E+00   0.4645584E+02   0.6399719E+00   0.2507263E+02   0.0000000E+00
   0.2000000E+01   0.1309230E+02   0.3799632E+00   0.3299982E+02   0.6200368E+00   0.2618461E+02   0.0000000E+00
   0.1000000E+01   0.1369418E+02   0.3960504E+00   0.7176961E+02   0.6039496E+00   0.2738836E+02   0.0000000E+00
   0.2000000E+01   0.1219536E+02   0.3236704E+00   0.8250662E+02   0.6763296E+00   0.2439073E+02   0.0000000E+00
   0.1000000E+01   0.1218781E+02   0.3280758E+00   0.6389630E+02   0.6719242E+00   0.2437563E+02   0.0000000E+00
   0.1000000E+01   0.1230333E+02   0.3463088E+00   0.4421572E+02   0.6536912E+00   0.2460665E+02   0.0000000E+00
   0.1000000E+01   0.1232471E+02   0.3084344E+00   0.3066046E+02   0.6915656E+00   0.2464941E+02   0.0000000E+00
   0.1000000E+01   0.1228870E+02   0.3112906E+00   0.3599910E+02   0.6887094E+00   0.2457741E+02   0.0000000E+00
   0.3000000E+01   0.1228343E+02   0.3443642E+00   0.2957292E+02   0.6556358E+00   0.2456686E+02   0.0000000E+00
   0.1000000E+01   0.1237703E+02   0.3515449E+00   0.5165050E+02   0.6484551E+00   0.2475406E+02   0.0000000E+00
   0.1000000E+01   0.1333309E+02   0.3869383E+00   0.4761275E+02   0.6130617E+00   0.2666618E+02   0.0000000E+00
   0.1000000E+01   0.1268907E+02   0.3664914E+00   0.4158678E+02   0.6335086E+00   0.2537814E+02   0.0000000E+00
   0.1000000E+01   0.1307820E+02   0.3792221E+00   0.2477227E+02   0.6207779E+00   0.2615641E+02   0.0000000E+00
   0.1000000E+01   0.1294145E+02   0.3755874E+00   0.6222684E+02   0.6244126E+00   0.2588291E+02   0.0000000E+00
   0.1000000E+01   0.1345905E+02   0.3902944E+00   0.6290965E+02   0.6097056E+00   0.2691809E+02   0.0000000E+00
   0.5000000E+01   0.1326984E+02   0.2750545E+00   0.8924503E+02   0.7249455E+00   0.2653967E+02   0.0000000E+00
   0.2000000E+01   0.1219263E+02   0.3319258E+00   0.7579747E+02   0.6680742E+00   0.2438527E+02   0.0000000E+00
   0.2000000E+01   0.1248632E+02   0.3576623E+00   0.5426994E+02   0.6423377E+00   0.2497265E+02   0.0000000E+00
   0.2000000E+01   0.1427950E+02   0.4087692E+00   0.8250263E+02   0.5912308E+00   0.2855899E+02   0.0000000E+00
   0.1000000E+01   0.1226292E+02   0.3428801E+00   0.6784670E+02   0.6571199E+00   0.2452583E+02   0.0000000E+00
   0.4000000E+01   0.1264982E+02   0.2922641E+00   0.2401966E+02   0.7077359E+00   0.2529964E+02   0.0000000E+00
   0.1000000E+01   0.1278173E+02   0.2875869E+00   0.2287461E+02   0.7124131E+00   0.2556346E+02   0.0000000E+00
   0.1000000E+01   0.1323949E+02   0.2755594E+00   0.4215600E+02   0.7244406E+00   0.2647899E+02   0.0000000E+00
   0.5000000E+01   0.1293392E+02   0.2836307E+00   0.4502240E+02   0.7163693E+00   0.2586784E+02   0.0000000E+00
   0.2000000E+01   0.1262522E+02   0.3639106E+00   0.4221170E+02   0.6360894E+00   0.2525043E+02   0.0000000E+00
   0.1000000E+01   0.1254387E+02   0.3604356E+00   0.5432355E+02   0.6395644E+00   0.2508773E+02   0.0000000E+00
   0.1000000E+01   0.1257906E+02   0.3620661E+00   0.6321764E+02   0.6379339E+00   0.2515811E+02   0.0000000E+00
   0.4000000E+01   0.1218787E+02   0.3286333E+00   0.6522330E+02   0.6713667E+00   0.2437575E+02   0.0000000E+00
   0.1000000E+01   0.1255576E+02   0.3610508E+00   0.7334796E+02   0.6389492E+00   0.2511152E+02   0.0000000E+00
   0.3000000E+01   0.1289073E+02   0.3739459E+00   0.7116437E+02   0.6260541E+00   0.2578145E+02   0.0000000E+00
   0.1000000E+01   0.1283746E+02   0.3721455E+00   0.7777130E+02   0.6278545E+00   0.2567491E+02   0.0000000E+00
   0.2000000E+01   0.1239442E+02   0.3045590E+00   0.9696239E+02   0.6954410E+00   0.2478885E+02   0.0000000E+00
   0.1000000E+01   0.1241305E+02   0.3537467E+00   0.5851982E+02   0.6462533E+00   0.2482610E+02   0.0000000E+00
   0.7000000E+01   0.1241927E+02   0.3028035E+00   0.3352798E+02   0.6971965E+00   0.2483854E+02   0.0000000E+00
   0.3000000E+01   0.1219188E+02   0.3244843E+00   0.3437903E+02   0.6755157E+00   0.2438376E+02   0.0000000E+00
   0.2000000E+01   0.1235129E+02   0.3495216E+00   0.2948596E+02   0.6504784E+00   0.2470258E+02   0.0000000E+00
   0.1000000E+01   0.1227278E+02   0.3438431E+00   0.7647094E+02   0.6561569E+00   0.2454556E+02   0.0000000E+00
   0.1000000E+01   0.1313163E+02   0.2783722E+00   0.5903982E+02   0.7216278E+00   0.2626325E+02   0.0000000E+00
   0.2000000E+01   0.1389359E+02   0.2620418E+00   0.8296607E+02   0.7379582E+00   0.2778718E+02   0.0000000E+00
   0.7000000E+01   0.1372009E+02   0.2652385E+00   0.5163366E+02   0.7347615E+00   0.2744017E+02   0.0000000E+00
   0.2000000E+01   0.1227590E+02   0.3441287E+00   0.7603868E+02   0.6558713E+00   0.2455180E+02   0.0000000E+00
   0.4000000E+01   0.1344192E+02   0.3899021E+00   0.8008280E+02   0.6100979E+00   0.2688385E+02   0.0000000E+00
   0.1000000E+01   0.1233425E+02   0.3487660E+00   0.6796610E+02   0.6512340E+00   0.2466849E+02   0.0000000E+00
   0.1000000E+01   0.1243436E+02   0.3549541E+00   0.5979775E+02   0.6450459E+00   0.2486872E+02   0.0000000E+00
   0.2000000E+01   0.1322385E+02   0.3839564E+00   0.4686619E+02   0.6160436E+00   0.2644770E+02   0.0000000E+00
   0.3000000E+01   0.1301630E+02   0.3778873E+00   0.4934790E+02   0.6221127E+00   0.2603260E+02   0.0000000E+00
   0.1000000E+01   0.1258046E+02   0.3620896E+00   0.5462282E+02   0.6379104E+00   0.2516092E+02   0.0000000E+00
   0.1000000E+01   0.1300556E+02   0.3772799E+00   0.3135327E+02   0.6227201E+00   0.2601111E+02   0.0000000E+00
   0.2000000E+01   0.1249786E+02   0.3577386E+00   0.2636991E+02   0.6422614E+00   0.2499572E+02   0.0000000E+00
   0.2000000E+01   0.1251257E+02   0.3590475E+00   0.8491529E+02   0.6409525E+00   0.2502514E+02   0.0000000E+00
   0.1000000E+01   0.1218881E+02   0.3299108E+00   0.7780013E+02   0.6700892E+00   0.2437762E+02   0.0000000E+00
   0.4000000E+01   0.1229898E+02   0.3107999E+00   0.8994651E+02   0.6892001E+00   0.2459795E+02   0.0000000E+00
   0.2000000E+01   0.1235892E+02   0.3066591E+00   0.9363853E+02   0.6933409E+00   0.2471784E+02   0.0000000E+00
   0.2000000E+01   0.1218872E+02   0.3297703E+00   0.4921494E+02   0.6702297E+00   0.2437745E+02   0.0000000E+00
   0.1000000E+01   0.1237098E+02   0.3053109E+00   0.2741492E+02   0.6946891E+00   0.2474196E+02   0.0000000E+00
   0.1000000E+01   0.1271263E+02   0.2904319E+00   0.3372268E+02   0.7095681E+00   0.2542526E+02   0.0000000E+00
   0.1000000E+01   0.1227721E+02   0.3116663E+00   0.2269630E+02   0.6883337E+00   0.2455442E+02   0.0000000E+00
   0.1000000E+01   0.1239806E+02   0.3528375E+00   0.5280312E+02   0.6471625E+00   0.2479611E+02   0.0000000E+00
   0.1000000E+01   0.1227067E+02   0.3131422E+00   0.7743289E+02   0.6868578E+00   0.2454134E+02   0.0000000E+00
   0.1000000E+01   0.1225675E+02   0.3423074E+00   0.9535690E+02   0.6576926E+00   0.2451349E+02   0.0000000E+00
   0.3000000E+01   0.1312724E+02   0.2785599E+00   0.8554264E+02   0.7214401E+00   0.2625449E+02   0.0000000E+00
   0.6000000E+01   0.1264362E+02   0.3648580E+00   0.8015478E+02   0.6351420E+00   0.2528723E+02   0.0000000E+00
   0.2000000E+01   0.1240261E+02   0.3531892E+00   0.7474007E+02   0.6468108E+00   0.2480522E+02   0.0000000E+00
   0.1000000E+01   0.1232801E+02   0.3483624E+00   0.9183898E+02   0.6516376E+00   0.2465602E+02   0.0000000E+00
   0.3000000E+01   0.1224941E+02   0.3415226E+00   0.8634766E+02   0.6584774E+00   0.2449883E+02   0.0000000E+00
   0.3000000E+01   0.1234127E+02   0.3076809E+00   0.5512247E+02   0.6923191E+00   0.2468255E+02   0.0000000E+00
   0.1000000E+01   0.1284523E+02   0.2863399E+00   0.5150760E+02   0.7136601E+00   0.2569047E+02   0.0000000E+00
   0.3000000E+01   0.1271914E+02   0.2903637E+00   0.4207082E+02   0.7096363E+00   0.2543827E+02   0.0000000E+00
   0.1000000E+01   0.1255814E+02   0.2962314E+00   0.3132436E+02   0.7037686E+00   0.2511628E+02   0.0000000E+00
   0.1000000E+01   0.1224166E+02   0.3404457E+00   0.4081553E+02   0.6595543E+00   0.2448332E+02   0.0000000E+00
   0.2000000E+01   0.1283344E+02   0.3719326E+00   0.5525242E+02   0.6280674E+00   0.2566689E+02   0.0000000E+00
   0.1000000E+01   0.1254370E+02   0.3600036E+00   0.2802454E+02   0.6399964E+00   0.2508740E+02   0.0000000E+00
   0.1000000E+01   0.1226031E+02   0.3137885E+00   0.3537854E+02   0.6862115E+00   0.2452062E+02   0.0000000E+00
   0.3000000E+01   0.1226307E+02   0.3136171E+00   0.4026094E+02   0.6863829E+00   0.2452613E+02   0.0000000E+00
   0.3000000E+01   0.1224441E+02   0.3155388E+00   0.4202047E+02   0.6844612E+00   0.2448882E+02   0.0000000E+00
   0.5000000E+01   0.1231975E+02   0.3089006E+00   0.3468366E+02   0.6910994E+00   0.2463950E+02   0.0000000E+00
   0.1000000E+01   0.1352555E+02   0.3916609E+00   0.3289736E+02   0.6083391E+00   0.2705110E+02   0.0000000E+00
   0.1000000E+01   0.1220470E+02   0.3211821E+00   0.4206482E+02   0.6788179E+00   0.2440940E+02   0.0000000E+00
   0.3000000E+01   0.1218954E+02   0.3304242E+00   0.6757724E+02   0.6695758E+00   0.2437908E+02   0.0000000E+00
   0.2000000E+01   0.1385064E+02   0.2625338E+00   0.3636059E+02   0.7374662E+00   0.2770129E+02   0.0000000E+00
   0.4000000E+01   0.1318553E+02   0.2766098E+00   0.3022832E+02   0.7233902E+00   0.2637107E+02   0.0000000E+00
   0.1000000E+01   0.1268261E+02   0.3661906E+00   0.3833648E+02   0.6338094E+00   0.2536522E+02   0.0000000E+00
   0.2000000E+01   0.1262804E+02   0.3640866E+00   0.4804069E+02   0.6359134E+00   0.2525607E+02   0.0000000E+00
   0.2000000E+01   0.1218868E+02   0.3297588E+00   0.5872897E+02   0.6702412E+00   0.2437735E+02   0.0000000E+00
   0.6000000E+01   0.1223781E+02   0.3164191E+00   0.5744305E+02   0.6835809E+00   0.2447561E+02   0.0000000E+00
   0.2000000E+01   0.1222746E+02   0.3176757E+00   0.5384677E+02   0.6823243E+00   0.2445492E+02   0.0000000E+00
   0.1000000E+01   0.1220946E+02   0.3202468E+00   0.3975693E+02   0.6797532E+00   0.2441891E+02   0.0000000E+00
   0.3000000E+01   0.1253225E+02   0.3591132E+00   0.2204078E+02   0.6408868E+00   0.2506450E+02   0.0000000E+00
   0.3000000E+01   0.1219422E+02   0.3322848E+00   0.3774612E+02   0.6677152E+00   0.2438845E+02   0.0000000E+00
   0.1000000E+01   0.1223995E+02   0.3404169E+00   0.6800970E+02   0.6595831E+00   0.2447991E+02   0.0000000E+00
   0.1000000E+01   0.1227087E+02   0.3131066E+00   0.7058495E+02   0.6868934E+00   0.2454175E+02   0.0000000E+00
   0.3000000E+01   0.1225913E+02   0.3425042E+00   0.6868112E+02   0.6574958E+00   0.2451825E+02   0.0000000E+00
   0.2000000E+01   0.1227113E+02   0.3436835E+00   0.7384655E+02   0.6563165E+00   0.2454226E+02   0.0000000E+00
   0.1000000E+01   0.1251000E+02   0.3589253E+00   0.8652455E+02   0.6410747E+00   0.2502000E+02   0.0000000E+00
   0.1000000E+01   0.1253154E+02   0.3594813E+00   0.2918476E+02   0.6405187E+00   0.2506307E+02   0.0000000E+00
   0.2000000E+01   0.1251477E+02   0.2979939E+00   0.2845589E+02   0.7020061E+00   0.2502953E+02   0.0000000E+00
   0.5000000E+01   0.1231446E+02   0.3472588E+00   0.5508267E+02   0.6527412E+00   0.2462891E+02   0.0000000E+00
   0.1000000E+01   0.1254780E+02   0.3604895E+00   0.4018850E+02   0.6395105E+00   0.2509559E+02   0.0000000E+00
   0.2000000E+01   0.1237746E+02   0.3044742E+00   0.2117888E+02   0.6955258E+00   0.2475493E+02   0.0000000E+00
   0.1000000E+01   0.1249909E+02   0.2986326E+00   0.2699634E+02   0.7013674E+00   0.2499819E+02   0.0000000E+00
   0.3000000E+01   0.1246817E+02   0.3000855E+00   0.2701163E+02   0.6999145E+00   0.2493634E+02   0.0000000E+00
   0.1000000E+01   0.1226126E+02   0.3138202E+00   0.4237850E+02   0.6861798E+00   0.2452251E+02   0.0000000E+00
   0.3000000E+01   0.1226099E+02   0.3424066E+00   0.3433036E+02   0.6575934E+00   0.2452198E+02   0.0000000E+00
   0.2000000E+01   0.1220710E+02   0.3356249E+00   0.7153149E+02   0.6643751E+00   0.2441420E+02   0.0000000E+00
   0.2000000E+01   0.1256725E+02   0.3615910E+00   0.8490231E+02   0.6384090E+00   0.2513449E+02   0.0000000E+00
   0.4000000E+01   0.1227412E+02   0.3439642E+00   0.7516255E+02   0.6560358E+00   0.2454824E+02   0.0000000E+00
   0.1000000E+01   0.1220637E+02   0.3209268E+00   0.4854425E+02   0.6790732E+00   0.2441274E+02   0.0000000E+00
   0.2000000E+01   0.1446250E+02   0.4123821E+00   0.7488143E+02   0.5876179E+00   0.2892501E+02   0.0000000E+00
   0.8000000E+01   0.1218936E+02   0.3262082E+00   0.9278389E+02   0.6737918E+00   0.2437872E+02   0.0000000E+00
   0.2000000E+01   0.1218787E+02   0.3279969E+00   0.9500472E+02   0.6720031E+00   0.2437574E+02   0.0000000E+00
   0.1000000E+01   0.1225698E+02   0.3144364E+00   0.7797293E+02   0.6855636E+00   0.2451395E+02   0.0000000E+00
   0.1000000E+01   0.1333569E+02   0.2735180E+00   0.9013963E+02   0.7264820E+00   0.2667139E+02   0.0000000E+00
   0.3000000E+01   0.1330729E+02   0.2741580E+00   0.7975417E+02   0.7258420E+00   0.2661458E+02   0.0000000E+00
   0.2000000E+01   0.1419757E+02   0.2566762E+00   0.9930340E+02   0.7433238E+00   0.2839513E+02   0.0000000E+00
   0.5000000E+01   0.1409892E+02   0.2583705E+00   0.9747866E+02   0.7416295E+00   0.2819785E+02   0.0000000E+00
   0.1000000E+01   0.1423049E+02   0.2561174E+00   0.9674574E+02   0.7438826E+00   0.2846098E+02   0.0000000E+00
   0.2000000E+01   0.1292653E+02   0.2839699E+00   0.6396954E+02   0.7160301E+00   0.2585307E+02   0.0000000E+00
   0.2000000E+01   0.1462374E+02   0.2498056E+00   0.8271379E+02   0.7501944E+00   0.2924749E+02   0.0000000E+00
   0.1000000E+01   0.1369938E+02   0.2657801E+00   0.9408636E+02   0.7342199E+00   0.2739876E+02   0.0000000E+00
   0.2000000E+01   0.1245898E+02   0.3011047E+00   0.6614235E+02   0.6988953E+00   0.2491795E+02   0.0000000E+00
   0.5000000E+01   0.1694429E+02   0.2208281E+00   0.6007776E+02   0.7791719E+00   0.3388859E+02   0.0000000E+00
   0.5000000E+01   0.1477522E+02   0.2475233E+00   0.7764766E+02   0.7524767E+00   0.2955043E+02   0.0000000E+00
   0.1000000E+01   0.1238212E+02   0.3052544E+00   0.8842100E+02   0.6947456E+00   0.2476424E+02   0.0000000E+00
   0.4000000E+01   0.1218786E+02   0.3274450E+00   0.4226167E+02   0.6725550E+00   0.2437573E+02   0.0000000E+00
   0.1000000E+01   0.1221876E+02   0.3185967E+00   0.3317987E+02   0.6814033E+00   0.2443753E+02   0.0000000E+00
   0.4000000E+01   0.1258272E+02   0.3618552E+00   0.3056580E+02   0.6381448E+00   0.2516543E+02   0.0000000E+00
   0.2000000E+01   0.1283230E+02   0.3718391E+00   0.4734736E+02   0.6281609E+00   0.2566460E+02   0.0000000E+00
   0.1000000E+01   0.1234606E+02   0.3496255E+00   0.8551588E+02   0.6503745E+00   0.2469212E+02   0.0000000E+00
   0.2000000E+01   0.1218806E+02   0.3290474E+00   0.8089171E+02   0.6709526E+00   0.2437611E+02   0.0000000E+00
   0.2000000E+01   0.1219151E+02   0.3250429E+00   0.8072074E+02   0.6749571E+00   0.2438303E+02   0.0000000E+00
   0.5000000E+01   0.1219274E+02   0.3245467E+00   0.8049675E+02   0.6754533E+00   0.2438549E+02   0.0000000E+00
   0.1000000E+01   0.1219483E+02   0.3237579E+00   0.5932023E+02   0.6762421E+00   0.2438967E+02   0.0000000E+00
   0.1000000E+01   0.1230012E+02   0.3461533E+00   0.5912012E+02   0.6538467E+00   0.2460025E+02   0.0000000E+00
   0.1000000E+01   0.1238168E+02   0.3052114E+00   0.6137815E+02   0.6947886E+00   0.2476335E+02   0.0000000E+00
   0.2000000E+01   0.1231306E+02   0.3097386E+00   0.8980307E+02   0.6902614E+00   0.2462612E+02   0.0000000E+00
   0.1000000E+01   0.1219205E+02   0.3248186E+00   0.8063449E+02   0.6751814E+00   0.2438410E+02   0.0000000E+00
   0.1000000E+01   0.1218785E+02   0.3284169E+00   0.9180738E+02   0.6715831E+00   0.2437569E+02   0.0000000E+00
   0.1000000E+01   0.1311107E+02   0.3808706E+00   0.8567544E+02   0.6191294E+00   0.2622215E+02   0.0000000E+00
   0.2000000E+01   0.1281406E+02   0.3711586E+00   0.4321863E+02   0.6288414E+00   0.2562811E+02   0.0000000E+00
   0.1000000E+01   0.1276046E+02   0.3694166E+00   0.9441460E+02   0.6305834E+00   0.2552091E+02   0.0000000E+00
   0.4000000E+01   0.1219068E+02   0.3310982E+00   0.9372359E+02   0.6689018E+00   0.2438135E+02   0.0000000E+00
   0.1000000E+01   0.1244018E+02   0.3020423E+00   0.6538923E+02   0.6979577E+00   0.2488036E+02   0.0000000E+00
   0.1000000E+01   0.1239794E+02   0.3042994E+00   0.6610098E+02   0.6957006E+00   0.2479589E+02   0.0000000E+00
   0.3000000E+01   0.1220731E+02   0.3352235E+00   0.2853564E+02   0.6647765E+00   0.2441462E+02   0.0000000E+00
   0.1000000E+01   0.1219174E+02   0.3314031E+00   0.4068778E+02   0.6685969E+00   0.2438347E+02   0.0000000E+00
   0.1000000E+01   0.1233876E+02   0.3489356E+00   0.4286047E+02   0.6510644E+00   0.2467751E+02   0.0000000E+00
   0.1000000E+01   0.1248266E+02   0.2994743E+00   0.2871490E+02   0.7005257E+00   0.2496531E+02   0.0000000E+00
   0.1000000E+01   0.1315968E+02   0.2776566E+00   0.5799844E+02   0.7223434E+00   0.2631936E+02   0.0000000E+00
   0.1000000E+01   0.1234765E+02   0.3492336E+00   0.2838177E+02   0.6507664E+00   0.2469529E+02   0.0000000E+00
   0.1000000E+01   0.1251376E+02   0.3588380E+00   0.3710588E+02   0.6411620E+00   0.2502751E+02   0.0000000E+00
   0.1000000E+01   0.1225890E+02   0.3138967E+00   0.3418303E+02   0.6861033E+00   0.2451779E+02   0.0000000E+00
   0.1000000E+01   0.1232977E+02   0.3085106E+00   0.6819172E+02   0.6914894E+00   0.2465955E+02   0.0000000E+00
   0.1000000E+01   0.1221669E+02   0.3192779E+00   0.7089213E+02   0.6807221E+00   0.2443339E+02   0.0000000E+00
   0.5000000E+01   0.1240413E+02   0.3522547E+00   0.2026506E+02   0.6477453E+00   0.2480826E+02   0.0000000E+00
   0.1000000E+01   0.1220546E+02   0.3208177E+00   0.3215022E+02   0.6791823E+00   0.2441091E+02   0.0000000E+00
   0.3000000E+01   0.1245195E+02   0.3559352E+00   0.6718374E+02   0.6440648E+00   0.2490391E+02   0.0000000E+00
   0.1000000E+01   0.1275824E+02   0.2891962E+00   0.6370665E+02   0.7108038E+00   0.2551647E+02   0.0000000E+00
   0.1000000E+01   0.1268831E+02   0.2914900E+00   0.4571929E+02   0.7085100E+00   0.2537662E+02   0.0000000E+00
   0.2000000E+01   0.1254787E+02   0.2970344E+00   0.5998454E+02   0.7029656E+00   0.2509574E+02   0.0000000E+00
   0.1000000E+01   0.1237223E+02   0.3055666E+00   0.3860962E+02   0.6944334E+00   0.2474447E+02   0.0000000E+00
   0.1000000E+01   0.1235281E+02   0.3499257E+00   0.4548421E+02   0.6500743E+00   0.2470562E+02   0.0000000E+00
   0.4000000E+01   0.1218881E+02   0.3262759E+00   0.3994363E+02   0.6737241E+00   0.2437761E+02   0.0000000E+00
   0.4000000E+01   0.1219626E+02   0.3331264E+00   0.7765359E+02   0.6668736E+00   0.2439251E+02   0.0000000E+00
   0.4000000E+01   0.1219074E+02   0.3311330E+00   0.9698651E+02   0.6688670E+00   0.2438148E+02   0.0000000E+00
   0.5000000E+01   0.1230259E+02   0.3464270E+00   0.9184827E+02   0.6535730E+00   0.2460517E+02   0.0000000E+00
   0.2000000E+01   0.1218917E+02   0.3263484E+00   0.9765014E+02   0.6736516E+00   0.2437834E+02   0.0000000E+00
   0.3000000E+01   0.1221134E+02   0.3201750E+00   0.8395084E+02   0.6798250E+00   0.2442269E+02   0.0000000E+00
   0.1000000E+01   0.1421548E+02   0.2563224E+00   0.7059460E+02   0.7436776E+00   0.2843096E+02   0.0000000E+00
   0.1000000E+01   0.1340478E+02   0.2717331E+00   0.4218770E+02   0.7282669E+00   0.2680957E+02   0.0000000E+00
   0.1000000E+01   0.1228414E+02   0.3116118E+00   0.3367033E+02   0.6883882E+00   0.2456828E+02   0.0000000E+00
   0.1000000E+01   0.1218968E+02   0.3258916E+00   0.5865784E+02   0.6741084E+00   0.2437936E+02   0.0000000E+00
   0.1000000E+01   0.1219460E+02   0.3238056E+00   0.5515309E+02   0.6761944E+00   0.2438921E+02   0.0000000E+00
   0.4000000E+01   0.1271692E+02   0.3676129E+00   0.4540062E+02   0.6323871E+00   0.2543383E+02   0.0000000E+00
   0.3000000E+01   0.1380169E+02   0.3978775E+00   0.2451351E+02   0.6021225E+00   0.2760338E+02   0.0000000E+00
   0.2000000E+01   0.1374309E+02   0.3965392E+00   0.2460443E+02   0.6034608E+00   0.2748617E+02   0.0000000E+00
   0.2000000E+01   0.1312405E+02   0.3804368E+00   0.2267550E+02   0.6195632E+00   0.2624811E+02   0.0000000E+00
   0.5000000E+01   0.1250723E+02   0.3579541E+00   0.2249889E+02   0.6420459E+00   0.2501446E+02   0.0000000E+00
   0.1000000E+01   0.1219143E+02   0.3245957E+00   0.3193484E+02   0.6754043E+00   0.2438285E+02   0.0000000E+00
   0.2000000E+01   0.1222377E+02   0.3179216E+00   0.3467373E+02   0.6820784E+00   0.2444753E+02   0.0000000E+00
   0.1000000E+01   0.1308623E+02   0.2795317E+00   0.5630894E+02   0.7204683E+00   0.2617247E+02   0.0000000E+00
   0.1000000E+01   0.1220724E+02   0.3209120E+00   0.8414223E+02   0.6790880E+00   0.2441447E+02   0.0000000E+00
   0.5000000E+01   0.1249989E+02   0.3581446E+00   0.3617148E+02   0.6418554E+00   0.2499977E+02   0.0000000E+00
   0.1000000E+01   0.1260260E+02   0.3630760E+00   0.5916801E+02   0.6369240E+00   0.2520520E+02   0.0000000E+00
   0.1000000E+01   0.1229985E+02   0.3461269E+00   0.5820773E+02   0.6538731E+00   0.2459970E+02   0.0000000E+00
   0.1000000E+01   0.1237018E+02   0.3506135E+00   0.2605550E+02   0.6493865E+00   0.2474036E+02   0.0000000E+00
   0.4000000E+01   0.1244626E+02   0.3017873E+00   0.8841079E+02   0.6982127E+00   0.2489252E+02   0.0000000E+00
   0.1000000E+01   0.1218919E+02   0.3301894E+00   0.6844244E+02   0.6698106E+00   0.2437838E+02   0.0000000E+00
   0.3000000E+01   0.1219253E+02   0.3318730E+00   0.6935262E+02   0.6681270E+00   0.2438506E+02   0.0000000E+00
   0.3000000E+01   0.1248710E+02   0.2998093E+00   0.8844076E+02   0.7001907E+00   0.2497420E+02   0.0000000E+00
   0.2000000E+01   0.1220995E+02   0.3359881E+00   0.4135951E+02   0.6640119E+00   0.2441990E+02   0.0000000E+00
   0.1000000E+01   0.1223248E+02   0.3393973E+00   0.4689387E+02   0.6606027E+00   0.2446497E+02   0.0000000E+00
   0.3000000E+01   0.1235024E+02   0.3069138E+00   0.3786680E+02   0.6930862E+00   0.2470049E+02   0.0000000E+00
   0.2000000E+01   0.1232987E+02   0.3084000E+00   0.4865181E+02   0.6916000E+00   0.2465973E+02   0.0000000E+00
   0.4000000E+01   0.1240402E+02   0.3038134E+00   0.4366471E+02   0.6961866E+00   0.2480804E+02   0.0000000E+00
   0.1000000E+01   0.1268064E+02   0.2919101E+00   0.7283353E+02   0.7080899E+00   0.2536128E+02   0.0000000E+00
   0.1000000E+02   0.1232705E+02   0.3084263E+00   0.3635948E+02   0.6915737E+00   0.2465409E+02   0.0000000E+00
   0.8000000E+01   0.1222676E+02   0.3386850E+00   0.5234733E+02   0.6613150E+00   0.2445352E+02   0.0000000E+00
   0.2000000E+01   0.1225308E+02   0.3147147E+00   0.5083221E+02   0.6852853E+00   0.2450616E+02   0.0000000E+00
   0.2000000E+01   0.1258091E+02   0.2956032E+00   0.4980735E+02   0.7043968E+00   0.2516182E+02   0.0000000E+00
   0.7000000E+01   0.1220326E+02   0.3217202E+00   0.9481133E+02   0.6782798E+00   0.2440652E+02   0.0000000E+00
   0.7000000E+01   0.1307378E+02   0.2799440E+00   0.8247121E+02   0.7200560E+00   0.2614756E+02   0.0000000E+00
   0.1000000E+01   0.1218862E+02   0.3266885E+00   0.6221879E+02   0.6733115E+00   0.2437725E+02   0.0000000E+00
   0.1000000E+01   0.1221244E+02   0.3365892E+00   0.7079843E+02   0.6634108E+00   0.2442488E+02   0.0000000E+00
   0.1000000E+01   0.1275869E+02   0.3692747E+00   0.5958047E+02   0.6307253E+00   0.2551738E+02   0.0000000E+00
   0.2000000E+01   0.1343145E+02   0.3896372E+00   0.8184061E+02   0.6103628E+00   0.2686289E+02   0.0000000E+00
   0.1000000E+01   0.1239330E+02   0.3525914E+00   0.6048848E+02   0.6474086E+00   0.2478661E+02   0.0000000E+00
   0.1000000E+01   0.1247797E+02   0.3573047E+00   0.7159821E+02   0.6426953E+00   0.2495594E+02   0.0000000E+00
   0.1000000E+01   0.1247667E+02   0.3002875E+00   0.8064596E+02   0.6997125E+00   0.2495334E+02   0.0000000E+00
   0.5000000E+01   0.1226306E+02   0.3429326E+00   0.8713709E+02   0.6570674E+00   0.2452612E+02   0.0000000E+00
   0.1000000E+01   0.1270022E+02   0.2912486E+00   0.9235134E+02   0.7087514E+00   0.2540044E+02   0.0000000E+00
   0.1000000E+01   0.1219880E+02   0.3226688E+00   0.6310037E+02   0.6773312E+00   0.2439760E+02   0.0000000E+00
   0.1000000E+01   0.1355804E+02   0.2684137E+00   0.4117519E+02   0.7315863E+00   0.2711608E+02   0.0000000E+00
   0.2000000E+01   0.1517125E+02   0.2416298E+00   0.3745441E+02   0.7583702E+00   0.3034249E+02   0.0000000E+00
   0.1000000E+01   0.1234985E+02   0.3066113E+00   0.2721191E+02   0.6933887E+00   0.2469970E+02   0.0000000E+00
   0.4000000E+01   0.1220626E+02   0.3354972E+00   0.9575602E+02   0.6645028E+00   0.2441251E+02   0.0000000E+00
   0.2000000E+01   0.1219160E+02   0.3249607E+00   0.6596480E+02   0.6750393E+00   0.2438320E+02   0.0000000E+00
   0.6000000E+01   0.1226740E+02   0.3427547E+00   0.2609963E+02   0.6572453E+00   0.2453481E+02   0.0000000E+00
   0.3000000E+01   0.1218786E+02   0.3286684E+00   0.3876902E+02   0.6713316E+00   0.2437572E+02   0.0000000E+00
   0.1000000E+01   0.1222830E+02   0.3175780E+00   0.5579307E+02   0.6824220E+00   0.2445661E+02   0.0000000E+00
   0.1000000E+01   0.1224001E+02   0.3404017E+00   0.6139591E+02   0.6595983E+00   0.2448002E+02   0.0000000E+00
   0.2000000E+01   0.1526924E+02   0.4262383E+00   0.2270359E+02   0.5737617E+00   0.3053848E+02   0.0000000E+00
   0.5000000E+01   0.1219821E+02   0.3224610E+00   0.3316257E+02   0.6775390E+00   0.2439642E+02   0.0000000E+00
   0.1000000E+01   0.1224429E+02   0.3156911E+00   0.5838894E+02   0.6843089E+00   0.2448858E+02   0.0000000E+00
   0.4000000E+01   0.1218864E+02   0.3254135E+00   0.2179633E+02   0.6745865E+00   0.2437729E+02   0.0000000E+00
   0.2000000E+01   0.1218861E+02   0.3254383E+00   0.2177557E+02   0.6745617E+00   0.2437721E+02   0.0000000E+00
   0.1000000E+01   0.1278171E+02   0.3695293E+00   0.2517277E+02   0.6304707E+00   0.2556342E+02   0.0000000E+00
   0.2000000E+01   0.1257178E+02   0.3617443E+00   0.6353326E+02   0.6382557E+00   0.2514356E+02   0.0000000E+00
   0.3000000E+01   0.1243903E+02   0.3018376E+00   0.3628416E+02   0.6981624E+00   0.2487807E+02   0.0000000E+00
   0.1000000E+01   0.1247774E+02   0.2996827E+00   0.2816805E+02   0.7003173E+00   0.2495548E+02   0.0000000E+00
   0.2000000E+01   0.1240619E+02   0.3526172E+00   0.2292778E+02   0.6473828E+00   0.2481237E+02   0.0000000E+00
   0.1000000E+01   0.1239435E+02   0.3526896E+00   0.7159508E+02   0.6473104E+00   0.2478869E+02   0.0000000E+00
   0.3000000E+01   0.1273017E+02   0.3682876E+00   0.9606589E+02   0.6317124E+00   0.2546033E+02   0.0000000E+00
   0.1000000E+01   0.1219148E+02   0.3250505E+00   0.7684727E+02   0.6749495E+00   0.2438295E+02   0.0000000E+00
   0.3000000E+01   0.1219544E+02   0.3328993E+00   0.8987165E+02   0.6671007E+00   0.2439087E+02   0.0000000E+00
   0.3000000E+01   0.1223363E+02   0.3395916E+00   0.5401628E+02   0.6604084E+00   0.2446726E+02   0.0000000E+00
   0.4000000E+01   0.1221505E+02   0.3194821E+00   0.5758219E+02   0.6805179E+00   0.2443009E+02   0.0000000E+00
   0.1000000E+01   0.1234186E+02   0.3493230E+00   0.7751030E+02   0.6506770E+00   0.2468372E+02   0.0000000E+00
   0.1000000E+01   0.1263494E+02   0.3644752E+00   0.6902664E+02   0.6355248E+00   0.2526987E+02   0.0000000E+00
   0.4000000E+01   0.1325232E+02   0.2753578E+00   0.5333522E+02   0.7246422E+00   0.2650465E+02   0.0000000E+00
   0.1000000E+01   0.1371303E+02   0.2651287E+00   0.3398482E+02   0.7348713E+00   0.2742605E+02   0.0000000E+00
   0.1000000E+01   0.1230267E+02   0.3097886E+00   0.2527169E+02   0.6902114E+00   0.2460535E+02   0.0000000E+00
   0.1000000E+01   0.1219275E+02   0.3312253E+00   0.2177350E+02   0.6687747E+00   0.2438550E+02   0.0000000E+00
   0.2000000E+01   0.1249102E+02   0.3579844E+00   0.8209615E+02   0.6420156E+00   0.2498204E+02   0.0000000E+00
   0.1000000E+01   0.1238833E+02   0.3523489E+00   0.8367882E+02   0.6476511E+00   0.2477666E+02   0.0000000E+00
   0.2000000E+01   0.1227939E+02   0.3444165E+00   0.6548822E+02   0.6555835E+00   0.2455878E+02   0.0000000E+00
   0.2000000E+01   0.1224763E+02   0.3412817E+00   0.6502368E+02   0.6587183E+00   0.2449526E+02   0.0000000E+00
   0.3000000E+01   0.1221046E+02   0.3360483E+00   0.3902555E+02   0.6639517E+00   0.2442093E+02   0.0000000E+00
   0.1000000E+01   0.1219291E+02   0.3318422E+00   0.3881950E+02   0.6681578E+00   0.2438582E+02   0.0000000E+00
   0.4000000E+01   0.1234396E+02   0.3073194E+00   0.3785390E+02   0.6926806E+00   0.2468792E+02   0.0000000E+00
   0.1000000E+01   0.1236588E+02   0.3507850E+00   0.4541017E+02   0.6492150E+00   0.2473175E+02   0.0000000E+00
   0.2000000E+01   0.1230199E+02   0.3462852E+00   0.5525563E+02   0.6537148E+00   0.2460399E+02   0.0000000E+00
   0.2000000E+01   0.1224210E+02   0.3158790E+00   0.4998317E+02   0.6841210E+00   0.2448420E+02   0.0000000E+00
   0.1000000E+01   0.1234765E+02   0.3072205E+00   0.4892398E+02   0.6927795E+00   0.2469531E+02   0.0000000E+00
   0.1000000E+01   0.1234402E+02   0.3075185E+00   0.5836051E+02   0.6924815E+00   0.2468804E+02   0.0000000E+00
   0.1000000E+01   0.1364525E+02   0.3948462E+00   0.5759426E+02   0.6051538E+00   0.2729051E+02   0.0000000E+00
   0.3000000E+01   0.1303687E+02   0.3786513E+00   0.9112948E+02   0.6213487E+00   0.2607373E+02   0.0000000E+00
   0.3000000E+01   0.1222870E+02   0.3166020E+00   0.2171696E+02   0.6833980E+00   0.2445740E+02   0.0000000E+00
   0.1000000E+01   0.1247155E+02   0.3003514E+00   0.4407576E+02   0.6996486E+00   0.2494309E+02   0.0000000E+00
   0.2000000E+01   0.1286236E+02   0.3729667E+00   0.6400395E+02   0.6270333E+00   0.2572472E+02   0.0000000E+00
   0.3000000E+01   0.1358779E+02   0.3931890E+00   0.3298494E+02   0.6068110E+00   0.2717558E+02   0.0000000E+00
   0.2000000E+01   0.1252791E+02   0.2974531E+00   0.2939836E+02   0.7025469E+00   0.2505582E+02   0.0000000E+00
   0.5000000E+01   0.1221851E+02   0.3374560E+00   0.4673169E+02   0.6625440E+00   0.2443702E+02   0.0000000E+00
   0.2000000E+01   0.1221856E+02   0.3372663E+00   0.3316759E+02   0.6627337E+00   0.2443711E+02   0.0000000E+00
   0.4000000E+01   0.1239477E+02   0.3527280E+00   0.7745385E+02   0.6472720E+00   0.2478954E+02   0.0000000E+00
   0.1000000E+01   0.1256769E+02   0.3615301E+00   0.5617074E+02   0.6384699E+00   0.2513539E+02   0.0000000E+00
   0.1000000E+01   0.1253741E+02   0.3601625E+00   0.5976199E+02   0.6398375E+00   0.2507482E+02   0.0000000E+00
   0.2000000E+01   0.1225881E+02   0.3424300E+00   0.5718393E+02   0.6575700E+00   0.2451761E+02   0.0000000E+00
   0.3000000E+01   0.1250201E+02   0.3584922E+00   0.6609590E+02   0.6415078E+00   0.2500402E+02   0.0000000E+00
   0.2000000E+01   0.1268926E+02   0.3666743E+00   0.7230377E+02   0.6333257E+00   0.2537852E+02   0.0000000E+00
   0.1000000E+01   0.1231575E+02   0.3092654E+00   0.3845660E+02   0.6907346E+00   0.2463150E+02   0.0000000E+00
   0.1000000E+01   0.1220270E+02   0.3339902E+00   0.2275679E+02   0.6660098E+00   0.2440539E+02   0.0000000E+00
   0.1000000E+01   0.1230469E+02   0.3464833E+00   0.5233365E+02   0.6535167E+00   0.2460938E+02   0.0000000E+00
   0.2000000E+01   0.1356174E+02   0.3927460E+00   0.4515228E+02   0.6072540E+00   0.2712349E+02   0.0000000E+00
   0.2000000E+01   0.1359919E+02   0.3930148E+00   0.2278051E+02   0.6069852E+00   0.2719838E+02   0.0000000E+00
   0.2000000E+01   0.1369772E+02   0.3952557E+00   0.2150852E+02   0.6047443E+00   0.2739545E+02   0.0000000E+00
   0.2000000E+01   0.1299178E+02   0.3762245E+00   0.2041187E+02   0.6237755E+00   0.2598355E+02   0.0000000E+00
   0.3000000E+01   0.1296729E+02   0.2825310E+00   0.3572516E+02   0.7174690E+00   0.2593458E+02   0.0000000E+00
   0.1000000E+01   0.1257397E+02   0.2957426E+00   0.3811369E+02   0.7042574E+00   0.2514795E+02   0.0000000E+00
   0.2000000E+01   0.1297007E+02   0.2827289E+00   0.6547282E+02   0.7172711E+00   0.2594015E+02   0.0000000E+00
   0.3000000E+01   0.1230651E+02   0.3102284E+00   0.9318846E+02   0.6897716E+00   0.2461302E+02   0.0000000E+00
   0.1000000E+01   0.1231149E+02   0.3098609E+00   0.9507669E+02   0.6901391E+00   0.2462297E+02   0.0000000E+00
   0.2000000E+01   0.1340440E+02   0.2719661E+00   0.9220311E+02   0.7280339E+00   0.2680881E+02   0.0000000E+00
   0.6000000E+01   0.1338627E+02   0.2723643E+00   0.8697460E+02   0.7276357E+00   0.2677255E+02   0.0000000E+00
   0.1000000E+01   0.1220897E+02   0.3205594E+00   0.7015072E+02   0.6794406E+00   0.2441794E+02   0.0000000E+00
   0.2000000E+01   0.1229874E+02   0.3108085E+00   0.8350949E+02   0.6891915E+00   0.2459747E+02   0.0000000E+00
   0.1000000E+01   0.1228028E+02   0.3445461E+00   0.9038862E+02   0.6554539E+00   0.2456057E+02   0.0000000E+00
   0.1000000E+01   0.1247546E+02   0.3571634E+00   0.6691920E+02   0.6428366E+00   0.2495092E+02   0.0000000E+00
   0.1000000E+01   0.1224665E+02   0.3154763E+00   0.6874459E+02   0.6845237E+00   0.2449330E+02   0.0000000E+00
   0.2000000E+01   0.1222199E+02   0.3185416E+00   0.9490537E+02   0.6814584E+00   0.2444398E+02   0.0000000E+00
   0.2000000E+01   0.1270028E+02   0.2912505E+00   0.9567997E+02   0.7087495E+00   0.2540055E+02   0.0000000E+00
   0.1000000E+01   0.1267024E+02   0.2922849E+00   0.7227150E+02   0.7077151E+00   0.2534048E+02   0.0000000E+00
   0.9000000E+01   0.1219770E+02   0.3229288E+00   0.5845873E+02   0.6770712E+00   0.2439541E+02   0.0000000E+00
   0.1000000E+01   0.1222544E+02   0.3386085E+00   0.8831010E+02   0.6613915E+00   0.2445089E+02   0.0000000E+00
   0.2000000E+01   0.1226866E+02   0.3432323E+00   0.3863259E+02   0.6567677E+00   0.2453732E+02   0.0000000E+00
   0.7000000E+01   0.1286299E+02   0.3729573E+00   0.5652381E+02   0.6270427E+00   0.2572599E+02   0.0000000E+00
   0.3000000E+01   0.1243187E+02   0.3025247E+00   0.9008692E+02   0.6974753E+00   0.2486375E+02   0.0000000E+00
   0.4000000E+01   0.1262707E+02   0.2938290E+00   0.5577092E+02   0.7061710E+00   0.2525414E+02   0.0000000E+00
   0.3000000E+01   0.1224383E+02   0.3153701E+00   0.3129649E+02   0.6846299E+00   0.2448767E+02   0.0000000E+00
   0.1000000E+01   0.1225257E+02   0.3417557E+00   0.5201637E+02   0.6582443E+00   0.2450514E+02   0.0000000E+00
   0.4000000E+01   0.1223459E+02   0.3398148E+00   0.9522606E+02   0.6601852E+00   0.2446918E+02   0.0000000E+00
   0.1000000E+01   0.1230372E+02   0.3104220E+00   0.8179502E+02   0.6895780E+00   0.2460745E+02   0.0000000E+00
   0.2000000E+01   0.1227333E+02   0.3438211E+00   0.5485101E+02   0.6561789E+00   0.2454665E+02   0.0000000E+00
   0.2000000E+01   0.1222332E+02   0.3382482E+00   0.6079384E+02   0.6617518E+00   0.2444665E+02   0.0000000E+00
   0.2000000E+01   0.1222426E+02   0.3182188E+00   0.9005848E+02   0.6817812E+00   0.2444853E+02   0.0000000E+00
   0.1000000E+01   0.1270176E+02   0.2911963E+00   0.9392321E+02   0.7088037E+00   0.2540352E+02   0.0000000E+00
   0.1000000E+01   0.1306431E+02   0.2802092E+00   0.9193554E+02   0.7197908E+00   0.2612862E+02   0.0000000E+00
   0.1000000E+01   0.1228513E+02   0.3113676E+00   0.2883481E+02   0.6886324E+00   0.2457025E+02   0.0000000E+00
   0.2000000E+01   0.1218797E+02   0.3273221E+00   0.4654892E+02   0.6726779E+00   0.2437595E+02   0.0000000E+00
   0.2000000E+01   0.1219114E+02   0.3311649E+00   0.4298059E+02   0.6688351E+00   0.2438228E+02   0.0000000E+00
   0.1000000E+01   0.1246336E+02   0.3008927E+00   0.6682999E+02   0.6991073E+00   0.2492672E+02   0.0000000E+00
   0.3000000E+01   0.1471526E+02   0.2482105E+00   0.4217648E+02   0.7517895E+00   0.2943051E+02   0.0000000E+00
   0.1000000E+01   0.1707424E+02   0.4545277E+00   0.5908993E+02   0.5454723E+00   0.3414847E+02   0.0000000E+00
   0.1000000E+01   0.1746103E+02   0.4596248E+00   0.3654553E+02   0.5403752E+00   0.3492206E+02   0.0000000E+00
   0.1000000E+01   0.1748182E+02   0.4600414E+00   0.4842599E+02   0.5399586E+00   0.3496364E+02   0.0000000E+00
   0.2000000E+01   0.1309602E+02   0.3803042E+00   0.4957874E+02   0.6196958E+00   0.2619205E+02   0.0000000E+00
   0.2000000E+01   0.1234932E+02   0.3069958E+00   0.3916692E+02   0.6930042E+00   0.2469864E+02   0.0000000E+00
   0.3000000E+01   0.1254687E+02   0.2969474E+00   0.4317463E+02   0.7030526E+00   0.2509374E+02   0.0000000E+00
   0.1000000E+01   0.1279474E+02   0.2878864E+00   0.4600546E+02   0.7121136E+00   0.2558947E+02   0.0000000E+00
   0.2000000E+01   0.1221195E+02   0.3200719E+00   0.8417301E+02   0.6799281E+00   0.2442391E+02   0.0000000E+00
   0.2000000E+01   0.1237305E+02   0.3056007E+00   0.4445851E+02   0.6943993E+00   0.2474609E+02   0.0000000E+00
   0.3000000E+01   0.1218808E+02   0.3272409E+00   0.5368484E+02   0.6727591E+00   0.2437617E+02   0.0000000E+00
   0.1000000E+01   0.1233029E+02   0.3484683E+00   0.6341516E+02   0.6515317E+00   0.2466058E+02   0.0000000E+00
   0.2000000E+01   0.1240132E+02   0.3041746E+00   0.9903702E+02   0.6958254E+00   0.2480264E+02   0.0000000E+00
   0.1000000E+01   0.1231821E+02   0.3476430E+00   0.9602998E+02   0.6523570E+00   0.2463642E+02   0.0000000E+00
   0.3000000E+01   0.1233830E+02   0.3491034E+00   0.9877096E+02   0.6508966E+00   0.2467659E+02   0.0000000E+00
   0.3000000E+01   0.1229555E+02   0.3110716E+00   0.9274810E+02   0.6889284E+00   0.2459111E+02   0.0000000E+00
   0.1000000E+01   0.1230733E+02   0.3101693E+00   0.9495751E+02   0.6898307E+00   0.2461466E+02   0.0000000E+00
   0.3000000E+01   0.1619779E+02   0.2290876E+00   0.8288495E+02   0.7709124E+00   0.3239559E+02   0.0000000E+00
   0.1000000E+01   0.1407565E+02   0.2587642E+00   0.8711012E+02   0.7412358E+00   0.2815130E+02   0.0000000E+00
   0.4000000E+01   0.1350004E+02   0.2697926E+00   0.5889840E+02   0.7302074E+00   0.2700007E+02   0.0000000E+00
   0.3000000E+01   0.1365116E+02   0.2666518E+00   0.5821169E+02   0.7333482E+00   0.2730231E+02   0.0000000E+00
   0.3000000E+01   0.1406953E+02   0.2588040E+00   0.6145418E+02   0.7411960E+00   0.2813905E+02   0.0000000E+00
   0.1000000E+01   0.1257023E+02   0.2961852E+00   0.9517623E+02   0.7038148E+00   0.2514047E+02   0.0000000E+00
   0.1000000E+01   0.1271029E+02   0.2908997E+00   0.9584032E+02   0.7091003E+00   0.2542057E+02   0.0000000E+00
   0.1000000E+01   0.1291531E+02   0.2843332E+00   0.7591380E+02   0.7156668E+00   0.2583062E+02   0.0000000E+00
   0.3000000E+01   0.1278502E+02   0.2883696E+00   0.8565031E+02   0.7116304E+00   0.2557005E+02   0.0000000E+00
   0.4000000E+01   0.1224540E+02   0.3156188E+00   0.7117908E+02   0.6843812E+00   0.2449080E+02   0.0000000E+00
   0.2000000E+01   0.1218947E+02   0.3303634E+00   0.6104864E+02   0.6696366E+00   0.2437894E+02   0.0000000E+00
   0.1000000E+01   0.1219017E+02   0.3308308E+00   0.9305812E+02   0.6691692E+00   0.2438033E+02   0.0000000E+00
   0.7000000E+01   0.1218861E+02   0.3297481E+00   0.9937985E+02   0.6702519E+00   0.2437723E+02   0.0000000E+00
   0.3000000E+01   0.1276342E+02   0.3695165E+00   0.8668909E+02   0.6304835E+00   0.2552685E+02   0.0000000E+00
   0.2000000E+01   0.1221078E+02   0.3362775E+00   0.6253422E+02   0.6637225E+00   0.2442156E+02   0.0000000E+00
   0.3000000E+01   0.1226753E+02   0.3433618E+00   0.8381409E+02   0.6566382E+00   0.2453507E+02   0.0000000E+00
   0.4000000E+01   0.1218941E+02   0.3299904E+00   0.2757711E+02   0.6700096E+00   0.2437882E+02   0.0000000E+00
   0.3000000E+01   0.1288193E+02   0.3735509E+00   0.4887274E+02   0.6264491E+00   0.2576387E+02   0.0000000E+00
   0.1000000E+01   0.1292483E+02   0.3749449E+00   0.4550653E+02   0.6250551E+00   0.2584966E+02   0.0000000E+00
   0.1000000E+01   0.1287442E+02   0.3732660E+00   0.4525296E+02   0.6267340E+00   0.2574884E+02   0.0000000E+00
   0.2000000E+01   0.1225050E+02   0.3416123E+00   0.7139031E+02   0.6583877E+00   0.2450100E+02   0.0000000E+00
   0.2000000E+01   0.1222282E+02   0.3183818E+00   0.7159655E+02   0.6816182E+00   0.2444563E+02   0.0000000E+00
   0.3000000E+01   0.1310808E+02   0.3807820E+00   0.8536806E+02   0.6192180E+00   0.2621616E+02   0.0000000E+00
   0.1000000E+01   0.1296174E+02   0.3763032E+00   0.9197337E+02   0.6236968E+00   0.2592349E+02   0.0000000E+00
   0.2000000E+01   0.1479008E+02   0.4185734E+00   0.8151194E+02   0.5814266E+00   0.2958015E+02   0.0000000E+00
   0.1000000E+01   0.1573537E+02   0.4346849E+00   0.7709031E+02   0.5653151E+00   0.3147074E+02   0.0000000E+00
   0.3000000E+01   0.1676847E+02   0.4502941E+00   0.9847531E+02   0.5497059E+00   0.3353693E+02   0.0000000E+00
   0.5000000E+01   0.1330694E+02   0.3863302E+00   0.6498432E+02   0.6136698E+00   0.2661388E+02   0.0000000E+00
   0.4000000E+01   0.1232664E+02   0.3482424E+00   0.7819446E+02   0.6517576E+00   0.2465328E+02   0.0000000E+00
   0.1000000E+01   0.1227429E+02   0.3439950E+00   0.8386431E+02   0.6560050E+00   0.2454857E+02   0.0000000E+00
   0.3000000E+01   0.1263414E+02   0.3644886E+00   0.9635326E+02   0.6355114E+00   0.2526829E+02   0.0000000E+00
   0.2000000E+01   0.1255837E+02   0.3611890E+00   0.8383103E+02   0.6388110E+00   0.2511674E+02   0.0000000E+00
   0.1000000E+01   0.1302424E+02   0.3782235E+00   0.6913963E+02   0.6217765E+00   0.2604849E+02   0.0000000E+00
   0.1000000E+01   0.1285432E+02   0.3726468E+00   0.5396580E+02   0.6273532E+00   0.2570863E+02   0.0000000E+00
   0.1000000E+01   0.1225318E+02   0.3147692E+00   0.6209006E+02   0.6852308E+00   0.2450636E+02   0.0000000E+00
   0.1000000E+01   0.1249574E+02   0.2992804E+00   0.5097230E+02   0.7007196E+00   0.2499148E+02   0.0000000E+00
   0.2000000E+01   0.1252029E+02   0.3583806E+00   0.2031012E+02   0.6416194E+00   0.2504059E+02   0.0000000E+00
   0.2000000E+01   0.1367715E+02   0.3955761E+00   0.5272248E+02   0.6044239E+00   0.2735431E+02   0.0000000E+00
   0.4000000E+01   0.1419219E+02   0.4069215E+00   0.5786985E+02   0.5930785E+00   0.2838438E+02   0.0000000E+00
   0.3000000E+01   0.1282000E+02   0.3712452E+00   0.3520320E+02   0.6287548E+00   0.2564000E+02   0.0000000E+00
   0.3000000E+01   0.1272131E+02   0.3677038E+00   0.3908982E+02   0.6322962E+00   0.2544262E+02   0.0000000E+00
   0.3000000E+01   0.1232993E+02   0.3083791E+00   0.4684679E+02   0.6916209E+00   0.2465986E+02   0.0000000E+00
   0.2000000E+01   0.1241387E+02   0.3028264E+00   0.2652083E+02   0.6971736E+00   0.2482774E+02   0.0000000E+00
   0.5000000E+01   0.1256675E+02   0.2951861E+00   0.2044147E+02   0.7048139E+00   0.2513350E+02   0.0000000E+00
   0.1000000E+01   0.1225878E+02   0.3423915E+00   0.5089824E+02   0.6576085E+00   0.2451756E+02   0.0000000E+00
   0.1000000E+01   0.1273296E+02   0.2900462E+00   0.6310616E+02   0.7099538E+00   0.2546591E+02   0.0000000E+00
   0.2000000E+01   0.1332628E+02   0.2734120E+00   0.3620661E+02   0.7265880E+00   0.2665255E+02   0.0000000E+00
   0.1000000E+01   0.1341751E+02   0.3891157E+00   0.4411444E+02   0.6108843E+00   0.2683501E+02   0.0000000E+00
   0.1000000E+01   0.1236351E+02   0.3061459E+00   0.4183491E+02   0.6938541E+00   0.2472702E+02   0.0000000E+00
   0.2000000E+01   0.1233779E+02   0.3073934E+00   0.2710263E+02   0.6926066E+00   0.2467557E+02   0.0000000E+00
   0.1000000E+01   0.1264258E+02   0.2929322E+00   0.3262327E+02   0.7070678E+00   0.2528516E+02   0.0000000E+00
   0.2000000E+01   0.1309583E+02   0.3801044E+00   0.3455682E+02   0.6198956E+00   0.2619166E+02   0.0000000E+00
   0.1000000E+01   0.1233693E+02   0.3075052E+00   0.2825875E+02   0.6924948E+00   0.2467386E+02   0.0000000E+00
   0.1000000E+01   0.1268409E+02   0.2918222E+00   0.9253561E+02   0.7081778E+00   0.2536818E+02   0.0000000E+00
   0.2000000E+01   0.1223773E+02   0.3402022E+00   0.9927742E+02   0.6597978E+00   0.2447545E+02   0.0000000E+00
   0.1000000E+01   0.1224537E+02   0.3410495E+00   0.7200501E+02   0.6589505E+00   0.2449073E+02   0.0000000E+00
   0.3000000E+01   0.1281321E+02   0.2874344E+00   0.7160053E+02   0.7125656E+00   0.2562643E+02   0.0000000E+00
   0.3000000E+01   0.1225329E+02   0.3147848E+00   0.6950141E+02   0.6852152E+00   0.2450658E+02   0.0000000E+00
   0.3000000E+01   0.1231690E+02   0.3090312E+00   0.3199223E+02   0.6909688E+00   0.2463380E+02   0.0000000E+00
   0.2000000E+01   0.1224122E+02   0.3153816E+00   0.2525357E+02   0.6846184E+00   0.2448244E+02   0.0000000E+00
   0.2000000E+01   0.1224486E+02   0.3155515E+00   0.4746200E+02   0.6844485E+00   0.2448972E+02   0.0000000E+00
   0.2000000E+01   0.1431629E+02   0.2543850E+00   0.3760983E+02   0.7456150E+00   0.2863258E+02   0.0000000E+00
   0.2000000E+01   0.1337252E+02   0.2723002E+00   0.3385617E+02   0.7276998E+00   0.2674504E+02   0.0000000E+00
   0.2000000E+01   0.1248998E+02   0.2996456E+00   0.7320315E+02   0.7003544E+00   0.2497997E+02   0.0000000E+00
   0.2000000E+01   0.1340410E+02   0.2719239E+00   0.6827396E+02   0.7280761E+00   0.2680820E+02   0.0000000E+00
   0.1000000E+01   0.1222946E+02   0.3390943E+00   0.6252937E+02   0.6609057E+00   0.2445892E+02   0.0000000E+00
   0.3000000E+01   0.1221793E+02   0.3374216E+00   0.5491178E+02   0.6625784E+00   0.2443585E+02   0.0000000E+00
   0.3000000E+01   0.1225489E+02   0.3138754E+00   0.2441091E+02   0.6861246E+00   0.2450978E+02   0.0000000E+00
   0.1000000E+01   0.1226266E+02   0.3131526E+00   0.2492827E+02   0.6868474E+00   0.2452532E+02   0.0000000E+00
   0.2000000E+01   0.1267635E+02   0.3661259E+00   0.6020247E+02   0.6338741E+00   0.2535270E+02   0.0000000E+00
   0.1000000E+01   0.1259921E+02   0.3629478E+00   0.6374139E+02   0.6370522E+00   0.2519841E+02   0.0000000E+00
   0.1000000E+01   0.1322802E+02   0.3841876E+00   0.7076918E+02   0.6158124E+00   0.2645604E+02   0.0000000E+00
   0.5000000E+01   0.1316207E+02   0.3822364E+00   0.5038694E+02   0.6177636E+00   0.2632413E+02   0.0000000E+00
   0.1000000E+01   0.1290269E+02   0.3742575E+00   0.5063799E+02   0.6257425E+00   0.2580538E+02   0.0000000E+00
   0.5000000E+01   0.1232285E+02   0.3089763E+00   0.6398513E+02   0.6910237E+00   0.2464571E+02   0.0000000E+00
   0.1000000E+01   0.1223748E+02   0.3165358E+00   0.8164130E+02   0.6834642E+00   0.2447496E+02   0.0000000E+00
   0.6000000E+01   0.1255805E+02   0.3611526E+00   0.7252513E+02   0.6388474E+00   0.2511609E+02   0.0000000E+00
   0.2000000E+01   0.1232324E+02   0.3089355E+00   0.6071121E+02   0.6910645E+00   0.2464648E+02   0.0000000E+00
   0.2000000E+01   0.1219430E+02   0.3237118E+00   0.3867856E+02   0.6762882E+00   0.2438861E+02   0.0000000E+00
   0.1000000E+01   0.1233816E+02   0.3488980E+00   0.4322801E+02   0.6511020E+00   0.2467632E+02   0.0000000E+00
   0.1000000E+01   0.1218784E+02   0.3281123E+00   0.8529616E+02   0.6718877E+00   0.2437569E+02   0.0000000E+00
   0.4000000E+01   0.1219711E+02   0.3333769E+00   0.8322608E+02   0.6666231E+00   0.2439422E+02   0.0000000E+00
   0.4000000E+01   0.1343336E+02   0.2713127E+00   0.8384996E+02   0.7286873E+00   0.2686671E+02   0.0000000E+00
   0.1000000E+01   0.1390675E+02   0.2617677E+00   0.6978679E+02   0.7382323E+00   0.2781350E+02   0.0000000E+00
   0.1000000E+01   0.1235187E+02   0.3498805E+00   0.4742863E+02   0.6501195E+00   0.2470375E+02   0.0000000E+00
   0.6000000E+01   0.1222405E+02   0.3376497E+00   0.2314344E+02   0.6623503E+00   0.2444810E+02   0.0000000E+00
   0.1000000E+01   0.1225445E+02   0.3419296E+00   0.4864000E+02   0.6580704E+00   0.2450890E+02   0.0000000E+00
   0.3000000E+01   0.1289923E+02   0.3741101E+00   0.4655234E+02   0.6258899E+00   0.2579845E+02   0.0000000E+00
   0.5000000E+01   0.1260177E+02   0.3631216E+00   0.9681826E+02   0.6368784E+00   0.2520354E+02   0.0000000E+00
   0.2000000E+01   0.1242007E+02   0.3031304E+00   0.8105390E+02   0.6968696E+00   0.2484013E+02   0.0000000E+00
   0.4000000E+01   0.1240913E+02   0.3037063E+00   0.7486315E+02   0.6962937E+00   0.2481826E+02   0.0000000E+00
   0.3000000E+01   0.1267460E+02   0.3659067E+00   0.4063125E+02   0.6340933E+00   0.2534920E+02   0.0000000E+00
   0.1000000E+01   0.1220273E+02   0.3345425E+00   0.3951594E+02   0.6654575E+00   0.2440546E+02   0.0000000E+00
   0.2000000E+01   0.1219563E+02   0.3328787E+00   0.5563490E+02   0.6671213E+00   0.2439126E+02   0.0000000E+00
   0.1000000E+01   0.1224080E+02   0.3405200E+00   0.6937488E+02   0.6594800E+00   0.2448160E+02   0.0000000E+00
   0.1000000E+01   0.1231404E+02   0.3095580E+00   0.5412721E+02   0.6904420E+00   0.2462808E+02   0.0000000E+00
   0.2000000E+01   0.1218964E+02   0.3257414E+00   0.4197278E+02   0.6742586E+00   0.2437928E+02   0.0000000E+00
   0.1000000E+02   0.1218843E+02   0.3295134E+00   0.5743004E+02   0.6704866E+00   0.2437685E+02   0.0000000E+00
   0.1000000E+01   0.1232112E+02   0.3085861E+00   0.2812956E+02   0.6914139E+00   0.2464223E+02   0.0000000E+00
   0.2000000E+01   0.1274038E+02   0.3682679E+00   0.3160900E+02   0.6317321E+00   0.2548077E+02   0.0000000E+00
   0.4000000E+01   0.1251566E+02   0.3592042E+00   0.9056737E+02   0.6407958E+00   0.2503132E+02   0.0000000E+00
   0.2000000E+01   0.1324377E+02   0.3846058E+00   0.6437062E+02   0.6153942E+00   0.2648755E+02   0.0000000E+00
   0.5000000E+01   0.1233613E+02   0.3489179E+00   0.7559379E+02   0.6510821E+00   0.2467226E+02   0.0000000E+00
   0.1000000E+01   0.1231554E+02   0.3093603E+00   0.4394497E+02   0.6906397E+00   0.2463108E+02   0.0000000E+00
   0.1000000E+01   0.1552618E+02   0.2372319E+00   0.8016984E+02   0.7627681E+00   0.3105236E+02   0.0000000E+00
   0.2000000E+01   0.1434869E+02   0.2541562E+00   0.9267866E+02   0.7458438E+00   0.2869738E+02   0.0000000E+00
   0.4000000E+01   0.1219974E+02   0.3224510E+00   0.6647915E+02   0.6775490E+00   0.2439948E+02   0.0000000E+00
   0.1000000E+02   0.1221671E+02   0.3192715E+00   0.6938832E+02   0.6807285E+00   0.2443341E+02   0.0000000E+00
   0.1000000E+01   0.1236139E+02   0.3064976E+00   0.8772162E+02   0.6935024E+00   0.2472279E+02   0.0000000E+00
   0.3000000E+01   0.1244957E+02   0.3016229E+00   0.8960440E+02   0.6983771E+00   0.2489914E+02   0.0000000E+00
   0.8000000E+01   0.1225431E+02   0.3420547E+00   0.9485597E+02   0.6579453E+00   0.2450863E+02   0.0000000E+00
   0.1000000E+01   0.1238528E+02   0.3521156E+00   0.6381268E+02   0.6478844E+00   0.2477056E+02   0.0000000E+00
   0.4000000E+01   0.1223420E+02   0.3397575E+00   0.8802329E+02   0.6602425E+00   0.2446840E+02   0.0000000E+00
   0.4000000E+01   0.1284391E+02   0.2863164E+00   0.4447426E+02   0.7136836E+00   0.2568782E+02   0.0000000E+00
   0.1000000E+01   0.1353696E+02   0.3921931E+00   0.5234403E+02   0.6078069E+00   0.2707392E+02   0.0000000E+00
   0.1000000E+01   0.1331493E+02   0.3865804E+00   0.7969862E+02   0.6134196E+00   0.2662985E+02   0.0000000E+00
   0.8000000E+01   0.1347529E+02   0.3907630E+00   0.8987695E+02   0.6092370E+00   0.2695059E+02   0.0000000E+00
   0.1000000E+01   0.1220187E+02   0.3220240E+00   0.9745494E+02   0.6779760E+00   0.2440375E+02   0.0000000E+00
   0.1000000E+01   0.1222820E+02   0.3176814E+00   0.8278088E+02   0.6823186E+00   0.2445640E+02   0.0000000E+00
   0.4000000E+01   0.1229242E+02   0.3112775E+00   0.7030587E+02   0.6887225E+00   0.2458484E+02   0.0000000E+00
   0.1000000E+01   0.1237290E+02   0.3057924E+00   0.8434362E+02   0.6942076E+00   0.2474581E+02   0.0000000E+00
   0.4000000E+01   0.1296169E+02   0.2830068E+00   0.8103653E+02   0.7169932E+00   0.2592338E+02   0.0000000E+00
   0.1000000E+01   0.1259690E+02   0.2950152E+00   0.5798433E+02   0.7049848E+00   0.2519381E+02   0.0000000E+00
   0.1000000E+01   0.1240773E+02   0.3534762E+00   0.6924479E+02   0.6465238E+00   0.2481547E+02   0.0000000E+00
   0.1000000E+01   0.1252490E+02   0.3595637E+00   0.5750132E+02   0.6404363E+00   0.2504980E+02   0.0000000E+00
   0.1000000E+01   0.1231440E+02   0.3470306E+00   0.3481027E+02   0.6529694E+00   0.2462880E+02   0.0000000E+00
   0.1000000E+01   0.1220975E+02   0.3358915E+00   0.3710028E+02   0.6641085E+00   0.2441951E+02   0.0000000E+00
   0.1000000E+01   0.1230197E+02   0.3103603E+00   0.4315972E+02   0.6896397E+00   0.2460395E+02   0.0000000E+00
   0.2000000E+01   0.1219704E+02   0.3231309E+00   0.6318464E+02   0.6768691E+00   0.2439408E+02   0.0000000E+00
   0.1000000E+01   0.1253505E+02   0.3599888E+00   0.4878652E+02   0.6400112E+00   0.2507011E+02   0.0000000E+00
   0.6000000E+01   0.1235471E+02   0.3495685E+00   0.2537411E+02   0.6504315E+00   0.2470943E+02   0.0000000E+00
   0.1000000E+01   0.1220858E+02   0.3357342E+00   0.4102611E+02   0.6642658E+00   0.2441716E+02   0.0000000E+00
   0.1000000E+01   0.1242432E+02   0.3024277E+00   0.3008226E+02   0.6975723E+00   0.2484865E+02   0.0000000E+00
   0.1000000E+01   0.1225596E+02   0.3419570E+00   0.3746538E+02   0.6580430E+00   0.2451192E+02   0.0000000E+00
   0.1000000E+01   0.1218880E+02   0.3298746E+00   0.6150154E+02   0.6701254E+00   0.2437760E+02   0.0000000E+00
   0.7000000E+01   0.1218798E+02   0.3275543E+00   0.6921302E+02   0.6724457E+00   0.2437596E+02   0.0000000E+00
   0.1000000E+01   0.1255274E+02   0.3609302E+00   0.8231962E+02   0.6390698E+00   0.2510547E+02   0.0000000E+00
   0.4000000E+01   0.1255807E+02   0.3611734E+00   0.8259426E+02   0.6388266E+00   0.2511614E+02   0.0000000E+00
   0.9000000E+01   0.1346509E+02   0.3904990E+00   0.8519406E+02   0.6095010E+00   0.2693018E+02   0.0000000E+00
   0.3000000E+01   0.1372425E+02   0.2652814E+00   0.8801526E+02   0.7347186E+00   0.2744850E+02   0.0000000E+00
   0.3000000E+01   0.1347574E+02   0.2703984E+00   0.9001992E+02   0.7296016E+00   0.2695147E+02   0.0000000E+00
   0.2000000E+01   0.1230964E+02   0.3099996E+00   0.9750778E+02   0.6900004E+00   0.2461929E+02   0.0000000E+00
   0.2000000E+01   0.1382310E+02   0.3989855E+00   0.6135496E+02   0.6010145E+00   0.2764620E+02   0.0000000E+00
   0.1000000E+01   0.1472096E+02   0.4173159E+00   0.9352140E+02   0.5826841E+00   0.2944191E+02   0.0000000E+00
   0.2000000E+01   0.1542276E+02   0.4295604E+00   0.6466758E+02   0.5704396E+00   0.3084552E+02   0.0000000E+00
   0.1000000E+01   0.1495321E+02   0.4215404E+00   0.9756244E+02   0.5784596E+00   0.2990641E+02   0.0000000E+00
   0.1000000E+01   0.1433044E+02   0.4098100E+00   0.9648578E+02   0.5901900E+00   0.2866087E+02   0.0000000E+00
   0.1000000E+01   0.1315904E+02   0.3821478E+00   0.5015077E+02   0.6178522E+00   0.2631808E+02   0.0000000E+00
   0.2000000E+01   0.1252912E+02   0.3597510E+00   0.5509725E+02   0.6402490E+00   0.2505823E+02   0.0000000E+00
   0.1000000E+01   0.1249773E+02   0.3582219E+00   0.5270460E+02   0.6417781E+00   0.2499546E+02   0.0000000E+00
   0.1000000E+01   0.1262609E+02   0.3640698E+00   0.5863283E+02   0.6359302E+00   0.2525218E+02   0.0000000E+00
   0.2000000E+01   0.1391285E+02   0.4008883E+00   0.4516161E+02   0.5991117E+00   0.2782570E+02   0.0000000E+00
   0.2000000E+01   0.1256681E+02   0.3614806E+00   0.5430976E+02   0.6385194E+00   0.2513363E+02   0.0000000E+00
   0.1000000E+01   0.1234066E+02   0.3486244E+00   0.2560313E+02   0.6513756E+00   0.2468132E+02   0.0000000E+00
   0.1000000E+01   0.1224709E+02   0.3407550E+00   0.2790240E+02   0.6592450E+00   0.2449418E+02   0.0000000E+00
   0.1000000E+01   0.1234460E+02   0.3492856E+00   0.3871996E+02   0.6507144E+00   0.2468920E+02   0.0000000E+00
   0.4000000E+01   0.1224677E+02   0.3402845E+00   0.2102964E+02   0.6597155E+00   0.2449354E+02   0.0000000E+00
   0.3000000E+01   0.1220239E+02   0.3215510E+00   0.3585593E+02   0.6784490E+00   0.2440478E+02   0.0000000E+00
   0.1000000E+01   0.1223171E+02   0.3170474E+00   0.4420602E+02   0.6829526E+00   0.2446341E+02   0.0000000E+00
   0.1000000E+01   0.1218788E+02   0.3278914E+00   0.7958425E+02   0.6721086E+00   0.2437575E+02   0.0000000E+00
   0.5000000E+01   0.1220061E+02   0.3222847E+00   0.8021653E+02   0.6777153E+00   0.2440121E+02   0.0000000E+00
   0.4000000E+01   0.1255711E+02   0.2967187E+00   0.8727919E+02   0.7032813E+00   0.2511422E+02   0.0000000E+00
   0.4000000E+01   0.1285053E+02   0.2863001E+00   0.8751801E+02   0.7136999E+00   0.2570107E+02   0.0000000E+00
   0.2000000E+01   0.1340370E+02   0.2718742E+00   0.5501126E+02   0.7281258E+00   0.2680740E+02   0.0000000E+00
   0.1000000E+01   0.1393905E+02   0.2611585E+00   0.6512660E+02   0.7388415E+00   0.2787810E+02   0.0000000E+00
   0.1000000E+01   0.1219852E+02   0.3337670E+00   0.9376581E+02   0.6662330E+00   0.2439704E+02   0.0000000E+00
   0.3000000E+01   0.1348611E+02   0.2701714E+00   0.8769908E+02   0.7298286E+00   0.2697222E+02   0.0000000E+00
   0.1000000E+01   0.1328603E+02   0.3856116E+00   0.4157372E+02   0.6143884E+00   0.2657205E+02   0.0000000E+00
   0.5000000E+01   0.1220277E+02   0.3218241E+00   0.9406131E+02   0.6781759E+00   0.2440554E+02   0.0000000E+00
   0.1000000E+01   0.1219480E+02   0.3326951E+00   0.8512471E+02   0.6673049E+00   0.2438960E+02   0.0000000E+00
   0.4000000E+01   0.1260508E+02   0.2943469E+00   0.3180833E+02   0.7056531E+00   0.2521015E+02   0.0000000E+00
   0.2000000E+01   0.1236174E+02   0.3505782E+00   0.5356625E+02   0.6494218E+00   0.2472348E+02   0.0000000E+00
   0.1000000E+01   0.1283993E+02   0.3721921E+00   0.6294793E+02   0.6278079E+00   0.2567987E+02   0.0000000E+00
   0.1000000E+01   0.1257264E+02   0.3618071E+00   0.7185247E+02   0.6381929E+00   0.2514528E+02   0.0000000E+00
   0.1000000E+01   0.1271716E+02   0.3677669E+00   0.7771873E+02   0.6322331E+00   0.2543431E+02   0.0000000E+00
   0.1000000E+01   0.1234391E+02   0.3494770E+00   0.8461157E+02   0.6505230E+00   0.2468783E+02   0.0000000E+00
   0.1000000E+01   0.1247477E+02   0.3571650E+00   0.8405307E+02   0.6428350E+00   0.2494953E+02   0.0000000E+00
   0.2000000E+01   0.1249668E+02   0.3582771E+00   0.8965207E+02   0.6417229E+00   0.2499337E+02   0.0000000E+00
   0.2000000E+01   0.1223121E+02   0.3392255E+00   0.4588804E+02   0.6607745E+00   0.2446242E+02   0.0000000E+00
   0.2000000E+01   0.1365502E+02   0.3949497E+00   0.4116710E+02   0.6050503E+00   0.2731005E+02   0.0000000E+00
   0.1000000E+01   0.1257588E+02   0.3617221E+00   0.3784868E+02   0.6382779E+00   0.2515176E+02   0.0000000E+00
   0.7000000E+01   0.1587374E+02   0.4367031E+00   0.4191720E+02   0.5632969E+00   0.3174748E+02   0.0000000E+00
   0.2000000E+01   0.1251287E+02   0.3588610E+00   0.4149325E+02   0.6411390E+00   0.2502573E+02   0.0000000E+00
   0.1000000E+01   0.1283167E+02   0.3718206E+00   0.4773876E+02   0.6281794E+00   0.2566335E+02   0.0000000E+00
   0.2000000E+01   0.1350245E+02   0.3912808E+00   0.4519744E+02   0.6087192E+00   0.2700491E+02   0.0000000E+00
   0.1000000E+01   0.1331802E+02   0.3864912E+00   0.4301112E+02   0.6135088E+00   0.2663603E+02   0.0000000E+00
   0.4000000E+01   0.1218946E+02   0.3261360E+00   0.9186042E+02   0.6738640E+00   0.2437893E+02   0.0000000E+00
   0.2000000E+01   0.1258597E+02   0.3623320E+00   0.5463760E+02   0.6376680E+00   0.2517194E+02   0.0000000E+00
   0.2000000E+01   0.1312739E+02   0.3812142E+00   0.4792533E+02   0.6187858E+00   0.2625478E+02   0.0000000E+00
   0.3000000E+01   0.1333316E+02   0.3869593E+00   0.5010814E+02   0.6130407E+00   0.2666631E+02   0.0000000E+00
   0.4000000E+01   0.1219633E+02   0.3230832E+00   0.3782706E+02   0.6769168E+00   0.2439265E+02   0.0000000E+00
   0.3000000E+01   0.1219286E+02   0.3241562E+00   0.3619846E+02   0.6758438E+00   0.2438572E+02   0.0000000E+00
   0.1000000E+01   0.1222556E+02   0.3178259E+00   0.4286698E+02   0.6821741E+00   0.2445112E+02   0.0000000E+00
   0.1000000E+01   0.1229234E+02   0.3454079E+00   0.4392897E+02   0.6545921E+00   0.2458468E+02   0.0000000E+00
   0.2000000E+01   0.1231386E+02   0.3468815E+00   0.3066097E+02   0.6531185E+00   0.2462772E+02   0.0000000E+00
   0.8000000E+01   0.1228945E+02   0.3452089E+00   0.4884370E+02   0.6547911E+00   0.2457890E+02   0.0000000E+00
   0.5000000E+01   0.1232027E+02   0.3477866E+00   0.8723371E+02   0.6522134E+00   0.2464053E+02   0.0000000E+00
   0.2000000E+01   0.1230686E+02   0.3097276E+00   0.3073897E+02   0.6902724E+00   0.2461371E+02   0.0000000E+00
   0.1000000E+01   0.1251357E+02   0.3590421E+00   0.6232063E+02   0.6409579E+00   0.2502715E+02   0.0000000E+00
   0.1000000E+01   0.1261012E+02   0.2945941E+00   0.9961113E+02   0.7054059E+00   0.2522023E+02   0.0000000E+00
   0.4000000E+01   0.1306963E+02   0.2798334E+00   0.4135176E+02   0.7201666E+00   0.2613926E+02   0.0000000E+00
   0.4000000E+01   0.1219576E+02   0.3330045E+00   0.9714259E+02   0.6669955E+00   0.2439152E+02   0.0000000E+00
   0.1000000E+01   0.1223008E+02   0.3391808E+00   0.6385468E+02   0.6608192E+00   0.2446017E+02   0.0000000E+00
   0.1000000E+01   0.1299396E+02   0.3772741E+00   0.6637304E+02   0.6227259E+00   0.2598792E+02   0.0000000E+00
   0.2000000E+01   0.1223259E+02   0.3159920E+00   0.2060293E+02   0.6840080E+00   0.2446519E+02   0.0000000E+00
   0.2000000E+01   0.1262464E+02   0.3633050E+00   0.2329666E+02   0.6366950E+00   0.2524929E+02   0.0000000E+00
   0.3000000E+01   0.1228396E+02   0.3446068E+00   0.3760393E+02   0.6553932E+00   0.2456792E+02   0.0000000E+00
   0.3000000E+01   0.1268428E+02   0.3664348E+00   0.5897971E+02   0.6335652E+00   0.2536856E+02   0.0000000E+00
   0.1000000E+01   0.1352269E+02   0.3917398E+00   0.4119917E+02   0.6082602E+00   0.2704538E+02   0.0000000E+00
   0.2000000E+01   0.1329854E+02   0.3859014E+00   0.3812539E+02   0.6140986E+00   0.2659709E+02   0.0000000E+00
   0.1000000E+01   0.1304201E+02   0.3787486E+00   0.6287659E+02   0.6212514E+00   0.2608401E+02   0.0000000E+00
   0.1000000E+01   0.1286719E+02   0.3731466E+00   0.6903692E+02   0.6268534E+00   0.2573437E+02   0.0000000E+00
   0.4000000E+01   0.1589626E+02   0.4372498E+00   0.9051013E+02   0.5627502E+00   0.3179253E+02   0.0000000E+00
   0.2000000E+01   0.1606349E+02   0.4398438E+00   0.9003719E+02   0.5601562E+00   0.3212697E+02   0.0000000E+00
   0.2000000E+01   0.1239057E+02   0.3524740E+00   0.7712183E+02   0.6475260E+00   0.2478115E+02   0.0000000E+00
   0.3000000E+01   0.1251827E+02   0.3593096E+00   0.7782624E+02   0.6406904E+00   0.2503653E+02   0.0000000E+00
   0.1000000E+01   0.1218982E+02   0.3306138E+00   0.7648902E+02   0.6693862E+00   0.2437964E+02   0.0000000E+00
   0.2000000E+01   0.1219802E+02   0.3335436E+00   0.5413652E+02   0.6664564E+00   0.2439605E+02   0.0000000E+00
   0.2000000E+01   0.1219392E+02   0.3323777E+00   0.6953434E+02   0.6676223E+00   0.2438784E+02   0.0000000E+00
   0.1000000E+01   0.1304820E+02   0.2806216E+00   0.8084401E+02   0.7193784E+00   0.2609639E+02   0.0000000E+00
   0.2000000E+01   0.1219119E+02   0.3249691E+00   0.4366319E+02   0.6750309E+00   0.2438237E+02   0.0000000E+00
   0.1000000E+01   0.1375528E+02   0.2640815E+00   0.2774006E+02   0.7359185E+00   0.2751056E+02   0.0000000E+00
   0.1000000E+01   0.1532561E+02   0.2397888E+00   0.6200584E+02   0.7602112E+00   0.3065123E+02   0.0000000E+00
   0.3000000E+01   0.1580974E+02   0.2325591E+00   0.2069513E+02   0.7674409E+00   0.3161949E+02   0.0000000E+00
   0.1000000E+01   0.1554776E+02   0.2362973E+00   0.2643121E+02   0.7637027E+00   0.3109551E+02   0.0000000E+00
   0.3000000E+01   0.1289906E+02   0.2844559E+00   0.3365077E+02   0.7155441E+00   0.2579813E+02   0.0000000E+00
   0.6000000E+01   0.1234197E+02   0.3071985E+00   0.2888808E+02   0.6928015E+00   0.2468394E+02   0.0000000E+00
   0.1000000E+01   0.1231906E+02   0.3092532E+00   0.6632397E+02   0.6907468E+00   0.2463813E+02   0.0000000E+00
   0.2000000E+01   0.1259174E+02   0.2952582E+00   0.6706374E+02   0.7047418E+00   0.2518349E+02   0.0000000E+00
   0.3000000E+01   0.1231528E+02   0.3095249E+00   0.6623241E+02   0.6904751E+00   0.2463056E+02   0.0000000E+00
   0.1000000E+01   0.1218787E+02   0.3277741E+00   0.6332619E+02   0.6722259E+00   0.2437575E+02   0.0000000E+00
   0.2000000E+01   0.1220224E+02   0.3218739E+00   0.6552296E+02   0.6781261E+00   0.2440449E+02   0.0000000E+00
   0.4000000E+01   0.1300496E+02   0.2817308E+00   0.5929373E+02   0.7182692E+00   0.2600991E+02   0.0000000E+00
   0.4000000E+01   0.1372888E+02   0.2650771E+00   0.5323225E+02   0.7349229E+00   0.2745776E+02   0.0000000E+00
   0.1000000E+01   0.1246033E+02   0.3008687E+00   0.4199002E+02   0.6991313E+00   0.2492067E+02   0.0000000E+00
   0.4000000E+01   0.1232424E+02   0.3480937E+00   0.9808196E+02   0.6519063E+00   0.2464849E+02   0.0000000E+00
   0.1000000E+01   0.1269701E+02   0.2913235E+00   0.7177990E+02   0.7086765E+00   0.2539401E+02   0.0000000E+00
   0.1000000E+01   0.1236579E+02   0.3061011E+00   0.5113860E+02   0.6938989E+00   0.2473157E+02   0.0000000E+00
   0.4000000E+01   0.1223980E+02   0.3161674E+00   0.5379726E+02   0.6838326E+00   0.2447959E+02   0.0000000E+00
   0.2000000E+01   0.1345066E+02   0.3899858E+00   0.4631731E+02   0.6100142E+00   0.2690132E+02   0.0000000E+00
   0.2000000E+01   0.1285590E+02   0.3727414E+00   0.6268843E+02   0.6272586E+00   0.2571181E+02   0.0000000E+00
   0.1000000E+01   0.1429853E+02   0.4091484E+00   0.7980680E+02   0.5908516E+00   0.2859705E+02   0.0000000E+00
   0.1000000E+01   0.1432398E+02   0.4096744E+00   0.9047389E+02   0.5903256E+00   0.2864796E+02   0.0000000E+00
   0.1000000E+01   0.1224396E+02   0.3409236E+00   0.9187519E+02   0.6590764E+00   0.2448792E+02   0.0000000E+00
   0.2000000E+01   0.1238501E+02   0.3050814E+00   0.8491084E+02   0.6949186E+00   0.2477001E+02   0.0000000E+00
   0.5000000E+01   0.1218945E+02   0.3303925E+00   0.8524891E+02   0.6696075E+00   0.2437890E+02   0.0000000E+00
   0.2000000E+01   0.1221179E+02   0.3200330E+00   0.6091954E+02   0.6799670E+00   0.2442357E+02   0.0000000E+00
   0.1000000E+01   0.1229912E+02   0.3453116E+00   0.2252501E+02   0.6546884E+00   0.2459823E+02   0.0000000E+00
   0.1000000E+01   0.1252192E+02   0.2977194E+00   0.2948721E+02   0.7022806E+00   0.2504384E+02   0.0000000E+00
   0.1000000E+01   0.1249660E+02   0.2989653E+00   0.3269195E+02   0.7010347E+00   0.2499320E+02   0.0000000E+00
   0.1000000E+01   0.1261146E+02   0.2942214E+00   0.3674838E+02   0.7057786E+00   0.2522292E+02   0.0000000E+00
   0.4000000E+01   0.1230165E+02   0.3462769E+00   0.5929674E+02   0.6537231E+00   0.2460330E+02   0.0000000E+00
   0.1000000E+01   0.1227951E+02   0.3123900E+00   0.9275930E+02   0.6876100E+00   0.2455903E+02   0.0000000E+00
   0.1000000E+01   0.1221560E+02   0.3194534E+00   0.7303148E+02   0.6805466E+00   0.2443121E+02   0.0000000E+00
   0.1000000E+01   0.1244515E+02   0.3555953E+00   0.7776430E+02   0.6444047E+00   0.2489030E+02   0.0000000E+00
   0.1000000E+01   0.1231090E+02   0.3097656E+00   0.5090920E+02   0.6902344E+00   0.2462180E+02   0.0000000E+00
   0.5000000E+01   0.1267089E+02   0.2922270E+00   0.6201841E+02   0.7077730E+00   0.2534178E+02   0.0000000E+00
   0.2000000E+01   0.1278270E+02   0.2883655E+00   0.5821152E+02   0.7116345E+00   0.2556541E+02   0.0000000E+00
   0.4000000E+01   0.1254707E+02   0.2970162E+00   0.5117088E+02   0.7029838E+00   0.2509414E+02   0.0000000E+00
   0.3000000E+01   0.1272200E+02   0.2904073E+00   0.5973293E+02   0.7095927E+00   0.2544401E+02   0.0000000E+00
   0.3000000E+01   0.1266528E+02   0.2923768E+00   0.5203901E+02   0.7076232E+00   0.2533056E+02   0.0000000E+00
   0.1000000E+01   0.1315345E+02   0.2778768E+00   0.7640525E+02   0.7221232E+00   0.2630690E+02   0.0000000E+00
   0.2000000E+01   0.1236485E+02   0.3508857E+00   0.9254397E+02   0.6491143E+00   0.2472971E+02   0.0000000E+00
   0.1000000E+01   0.1303842E+02   0.2808931E+00   0.8578744E+02   0.7191069E+00   0.2607684E+02   0.0000000E+00
   0.2000000E+01   0.1220175E+02   0.3219916E+00   0.6783706E+02   0.6780084E+00   0.2440350E+02   0.0000000E+00
   0.4000000E+01   0.1220980E+02   0.3203795E+00   0.6140726E+02   0.6796205E+00   0.2441959E+02   0.0000000E+00
   0.5000000E+01   0.1219521E+02   0.3236222E+00   0.5608474E+02   0.6763778E+00   0.2439042E+02   0.0000000E+00
   0.2000000E+01   0.1219406E+02   0.3323410E+00   0.4854765E+02   0.6676590E+00   0.2438813E+02   0.0000000E+00
   0.2000000E+01   0.1222954E+02   0.3389997E+00   0.4495961E+02   0.6610003E+00   0.2445909E+02   0.0000000E+00
   0.1000000E+01   0.1232475E+02   0.3479733E+00   0.4703842E+02   0.6520267E+00   0.2464949E+02   0.0000000E+00
   0.7000000E+01   0.1234605E+02   0.3491047E+00   0.2788489E+02   0.6508953E+00   0.2469211E+02   0.0000000E+00
   0.3000000E+01   0.1384147E+02   0.2629793E+00   0.6747927E+02   0.7370207E+00   0.2768294E+02   0.0000000E+00
   0.1000000E+01   0.1333111E+02   0.2733218E+00   0.3724671E+02   0.7266782E+00   0.2666221E+02   0.0000000E+00
   0.1000000E+01   0.1245562E+02   0.3010839E+00   0.4080870E+02   0.6989161E+00   0.2491124E+02   0.0000000E+00
   0.4000000E+01   0.1219031E+02   0.3252790E+00   0.3752993E+02   0.6747210E+00   0.2438062E+02   0.0000000E+00
   0.2000000E+01   0.1236166E+02   0.3055418E+00   0.2234690E+02   0.6944582E+00   0.2472332E+02   0.0000000E+00
   0.1000000E+01   0.1250547E+02   0.3587045E+00   0.8613768E+02   0.6412955E+00   0.2501095E+02   0.0000000E+00
   0.2000000E+01   0.1271217E+02   0.3675857E+00   0.8346158E+02   0.6324143E+00   0.2542434E+02   0.0000000E+00
   0.2000000E+01   0.1338821E+02   0.3885384E+00   0.9562674E+02   0.6114616E+00   0.2677643E+02   0.0000000E+00
   0.4000000E+01   0.1220889E+02   0.3205939E+00   0.7781078E+02   0.6794061E+00   0.2441778E+02   0.0000000E+00
   0.5000000E+01   0.1256810E+02   0.2962650E+00   0.8899733E+02   0.7037350E+00   0.2513620E+02   0.0000000E+00
   0.1000000E+01   0.1218850E+02   0.3267298E+00   0.5199095E+02   0.6732702E+00   0.2437699E+02   0.0000000E+00
   0.2000000E+01   0.1377252E+02   0.3978707E+00   0.7350123E+02   0.6021293E+00   0.2754505E+02   0.0000000E+00
   0.1000000E+01   0.1377300E+02   0.3977942E+00   0.5120275E+02   0.6022058E+00   0.2754601E+02   0.0000000E+00
   0.5000000E+01   0.1313017E+02   0.2773575E+00   0.2051397E+02   0.7226425E+00   0.2626033E+02   0.0000000E+00
   0.3000000E+01   0.1226834E+02   0.3127056E+00   0.2629238E+02   0.6872944E+00   0.2453669E+02   0.0000000E+00
   0.2000000E+01   0.1222826E+02   0.3174428E+00   0.4095630E+02   0.6825572E+00   0.2445651E+02   0.0000000E+00
   0.1000000E+01   0.1227869E+02   0.3123447E+00   0.5377163E+02   0.6876553E+00   0.2455738E+02   0.0000000E+00
   0.1000000E+01   0.1231001E+02   0.3098489E+00   0.5340240E+02   0.6901511E+00   0.2462002E+02   0.0000000E+00
   0.1000000E+01   0.1219393E+02   0.3319591E+00   0.2798486E+02   0.6680409E+00   0.2438785E+02   0.0000000E+00
   0.1000000E+01   0.1230278E+02   0.3094031E+00   0.2078344E+02   0.6905969E+00   0.2460556E+02   0.0000000E+00
   0.1000000E+01   0.1301844E+02   0.2811575E+00   0.3810932E+02   0.7188425E+00   0.2603689E+02   0.0000000E+00
   0.9000000E+01   0.1220457E+02   0.3351164E+00   0.7017010E+02   0.6648836E+00   0.2440913E+02   0.0000000E+00
   0.6000000E+01   0.1256449E+02   0.3614092E+00   0.6129718E+02   0.6385908E+00   0.2512898E+02   0.0000000E+00
   0.3000000E+01   0.1260973E+02   0.2945904E+00   0.8498212E+02   0.7054096E+00   0.2521945E+02   0.0000000E+00
   0.1000000E+01   0.1240386E+02   0.3039998E+00   0.7672153E+02   0.6960002E+00   0.2480773E+02   0.0000000E+00
   0.1000000E+01   0.1242848E+02   0.3026794E+00   0.7743919E+02   0.6973206E+00   0.2485697E+02   0.0000000E+00
   0.3000000E+01   0.1505439E+02   0.2432439E+00   0.3763616E+02   0.7567561E+00   0.3010877E+02   0.0000000E+00
   0.2000000E+01   0.1502463E+02   0.2436630E+00   0.3780083E+02   0.7563370E+00   0.3004925E+02   0.0000000E+00
   0.1000000E+01   0.1340454E+02   0.2708216E+00   0.2051241E+02   0.7291784E+00   0.2680908E+02   0.0000000E+00
   0.2000000E+01   0.1225531E+02   0.3144405E+00   0.4549563E+02   0.6855595E+00   0.2451062E+02   0.0000000E+00
   0.1000000E+01   0.1224150E+02   0.3158881E+00   0.4411675E+02   0.6841119E+00   0.2448300E+02   0.0000000E+00
   0.2000000E+01   0.1238456E+02   0.3050296E+00   0.5841747E+02   0.6949704E+00   0.2476913E+02   0.0000000E+00
   0.2000000E+01   0.1247422E+02   0.3003712E+00   0.6747183E+02   0.6996288E+00   0.2494844E+02   0.0000000E+00
   0.1000000E+01   0.1339868E+02   0.2720678E+00   0.7692949E+02   0.7279322E+00   0.2679736E+02   0.0000000E+00
   0.2000000E+01   0.1270621E+02   0.2910441E+00   0.9752858E+02   0.7089559E+00   0.2541242E+02   0.0000000E+00
   0.1000000E+01   0.1243478E+02   0.3023397E+00   0.7208509E+02   0.6976603E+00   0.2486956E+02   0.0000000E+00
   0.2000000E+01   0.1221716E+02   0.3191239E+00   0.5288625E+02   0.6808761E+00   0.2443432E+02   0.0000000E+00
   0.1000000E+01   0.1315386E+02   0.2778012E+00   0.5764008E+02   0.7221988E+00   0.2630772E+02   0.0000000E+00
   0.1000000E+01   0.1297010E+02   0.2827497E+00   0.7248596E+02   0.7172503E+00   0.2594021E+02   0.0000000E+00
   0.1000000E+01   0.1413696E+02   0.2575638E+00   0.5039765E+02   0.7424362E+00   0.2827392E+02   0.0000000E+00
   0.2000000E+01   0.1315942E+02   0.2775298E+00   0.4218704E+02   0.7224702E+00   0.2631884E+02   0.0000000E+00
   0.1000000E+01   0.1230640E+02   0.3099279E+00   0.3703881E+02   0.6900721E+00   0.2461280E+02   0.0000000E+00
   0.1000000E+01   0.1333870E+02   0.2733670E+00   0.5922654E+02   0.7266330E+00   0.2667741E+02   0.0000000E+00
   0.1000000E+01   0.1293036E+02   0.2838646E+00   0.6551758E+02   0.7161354E+00   0.2586072E+02   0.0000000E+00
   0.3000000E+01   0.1241033E+02   0.3532623E+00   0.3142115E+02   0.6467377E+00   0.2482066E+02   0.0000000E+00
   0.1000000E+01   0.1243118E+02   0.3546034E+00   0.3880862E+02   0.6453966E+00   0.2486236E+02   0.0000000E+00
   0.1000000E+01   0.1225142E+02   0.3416124E+00   0.4894786E+02   0.6583876E+00   0.2450284E+02   0.0000000E+00
   0.2000000E+01   0.1249819E+02   0.2987603E+00   0.2887244E+02   0.7012397E+00   0.2499638E+02   0.0000000E+00
   0.2000000E+01   0.1366803E+02   0.2656499E+00   0.2498147E+02   0.7343501E+00   0.2733606E+02   0.0000000E+00
   0.3000000E+01   0.1391783E+02   0.2607890E+00   0.2405149E+02   0.7392110E+00   0.2783565E+02   0.0000000E+00
   0.1000000E+01   0.1383757E+02   0.2619149E+00   0.2016033E+02   0.7380851E+00   0.2767514E+02   0.0000000E+00
   0.4000000E+01   0.1232117E+02   0.3084351E+00   0.2534414E+02   0.6915649E+00   0.2464234E+02   0.0000000E+00
   0.3000000E+01   0.1223141E+02   0.3170435E+00   0.4113044E+02   0.6829565E+00   0.2446282E+02   0.0000000E+00
   0.7000000E+01   0.1228378E+02   0.3445018E+00   0.3322151E+02   0.6554982E+00   0.2456756E+02   0.0000000E+00
   0.3000000E+01   0.1247157E+02   0.3569302E+00   0.5802364E+02   0.6430698E+00   0.2494315E+02   0.0000000E+00
   0.6000000E+01   0.1393393E+02   0.4014894E+00   0.7435717E+02   0.5985106E+00   0.2786787E+02   0.0000000E+00
   0.2000000E+01   0.1503043E+02   0.4224724E+00   0.3012003E+02   0.5775276E+00   0.3006087E+02   0.0000000E+00
   0.2000000E+01   0.1219850E+02   0.3337568E+00   0.8988476E+02   0.6662432E+00   0.2439700E+02   0.0000000E+00
   0.4000000E+01   0.1222561E+02   0.3386044E+00   0.7239398E+02   0.6613956E+00   0.2445123E+02   0.0000000E+00
   0.1000000E+01   0.1219396E+02   0.3323877E+00   0.6786414E+02   0.6676123E+00   0.2438792E+02   0.0000000E+00
   0.3000000E+01   0.1342338E+02   0.2715520E+00   0.9815372E+02   0.7284480E+00   0.2684676E+02   0.0000000E+00
   0.9000000E+01   0.1346118E+02   0.2707203E+00   0.9514939E+02   0.7292797E+00   0.2692236E+02   0.0000000E+00
   0.1000000E+01   0.1257535E+02   0.2959785E+00   0.9769282E+02   0.7040215E+00   0.2515070E+02   0.0000000E+00
   0.4000000E+01   0.1237133E+02   0.3059026E+00   0.9598675E+02   0.6940974E+00   0.2474267E+02   0.0000000E+00
   0.3000000E+01   0.1419654E+02   0.4069459E+00   0.4734917E+02   0.5930541E+00   0.2839309E+02   0.0000000E+00
   0.1000000E+01   0.1218919E+02   0.3262174E+00   0.6000516E+02   0.6737826E+00   0.2437839E+02   0.0000000E+00
   0.1000000E+01   0.1220144E+02   0.3218939E+00   0.4346009E+02   0.6781061E+00   0.2440288E+02   0.0000000E+00
   0.3000000E+01   0.1226073E+02   0.3138925E+00   0.4414817E+02   0.6861075E+00   0.2452147E+02   0.0000000E+00
   0.4000000E+01   0.1310952E+02   0.3807964E+00   0.7081613E+02   0.6192036E+00   0.2621904E+02   0.0000000E+00
   0.2000000E+01   0.1228609E+02   0.3117982E+00   0.7217165E+02   0.6882018E+00   0.2457218E+02   0.0000000E+00
   0.1000000E+01   0.1240072E+02   0.3529826E+00   0.5077341E+02   0.6470174E+00   0.2480144E+02   0.0000000E+00
   0.1000000E+01   0.1340005E+02   0.3888171E+00   0.7582864E+02   0.6111829E+00   0.2680010E+02   0.0000000E+00
   0.1000000E+01   0.1343293E+02   0.3896722E+00   0.8005060E+02   0.6103278E+00   0.2686586E+02   0.0000000E+00
   0.2000000E+01   0.1243935E+02   0.3552882E+00   0.8226678E+02   0.6447118E+00   0.2487871E+02   0.0000000E+00
   0.2000000E+01   0.1267200E+02   0.3660268E+00   0.9444083E+02   0.6339732E+00   0.2534399E+02   0.0000000E+00
   0.1000000E+01   0.1219063E+02   0.3254861E+00   0.9896090E+02   0.6745139E+00   0.2438125E+02   0.0000000E+00
   0.1000000E+01   0.1229094E+02   0.3114473E+00   0.9928547E+02   0.6885527E+00   0.2458188E+02   0.0000000E+00
   0.3000000E+01   0.1234449E+02   0.3074688E+00   0.5487814E+02   0.6925312E+00   0.2468897E+02   0.0000000E+00
   0.5000000E+01   0.1241766E+02   0.3540638E+00   0.7536125E+02   0.6459362E+00   0.2483532E+02   0.0000000E+00
   0.3000000E+01   0.1237390E+02   0.3056401E+00   0.5541163E+02   0.6943599E+00   0.2474780E+02   0.0000000E+00
   0.1000000E+01   0.1221737E+02   0.3190997E+00   0.5396225E+02   0.6809003E+00   0.2443473E+02   0.0000000E+00
   0.2000000E+01   0.1220161E+02   0.3220035E+00   0.6302472E+02   0.6779965E+00   0.2440323E+02   0.0000000E+00
   0.4000000E+01   0.1222726E+02   0.3382402E+00   0.2559123E+02   0.6617598E+00   0.2445451E+02   0.0000000E+00
   0.1000000E+01   0.1224835E+02   0.3411474E+00   0.3737305E+02   0.6588526E+00   0.2449671E+02   0.0000000E+00
   0.2000000E+01   0.1218789E+02   0.3287185E+00   0.3258092E+02   0.6712815E+00   0.2437578E+02   0.0000000E+00
   0.3000000E+01   0.1231834E+02   0.3475295E+00   0.5122062E+02   0.6524705E+00   0.2463668E+02   0.0000000E+00
   0.1000000E+01   0.1227406E+02   0.3439845E+00   0.9185165E+02   0.6560155E+00   0.2454812E+02   0.0000000E+00
   0.6000000E+01   0.1225239E+02   0.3418401E+00   0.8545711E+02   0.6581599E+00   0.2450477E+02   0.0000000E+00
   0.2000000E+01   0.1224739E+02   0.3412712E+00   0.7069881E+02   0.6587288E+00   0.2449478E+02   0.0000000E+00
   0.4000000E+01   0.1218811E+02   0.3291365E+00   0.7298687E+02   0.6708635E+00   0.2437622E+02   0.0000000E+00
   0.1000000E+01   0.1254904E+02   0.3607272E+00   0.6722175E+02   0.6392728E+00   0.2509807E+02   0.0000000E+00
   0.2000000E+01   0.1227485E+02   0.3437386E+00   0.3474870E+02   0.6562614E+00   0.2454970E+02   0.0000000E+00
   0.1000000E+01   0.1249169E+02   0.3574759E+00   0.2730412E+02   0.6425241E+00   0.2498337E+02   0.0000000E+00
   0.9000000E+01   0.1219517E+02   0.3319258E+00   0.2063007E+02   0.6680742E+00   0.2439035E+02   0.0000000E+00
   0.1000000E+01   0.1226451E+02   0.3135634E+00   0.4686461E+02   0.6864366E+00   0.2452901E+02   0.0000000E+00
   0.4000000E+01   0.1223922E+02   0.3162510E+00   0.5660319E+02   0.6837490E+00   0.2447843E+02   0.0000000E+00
   0.1000000E+01   0.1235997E+02   0.3065168E+00   0.6114601E+02   0.6934832E+00   0.2471994E+02   0.0000000E+00
   0.2000000E+01   0.1220642E+02   0.3210415E+00   0.7244761E+02   0.6789585E+00   0.2441284E+02   0.0000000E+00
   0.2000000E+01   0.1226746E+02   0.3123065E+00   0.2043373E+02   0.6876935E+00   0.2453492E+02   0.0000000E+00
   0.1000000E+01   0.1221444E+02   0.3194336E+00   0.4148366E+02   0.6805664E+00   0.2442888E+02   0.0000000E+00
   0.6000000E+01   0.1223574E+02   0.3399158E+00   0.7036001E+02   0.6600842E+00   0.2447148E+02   0.0000000E+00
   0.5000000E+01   0.1220638E+02   0.3354498E+00   0.6009173E+02   0.6645502E+00   0.2441276E+02   0.0000000E+00
   0.5000000E+01   0.1224725E+02   0.3154526E+00   0.8679413E+02   0.6845474E+00   0.2449449E+02   0.0000000E+00
   0.1000000E+01   0.1223435E+02   0.3397083E+00   0.5948690E+02   0.6602917E+00   0.2446870E+02   0.0000000E+00
   0.2000000E+01   0.1270566E+02   0.2908481E+00   0.4324354E+02   0.7091519E+00   0.2541132E+02   0.0000000E+00
   0.4000000E+01   0.1255396E+02   0.2964393E+00   0.3239099E+02   0.7035607E+00   0.2510793E+02   0.0000000E+00
   0.9000000E+01   0.1228666E+02   0.3441110E+00   0.2072491E+02   0.6558890E+00   0.2457332E+02   0.0000000E+00
   0.4000000E+01   0.1243359E+02   0.3019297E+00   0.2969874E+02   0.6980703E+00   0.2486719E+02   0.0000000E+00
   0.2000000E+01   0.1239063E+02   0.3040332E+00   0.2511280E+02   0.6959668E+00   0.2478125E+02   0.0000000E+00
   0.1000000E+01   0.1245244E+02   0.3011755E+00   0.3694072E+02   0.6988245E+00   0.2490487E+02   0.0000000E+00
   0.1000000E+01   0.1233654E+02   0.3078047E+00   0.3759264E+02   0.6921953E+00   0.2467309E+02   0.0000000E+00
   0.1000000E+01   0.1266257E+02   0.2922452E+00   0.3471222E+02   0.7077548E+00   0.2532515E+02   0.0000000E+00
   0.3000000E+01   0.1311830E+02   0.2787307E+00   0.6284755E+02   0.7212693E+00   0.2623660E+02   0.0000000E+00
   0.1000000E+01   0.1248004E+02   0.3573900E+00   0.6464049E+02   0.6426100E+00   0.2496008E+02   0.0000000E+00
   0.3000000E+01   0.1251337E+02   0.3586184E+00   0.2925625E+02   0.6413816E+00   0.2502673E+02   0.0000000E+00
   0.1000000E+01   0.1231664E+02   0.3471884E+00   0.3424352E+02   0.6528116E+00   0.2463328E+02   0.0000000E+00
   0.3000000E+01   0.1242168E+02   0.3540879E+00   0.3997229E+02   0.6459121E+00   0.2484335E+02   0.0000000E+00
   0.7000000E+01   0.1221900E+02   0.3376850E+00   0.9773009E+02   0.6623150E+00   0.2443800E+02   0.0000000E+00
   0.2000000E+01   0.1218825E+02   0.3293306E+00   0.7563804E+02   0.6706694E+00   0.2437649E+02   0.0000000E+00
   0.1000000E+01   0.1218915E+02   0.3263144E+00   0.7496907E+02   0.6736856E+00   0.2437830E+02   0.0000000E+00
   0.1000000E+01   0.1229279E+02   0.3455789E+00   0.6692814E+02   0.6544211E+00   0.2458559E+02   0.0000000E+00
   0.1000000E+01   0.1221984E+02   0.3186356E+00   0.4357766E+02   0.6813644E+00   0.2443968E+02   0.0000000E+00
   0.6000000E+01   0.1219000E+02   0.3255137E+00   0.4102466E+02   0.6744863E+00   0.2438001E+02   0.0000000E+00
   0.3000000E+01   0.1224205E+02   0.3404134E+00   0.3595663E+02   0.6595866E+00   0.2448410E+02   0.0000000E+00
   0.1000000E+01   0.1239759E+02   0.3523694E+00   0.2743451E+02   0.6476306E+00   0.2479517E+02   0.0000000E+00
   0.3000000E+01   0.1307078E+02   0.2789723E+00   0.2114976E+02   0.7210277E+00   0.2614157E+02   0.0000000E+00
   0.6000000E+01   0.1295807E+02   0.2827267E+00   0.3307154E+02   0.7172733E+00   0.2591614E+02   0.0000000E+00
   0.5000000E+01   0.1297021E+02   0.2824159E+00   0.3432882E+02   0.7175841E+00   0.2594042E+02   0.0000000E+00
   0.3000000E+01   0.1287554E+02   0.2853166E+00   0.4185390E+02   0.7146834E+00   0.2575109E+02   0.0000000E+00
   0.1000000E+01   0.1244546E+02   0.3017928E+00   0.7109382E+02   0.6982072E+00   0.2489092E+02   0.0000000E+00
   0.8000000E+01   0.1218783E+02   0.3282356E+00   0.8062561E+02   0.6717644E+00   0.2437566E+02   0.0000000E+00
   0.2000000E+01   0.1218931E+02   0.3262168E+00   0.8147261E+02   0.6737832E+00   0.2437863E+02   0.0000000E+00
   0.3000000E+01   0.1304583E+02   0.2804500E+00   0.4015725E+02   0.7195500E+00   0.2609167E+02   0.0000000E+00
   0.2000000E+01   0.1345414E+02   0.2708322E+00   0.7212451E+02   0.7291678E+00   0.2690829E+02   0.0000000E+00
   0.1000000E+01   0.1220012E+02   0.3341492E+00   0.8173248E+02   0.6658508E+00   0.2440023E+02   0.0000000E+00
   0.2000000E+01   0.1232506E+02   0.3088940E+00   0.9980010E+02   0.6911060E+00   0.2465012E+02   0.0000000E+00
   0.2000000E+01   0.1227179E+02   0.3130523E+00   0.8296172E+02   0.6869477E+00   0.2454358E+02   0.0000000E+00
   0.2000000E+01   0.1225594E+02   0.3145649E+00   0.9385462E+02   0.6854351E+00   0.2451189E+02   0.0000000E+00
   0.4000000E+01   0.1219038E+02   0.3309236E+00   0.7515684E+02   0.6690764E+00   0.2438076E+02   0.0000000E+00
   0.3000000E+01   0.1247380E+02   0.3004028E+00   0.7141991E+02   0.6995972E+00   0.2494761E+02   0.0000000E+00
   0.1000000E+01   0.1359544E+02   0.2677689E+00   0.5497475E+02   0.7322311E+00   0.2719089E+02   0.0000000E+00
   0.4000000E+01   0.1431234E+02   0.2537502E+00   0.2193827E+02   0.7462498E+00   0.2862467E+02   0.0000000E+00
   0.3000000E+01   0.1239949E+02   0.3034453E+00   0.2382982E+02   0.6965547E+00   0.2479898E+02   0.0000000E+00
   0.2000000E+01   0.1227086E+02   0.3123975E+00   0.2496913E+02   0.6876025E+00   0.2454173E+02   0.0000000E+00
   0.3000000E+01   0.1221752E+02   0.3188007E+00   0.3382447E+02   0.6811993E+00   0.2443504E+02   0.0000000E+00
   0.1000000E+01   0.1227938E+02   0.3123903E+00   0.8490627E+02   0.6876097E+00   0.2455876E+02   0.0000000E+00
   0.5000000E+01   0.1220869E+02   0.3206450E+00   0.8538469E+02   0.6793550E+00   0.2441738E+02   0.0000000E+00
   0.3000000E+01   0.1245435E+02   0.3013312E+00   0.6569340E+02   0.6986688E+00   0.2490871E+02   0.0000000E+00
   0.2000000E+01   0.1234260E+02   0.3493485E+00   0.6692215E+02   0.6506515E+00   0.2468520E+02   0.0000000E+00
   0.1000000E+01   0.1281097E+02   0.3711776E+00   0.6290980E+02   0.6288224E+00   0.2562195E+02   0.0000000E+00
   0.4000000E+01   0.1248396E+02   0.2999580E+00   0.8972862E+02   0.7000420E+00   0.2496792E+02   0.0000000E+00
   0.5000000E+01   0.1255847E+02   0.2966715E+00   0.9465258E+02   0.7033285E+00   0.2511695E+02   0.0000000E+00
   0.1000000E+01   0.1255275E+02   0.3609261E+00   0.7962983E+02   0.6390739E+00   0.2510550E+02   0.0000000E+00
   0.5000000E+01   0.1247877E+02   0.3573830E+00   0.9446915E+02   0.6426170E+00   0.2495754E+02   0.0000000E+00
   0.3000000E+01   0.1429367E+02   0.4090430E+00   0.7582199E+02   0.5909570E+00   0.2858733E+02   0.0000000E+00
   0.1000000E+01   0.1575860E+02   0.4350396E+00   0.6984739E+02   0.5649604E+00   0.3151721E+02   0.0000000E+00
   0.1000000E+01   0.1424583E+02   0.4075943E+00   0.2817156E+02   0.5924057E+00   0.2849166E+02   0.0000000E+00
   0.3000000E+01   0.1219074E+02   0.3308843E+00   0.3526153E+02   0.6691157E+00   0.2438148E+02   0.0000000E+00
   0.2000000E+01   0.1221569E+02   0.3370838E+00   0.5785077E+02   0.6629162E+00   0.2443138E+02   0.0000000E+00
   0.1000000E+01   0.1242879E+02   0.3547009E+00   0.7995690E+02   0.6452991E+00   0.2485758E+02   0.0000000E+00
   0.1000000E+01   0.1221584E+02   0.3371696E+00   0.8009360E+02   0.6628304E+00   0.2443167E+02   0.0000000E+00
   0.1000000E+01   0.1220282E+02   0.3340154E+00   0.2272816E+02   0.6659846E+00   0.2440564E+02   0.0000000E+00
   0.8000000E+01   0.1230107E+02   0.3454073E+00   0.2177320E+02   0.6545927E+00   0.2460215E+02   0.0000000E+00
   0.1000000E+01   0.1342243E+02   0.3890548E+00   0.3274194E+02   0.6109452E+00   0.2684487E+02   0.0000000E+00
   0.1300000E+02   0.1370402E+02   0.3955210E+00   0.2295715E+02   0.6044790E+00   0.2740804E+02   0.0000000E+00
   0.1000000E+01   0.1387673E+02   0.3998849E+00   0.3249477E+02   0.6001151E+00   0.2775346E+02   0.0000000E+00
   0.7000000E+01   0.1231253E+02   0.3469875E+00   0.4072119E+02   0.6530125E+00   0.2462505E+02   0.0000000E+00
   0.1000000E+01   0.1281211E+02   0.3711625E+00   0.5162741E+02   0.6288375E+00   0.2562423E+02   0.0000000E+00
   0.7000000E+01   0.1220736E+02   0.3209021E+00   0.9277074E+02   0.6790979E+00   0.2441472E+02   0.0000000E+00
   0.1000000E+01   0.1222679E+02   0.3178189E+00   0.6464539E+02   0.6821811E+00   0.2445358E+02   0.0000000E+00
   0.1000000E+01   0.1241644E+02   0.3539618E+00   0.6364202E+02   0.6460382E+00   0.2483288E+02   0.0000000E+00
   0.1000000E+01   0.1221375E+02   0.3366045E+00   0.3851964E+02   0.6633955E+00   0.2442750E+02   0.0000000E+00
   0.2000000E+01   0.1382764E+02   0.3984052E+00   0.2357482E+02   0.6015948E+00   0.2765528E+02   0.0000000E+00
   0.3000000E+01   0.1230538E+02   0.3464653E+00   0.4361225E+02   0.6535347E+00   0.2461076E+02   0.0000000E+00
   0.3000000E+01   0.1316660E+02   0.3820394E+00   0.2987317E+02   0.6179606E+00   0.2633320E+02   0.0000000E+00
   0.5000000E+01   0.1224217E+02   0.3157900E+00   0.4225596E+02   0.6842100E+00   0.2448433E+02   0.0000000E+00
   0.1000000E+01   0.1228834E+02   0.3115331E+00   0.5349487E+02   0.6884669E+00   0.2457669E+02   0.0000000E+00
   0.1000000E+01   0.1282627E+02   0.3717144E+00   0.6250641E+02   0.6282856E+00   0.2565253E+02   0.0000000E+00
   0.5000000E+01   0.1330117E+02   0.3860951E+00   0.4912733E+02   0.6139049E+00   0.2660234E+02   0.0000000E+00
   0.2000000E+01   0.1254782E+02   0.3605559E+00   0.4584757E+02   0.6394441E+00   0.2509564E+02   0.0000000E+00
