 
TRANSIENT_NAME:     DES15S2ar  
SNID:               1276528    
OBS_DATE:           2015-09-19
MJD:                57284. 
PHASE:              +16.   
MJD_MAX:            57263.6
TYPE:               101
SPEC_EVAL:          SNIa?
REDSHIFT:           0.2470  
REDSHIFT_ERR:       0.0005  
REDSHIFT_SOURCE:    Z_GAL
TELESCOPE:          AAT
INSTRUMENT:         AAOmega-2dF
 
======================================
 
# WAVE  FLUX  FLUX_ERR
 3756.72      -1.4923      91.6632
 3757.75       5.3326      85.4958
 3758.79      -3.2321      78.5796
 3759.83       4.0939      84.4329
 3760.87       4.2391      77.2426
 3761.90      19.0528      91.9467
 3762.94       1.4245      75.0639
 3763.98      -6.0117      77.0965
 3765.02      -3.6825      72.9439
 3766.06       1.5911      74.9915
 3767.09       1.7119      75.6763
 3768.13     -12.8314      64.4185
 3769.17       1.4707      72.4151
 3770.21       8.1048      77.7904
 3771.24       6.8995      78.0348
 3772.28       1.4483      75.1054
 3773.32       6.1452      76.5138
 3774.36       3.8940      74.6078
 3775.40       2.8868      72.8797
 3776.43      -0.5809      69.4627
 3777.47      -1.6589      68.6509
 3778.51       9.0658      75.1292
 3779.55       3.2756      73.0413
 3780.58       0.5811      67.5997
 3781.62      -5.2899      67.2089
 3782.66      -2.0153      71.5460
 3783.70       1.0163      68.1744
 3784.73       8.9974      73.2339
 3785.77      14.4917      79.8924
 3786.81      -1.7121      63.6069
 3787.85      -6.7926      58.1643
 3788.89       3.8784      66.5936
 3789.92      -2.2492      62.2772
 3790.96      -0.0919      63.8769
 3792.00       5.9213      69.8318
 3793.04       7.2680      68.3784
 3794.07       3.4412      67.0864
 3795.11       7.1644      67.2413
 3796.15       4.7441      64.4274
 3797.19       1.5670      61.0532
 3798.23      -6.9861      51.1392
 3799.26      -4.3140      50.7611
 3800.30      -0.1651      55.2077
 3801.34       1.7499      56.1266
 3802.38       5.0458      58.8316
 3803.41       0.4695      55.5028
 3804.45       4.1616      57.2726
 3805.49      16.7172      61.8101
 3806.53       5.6961      60.8460
 3807.57      -4.7701      54.0943
 3808.60       6.0557      50.4996
 3809.64       1.7132      49.6029
 3810.68      -5.4703      44.3600
 3811.72      -1.1607      48.9288
 3812.75       3.3362      48.3909
 3813.79       2.9353      48.7902
 3814.83       5.3678      50.4023
 3815.87       3.7726      50.4750
 3816.90      -0.8033      47.7080
 3817.94       1.3010      45.4354
 3818.98       0.8600      43.3057
 3820.02       0.3265      43.6708
 3821.06       1.9454      45.1882
 3822.09       4.4048      45.6123
 3823.13       1.0862      42.2734
 3824.17       6.8212      41.2085
 3825.21       7.4858      39.9085
 3826.24       4.4740      38.0101
 3827.28       1.7532      37.7436
 3828.32      -6.6614      34.7857
 3829.36       1.3127      40.4267
 3830.40       8.8273      44.9836
 3831.43       6.6726      43.1797
 3832.47       4.9437      40.6754
 3833.51       5.1649      40.3770
 3834.55      10.2417      40.4150
 3835.58       8.8546      39.3406
 3836.62      -5.2402      32.7602
 3837.66      -1.8469      32.2837
 3838.70       1.4981      33.6788
 3839.74      -0.3104      34.9767
 3840.77      -3.5642      30.4781
 3841.81      -2.2365      29.2086
 3842.85      -6.9851      27.6010
 3843.89      -6.4432      29.2914
 3844.92      -0.0724      31.4337
 3845.96       2.7828      30.3440
 3847.00       3.9303      30.4132
 3848.04       3.2856      31.1414
 3849.07      -4.1519      27.6488
 3850.11      -4.7173      27.0254
 3851.15      -0.4605      29.0276
 3852.19       5.1079      28.5724
 3853.23      -0.0614      25.8639
 3854.26      -3.6127      25.6862
 3855.30       6.8297      30.4614
 3856.34       4.8183      29.7048
 3857.38       2.0153      29.1053
 3858.41       6.3849      29.5471
 3859.45       2.2530      27.4778
 3860.49       0.5377      25.8596
 3861.53       2.1921      27.5388
 3862.57       0.4771      27.4740
 3863.60      -0.1094      27.8589
 3864.64      11.0020      30.9138
 3865.68       7.3008      28.7024
 3866.72       1.5386      26.6828
 3867.75       0.6502      27.3693
 3868.79      11.1370      30.6727
 3869.83      -0.6236      24.7739
 3870.87      -4.7084      23.9334
 3871.91       1.3498      25.5407
 3872.94       5.6442      26.2828
 3873.98       3.1019      26.5502
 3875.02       3.6501      26.0044
 3876.06       5.8549      27.3522
 3877.09       8.7833      27.6979
 3878.13       2.6051      25.9136
 3879.17       7.4237      27.4138
 3880.21      11.4509      28.3404
 3881.24       8.7409      26.6070
 3882.28       9.0132      27.5697
 3883.32       4.6801      24.1411
 3884.36       3.1006      23.2330
 3885.40      -2.8282      20.9236
 3886.43      -3.8728      19.2518
 3887.47      -3.4841      19.3306
 3888.51       5.3310      23.3886
 3889.55       7.2230      24.6744
 3890.58       5.3520      21.8702
 3891.62       8.4716      22.4440
 3892.66      10.6168      23.9078
 3893.70       3.9797      22.0742
 3894.74      -0.3847      19.8789
 3895.77       3.5858      20.6765
 3896.81       3.2163      19.7063
 3897.85       2.8400      19.7111
 3898.89       7.4552      22.0284
 3899.92       1.8076      20.1057
 3900.96       3.5082      20.6557
 3902.00       3.7106      20.3411
 3903.04       0.2059      19.3344
 3904.07       4.6268      21.4207
 3905.11       6.8173      23.1126
 3906.15      -3.6622      20.2046
 3907.19      -0.0125      20.3810
 3908.23       4.7569      21.8444
 3909.26       6.0999      23.3825
 3910.30       6.1896      22.1534
 3911.34       2.1661      19.4456
 3912.38      -3.3875      18.2653
 3913.41       0.9648      20.7030
 3914.45       6.4527      21.5617
 3915.49       2.3859      19.0729
 3916.53       1.2620      18.2235
 3917.57       0.7933      17.4804
 3918.60       2.5247      17.7655
 3919.64       1.0711      16.5182
 3920.68       0.6052      15.4446
 3921.72       1.2566      15.6635
 3922.75       3.5409      15.1507
 3923.79       4.5972      15.6475
 3924.83       2.5954      14.4264
 3925.87       0.5715      13.4024
 3926.91       1.0522      13.4043
 3927.94       5.8184      14.5090
 3928.98       6.9700      13.8827
 3930.02       0.0617      11.4377
 3931.06      -1.5821      10.5826
 3932.09       0.7636      10.7671
 3933.13       6.4413      11.5103
 3934.17       0.9316       9.9807
 3935.21       1.0373      10.4126
 3936.24       2.0733      10.3098
 3937.28      -1.7577       9.5702
 3938.32      -3.8678       9.7717
 3939.36      -2.8095      10.2992
 3940.40      -1.1449      11.0495
 3941.43       5.2159      12.5196
 3942.47       5.5058      12.6279
 3943.51       0.3541      11.0660
 3944.55       0.0254      11.3232
 3945.58       4.8421      12.2618
 3946.62       2.9182      11.5197
 3947.66       1.4138      11.1993
 3948.70       2.3888      11.0551
 3949.74       1.5964      10.9494
 3950.77       2.5920      11.3790
 3951.81       3.3608      11.2366
 3952.85       0.1179      10.9283
 3953.89       0.1792      11.1525
 3954.92      -2.0937      10.4583
 3955.96       0.3216      10.8119
 3957.00       0.7868      10.2063
 3958.04       5.4140      11.1512
 3959.08       3.1099      11.1679
 3960.11      -0.6877       9.6878
 3961.15       0.6881       9.9017
 3962.19       1.6183      10.5409
 3963.23       2.6228      10.4573
 3964.26       5.1655      10.5899
 3965.30       1.6598       9.5079
 3966.34       1.6604       9.4745
 3967.38       3.8802       9.8788
 3968.41       1.0012       9.1497
 3969.45      -3.1259       8.2548
 3970.49      -1.2106       7.9177
 3971.53       2.6996       8.8405
 3972.57       2.5476       9.7624
 3973.60       1.1956       9.8687
 3974.64       0.5099      10.1012
 3975.68      -0.0998      10.1355
 3976.72       3.0944      10.6077
 3977.75       6.8690      11.6881
 3978.79       2.5740      10.8096
 3979.83      -0.5217       9.9182
 3980.87      -0.3317       9.6229
 3981.91      -0.5119       9.8141
 3982.94      -1.1014      10.0730
 3983.98       1.2506       9.9616
 3985.02       2.0243      10.0436
 3986.06       2.8029      10.3481
 3987.09       1.4159      10.1287
 3988.13       0.5866      10.5426
 3989.17       3.6381      10.8967
 3990.21       3.8974      10.5242
 3991.25       0.4945      10.5546
 3992.28       2.8963      11.1939
 3993.32       4.4460      11.3521
 3994.36       4.8104      11.0228
 3995.40       3.4190      10.5255
 3996.43       3.1240      10.4583
 3997.47       1.0769      10.3473
 3998.51      -1.7210      10.3838
 3999.55      -2.0775      10.7747
 4000.58      -1.4703      11.1123
 4001.62      -1.1173      10.7711
 4002.66       1.2529      11.2888
 4003.70       5.2090      12.2141
 4004.74       4.8878      12.1044
 4005.77       3.3923      11.9008
 4006.81       4.6199      12.0088
 4007.85       3.8588      12.5104
 4008.89       2.7229      13.1996
 4009.92       0.9488      12.4240
 4010.96      -0.3759      12.5657
 4012.00       1.5298      13.1284
 4013.04       4.0478      12.9243
 4014.08       3.7546      13.0816
 4015.11       3.9249      13.2487
 4016.15       2.5547      12.2879
 4017.19      -2.2278      11.0717
 4018.23      -4.9574      10.7456
 4019.26      -1.0608      11.4211
 4020.30       2.2259      12.6742
 4021.34       4.1051      13.1715
 4022.38       4.3819      12.3361
 4023.42      -0.7363      10.9716
 4024.45      -2.6467      10.6339
 4025.49       0.7646      11.5694
 4026.53       1.1893      11.2318
 4027.57       0.2655      10.9638
 4028.60       3.9665      12.2112
 4029.64      -1.1045      10.7163
 4030.68       1.2671      11.0179
 4031.72       2.7054      11.2076
 4032.75       2.9988      11.4125
 4033.79       0.7534      11.1221
 4034.83      -0.5737      10.6612
 4035.87       2.0974      10.7894
 4036.91       5.8416      11.6378
 4037.94       3.8278      11.4881
 4038.98       0.5957      11.2433
 4040.02       4.2478      12.0140
 4041.06       3.1147      12.0742
 4042.09       4.5058      12.0240
 4043.13       1.5216      11.4268
 4044.17       1.9252      11.6628
 4045.21      -1.9268      10.3385
 4046.25      -2.4835      10.1345
 4047.28      -0.9503      10.1201
 4048.32       1.4890      10.5845
 4049.36       1.4319      11.2258
 4050.40       0.9569      10.8794
 4051.43       0.6594      10.9803
 4052.47      -1.3668      10.4000
 4053.51       2.5520      10.5152
 4054.55       4.7463      10.7072
 4055.58       2.6163      10.2942
 4056.62       1.0554       9.8156
 4057.66       2.2437      10.0586
 4058.70       2.5572      10.0900
 4059.74       2.0916      10.0598
 4060.77      -0.9388       9.9555
 4061.81       1.5448      10.1126
 4062.85       4.5259      10.4055
 4063.89       0.6634      10.2068
 4064.92       5.9384      11.5757
 4065.96       4.9931      11.0179
 4067.00       1.4132      10.0934
 4068.04       0.5541       9.7634
 4069.08       1.9766      10.3152
 4070.11       0.3501      10.0744
 4071.15       1.3482       9.4935
 4072.19       6.7640      10.5413
 4073.23       2.1227       9.6537
 4074.26       0.2794       9.4104
 4075.30       2.8021      10.2981
 4076.34       4.4766      10.5357
 4077.38       1.3908       9.3680
 4078.42      -0.2814       8.7720
 4079.45       4.3414       9.9789
 4080.49       1.8084       9.7643
 4081.53       5.0675      10.2256
 4082.57       2.5188       9.9151
 4083.60      -0.6371       9.0009
 4084.64       2.4181       9.9647
 4085.68       4.4729      10.1923
 4086.72      -0.0930       9.5972
 4087.75      -2.4598       9.0624
 4088.79      -0.2344       8.8867
 4089.83       3.0563       9.7441
 4090.87       1.9075       9.5725
 4091.91       2.4631       9.2538
 4092.94       0.9934       8.8041
 4093.98       3.9430       9.6055
 4095.02       4.5920       9.3519
 4096.06      -0.8031       7.8694
 4097.09       1.1036       8.5694
 4098.13      -1.9561       7.6562
 4099.17       4.2595       8.4004
 4100.21       0.3161       7.8127
 4101.25       1.7765       7.6698
 4102.28       2.0291       7.5956
 4103.32       0.7135       7.4838
 4104.36       3.5835       8.1192
 4105.40      -0.2382       7.4171
 4106.43       3.2016       8.0334
 4107.47       3.6709       8.1934
 4108.51       1.3145       7.8167
 4109.55       2.3202       8.1652
 4110.58       0.8446       7.7215
 4111.62      -2.6582       6.7203
 4112.66       2.5941       7.8913
 4113.70      -0.3644       7.6468
 4114.74      -0.1937       7.6315
 4115.77       5.1612       8.5512
 4116.81       2.7026       7.7814
 4117.85       3.2403       7.8696
 4118.89       1.8223       7.3955
 4119.92       5.6543       8.2753
 4120.96       0.1157       7.4575
 4122.00      -0.0436       7.3332
 4123.04       3.2862       7.7564
 4124.08       2.7638       7.7935
 4125.11       0.4319       7.2906
 4126.15      -0.5722       7.1834
 4127.19       2.3334       7.8385
 4128.23       2.6852       7.9394
 4129.26       2.5694       8.0080
 4130.30       1.5943       7.5230
 4131.34      -0.7487       6.7434
 4132.38       3.5502       7.6736
 4133.42       1.5462       7.4861
 4134.45      -1.5396       7.3489
 4135.49       2.6041       7.9823
 4136.53       3.1947       8.0771
 4137.57       0.1022       7.2739
 4138.60       0.2880       7.1338
 4139.64       1.6943       7.7905
 4140.68       3.4134       7.5781
 4141.72      -0.4307       6.7752
 4142.75      -0.1618       6.7463
 4143.79       3.7094       7.2314
 4144.83       1.8165       7.2643
 4145.87       1.2790       7.0705
 4146.91       1.5542       6.9905
 4147.94       2.7953       7.0582
 4148.98       1.5485       7.0276
 4150.02      -2.1652       6.4422
 4151.06       0.8044       6.7367
 4152.09       3.1151       6.9921
 4153.13       2.7289       7.0308
 4154.17       3.1534       7.3409
 4155.21      -0.5106       6.8862
 4156.25       0.3513       7.2788
 4157.28       0.6203       7.3147
 4158.32       2.6358       7.1822
 4159.36       0.3792       6.7985
 4160.40      -3.0745       6.5162
 4161.43       0.5584       7.1474
 4162.47      -1.6938       6.8963
 4163.51       0.2603       7.1889
 4164.55       3.1524       7.9086
 4165.59      -0.6872       7.2020
 4166.62      -2.0355       7.1454
 4167.66      -0.3755       7.2771
 4168.70       0.9836       7.4316
 4169.74       0.0739       7.3145
 4170.77       5.6197       7.9765
 4171.81       6.7404       8.2452
 4172.85       3.8790       7.2745
 4173.89       5.7771       7.4866
 4174.92       1.7142       6.8373
 4175.96      -0.3686       6.3980
 4177.00       2.0175       6.9392
 4178.04       1.9943       6.7417
 4179.08       2.6056       6.5393
 4180.11       7.3390       7.4225
 4181.15       1.6901       6.5027
 4182.19       0.0176       6.1714
 4183.23       4.7006       6.6880
 4184.26       4.4968       6.4622
 4185.30       1.4453       6.2117
 4186.34      -0.7013       5.9146
 4187.38       0.4104       5.7884
 4188.42       1.0268       5.9085
 4189.45       1.8559       6.1777
 4190.49       5.2064       6.7404
 4191.53       2.4989       6.3955
 4192.57       3.6104       6.4202
 4193.60       0.6423       5.8249
 4194.64      -0.8090       5.3485
 4195.68       0.4684       5.4732
 4196.72       0.3683       5.3594
 4197.76       1.8434       5.4921
 4198.79      -1.2022       5.1272
 4199.83      -1.7927       5.0086
 4200.87       2.4418       5.9230
 4201.91       1.3835       5.5631
 4202.94       0.7221       5.1326
 4203.98       1.3992       5.3313
 4205.02      -0.5204       5.3246
 4206.06      -0.3287       5.4781
 4207.09      -0.1489       5.5235
 4208.13       5.0222       6.3123
 4209.17       5.4675       6.3652
 4210.21       0.9398       5.5979
 4211.25       1.9034       5.6758
 4212.28       4.2353       5.9672
 4213.32       1.9948       5.5271
 4214.36      -1.8576       5.1341
 4215.40       2.2713       5.4918
 4216.43       2.4333       5.5393
 4217.47       0.7823       5.2263
 4218.51       0.1932       5.0259
 4219.55       1.8391       5.1302
 4220.59       4.0672       5.5866
 4221.62       1.5095       5.2657
 4222.66       1.0887       5.1903
 4223.70       3.8956       5.5567
 4224.74       2.0836       5.3253
 4225.77       0.9991       4.9660
 4226.81       2.7254       4.9440
 4227.85       3.4674       5.1150
 4228.89       1.2315       5.1012
 4229.93       0.2564       5.0479
 4230.96      -0.7152       4.7830
 4232.00      -0.9350       4.7099
 4233.04       2.2403       5.1521
 4234.08       1.4608       4.9897
 4235.11       3.2161       5.0929
 4236.15       3.6957       5.1761
 4237.19       3.0232       5.1911
 4238.23       0.6602       4.9136
 4239.26       1.1649       4.9463
 4240.30       3.6637       5.1226
 4241.34      -1.3370       4.5164
 4242.38      -3.2045       4.6971
 4243.42      -0.5238       4.8289
 4244.45       4.0911       4.7911
 4245.49       3.4018       5.3348
 4246.53       2.7059       5.3456
 4247.57       3.5314       5.2941
 4248.60       1.2774       4.7453
 4249.64      -1.0350       4.2021
 4250.68      -0.6484       4.3727
 4251.72       1.6591       4.7282
 4252.76       2.5788       4.8843
 4253.79       1.8707       5.0401
 4254.83       2.7964       5.0453
 4255.87       0.3405       4.6260
 4256.91      -0.4936       4.6241
 4257.94       1.9655       4.8600
 4258.98       3.2646       4.7784
 4260.02       2.1240       4.4960
 4261.06      -0.7518       4.3054
 4262.10      -0.7926       4.2828
 4263.13       0.8725       4.6477
 4264.17       2.4477       4.9015
 4265.21       0.5951       4.6799
 4266.25       0.9012       4.7759
 4267.28       3.1799       5.0576
 4268.32       1.5378       4.6870
 4269.36      -0.3845       4.2593
 4270.40      -0.8049       4.1520
 4271.43       0.6676       4.3085
 4272.47       2.4656       4.5299
 4273.51       1.6241       4.3225
 4274.55       0.9593       4.3216
 4275.59       1.3973       4.5194
 4276.62       1.0245       4.5191
 4277.66      -0.4727       4.3719
 4278.70       1.2574       4.5234
 4279.74       2.4858       4.6205
 4280.77       3.8718       4.7190
 4281.81       1.0103       4.3376
 4282.85      -2.2815       3.8755
 4283.89      -1.8228       3.9078
 4284.93       0.0384       3.9797
 4285.96       1.6452       3.9528
 4287.00       2.6116       4.1862
 4288.04       1.8418       4.1162
 4289.08      -1.0491       3.6114
 4290.11       0.5183       3.8146
 4291.15      -0.5483       3.6248
 4292.19      -1.1357       3.7316
 4293.23       2.0506       4.1420
 4294.27       1.5649       4.0922
 4295.30      -0.7572       3.6457
 4296.34      -0.8993       3.4424
 4297.38       0.4769       3.6369
 4298.42       1.2320       3.7005
 4299.45       0.9637       3.5655
 4300.49       1.1896       3.4560
 4301.53      -1.9382       3.0435
 4302.57       0.5697       3.3072
 4303.60       3.6477       3.6788
 4304.64       1.8008       3.4649
 4305.68       1.8097       3.4317
 4306.72       1.1810       3.3674
 4307.76       1.3998       3.5621
 4308.79       1.5464       3.5712
 4309.83      -0.0330       3.2789
 4310.87      -2.2766       2.9439
 4311.91      -1.5911       3.1281
 4312.94       2.4470       3.7322
 4313.98       1.8816       3.8406
 4315.02       0.0745       3.7719
 4316.06      -0.8833       3.6334
 4317.10       0.9929       3.8447
 4318.13       1.8447       4.1832
 4319.17       1.3506       4.0530
 4320.21       2.4871       4.0146
 4321.25       2.7480       3.9841
 4322.28       1.9711       3.8128
 4323.32       1.3365       3.6383
 4324.36      -2.1539       2.9843
 4325.40       0.5669       3.4780
 4326.44       1.5297       3.6250
 4327.47       0.2279       3.5099
 4328.51       2.4669       3.9054
 4329.55       2.9179       3.9399
 4330.59       3.1198       3.9534
 4331.62       0.7085       3.7892
 4332.66      -1.1816       3.6328
 4333.70       0.6943       3.8514
 4334.74       0.0876       3.6539
 4335.77       2.9739       4.0118
 4336.81       1.4411       3.8078
 4337.85      -0.2305       3.3393
 4338.89       1.2011       3.5846
 4339.93       2.9559       3.8895
 4340.96       0.5047       3.4988
 4342.00      -0.3081       3.3931
 4343.04       0.7035       3.6333
 4344.08       0.1870       3.4649
 4345.11       3.0211       3.8137
 4346.15       2.0171       3.7706
 4347.19       2.9872       3.8990
 4348.23       2.6819       4.0184
 4349.27       1.8169       3.7004
 4350.30       0.1945       3.5004
 4351.34       3.3589       3.7034
 4352.38       4.2783       3.7850
 4353.42      -0.2252       3.2489
 4354.45       1.4977       3.3756
 4355.49       3.2563       3.6243
 4356.53       0.8675       3.4577
 4357.57      -0.3696       3.4534
 4358.60      -0.0699       3.4115
 4359.64       0.3066       3.4358
 4360.68       1.6746       3.6662
 4361.72       0.4941       3.6630
 4362.76       0.5272       3.7467
 4363.79      -0.0489       3.4908
 4364.83       0.4702       3.5265
 4365.87      -1.2938       3.2693
 4366.91       2.8209       3.6945
 4367.94       5.3545       3.9400
 4368.98       1.5101       3.6316
 4370.02       1.1390       3.4632
 4371.06       2.3114       3.6792
 4372.10       0.5583       3.3841
 4373.13       1.5351       3.5671
 4374.17       1.6822       3.5553
 4375.21      -0.7680       3.3656
 4376.25       1.6122       3.6546
 4377.28       2.4416       3.9095
 4378.32       0.8716       3.6955
 4379.36      -0.8389       3.3621
 4380.40       1.2350       3.5349
 4381.44      -0.6294       3.3803
 4382.47       1.7276       3.4410
 4383.51       2.7527       3.4600
 4384.55       2.0758       3.2085
 4385.59       0.6864       3.2351
 4386.62      -0.9641       3.2987
 4387.66       4.9278       3.9417
 4388.70       1.9793       3.4290
 4389.74      -0.3176       3.1954
 4390.77       2.5609       3.5234
 4391.81       2.5874       3.4999
 4392.85       0.6181       3.2997
 4393.89       0.6938       3.3622
 4394.93       3.0595       3.6365
 4395.96       1.5162       3.4767
 4397.00       1.4056       3.3618
 4398.04       0.4791       3.4398
 4399.08       0.6130       3.4059
 4400.11       2.0793       3.4151
 4401.15       0.9242       3.3518
 4402.19       0.8222       3.5190
 4403.23      -0.5695       3.4396
 4404.27       0.3331       3.5366
 4405.30       3.3449       3.6983
 4406.34       2.6793       3.7216
 4407.38       2.4008       3.8613
 4408.42       2.2617       3.9712
 4409.45      -0.0739       3.6226
 4410.49       3.3310       3.9476
 4411.53      -0.4689       3.6363
 4412.57       0.3099       3.9016
 4413.61       0.2122       3.6609
 4414.64       1.0517       3.6598
 4415.68       0.9970       3.6780
 4416.72       2.4532       3.8677
 4417.76      -0.2049       3.6155
 4418.79       1.6359       3.7604
 4419.83       3.1318       4.1841
 4420.87       2.2698       4.1157
 4421.91       3.5361       4.1050
 4422.94      -0.0007       3.6281
 4423.98      -0.7092       3.4502
 4425.02       1.4731       3.6990
 4426.06       2.3750       3.8424
 4427.10       2.3493       3.8631
 4428.13      -0.1620       3.5006
 4429.17       3.0347       3.8311
 4430.21       1.9331       3.6664
 4431.25       0.8638       3.6182
 4432.28       0.0024       3.5613
 4433.32       1.0504       3.7302
 4434.36       1.3849       3.4259
 4435.40       2.7167       3.4797
 4436.44       1.5771       3.5035
 4437.47      -0.6852       3.4121
 4438.51       4.9132       4.1219
 4439.55       2.8477       3.8168
 4440.59       1.2146       3.5081
 4441.62       0.5573       3.3199
 4442.66       0.5375       3.2112
 4443.70       1.6302       3.3312
 4444.74       1.6807       3.4767
 4445.78      -1.0207       3.1526
 4446.81      -0.4868       3.2967
 4447.85      -0.5476       3.2191
 4448.89       2.2911       3.4624
 4449.93      -1.1395       3.0966
 4450.96       0.7925       3.3545
 4452.00       0.8878       3.3417
 4453.04       2.9435       3.3939
 4454.08       1.4651       3.0978
 4455.11       0.8120       3.0764
 4456.15       1.7935       3.2239
 4457.19       2.0891       3.2381
 4458.23       1.8835       3.2249
 4459.27       1.1730       3.0305
 4460.30       1.7129       3.1295
 4461.34       2.5325       3.1686
 4462.38       3.0320       3.2886
 4463.42       0.8143       2.9613
 4464.45      -1.4800       2.8381
 4465.49      -0.2430       3.0257
 4466.53       0.7054       3.0631
 4467.57      -0.5941       2.9476
 4468.61       3.2482       3.2993
 4469.64       2.5218       3.1458
 4470.68       2.1139       3.1667
 4471.72       1.1764       3.0716
 4472.76       2.7295       3.3730
 4473.79       0.6379       3.0480
 4474.83       0.7453       3.0420
 4475.87      -0.0268       3.0512
 4476.91       1.4984       3.1786
 4477.95       1.2351       3.1771
 4478.98       1.6438       3.2295
 4480.02      -0.4547       2.8805
 4481.06      -0.8118       2.8234
 4482.10       1.2378       3.1110
 4483.13       2.7190       3.3213
 4484.17       2.3494       3.2973
 4485.21       3.6464       3.3582
 4486.25       4.0533       3.4911
 4487.28       0.9787       3.1371
 4488.32       2.0826       3.0391
 4489.36       0.3629       2.8130
 4490.40      -0.1323       2.7779
 4491.44       1.0674       3.1204
 4492.47       1.3139       3.0728
 4493.51       2.1705       3.2143
 4494.55       1.5011       3.1456
 4495.59       3.0904       3.3244
 4496.62       2.5211       3.3493
 4497.66       0.6644       3.1242
 4498.70      -0.2960       2.9607
 4499.74      -0.4111       2.9328
 4500.78       1.7302       3.0926
 4501.81       3.0696       3.3763
 4502.85       3.6243       3.3066
 4503.89       3.3112       3.3600
 4504.93       2.0495       3.2490
 4505.96      -0.1433       3.0835
 4507.00       0.7683       3.0860
 4508.04      -0.8922       3.0115
 4509.08       0.2376       3.1230
 4510.12      -0.0881       3.0905
 4511.15       2.9322       3.4570
 4512.19       1.2488       3.2159
 4513.23      -0.6738       2.9766
 4514.27       2.4879       3.3444
 4515.30       2.4221       3.3453
 4516.34      -0.6694       2.9732
 4517.38       2.3464       3.2343
 4518.42       2.5506       3.1669
 4519.45       2.3185       3.2310
 4520.49       0.0380       2.9763
 4521.53       2.6889       3.1914
 4522.57      -0.3203       2.9792
 4523.61       1.8877       3.2264
 4524.64       4.7445       3.4905
 4525.68       0.3441       2.8681
 4526.72      -0.4957       2.8848
 4527.76       2.1507       3.0789
 4528.79       2.0526       3.1284
 4529.83       1.4606       3.1027
 4530.87       1.2914       3.1535
 4531.91       2.5144       3.3826
 4532.95       2.8991       3.1928
 4533.98       2.5718       3.1353
 4535.02       1.9903       3.1464
 4536.06      -0.0120       2.9830
 4537.10      -0.6910       2.8975
 4538.13       2.8012       3.2499
 4539.17       4.7973       3.3221
 4540.21       3.4095       3.1785
 4541.25      -0.3960       2.9600
 4542.29       0.5952       2.9962
 4543.32       0.7890       2.9504
 4544.36       0.5439       2.9594
 4545.40       2.0863       3.1043
 4546.44       1.1621       2.9939
 4547.47      -0.1683       2.7960
 4548.51       0.9274       2.8844
 4549.55       1.8205       2.9723
 4550.59       2.4353       3.0487
 4551.62       2.1518       3.0816
 4552.66       1.6682       2.9758
 4553.70       1.6344       2.8876
 4554.74       0.7855       2.7568
 4555.78       0.8284       2.7938
 4556.81       3.4110       2.9973
 4557.85       2.6886       2.9987
 4558.89       2.1553       2.9944
 4559.93       2.5947       3.0369
 4560.96       2.6206       3.0088
 4562.00      -0.4307       2.6943
 4563.04      -2.6838       2.4838
 4564.08      -0.4468       2.6421
 4565.12       1.2015       2.7820
 4566.15       2.5005       2.8519
 4567.19       1.6814       2.8624
 4568.23       3.1873       3.0898
 4569.27       2.4237       3.0308
 4570.30       1.9553       2.9283
 4571.34      -0.1477       2.7017
 4572.38      -0.6652       2.6365
 4573.42      -0.1338       2.7080
 4574.46       0.4812       2.7467
 4575.49       2.7527       2.8869
 4576.53       4.9237       3.1709
 4577.57       3.2940       3.1096
 4578.61       2.4406       2.9624
 4579.64       1.8561       2.8763
 4580.68       0.6968       2.8488
 4581.72       2.3499       2.9576
 4582.76       3.3002       3.0128
 4583.79       2.8239       2.9308
 4584.83       1.1667       2.7220
 4585.87      -0.8411       2.5873
 4586.91       1.9602       2.8070
 4587.95       2.9092       2.9046
 4588.98       2.1224       2.7915
 4590.02       3.1521       2.9126
 4591.06       1.7111       2.7877
 4592.10       0.6044       2.6672
 4593.13       0.1379       2.5654
 4594.17      -0.0221       2.5454
 4595.21       2.0703       2.6590
 4596.25       0.6739       2.5277
 4597.29      -0.1676       2.4860
 4598.32       1.6166       2.7113
 4599.36       1.7572       2.6627
 4600.40       1.8887       2.5969
 4601.44       1.1637       2.5025
 4602.47       0.8914       2.4639
 4603.51       2.3382       2.6311
 4604.55       0.9408       2.5041
 4605.59       1.5153       2.5212
 4606.62       1.8599       2.5632
 4607.66      -0.2396       2.4629
 4608.70      -0.5894       2.5657
 4609.74       1.1952       2.6892
 4610.78       0.4661       2.5587
 4611.81      -0.4745       2.4585
 4612.85       1.7003       2.6352
 4613.89       1.5301       2.5977
 4614.93       0.6147       2.5162
 4615.96       0.4125       2.5129
 4617.00       0.6718       2.5683
 4618.04       0.3781       2.5053
 4619.08       0.7510       2.5377
 4620.12      -0.1142       2.5115
 4621.15       1.6220       2.6354
 4622.19       2.1760       2.6967
 4623.23       1.4072       2.6725
 4624.27       0.4515       2.5512
 4625.30      -0.2215       2.4201
 4626.34       0.2131       2.4320
 4627.38       1.3693       2.6106
 4628.42       2.2118       2.6241
 4629.46      -0.9096       2.3110
 4630.49       0.3602       2.5392
 4631.53       0.6411       2.5433
 4632.57       0.0616       2.4436
 4633.61       1.8671       2.5769
 4634.64      -0.2220       2.3962
 4635.68      -0.7790       2.3670
 4636.72       0.9933       2.5231
 4637.76       1.5958       2.5331
 4638.79       3.2675       2.5729
 4639.83       1.6354       2.4555
 4640.87      -0.5775       2.3225
 4641.91       0.5607       2.4409
 4642.95      -0.4151       2.3123
 4643.98       0.2018       2.3231
 4645.02       2.2211       2.4723
 4646.06       3.0384       2.4874
 4647.10       2.1683       2.3920
 4648.13       2.1835       2.4730
 4649.17       2.8705       2.5488
 4650.21       1.5978       2.3808
 4651.25       1.2920       2.3602
 4652.29       1.0362       2.3844
 4653.32       1.2803       2.4256
 4654.36      -0.2871       2.3175
 4655.40       2.1316       2.4797
 4656.44       1.9255       2.4710
 4657.47       0.3847       2.3894
 4658.51      -0.8428       2.4142
 4659.55      -0.4922       2.4667
 4660.59       0.4796       2.4914
 4661.62      -1.1919       2.2810
 4662.66       0.6434       2.3229
 4663.70       0.8588       2.3480
 4664.74       0.5873       2.3774
 4665.78       2.9823       2.5247
 4666.81       2.3384       2.4137
 4667.85       0.1822       2.1737
 4668.89       1.0104       2.2381
 4669.93       1.7842       2.3763
 4670.96       2.1584       2.4529
 4672.00       2.0814       2.4020
 4673.04       1.4464       2.3831
 4674.08       1.5197       2.4899
 4675.12       0.2702       2.3263
 4676.15      -0.2131       2.2751
 4677.19      -0.1249       2.2068
 4678.23       1.0228       2.3154
 4679.27       0.8454       2.3336
 4680.30       0.7152       2.3042
 4681.34       1.8706       2.4119
 4682.38       1.2905       2.3398
 4683.42       1.4527       2.4110
 4684.46       1.0956       2.3490
 4685.49       2.3220       2.4217
 4686.53       1.5744       2.3364
 4687.57       0.5538       2.2465
 4688.61       0.7781       2.2444
 4689.64       2.1764       2.2541
 4690.68       3.1959       2.4283
 4691.72       0.9670       2.2290
 4692.76      -0.4277       2.0593
 4693.79       2.3473       2.3445
 4694.83       2.3076       2.3827
 4695.87      -0.0122       2.1585
 4696.91       2.0930       2.3624
 4697.95       1.1981       2.2261
 4698.98      -0.4533       2.0296
 4700.02       1.8715       2.2096
 4701.06       1.2116       2.1891
 4702.10       0.9534       2.0579
 4703.13      -0.0947       2.0030
 4704.17      -0.5108       2.0210
 4705.21       0.1368       2.0719
 4706.25      -0.7827       1.9899
 4707.29       1.0877       2.1220
 4708.32       0.9485       2.1552
 4709.36       1.0298       2.1768
 4710.40       0.8642       2.1853
 4711.44       1.9726       2.2630
 4712.47       1.8833       2.1982
 4713.51       1.6560       2.2216
 4714.55       1.0891       2.1275
 4715.59       0.8708       2.0927
 4716.62       1.4756       2.1537
 4717.66       1.1988       2.1781
 4718.70       0.7257       2.1955
 4719.74       1.1210       2.1808
 4720.78       2.0810       2.2461
 4721.81       1.1586       2.0753
 4722.85       1.3638       2.1576
 4723.89       0.5104       2.1425
 4724.93       0.5764       2.1439
 4725.96       3.3892       2.3003
 4727.00       1.7570       2.1102
 4728.04       0.8547       2.0185
 4729.08       2.1053       2.1336
 4730.12       1.3099       2.0574
 4731.15       2.0534       2.1040
 4732.19       0.6130       2.0116
 4733.23      -0.1633       1.9284
 4734.27       0.2763       1.9796
 4735.30       0.2765       2.0122
 4736.34       0.9152       2.0433
 4737.38       0.7456       1.9801
 4738.42       2.3137       2.1850
 4739.46       0.6509       2.0767
 4740.49       1.9059       2.1124
 4741.53       2.0255       2.1660
 4742.57       0.3020       2.0240
 4743.61       0.5206       2.0126
 4744.64       1.5713       2.0930
 4745.68       1.4116       2.1001
 4746.72       2.2107       2.1585
 4747.76       0.1151       1.9644
 4748.80       0.7513       1.9397
 4749.83      -0.1263       1.9371
 4750.87      -1.8108       1.8226
 4751.91       1.2197       2.0944
 4752.95       0.7912       1.9722
 4753.98       0.2131       1.9154
 4755.02       1.2268       2.0267
 4756.06       1.1512       1.9843
 4757.10       1.1196       1.9599
 4758.13       2.4814       2.1303
 4759.17       1.5300       2.0459
 4760.21       0.0850       1.9590
 4761.25      -0.2475       1.8801
 4762.29      -0.2542       1.8393
 4763.32       1.5051       1.9954
 4764.36       1.6519       1.9804
 4765.40       0.6143       1.9030
 4766.44       1.0188       1.9116
 4767.47       0.9599       1.9370
 4768.51       1.1027       2.0183
 4769.55       0.8632       2.0572
 4770.59       1.9252       2.0536
 4771.63       0.2629       1.8805
 4772.66       1.9854       2.0673
 4773.70       0.4203       1.9515
 4774.74       0.3847       1.9211
 4775.78       1.4993       2.0421
 4776.81       2.0192       2.0176
 4777.85       0.4107       1.9542
 4778.89       0.9115       1.9546
 4779.93      -0.7395       1.7863
 4780.97       1.5152       1.9504
 4782.00       1.4702       2.0150
 4783.04       2.7801       2.1002
 4784.08       3.9962       2.2009
 4785.12       3.2406       2.1206
 4786.15       2.3498       2.0659
 4787.19       2.7861       2.0895
 4788.23       2.0160       1.9945
 4789.27       1.8121       1.9439
 4790.30       1.9250       2.0046
 4791.34       1.0334       2.0224
 4792.38       1.0170       1.9885
 4793.42       0.9154       1.9819
 4794.46       1.5702       2.0571
 4795.49       2.1512       2.1032
 4796.53       2.1244       2.0973
 4797.57       1.7288       2.0693
 4798.61       1.5947       1.9608
 4799.64       1.0142       1.9618
 4800.68       2.0266       2.0422
 4801.72       0.4734       1.9404
 4802.76       0.8492       1.9966
 4803.80       1.4949       2.0090
 4804.83       1.4707       1.9964
 4805.87       1.3529       1.9741
 4806.91       0.5091       1.8999
 4807.95       0.5785       1.8974
 4808.98       0.3104       1.8973
 4810.02       0.8813       1.9850
 4811.06       1.1788       1.9959
 4812.10       0.3416       1.9130
 4813.14       0.5268       1.9344
 4814.17       2.3242       2.0707
 4815.21       1.8278       2.0466
 4816.25       1.0844       2.0529
 4817.29       1.0694       2.0599
 4818.32       3.2938       2.2861
 4819.36       3.4611       2.3426
 4820.40       3.0738       2.2567
 4821.44       1.5036       2.1359
 4822.47       0.2516       2.0266
 4823.51      -0.5724       1.9119
 4824.55       0.7698       2.0012
 4825.59       1.9695       2.1125
 4826.63       1.3455       2.0190
 4827.66      -0.3661       1.8897
 4828.70       1.6629       2.0828
 4829.74       3.3470       2.2327
 4830.78       1.7245       2.0448
 4831.81       2.2849       2.0510
 4832.85       1.3214       2.0335
 4833.89       1.1195       2.0001
 4834.93       0.7512       1.9268
 4835.97       0.2625       1.9121
 4837.00       1.1870       2.0568
 4838.04       0.8456       2.0086
 4839.08       1.2537       1.9633
 4840.12       2.5943       2.0689
 4841.15       1.6961       2.0291
 4842.19       1.5582       1.9656
 4843.23       1.0591       1.9423
 4844.27      -0.9550       1.8662
 4845.31      -0.6378       1.9647
 4846.34      -0.7124       1.9127
 4847.38       0.9875       1.8892
 4848.42       0.6985       1.8851
 4849.46       1.5471       1.8846
 4850.49       1.9809       1.9110
 4851.53       1.8229       1.9411
 4852.57       1.1889       1.8827
 4853.61       0.5704       1.7925
 4854.64       2.4367       1.8196
 4855.68       1.3476       1.6743
 4856.72       0.2563       1.6021
 4857.76       0.7368       1.6243
 4858.80       1.7785       1.6936
 4859.83       2.8560       1.8335
 4860.87       1.9962       1.8711
 4861.91       1.2302       1.8343
 4862.95       2.6412       1.8774
 4863.98       2.4277       1.7603
 4865.02       2.1328       1.6255
 4866.06       1.8173       1.6087
 4867.10       0.2039       1.5129
 4868.14       0.5575       1.6003
 4869.17       1.3281       1.6696
 4870.21       2.4732       1.6582
 4871.25       1.9167       1.5791
 4872.29       2.4908       1.6213
 4873.32       2.3348       1.6103
 4874.36       0.8475       1.4861
 4875.40       0.4128       1.4792
 4876.44       1.5555       1.5203
 4877.48       1.3792       1.5294
 4878.51       0.8985       1.5561
 4879.55       1.4384       1.6203
 4880.59       0.9307       1.5947
 4881.63       0.5767       1.5499
 4882.66       1.9475       1.6155
 4883.70       2.2370       1.6664
 4884.74       1.1999       1.5847
 4885.78       1.9262       1.6057
 4886.81       3.3686       1.7060
 4887.85       2.6958       1.6237
 4888.89       2.6207       1.6146
 4889.93       1.4149       1.5989
 4890.97       2.3359       1.6638
 4892.00       2.0796       1.6814
 4893.04       0.9430       1.5944
 4894.08       2.4528       1.7046
 4895.12       1.4443       1.6893
 4896.15       1.9984       1.7341
 4897.19       3.0081       1.7932
 4898.23       0.6383       1.6085
 4899.27       0.7620       1.6005
 4900.31       2.2443       1.6985
 4901.34       2.0194       1.7103
 4902.38       0.9014       1.5774
 4903.42       0.8493       1.6110
 4904.46       1.2163       1.6549
 4905.49       1.8409       1.7396
 4906.53       1.2837       1.6986
 4907.57       0.9904       1.6346
 4908.61       1.8276       1.6659
 4909.65       2.4726       1.7101
 4910.68       0.7704       1.5524
 4911.72       0.7233       1.5726
 4912.76       3.5170       1.8001
 4913.80       1.8426       1.6739
 4914.83       1.5569       1.6657
 4915.87       2.2407       1.6924
 4916.91       1.1328       1.6214
 4917.95      -0.2167       1.5321
 4918.98       0.5349       1.4819
 4920.02       2.2553       1.5271
 4921.06       1.9304       1.5628
 4922.10       1.9267       1.6542
 4923.14       2.2407       1.6986
 4924.17       1.7246       1.6791
 4925.21       1.2206       1.6309
 4926.25       1.5847       1.6350
 4927.29       2.7748       1.7361
 4928.32       1.2358       1.6244
 4929.36       1.3875       1.6028
 4930.40       0.8500       1.5968
 4931.44       1.1434       1.6397
 4932.48       2.4786       1.6888
 4933.51       2.7918       1.6833
 4934.55       2.7894       1.6922
 4935.59       1.6013       1.5889
 4936.63       2.9700       1.7119
 4937.66       2.4343       1.6996
 4938.70       2.0748       1.6588
 4939.74       0.7312       1.5329
 4940.78       2.1615       1.6194
 4941.81       1.7026       1.6134
 4942.85       2.1164       1.6404
 4943.89       1.3805       1.6321
 4944.93       1.5567       1.6052
 4945.97       1.0737       1.5491
 4947.00       1.8560       1.5733
 4948.04       1.1042       1.6069
 4949.08       0.9406       1.6385
 4950.12       2.3668       1.7015
 4951.15       0.8626       1.5575
 4952.19       0.7051       1.5766
 4953.23       2.1475       1.7136
 4954.27       1.0656       1.6544
 4955.31       1.1163       1.5773
 4956.34       1.0159       1.5421
 4957.38       0.5900       1.4766
 4958.42       0.8777       1.5246
 4959.46       0.4276       1.4874
 4960.49       1.5274       1.6268
 4961.53       1.1277       1.5875
 4962.57       2.3445       1.6825
 4963.61       3.4379       1.7476
 4964.65       1.1986       1.6054
 4965.68       0.3720       1.5735
 4966.72       1.0164       1.5994
 4967.76       0.7437       1.5753
 4968.80      -0.0112       1.5426
 4969.83       1.0508       1.5806
 4970.87       0.5115       1.5702
 4971.91       1.7764       1.6667
 4972.95       3.6120       1.7589
 4973.98       0.1264       1.5258
 4975.02      -0.0093       1.4701
 4976.06       1.1782       1.5754
 4977.10       1.8652       1.5943
 4978.14       1.5657       1.5380
 4979.17       0.1632       1.4707
 4980.21       0.3663       1.5080
 4981.25       1.4122       1.4720
 4982.29       1.6484       1.4447
 4983.32       3.8251       1.6208
 4984.36       1.7305       1.4590
 4985.40       1.5733       1.4551
 4986.44       0.8688       1.4732
 4987.48       0.9658       1.4876
 4988.51       1.9540       1.5762
 4989.55       3.2051       1.6635
 4990.59       2.1704       1.5786
 4991.63       2.3809       1.5948
 4992.66       2.0625       1.5497
 4993.70       1.8438       1.5422
 4994.74       2.5799       1.5895
 4995.78       1.5050       1.5331
 4996.81       0.9524       1.5246
 4997.85       1.1289       1.5091
 4998.89       1.1323       1.4799
 4999.93       1.2942       1.4431
 5000.97       0.6651       1.3907
 5002.00       1.5354       1.4622
 5003.04       2.8768       1.5330
 5004.08       1.9603       1.4644
 5005.12      -0.1491       1.3348
 5006.15       0.4334       1.3527
 5007.19       3.2518       1.5514
 5008.23       2.4462       1.5407
 5009.27       0.6570       1.4518
 5010.31       0.0476       1.3806
 5011.34       1.6171       1.4085
 5012.38       1.6285       1.3968
 5013.42       2.0560       1.4008
 5014.46       2.9991       1.4515
 5015.49       0.8131       1.3901
 5016.53       0.8771       1.3785
 5017.57       1.4596       1.3785
 5018.61       1.8528       1.3849
 5019.65       2.2367       1.4558
 5020.68       2.8530       1.4735
 5021.72       1.1601       1.3620
 5022.76      -0.0858       1.3125
 5023.80       1.4356       1.3951
 5024.83       3.4824       1.4622
 5025.87       2.2482       1.3907
 5026.91       1.6699       1.3672
 5027.95       1.9868       1.3738
 5028.98       1.1581       1.3519
 5030.02       1.2076       1.3641
 5031.06       1.5051       1.4043
 5032.10       1.4246       1.3679
 5033.14       1.0799       1.3544
 5034.17       1.0859       1.3555
 5035.21       0.4303       1.2703
 5036.25       2.1629       1.3431
 5037.29       1.8346       1.3437
 5038.32       1.3222       1.3300
 5039.36       2.5459       1.3751
 5040.40       1.9327       1.3395
 5041.44       0.7483       1.3048
 5042.48       2.0188       1.3757
 5043.51       0.6980       1.2961
 5044.55       0.2988       1.2829
 5045.59       0.9247       1.3230
 5046.63       3.3615       1.5075
 5047.66       1.3516       1.3940
 5048.70       2.0089       1.4135
 5049.74       3.0021       1.4707
 5050.78       0.5477       1.3083
 5051.82       1.8865       1.3757
 5052.85       2.5567       1.4095
 5053.89       2.2365       1.4059
 5054.93       1.3190       1.3612
 5055.97       1.1348       1.3524
 5057.00       1.7021       1.4090
 5058.04       1.8660       1.4081
 5059.08       0.6190       1.3481
 5060.12       1.8213       1.4355
 5061.16       2.6092       1.4783
 5062.19       1.8057       1.3928
 5063.23       1.7508       1.4231
 5064.27       1.5702       1.3805
 5065.31       2.5854       1.4140
 5066.34       2.9497       1.4361
 5067.38       1.1503       1.3346
 5068.42       1.2659       1.4025
 5069.46       1.2247       1.3800
 5070.49      -0.4104       1.2722
 5071.53       1.1327       1.3359
 5072.57       0.9253       1.3060
 5073.61       1.7107       1.3377
 5074.65       0.9874       1.3299
 5075.68       1.7237       1.3868
 5076.72       0.1920       1.2369
 5077.76       0.5905       1.3043
 5078.80       1.0657       1.2886
 5079.83       2.2079       1.3305
 5080.87       1.0713       1.2808
 5081.91       2.0396       1.3434
 5082.95       2.5573       1.3859
 5083.99       1.4965       1.3049
 5085.02       1.1499       1.3015
 5086.06       1.3686       1.3281
 5087.10       2.0579       1.3425
 5088.14       1.3732       1.3404
 5089.17       0.0776       1.2518
 5090.21       0.5839       1.2837
 5091.25       2.2406       1.3881
 5092.29       4.1568       1.4868
 5093.33       2.2160       1.3746
 5094.36       0.1166       1.2377
 5095.40       1.5120       1.3029
 5096.44       2.5252       1.3858
 5097.48       2.4271       1.3984
 5098.51       1.3882       1.2857
 5099.55       1.7414       1.2692
 5100.59       2.8620       1.3808
 5101.63       1.5713       1.3208
 5102.66       0.6207       1.2960
 5103.70       0.7110       1.2806
 5104.74       2.1090       1.3613
 5105.78       1.5397       1.3236
 5106.82       1.6451       1.3098
 5107.85       0.8232       1.2306
 5108.89       1.5320       1.2895
 5109.93       1.8471       1.3200
 5110.97       0.7934       1.2222
 5112.00      -1.4392       1.1348
 5113.04       0.3630       1.2786
 5114.08       0.9117       1.2815
 5115.12       0.8621       1.2622
 5116.16       1.8995       1.3327
 5117.19       3.1223       1.3977
 5118.23       1.9500       1.3550
 5119.27       1.0962       1.3175
 5120.31       2.0344       1.3444
 5121.34       2.6179       1.3343
 5122.38       2.7699       1.3347
 5123.42       1.3575       1.2626
 5124.46       0.5041       1.2160
 5125.50       1.2829       1.2420
 5126.53       1.8821       1.2497
 5127.57       2.6205       1.3003
 5128.61       2.4949       1.2950
 5129.65       1.8446       1.2883
 5130.68       2.3933       1.3267
 5131.72       1.7908       1.3269
 5132.76       1.3358       1.3044
 5133.80      -0.1461       1.2285
 5134.83       0.6418       1.2690
 5135.87       1.1025       1.3043
 5136.91       1.1888       1.3020
 5137.95       2.1533       1.3210
 5138.99       2.1290       1.3102
 5140.02       0.9361       1.2392
 5141.06       1.3779       1.2731
 5142.10       1.2602       1.2434
 5143.14       1.4376       1.2492
 5144.17       0.9012       1.2249
 5145.21       0.1558       1.2191
 5146.25       0.4561       1.2093
 5147.29      -0.2229       1.1708
 5148.33       1.0884       1.2157
 5149.36       1.7054       1.2492
 5150.40       0.8549       1.1874
 5151.44       0.8181       1.1869
 5152.48       1.8760       1.2500
 5153.51       1.9427       1.2434
 5154.55      -0.1952       1.1382
 5155.59      -0.7362       1.1223
 5156.63       0.6475       1.1986
 5157.67       0.8979       1.2060
 5158.70       1.8637       1.2655
 5159.74       2.2489       1.3071
 5160.78       1.7744       1.2447
 5161.82       2.0251       1.2279
 5162.85       0.8960       1.1539
 5163.89       1.6863       1.1829
 5164.93       1.1834       1.1465
 5165.97       1.3202       1.0809
 5167.00       2.0657       1.1162
 5168.04       1.3331       1.0882
 5169.08       1.0232       1.0690
 5170.12       1.0513       1.0665
 5171.16       0.7420       1.0288
 5172.19       1.0815       1.0254
 5173.23       1.6669       1.0488
 5174.27       3.2456       1.3186
 5175.31       2.9009       1.4269
 5176.34       3.2293       1.1341
 5177.38       2.6059       1.2226
 5178.42       1.4342       1.1518
 5179.46       0.0301       1.0535
 5180.50      -0.6889       0.9775
 5181.53       0.7401       1.0343
 5182.57       1.4426       1.0346
 5183.61       3.0047       1.0680
 5184.65       1.6803       1.0391
 5185.68       1.6039       1.0940
 5186.72       0.8113       1.1339
 5187.76      -0.3635       1.1233
 5188.80       1.8664       1.2837
 5189.83       1.1693       1.2195
 5190.87       0.9838       1.1139
 5191.91       1.6392       1.1463
 5192.95       1.7136       1.1309
 5193.99       0.7567       1.0699
 5195.02       1.7096       1.1256
 5196.06       1.4759       1.1767
 5197.10       0.6396       1.2530
 5198.14       1.1313       1.3490
 5199.17       1.7357       1.4099
 5200.21       0.8816       1.3611
 5201.25       1.2477       1.3318
 5202.29       0.1283       1.2735
 5203.33       1.2825       1.2716
 5204.36       2.5974       1.2718
 5205.40       2.3512       1.1925
 5206.44       2.1813       1.1374
 5207.48       1.5643       1.1178
 5208.51       1.0796       1.1240
 5209.55       0.8270       1.1249
 5210.59       1.3101       1.1271
 5211.63       2.2080       1.1761
 5212.67       1.8556       1.2141
 5213.70       1.3464       1.1856
 5214.74       0.8727       1.1135
 5215.78       0.7861       1.0909
 5216.82       1.4325       1.1589
 5217.85       2.6823       1.2525
 5218.89       3.1964       1.2632
 5219.93       1.7034       1.1846
 5220.97       2.0421       1.2258
 5222.00       1.2925       1.2006
 5223.04       0.6087       1.1999
 5224.08       1.7431       1.2787
 5225.12       1.5697       1.2378
 5226.16       0.9284       1.1257
 5227.19       0.6031       1.0363
 5228.23       0.6862       1.0191
 5229.27       1.1192       1.1060
 5230.31       1.5019       1.1720
 5231.34       0.5925       1.1394
 5232.38       0.3651       1.1232
 5233.42       0.8453       1.1190
 5234.46       1.3204       1.1146
 5235.50       1.3748       1.1289
 5236.53       1.7504       1.1836
 5237.57       2.3588       1.2831
 5238.61       1.1769       1.3115
 5239.65       0.8446       1.2795
 5240.68       1.2850       1.2060
 5241.72       1.3698       1.1488
 5242.76       0.3033       1.0597
 5243.80       1.1789       1.1062
 5244.83       1.4431       1.1247
 5245.87       0.4419       1.0869
 5246.91       2.8346       1.2094
 5247.95       3.1164       1.2408
 5248.99       2.5622       1.2042
 5250.02       1.3893       1.1420
 5251.06       0.9629       1.1325
 5252.10       1.3898       1.1721
 5253.14       1.2473       1.1350
 5254.17       1.0264       1.1887
 5255.21       0.6615       1.2610
 5256.25       2.5667       1.3702
 5257.29       1.7139       1.3386
 5258.33       1.8594       1.2396
 5259.36       2.0986       1.1802
 5260.40       3.0165       1.2189
 5261.44       1.9036       1.1215
 5262.48       2.2818       1.1078
 5263.51       0.7588       1.0189
 5264.55       1.7641       1.0526
 5265.59       2.0070       1.0547
 5266.63       0.4986       0.9916
 5267.67      -0.1230       0.9508
 5268.70       0.3942       1.0203
 5269.74       0.6113       0.9958
 5270.78       1.1692       1.0732
 5271.82       2.9941       1.1825
 5272.85       0.9480       1.0638
 5273.89      -0.2470       1.0237
 5274.93       1.4807       1.1654
 5275.97       2.1556       1.2433
 5277.00       2.1143       1.2300
 5278.04       2.7171       1.2152
 5279.08       2.9497       1.2090
 5280.12       1.7908       1.0971
 5281.16       2.1140       1.1141
 5282.19       1.4530       1.0474
 5283.23       1.3338       1.0202
 5284.27       0.7737       1.0089
 5285.31       0.9220       1.0412
 5286.34       0.7649       1.0573
 5287.38       1.1700       1.0940
 5288.42       2.5476       1.1657
 5289.46       1.1302       1.1111
 5290.50       0.6261       1.0839
 5291.53       1.8229       1.1454
 5292.57       0.8690       1.1171
 5293.61       0.4080       1.1061
 5294.65       2.0150       1.1665
 5295.68       2.4241       1.1909
 5296.72       2.1591       1.1691
 5297.76       0.7793       1.1248
 5298.80       1.8720       1.2248
 5299.83       3.0264       1.3080
 5300.87       2.8075       1.2666
 5301.91       1.8242       1.1539
 5302.95       1.3409       1.1552
 5303.99       1.4837       1.1818
 5305.02       1.0496       1.1790
 5306.06       1.8313       1.2005
 5307.10       1.4974       1.1616
 5308.14       0.1532       1.1244
 5309.17       1.1061       1.1664
 5310.21       1.1651       1.1628
 5311.25       1.3703       1.1858
 5312.29       2.1223       1.2229
 5313.33       1.9950       1.2311
 5314.36       1.0836       1.2047
 5315.40      -0.1256       1.1064
 5316.44       0.8641       1.1443
 5317.48       1.8112       1.1898
 5318.51       2.2189       1.2029
 5319.55       1.7790       1.2118
 5320.59       0.1512       1.1289
 5321.63       2.2708       1.2123
 5322.67       2.4843       1.2174
 5323.70       1.0402       1.1399
 5324.74       0.3705       1.1109
 5325.78       0.6749       1.0962
 5326.82       0.1816       1.0276
 5327.85       1.3684       1.0733
 5328.89       2.0968       1.1620
 5329.93       1.8638       1.2063
 5330.97       1.8571       1.2161
 5332.00       1.4705       1.1549
 5333.04       0.9554       1.0967
 5334.08       1.8644       1.1302
 5335.12       2.1801       1.1625
 5336.16       1.6724       1.1678
 5337.19       1.3144       1.1239
 5338.23       1.0583       1.1177
 5339.27       1.0286       1.0836
 5340.31       0.8668       1.0682
 5341.34       0.2376       1.0060
 5342.38       1.2149       1.0748
 5343.42       1.7158       1.1056
 5344.46       0.8179       1.0960
 5345.50       0.3314       1.0483
 5346.53       0.9702       1.0866
 5347.57       2.6199       1.1973
 5348.61       1.9659       1.1758
 5349.65       0.4730       1.0814
 5350.68       0.1917       1.0617
 5351.72       1.1233       1.0990
 5352.76       1.1941       1.0951
 5353.80       1.6502       1.1506
 5354.84       1.4619       1.1461
 5355.87       1.3058       1.1233
 5356.91       1.2903       1.1223
 5357.95       0.8692       1.1022
 5358.99       1.7742       1.1609
 5360.02       0.0947       1.0667
 5361.06       1.4217       1.1045
 5362.10       2.3241       1.1390
 5363.14       1.8240       1.1064
 5364.17       1.4335       1.0963
 5365.21       1.3965       1.1055
 5366.25       1.4779       1.1117
 5367.29       1.7026       1.1428
 5368.33       0.3727       1.0782
 5369.36       0.9185       1.0522
 5370.40       1.6864       1.0809
 5371.44       1.1267       1.0595
 5372.48       1.2086       1.0960
 5373.51       0.6780       1.0826
 5374.55       0.4681       1.0704
 5375.59       0.5089       1.0881
 5376.63       1.7645       1.1400
 5377.67       2.6038       1.1637
 5378.70       2.3128       1.1461
 5379.74       1.0152       1.0954
 5380.78       1.2409       1.1150
 5381.82       2.2069       1.1373
 5382.85       1.1079       1.0937
 5383.89       0.7045       1.0726
 5384.93       1.7967       1.1485
 5385.97       1.8455       1.1411
 5387.01       1.0523       1.0798
 5388.04       2.4001       1.1588
 5389.08       2.7144       1.1688
 5390.12       1.3585       1.0897
 5391.16       1.4441       1.0602
 5392.19       1.3398       1.0669
 5393.23       0.9447       1.0769
 5394.27       1.0271       1.0479
 5395.31       0.0078       0.9896
 5396.34       1.9448       1.0715
 5397.38       2.1880       1.0898
 5398.42       1.3292       1.0463
 5399.46       2.1460       1.1024
 5400.50       1.8067       1.0823
 5401.53       1.3859       1.0534
 5402.57       1.0130       1.0351
 5403.61       0.3823       1.0017
 5404.65       1.2886       1.0226
 5405.68       2.5193       1.0532
 5406.72       1.8698       1.0540
 5407.76       1.0870       1.0159
 5408.80       0.6939       0.9822
 5409.84       1.5587       1.0620
 5410.87       2.5791       1.0982
 5411.91       1.0049       1.0154
 5412.95      -0.4894       0.9903
 5413.99       0.2894       0.9930
 5415.02       0.9079       1.0136
 5416.06       1.6958       1.0649
 5417.10       1.7599       1.0668
 5418.14       1.2259       1.0385
 5419.18       0.6518       1.0222
 5420.21       0.7675       1.0396
 5421.25       2.0760       1.0997
 5422.29       1.5597       1.0743
 5423.33       0.0723       0.9703
 5424.36       0.3683       1.0049
 5425.40       2.0880       1.1033
 5426.44       0.8469       1.0429
 5427.48       0.6022       1.0311
 5428.52       1.3733       1.0654
 5429.55       0.9977       1.0492
 5430.59       1.1899       1.0340
 5431.63       2.4982       1.1073
 5432.67       1.9334       1.0745
 5433.70       1.0888       1.0275
 5434.74       0.5687       1.0442
 5435.78       1.5659       1.0807
 5436.82       1.5123       1.0783
 5437.85       2.3002       1.1475
 5438.89       2.5654       1.1533
 5439.93       0.8092       1.0565
 5440.97       0.0746       1.0296
 5442.01       1.4656       1.0971
 5443.04       2.4503       1.1266
 5444.08       1.9619       1.1199
 5445.12       1.7481       1.1130
 5446.16       1.2049       1.0798
 5447.19       1.7060       1.0588
 5448.23       2.0926       1.0943
 5449.27       1.6746       1.1058
 5450.31       2.0880       1.1428
 5451.35       2.6310       1.1928
 5452.38       1.8739       1.1314
 5453.42       1.1026       1.0810
 5454.46       1.1891       1.0678
 5455.50       2.6811       1.1218
 5456.53       1.9334       1.0675
 5457.57       0.4671       1.0433
 5458.61       1.1576       1.1242
 5459.65       1.3669       1.1383
 5460.69      -0.1438       1.0573
 5461.72       0.8294       1.0804
 5462.76       1.3296       1.1124
 5463.80       1.3106       1.0746
 5464.84       1.1837       1.0778
 5465.87       1.0298       1.0884
 5466.91       1.2330       1.0954
 5467.95       0.8368       1.0704
 5468.99       1.3212       1.1085
 5470.02       0.5841       1.0624
 5471.06       0.3797       1.0376
 5472.10       1.7927       1.0907
 5473.14       2.6137       1.1236
 5474.18       1.7565       1.0914
 5475.21       1.8238       1.0771
 5476.25       0.6320       1.0223
 5477.29       0.7803       1.0153
 5478.33       1.9389       1.0762
 5479.36       1.0681       1.0693
 5480.40       0.5403       1.0292
 5481.44       1.6769       1.0940
 5482.48       0.9874       1.0534
 5483.52       1.3003       1.0590
 5484.55       0.3282       1.0427
 5485.59       1.3013       1.0732
 5486.63       0.4017       1.0294
 5487.67       1.6060       1.1213
 5488.70       3.1618       1.1631
 5489.74       1.2135       1.0897
 5490.78      -0.2859       1.0052
 5491.82       0.0696       1.0094
 5492.85       1.9305       1.0826
 5493.89       2.2610       1.0893
 5494.93       0.5823       1.0208
 5495.97       1.2433       1.0564
 5497.01       2.1934       1.1206
 5498.04       0.9896       1.1228
 5499.08       0.7897       1.1084
 5500.12       1.8547       1.1171
 5501.16       0.9427       1.0905
 5502.19       0.4587       1.0877
 5503.23       1.3130       1.1036
 5504.27       1.3298       1.1151
 5505.31       1.5466       1.0981
 5506.35      -0.8240       0.9943
 5507.38      -0.6489       1.0042
 5508.42       1.6773       1.1027
 5509.46       1.0049       1.0912
 5510.50      -0.1000       1.0367
 5511.53       1.4844       1.0999
 5512.57       1.2675       1.1028
 5513.61      -0.1314       1.0299
 5514.65       0.5417       1.0680
 5515.69       0.2817       1.0573
 5516.72       0.8229       1.0899
 5517.76       0.9522       1.0919
 5518.80       0.7312       1.0615
 5519.84       2.1342       1.1658
 5520.87       1.4897       1.1337
 5521.91       1.7736       1.1789
 5522.95       0.6593       1.1053
 5523.99       2.2152       1.1389
 5525.02       1.8226       1.1144
 5526.06      -0.4043       1.0007
 5527.10       1.6370       1.0891
 5528.14       1.8006       1.1066
 5529.18       1.2049       1.0544
 5530.21       0.8185       1.0721
 5531.25       1.3691       1.1293
 5532.29       0.5667       1.0564
 5533.33       0.5221       1.0589
 5534.36       1.7253       1.1083
 5535.40       1.6796       1.1070
 5536.44       0.3520       1.0595
 5537.48       1.5887       1.1126
 5538.52       1.8380       1.1217
 5539.55       1.0934       1.1030
 5540.59       0.1489       1.1071
 5541.63       1.4792       1.2331
 5542.67       2.5377       1.3340
 5543.70       1.8185       1.3712
 5544.74       1.4722       1.3428
 5545.78       0.5149       1.2365
 5546.82       0.8431       1.2109
 5547.85       2.2916       1.2475
 5548.89       0.1652       1.1413
 5549.93      -0.7538       1.1209
 5550.97       1.0543       1.1688
 5552.01       1.5670       1.1799
 5553.04       0.7461       1.1391
 5554.08       0.4440       1.1112
 5555.12       1.5785       1.1797
 5556.16       2.4838       1.2464
 5557.19       0.9479       1.1431
 5558.23      -0.1232       1.1051
 5559.27       1.3281       1.1915
 5560.31       1.0478       1.1708
 5561.35       1.2301       1.2226
 5562.38       1.3439       1.2840
 5563.42       1.0575       1.3655
 5564.46       0.6992       1.3914
 5565.50       1.2467       1.3494
 5566.53       1.7413       1.2742
 5567.57       1.8321       1.2720
 5568.61       0.9000       1.2447
 5569.65       1.7499       1.2968
 5570.69       1.7539       1.3058
 5571.72       0.4628       1.2262
 5572.76       2.1825       1.3322
 5573.80       2.5480       1.4555
 5574.84       0.9459       4.3738
 5575.87       1.4784      15.7393
 5576.91       1.1319      29.7548
 5577.95       1.2895      31.2312
 5578.99       0.7421      19.8165
 5580.02       1.0007       6.4767
 5581.06       1.2342       1.8019
 5582.10       1.9337       1.5998
 5583.14       1.3455       1.3478
 5584.18       1.3394       1.2565
 5585.21       1.2397       1.2013
 5586.25       1.0833       1.1780
 5587.29       0.1575       1.1798
 5588.33       0.9421       1.3200
 5589.36       2.4977       1.4309
 5590.40       2.2190       1.3830
 5591.44       1.1563       1.2553
 5592.48       2.6400       1.2551
 5593.52       0.9537       1.1186
 5594.55       1.4510       1.1546
 5595.59       1.4077       1.1742
 5596.63      -0.3156       1.1178
 5597.67       0.9117       1.2341
 5598.70       1.7209       1.2796
 5599.74       2.0655       1.2359
 5600.78       2.6060       1.2232
 5601.82       2.1767       1.2029
 5602.86       0.4842       1.1578
 5603.89       0.6753       1.2943
 5604.93       1.5916       1.4381
 5605.97       1.5036       1.4418
 5607.01       0.1087       1.3224
 5608.04       0.5177       1.1947
 5609.08       1.6345       1.2189
 5610.12       2.7907       1.2715
 5611.16       1.4896       1.2259
 5612.19       0.3138       1.1810
 5613.23       2.2713       1.2663
 5614.27       4.1714       1.3213
 5615.31       2.9051       1.2613
 5616.35       1.1579       1.2138
 5617.38       0.4506       1.2038
 5618.42       1.5398       1.2951
 5619.46       2.0209       1.3013
 5620.50       1.0840       1.2043
 5621.53       1.2526       1.2658
 5622.57       2.6256       1.4413
 5623.61       2.5575       1.5085
 5624.65       0.5314       1.3962
 5625.69       1.3527       1.3460
 5626.72       0.8064       1.2515
 5627.76       0.4108       1.2340
 5628.80       2.2062       1.3280
 5629.84       2.0001       1.3007
 5630.87       1.0060       1.2942
 5631.91       1.3528       1.2904
 5632.95       1.0201       1.2446
 5633.99       2.0753       1.3416
 5635.03       1.8291       1.3450
 5636.06       2.6506       1.3797
 5637.10       2.1950       1.3254
 5638.14       1.2567       1.2940
 5639.18       1.3040       1.3735
 5640.21       1.2872       1.3855
 5641.25       1.9637       1.3661
 5642.29       2.3027       1.3643
 5643.33       1.1473       1.3438
 5644.36       1.2459       1.4321
 5645.40       2.8978       1.5538
 5646.44       2.3755       1.5114
 5647.48       1.3724       1.4503
 5648.52       1.1059       1.3874
 5649.55       1.2575       1.3547
 5650.59       1.4501       1.3751
 5651.63       0.8800       1.3815
 5652.67       0.5763       1.3510
 5653.70       0.9843       1.3797
 5654.74       1.2351       1.3643
 5655.78       0.8582       1.3478
 5656.82       1.7709       1.3634
 5657.86       2.5268       1.4216
 5658.89       2.7605       1.4566
 5659.93       1.9571       1.4615
 5660.97       1.4159       1.4250
 5662.01       1.9862       1.4610
 5663.04       2.9644       1.5681
 5664.08       1.8740       1.5350
 5665.12       0.9993       1.4679
 5666.16       0.5103       1.3926
 5667.20       2.9505       1.5689
 5668.23       1.7886       1.5552
 5669.27       0.8831       1.5114
 5670.31       1.9715       1.6082
 5671.35       2.6359       1.6425
 5672.38       1.5218       1.5880
 5673.42       1.9945       1.6442
 5674.46       2.3070       1.6161
 5675.50       2.1255       1.5928
 5676.53       0.7448       1.5432
 5677.57       2.3879       1.6802
 5678.61       4.2910       1.7897
 5679.65       2.5127       1.6991
 5680.69       0.1399       1.5598
 5681.72       1.2582       1.5992
 5682.76       2.9533       1.7360
 5683.80       2.8252       1.7557
 5684.84       2.3578       1.7790
 5685.87       3.4523       1.8541
 5686.91       2.1784       1.7320
 5687.95       0.8907       1.6345
 5688.99       1.4370       1.7168
 5690.03       1.2632       1.7275
 5691.06       1.6861       1.8170
 5692.10       0.9035       1.7968
 5693.14       2.0151       1.8493
 5694.18       3.5810       1.9801
 5695.21       4.1611       2.0246
 5696.25       3.1397       1.9517
 5697.29       1.9520       1.8770
 5698.33       1.7568       1.8884
 5699.37       1.1253       1.8471
 5700.40       0.5327       1.7800
 5701.44       1.3105       1.8610
 5702.48       2.2704       1.9157
 5703.52       1.9312       1.9715
 5704.55       1.8766       1.9495
 5705.59       2.1542       1.9483
 5706.63       2.2946       1.9649
 5707.67       1.5965       1.9100
 5708.70       1.8368       1.9756
 5709.74       3.5588       2.0958
 5710.78       1.7548       1.9709
 5711.82      -0.7900       1.7943
 5712.86      -0.8930       1.8216
 5713.89      -1.2217       1.8171
 5714.93      -0.5156       1.8894
 5715.97       2.8665       2.1494
 5717.01       1.1015       1.9784
 5718.04       2.2619       2.1004
 5719.08       1.9929       2.1658
 5720.12       3.4335       2.2789
 5721.16       2.5952       2.2402
 5722.20       1.3605       2.1519
 5723.23       1.2223       2.1613
 5724.27       1.5457       2.2582
 5725.31       0.9113       2.2434
 5726.35       0.7750       2.2376
 5727.38       1.6894       2.3701
 5728.42       2.2664       2.3910
 5729.46       1.5469       2.2392
 5730.50       1.8507       2.2479
 5731.54       2.6794       2.3695
 5732.57       1.8221       2.4057
 5733.61       1.8118       2.3973
 5734.65       3.3173       2.4588
 5735.69       2.7272       2.5460
 5736.72       1.8358       2.5083
 5737.76       2.5929       2.5083
 5738.80       1.7323       2.4035
 5739.84       2.5073       2.5675
 5740.87       1.8737       2.5137
 5741.91       4.2048       2.6698
 5742.95       2.6752       2.5461
 5743.99       3.0819       2.6967
 5745.03       2.8712       2.6494
 5746.06       0.4690       2.3620
 5747.10       3.0887       2.6897
 5748.14       1.6438       2.5614
 5749.18       1.5576       2.1827
 5750.21       2.2658       2.3252
 5751.25       1.4897       1.9832
 5752.29       1.4403       1.9170
 5753.33       1.9028       1.9154
 5754.37       1.2330       1.8293
 5755.40       1.0015       1.7923
 5756.44       2.0992       1.8807
 5757.48       2.5536       1.9229
 5758.52       2.0536       1.9056
 5759.55       1.7373       1.9266
 5760.59       1.5066       1.9021
 5761.63       1.4664       1.8293
 5762.67       1.7208       1.7904
 5763.71       2.0729       1.7611
 5764.74       2.0294       1.7115
 5765.78       1.3962       1.6800
 5766.82       1.4471       1.7164
 5767.86       2.6879       1.8058
 5768.89       2.8684       1.8201
 5769.93       2.1665       1.7730
 5770.97       2.4072       1.7799
 5772.01       3.0152       1.7909
 5773.04       3.1479       1.7567
 5774.08       2.5152       1.6879
 5775.12       2.2621       1.6629
 5776.16       2.9186       1.7080
 5777.20       2.5999       1.7141
 5778.23       2.0359       1.6868
 5779.27       2.3800       1.6824
 5780.31       2.3526       1.6545
 5781.35       2.3001       1.6295
 5782.38       2.4549       1.6262
 5783.42       2.2969       1.5939
 5784.46       1.6778       1.5213
 5785.50       1.2216       1.4720
 5786.54       1.4039       1.4803
 5787.57       1.9743       1.5199
 5788.61       1.9232       1.5118
 5789.65       1.4649       1.4782
 5790.69       1.7659       1.5058
 5791.72       1.3545       1.4968
 5792.76       0.4025       1.4451
 5793.80       0.9009       1.4617
 5794.84       1.4770       1.4752
 5795.88       1.3055       1.4464
 5796.91       0.8926       1.4089
 5797.95       0.8413       1.3894
 5798.99       1.5201       1.4024
 5800.03       1.5140       1.3975
 5801.06       1.1400       1.3812
 5802.10       1.4129       1.3846
 5803.14       1.3520       1.3849
 5804.18       0.8666       1.3752
 5805.21       1.2248       1.3992
 5806.25       1.1663       1.3486
 5807.29       0.3768       1.2420
 5808.33      -0.0283       1.2690
 5809.37       0.1693       1.3328
 5810.40       0.6669       1.3436
 5811.44       1.5551       1.3626
 5812.48       2.1924       1.3930
 5813.52       0.9156       1.2982
 5814.55       0.3535       1.2298
 5815.59       1.0989       1.2388
 5816.63       0.6365       1.2196
 5817.67       0.4662       1.2220
 5818.71       1.0853       1.2521
 5819.74       1.9069       1.2972
 5820.78       1.8802       1.3018
 5821.82       0.7989       1.2465
 5822.86       0.4288       1.2357
 5823.89       0.9280       1.2506
 5824.93       0.4979       1.1723
 5825.97       0.4056       1.1434
 5827.01       1.0431       1.2028
 5828.04       0.9900       1.2072
 5829.08       0.7980       1.1783
 5830.12       1.1969       1.1762
 5831.16       1.5310       1.1804
 5832.20       1.7613       1.1892
 5833.23       2.0568       1.1988
 5834.27       1.9339       1.1863
 5835.31       1.4058       1.1523
 5836.35       0.9543       1.1194
 5837.38       0.5961       1.1112
 5838.42       0.3811       1.1208
 5839.46       0.7948       1.1257
 5840.50       0.9856       1.1054
 5841.54       0.4777       1.0728
 5842.57       0.7774       1.0750
 5843.61       1.2308       1.0788
 5844.65       0.5384       1.0350
 5845.69       0.4233       1.0211
 5846.72       1.0875       1.0465
 5847.76       1.1209       1.0576
 5848.80       1.4991       1.0789
 5849.84       2.2451       1.0983
 5850.88       1.2270       1.0278
 5851.91       0.0728       0.9732
 5852.95       0.7331       1.0294
 5853.99       0.7338       1.0218
 5855.03       0.2846       0.9577
 5856.06       1.3442       0.9752
 5857.10       1.9543       1.0093
 5858.14       1.3531       1.0057
 5859.18       1.1995       0.9920
 5860.21       0.9257       0.9638
 5861.25       0.2027       0.9494
 5862.29       0.1817       0.9865
 5863.33       0.7399       1.0779
 5864.37       1.1140       1.1833
 5865.40       1.3323       1.2902
 5866.44       1.1608       1.3820
 5867.48       1.0671       1.4499
 5868.52       1.1811       1.4523
 5869.55       1.3662       1.3805
 5870.59       1.3618       1.2682
 5871.63       1.2488       1.1786
 5872.67       1.2597       1.1352
 5873.71       1.5017       1.1102
 5874.74       1.6421       1.0720
 5875.78       1.3506       1.0248
 5876.82       1.2264       0.9955
 5877.86       1.2229       0.9739
 5878.89       0.5770       0.9264
 5879.93       0.6726       0.9169
 5880.97       1.7266       0.9532
 5882.01       1.9384       0.9535
 5883.04       1.4245       0.9167
 5884.08       1.0475       0.9474
 5885.12       0.8500       1.0412
 5886.16       0.4284       1.3727
 5887.20      -0.8624       1.9546
 5888.23      -0.1262       2.9457
 5889.27       2.0073       4.0441
 5890.31       1.7338       4.5964
 5891.35       1.0859       4.5274
 5892.38       1.6880       4.1342
 5893.42       1.4300       3.5799
 5894.46       0.4472       3.1685
 5895.50      -0.2986       2.9416
 5896.54       0.0769       2.9304
 5897.57       1.2071       2.8062
 5898.61       1.8471       2.3979
 5899.65       1.6345       1.8201
 5900.69       1.1597       1.3078
 5901.72       1.2626       1.0471
 5902.76       1.6127       0.9877
 5903.80       1.5609       0.9524
 5904.84       1.9640       0.9826
 5905.88       2.2420       0.9975
 5906.91       1.9018       0.9822
 5907.95       1.4231       0.9562
 5908.99       1.0383       0.9286
 5910.03       0.5829       0.8970
 5911.06       0.8081       0.8884
 5912.10       1.4225       0.9159
 5913.14       1.0919       0.9490
 5914.18       0.6762       1.0313
 5915.21       1.0919       1.1526
 5916.25       1.5063       1.2048
 5917.29       1.6959       1.1576
 5918.33       2.2755       1.0852
 5919.37       2.1699       0.9772
 5920.40       1.3046       0.8754
 5921.44       0.4834       0.8284
 5922.48       0.4837       0.8530
 5923.52       1.2201       0.9078
 5924.55       1.1658       0.9273
 5925.59       0.8090       0.9298
 5926.63       1.0341       0.9552
 5927.67       0.9584       0.9377
 5928.71       0.6481       0.9019
 5929.74       0.7012       0.9076
 5930.78       0.8352       0.9660
 5931.82       0.7826       1.0558
 5932.86       0.3337       1.1276
 5933.89      -0.0904       1.1429
 5934.93       0.0011       1.0975
 5935.97       0.8355       1.0224
 5937.01       1.5902       0.9382
 5938.05       1.4465       0.8565
 5939.08       1.0065       0.8004
 5940.12       0.7823       0.7699
 5941.16       0.5910       0.7554
 5942.20       0.7061       0.7658
 5943.23       0.9971       0.7945
 5944.27       1.0450       0.8231
 5945.31       0.9906       0.8499
 5946.35       1.1245       0.8767
 5947.38       1.6429       0.9065
 5948.42       1.4367       0.8901
 5949.46      -0.0744       0.8160
 5950.50      -0.0998       0.8340
 5951.54       1.2345       0.9491
 5952.57       1.3563       1.0168
 5953.61       1.2855       1.0575
 5954.65       1.7056       1.0768
 5955.69       1.0490       1.0169
 5956.72       0.6858       0.9351
 5957.76       1.5383       0.8845
 5958.80       1.7292       0.8228
 5959.84       1.4828       0.7686
 5960.88       2.0229       0.7645
 5961.91       2.1219       0.7668
 5962.95       1.5476       0.7545
 5963.99       0.9695       0.7536
 5965.03       0.7100       0.7486
 5966.06       0.8526       0.7440
 5967.10       1.1333       0.7616
 5968.14       1.4304       0.8008
 5969.18       1.7163       0.8406
 5970.22       0.9412       0.8335
 5971.25       0.1985       0.8032
 5972.29       1.0317       0.8096
 5973.33       1.7909       0.8289
 5974.37       1.6290       0.8478
 5975.40       1.6033       0.8762
 5976.44       1.5546       0.9012
 5977.48       1.3491       0.9091
 5978.52       1.5099       0.9172
 5979.55       1.3620       0.8922
 5980.59       0.5269       0.8231
 5981.63       0.4064       0.7682
 5982.67       1.0967       0.7500
 5983.71       1.5892       0.7501
 5984.74       1.4921       0.7476
 5985.78       1.0880       0.7301
 5986.82       1.2055       0.7185
 5987.86       1.4971       0.7194
 5988.89       1.4684       0.7241
 5989.93       1.0780       0.6990
 5990.97       1.0443       0.6792
 5992.01       1.8648       0.7069
 5993.05       1.8679       0.7159
 5994.08       1.1790       0.7015
 5995.12       1.4850       0.7201
 5996.16       1.6178       0.7300
 5997.20       1.0564       0.7175
 5998.23       0.6474       0.7187
 5999.27       0.9208       0.7346
 6000.31       1.6964       0.7514
 6001.35       1.8949       0.7594
 6002.39       1.3979       0.7575
 6003.42       0.9562       0.7523
 6004.46       1.2532       0.7605
 6005.50       1.8524       0.7660
 6006.54       1.5537       0.7384
 6007.57       1.2311       0.7081
 6008.61       1.5407       0.6974
 6009.65       1.7553       0.6895
 6010.69       1.4780       0.6703
 6011.72       1.0545       0.6468
 6012.76       1.1824       0.6495
 6013.80       1.6742       0.6662
 6014.84       1.8435       0.6686
 6015.88       1.8536       0.6653
 6016.91       1.8410       0.6656
 6017.95       1.7573       0.6719
 6018.99       1.4056       0.6615
 6020.03       0.9206       0.6323
 6021.06       0.4144       0.6081
 6022.10       0.6630       0.6147
 6023.14       1.6366       0.6455
 6024.18       1.6324       0.6504
 6025.22       0.7953       0.6312
 6026.25       0.7982       0.6362
 6027.29       1.0791       0.6456
 6028.33       1.1535       0.6479
 6029.37       0.9272       0.6390
 6030.40       0.8349       0.6437
 6031.44       1.1901       0.6714
 6032.48       1.2632       0.6775
 6033.52       1.4086       0.6769
 6034.56       2.0375       0.6971
 6035.59       1.9454       0.6965
 6036.63       1.3333       0.6703
 6037.67       1.4597       0.6556
 6038.71       1.2896       0.6337
 6039.74       0.7040       0.6116
 6040.78       0.9219       0.6242
 6041.82       1.4553       0.6453
 6042.86       1.4904       0.6428
 6043.89       1.5111       0.6369
 6044.93       1.4721       0.6300
 6045.97       1.1368       0.6164
 6047.01       1.0411       0.6101
 6048.05       1.2568       0.6116
 6049.08       1.1050       0.6082
 6050.12       1.0109       0.5992
 6051.16       1.2150       0.5902
 6052.20       1.1852       0.5902
 6053.23       1.1123       0.5954
 6054.27       1.1989       0.5964
 6055.31       1.1923       0.6055
 6056.35       1.1272       0.6098
 6057.39       1.0809       0.5907
 6058.42       1.2736       0.5895
 6059.46       1.4629       0.6130
 6060.50       1.0647       0.6187
 6061.54       0.6395       0.6087
 6062.57       0.8807       0.6043
 6063.61       0.9041       0.5992
 6064.65       0.9321       0.6005
 6065.69       1.1946       0.6067
 6066.73       1.3081       0.6094
 6067.76       0.8931       0.5978
 6068.80      -0.0954       0.5716
 6069.84      -0.3702       0.5583
 6070.88       0.4320       0.5685
 6071.91       1.3513       0.5890
 6072.95       1.3391       0.5853
 6073.99       0.5722       0.5563
 6075.03       0.3853       0.5452
 6076.06       0.8173       0.5553
 6077.10       0.8803       0.5596
 6078.14       0.7344       0.5609
 6079.18       0.5738       0.5617
 6080.22       0.5557       0.5661
 6081.25       1.0520       0.5745
 6082.29       1.6991       0.5795
 6083.33       1.5514       0.5717
 6084.37       0.8506       0.5556
 6085.40       0.4343       0.5441
 6086.44       0.4061       0.5476
 6087.48       0.6362       0.5518
 6088.52       0.8764       0.5419
 6089.56       1.1167       0.5437
 6090.59       1.4276       0.5652
 6091.63       1.6364       0.5848
 6092.67       1.3161       0.5758
 6093.71       0.6795       0.5478
 6094.74       0.5533       0.5506
 6095.78       0.8465       0.5722
 6096.82       0.9795       0.5768
 6097.86       0.9273       0.5689
 6098.90       0.6942       0.5540
 6099.93       0.4932       0.5417
 6100.97       0.8568       0.5536
 6102.01       1.5520       0.5788
 6103.05       1.9137       0.5826
 6104.08       1.5843       0.5773
 6105.12       0.9370       0.5793
 6106.16       1.0600       0.5773
 6107.20       1.1765       0.5611
 6108.23       0.4834       0.5366
 6109.27       0.1823       0.5250
 6110.31       0.6896       0.5327
 6111.35       1.3319       0.5450
 6112.39       1.5692       0.5605
 6113.42       1.3111       0.5686
 6114.46       1.0892       0.5549
 6115.50       1.1615       0.5413
 6116.54       1.4526       0.5477
 6117.57       1.8513       0.5664
 6118.61       1.9866       0.5718
 6119.65       1.8156       0.5538
 6120.69       1.2521       0.5211
 6121.73       0.6626       0.5005
 6122.76       0.5810       0.5119
 6123.80       0.6839       0.5266
 6124.84       0.6527       0.5226
 6125.88       0.8435       0.5246
 6126.91       1.2292       0.5292
 6127.95       1.5759       0.5299
 6128.99       1.5451       0.5293
 6130.03       1.2627       0.5305
 6131.06       1.1927       0.5356
 6132.10       1.3525       0.5444
 6133.14       1.5546       0.5512
 6134.18       1.5466       0.5481
 6135.22       1.2707       0.5425
 6136.25       0.9621       0.5479
 6137.29       0.5135       0.5541
 6138.33       0.4222       0.5776
 6139.37       0.8289       0.6181
 6140.40       0.9499       0.6188
 6141.44       0.8073       0.5939
 6142.48       1.3627       0.6067
 6143.52       1.2858       0.6115
 6144.56       0.6933       0.5958
 6145.59       0.9091       0.5954
 6146.63       1.3585       0.5897
 6147.67       1.4198       0.5707
 6148.71       1.6892       0.5615
 6149.74       1.9541       0.5627
 6150.78       1.7841       0.5598
 6151.82       1.2503       0.5408
 6152.86       0.9152       0.5213
 6153.90       1.1868       0.5285
 6154.93       1.5453       0.5370
 6155.97       1.7335       0.5317
 6157.01       1.7511       0.5231
 6158.05       1.2909       0.5073
 6159.08       0.6434       0.4892
 6160.12       0.9430       0.4922
 6161.16       1.7013       0.5077
 6162.20       1.6566       0.5109
 6163.23       1.2870       0.4997
 6164.27       1.2099       0.4864
 6165.31       1.6832       0.4897
 6166.35       1.8225       0.5000
 6167.39       1.3091       0.5178
 6168.42       1.2506       0.5583
 6169.46       1.4652       0.6045
 6170.50       1.5094       0.6340
 6171.54       1.4729       0.6450
 6172.57       1.4831       0.6416
 6173.61       1.4788       0.6261
 6174.65       1.3627       0.5962
 6175.69       1.1726       0.5622
 6176.73       1.0753       0.5437
 6177.76       0.8888       0.5306
 6178.80       0.6228       0.5135
 6179.84       0.9531       0.5174
 6180.88       1.3496       0.5225
 6181.91       1.0869       0.5073
 6182.95       1.2641       0.5150
 6183.99       1.6242       0.5320
 6185.03       1.2865       0.5239
 6186.06       1.0202       0.5148
 6187.10       1.3842       0.5228
 6188.14       1.7104       0.5239
 6189.18       1.6595       0.5215
 6190.22       1.2130       0.5222
 6191.25       1.1574       0.5352
 6192.29       1.1748       0.5426
 6193.33       0.8275       0.5293
 6194.37       0.5432       0.5199
 6195.40       0.4349       0.5145
 6196.44       0.1916       0.4928
 6197.48       0.7016       0.4949
 6198.52       1.6137       0.5248
 6199.56       1.5500       0.5340
 6200.59       0.8980       0.5432
 6201.63       0.4637       0.5716
 6202.67       0.8979       0.6043
 6203.71       1.4355       0.6152
 6204.74       1.0508       0.5924
 6205.78       0.6912       0.5607
 6206.82       0.8206       0.5372
 6207.86       1.0324       0.5154
 6208.90       1.3194       0.5105
 6209.93       1.4221       0.5179
 6210.97       0.9566       0.5163
 6212.01       0.5645       0.5150
 6213.05       0.7860       0.5269
 6214.08       1.0945       0.5446
 6215.12       0.9942       0.5437
 6216.16       0.5230       0.5158
 6217.20       0.3009       0.4889
 6218.23       0.7671       0.5000
 6219.27       1.6818       0.5521
 6220.31       1.8733       0.5975
 6221.35       1.1833       0.6081
 6222.39       1.2682       0.6276
 6223.42       1.8790       0.6423
 6224.46       2.0257       0.6251
 6225.50       1.2171       0.5570
 6226.54       0.2460       0.4841
 6227.57       0.2222       0.4698
 6228.61       0.8656       0.4823
 6229.65       1.3960       0.4946
 6230.69       1.3295       0.5187
 6231.73       1.2963       0.5722
 6232.76       1.5203       0.6752
 6233.80       1.0075       0.8255
 6234.84       0.1927       0.9803
 6235.88       0.1758       1.0811
 6236.91       1.2630       1.1247
 6237.95       2.0982       1.0894
 6238.99       1.2410       0.9605
 6240.03       0.1686       0.8233
 6241.07       0.3013       0.7458
 6242.10       0.9887       0.7235
 6243.14       1.7895       0.7221
 6244.18       2.0960       0.6960
 6245.22       1.5017       0.6526
 6246.25       0.8220       0.6028
 6247.29       0.9743       0.5667
 6248.33       1.1913       0.5401
 6249.37       0.9590       0.5110
 6250.40       0.5232       0.4858
 6251.44       0.1688       0.4660
 6252.48       0.1722       0.4659
 6253.52       0.3535       0.4795
 6254.56       0.6128       0.5469
 6255.59       0.8739       0.6805
 6256.63       0.7504       0.8253
 6257.67       0.6945       0.9402
 6258.71       1.2456       1.0020
 6259.74       1.2205       0.9733
 6260.78       0.6073       0.8706
 6261.82       0.7502       0.7420
 6262.86       0.9910       0.6543
 6263.90       0.7261       0.6274
 6264.93       0.9045       0.6494
 6265.97       1.0028       0.6714
 6267.01       0.3277       0.6577
 6268.05       0.7998       0.6446
 6269.08       1.7931       0.6213
 6270.12       1.1878       0.5596
 6271.16       0.6806       0.5140
 6272.20       1.1612       0.5124
 6273.24       1.5259       0.5278
 6274.27       1.4806       0.5461
 6275.31       1.2482       0.5596
 6276.35       1.2909       0.5720
 6277.39       1.2909       0.5681
 6278.42       0.7667       0.5390
 6279.46       0.7647       0.5146
 6280.50       1.3961       0.5051
 6281.54       1.7385       0.4962
 6282.58       2.1412       0.4958
 6283.61       2.3520       0.5219
 6284.65       1.2398       0.5640
 6285.69       0.2592       0.6604
 6286.73       0.5826       0.7963
 6287.76       0.9538       0.8815
 6288.80       0.9225       0.8741
 6289.84       0.8310       0.8050
 6290.88       1.1677       0.7013
 6291.91       1.6583       0.6008
 6292.95       1.4763       0.5297
 6293.99       0.9649       0.4906
 6295.03       0.7519       0.5533
 6296.07       1.1442       0.6878
 6297.10       1.4229       1.1481
 6298.14       1.1725       2.0009
 6299.18       1.0680       2.9474
 6300.22       1.5129       3.6550
 6301.25       2.2969       3.9068
 6302.29       2.4385       3.5066
 6303.33       1.5819       2.6540
 6304.37       0.3848       1.7248
 6305.41       0.3562       1.1743
 6306.44       1.6948       1.0280
 6307.48       2.0266       1.0308
 6308.52       1.3985       0.9640
 6309.56       0.9476       0.8338
 6310.59       0.5568       0.6817
 6311.63       0.3967       0.5510
 6312.67       0.5940       0.4753
 6313.71       0.9710       0.4583
 6314.75       1.2781       0.4599
 6315.78       1.5445       0.4675
 6316.82       1.3514       0.4581
 6317.86       0.7966       0.4499
 6318.90       0.7391       0.4866
 6319.93       1.1008       0.5518
 6320.97       1.2908       0.5946
 6322.01       1.1893       0.6113
 6323.05       1.0506       0.6050
 6324.08       1.3569       0.5876
 6325.12       1.6106       0.5593
 6326.16       1.4304       0.5532
 6327.20       0.8011       0.5943
 6328.24       0.5773       0.6926
 6329.27       1.2858       0.8060
 6330.31       1.7234       0.8763
 6331.35       1.7186       0.8661
 6332.39       1.8152       0.7929
 6333.42       1.6382       0.6697
 6334.46       1.1670       0.5422
 6335.50       0.5242       0.4513
 6336.54       0.6911       0.4343
 6337.58       1.5568       0.4580
 6338.61       1.4923       0.4654
 6339.65       1.1483       0.4573
 6340.69       1.4973       0.4652
 6341.73       1.2920       0.4589
 6342.76       0.7099       0.4453
 6343.80       0.6584       0.4456
 6344.84       0.9501       0.4570
 6345.88       1.1963       0.4821
 6346.92       1.2691       0.5248
 6347.95       1.1135       0.5616
 6348.99       0.8568       0.5707
 6350.03       0.8202       0.5559
 6351.07       1.0905       0.5316
 6352.10       1.2977       0.5173
 6353.14       1.2157       0.5239
 6354.18       0.7192       0.5600
 6355.22       0.0306       0.6127
 6356.25      -0.0702       0.6641
 6357.29       0.6453       0.6963
 6358.33       1.3815       0.6981
 6359.37       1.2945       0.6722
 6360.41       0.5066       0.6923
 6361.44       0.2370       0.8487
 6362.48       0.7891       1.1309
 6363.52       1.4045       1.3858
 6364.56       1.9035       1.5106
 6365.59       1.8786       1.4249
 6366.63       1.2027       1.1635
 6367.67       0.6843       0.8474
 6368.71       0.8308       0.6045
 6369.75       1.0723       0.4834
 6370.78       1.1984       0.4482
 6371.82       1.1116       0.4209
 6372.86       1.0250       0.4235
 6373.90       1.1349       0.4342
 6374.93       1.3854       0.4464
 6375.97       1.3711       0.4580
 6377.01       0.9924       0.4698
 6378.05       0.6042       0.4787
 6379.08       0.3960       0.4851
 6380.12       0.4834       0.4910
 6381.16       0.9146       0.4940
 6382.20       1.2508       0.4949
 6383.24       1.2122       0.4988
 6384.27       1.4340       0.5198
 6385.31       1.7835       0.5505
 6386.35       1.5572       0.5646
 6387.39       1.6767       0.5828
 6388.42       1.8324       0.5829
 6389.46       0.9010       0.5201
 6390.50       0.3097       0.4566
 6391.54       0.9268       0.4428
 6392.58       1.4302       0.4484
 6393.61       1.3484       0.4442
 6394.65       0.9896       0.4221
 6395.69       0.6121       0.4077
 6396.73       0.3444       0.4036
 6397.76       0.4855       0.4026
 6398.80       0.7958       0.4092
 6399.84       1.1247       0.4200
 6400.88       1.4606       0.4250
 6401.92       1.6088       0.4231
 6402.95       1.4566       0.4184
 6403.99       0.9067       0.4090
 6405.03       0.5182       0.4017
 6406.07       0.7825       0.4036
 6407.10       1.1724       0.4049
 6408.14       1.2898       0.4047
 6409.18       1.2650       0.4114
 6410.22       1.1583       0.4170
 6411.25       1.0783       0.4198
 6412.29       1.2426       0.4332
 6413.33       1.4353       0.4484
 6414.37       1.2270       0.4485
 6415.41       0.8097       0.4390
 6416.44       0.6902       0.4330
 6417.48       0.9680       0.4349
 6418.52       1.1577       0.4398
 6419.56       1.1560       0.4477
 6420.59       1.3968       0.4659
 6421.63       1.3099       0.4673
 6422.67       0.7838       0.4432
 6423.71       0.6080       0.4231
 6424.75       0.8994       0.4174
 6425.78       1.2251       0.4180
 6426.82       0.9948       0.4052
 6427.86       0.6976       0.3894
 6428.90       1.2276       0.3973
 6429.93       1.3438       0.3997
 6430.97       0.7204       0.3859
 6432.01       0.1464       0.3774
 6433.05       0.1350       0.3734
 6434.08       0.6022       0.3708
 6435.12       0.9753       0.3777
 6436.16       0.9472       0.3835
 6437.20       0.7711       0.3800
 6438.24       0.3249       0.3684
 6439.27       0.2133       0.3685
 6440.31       0.9469       0.3959
 6441.35       1.5770       0.4096
 6442.39       1.4475       0.3940
 6443.42       1.1841       0.3882
 6444.46       1.0560       0.3924
 6445.50       1.1070       0.3947
 6446.54       1.0928       0.3892
 6447.58       1.1098       0.3888
 6448.61       1.2064       0.4033
 6449.65       1.0356       0.4103
 6450.69       0.8238       0.4085
 6451.73       1.0687       0.4138
 6452.76       1.1971       0.4178
 6453.80       1.0234       0.4186
 6454.84       1.1366       0.4250
 6455.88       1.2040       0.4267
 6456.92       0.9798       0.4187
 6457.95       1.0169       0.4163
 6458.99       1.4166       0.4259
 6460.03       1.9418       0.4453
 6461.07       2.1162       0.4706
 6462.10       1.8133       0.5102
 6463.14       1.3168       0.5599
 6464.18       1.3572       0.6285
 6465.22       1.7771       0.6952
 6466.25       1.2972       0.7025
 6467.29       0.6224       0.6775
 6468.33       0.9640       0.6732
 6469.37       0.3908       0.6508
 6470.41      -0.2470       0.6288
 6471.44       0.6294       0.6345
 6472.48       1.4369       0.6198
 6473.52       1.1889       0.5580
 6474.56       0.5351       0.4850
 6475.59       0.5590       0.4466
 6476.63       1.2903       0.4477
 6477.67       1.2332       0.4495
 6478.71       0.6649       0.4385
 6479.75       0.5931       0.4273
 6480.78       0.8002       0.4113
 6481.82       1.0907       0.3946
 6482.86       1.2335       0.3838
 6483.90       1.1649       0.3795
 6484.93       1.0288       0.3757
 6485.97       0.8183       0.3672
 6487.01       0.9750       0.3632
 6488.05       1.4439       0.3684
 6489.08       1.6828       0.3755
 6490.12       1.3945       0.3735
 6491.16       0.8486       0.3628
 6492.20       0.7039       0.3573
 6493.24       1.0419       0.3685
 6494.27       1.2633       0.3850
 6495.31       1.3123       0.4450
 6496.35       1.2489       0.5682
 6497.39       1.2279       0.7119
 6498.42       1.2463       0.8293
 6499.46       1.1955       0.8796
 6500.50       0.8991       0.8371
 6501.54       0.6772       0.7325
 6502.58       0.8329       0.6205
 6503.61       0.8609       0.5527
 6504.65       0.8987       0.5363
 6505.69       1.4413       0.5461
 6506.73       1.6393       0.5358
 6507.76       1.3449       0.4941
 6508.80       1.2118       0.4318
 6509.84       1.3418       0.4224
 6510.88       1.7718       0.4759
 6511.92       2.3898       0.5481
 6512.95       2.0429       0.5623
 6513.99       1.0959       0.5282
 6515.03       0.7508       0.4858
 6516.07       0.8674       0.4103
 6517.10       0.7951       0.3439
 6518.14       0.8808       0.3793
 6519.18       0.8976       0.3778
 6520.22       1.0640       0.4034
 6521.26       0.8451       0.4352
 6522.29       0.0331       0.4522
 6523.33       0.3302       0.4767
 6524.37       1.3356       0.4912
 6525.41       1.4698       0.4690
 6526.44       1.2485       0.4300
 6527.48       1.5074       0.4102
 6528.52       1.6640       0.4004
 6529.56       1.5970       0.4296
 6530.59       1.4395       0.5098
 6531.63       1.5079       0.6220
 6532.67       1.7620       0.7229
 6533.71       1.9186       0.7691
 6534.75       1.7436       0.7435
 6535.78       1.3302       0.6557
 6536.82       1.1582       0.5353
 6537.86       1.0831       0.4402
 6538.90       1.0484       0.4005
 6539.93       1.3061       0.4011
 6540.97       1.5311       0.4302
 6542.01       1.4378       0.4718
 6543.05       1.0357       0.5050
 6544.09       0.8500       0.5215
 6545.12       1.0917       0.5254
 6546.16       1.2958       0.4989
 6547.20       1.3376       0.4564
 6548.24       1.6983       0.4342
 6549.27       1.5941       0.4246
 6550.31       1.1966       0.4492
 6551.35       1.2536       0.5492
 6552.39       1.7859       0.6911
 6553.43       1.8462       0.7856
 6554.46       1.7101       0.8044
 6555.50       1.5828       0.7426
 6556.54       1.4275       0.6343
 6557.58       1.2327       0.5078
 6558.61       1.0135       0.4218
 6559.65       0.9454       0.4211
 6560.69       1.0579       0.4998
 6561.73       1.3023       0.5946
 6562.76       1.5122       0.6619
 6563.80       1.5407       0.6686
 6564.84       1.3862       0.6310
 6565.88       0.9033       0.5550
 6566.92       0.5849       0.4857
 6567.95       1.2251       0.4637
 6568.99       1.8826       0.4773
 6570.03       1.9059       0.4816
 6571.07       1.4989       0.4602
 6572.10       1.0694       0.4170
 6573.14       0.9782       0.3920
 6574.18       0.7965       0.4055
 6575.22       0.6411       0.4724
 6576.26       0.7894       0.5641
 6577.29       1.3617       0.6449
 6578.33       1.9621       0.6712
 6579.37       2.0261       0.6356
 6580.41       1.6317       0.5437
 6581.44       1.2118       0.4399
 6582.48       1.3391       0.3807
 6583.52       1.4986       0.3610
 6584.56       1.0200       0.3410
 6585.60       0.8027       0.3461
 6586.63       0.9732       0.3535
 6587.67       1.1059       0.3411
 6588.71       1.3119       0.3351
 6589.75       1.4243       0.3410
 6590.78       1.2347       0.3370
 6591.82       0.8949       0.3301
 6592.86       0.8329       0.3381
 6593.90       1.1867       0.3636
 6594.93       1.4805       0.3968
 6595.97       1.3932       0.4194
 6597.01       1.5119       0.4395
 6598.05       1.8014       0.4462
 6599.09       1.9053       0.4240
 6600.12       1.6359       0.3957
 6601.16       1.1246       0.3969
 6602.20       0.9149       0.4271
 6603.24       1.1820       0.4767
 6604.27       1.5760       0.5150
 6605.31       1.2577       0.5103
 6606.35       0.6807       0.4667
 6607.39       0.6867       0.4186
 6608.43       0.8396       0.3755
 6609.46       1.0103       0.3494
 6610.50       1.3344       0.3450
 6611.54       1.5978       0.3533
 6612.58       1.5686       0.3532
 6613.61       1.2604       0.3381
 6614.65       1.0608       0.3268
 6615.69       1.1696       0.3350
 6616.73       1.3458       0.3399
 6617.77       1.3722       0.3373
 6618.80       1.2605       0.3374
 6619.84       1.1037       0.3379
 6620.88       0.9440       0.3373
 6621.92       0.7170       0.3351
 6622.95       0.7330       0.3331
 6623.99       1.1315       0.3384
 6625.03       1.6391       0.3558
 6626.07       1.8918       0.3761
 6627.10       1.7886       0.3870
 6628.14       1.6729       0.3952
 6629.18       1.5987       0.3944
 6630.22       1.3981       0.3780
 6631.26       1.3084       0.3753
 6632.29       1.3607       0.3952
 6633.33       1.3783       0.4140
 6634.37       1.2750       0.4219
 6635.41       1.2051       0.4181
 6636.44       1.5517       0.4170
 6637.48       1.6823       0.3834
 6638.52       1.1030       0.3107
 6639.56       1.1337       0.4294
 6640.60       1.3997       0.4453
 6641.63       1.7639       0.4546
 6642.67       1.8342       0.4576
 6643.71       1.6475       0.4491
 6644.75       1.5468       0.4451
 6645.78       1.6102       0.4398
 6646.82       1.6720       0.3730
 6647.86       1.4600       0.2743
 6648.90       1.2601       0.3436
 6649.94       1.6422       0.3517
 6650.97       1.5864       0.3458
 6652.01       1.0762       0.3372
 6653.05       1.1518       0.3404
 6654.09       1.2928       0.3404
 6655.12       1.1482       0.3329
 6656.16       1.0743       0.3362
 6657.20       1.1740       0.3441
 6658.24       1.3735       0.3464
 6659.27       1.4924       0.3471
 6660.31       1.4066       0.3490
 6661.35       1.2089       0.3532
 6662.39       1.2750       0.3588
 6663.43       1.6234       0.3645
 6664.46       1.9450       0.3700
 6665.50       1.8169       0.3708
 6666.54       1.4301       0.3694
 6667.58       1.4840       0.3752
 6668.61       1.7977       0.3806
 6669.65       1.8229       0.3745
 6670.69       1.4305       0.3574
 6671.73       0.9703       0.3373
 6672.77       0.9268       0.3252
 6673.80       1.1946       0.3277
 6674.84       1.3764       0.3357
 6675.88       1.3964       0.3392
 6676.92       0.9573       0.3289
 6677.95       0.4557       0.3147
 6678.99       0.3957       0.3052
 6680.03       0.8412       0.3135
 6681.07       1.4146       0.3363
 6682.10       1.6341       0.3406
 6683.14       1.6122       0.3308
 6684.18       1.6965       0.3346
 6685.22       1.6015       0.3442
 6686.26       1.4113       0.3489
 6687.29       1.3476       0.3442
 6688.33       1.5021       0.3369
 6689.37       1.5986       0.3326
 6690.41       1.2299       0.3219
 6691.44       0.7769       0.3115
 6692.48       0.9112       0.3134
 6693.52       1.2096       0.3196
 6694.56       1.4175       0.3257
 6695.60       1.5097       0.3323
 6696.63       1.5923       0.3369
 6697.67       1.6819       0.3408
 6698.71       1.5132       0.3439
 6699.75       1.5288       0.3542
 6700.78       1.8918       0.3694
 6701.82       1.6914       0.3684
 6702.86       1.0586       0.3513
 6703.90       0.7838       0.3367
 6704.94       0.9697       0.3352
 6705.97       1.5012       0.3447
 6707.01       1.9550       0.3500
 6708.05       2.0136       0.3479
 6709.09       1.7184       0.3417
 6710.12       1.6971       0.3444
 6711.16       1.6331       0.3417
 6712.20       1.3097       0.3271
 6713.24       1.1458       0.3219
 6714.27       1.3454       0.3322
 6715.31       1.5876       0.3425
 6716.35       1.5682       0.3437
 6717.39       1.2550       0.3337
 6718.43       0.9234       0.3186
 6719.46       1.1250       0.3188
 6720.50       1.6513       0.3323
 6721.54       1.5701       0.3320
 6722.58       1.1364       0.3186
 6723.61       1.1454       0.3121
 6724.65       1.1252       0.3081
 6725.69       1.1960       0.3098
 6726.73       1.3616       0.3162
 6727.77       1.2234       0.3143
 6728.80       0.7880       0.3065
 6729.84       1.0412       0.3198
 6730.88       1.5492       0.3372
 6731.92       1.6088       0.3366
 6732.95       1.3229       0.3263
 6733.99       1.1117       0.3165
 6735.03       1.3734       0.3151
 6736.07       1.5074       0.3133
 6737.10       1.2609       0.3089
 6738.14       1.0619       0.3101
 6739.18       0.8870       0.3140
 6740.22       0.7914       0.3179
 6741.26       0.9538       0.3236
 6742.29       1.1155       0.3258
 6743.33       1.0319       0.3226
 6744.37       0.9713       0.3201
 6745.41       0.9799       0.3218
 6746.44       1.0543       0.3275
 6747.48       1.0960       0.3286
 6748.52       1.1709       0.3241
 6749.56       1.4039       0.3213
 6750.60       1.5767       0.3200
 6751.63       1.4994       0.3166
 6752.67       1.3876       0.3107
 6753.71       1.2328       0.3051
 6754.75       0.9676       0.3025
 6755.78       0.8665       0.3033
 6756.82       0.9678       0.3051
 6757.86       1.0971       0.3071
 6758.90       1.2966       0.3098
 6759.94       1.3173       0.3096
 6760.97       0.8908       0.3024
 6762.01       0.6582       0.2981
 6763.05       0.9297       0.3011
 6764.09       1.0186       0.2996
 6765.12       1.0470       0.3003
 6766.16       1.3058       0.3109
 6767.20       1.2868       0.3091
 6768.24       1.0558       0.3001
 6769.27       1.2069       0.3084
 6770.31       1.1443       0.3105
 6771.35       0.9045       0.3025
 6772.39       1.3717       0.3143
 6773.43       1.7519       0.3213
 6774.46       1.4765       0.3077
 6775.50       1.3596       0.3020
 6776.54       1.4288       0.3083
 6777.58       1.3485       0.3146
 6778.61       1.4421       0.3158
 6779.65       1.6475       0.3122
 6780.69       1.4943       0.3077
 6781.73       1.3054       0.3074
 6782.77       1.3042       0.3127
 6783.80       1.2258       0.3194
 6784.84       1.1039       0.3224
 6785.88       1.1733       0.3222
 6786.92       1.5959       0.3263
 6787.95       1.9650       0.3306
 6788.99       1.7911       0.3258
 6790.03       1.3870       0.3179
 6791.07       1.0207       0.3102
 6792.11       0.8033       0.3042
 6793.14       0.9553       0.3044
 6794.18       1.2733       0.3080
 6795.22       1.4468       0.3098
 6796.26       1.3419       0.3032
 6797.29       1.1871       0.2925
 6798.33       0.8445       0.2882
 6799.37       0.7466       0.2976
 6800.41       1.3408       0.3170
 6801.44       1.8053       0.3271
 6802.48       1.8841       0.3225
 6803.52       1.5279       0.3081
 6804.56       1.3422       0.3003
 6805.60       1.6394       0.3068
 6806.63       1.4276       0.3077
 6807.67       1.0054       0.3051
 6808.71       1.0126       0.3079
 6809.75       1.2561       0.3131
 6810.78       1.3133       0.3109
 6811.82       0.9922       0.2952
 6812.86       1.0903       0.2954
 6813.90       1.5983       0.3118
 6814.94       1.3068       0.3045
 6815.97       0.9608       0.2927
 6817.01       1.2973       0.2996
 6818.05       1.3396       0.3030
 6819.09       1.2266       0.3037
 6820.12       1.4985       0.3119
 6821.16       1.6611       0.3111
 6822.20       1.6176       0.3081
 6823.24       1.5855       0.3202
 6824.28       1.6324       0.3498
 6825.31       1.7672       0.4284
 6826.35       1.7454       0.5599
 6827.39       1.5470       0.7480
 6828.43       1.2979       0.9422
 6829.46       1.0326       1.0438
 6830.50       1.2266       1.0580
 6831.54       2.0905       1.0456
 6832.58       1.7388       1.0125
 6833.61       0.4994       0.9768
 6834.65       0.7222       0.9521
 6835.69       1.6322       0.9043
 6836.73       1.8469       0.7912
 6837.77       1.5814       0.6295
 6838.80       1.1445       0.4854
 6839.84       0.8827       0.4171
 6840.88       1.2535       0.4287
 6841.92       1.7827       0.4588
 6842.95       1.6359       0.4616
 6843.99       1.2574       0.4355
 6845.03       1.1812       0.3963
 6846.07       1.3388       0.3542
 6847.11       1.5218       0.3342
 6848.14       1.4369       0.3353
 6849.18       1.0238       0.3277
 6850.22       0.7548       0.3141
 6851.26       1.0469       0.3153
 6852.29       1.3878       0.3219
 6853.33       1.4503       0.3247
 6854.37       1.3794       0.3210
 6855.41       1.2789       0.3166
 6856.45       1.2495       0.3153
 6857.48       1.0388       0.3081
 6858.52       1.0484       0.3072
 6859.56       1.4944       0.3648
 6860.60       1.9685       0.4986
 6861.63       2.1582       0.7543
 6862.67       1.9371       1.0788
 6863.71       1.0614       1.3053
 6864.75       0.0949       1.3947
 6865.78      -0.3587       1.4761
 6866.82       0.2338       1.3802
 6867.86       1.3585       1.0965
 6868.90       1.5174       0.8566
 6869.94       0.9558       0.7662
 6870.97       0.7321       0.7637
 6872.01       0.8011       0.7617
 6873.05       0.9466       0.6793
 6874.09       1.0443       0.5802
 6875.12       1.3599       0.4935
 6876.16       1.5013       0.4302
 6877.20       0.9063       0.3917
 6878.24       0.8804       0.4150
 6879.28       1.6095       0.4709
 6880.31       1.7874       0.4917
 6881.35       1.4688       0.4805
 6882.39       1.3208       0.4788
 6883.43       1.4865       0.4739
 6884.46       1.7317       0.4617
 6885.50       1.6714       0.4449
 6886.54       1.7276       0.4587
 6887.58       1.8534       0.5178
 6888.62       0.9358       0.5848
 6889.65       0.2091       0.6234
 6890.69       0.5473       0.6136
 6891.73       1.1561       0.5813
 6892.77       1.2192       0.5208
 6893.80       0.8588       0.4394
 6894.84       0.5593       0.3784
 6895.88       0.7369       0.3605
 6896.92       0.8938       0.3749
 6897.95       0.8487       0.4122
 6898.99       0.6444       0.4615
 6900.03       0.6553       0.5246
 6901.07       0.8534       0.5769
 6902.11       1.0162       0.5909
 6903.14       0.9760       0.5495
 6904.18       0.9311       0.4694
 6905.22       1.1495       0.3913
 6906.26       1.2161       0.3349
 6907.29       1.1691       0.3155
 6908.33       1.4310       0.3279
 6909.37       1.7112       0.3812
 6910.41       1.7034       0.4713
 6911.45       1.5340       0.5738
 6912.48       1.1919       0.6475
 6913.52       0.8451       0.6641
 6914.56       0.8073       0.6238
 6915.60       0.9426       0.5360
 6916.63       0.9159       0.4285
 6917.67       0.9288       0.3464
 6918.71       1.1052       0.3348
 6919.75       1.4628       0.3912
 6920.79       1.6569       0.5204
 6921.82       1.4323       0.6826
 6922.86       1.2647       0.8289
 6923.90       1.1357       0.8930
 6924.94       0.9778       0.8463
 6925.97       0.6350       0.6955
 6927.01       0.5077       0.5207
 6928.05       0.7184       0.3893
 6929.09       0.8114       0.3216
 6930.12       0.5575       0.2865
 6931.16       0.5418       0.2885
 6932.20       0.5537       0.2888
 6933.24       0.7364       0.2801
 6934.28       0.9695       0.2794
 6935.31       1.0923       0.2969
 6936.35       1.1517       0.3357
 6937.39       1.0614       0.4027
 6938.43       0.9081       0.4843
 6939.46       0.8174       0.5445
 6940.50       1.0668       0.5793
 6941.54       1.4047       0.5714
 6942.58       1.1455       0.4905
 6943.62       0.8056       0.3806
 6944.65       1.0547       0.3286
 6945.69       1.3771       0.3745
 6946.73       1.5544       0.5207
 6947.77       1.6419       0.6922
 6948.80       1.6499       0.8366
 6949.84       1.6337       0.8993
 6950.88       1.2260       0.8647
 6951.92       0.7223       0.7189
 6952.96       0.5128       0.5239
 6953.99       0.8274       0.3822
 6955.03       1.1518       0.3235
 6956.07       0.9791       0.3037
 6957.11       1.0527       0.3085
 6958.14       1.4330       0.3085
 6959.18       1.8407       0.3158
 6960.22       2.0222       0.3144
 6961.26       1.8602       0.3033
 6962.29       1.6568       0.3001
 6963.33       1.4685       0.2971
 6964.37       1.2041       0.2907
 6965.41       0.9312       0.2882
 6966.45       0.8087       0.3099
 6967.48       0.9013       0.3593
 6968.52       1.0238       0.4111
 6969.56       1.0501       0.4516
 6970.60       1.4572       0.4877
 6971.63       1.4916       0.4774
 6972.67       1.1091       0.4237
 6973.71       1.1806       0.3690
 6974.75       1.3255       0.3559
 6975.79       1.1304       0.4051
 6976.82       1.4994       0.5264
 6977.86       1.6051       0.6479
 6978.90       0.5903       0.6890
 6979.94       0.5217       0.6781
 6980.97       1.2074       0.6116
 6982.01       0.6565       0.4686
 6983.05       0.2077       0.3508
 6984.09       0.7447       0.3100
 6985.12       1.3423       0.3034
 6986.16       1.4695       0.3016
 6987.20       1.2132       0.2932
 6988.24       1.4009       0.2956
 6989.28       1.8427       0.3013
 6990.31       1.8081       0.2982
 6991.35       1.2581       0.2834
 6992.39       0.7232       0.2695
 6993.43       0.8673       0.2743
 6994.46       1.3181       0.2870
 6995.50       1.5514       0.2935
 6996.54       1.7203       0.2986
 6997.58       1.7283       0.2993
 6998.62       1.5338       0.2971
 6999.65       0.9948       0.2920
 7000.69       0.5319       0.2986
 7001.73       0.5888       0.3227
 7002.77       1.0154       0.3552
 7003.80       1.3500       0.3764
 7004.84       1.4414       0.3745
 7005.88       1.2601       0.3540
 7006.92       1.0777       0.3382
 7007.96       1.3721       0.3374
 7008.99       1.4858       0.3599
 7010.03       1.1284       0.3990
 7011.07       0.9798       0.4437
 7012.11       1.1798       0.4675
 7013.14       1.1582       0.4534
 7014.18       1.0922       0.4010
 7015.22       1.2410       0.3379
 7016.26       1.2462       0.2891
 7017.29       1.2269       0.2682
 7018.33       1.3706       0.2646
 7019.37       1.6219       0.2669
 7020.41       1.7355       0.2683
 7021.45       1.4944       0.2727
 7022.48       1.3477       0.2727
 7023.52       1.2399       0.2631
 7024.56       0.9552       0.2512
 7025.60       0.7911       0.2440
 7026.63       0.8708       0.2461
 7027.67       0.9702       0.2573
 7028.71       1.2311       0.2717
 7029.75       1.5908       0.2802
 7030.79       1.4520       0.2752
 7031.82       1.0921       0.2655
 7032.86       1.0824       0.2634
 7033.90       1.1857       0.2665
 7034.94       1.3248       0.2711
 7035.97       1.2144       0.2687
 7037.01       1.1226       0.2641
 7038.05       1.1780       0.2671
 7039.09       1.0963       0.2807
 7040.12       1.0698       0.2997
 7041.16       1.2442       0.3147
 7042.20       1.4985       0.3233
 7043.24       1.5003       0.3286
 7044.28       1.0571       0.3332
 7045.31       0.8254       0.3462
 7046.35       1.2467       0.3791
 7047.39       2.1277       0.4288
 7048.43       2.2983       0.4626
 7049.46       1.4063       0.4580
 7050.50       0.9178       0.4385
 7051.54       1.0616       0.4079
 7052.58       1.2219       0.3661
 7053.62       1.5472       0.3470
 7054.65       1.5707       0.3366
 7055.69       0.9005       0.3043
 7056.73       0.8149       0.2868
 7057.77       1.4666       0.2933
 7058.80       1.3946       0.2904
 7059.84       1.1613       0.2855
 7060.88       1.3330       0.2910
 7061.92       1.0647       0.2975
 7062.96       0.7491       0.3045
 7063.99       1.0904       0.3151
 7065.03       1.5336       0.3235
 7066.07       1.6393       0.3276
 7067.11       1.5015       0.3297
 7068.14       1.2129       0.3249
 7069.18       1.0523       0.3179
 7070.22       1.0631       0.3192
 7071.26       1.1012       0.3228
 7072.29       1.0375       0.3204
 7073.33       1.1509       0.3208
 7074.37       1.2147       0.3184
 7075.41       1.0779       0.3080
 7076.45       1.0142       0.3000
 7077.48       1.1462       0.3016
 7078.52       1.3019       0.3076
 7079.56       1.1123       0.3137
 7080.60       0.7381       0.3198
 7081.63       0.6737       0.3264
 7082.67       0.9857       0.3319
 7083.71       1.3426       0.3343
 7084.75       1.5879       0.3307
 7085.79       1.4153       0.3230
 7086.82       0.8517       0.3156
 7087.86       0.7459       0.3261
 7088.90       1.1218       0.3469
 7089.94       1.1036       0.3520
 7090.97       0.9752       0.3418
 7092.01       1.0122       0.3251
 7093.05       1.0634       0.3025
 7094.09       1.0897       0.2866
 7095.13       1.0226       0.2819
 7096.16       1.0753       0.2803
 7097.20       1.1151       0.2719
 7098.24       1.0085       0.2623
 7099.28       1.0150       0.2635
 7100.31       1.1809       0.2733
 7101.35       1.0632       0.2694
 7102.39       0.8184       0.2612
 7103.43       0.8735       0.2652
 7104.46       1.3712       0.2774
 7105.50       1.6606       0.2815
 7106.54       1.0065       0.2653
 7107.58       0.8232       0.2617
 7108.62       1.2526       0.2748
 7109.65       1.1533       0.2766
 7110.69       0.9715       0.2728
 7111.73       1.0541       0.2706
 7112.77       1.2920       0.2699
 7113.80       1.3322       0.2690
 7114.84       1.0609       0.2671
 7115.88       1.1714       0.2710
 7116.92       1.4625       0.2765
 7117.96       1.3338       0.2764
 7118.99       1.1868       0.2712
 7120.03       1.2321       0.2665
 7121.07       1.2732       0.2675
 7122.11       1.3079       0.2705
 7123.14       1.3691       0.2751
 7124.18       1.4209       0.2851
 7125.22       1.4535       0.3022
 7126.26       1.4635       0.3215
 7127.30       1.2444       0.3278
 7128.33       0.9991       0.3246
 7129.37       0.8551       0.3208
 7130.41       0.7845       0.3221
 7131.45       0.8496       0.3307
 7132.48       1.1847       0.3414
 7133.52       1.1804       0.3438
 7134.56       0.7673       0.3345
 7135.60       0.9328       0.3226
 7136.63       1.4882       0.3132
 7137.67       1.5809       0.3064
 7138.71       1.2543       0.2934
 7139.75       0.9212       0.2891
 7140.79       0.7044       0.3066
 7141.82       1.0926       0.3424
 7142.86       1.6766       0.3771
 7143.90       1.0973       0.3827
 7144.94       0.4004       0.3785
 7145.97       0.7174       0.3881
 7147.01       1.2618       0.3971
 7148.05       1.4138       0.3911
 7149.09       0.9550       0.3650
 7150.13       0.5997       0.3320
 7151.16       0.7338       0.3111
 7152.20       0.9520       0.3121
 7153.24       1.0749       0.3082
 7154.28       1.0448       0.2857
 7155.31       1.0661       0.2769
 7156.35       1.1280       0.2852
 7157.39       1.1679       0.2982
 7158.43       1.2282       0.3131
 7159.47       1.3387       0.3241
 7160.50       1.4338       0.3292
 7161.54       1.5888       0.3318
 7162.58       1.6254       0.3338
 7163.62       1.1632       0.3286
 7164.65       1.0493       0.3289
 7165.69       1.5338       0.3406
 7166.73       1.4837       0.3525
 7167.77       1.1052       0.3566
 7168.80       1.0481       0.3536
 7169.84       1.0951       0.3481
 7170.88       1.2011       0.3498
 7171.92       1.3766       0.3609
 7172.96       1.3434       0.3662
 7173.99       1.0731       0.3649
 7175.03       1.0687       0.3817
 7176.07       1.1518       0.3930
 7177.11       1.1103       0.3845
 7178.14       1.3025       0.3905
 7179.18       1.3359       0.3936
 7180.22       0.8390       0.3690
 7181.26       0.5458       0.3523
 7182.30       0.7515       0.3554
 7183.33       1.1395       0.3618
 7184.37       0.9803       0.3574
 7185.41       0.3884       0.3444
 7186.45       0.5918       0.3505
 7187.48       0.9039       0.3512
 7188.52       0.6546       0.3294
 7189.56       0.8173       0.3192
 7190.60       1.2156       0.3236
 7191.64       1.1393       0.3235
 7192.67       0.8238       0.3210
 7193.71       0.6163       0.3161
 7194.75       0.6648       0.3103
 7195.79       0.8249       0.3075
 7196.82       0.8848       0.3097
 7197.86       0.9579       0.3170
 7198.90       1.0286       0.3257
 7199.94       1.0435       0.3327
 7200.97       0.8445       0.3381
 7202.01       0.6445       0.3444
 7203.05       0.7337       0.3509
 7204.09       1.1376       0.3552
 7205.13       1.5047       0.3510
 7206.16       1.4182       0.3358
 7207.20       1.1943       0.3201
 7208.24       1.2410       0.3132
 7209.28       1.3526       0.3108
 7210.31       1.4478       0.3058
 7211.35       1.4922       0.2953
 7212.39       1.4309       0.2845
 7213.43       1.3290       0.2745
 7214.47       1.2797       0.2644
 7215.50       1.3559       0.2617
 7216.54       1.3981       0.2633
 7217.58       1.2254       0.2601
 7218.62       0.8562       0.2547
 7219.65       0.6432       0.2569
 7220.69       1.0495       0.2712
 7221.73       1.5501       0.2910
 7222.77       1.7965       0.3086
 7223.81       1.5753       0.3097
 7224.84       1.3413       0.3057
 7225.88       1.1753       0.3042
 7226.92       1.0080       0.3050
 7227.96       0.9833       0.3078
 7228.99       1.1690       0.3072
 7230.03       1.2431       0.3058
 7231.07       1.0286       0.3114
 7232.11       1.2231       0.3338
 7233.14       1.6147       0.3647
 7234.18       1.5168       0.3994
 7235.22       1.2574       0.4465
 7236.26       1.1997       0.6019
 7237.30       1.5410       0.8854
 7238.33       1.4045       1.2763
 7239.37       0.7362       1.6869
 7240.41       0.5295       1.9749
 7241.45       0.4880       2.1283
 7242.48       0.3576       2.2340
 7243.52       0.1066       2.3276
 7244.56      -0.2202       2.3704
 7245.60      -0.3187       2.2669
 7246.64      -0.0915       1.9794
 7247.67       0.4402       1.5329
 7248.71       1.0923       1.0742
 7249.75       1.4990       0.7377
 7250.79       1.5068       0.5672
 7251.82       1.1724       0.5967
 7252.86       1.0050       0.6775
 7253.90       1.2027       0.6838
 7254.94       1.3552       0.6698
 7255.98       1.1784       0.6223
 7257.01       0.9876       0.5233
 7258.05       0.7000       0.4166
 7259.09       0.6142       0.3461
 7260.13       1.2989       0.3372
 7261.16       1.7560       0.3445
 7262.20       1.4847       0.3293
 7263.24       1.2065       0.3275
 7264.28       1.0806       0.3399
 7265.31       0.8647       0.3524
 7266.35       0.8593       0.3644
 7267.39       0.9566       0.3695
 7268.43       0.9742       0.3669
 7269.47       0.9189       0.3612
 7270.50       0.9412       0.3797
 7271.54       0.8411       0.3805
 7272.58       0.9312       0.5100
 7273.62       1.2918       0.9105
 7274.65       1.8411       1.5814
 7275.69       1.6976       2.2938
 7276.73       0.5131       2.7044
 7277.77       0.3661       2.5767
 7278.81       1.4486       2.0140
 7279.84       1.9464       1.3538
 7280.88       1.5877       0.8731
 7281.92       0.9978       0.6800
 7282.96       0.8212       0.7885
 7283.99       0.8365       0.9973
 7285.03       0.8898       1.1242
 7286.07       0.5113       1.1230
 7287.11       0.0119       0.9692
 7288.15       0.1031       0.7467
 7289.18       0.7892       0.5546
 7290.22       1.2866       0.4321
 7291.26       1.2153       0.3703
 7292.30       0.8976       0.3764
 7293.33       0.5849       0.4219
 7294.37       0.7433       0.4897
 7295.41       0.7897       0.5295
 7296.45       0.4853       0.5263
 7297.48       0.6014       0.4992
 7298.52       0.9882       0.4547
 7299.56       0.9561       0.3901
 7300.60       0.7530       0.3855
 7301.64       0.8081       0.4887
 7302.67       1.0377       0.6535
 7303.71       1.4036       0.7927
 7304.75       1.6806       0.8283
 7305.79       1.2087       0.7588
 7306.82       0.6121       0.6183
 7307.86       0.5004       0.4717
 7308.90       1.1646       0.3975
 7309.94       1.8143       0.3801
 7310.98       1.6095       0.3656
 7312.01       1.9212       0.4104
 7313.05       2.8488       0.6194
 7314.09       2.0709       0.9737
 7315.13       0.9869       1.4219
 7316.16       1.2773       1.7993
 7317.20       0.9921       1.9425
 7318.24       0.5959       1.7600
 7319.28       1.0614       1.3528
 7320.31       1.4001       0.8645
 7321.35       1.3169       0.4743
 7322.39       1.2040       0.2936
 7323.43       1.1393       0.2648
 7324.47       1.1209       0.2638
 7325.50       1.0373       0.3164
 7326.54       1.0571       0.4564
 7327.58       1.2507       0.6822
 7328.62       0.8901       0.8657
 7329.65       0.4912       0.9452
 7330.69       1.1061       0.9535
 7331.73       1.3967       0.8327
 7332.77       0.9874       0.6217
 7333.81       1.0547       0.4367
 7334.84       1.1901       0.3108
 7335.88       0.8953       0.2762
 7336.92       0.3572       0.3259
 7337.96       0.2956       0.6144
 7338.99       0.8454       1.1534
 7340.03       0.9121       1.6667
 7341.07       0.6931       1.9838
 7342.11       1.5933       2.1165
 7343.15       1.6899       1.8659
 7344.18       0.5567       1.3185
 7345.22      -0.1097       0.7809
 7346.26       0.0420       0.4546
 7347.30       0.5395       0.3205
 7348.33       1.2515       0.3170
 7349.37       1.5237       0.3232
 7350.41       1.0484       0.3225
 7351.45       0.8520       0.3227
 7352.48       1.1738       0.3240
 7353.52       1.2002       0.3185
 7354.56       1.0411       0.3295
 7355.60       0.8928       0.4049
 7356.64       0.6980       0.5416
 7357.67       0.9592       0.7369
 7358.71       1.6973       0.9163
 7359.75       1.7149       0.9460
 7360.79       1.3359       0.8316
 7361.82       1.6203       0.6934
 7362.86       1.4684       0.5184
 7363.90       0.8192       0.3658
 7364.94       0.9185       0.3212
 7365.98       1.1794       0.4335
 7367.01       1.0384       0.6975
 7368.05       0.8463       1.0736
 7369.09       1.2416       1.4084
 7370.13       2.1672       1.5445
 7371.16       2.0004       1.4496
 7372.20       1.1672       1.1593
 7373.24       1.3203       0.7776
 7374.28       1.3447       0.4806
 7375.32       0.8583       0.3275
 7376.35       0.8525       0.2768
 7377.39       0.9695       0.2739
 7378.43       0.8494       0.2630
 7379.47       0.8586       0.2577
 7380.50       1.0531       0.2545
 7381.54       1.3031       0.2588
 7382.58       1.1703       0.2537
 7383.62       0.8976       0.2435
 7384.65       1.1360       0.2463
 7385.69       1.3206       0.2528
 7386.73       1.1417       0.2600
 7387.77       1.0080       0.2624
 7388.81       1.0562       0.3058
 7389.84       1.2517       0.4129
 7390.88       1.2939       0.5336
 7391.92       1.0976       0.6302
 7392.96       0.8672       0.6770
 7393.99       0.6769       0.6500
 7395.03       0.5721       0.5509
 7396.07       0.5193       0.4128
 7397.11       0.5712       0.3033
 7398.15       0.6560       0.3090
 7399.18       0.7011       0.4497
 7400.22       0.5234       0.6978
 7401.26       0.2147       0.9434
 7402.30       0.5811       1.1126
 7403.33       1.2969       1.1155
 7404.37       1.4648       0.9517
 7405.41       1.3397       0.6820
 7406.45       1.2470       0.4308
 7407.49       1.2863       0.2882
 7408.52       1.1148       0.2453
 7409.56       0.7205       0.2274
 7410.60       0.9091       0.2468
 7411.64       1.3370       0.2667
 7412.67       1.3410       0.2750
 7413.71       1.1024       0.2763
 7414.75       0.9634       0.2758
 7415.79       1.0852       0.2732
 7416.82       1.0495       0.2663
 7417.86       0.8054       0.2564
 7418.90       0.9156       0.2503
 7419.94       1.0652       0.2502
 7420.98       0.9630       0.2519
 7422.01       0.9256       0.2502
 7423.05       0.9429       0.2430
 7424.09       0.8819       0.2375
 7425.13       0.9731       0.2371
 7426.16       0.9626       0.2576
 7427.20       0.4749       0.3001
 7428.24       0.5550       0.3689
 7429.28       1.2280       0.4412
 7430.32       0.9901       0.4783
 7431.35       0.5732       0.4669
 7432.39       0.8409       0.4253
 7433.43       1.0464       0.3528
 7434.47       1.1465       0.3097
 7435.50       1.3558       0.3409
 7436.54       1.2677       0.4548
 7437.58       0.9606       0.5962
 7438.62       0.8125       0.6887
 7439.66       0.9130       0.7080
 7440.69       1.1907       0.6573
 7441.73       1.4505       0.5344
 7442.77       1.4718       0.3924
 7443.81       1.2467       0.2853
 7444.84       0.9580       0.2407
 7445.88       0.8172       0.2343
 7446.92       0.8580       0.2324
 7447.96       1.0097       0.2352
 7448.99       1.1754       0.2383
 7450.03       1.3007       0.2416
 7451.07       1.2940       0.2406
 7452.11       1.1849       0.2357
 7453.15       0.9945       0.2326
 7454.18       0.7496       0.2292
 7455.22       0.5520       0.2251
 7456.26       0.9018       0.2363
 7457.30       1.5378       0.2565
 7458.33       1.8343       0.2676
 7459.37       1.5590       0.2757
 7460.41       1.0548       0.2906
 7461.45       0.8576       0.3075
 7462.49       0.9787       0.3277
 7463.52       1.1704       0.3556
 7464.56       1.5572       0.3986
 7465.60       1.4099       0.4265
 7466.64       0.6743       0.4202
 7467.67       0.7186       0.4208
 7468.71       1.6951       0.4517
 7469.75       2.2267       0.4849
 7470.79       1.8340       0.5266
 7471.83       0.9791       0.5774
 7472.86       0.7521       0.6302
 7473.90       1.1297       0.6414
 7474.94       1.3872       0.5963
 7475.98       1.4956       0.5382
 7477.01       1.1763       0.5020
 7478.05       0.6027       0.4963
 7479.09       0.5503       0.5366
 7480.13       1.1554       0.6132
 7481.16       1.7668       0.6967
 7482.20       1.7971       0.7408
 7483.24       1.3287       0.7226
 7484.28       1.2894       0.6658
 7485.32       1.4299       0.5828
 7486.35       1.1107       0.4833
 7487.39       0.7677       0.3852
 7488.43       0.5810       0.3057
 7489.47       0.4683       0.2627
 7490.50       0.7215       0.2639
 7491.54       1.1352       0.2884
 7492.58       1.3212       0.3200
 7493.62       1.3461       0.3434
 7494.66       1.3992       0.3514
 7495.69       1.5588       0.3448
 7496.73       1.4723       0.3179
 7497.77       0.9958       0.2771
 7498.81       0.6929       0.2461
 7499.84       0.8315       0.2385
 7500.88       1.2213       0.2489
 7501.92       1.2610       0.2537
 7502.96       0.9928       0.2447
 7504.00       1.2487       0.2460
 7505.03       1.4602       0.2456
 7506.07       1.0239       0.2320
 7507.11       0.8187       0.2247
 7508.15       0.9561       0.2254
 7509.18       0.9199       0.2229
 7510.22       0.8656       0.2202
 7511.26       0.8824       0.2202
 7512.30       0.9603       0.2244
 7513.33       0.8483       0.2268
 7514.37       0.7221       0.2355
 7515.41       1.2127       0.2674
 7516.45       1.3716       0.2985
 7517.49       0.7594       0.3133
 7518.52       0.6692       0.3121
 7519.56       1.1986       0.3350
 7520.60       1.5850       0.4168
 7521.64       1.3263       0.6211
 7522.67       0.7613       0.9194
 7523.71       0.9952       1.1717
 7524.75       1.4373       1.2756
 7525.79       1.4155       1.2014
 7526.83       1.2696       0.9818
 7527.86       1.2954       0.7324
 7528.90       1.4802       0.5549
 7529.94       1.3811       0.5055
 7530.98       0.9400       0.5174
 7532.01       0.5207       0.5044
 7533.05       0.3626       0.4544
 7534.09       0.5045       0.3752
 7535.13       0.7020       0.3018
 7536.17       0.9438       0.2604
 7537.20       1.1628       0.2530
 7538.24       0.8134       0.2618
 7539.28       0.6731       0.2845
 7540.32       1.2994       0.3185
 7541.35       1.6550       0.3307
 7542.39       1.4920       0.3142
 7543.43       1.4059       0.2920
 7544.47       1.3072       0.2683
 7545.50       1.1816       0.2496
 7546.54       1.1664       0.2434
 7547.58       1.1532       0.2418
 7548.62       1.0630       0.2369
 7549.66       0.8691       0.2333
 7550.69       0.7627       0.2356
 7551.73       0.9119       0.2477
 7552.77       0.9325       0.2486
 7553.81       0.8152       0.2536
 7554.84       0.8949       0.2862
 7555.88       0.9764       0.3442
 7556.92       1.0531       0.4043
 7557.96       1.0103       0.4345
 7559.00       0.9422       0.4269
 7560.03       0.9532       0.3945
 7561.07       0.9329       0.3393
 7562.11       0.9824       0.2844
 7563.15       1.2005       0.2513
 7564.18       1.3665       0.2485
 7565.22       1.2741       0.2617
 7566.26       0.9030       0.2772
 7567.30       0.8651       0.2963
 7568.33       1.3163       0.3637
 7569.37       1.6330       0.5042
 7570.41       1.4314       0.6944
 7571.45       0.9650       0.8570
 7572.49       1.2254       0.9624
 7573.52       1.9553       0.9543
 7574.56       2.1761       0.8208
 7575.60       1.6867       0.6064
 7576.64       1.0618       0.4048
 7577.67       0.8595       0.2900
 7578.71       1.0375       0.2550
 7579.75       1.3083       0.2385
 7580.79       1.3448       0.2321
 7581.83       1.2960       0.2318
 7582.86       1.4557       0.2615
 7583.90       1.7384       0.3308
 7584.94       1.7009       0.4136
 7585.98       1.0591       0.4659
 7587.01       0.4309       0.4776
 7588.05       0.3263       0.4703
 7589.09       0.5243       0.4795
 7590.13       0.6789       0.4172
 7591.17       0.6101       0.2854
 7592.20       0.7661       0.2387
 7593.24       1.2464       0.2914
 7594.28       1.4574       0.3773
 7595.32       1.2172       0.5054
 7596.35       0.5558       0.8839
 7597.39      -0.2653       1.5364
 7598.43      -0.9146       2.4773
 7599.47      -0.9634       3.3965
 7600.50       0.0039       3.7709
 7601.54       0.9762       3.6004
 7602.58       0.6690       3.2927
 7603.62       1.5557       3.0160
 7604.66       2.4619       2.9174
 7605.69       2.1572       2.9601
 7606.73       1.7606       3.0494
 7607.77       1.6859       2.9115
 7608.81       1.8599       2.5412
 7609.84       2.3128       2.0615
 7610.88       2.3186       1.6884
 7611.92       1.7279       1.3969
 7612.96       0.9898       1.1452
 7614.00       0.9249       0.9246
 7615.03       0.8538       0.8537
 7616.07       0.7142       0.8442
 7617.11       0.7779       0.7814
 7618.15       0.8944       0.7324
 7619.18       0.8947       0.7171
 7620.22       0.4488       0.6801
 7621.26       0.0759       0.6654
 7622.30       0.2943       0.7058
 7623.33       0.7954       0.7234
 7624.37       1.2549       0.7727
 7625.41       1.8255       0.9369
 7626.45       1.3323       1.1817
 7627.49       0.1864       1.4542
 7628.52      -0.1755       1.6510
 7629.56       0.6233       1.8268
 7630.60       1.6294       1.8670
 7631.64       1.1175       1.5220
 7632.67       0.5503       1.0742
 7633.71       1.2518       0.8368
 7634.75       1.3007       0.7072
 7635.79       0.6907       0.6303
 7636.83       0.2788       0.5948
 7637.86       0.2066       0.5854
 7638.90       0.5756       0.5780
 7639.94       1.1872       0.5875
 7640.98       1.4207       0.5903
 7642.01       1.1292       0.5724
 7643.05       1.0553       0.5478
 7644.09       1.1186       0.5210
 7645.13       0.9876       0.4930
 7646.17       0.7322       0.4608
 7647.20       0.4880       0.4271
 7648.24       0.3641       0.4049
 7649.28       0.6127       0.4039
 7650.32       1.0373       0.4293
 7651.35       0.6240       0.4563
 7652.39       0.7087       0.5088
 7653.43       1.5465       0.5645
 7654.47       0.8300       0.5413
 7655.50      -0.0818       0.4755
 7656.54       0.4809       0.4393
 7657.58       1.1671       0.3856
 7658.62       0.8964       0.3482
 7659.66      -0.0500       0.3780
 7660.69      -0.0203       0.5052
 7661.73       0.7680       0.6467
 7662.77       0.9970       0.6996
 7663.81       0.7968       0.6493
 7664.84       0.8222       0.5518
 7665.88       0.8174       0.4446
 7666.92       0.6927       0.3543
 7667.96       0.4758       0.2809
 7669.00       0.5560       0.2551
 7670.03       0.7911       0.2582
 7671.07       0.8545       0.2674
 7672.11       0.8090       0.2690
 7673.15       0.7459       0.2603
 7674.18       0.5598       0.2498
 7675.22       0.6085       0.2452
 7676.26       0.9456       0.2480
 7677.30       1.0629       0.2505
 7678.33       0.8848       0.2513
 7679.37       0.7535       0.2556
 7680.41       0.7198       0.2590
 7681.45       0.9609       0.2689
 7682.49       1.3467       0.2874
 7683.52       1.5557       0.3036
 7684.56       1.4352       0.3099
 7685.60       0.8582       0.2968
 7686.64       0.5339       0.2893
 7687.67       0.7934       0.3069
 7688.71       0.6407       0.3210
 7689.75       0.3031       0.3280
 7690.79       0.5680       0.3365
 7691.83       1.1429       0.3415
 7692.86       1.3266       0.3353
 7693.90       0.8584       0.3182
 7694.94       0.4929       0.2982
 7695.98       0.7386       0.2943
 7697.01       0.9192       0.3192
 7698.05       0.9867       0.3593
 7699.09       1.1344       0.3874
 7700.13       0.9668       0.4056
 7701.17       0.9080       0.4015
 7702.20       1.2196       0.3656
 7703.24       1.2321       0.3149
 7704.28       0.7682       0.2697
 7705.32       0.6161       0.2475
 7706.35       0.6244       0.2263
 7707.39       0.5808       0.2296
 7708.43       0.7697       0.2678
 7709.47       0.9258       0.4746
 7710.50       0.7076       0.8907
 7711.54       0.9432       1.3452
 7712.58       1.3469       1.7602
 7713.62       1.0462       2.1022
 7714.66       0.0544       2.3217
 7715.69      -0.9014       2.4245
 7716.73      -1.0284       2.3921
 7717.77      -0.5433       2.2422
 7718.81      -0.0314       1.9589
 7719.84       0.5560       1.5069
 7720.88       1.2645       1.0072
 7721.92       1.9232       0.6678
 7722.96       2.0460       0.5569
 7724.00       1.5264       0.6130
 7725.03       0.7225       0.7284
 7726.07      -0.0924       0.7806
 7727.11      -0.4183       0.7362
 7728.15       0.4787       0.6585
 7729.18       1.2861       0.5421
 7730.22       0.9993       0.4033
 7731.26       1.1807       0.3248
 7732.30       1.7721       0.3171
 7733.34       1.7552       0.3359
 7734.37       1.0994       0.3553
 7735.41       0.4727       0.3468
 7736.45       0.4352       0.3421
 7737.49       0.4960       0.3358
 7738.52       0.5399       0.3171
 7739.56       0.8817       0.2996
 7740.60       0.9949       0.2917
 7741.64       0.5691       0.2879
 7742.68       0.4400       0.2876
 7743.71       0.5686       0.2782
 7744.75       0.6136       0.2769
 7745.79       1.1703       0.2812
 7746.83       1.8261       0.4700
 7747.86       1.6362       0.9250
 7748.90       1.0063       1.6099
 7749.94       0.5981       2.2677
 7750.98       0.5032       2.6631
 7752.01       0.4824       2.6111
 7753.05       0.2002       2.1728
 7754.09       0.7915       1.4886
 7755.13       1.6419       0.8581
 7756.17       1.2071       0.4833
 7757.20       0.7113       0.4879
 7758.24       0.7179       0.6959
 7759.28       0.3909       0.9223
 7760.32       0.0766       1.0323
 7761.35       0.0404       1.0188
 7762.39      -0.0394       0.8773
 7763.43       0.0061       0.6539
 7764.47       0.4109       0.4230
 7765.51       0.7629       0.2837
 7766.54       0.8649       0.2368
 7767.58       1.0434       0.2355
 7768.62       0.9552       0.2461
 7769.66       0.5984       0.2636
 7770.69       0.4639       0.3124
 7771.73       0.6941       0.4001
 7772.77       0.9663       0.4962
 7773.81       0.7814       0.5476
 7774.85       0.5322       0.5320
 7775.88       0.9981       0.4839
 7776.92       0.9655       0.4184
 7777.96       0.4736       0.4206
 7779.00       0.8276       0.5435
 7780.03       0.9249       0.6948
 7781.07       0.3237       0.7549
 7782.11       0.5974       0.7351
 7783.15       1.4383       0.6344
 7784.18       1.8130       0.4947
 7785.22       1.5504       0.3715
 7786.26       0.9487       0.2998
 7787.30       0.6568       0.2845
 7788.34       0.3339       0.2862
 7789.37       0.2940       0.3282
 7790.41       1.6125       0.4370
 7791.45       2.3280       0.7308
 7792.49       1.2789       1.2039
 7793.52       0.0347       1.6706
 7794.56      -0.2070       1.9445
 7795.60       0.5763       1.9340
 7796.64       1.4301       1.6078
 7797.68       1.5886       1.1029
 7798.71       1.4458       0.6148
 7799.75       1.0950       0.3350
 7800.79       0.8168       0.2424
 7801.83       0.8616       0.2407
 7802.86       0.9278       0.2369
 7803.90       0.7273       0.2368
 7804.94       0.4160       0.2770
 7805.98       0.3908       0.4219
 7807.02       0.8533       0.6545
 7808.05       0.8659       0.8637
 7809.09       0.6372       0.9657
 7810.13       1.2816       0.9675
 7811.17       1.5462       0.8302
 7812.20       0.8673       0.6093
 7813.24       0.4389       0.4207
 7814.28       0.5379       0.3242
 7815.32       0.7796       0.3047
 7816.35       0.9921       0.2888
 7817.39       0.8903       0.3381
 7818.43       0.4537       0.5516
 7819.47       0.8212       1.0566
 7820.51       1.6371       1.7322
 7821.54       1.4694       2.2134
 7822.58       0.8782       2.3646
 7823.62       0.9499       2.1788
 7824.66       2.8139       1.6394
 7825.69       3.6176       0.9860
 7826.73       1.2497       0.4844
 7827.77      -0.0486       0.2850
 7828.81       0.5913       0.2678
 7829.85       0.6461       0.2629
 7830.88       0.5685       0.2616
 7831.92       0.5651       0.2576
 7832.96       0.6133       0.2533
 7834.00       0.5051       0.2473
 7835.03       0.2095       0.2452
 7836.07       0.1748       0.2351
 7837.11       0.3689       0.2451
 7838.15       0.4750       0.3096
 7839.19       1.0056       0.4818
 7840.22       1.5934       0.7152
 7841.26       1.4977       0.8754
 7842.30       1.0694       0.9217
 7843.34       0.6929       0.8497
 7844.37       0.2322       0.6729
 7845.41      -0.1081       0.4287
 7846.45       0.4319       0.3019
 7847.49       1.1846       0.4167
 7848.52       2.1776       0.5739
 7849.56       0.4766       0.7341
 7850.60      -0.9152       1.1756
 7851.64      -0.3708       1.9527
 7852.68       0.7448       2.5535
 7853.71       1.4396       2.2930
 7854.75       0.6906       2.4842
 7855.79       0.6444       2.2749
 7856.83       0.7163       1.6790
 7857.86       0.3797       1.1509
 7858.90       0.4197       0.9797
 7859.94       0.8266       1.0969
 7860.98       1.1906       1.1841
 7862.02       1.3970       1.1521
 7863.05       1.3824       0.9599
 7864.09       1.2463       0.7055
 7865.13       0.9182       0.5092
 7866.17       0.5474       0.4735
 7867.20       0.7457       0.5901
 7868.24       0.8265       0.8363
 7869.28       0.1849       1.1183
 7870.32       0.6111       1.3401
 7871.35       1.5262       1.3888
 7872.39       1.1330       1.2494
 7873.43       0.3062       0.9545
 7874.47       0.1438       0.6490
 7875.51       0.8783       0.4576
 7876.54       1.0612       0.4569
 7877.58       0.0010       0.5856
 7878.62      -0.8936       0.7428
 7879.66      -0.4959       0.8810
 7880.69       1.0538       1.0063
 7881.73       1.0316       0.9991
 7882.77      -0.1164       0.8643
 7883.81       0.5794       0.7241
 7884.85       1.3661       0.5740
 7885.88       1.0272       0.4858
 7886.92       0.2592       0.5433
 7887.96       0.4439       0.8066
 7889.00       1.6509       1.1673
 7890.03       1.5889       1.4403
 7891.07       0.7069       1.4836
 7892.11       1.0009       1.3284
 7893.15       1.2073       1.0042
 7894.19       0.8910       0.6563
 7895.22       0.6907       0.4166
 7896.26       0.8832       0.3280
 7897.30       1.2515       0.3026
 7898.34       1.2358       0.2973
 7899.37       0.8820       0.2736
 7900.41       0.5875       0.2556
 7901.45       0.5008       0.2622
 7902.49       0.6254       0.2812
 7903.52       0.7242       0.2872
 7904.56       0.8851       0.2830
 7905.60       1.0432       0.2788
 7906.64       0.9064       0.2868
 7907.68       0.7317       0.2753
 7908.71       0.7472       0.3083
 7909.75       0.6344       0.3912
 7910.79       0.7998       0.7787
 7911.83       1.5284       1.5163
 7912.86       1.0302       2.3132
 7913.90       0.1901       2.8549
 7914.94       1.2995       3.0097
 7915.98       1.6663       2.5744
 7917.02       0.4182       1.8112
 7918.05      -0.2680       1.1530
 7919.09       0.7032       0.9777
 7920.13       2.5684       1.1782
 7921.17       2.5819       1.4233
 7922.20       1.4723       1.4480
 7923.24       1.4799       1.3051
 7924.28       1.2872       0.9799
 7925.32       0.5990       0.6103
 7926.35       0.5767       0.3714
 7927.39       0.8245       0.3164
 7928.43       0.8470       0.4102
 7929.47       0.5731       0.6306
 7930.51       0.2671       0.8810
 7931.54       0.2831       1.0539
 7932.58       0.1096       1.0834
 7933.62       0.2426       0.9573
 7934.66       1.3452       0.7467
 7935.69       1.6859       0.5112
 7936.73       1.0314       0.3266
 7937.77       0.8268       0.2463
 7938.81       1.0744       0.2425
 7939.85       1.2690       0.2440
 7940.88       1.0503       0.2517
 7941.92       0.7954       0.2564
 7942.96       0.8799       0.2723
 7944.00       0.7263       0.2828
 7945.03       0.4340       0.3098
 7946.07       0.4465       0.3715
 7947.11       0.7518       0.4974
 7948.15       1.0593       0.6646
 7949.19       1.1081       0.7930
 7950.22       1.2157       0.8334
 7951.26       1.4404       0.7723
 7952.30       0.8561       0.6123
 7953.34       0.2715       0.4289
 7954.37       0.6433       0.2984
 7955.41       0.9624       0.2415
 7956.45       0.8400       0.2226
 7957.49       0.6770       0.2187
 7958.52       0.5097       0.2048
 7959.56       0.5959       0.2155
 7960.60       0.8357       0.2449
 7961.64       0.8103       0.4723
 7962.68       0.5626       0.9748
 7963.71       1.4621       1.6065
 7964.75       1.8406       2.0995
 7965.79       0.0879       2.2347
 7966.83       0.3030       2.0329
 7967.86       2.2199       1.5915
 7968.90       1.8241       1.0040
 7969.94       0.8958       0.5677
 7970.98       1.0238       0.3713
 7972.02       1.2493       0.3065
 7973.05       1.1083       0.2810
 7974.09       0.7482       0.2823
 7975.13       0.7201       0.3294
 7976.17       1.1874       0.4665
 7977.20       1.7641       0.6876
 7978.24       1.7930       0.9529
 7979.28       1.3576       1.1622
 7980.32       1.2560       1.2185
 7981.36       1.4415       1.1116
 7982.39       1.5076       0.8998
 7983.43       1.2393       0.6224
 7984.47       0.8555       0.3935
 7985.51       0.7126       0.2759
 7986.54       0.7798       0.2591
 7987.58       0.8890       0.2645
 7988.62       0.9276       0.2849
 7989.66       0.5723       0.3660
 7990.69       0.0588       0.7078
 7991.73       0.4462       1.3690
 7992.77       0.3211       2.0621
 7993.81      -0.6171       2.4304
 7994.85       0.3568       2.4721
 7995.88       2.2313       2.1075
 7996.92       2.7613       1.4455
 7997.96       1.4299       0.8052
 7999.00      -0.0059       0.4173
 8000.03       0.5646       0.2889
 8001.07       1.3571       0.3038
 8002.11       1.0224       0.2814
 8003.15       0.9869       0.2793
 8004.19       0.9909       0.2707
 8005.22       0.7240       0.2599
 8006.26       0.8247       0.2526
 8007.30       1.1592       0.2440
 8008.34       1.1933       0.2359
 8009.37       1.0797       0.2299
 8010.41       1.1237       0.2726
 8011.45       1.5170       0.3813
 8012.49       1.5440       0.5517
 8013.53       1.0334       0.7269
 8014.56       0.8986       0.8379
 8015.60       1.0002       0.8345
 8016.64       0.8784       0.7341
 8017.68       0.7655       0.5758
 8018.71       0.7778       0.4390
 8019.75       0.7698       0.3758
 8020.79       0.9938       0.3499
 8021.83       1.1864       0.3953
 8022.86       0.8074       0.5518
 8023.90       0.4774       0.9067
 8024.94       0.5872       1.3886
 8025.98       0.5836       1.7617
 8027.02       0.7020       1.8815
 8028.05       1.0584       1.7471
 8029.09       0.5348       1.3320
 8030.13      -0.2390       0.8464
 8031.17      -0.0131       0.5247
 8032.20       0.9920       0.3956
 8033.24       1.7263       0.3326
 8034.28       1.3603       0.2961
 8035.32       0.7523       0.2647
 8036.36       0.8064       0.2497
 8037.39       0.9771       0.2436
 8038.43       0.8757       0.2354
 8039.47       0.4791       0.2262
 8040.51       0.3474       0.2254
 8041.54       0.6048       0.2305
 8042.58       0.7551       0.2304
 8043.62       0.7307       0.2257
 8044.66       0.6666       0.2204
 8045.70       0.4928       0.2121
 8046.73       0.1741       0.2068
 8047.77      -0.0379       0.2276
 8048.81       0.7200       0.2899
 8049.85       1.6293       0.4042
 8050.88       1.4607       0.5342
 8051.92       0.8851       0.6249
 8052.96       0.5645       0.6435
 8054.00       0.5989       0.6062
 8055.04       0.6692       0.5026
 8056.07       0.5160       0.3716
 8057.11       0.4830       0.2715
 8058.15       0.3143       0.2492
 8059.19       0.1692       0.3300
 8060.22       0.7262       0.5496
 8061.26       1.2977       0.8266
 8062.30       0.8607       1.0168
 8063.34       1.2107       1.0837
 8064.37       2.0646       1.0012
 8065.41       1.2148       0.7672
 8066.45       0.1380       0.4978
 8067.49       0.2113       0.3070
 8068.53       0.4450       0.2294
 8069.56       0.7566       0.2239
 8070.60       1.1734       0.2215
 8071.64       1.1596       0.2229
 8072.68       0.9928       0.2234
 8073.71       1.2868       0.2366
 8074.75       1.3255       0.2498
 8075.79       0.9428       0.2582
 8076.83       0.7240       0.2662
 8077.87       0.7335       0.2689
 8078.90       0.8246       0.2636
 8079.94       0.9667       0.2539
 8080.98       0.9509       0.2420
 8082.02       0.6998       0.2320
 8083.05       0.6924       0.2441
 8084.09       0.9617       0.2741
 8085.13       1.0853       0.2962
 8086.17       1.1624       0.3036
 8087.21       1.1701       0.2930
 8088.24       1.0054       0.2634
 8089.28       0.8466       0.2346
 8090.32       0.8406       0.2321
 8091.36       1.1770       0.2680
 8092.39       1.3062       0.3281
 8093.43       0.7792       0.3774
 8094.47       0.6459       0.4087
 8095.51       0.9099       0.4055
 8096.54       0.7153       0.3628
 8097.58       0.4680       0.2934
 8098.62       0.7016       0.2542
 8099.66       0.3963       0.2729
 8100.70       0.4115       0.3727
 8101.73       1.2063       0.5073
 8102.77       0.9470       0.5997
 8103.81       0.0657       0.6046
 8104.85       0.3776       0.5543
 8105.88       0.7849       0.4524
 8106.92       0.6805       0.3429
 8107.96       0.7722       0.2720
 8109.00       0.9743       0.2459
 8110.04       1.0934       0.2348
 8111.07       1.0995       0.2362
 8112.11       0.9433       0.2304
 8113.15       0.7306       0.2185
 8114.19       0.6160       0.2167
 8115.22       0.6309       0.2216
 8116.26       0.7106       0.2178
 8117.30       0.7978       0.2138
 8118.34       0.9025       0.2134
 8119.38       1.1312       0.2041
 8120.41       1.0594       0.2170
 8121.45       0.6836       0.2602
 8122.49       0.7575       0.2899
 8123.53       0.9405       0.2765
 8124.56       0.5280       0.2592
 8125.60       0.3173       0.2602
 8126.64       0.5384       0.2761
 8127.68       0.4909       0.2832
 8128.71       0.7740       0.2884
 8129.75       1.3470       0.2973
 8130.79       1.3303       0.3036
 8131.83       1.0159       0.3104
 8132.87       0.8455       0.3245
 8133.90       0.7403       0.3424
 8134.94       0.8874       0.3527
 8135.98       0.9014       0.3664
 8137.02       0.4045       0.3813
 8138.05       0.0127       0.4105
 8139.09       0.7599       0.4623
 8140.13       1.0511       0.4908
 8141.17       0.2510       0.4680
 8142.21       0.0520       0.4036
 8143.24       0.8067       0.2931
 8144.28       1.3969       0.2958
 8145.32       1.3433       0.3466
 8146.36       0.9053       0.3811
 8147.39       0.8901       0.4157
 8148.43       0.8017       0.4211
 8149.47       0.6691       0.3915
 8150.51       1.0081       0.3458
 8151.54       1.3114       0.2967
 8152.58       1.1784       0.2571
 8153.62       0.9171       0.2425
 8154.66       0.7913       0.2449
 8155.70       0.8971       0.2457
 8156.73       1.0749       0.2453
 8157.77       1.1226       0.2420
 8158.81       0.8767       0.2348
 8159.85       0.7687       0.2345
 8160.88       0.9568       0.2498
 8161.92       1.2406       0.2776
 8162.96       1.3334       0.3007
 8164.00       1.0694       0.3028
 8165.04       0.7555       0.2902
 8166.07       0.8330       0.2749
 8167.11       1.2244       0.2636
 8168.15       1.2166       0.2558
 8169.19       0.9084       0.2510
 8170.22       1.0654       0.2533
 8171.26       1.2441       0.2522
 8172.30       1.0949       0.2417
 8173.34       0.8242       0.2257
 8174.38       0.6877       0.2175
 8175.41       0.8149       0.2259
 8176.45       0.7833       0.2413
 8177.49       0.7028       0.2588
 8178.53       0.9180       0.2763
 8179.56       1.1759       0.2929
 8180.60       1.3852       0.3020
 8181.64       1.5794       0.2919
 8182.68       1.9476       0.2826
 8183.71       2.3321       0.2851
 8184.75       2.0343       0.2755
 8185.79       1.6459       0.2749
 8186.83       1.7843       0.2981
 8187.87       1.6388       0.3133
 8188.90       1.1640       0.3139
 8189.94       0.8961       0.3157
 8190.98       1.0035       0.3118
 8192.02       1.1667       0.3058
 8193.05       0.7749       0.3022
 8194.09       0.5495       0.3171
 8195.13       1.0088       0.3450
 8196.17       1.2907       0.3613
 8197.21       1.0375       0.3505
 8198.24       0.5133       0.3196
 8199.28       0.4423       0.2881
 8200.32       0.5803       0.2596
 8201.36       0.7010       0.2432
 8202.39       0.9446       0.2345
 8203.43       1.1725       0.2262
 8204.47       0.9147       0.2203
 8205.51       0.5973       0.2182
 8206.54       0.8288       0.2235
 8207.58       1.2503       0.2332
 8208.62       1.3874       0.2380
 8209.66       1.1012       0.2349
 8210.70       0.8296       0.2375
 8211.73       0.7759       0.2401
 8212.77       0.7788       0.2299
 8213.81       0.8246       0.2203
 8214.85       0.7886       0.2197
 8215.88       0.6951       0.2219
 8216.92       0.7665       0.2276
 8217.96       0.9239       0.2326
 8219.00       0.8169       0.2291
 8220.04       0.6451       0.2248
 8221.07       0.7018       0.2293
 8222.11       0.8725       0.2333
 8223.15       1.0050       0.2379
 8224.19       1.2244       0.2537
 8225.22       1.0885       0.2664
 8226.26       0.7365       0.2767
 8227.30       0.5537       0.2938
 8228.34       0.6864       0.3220
 8229.38       0.6645       0.3412
 8230.41       0.5485       0.3397
 8231.45       0.5506       0.3173
 8232.49       0.7402       0.2840
 8233.53       1.1878       0.3620
 8234.56       0.9473       0.3469
 8235.60       0.5940       0.3119
 8236.64       0.7647       0.2897
 8237.68       1.3342       0.2961
 8238.71       1.0748       0.2927
 8239.75       0.5894       0.2952
 8240.79       0.7909       0.3220
 8241.83       0.9197       0.3452
 8242.87       0.7786       0.3554
 8243.90       1.0446       0.3570
 8244.94       0.9211       0.4000
 8245.98       0.6672       0.4149
 8247.02      -3.9378       0.2715
 8248.05       0.3715       0.2764
 8249.09       0.7748       0.2832
 8250.13       1.1543       0.2818
 8251.17       1.3236       0.2660
 8252.21       1.3473       0.2460
 8253.24       1.0264       0.2430
 8254.28       0.7107       0.2596
 8255.32       0.9525       0.2767
 8256.36       0.9291       0.2761
 8257.39       0.5978       0.2564
 8258.43       0.6451       0.2454
 8259.47       0.9468       0.2390
 8260.51       1.2685       0.2326
 8261.54       1.0885       0.2227
 8262.58       0.6256       0.2090
 8263.62       0.4695       0.1982
 8264.66       0.4299       0.1974
 8265.70       0.4525       0.2037
 8266.73       0.7166       0.2046
 8267.77       0.7515       0.2202
 8268.81       0.6330       0.2460
 8269.85       0.9824       0.2368
 8270.88       1.1687       0.2124
 8271.92       0.6041       0.2177
 8272.96       0.5984       0.2283
 8274.00       1.0685       0.2572
 8275.04       1.0766       0.3298
 8276.07       0.6229       0.4666
 8277.11       0.2587       0.7074
 8278.15       0.7821       0.9729
 8279.19       1.3740       1.3507
 8280.22       1.1828       1.7781
 8281.26       0.4137       1.9586
 8282.30       0.2162       1.8741
 8283.34       1.1121       1.7253
 8284.38       1.3259       1.4937
 8285.41       1.0893       1.3850
 8286.45       2.0216       1.5126
 8287.49       2.1824       1.9600
 8288.53       1.0756       2.4156
 8289.56       1.1378       2.4826
 8290.60       1.3455       2.0873
 8291.64       1.0681       1.5637
 8292.68       0.5028       1.0112
 8293.71       0.2564       0.6773
 8294.75       1.2762       0.8357
 8295.79       0.0323       1.0575
 8296.83       0.7987       2.0621
 8297.87       0.8359       2.7599
 8298.90       2.4566       3.1710
 8299.94       3.2311       3.1942
 8300.98      -0.2755       2.6874
 8302.02     -16.9522       1.6936
 8303.05     -42.2910       0.5867
 8304.09     -22.5093       0.6694
 8305.13       2.3950       0.7391
 8306.17       3.5780       0.5019
 8307.21      -0.6910       0.2953
 8308.24       0.6715       0.4141
 8309.28       0.1818       0.6697
 8310.32       0.0248       0.8080
 8311.36       0.4071       0.9070
 8312.39       0.6944       0.9031
 8313.43       0.9015       0.7733
 8314.47       1.1701       0.5618
 8315.51       0.9886       0.3728
 8316.54       0.5462       0.2793
 8317.58       0.3055       0.2712
 8318.62       0.4543       0.3014
 8319.66       0.8384       0.3060
 8320.70       1.1147       0.3010
 8321.73       1.1608       0.2821
 8322.77       1.0367       0.2579
 8323.81       0.6822       0.2337
 8324.85       0.5376       0.2177
 8325.88       0.7988       0.2112
 8326.92       0.8947       0.2137
 8327.96       0.7084       0.2162
 8329.00       0.6517       0.2138
 8330.04       0.6484       0.2116
 8331.07       0.6194       0.2122
 8332.11       0.4240       0.2091
 8333.15       0.4019       0.2068
 8334.19       0.6862       0.2131
 8335.22       1.0397       0.2309
 8336.26       1.0582       0.2545
 8337.30       0.6566       0.2864
 8338.34       0.0816       0.2872
 8339.38      -0.0602       0.3243
 8340.41       0.3257       0.3956
 8341.45       1.1327       1.0809
 8342.49       1.6097       2.5350
 8343.53       0.7066       3.9540
 8344.56      -0.0406       5.0271
 8345.60       0.5222       5.5700
 8346.64       0.3193       5.0657
 8347.68      -0.2031       3.6438
 8348.71       0.4204       2.0131
 8349.75       0.9078       1.0627
 8350.79       0.6704       1.0115
 8351.83       0.2764       1.3837
 8352.87      -0.0228       1.7768
 8353.90       0.0251       1.8576
 8354.94       0.7250       1.7205
 8355.98       0.9529       1.3134
 8357.02       0.0777       0.7578
 8358.05      -0.1180       0.3900
 8359.09       0.5596       0.2883
 8360.13       0.9593       0.2940
 8361.17       0.7893       0.3647
 8362.21       0.1737       0.4636
 8363.24      -0.4682       0.6167
 8364.28      -0.4025       0.7764
 8365.32       0.2065       0.8697
 8366.36       0.5842       0.8573
 8367.39       0.5409       0.7253
 8368.43       0.5638       0.5299
 8369.47       0.9724       0.3621
 8370.51       1.4335       0.2654
 8371.55       1.1983       0.2229
 8372.58       0.7213       0.2154
 8373.62       0.5174       0.2082
 8374.66       0.5718       0.2129
 8375.70       0.7737       0.2179
 8376.73       0.8851       0.2384
 8377.77       0.8678       0.2518
 8378.81       0.8172       0.3474
 8379.85       0.8332       0.5744
 8380.88       1.0640       0.9241
 8381.92       1.0332       1.2670
 8382.96      -0.1755       1.4187
 8384.00      -0.1287       1.3836
 8385.04       1.8161       1.2042
 8386.07       1.8012       0.8176
 8387.11       0.8105       0.4447
 8388.15       0.9137       0.2729
 8389.19       1.4626       0.2552
 8390.22       1.6732       0.2721
 8391.26       1.2911       0.2725
 8392.30       0.7782       0.2658
 8393.34       0.7345       0.2652
 8394.38       1.0604       0.2480
 8395.41       0.6479       0.3427
 8396.45      -0.3686       0.8398
 8397.49       0.3928       1.8723
 8398.53       1.6567       3.1133
 8399.56       1.4697       3.9248
 8400.60       1.1319       4.0753
 8401.64       1.0374       3.4624
 8402.68       0.8265       2.3226
 8403.72       0.4999       1.1891
 8404.75       0.2608       0.4623
 8405.79       0.4925       0.2052
 8406.83       0.9689       0.2242
 8407.87       1.1125       0.2112
 8408.90       0.8272       0.2218
 8409.94       0.3940       0.1998
 8410.98       0.2627       0.2077
 8412.02       0.2486       0.3050
 8413.05       0.3837       0.6213
 8414.09       1.1995       1.1212
 8415.13       1.0261       1.5332
 8416.17       0.1819       1.6606
 8417.21       1.3756       1.6065
 8418.24       2.0355       1.2749
 8419.28       0.3531       0.7469
 8420.32      -0.1235       0.3823
 8421.36       0.7129       0.2694
 8422.39       0.9484       0.2524
 8423.43       0.9272       0.2830
 8424.47       0.8195       0.2912
 8425.51       0.6582       0.3108
 8426.55       0.1007       0.4781
 8427.58      -0.6341       1.1214
 8428.62      -0.7204       2.3229
 8429.66      -0.1993       3.7079
 8430.70       0.3009       4.5850
 8431.73       0.2172       4.6475
 8432.77      -0.1210       3.8129
 8433.81       0.0999       2.4586
 8434.85       0.4787       1.2305
 8435.89       0.7477       0.5129
 8436.92       1.0675       0.2633
 8437.96       1.0429       0.2615
 8439.00       0.6687       0.2114
 8440.04       0.3945       0.2056
 8441.07       0.3557       0.1987
 8442.11       0.3650       0.1973
 8443.15       0.4843       0.2010
 8444.19       0.5673       0.2067
 8445.22       0.4481       0.2122
 8446.26       0.5499       0.2126
 8447.30       0.9222       0.2312
 8448.34       1.1613       0.2526
 8449.38       0.7151       0.3995
 8450.41      -0.0813       0.7267
 8451.45       0.0118       1.1229
 8452.49       0.6984       1.4294
 8453.53       0.9527       1.5186
 8454.56       0.7967       1.3572
 8455.60       0.4687       1.0082
 8456.64       0.2581       0.5878
 8457.68       0.2615       0.3146
 8458.72       0.3882       0.2307
 8459.75       0.4470       0.2201
 8460.79       0.6909       0.2282
 8461.83       1.0304       0.3961
 8462.87       0.4758       0.8946
 8463.90      -0.7525       1.7838
 8464.94      -1.6125       2.7309
 8465.98      -1.3275       3.3250
 8467.02      -0.4634       3.2691
 8468.06      -0.3704       2.6593
 8469.09      -0.2055       1.6997
 8470.13       0.5693       0.8032
 8471.17       0.8457       0.3318
 8472.21       0.6228       0.2421
 8473.24       0.6424       0.2290
 8474.28       0.7844       0.2717
 8475.32       0.8579       0.2742
 8476.36       0.7061       0.2735
 8477.39       0.2823       0.2499
 8478.43       0.0923       0.2202
 8479.47       0.6446       0.2110
 8480.51       1.1106       0.2091
 8481.55       0.9194       0.1982
 8482.58       0.8878       0.1930
 8483.62       0.9592       0.1939
 8484.66       0.8016       0.1961
 8485.70       0.7966       0.2020
 8486.73       0.7972       0.2026
 8487.77       0.3987       0.1960
 8488.81       0.5201       0.1884
 8489.85       1.3568       0.2465
 8490.89       1.8290       0.3910
 8491.92       1.6874       0.6336
 8492.96       1.3005       0.8958
 8494.00       0.5238       1.0605
 8495.04      -0.0678       1.0537
 8496.07      -0.0233       0.9063
 8497.11       0.8122       0.6637
 8498.15       1.5565       0.4322
 8499.19       1.3833       0.3029
 8500.23       0.5355       0.2458
 8501.26       0.1969       0.3187
 8502.30       1.2468       0.6263
 8503.34       2.4349       1.1375
 8504.38       2.3408       1.6451
 8505.41       1.2569       1.9518
 8506.45       0.2689       1.9063
 8507.49       0.3723       1.5670
 8508.53      -0.2233       1.0209
 8509.56      -1.3107       0.5117
 8510.60      -0.4106       0.2549
 8511.64       0.7500       0.2072
 8512.68       1.0768       0.1890
 8513.72       0.9192       0.1957
 8514.75       0.7788       0.1898
 8515.79       0.9259       0.1925
 8516.83       0.8507       0.1893
 8517.87       0.5972       0.1880
 8518.90       0.5451       0.1997
 8519.94       0.6247       0.2139
 8520.98       0.6687       0.2205
 8522.02       0.6176       0.2208
 8523.06       0.5109       0.2126
 8524.09       0.4358       0.1991
 8525.13       0.5552       0.1876
 8526.17       0.7064       0.1826
 8527.21       0.7446       0.1834
 8528.24       0.6895       0.1849
 8529.28       0.6101       0.1837
 8530.32       0.9151       0.1874
 8531.36       0.8945       0.1848
 8532.40       0.4544       0.1760
 8533.43       0.5317       0.1753
 8534.47       0.7761       0.1825
 8535.51       0.7434       0.2147
 8536.55       0.8225       0.3033
 8537.58       0.9401       0.4287
 8538.62       0.9060       0.5265
 8539.66       0.9313       0.5749
 8540.70       0.9756       0.5525
 8541.73       0.8839       0.4656
 8542.77       0.5660       0.3386
 8543.81       0.3718       0.2421
 8544.85       1.0338       0.2211
 8545.89       1.4025       0.3169
 8546.92       0.5922       0.5025
 8547.96       0.1930       0.7343
 8549.00       0.3651       0.9157
 8550.04       0.3971       0.9739
 8551.07       0.6358       0.8766
 8552.11       0.9370       0.6692
 8553.15       0.8905       0.4311
 8554.19       0.6827       0.2739
 8555.23       0.5857       0.2127
 8556.26       0.6249       0.1971
 8557.30       0.7373       0.1880
 8558.34       0.7422       0.1810
 8559.38       0.6321       0.1785
 8560.41       0.4716       0.1766
 8561.45       0.4339       0.1755
 8562.49       0.4478       0.1753
 8563.53       0.5136       0.1773
 8564.57       0.7121       0.1822
 8565.60       0.8934       0.1865
 8566.64       0.9878       0.1888
 8567.68       0.8652       0.1887
 8568.72       0.5856       0.1875
 8569.75       0.3453       0.1880
 8570.79       0.4545       0.1962
 8571.83       0.7324       0.2100
 8572.87       0.8931       0.2225
 8573.90       0.9196       0.2337
 8574.94       0.8364       0.2427
 8575.98       0.5987       0.2455
 8577.02       0.4728       0.2419
 8578.06       0.5871       0.2343
 8579.09       0.7663       0.2265
 8580.13       0.8499       0.2179
 8581.17       0.7843       0.2070
 8582.21       0.6073       0.1930
 8583.24       0.5568       0.1837
 8584.28       0.7189       0.1860
 8585.32       1.0166       0.2199
 8586.36       1.2642       0.2881
 8587.40       1.3170       0.3644
 8588.43       1.3435       0.4198
 8589.47       1.4533       0.4351
 8590.51       1.2310       0.4093
 8591.55       0.8841       0.3499
 8592.58       0.8255       0.2805
 8593.62       0.5704       0.2398
 8594.66       0.2298       0.2713
 8595.70       0.3533       0.3751
 8596.74       0.6624       0.4812
 8597.77       0.7392       0.5223
 8598.81       0.7702       0.5213
 8599.85       0.7632       0.4624
 8600.89       0.7250       0.3577
 8601.92       0.5583       0.2698
 8602.96       0.5208       0.2292
 8604.00       0.9414       0.2214
 8605.04       0.7885       0.2216
 8606.07       0.1667       0.2156
 8607.11       0.5920       0.2314
 8608.15       1.1847       0.2520
 8609.19       1.1201       0.2681
 8610.23       0.7965       0.2841
 8611.26       0.4570       0.3090
 8612.30       0.3174       0.3490
 8613.34       0.1750       0.3942
 8614.38       0.1725       0.4546
 8615.41       0.5637       0.5288
 8616.45       1.3396       0.6080
 8617.49       2.0527       0.6990
 8618.53       2.2375       0.7880
 8619.57       1.5929       0.8654
 8620.60       0.5685       0.9413
 8621.64       0.0901       1.0252
 8622.68       0.1321       1.1230
 8623.72       0.1336       1.2139
 8624.75       0.7244       1.2962
 8625.79       1.2636       1.3773
 8626.83       0.9083       1.4425
 8627.87      -0.1534       1.4592
 8628.91      -0.8328       1.4585
 8629.94       0.1337       1.5186
 8630.98       0.8315       1.5676
 8632.02      -0.0459       1.5269
 8633.06      -0.2185       1.4698
 8634.09       0.3453       1.4191
 8635.13       0.2491       1.3577
 8636.17       0.6618       1.2762
 8637.21       1.4047       1.1629
 8638.24       1.0896       1.0573
 8639.28       0.5827       0.9541
 8640.32       0.6398       0.8367
 8641.36       0.4193       0.7423
 8642.40       0.1629       0.6459
 8643.43       0.2948       0.5415
 8644.47       0.7844       0.4752
 8645.51       1.2909       0.4644
 8646.55       1.3857       0.5036
 8647.58       1.4998       0.6225
 8648.62       1.4835       0.8112
 8649.66       0.5811       0.9964
 8650.70      -0.0877       1.1333
 8651.74       0.3923       1.2321
 8652.77       1.2242       1.3123
 8653.81       1.9199       1.3718
 8654.85       2.1319       1.3857
 8655.89       1.1354       1.3742
 8656.92       0.1321       1.3819
 8657.96       0.7504       1.4187
 8659.00       1.7197       1.4531
 8660.04       1.7354       1.4469
 8661.08       0.8733       1.3964
 8662.11      -0.1399       1.3370
 8663.15      -0.3977       1.3061
 8664.19       0.3291       1.3052
 8665.23       0.9007       1.2961
 8666.26       0.2904       1.2489
 8667.30       0.0275       1.2018
 8668.34       0.4224       1.1582
 8669.38       0.3415       1.0990
 8670.42       0.0155       1.0542
 8671.45      -0.2101       1.0178
 8672.49      -0.5791       0.9529
 8673.53      -0.1694       0.8913
 8674.57       1.1475       0.8644
 8675.60       1.2843       0.8367
 8676.64       0.6302       0.7930
 8677.68       0.9236       0.7548
 8678.72       1.0573       0.6949
 8679.75       0.6939       0.6254
 8680.79       1.0011       0.6070
 8681.83       1.2804       0.6077
 8682.87       1.1404       0.5793
 8683.91       0.9315       0.5264
 8684.94       0.7149       0.4683
 8685.98       0.5601       0.4334
 8687.02       0.8730       0.4328
 8688.06       1.2289       0.4338
 8689.09       1.0073       0.4081
 8690.13       0.7935       0.3682
 8691.17       0.8159       0.3379
 8692.21       0.6039       0.3310
 8693.25       0.5524       0.3409
 8694.28       0.9522       0.3453
 8695.32       1.0581       0.3285
 8696.36       0.6859       0.3002
 8697.40       0.3391       0.2885
 8698.43       0.3957       0.3040
 8699.47       0.7657       0.3341
 8700.51       0.8435       0.3529
 8701.55       0.8071       0.3516
 8702.58       0.8884       0.3360
 8703.62       1.0364       0.3135
 8704.66       1.2264       0.3069
 8705.70       1.3151       0.3216
 8706.74       0.9168       0.3338
 8707.77       0.6172       0.3411
 8708.81       0.9111       0.3489
 8709.85       0.9448       0.3322
 8710.89       0.5036       0.2877
 8711.92       0.3604       0.2432
 8712.96       0.5558       0.2217
 8714.00       0.7735       0.2189
 8715.04       0.5918       0.2119
 8716.08       0.3276       0.2027
 8717.11       0.4333       0.2035
 8718.15       0.5804       0.2055
 8719.19       0.6507       0.2067
 8720.23       0.7315       0.2102
 8721.26       0.9599       0.2157
 8722.30       1.1580       0.2209
 8723.34       0.9696       0.2210
 8724.38       0.6384       0.2230
 8725.42       0.5512       0.2315
 8726.45       0.6854       0.2407
 8727.49       0.7515       0.2442
 8728.53       0.5098       0.2392
 8729.57       0.4087       0.2287
 8730.60       0.5484       0.2184
 8731.64       0.7841       0.2149
 8732.68       0.8383       0.2111
 8733.72       0.6158       0.2037
 8734.75       0.5645       0.2017
 8735.79       0.5007       0.2063
 8736.83       0.4629       0.2195
 8737.87       0.8560       0.2409
 8738.91       1.0707       0.2578
 8739.94       0.5538       0.2592
 8740.98       0.5988       0.2651
 8742.02       0.9313       0.2683
 8743.06       0.2274       0.2451
 8744.09      -0.1575       0.2292
 8745.13       0.4129       0.2354
 8746.17       0.7690       0.2348
 8747.21       0.8376       0.2322
 8748.25       0.8450       0.2369
 8749.28       0.6767       0.2425
 8750.32       0.6309       0.2483
 8751.36       0.8907       0.2556
 8752.40       1.0636       0.2556
 8753.43       0.9744       0.2483
 8754.47       0.8362       0.2438
 8755.51       0.8567       0.2803
 8756.55       0.9218       0.4804
 8757.58       0.0096       0.7912
 8758.62       0.1288       1.4098
 8759.66       2.0625       2.3006
 8760.70       2.2265       3.1342
 8761.74       1.2362       3.5406
 8762.77       1.9073       3.4228
 8763.81       0.9828       2.8903
 8764.85      -1.0025       2.5538
 8765.89      -0.0131       2.7510
 8766.92       1.9547       3.4886
 8767.96       2.2641       4.1524
 8769.00       1.5959       4.2751
 8770.04       0.8195       3.6000
 8771.08       0.7160       2.5136
 8772.11       0.1778       1.3888
 8773.15      -0.2258       0.7502
 8774.19       0.6737       0.7910
 8775.23       1.5788       1.4868
 8776.26       1.4154       2.5679
 8777.30       0.3271       3.8121
 8778.34       0.3255       4.6163
 8779.38       2.0793       4.6024
 8780.42       1.7277       3.8476
 8781.45       0.5695       2.6365
 8782.49       1.4459       1.3980
 8783.53       1.7182       0.6152
 8784.57       0.9702       0.2986
 8785.60       0.9934       0.2325
 8786.64       1.0055       0.2471
 8787.68       0.8846       0.3079
 8788.72       2.1943       0.5865
 8789.75       2.3245       1.0048
 8790.79       0.0279       1.3726
 8791.83      -0.2328       1.6032
 8792.87       1.0065       1.5784
 8793.91       1.1624       1.3151
 8794.94       0.0242       0.8671
 8795.98      -1.0398       0.4476
 8797.02      -0.2134       0.2583
 8798.06       0.7788       0.2413
 8799.09       0.6636       0.2275
 8800.13       0.5324       0.2095
 8801.17       0.6305       0.2281
 8802.21       0.4251       0.2453
 8803.25       0.2736       0.2427
 8804.28       0.2238       0.2379
 8805.32       0.3004       0.2366
 8806.36       0.5722       0.2463
 8807.40       0.7898       0.2804
 8808.43       0.5034       0.3334
 8809.47       0.2564       0.3914
 8810.51       0.4732       0.4308
 8811.55       0.7006       0.4385
 8812.58       0.6742       0.4039
 8813.62       0.5769       0.3434
 8814.66       0.4748       0.2850
 8815.70       0.4906       0.2423
 8816.74       0.7058       0.2048
 8817.77       0.7498       0.2404
 8818.81       0.5692       0.2389
 8819.85       0.9542       0.2694
 8820.89       1.1561       0.2511
 8821.92       0.8566       0.3493
 8822.96       1.3967       0.4691
 8824.00       1.8853       1.4281
 8825.04       1.1235       3.5631
 8826.08       0.0963       6.5486
 8827.11      -0.1441       9.1630
 8828.15       0.4038      10.1483
 8829.19       1.0802       8.9809
 8830.23       1.1227       6.4213
 8831.26       0.3511       3.5104
 8832.30       0.0239       1.6324
 8833.34       0.8683       1.1725
 8834.38       0.6085       1.8225
 8835.42      -0.2726       2.7315
 8836.45       0.0724       3.3938
 8837.49       0.7562       3.6007
 8838.53       0.8780       3.2397
 8839.57       0.2366       2.3911
 8840.60       0.0494       1.3939
 8841.64       0.7678       0.6250
 8842.68       0.8411       0.3105
 8843.72       0.5898       0.3042
 8844.75       0.7857       0.3236
 8845.79       0.4063       0.3607
 8846.83       0.0385       0.4688
 8847.87       0.6972       0.7286
 8848.91       0.9309       1.0310
 8849.94       0.1509       1.2431
 8850.98      -0.6091       1.3094
 8852.02      -0.5773       1.1859
 8853.06       0.1209       0.9271
 8854.09       0.4557       0.6108
 8855.13       0.3847       0.3756
 8856.17       0.4444       0.2783
 8857.21       0.3228       0.2650
 8858.25       0.1998       0.2609
 8859.28       0.3898       0.2789
 8860.32       0.3792       0.3137
 8861.36       0.0154       0.3616
 8862.40      -0.3920       0.3959
 8863.43      -0.1840       0.4317
 8864.47       0.6791       0.6220
 8865.51       1.8185       1.1501
 8866.55       1.7956       1.8961
 8867.58       0.3205       2.4615
 8868.62       0.3609       2.7379
 8869.66       1.6427       2.5691
 8870.70       0.9329       1.9360
 8871.74      -0.2015       1.1365
 8872.77      -0.2213       0.5293
 8873.81       0.3313       0.2893
 8874.85       0.8048       0.2886
 8875.89       0.6508       0.2670
 8876.92       0.1997       0.2676
 8877.96      -0.2309       0.2582
 8879.00      -0.4150       0.2804
 8880.04      -0.4664       0.2493
 8881.08      -0.2344       0.2915
 8882.11       0.3224       0.4385
 8883.15       0.3567       1.4233
 8884.19      -0.4426       3.5366
 8885.23      -1.2482       6.0220
 8886.26      -0.9346       7.8679
 8887.30       0.7068       8.2849
 8888.34       1.9940       7.0297
 8889.38       2.0052       4.6912
 8890.42       1.2900       2.2720
 8891.45       0.4133       0.8545
 8892.49      -0.1632       0.4266
 8893.53      -0.5197       0.3629
 8894.57      -0.3856       0.3920
 8895.60      -0.0026       0.4095
 8896.64       0.1808       0.4484
 8897.68       0.1756       0.4328
 8898.72       0.2642       0.4496
 8899.75      -0.6950       0.5420
 8900.79      -1.3085       1.1446
 8901.83       0.4382       2.3564
 8902.87       1.2569       3.5262
 8903.91      -0.2573       4.0496
 8904.94      -1.6107       4.0029
 8905.98      -1.3524       3.2578
 8907.02      -0.0186       2.1032
 8908.06      -0.3106       1.1220
 8909.09      -1.2589       0.6449
 8910.13      -0.5847       0.5335
 8911.17       0.0099       0.5718
 8912.21      -0.0041       0.5076
 8913.25       0.1379       0.5247
 8914.28       0.0018       0.3762
 8915.32      -0.4659       0.5028
 8916.36      -0.1568       1.0382
 8917.40       0.1734       3.4931
 8918.43       0.2367       7.4040
 8919.47      -0.0959      11.2993
 8920.51      -0.0861      10.3124
