 
TRANSIENT_NAME:     DES15X2lxw 
SNID:               1334620    
OBS_DATE:           2015-11-15
MJD:                57341. 
PHASE:              +5.    
MJD_MAX:            57334.6
TYPE:               1  
SPEC_EVAL:          SNIa
REDSHIFT:           0.1970  
REDSHIFT_ERR:       0.0005  
REDSHIFT_SOURCE:    Z_GAL
TELESCOPE:          AAT
INSTRUMENT:         AAOmega-2dF
 
======================================
 
# WAVE  FLUX  FLUX_ERR
 3757.75       2.6835      17.3564
 3758.79       5.6792      17.8141
 3759.83       2.1650      16.0231
 3760.87      -1.6678      15.1154
 3761.90      -0.4910      15.1586
 3762.94      -7.8978      13.5081
 3763.98      -9.0340      12.8915
 3765.02       1.9509      15.8108
 3766.06       2.7075      15.3636
 3767.09      -0.5845      14.4176
 3768.13       2.5952      15.3873
 3769.17       2.1952      14.9382
 3770.21      -3.0117      13.4814
 3771.24      -1.4752      14.5420
 3772.28       2.8636      15.7739
 3773.32       1.5990      14.7713
 3774.36       3.5962      15.3579
 3775.40       9.2178      17.4535
 3776.43       7.6955      16.4043
 3777.47       4.5778      15.5802
 3778.51       1.3715      13.9254
 3779.55       2.0666      13.9827
 3780.58      -2.0199      13.2942
 3781.62      -2.4807      13.1356
 3782.66      -1.7922      13.1013
 3783.70      -1.3797      12.9002
 3784.73       0.8286      13.9503
 3785.77       3.5257      14.4670
 3786.81       5.3609      14.3614
 3787.85      -0.4286      12.1392
 3788.89       0.4702      12.6534
 3789.92       2.8552      13.3470
 3790.96      -5.7681      11.8715
 3792.00      -3.4423      12.3855
 3793.04      -1.1119      12.2891
 3794.07       4.0401      13.3027
 3795.11       0.4140      12.0882
 3796.15      -0.1683      11.7352
 3797.19       4.1382      12.4337
 3798.23       2.6409      11.7363
 3799.26       3.8259      11.8970
 3800.30       1.0110      11.2766
 3801.34      -0.5624      11.0950
 3802.38       1.2835      11.5108
 3803.41       1.3784      11.4919
 3804.45       1.6604      11.0481
 3805.49      -0.5250       9.8700
 3806.53      -0.4417       9.6218
 3807.57      -2.2053      10.1474
 3808.60      -0.1375      10.6098
 3809.64       0.5366       9.8934
 3810.68       2.7514      10.1532
 3811.72       2.2574      10.0836
 3812.75       3.4022      10.6428
 3813.79      -0.3304       9.8539
 3814.83      -2.2183       9.2393
 3815.87      -0.9007       9.3678
 3816.90       4.1904      10.3050
 3817.94       1.4674       9.1186
 3818.98       2.2840       8.8650
 3820.02       0.6511       8.5385
 3821.06       0.5165       8.3626
 3822.09       0.8929       8.4678
 3823.13      -2.0064       8.0024
 3824.17      -2.5574       7.2945
 3825.21       0.6818       7.3017
 3826.24      -0.4046       7.1807
 3827.28      -2.0540       7.3190
 3828.32       5.6086       9.1498
 3829.36       7.6161       9.6740
 3830.40       4.5597       9.0375
 3831.43       0.6037       8.0500
 3832.47       0.7578       7.7972
 3833.51      -0.6762       7.3520
 3834.55      -1.2545       7.0246
 3835.58      -1.1066       6.5049
 3836.62      -1.0480       6.1199
 3837.66       2.2457       6.9365
 3838.70       2.5591       7.0118
 3839.74       2.6262       6.7853
 3840.77      -0.6740       6.0346
 3841.81      -3.3357       5.4989
 3842.85      -5.4542       5.0102
 3843.89      -3.7238       5.3221
 3844.92       0.3782       6.1076
 3845.96      -1.5021       5.7732
 3847.00       1.5800       6.0307
 3848.04       2.2537       6.2248
 3849.07       3.2125       6.4148
 3850.11       1.0434       6.4853
 3851.15       3.1268       6.9212
 3852.19      -0.4782       5.5648
 3853.23      -2.6096       4.8399
 3854.26       2.2151       5.9792
 3855.30       0.2166       5.3162
 3856.34       1.4325       5.4447
 3857.38       0.3467       5.3759
 3858.41      -0.3344       5.2908
 3859.45      -0.1434       5.1990
 3860.49       2.2571       5.4249
 3861.53       3.5798       5.7633
 3862.57       1.5258       5.7302
 3863.60      -1.2209       4.9233
 3864.64       0.2475       5.0940
 3865.68      -0.0912       5.3756
 3866.72      -2.1348       4.8414
 3867.75       1.4839       5.2806
 3868.79       0.7496       5.1680
 3869.83       4.1433       5.5775
 3870.87       3.1067       5.4954
 3871.91       0.6432       4.9684
 3872.94      -1.6133       4.3791
 3873.98       0.4255       4.6636
 3875.02      -0.8458       4.8271
 3876.06      -0.1298       4.9937
 3877.09       1.2169       4.9423
 3878.13      -0.6765       4.5588
 3879.17       2.7190       5.0273
 3880.21       2.7803       4.8036
 3881.24       0.8990       4.3388
 3882.28       1.4754       4.6277
 3883.32      -1.1422       3.9418
 3884.36       0.4049       4.1223
 3885.40       1.3676       4.3134
 3886.43      -1.1105       3.8824
 3887.47       0.3307       4.0524
 3888.51       3.5624       4.3695
 3889.55       1.2752       4.1791
 3890.58       0.2527       3.9688
 3891.62       1.5978       4.1186
 3892.66      -2.4957       3.5018
 3893.70      -1.6943       3.4125
 3894.74      -0.0895       3.5221
 3895.77      -1.8621       3.4755
 3896.81      -0.2559       3.7946
 3897.85       3.3630       4.1608
 3898.89       1.6166       4.1200
 3899.92      -0.3689       4.0515
 3900.96      -0.3491       3.6513
 3902.00      -1.4999       3.5111
 3903.04      -2.5912       3.4636
 3904.07      -0.3252       3.6839
 3905.11       1.4272       4.0368
 3906.15      -0.4223       3.9551
 3907.19       0.6206       4.0153
 3908.23       0.9690       3.8026
 3909.26      -1.5351       3.6213
 3910.30       0.0898       3.9885
 3911.34       0.6266       3.6213
 3912.38       0.3138       3.4769
 3913.41       0.8289       3.5562
 3914.45       0.0863       3.4588
 3915.49       0.5392       3.5649
 3916.53      -1.3362       2.9754
 3917.57       0.1868       3.0461
 3918.60       0.1454       3.1866
 3919.64      -1.4415       2.9455
 3920.68      -0.7975       2.8769
 3921.72       1.9457       3.1572
 3922.75       2.2748       2.9850
 3923.79       0.9837       2.7029
 3924.83       0.8817       2.6668
 3925.87       0.3761       2.5970
 3926.91      -0.2131       2.6434
 3927.94       0.5039       2.6350
 3928.98      -0.1858       2.4766
 3930.02      -1.8240       2.2152
 3931.06       1.2812       2.2538
 3932.09       2.9082       2.3498
 3933.13       1.0321       2.0970
 3934.17      -0.3099       1.9341
 3935.21      -1.1094       1.7484
 3936.24      -0.2663       1.9114
 3937.28      -0.3758       2.1253
 3938.32      -0.3722       2.1259
 3939.36       1.0320       2.3869
 3940.40       2.4872       2.4912
 3941.43       1.8296       2.3468
 3942.47       0.0300       2.1455
 3943.51      -1.1630       1.9326
 3944.55      -1.0304       1.9151
 3945.58      -0.9445       1.9541
 3946.62       0.0619       2.1353
 3947.66      -0.2380       2.1013
 3948.70      -0.4774       2.0074
 3949.74       1.7325       2.2564
 3950.77       2.5000       2.3567
 3951.81       0.4140       2.1565
 3952.85      -0.6253       1.9508
 3953.89      -0.8089       1.8656
 3954.92       1.7200       2.1805
 3955.96       0.7246       2.1163
 3957.00       0.0074       2.0582
 3958.04       1.3106       2.2145
 3959.08       1.7603       2.3087
 3960.11       0.7559       2.0751
 3961.15       1.8416       1.9323
 3962.19       1.5589       1.9575
 3963.23       0.8921       1.8157
 3964.26       0.3861       1.8178
 3965.30      -0.3423       1.8062
 3966.34       0.9849       1.8556
 3967.38       2.5643       1.9069
 3968.41       0.0646       1.6811
 3969.45      -0.8171       1.6402
 3970.49       1.3095       1.8082
 3971.53       1.2826       1.9124
 3972.57      -1.5733       1.6646
 3973.60       0.8749       1.9153
 3974.64       3.7511       2.2620
 3975.68       2.0619       2.0655
 3976.72       0.5888       1.9197
 3977.75       0.8525       1.9738
 3978.79      -0.8295       1.8737
 3979.83      -1.2487       1.8135
 3980.87       0.7777       2.0127
 3981.91       0.7164       2.0716
 3982.94       0.3850       1.9874
 3983.98       0.3987       1.9280
 3985.02       1.1463       2.0204
 3986.06       2.6295       2.1801
 3987.09       0.8788       2.0001
 3988.13      -1.0957       1.8504
 3989.17       0.3487       2.0185
 3990.21       0.4483       2.0770
 3991.25       0.2326       2.0666
 3992.28       0.9853       2.0958
 3993.32       1.1965       2.1356
 3994.36       1.3255       2.0635
 3995.40       0.6968       2.1511
 3996.43       0.4652       2.1883
 3997.47       0.0718       2.0905
 3998.51      -2.3273       1.8824
 3999.55      -0.9968       2.0901
 4000.58      -0.5513       2.1707
 4001.62       0.8245       2.2577
 4002.66       1.7818       2.3438
 4003.70       1.4762       2.3161
 4004.74       2.7527       2.4767
 4005.77       2.2072       2.5386
 4006.81       1.6674       2.5651
 4007.85       0.8800       2.6149
 4008.89       0.6073       2.5292
 4009.92       2.3446       2.7093
 4010.96       2.2766       2.7648
 4012.00      -0.7936       2.4061
 4013.04       0.8006       2.5199
 4014.08       2.8031       2.7810
 4015.11       0.6276       2.5224
 4016.15      -2.5331       2.1874
 4017.19      -0.6795       2.2518
 4018.23       1.2866       2.4709
 4019.26       0.5215       2.3411
 4020.30       0.5975       2.5493
 4021.34       0.2925       2.4488
 4022.38       0.0049       2.3121
 4023.42       0.5297       2.2029
 4024.45       1.5442       2.2790
 4025.49      -1.0576       1.9928
 4026.53      -0.2339       2.0255
 4027.57       1.6726       2.4139
 4028.60       1.8954       2.4656
 4029.64       0.8978       2.1974
 4030.68      -0.6366       2.0009
 4031.72      -1.4057       1.9516
 4032.75      -0.0611       2.0647
 4033.79      -1.1435       1.9375
 4034.83       0.0841       2.0357
 4035.87       2.0143       2.3025
 4036.91       0.8853       2.2340
 4037.94       3.4701       2.5620
 4038.98       1.6187       2.3373
 4040.02       0.2621       2.1468
 4041.06      -0.2830       2.1487
 4042.09      -2.0946       2.0940
 4043.13       1.0006       2.4088
 4044.17       3.7188       2.6159
 4045.21       2.5951       2.3523
 4046.25       0.8648       2.2027
 4047.28       1.8643       3.0513
 4056.62       4.3479       3.2966
 4057.66       0.9075       1.9349
 4058.70      -0.1727       1.8977
 4059.74       1.5561       2.1007
 4060.77       0.4996       1.9093
 4061.81       0.6515       2.0371
 4062.85       3.3117       2.2948
 4063.89       0.1698       1.9106
 4064.92      -0.1783       1.9733
 4065.96      -1.1906       1.8359
 4067.00       0.8579       1.9942
 4068.04       0.4341       1.9850
 4069.08       1.0855       2.0132
 4070.11      -1.9707       1.7828
 4071.15      -2.2982       1.6188
 4072.19       0.3584       1.8197
 4073.23       1.6464       1.9087
 4074.26       0.3414       1.8113
 4075.30       1.0765       1.9121
 4076.34       0.2046       1.8483
 4077.38      -0.1915       1.8496
 4078.42       1.5801       1.8671
 4079.45       1.2408       1.8881
 4080.49       1.2962       1.9761
 4081.53       0.2189       1.8669
 4082.57       0.9897       1.8486
 4083.60       0.4633       1.7707
 4084.64      -0.3292       1.7415
 4085.68       1.5123       1.9389
 4086.72       1.2350       1.8351
 4087.75      -0.4122       1.6843
 4088.79      -0.0086       1.7555
 4089.83       0.9564       1.8480
 4090.87       1.3848       1.8902
 4091.91       0.3109       1.8438
 4092.94      -1.6643       1.6073
 4093.98      -0.3529       1.8023
 4095.02      -0.9869       1.6403
 4096.06       0.5597       1.6195
 4097.09       0.9343       1.7388
 4098.13       0.2198       1.6648
 4099.17       1.9248       1.7706
 4100.21      -0.8950       1.4466
 4101.25      -1.0160       1.3768
 4102.28       0.7847       1.5219
 4103.32       0.5511       1.4762
 4104.36      -0.3871       1.4396
 4105.40       1.2148       1.5589
 4106.43       1.6155       1.6217
 4107.47       1.5095       1.6292
 4108.51      -0.7776       1.4881
 4109.55       0.6323       1.5692
 4110.58       1.5931       1.5849
 4111.62       0.8299       1.5351
 4112.66       0.6018       1.5172
 4113.70       0.0682       1.4504
 4114.74      -0.6317       1.3866
 4115.77       1.4186       1.5266
 4116.81       3.0770       1.6387
 4117.85       2.4280       1.5136
 4118.89       0.1589       1.3195
 4119.92       0.8805       1.4160
 4120.96       0.8615       1.4737
 4122.00      -1.1675       1.3580
 4123.04      -1.6343       1.3354
 4124.08       1.1404       1.5523
 4125.11       1.4772       1.5567
 4126.15       0.6135       1.4301
 4127.19       1.5627       1.5574
 4128.23       1.5623       1.5526
 4129.26       1.0554       1.4951
 4130.30       1.9311       1.5559
 4131.34       2.2206       1.6012
 4132.38       1.9426       1.5370
 4133.42       1.0173       1.4607
 4134.45       0.0962       1.4236
 4135.49      -0.5070       1.4798
 4136.53      -1.7508       1.3711
 4137.57       0.3881       1.4867
 4138.60       1.0981       1.5987
 4139.64       0.9363       1.5237
 4140.68       1.2639       1.4654
 4141.72       0.9694       1.3688
 4142.75       0.2661       1.3383
 4143.79      -0.7468       1.2213
 4144.83      -0.0375       1.3383
 4145.87       0.3221       1.4395
 4146.91      -0.0030       1.3847
 4147.94       0.5196       1.4155
 4148.98       1.8058       1.4660
 4150.02       1.6893       1.4381
 4151.06       2.9802       1.5330
 4152.09       1.3000       1.3681
 4153.13      -0.5736       1.2809
 4154.17      -0.4113       1.4070
 4155.21       0.2734       1.4272
 4156.25      -1.1964       1.3573
 4157.28      -0.0116       1.4382
 4158.32       1.0218       1.4635
 4159.36      -0.1921       1.3612
 4160.40      -0.0995       1.3829
 4161.43      -0.0093       1.4526
 4162.47      -0.9071       1.3747
 4163.51       0.6269       1.5315
 4164.55       0.8823       1.5955
 4165.59       0.4669       1.5197
 4166.62       0.4429       1.4558
 4167.66      -0.6428       1.4161
 4168.70       1.0618       1.5077
 4169.74       0.9035       1.4567
 4170.77       1.0974       1.4650
 4171.81       1.2559       1.4554
 4172.85       0.8477       1.3899
 4173.89       0.7627       1.3468
 4174.92       0.0754       1.2598
 4175.96      -0.4153       1.2331
 4177.00       0.8966       1.3529
 4178.04      -0.6895       1.2347
 4179.08      -1.3549       1.2065
 4180.11      -0.1899       1.2523
 4181.15       0.7944       1.2431
 4182.19       0.8713       1.2683
 4183.23       0.0387       1.1688
 4184.26       0.5092       1.3130
 4185.30       1.1600       1.3894
 4186.34       0.2744       1.1782
 4187.38       1.0210       1.1637
 4188.42       0.7898       1.1748
 4189.45       0.0314       1.1554
 4190.49      -0.7338       1.0847
 4191.53      -1.2393       1.0686
 4192.57       0.1217       1.1551
 4193.60      -0.5206       1.0832
 4194.64      -0.3624       1.0586
 4195.68       0.5066       1.1246
 4196.72      -0.1627       1.0541
 4197.76      -0.1054       1.0388
 4198.79       0.8176       1.1251
 4199.83      -0.4523       1.0530
 4200.87       0.2385       1.0704
 4201.91       2.1711       1.1972
 4202.94       3.0741       1.2289
 4203.98       0.5771       1.0679
 4205.02       0.5291       1.1008
 4206.06       1.1159       1.1595
 4207.09       0.1947       1.1019
 4208.13      -1.4016       1.0458
 4209.17       0.2629       1.1139
 4210.21       1.5988       1.1541
 4211.25       1.5802       1.1259
 4212.28       0.8534       1.1160
 4213.32       1.8483       1.1657
 4214.36       0.9191       1.0706
 4215.40      -0.7609       0.9797
 4216.43      -0.6739       1.0135
 4217.47      -0.0606       1.0252
 4218.51       0.4030       1.0552
 4219.55       1.2210       1.0715
 4220.59       0.7855       1.0623
 4221.62       0.9500       1.0775
 4222.66       0.5787       1.0325
 4223.70       0.4470       1.0077
 4224.74       0.6815       1.0234
 4225.77       0.8599       0.9636
 4226.81       0.1324       0.9152
 4227.85      -0.0960       0.9269
 4228.89       0.1383       0.9535
 4229.93      -0.0362       0.9859
 4230.96       0.8252       1.0309
 4232.00       0.0033       0.9505
 4233.04       0.5541       0.9707
 4234.08       1.2269       1.0221
 4235.11       0.3906       0.9749
 4236.15       1.2861       1.0193
 4237.19       0.5440       0.9787
 4238.23      -0.6333       0.8784
 4239.26       0.8830       0.9730
 4240.30       1.4515       1.0106
 4241.34       0.2567       0.9185
 4242.38      -0.2178       0.9181
 4243.42       0.7903       0.9801
 4244.45       1.9501       1.0569
 4245.49       1.3783       1.0370
 4246.53       1.2112       1.0390
 4247.57       1.5294       1.0618
 4248.60       1.1234       1.0115
 4249.64      -0.2938       0.9208
 4250.68      -0.6415       0.9158
 4251.72       1.0237       1.0062
 4252.76       1.4407       1.0259
 4253.79       2.4778       1.0430
 4254.83       1.0165       0.9596
 4255.87       0.7064       0.9644
 4256.91       0.6167       0.9863
 4257.94       0.2684       0.9434
 4258.98       0.0160       0.8997
 4260.02       0.2564       0.8885
 4261.06       1.5306       0.9425
 4262.10       1.0086       0.9192
 4263.13       0.4572       0.8903
 4264.17       0.5043       0.9048
 4265.21       0.4515       0.9702
 4266.25       1.3894       1.0147
 4267.28       0.7062       0.9538
 4268.32       0.7141       0.9154
 4269.36       0.3516       0.8821
 4270.40       0.3602       0.8459
 4271.43       0.9559       0.8936
 4272.47       1.4829       0.9321
 4273.51       1.4053       0.9106
 4274.55       0.8541       0.8886
 4275.59       0.5000       0.8799
 4276.62       0.4428       0.9079
 4277.66       0.0273       0.8928
 4278.70       0.0516       0.8562
 4279.74       0.8880       0.9213
 4280.77       0.2069       0.8410
 4281.81      -0.2175       0.8039
 4282.85       0.8613       0.8798
 4283.89       0.9022       0.8823
 4284.93      -0.0128       0.8052
 4285.96      -0.2769       0.7753
 4287.00       0.2244       0.7842
 4288.04       0.3175       0.7697
 4289.08       0.4233       0.7585
 4290.11       0.4420       0.7662
 4291.15      -0.2924       0.7546
 4292.19       0.3555       0.8036
 4293.23      -0.3740       0.7629
 4294.27      -0.4258       0.7491
 4295.30       0.6133       0.7661
 4296.34       1.3939       0.8008
 4297.38       1.3981       0.7963
 4298.42       2.0417       0.8109
 4299.45       1.6335       0.7648
 4300.49       0.2174       0.6891
 4301.53      -0.6674       0.6414
 4302.57      -0.1746       0.6749
 4303.60       0.4035       0.7042
 4304.64      -0.0542       0.6638
 4305.68       0.7309       0.6928
 4306.72       1.4184       0.7361
 4307.76       1.0374       0.7093
 4308.79       0.0982       0.6719
 4309.83      -0.7964       0.6262
 4310.87      -0.2551       0.6459
 4311.91       0.7497       0.7088
 4312.94       1.0772       0.7385
 4313.98       0.2878       0.7313
 4315.02      -0.1211       0.7182
 4316.06       1.2027       0.7992
 4317.10       1.9685       0.8611
 4318.13       1.0837       0.8200
 4319.17       0.9697       0.8289
 4320.21       0.0420       0.7521
 4321.25      -1.1712       0.6744
 4322.28       0.0320       0.7150
 4323.32       0.5418       0.6882
 4324.36       0.7830       0.6899
 4325.40       1.1140       0.7034
 4326.44       0.5336       0.7004
 4327.47       0.9618       0.7391
 4328.51       0.7812       0.7739
 4329.55       0.9614       0.7932
 4330.59       1.3363       0.8271
 4331.62       0.8757       0.7855
 4332.66       0.3387       0.7381
 4333.70       0.4780       0.7627
 4334.74      -0.0649       0.7447
 4335.77       0.0969       0.7209
 4336.81       1.4380       0.7800
 4337.85       1.3649       0.7643
 4338.89       1.1148       0.7147
 4339.93       0.6111       0.7159
 4340.96       0.2018       0.7154
 4342.00       0.9630       0.7247
 4343.04       0.4281       0.7006
 4344.08       0.6659       0.7260
 4345.11       0.3760       0.7108
 4346.15      -0.2369       0.6945
 4347.19       0.2402       0.7188
 4348.23       0.6268       0.7385
 4349.27       0.9966       0.7555
 4350.30       0.2117       0.6915
 4351.34       0.5039       0.6677
 4352.38       1.0433       0.7085
 4353.42       0.4206       0.6856
 4354.45      -1.2209       0.6199
 4355.49      -0.2199       0.6710
 4356.53       1.1236       0.7253
 4357.57       1.4558       0.7677
 4358.60       0.8290       0.7042
 4359.64       0.2885       0.6984
 4360.68      -0.1565       0.6946
 4361.72       0.1075       0.6951
 4362.76       0.5326       0.7089
 4363.79       0.0497       0.6998
 4364.83      -0.2381       0.6612
 4365.87      -0.0900       0.6722
 4366.91       0.6539       0.7043
 4367.94       0.4118       0.6813
 4368.98       1.0938       0.7279
 4370.02       0.4985       0.6901
 4371.06      -0.2827       0.6598
 4372.10      -0.3990       0.6301
 4373.13       0.6976       0.6932
 4374.17       1.0841       0.7106
 4375.21       1.4567       0.7479
 4376.25       0.5690       0.7039
 4377.28       0.5370       0.6881
 4378.32       0.3665       0.7049
 4379.36      -0.2378       0.6762
 4380.40       0.8605       0.7315
 4381.44       0.5281       0.6934
 4382.47       0.8154       0.6724
 4383.51       0.8336       0.6502
 4384.55      -0.4822       0.5764
 4385.59       0.3274       0.6243
 4386.62       0.0859       0.6526
 4387.66       0.5097       0.6725
 4388.70       1.3753       0.7134
 4389.74       0.5741       0.6665
 4390.77      -0.1574       0.6078
 4391.81      -0.3722       0.6095
 4392.85      -0.3043       0.6410
 4393.89      -0.0608       0.6475
 4394.93       0.1935       0.6605
 4395.96       0.2312       0.6475
 4397.00       0.3689       0.6505
 4398.04       1.4517       0.7053
 4399.08       0.9861       0.6856
 4400.11       0.4690       0.6749
 4401.15       1.3683       0.7160
 4402.19       1.4971       0.7582
 4403.23       0.8124       0.7279
 4404.27       1.1318       0.7485
 4405.30       0.0738       0.6994
 4406.34      -0.6104       0.6762
 4407.38       0.8005       0.7742
 4408.42       0.4915       0.7376
 4409.45       0.5821       0.7444
 4410.49       0.4097       0.7655
 4411.53       0.0735       0.7566
 4412.57       1.0884       0.7863
 4413.61      -0.5151       0.7039
 4414.64       0.4425       0.7573
 4415.68      -1.1015       0.6672
 4416.72      -1.1998       0.6439
 4417.76       0.5295       0.7186
 4418.79       0.6446       0.7652
 4419.83       0.8156       0.7962
 4420.87       1.8772       0.8330
 4421.91       1.8208       0.7974
 4422.94       0.4582       0.7391
 4423.98       0.0484       0.7227
 4425.02       1.3887       0.8159
 4426.06      -0.5266       0.7176
 4427.10      -0.2573       0.6933
 4428.13       0.1125       0.7009
 4429.17       1.2194       0.7511
 4430.21       0.3738       0.6903
 4431.25       0.6051       0.7261
 4432.28       0.3930       0.7362
 4433.32      -0.3776       0.6632
 4434.36      -0.0709       0.6356
 4435.40      -0.0550       0.6702
 4436.44       0.3399       0.6728
 4437.47      -0.0549       0.6898
 4438.51       0.4486       0.7241
 4439.55       0.8930       0.7192
 4440.59       0.9442       0.7161
 4441.62       0.9907       0.6855
 4442.66      -0.0769       0.6017
 4443.70       0.1634       0.6357
 4444.74       0.8463       0.6861
 4445.78       1.0566       0.7259
 4446.81       0.4863       0.6866
 4447.85       1.0816       0.6857
 4448.89       1.0703       0.6911
 4449.93       1.2081       0.6952
 4450.96       0.3628       0.6356
 4452.00       0.8636       0.6428
 4453.04       1.0475       0.6461
 4454.08       1.3384       0.6680
 4455.11       0.5578       0.6099
 4456.15       0.5236       0.5793
 4457.19       0.4946       0.5830
 4458.23       1.2718       0.6387
 4459.27       0.9496       0.6076
 4460.30       1.7434       0.6418
 4461.34       1.1164       0.6365
 4462.38       0.6666       0.6201
 4463.42       1.2313       0.6452
 4464.45       2.5826       0.6857
 4465.49       2.1291       0.6716
 4466.53       0.9596       0.6514
 4467.57       0.4816       0.6086
 4468.61       0.7493       0.5867
 4469.64      -0.1254       0.5429
 4470.68       1.2128       0.6100
 4471.72       1.1470       0.6192
 4472.76       0.5660       0.6009
 4473.79       0.2035       0.6162
 4474.83       0.1753       0.5982
 4475.87       0.3072       0.6155
 4476.91      -0.5003       0.5808
 4477.95       0.4288       0.5872
 4478.98      -0.4416       0.5260
 4480.02      -0.1197       0.5462
 4481.06       0.9520       0.5779
 4482.10       1.1936       0.6002
 4483.13       0.4202       0.6084
 4484.17       0.3888       0.6142
 4485.21      -0.7477       0.5749
 4486.25       0.7242       0.6231
 4487.28      -0.5537       0.5584
 4488.32       0.4390       0.5935
 4489.36       1.0516       0.6164
 4490.40       0.9375       0.6058
 4491.44       0.4659       0.5953
 4492.47      -0.6063       0.5640
 4493.51       0.1887       0.5935
 4494.55       0.5537       0.6075
 4495.59       0.9149       0.6145
 4496.62       1.4190       0.6615
 4497.66       1.1314       0.6509
 4498.70       0.5507       0.5976
 4499.74      -0.0375       0.5802
 4500.78       0.9304       0.6447
 4501.81       0.5189       0.6075
 4502.85       1.0051       0.6333
 4503.89       1.1315       0.6496
 4504.93       1.3831       0.6474
 4505.96       0.4299       0.6192
 4507.00       0.9761       0.6356
 4508.04       0.6725       0.6146
 4509.08      -0.2695       0.5897
 4510.12       0.2130       0.6031
 4511.15       0.4687       0.6094
 4512.19      -0.4159       0.5782
 4513.23       0.7150       0.6172
 4514.27       0.3733       0.5862
 4515.30       0.6664       0.6040
 4516.34       0.4333       0.5912
 4517.38       0.5324       0.6009
 4518.42       1.1237       0.6193
 4519.45       0.8969       0.5977
 4520.49       0.1485       0.5852
 4521.53      -0.0023       0.5873
 4522.57       1.1494       0.6288
 4523.61      -0.1175       0.5737
 4524.64       1.1168       0.6114
 4525.68       1.7517       0.6266
 4526.72       0.6643       0.5955
 4527.76       0.7433       0.5975
 4528.79       1.0071       0.6263
 4529.83       0.6829       0.5967
 4530.87       0.8924       0.6205
 4531.91       0.9839       0.6144
 4532.95       1.2820       0.6489
 4533.98       1.2263       0.6431
 4535.02       0.7251       0.6076
 4536.06       0.5955       0.5855
 4537.10       0.7514       0.6336
 4538.13       1.0110       0.6449
 4539.17       1.1946       0.6231
 4540.21       1.1765       0.6127
 4541.25       1.9406       0.6331
 4542.29       2.3396       0.6377
 4543.32       1.2680       0.6031
 4544.36       0.8754       0.6052
 4545.40       0.1514       0.5658
 4546.44      -0.0113       0.5579
 4547.47       1.2006       0.6669
 4548.51       0.4340       0.6260
 4549.55       0.9941       0.5805
 4550.59      -0.0447       0.5132
 4551.62       0.8100       0.5721
 4552.66       1.1041       0.5905
 4553.70       1.2739       0.5839
 4554.74       0.0649       0.5250
 4555.78       0.7092       0.5671
 4556.81      -0.4909       0.5097
 4557.85       0.0927       0.5395
 4558.89       1.5199       0.5843
 4559.93       1.2472       0.5850
 4560.96       1.0368       0.5745
 4562.00       0.6417       0.5453
 4563.04      -0.4786       0.5030
 4564.08       1.3491       0.5543
 4565.12       0.9334       0.5327
 4566.15       0.8468       0.5364
 4567.19       1.4022       0.5559
 4568.23       1.8842       0.5965
 4569.27       0.5758       0.5645
 4570.30       1.5849       0.5910
 4571.34       1.0183       0.5558
 4572.38       0.8780       0.5327
 4573.42       1.2507       0.5560
 4574.46       0.6310       0.5402
 4575.49       0.8680       0.5558
 4576.53       1.8979       0.5979
 4577.57       1.4756       0.5835
 4578.61       0.0700       0.5106
 4579.64       0.5412       0.5272
 4580.68       0.6880       0.5601
 4581.72       0.7116       0.5455
 4582.76       0.9695       0.5510
 4583.79       0.7763       0.5347
 4584.83       0.6077       0.5208
 4585.87       0.4492       0.5218
 4586.91       0.2869       0.5100
 4587.95       0.7888       0.5276
 4588.98       0.6376       0.5217
 4590.02      -0.1285       0.4980
 4591.06       0.0734       0.4899
 4592.10       0.9193       0.5197
 4593.13       0.2695       0.5011
 4594.17       0.5249       0.4909
 4595.21       1.2742       0.5160
 4596.25       0.8645       0.5049
 4597.29       0.6377       0.5068
 4598.32       0.4897       0.4995
 4599.36       0.6165       0.4889
 4600.40       1.1980       0.4924
 4601.44       0.4408       0.4825
 4602.47       1.8280       0.5283
 4603.51       1.0871       0.5101
 4604.55       0.0387       0.4603
 4605.59      -0.2960       0.4477
 4606.62       0.2500       0.4773
 4607.66       0.6935       0.5019
 4608.70       1.4713       0.5325
 4609.74       1.0032       0.5319
 4610.78       0.9079       0.5250
 4611.81       1.2168       0.5177
 4612.85       0.9589       0.5124
 4613.89       1.6794       0.5280
 4614.93       0.7297       0.4938
 4615.96       0.8359       0.4981
 4617.00       0.6440       0.4925
 4618.04       1.0957       0.5183
 4619.08       0.8152       0.5227
 4620.12       0.0970       0.4843
 4621.15       0.2911       0.4871
 4622.19       0.8317       0.5142
 4623.23       0.9716       0.5211
 4624.27       0.7749       0.5170
 4625.30       1.3029       0.5328
 4626.34       1.1763       0.5185
 4627.38       1.4992       0.5276
 4628.42       1.3672       0.5284
 4629.46       1.7453       0.5330
 4630.49       1.6139       0.5074
 4631.53       0.5903       0.4895
 4632.57       1.1819       0.5284
 4633.61       0.8661       0.4956
 4634.64       1.1604       0.4928
 4635.68       1.4831       0.5084
 4636.72       2.3006       0.5264
 4637.76       1.0992       0.4842
 4638.79       0.4969       0.4622
 4639.83       0.6713       0.4826
 4640.87      -0.3275       0.4470
 4641.91       0.1006       0.4554
 4642.95       0.3699       0.4723
 4643.98       1.1071       0.4832
 4645.02       1.0264       0.4852
 4646.06       1.4389       0.4853
 4647.10       1.6007       0.4854
 4648.13       1.4398       0.4670
 4649.17       0.6271       0.4468
 4650.21       0.7627       0.4653
 4651.25       0.0257       0.4338
 4652.29      -0.0050       0.4281
 4653.32       0.8939       0.4649
 4654.36       1.3296       0.4707
 4655.40       0.1145       0.4434
 4656.44       0.7503       0.4667
 4657.47       0.7039       0.4746
 4658.51       0.6064       0.4976
 4659.55       0.7533       0.5033
 4660.59       0.4512       0.4749
 4661.62       0.9094       0.4957
 4662.66       1.5514       0.5005
 4663.70       2.0396       0.5183
 4664.74       1.7932       0.5047
 4665.78      -0.0753       0.4212
 4666.81       0.2200       0.4233
 4667.85       1.2203       0.4572
 4668.89       1.0997       0.4676
 4669.93       0.0915       0.4342
 4670.96       0.8771       0.4703
 4672.00       0.9742       0.4714
 4673.04       0.3800       0.4654
 4674.08       0.6304       0.4751
 4675.12       0.5060       0.4569
 4676.15       0.7546       0.4722
 4677.19       1.0121       0.4789
 4678.23       0.7385       0.4538
 4679.27       0.7906       0.4444
 4680.30       1.1119       0.4636
 4681.34       1.1632       0.4844
 4682.38       1.0262       0.4746
 4683.42       0.9038       0.4544
 4684.46       1.2173       0.4724
 4685.49       1.2832       0.4755
 4686.53       0.8157       0.4536
 4687.57       0.8615       0.4491
 4688.61       1.4374       0.4706
 4689.64       1.4488       0.4753
 4690.68       1.4216       0.4604
 4691.72       1.2427       0.4488
 4692.76       1.1454       0.4503
 4693.79       0.8921       0.4464
 4694.83       0.9146       0.4563
 4695.87       0.5288       0.4451
 4696.91       0.3825       0.4322
 4697.95       0.7757       0.4385
 4698.98       0.5514       0.4180
 4700.02       1.4149       0.4364
 4701.06       1.6483       0.4574
 4702.10       1.1247       0.4266
 4703.13       0.4732       0.4100
 4704.17       0.2464       0.4174
 4705.21       0.9944       0.4422
 4706.25       0.5814       0.4210
 4707.29       0.3448       0.4085
 4708.32       1.2329       0.4344
 4709.36       1.0813       0.4261
 4710.40       1.3352       0.4427
 4711.44       1.4823       0.4698
 4712.47       0.6104       0.4266
 4713.51       0.7363       0.4199
 4714.55       0.3049       0.3994
 4715.59       0.8083       0.4170
 4716.62       1.2461       0.4375
 4717.66       0.3303       0.4167
 4718.70       0.4004       0.4288
 4719.74       0.3957       0.4265
 4720.78       0.2007       0.4086
 4721.81       0.5777       0.4178
 4722.85       0.9452       0.4266
 4723.89       0.7815       0.4300
 4724.93       0.9187       0.4312
 4725.96       0.8808       0.4282
 4727.00       1.4187       0.4396
 4728.04       1.4047       0.4155
 4729.08       1.0900       0.4058
 4730.12       0.7511       0.4120
 4731.15       1.1234       0.4302
 4732.19       0.5302       0.3965
 4733.23       0.1285       0.3791
 4734.27       0.4794       0.3967
 4735.30       1.6686       0.4284
 4736.34       1.1690       0.4147
 4737.38       0.4176       0.3984
 4738.42       0.1982       0.3922
 4739.46       1.0647       0.4231
 4740.49       1.1481       0.4251
 4741.53       0.8051       0.4131
 4742.57       1.3865       0.4312
 4743.61       1.0664       0.4128
 4744.64       1.3531       0.4237
 4745.68       0.4908       0.4059
 4746.72       0.5433       0.4087
 4747.76       1.1270       0.4154
 4748.80       0.4836       0.3979
 4749.83       0.8098       0.3992
 4750.87       1.0433       0.4050
 4751.91       0.9104       0.4119
 4752.95       0.6579       0.4091
 4753.98       0.8203       0.3868
 4755.02       0.3214       0.3802
 4756.06       0.1155       0.3604
 4757.10      -0.0677       0.3514
 4758.13       0.6396       0.3930
 4759.17       0.8378       0.3933
 4760.21       1.2769       0.4174
 4761.25       0.1224       0.3748
 4762.29      -0.0300       0.3648
 4763.32       0.4860       0.3927
 4764.36       0.4832       0.3680
 4765.40       0.8427       0.3819
 4766.44       0.9272       0.3869
 4767.47       1.4183       0.4082
 4768.51       1.2036       0.3978
 4769.55       1.7898       0.4192
 4770.59       0.9431       0.3933
 4771.63       1.2475       0.3913
 4772.66       0.9113       0.3813
 4773.70       0.7007       0.3843
 4774.74       1.1367       0.4041
 4775.78       0.9789       0.4081
 4776.81       1.6617       0.4220
 4777.85       1.7550       0.4251
 4778.89       1.5201       0.4209
 4779.93       1.3547       0.4049
 4780.97       1.0240       0.3940
 4782.00       1.2476       0.4114
 4783.04       1.2349       0.4091
 4784.08       0.2540       0.3725
 4785.12       0.9264       0.3791
 4786.15       0.8820       0.3806
 4787.19       0.3296       0.3596
 4788.23       1.0638       0.3851
 4789.27       0.0959       0.3560
 4790.30       1.0276       0.3976
 4791.34       1.7853       0.4174
 4792.38       1.3213       0.4048
 4793.42       1.3554       0.4044
 4794.46       1.9305       0.4444
 4795.49       0.8834       0.3987
 4796.53       0.3427       0.3804
 4797.57       0.1530       0.3776
 4798.61       0.3354       0.3760
 4799.64       1.4501       0.4051
 4800.68       1.3776       0.4034
 4801.72       1.4111       0.4014
 4802.76       1.7796       0.4203
 4803.80       0.7378       0.3982
 4804.83       0.8287       0.3919
 4805.87       0.2650       0.3629
 4806.91       0.6537       0.3834
 4807.95       0.6010       0.3649
 4808.98       1.4472       0.3951
 4810.02       1.2318       0.3870
 4811.06       0.8745       0.3839
 4812.10       1.2648       0.3940
 4813.14       1.5580       0.4090
 4814.17       0.8535       0.3980
 4815.21       0.9943       0.4082
 4816.25       1.1990       0.4211
 4817.29       1.7487       0.4375
 4818.32       0.7396       0.4128
 4819.36       1.2240       0.4422
 4820.40       1.2759       0.4410
 4821.44       0.6476       0.4104
 4822.47       0.7052       0.4069
 4823.51       1.9826       0.4495
 4824.55       1.1884       0.4102
 4825.59       0.9379       0.4103
 4826.63       0.5663       0.4013
 4827.66       1.2432       0.4153
 4828.70       0.4147       0.3823
 4829.74       1.4247       0.4200
 4830.78       1.1503       0.4066
 4831.81       1.4821       0.4272
 4832.85       0.5832       0.4022
 4833.89       0.5901       0.4097
 4834.93      -0.1685       0.3849
 4835.97       0.8229       0.3964
 4837.00       1.1502       0.4115
 4838.04       1.4559       0.4228
 4839.08      -0.0913       0.3711
 4840.12       0.8119       0.4090
 4841.15       0.9252       0.4007
 4842.19       0.4292       0.3809
 4843.23       0.7140       0.3847
 4844.27       0.5302       0.3792
 4845.31       1.2473       0.4083
 4846.34       0.3742       0.3772
 4847.38       1.3493       0.4030
 4848.42       1.2893       0.3911
 4849.46       1.3981       0.3906
 4850.49       1.1981       0.3770
 4851.53       0.5801       0.3560
 4852.57       0.8765       0.3685
 4853.61       0.8734       0.3553
 4854.64       1.1876       0.3544
 4855.68       0.6927       0.3319
 4856.72       1.3734       0.3516
 4857.76       0.8135       0.3227
 4858.80       0.9253       0.3291
 4859.83       1.1258       0.3364
 4860.87       1.2879       0.3506
 4861.91       1.6946       0.3614
 4862.95       1.5246       0.3401
 4863.98       0.8649       0.3110
 4865.02       1.3154       0.3256
 4866.06       1.1040       0.3229
 4867.10       1.4960       0.3307
 4868.14       1.0862       0.3217
 4869.17       0.8349       0.3217
 4870.21       0.4565       0.3070
 4871.25       1.0574       0.3053
 4872.29       1.0637       0.3088
 4873.32       0.7690       0.2982
 4874.36       0.7861       0.2976
 4875.40       1.4262       0.3106
 4876.44       0.9545       0.3038
 4877.48       0.5951       0.2989
 4878.51       1.3482       0.3188
 4879.55       1.6367       0.3320
 4880.59       0.9143       0.3303
 4881.63       0.5981       0.3113
 4882.66       0.4529       0.3058
 4883.70       1.0479       0.3296
 4884.74       1.3059       0.3344
 4885.78       0.9395       0.3233
 4886.81       0.6361       0.3106
 4887.85       0.7651       0.3220
 4888.89       0.8243       0.3254
 4889.93      -0.2560       0.2948
 4890.97       0.2877       0.3013
 4892.00       0.7918       0.3141
 4893.04       0.1697       0.2963
 4894.08       1.3448       0.3326
 4895.12       0.8471       0.3317
 4896.15       1.3628       0.3481
 4897.19       1.2638       0.3418
 4898.23       1.0884       0.3328
 4899.27       0.9819       0.3273
 4900.31       1.6732       0.3539
 4901.34       0.7091       0.3279
 4902.38       0.4582       0.3237
 4903.42       0.8214       0.3324
 4904.46       0.7680       0.3391
 4905.49       0.5107       0.3236
 4906.53       1.1836       0.3450
 4907.57       1.7350       0.3664
 4908.61       0.9137       0.3342
 4909.65       0.6816       0.3167
 4910.68       0.8952       0.3208
 4911.72       1.2101       0.3375
 4912.76       0.7526       0.3288
 4913.80       0.2476       0.3111
 4914.83       1.3903       0.3374
 4915.87       1.3811       0.3400
 4916.91       1.4184       0.3462
 4917.95       1.2085       0.3266
 4918.98       0.8016       0.3022
 4920.02       0.6106       0.2971
 4921.06       0.9325       0.3112
 4922.10       0.8384       0.3144
 4923.14       0.9111       0.3269
 4924.17       1.2334       0.3301
 4925.21       1.0241       0.3378
 4926.25       0.8660       0.3280
 4927.29       0.6566       0.3209
 4928.32       0.6587       0.3096
 4929.36       1.2009       0.3237
 4930.40       1.3147       0.3358
 4931.44       1.9383       0.3578
 4932.48       1.5045       0.3384
 4933.51       0.7134       0.3049
 4934.55       0.9943       0.3157
 4935.59       0.9736       0.3220
 4936.63       1.1148       0.3305
 4937.66       1.4171       0.3369
 4938.70       1.2350       0.3406
 4939.74       1.7787       0.3479
 4940.78       0.7056       0.3077
 4941.81       0.4087       0.3034
 4942.85       1.0002       0.3306
 4943.89       0.9523       0.3269
 4944.93       1.0519       0.3235
 4945.97       1.5395       0.3298
 4947.00       1.2973       0.3281
 4948.04       0.7586       0.3163
 4949.08       0.3688       0.3094
 4950.12       1.3762       0.3415
 4951.15       1.2266       0.3319
 4952.19       0.6281       0.3246
 4953.23       0.7943       0.3227
 4954.27       0.1410       0.3367
 4955.31       0.4354       0.3285
 4956.34       1.4036       0.3149
 4957.38       1.2193       0.3013
 4958.42       0.7377       0.3007
 4959.46       1.1473       0.3162
 4960.49       1.4734       0.3297
 4961.53       0.2437       0.3002
 4962.57      -0.0142       0.2938
 4963.61       0.9908       0.3181
 4964.65       1.1511       0.3224
 4965.68       1.6091       0.3443
 4966.72       1.2092       0.3355
 4967.76       1.4659       0.3457
 4968.80       1.1849       0.3326
 4969.83       0.9302       0.3211
 4970.87       1.1332       0.3249
 4971.91       1.3174       0.3287
 4972.95       1.6412       0.3341
 4973.98       0.4464       0.3071
 4975.02      -0.1024       0.2935
 4976.06       1.4903       0.3403
 4977.10       1.7317       0.3424
 4978.14       0.6589       0.3132
 4979.17       0.7339       0.3033
 4980.21       0.8717       0.3045
 4981.25       0.9079       0.3058
 4982.29       0.6697       0.2785
 4983.32       1.3806       0.2959
 4984.36       1.4573       0.3090
 4985.40       1.3517       0.3080
 4986.44       1.1519       0.3104
 4987.48       1.3246       0.3100
 4988.51       0.4841       0.2990
 4989.55       0.7028       0.3027
 4990.59       1.0004       0.3110
 4991.63       1.2581       0.3135
 4992.66       0.9407       0.3072
 4993.70       0.7743       0.3088
 4994.74       0.5526       0.2878
 4995.78       0.4984       0.2796
 4996.81       0.1470       0.2891
 4997.85       1.5715       0.3195
 4998.89       1.8036       0.3186
 4999.93       1.6814       0.3070
 5000.97       1.5292       0.2975
 5002.00       0.5387       0.2769
 5003.04       0.7564       0.2779
 5004.08       0.4831       0.2712
 5005.12       0.9428       0.2862
 5006.15       0.9414       0.2903
 5007.19       1.7338       0.3136
 5008.23       0.5077       0.2777
 5009.27       1.7341       0.3148
 5010.31       1.1778       0.2983
 5011.34       1.2680       0.2970
 5012.38       1.3789       0.2935
 5013.42       0.8899       0.2795
 5014.46       0.8572       0.2816
 5015.49       0.8554       0.2753
 5016.53       0.3316       0.2616
 5017.57       1.1402       0.2815
 5018.61       1.1126       0.2742
 5019.65       1.0999       0.2794
 5020.68       1.3508       0.2820
 5021.72       1.2558       0.2812
 5022.76       0.7095       0.2655
 5023.80      -0.1137       0.2511
 5024.83       1.2043       0.2864
 5025.87       0.4735       0.2586
 5026.91       0.5894       0.2703
 5027.95       0.9696       0.2702
 5028.98       0.9121       0.2750
 5030.02       1.2766       0.2854
 5031.06       0.8451       0.2799
 5032.10       1.1641       0.2826
 5033.14       0.6229       0.2718
 5034.17       1.0482       0.2767
 5035.21       1.2925       0.2760
 5036.25       0.8315       0.2645
 5037.29       0.5110       0.2584
 5038.32       0.8170       0.2676
 5039.36       1.4610       0.2724
 5040.40       0.6981       0.2507
 5041.44       1.3090       0.2730
 5042.48       0.8632       0.2624
 5043.51       1.0341       0.2725
 5044.55       1.1975       0.2852
 5045.59       0.4096       0.2750
 5046.63       0.6647       0.2635
 5047.66       0.7548       0.2631
 5048.70       0.7594       0.2628
 5049.74       1.4868       0.2760
 5050.78       1.6000       0.2851
 5051.82       0.9121       0.2671
 5052.85       0.8332       0.2621
 5053.89       1.1468       0.2726
 5054.93       1.2908       0.2730
 5055.97       0.8858       0.2687
 5057.00       0.7391       0.2753
 5058.04       0.6963       0.2776
 5059.08       0.6749       0.2722
 5060.12       0.5413       0.2627
 5061.16       0.8147       0.2712
 5062.19       1.5787       0.2922
 5063.23       1.4125       0.2896
 5064.27       1.1670       0.2798
 5065.31       1.0649       0.2675
 5066.34       0.9935       0.2702
 5067.38       0.8610       0.2792
 5068.42       0.7431       0.2680
 5069.46       0.9299       0.2789
 5070.49       1.5144       0.2872
 5071.53       1.0562       0.2692
 5072.57       0.7383       0.2680
 5073.61       1.0214       0.2739
 5074.65       1.8424       0.2934
 5075.68       1.2934       0.2841
 5076.72       0.6580       0.2612
 5077.76       1.1586       0.2802
 5078.80       1.1585       0.2771
 5079.83       1.1840       0.2687
 5080.87       1.1088       0.2648
 5081.91       0.7442       0.2543
 5082.95       0.8886       0.2580
 5083.99       0.9321       0.2629
 5085.02       0.8172       0.2638
 5086.06       0.5479       0.2561
 5087.10       0.9603       0.2643
 5088.14       1.3010       0.2726
 5089.17       1.3046       0.2768
 5090.21       1.0963       0.2694
 5091.25       1.0510       0.2737
 5092.29       0.9142       0.2733
 5093.33       1.1382       0.2744
 5094.36       1.2267       0.2745
 5095.40       0.6666       0.2575
 5096.44       1.1555       0.2693
 5097.48       1.4128       0.2749
 5098.51       1.3107       0.2660
 5099.55       1.2924       0.2614
 5100.59       0.7443       0.2494
 5101.63       0.8339       0.2596
 5102.66       1.6117       0.2771
 5103.70       1.4943       0.2807
 5104.74       1.5587       0.2801
 5105.78       1.1240       0.2669
 5106.82       1.1316       0.2653
 5107.85       1.3188       0.2661
 5108.89       1.4177       0.2682
 5109.93       0.7390       0.2576
 5110.97       1.1300       0.2601
 5112.00       1.3512       0.2681
 5113.04       1.4973       0.2752
 5114.08       0.7839       0.2604
 5115.12       0.7335       0.2589
 5116.16       1.7071       0.2845
 5117.19       0.6559       0.2528
 5118.23       0.8122       0.2593
 5119.27       0.1912       0.2438
 5120.31       1.2938       0.2797
 5121.34       1.5047       0.2785
 5122.38       0.5352       0.2390
 5123.42       1.4971       0.2646
 5124.46       1.2412       0.2533
 5125.50       0.9617       0.2433
 5126.53       0.7035       0.2415
 5127.57       0.6448       0.2514
 5128.61       0.6638       0.2525
 5129.65       1.1662       0.2595
 5130.68       0.9112       0.2532
 5131.72       0.5968       0.2516
 5132.76       1.6941       0.2861
 5133.80       0.6681       0.2577
 5134.83       1.0419       0.2687
 5135.87       0.5707       0.2625
 5136.91       0.7442       0.2601
 5137.95       1.2285       0.2667
 5138.99       0.4913       0.2458
 5140.02       0.5843       0.2486
 5141.06       1.0890       0.2606
 5142.10       0.9162       0.2610
 5143.14       0.9860       0.2579
 5144.17       0.7704       0.2608
 5145.21       0.7567       0.2565
 5146.25       1.6764       0.2765
 5147.29       0.6699       0.2485
 5148.33       0.7087       0.2473
 5149.36       1.4529       0.2625
 5150.40       1.2656       0.2490
 5151.44       0.8661       0.2460
 5152.48       0.7059       0.2461
 5153.51       0.6947       0.2383
 5154.55       0.8778       0.2441
 5155.59       0.9454       0.2472
 5156.63       0.6714       0.2433
 5157.67       1.3383       0.2608
 5158.70       0.4939       0.2411
 5159.74       0.6272       0.2419
 5160.78       0.9976       0.2493
 5161.82       0.7274       0.2393
 5162.85       1.0044       0.2383
 5163.89       0.8234       0.2346
 5164.93       0.2640       0.2159
 5165.97       0.8576       0.2237
 5167.00       1.3472       0.2248
 5168.04       1.3984       0.2288
 5169.08       1.4209       0.2346
 5170.12       0.8027       0.2158
 5171.16       1.0633       0.2148
 5172.19       0.7062       0.2072
 5173.23       1.2577       0.2195
 5174.27       1.1238       0.2208
 5175.31       0.4026       0.2138
 5176.34       0.5315       0.2227
 5177.38       1.6809       0.2506
 5178.42       1.2861       0.2382
 5179.46       1.1443       0.2298
 5180.50       0.5887       0.2139
 5181.53       0.6799       0.2130
 5182.57       1.1650       0.2050
 5183.61       1.5064       0.2130
 5184.65       0.9922       0.2086
 5185.68       0.5219       0.2127
 5186.72       0.3098       0.2278
 5187.76       0.2675       0.2347
 5188.80       0.1092       0.2320
 5189.83       1.0509       0.2417
 5190.87       1.3229       0.2409
 5191.91       1.1320       0.2308
 5192.95       1.2034       0.2337
 5193.99       1.1352       0.2314
 5195.02       0.7798       0.2247
 5196.06       0.1022       0.2537
 5197.10       0.6340       0.3187
 5198.14       0.9630       0.3636
 5199.17       0.4425       0.3572
 5200.21       1.2419       0.3421
 5201.25       0.7697       0.3060
 5202.29       1.2380       0.2935
 5203.33       1.1105       0.2641
 5204.36       0.9731       0.2423
 5205.40       0.6193       0.2280
 5206.44       0.7922       0.2249
 5207.48       0.7020       0.2235
 5208.51       0.1959       0.2187
 5209.55       0.4159       0.2243
 5210.59       0.2207       0.2114
 5211.63       0.6198       0.2231
 5212.67       0.6998       0.2287
 5213.70       1.0753       0.2372
 5214.74       1.4052       0.2413
 5215.78       1.4850       0.2544
 5216.82       1.5268       0.2395
 5217.85       1.2143       0.2721
 5218.89       0.6601       0.2641
 5219.93       1.1858       0.2751
 5220.97       0.5423       0.2664
 5222.00       0.1998       0.2644
 5223.04       0.8573       0.2779
 5224.08       1.2859       0.2678
 5225.12       1.8019       0.2697
 5226.16       1.5683       0.2453
 5227.19       1.0733       0.2278
 5228.23       1.4552       0.2354
 5229.27       0.7996       0.2312
 5230.31       0.4609       0.2246
 5231.34       0.6326       0.2350
 5232.38       0.8445       0.2379
 5233.42       1.2171       0.2375
 5234.46       0.8715       0.2297
 5235.50       0.3676       0.2188
 5236.53       1.3711       0.2540
 5237.57       0.7268       0.2580
 5238.61       1.1499       0.2768
 5239.65       1.3567       0.2805
 5240.68       1.2147       0.2555
 5241.72       1.1292       0.2444
 5242.76       1.5576       0.2452
 5243.80       1.1783       0.2357
 5244.83       0.5901       0.2221
 5245.87       1.0879       0.2289
 5246.91       1.5201       0.2450
 5247.95       0.8857       0.2340
 5248.99      -0.0124       0.2216
 5250.02       0.8249       0.2379
 5251.06       0.9513       0.2375
 5252.10       1.2071       0.2365
 5253.14       0.4803       0.2205
 5254.17       1.0484       0.2506
 5255.21       1.0335       0.2676
 5256.25       1.1024       0.2763
 5257.29       1.0416       0.2603
 5258.33       1.9330       0.2646
 5259.36       0.7537       0.2329
 5260.40       0.9675       0.2257
 5261.44       0.9368       0.2185
 5262.48       1.0609       0.2146
 5263.51       0.7808       0.2073
 5264.55       0.8245       0.2074
 5265.59       1.0274       0.2114
 5266.63       1.2360       0.2170
 5267.67       0.8629       0.2078
 5268.70       0.7418       0.2069
 5269.74       0.7232       0.2090
 5270.78       1.3292       0.2223
 5271.82       0.9757       0.2194
 5272.85       0.6253       0.2109
 5273.89       0.8176       0.2236
 5274.93       0.7632       0.2335
 5275.97       0.6245       0.2381
 5277.00       1.0180       0.2426
 5278.04       1.5347       0.2474
 5279.08       1.1251       0.2344
 5280.12       1.0049       0.2202
 5281.16       0.8144       0.2149
 5282.19       0.6154       0.2094
 5283.23       0.8834       0.2167
 5284.27       1.1372       0.2217
 5285.31       0.9828       0.2195
 5286.34       0.6606       0.2158
 5287.38       0.7545       0.2223
 5288.42       0.0581       0.2088
 5289.46       0.6368       0.2197
 5290.50       1.1985       0.2328
 5291.53       1.2129       0.2355
 5292.57       0.9724       0.2339
 5293.61       0.7772       0.2333
 5294.65       0.7698       0.2307
 5295.68       0.6487       0.2242
 5296.72       0.8621       0.2219
 5297.76       0.8643       0.2330
 5298.80       0.3601       0.2297
 5299.83       1.3507       0.2548
 5300.87       0.4621       0.2296
 5301.91       0.5960       0.2251
 5302.95       0.6283       0.2265
 5303.99       0.9050       0.2356
 5305.02       0.9674       0.2371
 5306.06       0.5895       0.2305
 5307.10       1.0209       0.2456
 5308.14       1.2102       0.2451
 5309.17       0.8922       0.2358
 5310.21       0.5427       0.2251
 5311.25       1.5028       0.2509
 5312.29       1.3845       0.2607
 5313.33       1.7095       0.2644
 5314.36       1.1150       0.2413
 5315.40       0.9953       0.2362
 5316.44       1.2863       0.2405
 5317.48       1.0207       0.2319
 5318.51       0.8011       0.2348
 5319.55       1.4443       0.2476
 5320.59       1.4734       0.2503
 5321.63       1.0822       0.2410
 5322.67       1.4051       0.2479
 5323.70       1.2130       0.2409
 5324.74       0.9830       0.2332
 5325.78       0.6166       0.2202
 5326.82       1.2723       0.2354
 5327.85       1.2827       0.2337
 5328.89       1.3991       0.2396
 5329.93       1.3450       0.2479
 5330.97       1.5679       0.2596
 5332.00       1.3902       0.2530
 5333.04       1.0245       0.2368
 5334.08       0.8370       0.2259
 5335.12       0.8186       0.2292
 5336.16       1.3842       0.2454
 5337.19       1.4728       0.2459
 5338.23       0.9006       0.2261
 5339.27       1.0594       0.2260
 5340.31       0.8128       0.2168
 5341.34       1.3618       0.2284
 5342.38       0.8148       0.2190
 5343.42       0.7267       0.2249
 5344.46       1.6329       0.2409
 5345.50       1.6388       0.2393
 5346.53       1.5833       0.2396
 5347.57       0.9051       0.2282
 5348.61       1.2823       0.2340
 5349.65       1.3945       0.2451
 5350.68       1.9185       0.2541
 5351.72       1.3511       0.2395
 5352.76       0.8435       0.2248
 5353.80       1.3721       0.2413
 5354.84       1.4534       0.2504
 5355.87       0.8654       0.2361
 5356.91       1.7969       0.2499
 5357.95       0.9833       0.2298
 5358.99       1.0879       0.2294
 5360.02       1.4479       0.2390
 5361.06       1.3024       0.2385
 5362.10       1.5660       0.2409
 5363.14       1.3795       0.2370
 5364.17       0.8908       0.2222
 5365.21       0.9779       0.2238
 5366.25       1.0292       0.2254
 5367.29       0.9232       0.2240
 5368.33       1.0111       0.2266
 5369.36       0.6982       0.2203
 5370.40       1.5293       0.2347
 5371.44       1.5165       0.2330
 5372.48       0.9487       0.2234
 5373.51       1.1886       0.2327
 5374.55       1.0683       0.2318
 5375.59       0.9891       0.2327
 5376.63       0.9486       0.2250
 5377.67       1.3847       0.2365
 5378.70       1.2392       0.2312
 5379.74       1.2341       0.2329
 5380.78       0.9579       0.2259
 5381.82       1.2886       0.2329
 5382.85       0.7878       0.2246
 5383.89       1.0115       0.2243
 5384.93       0.4226       0.2101
 5385.97       1.6588       0.2402
 5387.01       1.5306       0.2383
 5388.04       1.8328       0.2408
 5389.08       1.3793       0.2282
 5390.12       0.8913       0.2408
 5391.16       0.8461       0.2202
 5392.19       1.0422       0.2172
 5393.23       0.3452       0.2027
 5394.27       0.6868       0.2114
 5395.31       1.4675       0.2293
 5396.34       1.7497       0.2279
 5397.38       0.7671       0.2137
 5398.42       0.9233       0.2153
 5399.46       1.5651       0.2323
 5400.50       1.4821       0.2281
 5401.53       0.3354       0.2118
 5402.57       1.5028       0.2288
 5403.61       1.4384       0.2235
 5404.65       1.6325       0.2241
 5405.68       1.1298       0.2115
 5406.72       1.3905       0.2233
 5407.76       1.5580       0.2262
 5408.80       1.1222       0.2162
 5409.84       0.8883       0.2155
 5410.87       1.4943       0.2302
 5411.91       1.7962       0.2348
 5412.95       1.5260       0.2364
 5413.99       1.2078       0.2286
 5415.02       1.1446       0.2181
 5416.06       0.6610       0.2126
 5417.10       1.2315       0.2205
 5418.14       0.8736       0.2123
 5419.18       1.5079       0.2290
 5420.21       1.5801       0.2273
 5421.25       1.3759       0.2241
 5422.29       1.1284       0.2227
 5423.33       1.3419       0.2281
 5424.36       1.2068       0.2216
 5425.40       0.9356       0.2139
 5426.44       0.7543       0.2131
 5427.48       1.1358       0.2223
 5428.52       0.7011       0.2138
 5429.55       0.6410       0.2074
 5430.59       0.5594       0.2060
 5431.63       1.0066       0.2189
 5432.67       1.6707       0.2329
 5433.70       0.7630       0.2110
 5434.74       0.6670       0.2104
 5435.78       1.7608       0.2380
 5436.82       1.4098       0.2349
 5437.85       1.4081       0.2311
 5438.89       1.9092       0.2402
 5439.93       1.3951       0.2380
 5440.97       1.5650       0.2411
 5442.01       1.1987       0.2314
 5443.04       1.0673       0.2280
 5444.08       1.8993       0.2419
 5445.12       0.8065       0.2175
 5446.16       0.7722       0.2128
 5447.19       2.0173       0.2386
 5448.23       0.9647       0.2158
 5449.27       1.2710       0.2306
 5450.31       1.4277       0.2347
 5451.35       1.0253       0.2289
 5452.38       1.9211       0.2518
 5453.42       1.9318       0.2443
 5454.46       0.6564       0.2157
 5455.50       0.7800       0.2193
 5456.53       1.3034       0.2322
 5457.57       1.3450       0.2319
 5458.61       1.6741       0.2479
 5459.65       0.9539       0.2396
 5460.69       0.7499       0.2323
 5461.72       1.2730       0.2458
 5462.76       0.8886       0.2264
 5463.80       0.9109       0.2175
 5464.84       1.6244       0.2397
 5465.87       1.2981       0.2292
 5466.91       1.2206       0.2285
 5467.95       1.2797       0.2345
 5468.99       0.7795       0.2231
 5470.02       0.8892       0.2242
 5471.06       0.8533       0.2263
 5472.10       1.0545       0.2260
 5473.14       0.8239       0.2178
 5474.18       1.5721       0.2340
 5475.21       1.7479       0.2354
 5476.25       1.3107       0.2264
 5477.29       1.8564       0.2383
 5478.33       1.6635       0.2299
 5479.36       0.9372       0.2192
 5480.40       1.1863       0.2271
 5481.44       0.6076       0.2105
 5482.48       0.6429       0.2100
 5483.52       1.4922       0.2338
 5484.55       1.4251       0.2359
 5485.59       0.8926       0.2246
 5486.63       1.3257       0.2291
 5487.67       1.5034       0.2279
 5488.70       1.2512       0.2256
 5489.74       1.1880       0.2313
 5490.78       1.0521       0.2293
 5491.82       0.9671       0.2238
 5492.85       0.5167       0.2120
 5493.89       1.3599       0.2269
 5494.93       1.4092       0.2325
 5495.97       1.5952       0.2326
 5497.01       1.3158       0.2272
 5498.04       1.2523       0.2382
 5499.08       1.1565       0.2358
 5500.12       1.0359       0.2316
 5501.16       0.8240       0.2238
 5502.19       1.2314       0.2299
 5503.23       0.7297       0.2212
 5504.27       0.2577       0.2107
 5505.31       0.8126       0.2262
 5506.35       1.1460       0.2352
 5507.38       0.6582       0.2185
 5508.42       1.1865       0.2314
 5509.46       1.5756       0.2432
 5510.50       1.5982       0.2508
 5511.53       1.1529       0.2396
 5512.57       1.3299       0.2390
 5513.61       1.2398       0.2368
 5514.65       2.0444       0.2494
 5515.69       1.3972       0.2414
 5516.72       1.1174       0.2375
 5517.76       1.5260       0.2452
 5518.80       1.8433       0.2518
 5519.84       1.0074       0.2366
 5520.87       1.2765       0.2416
 5521.91       2.0705       0.2568
 5522.95       0.6119       0.2249
 5523.99       1.4648       0.2453
 5525.02       0.5964       0.2280
 5526.06       0.9281       0.2280
 5527.10       1.5428       0.2382
 5528.14       0.8613       0.2222
 5529.18       0.5667       0.2121
 5530.21       0.9317       0.2252
 5531.25       1.1597       0.2323
 5532.29       1.1828       0.2387
 5533.33       0.8255       0.2288
 5534.36       1.2030       0.2415
 5535.40       1.2622       0.2395
 5536.44       1.3859       0.2419
 5537.48       0.7268       0.2300
 5538.52       0.8971       0.2378
 5539.55       0.9841       0.2393
 5540.59       0.9117       0.2486
 5541.63       1.1559       0.2668
 5542.67       1.1314       0.2752
 5543.70       1.0129       0.2795
 5544.74       1.2406       0.2873
 5545.78       0.9748       0.2708
 5546.82       0.7208       0.2544
 5547.85       0.7229       0.2467
 5548.89       1.0360       0.2566
 5549.93       0.7413       0.2519
 5550.97       1.4112       0.2633
 5552.01       1.5764       0.2580
 5553.04       1.3948       0.2589
 5554.08       0.6696       0.2361
 5555.12       0.7399       0.2402
 5556.16       1.1922       0.2419
 5557.19       1.4964       0.2517
 5558.23       1.3559       0.2602
 5559.27       1.4743       0.2616
 5560.31       1.1254       0.2538
 5561.35       1.1711       0.2663
 5562.38       1.7102       0.3004
 5563.42       0.6880       0.2992
 5564.46       0.5271       0.2987
 5565.50       0.9451       0.2927
 5566.53       0.8389       0.2599
 5567.57       1.0148       0.2652
 5568.61       1.2260       0.2786
 5569.65       1.5732       0.2913
 5570.69       2.1766       0.2969
 5571.72       1.8990       0.2886
 5572.76       1.3958       0.3038
 5573.80       1.8370       0.3720
 5574.84       0.6638       1.1823
 5575.87       1.3450       4.7039
 5576.91       1.0481       8.3932
 5577.95       0.8557       8.7803
 5578.99       1.0873       5.5981
 5580.02       1.0625       1.6313
 5581.06       1.3405       0.3742
 5582.10       0.7867       0.2830
 5583.14       0.6118       0.2814
 5584.18       1.4528       0.2762
 5585.21       0.9859       0.2539
 5586.25       1.2196       0.2565
 5587.29       1.4281       0.2786
 5588.33       1.4237       0.3018
 5589.36       1.4537       0.3101
 5590.40       0.8829       0.2903
 5591.44       0.8407       0.2678
 5592.48       0.7621       0.2456
 5593.52       1.0374       0.2445
 5594.55       1.4141       0.2519
 5595.59       0.6360       0.2466
 5596.63       0.9834       0.2670
 5597.67       1.4670       0.2807
 5598.70       1.1460       0.2723
 5599.74       1.7455       0.2776
 5600.78       1.3370       0.2548
 5601.82       0.2083       0.2490
 5602.86       0.7996       0.2736
 5603.89       1.0001       0.3041
 5604.93       1.4613       0.2920
 5605.97       1.1184       0.3601
 5607.01       0.8789       0.3252
 5608.04       0.8782       0.2942
 5609.08       1.1648       0.2504
 5610.12       1.8113       0.2745
 5611.16       0.8438       0.2595
 5612.19       0.6261       0.2570
 5613.23       1.3731       0.2707
 5614.27       1.8786       0.2791
 5615.31       1.7408       0.2805
 5616.35       0.9498       0.2668
 5617.38       1.1873       0.2771
 5618.42       0.8142       0.2707
 5619.46       0.9893       0.2680
 5620.50       1.5433       0.2870
 5621.53       1.2558       0.2841
 5622.57       1.1059       0.2987
 5623.61       0.6052       0.3381
 5624.65       1.0361       0.3201
 5625.69       0.9498       0.2821
 5626.72       0.7546       0.2727
 5627.76       1.1835       0.2821
 5628.80       2.2851       0.3101
 5629.84       1.7165       0.2891
 5630.87       0.8142       0.2706
 5631.91       0.3541       0.2705
 5632.95       1.0004       0.2815
 5633.99       1.0132       0.2836
 5635.03       0.6056       0.2661
 5636.06       0.5156       0.2656
 5637.10       1.2151       0.2930
 5638.14       1.0797       0.2967
 5639.18       0.7357       0.2955
 5640.21       0.8073       0.2933
 5641.25       1.0140       0.2872
 5642.29       1.8707       0.3089
 5643.33       1.5446       0.3138
 5644.36       0.9961       0.3141
 5645.40       1.4357       0.3336
 5646.44       1.2820       0.3289
 5647.48       1.5573       0.3233
 5648.52       0.9509       0.2953
 5649.55       1.1621       0.2950
 5650.59       0.9706       0.2946
 5651.63       0.5865       0.2910
 5652.67       1.0084       0.3037
 5653.70      -0.1593       0.2714
 5654.74       0.4762       0.2914
 5655.78       0.9466       0.3000
 5656.82       0.1116       0.2791
 5657.86       0.4916       0.2822
 5658.89       1.0202       0.3055
 5659.93       0.8984       0.3048
 5660.97       1.0396       0.2981
 5662.01       1.1012       0.3113
 5663.04       1.1674       0.3258
 5664.08       0.5890       0.3200
 5665.12       0.8947       0.3328
 5666.16      -0.6450       0.2788
 5667.20       1.0503       0.3260
 5668.23       1.5568       0.3455
 5669.27       2.0490       0.3692
 5670.31       1.5692       0.3576
 5671.35       1.7223       0.3651
 5672.38       0.8718       0.3377
 5673.42       0.9023       0.3339
 5674.46       1.1558       0.3546
 5675.50       0.4380       0.3239
 5676.53       1.1152       0.3523
 5677.57       1.8611       0.3846
 5678.61       0.9616       0.3666
 5679.65       0.9163       0.3611
 5680.69       1.2286       0.3749
 5681.72       1.4346       0.3789
 5682.76       0.8397       0.3615
 5683.80       1.4181       0.3822
 5684.84       0.3316       0.3500
 5685.87       0.5533       0.3542
 5686.91       1.3461       0.3939
 5687.95       1.2051       0.3876
 5688.99       0.9064       0.3755
 5690.03       1.3053       0.3942
 5691.06       0.1745       0.3718
 5692.10       0.6244       0.3803
 5693.14       1.0234       0.3956
 5694.18       1.1196       0.3945
 5695.21       1.3454       0.4143
 5696.25       0.9584       0.4011
 5697.29       0.5864       0.3962
 5698.33       0.6571       0.3953
 5699.37       0.7449       0.4006
 5700.40       0.2623       0.3867
 5701.44      -0.5401       0.3617
 5702.48       0.7035       0.3956
 5703.52       1.3755       0.4259
 5704.55       2.0098       0.4573
 5705.59       0.4121       0.3832
 5706.63       0.8123       0.4102
 5707.67       0.5699       0.4032
 5708.70       1.2982       0.4328
 5709.74       0.9214       0.4274
 5710.78       1.5029       0.4319
 5711.82       0.8213       0.4301
 5712.86       0.9639       0.4380
 5713.89       1.3854       0.4635
 5714.93       0.4814       0.4294
 5715.97       0.6761       0.4390
 5717.01       1.4489       0.4613
 5718.04       0.6967       0.4456
 5719.08       1.2706       0.4715
 5720.12       2.6769       0.5308
 5721.16       1.7168       0.4997
 5722.20       1.3404       0.4847
 5723.23       1.0649       0.4910
 5724.27       0.5297       0.4729
 5725.31       0.3217       0.4654
 5726.35       0.8260       0.4833
 5727.38       0.6949       0.4778
 5728.42       0.9918       0.5062
 5729.46       1.1597       0.5143
 5730.50       1.3003       0.5207
 5731.54       1.0047       0.5062
 5732.57       0.5892       0.5073
 5733.61       1.2956       0.5240
 5734.65       1.2663       0.5379
 5735.69      -0.0349       0.5001
 5736.72       0.1289       0.4873
 5737.76       0.0394       0.5076
 5738.80       1.3029       0.5462
 5739.84       0.5440       0.5145
 5740.87       0.9125       0.5415
 5741.91       1.5562       0.5731
 5742.95       1.3804       0.5192
 5743.99       1.3894       0.4856
 5745.03       1.4593       0.4878
 5746.06       1.2569       0.4860
 5747.10       1.2651       0.4460
 5748.14       1.3482       0.3949
 5749.18       1.0877       0.3862
 5750.21       0.5519       0.3830
 5751.25       0.2799       0.3720
 5752.29       0.6513       0.3804
 5753.33       0.9699       0.3759
 5754.37       1.0388       0.3602
 5755.40       1.6888       0.3907
 5756.44       2.2543       0.4174
 5757.48       1.9648       0.3883
 5758.52       1.3714       0.3579
 5759.55       0.8382       0.3436
 5760.59       0.5809       0.3312
 5761.63       0.7386       0.3326
 5762.67       1.1259       0.3395
 5763.71       1.3586       0.3357
 5764.74       1.3642       0.3275
 5765.78       1.2489       0.3259
 5766.82       1.2226       0.3350
 5767.86       1.2774       0.3410
 5768.89       1.2039       0.3309
 5769.93       1.1763       0.3217
 5770.97       1.1858       0.3179
 5772.01       1.2165       0.3170
 5773.04       1.2720       0.3132
 5774.08       1.3287       0.3101
 5775.12       1.2085       0.3176
 5776.16       1.0862       0.3179
 5777.20       1.0454       0.3006
 5778.23       0.8493       0.2869
 5779.27       0.6130       0.2795
 5780.31       0.4127       0.2691
 5781.35       0.7886       0.2765
 5782.38       1.2363       0.2903
 5783.42       0.8648       0.2843
 5784.46       0.8840       0.2872
 5785.50       1.5422       0.3028
 5786.54       1.6248       0.3002
 5787.57       1.2477       0.2852
 5788.61       0.8672       0.2731
 5789.65       0.8921       0.2773
 5790.69       1.1013       0.2857
 5791.72       1.0854       0.2805
 5792.76       1.1375       0.2795
 5793.80       1.3246       0.2881
 5794.84       1.2715       0.2924
 5795.88       1.1800       0.2867
 5796.91       1.4070       0.2777
 5797.95       1.3055       0.2695
 5798.99       0.8484       0.2612
 5800.03       0.4226       0.2516
 5801.06       0.6139       0.2524
 5802.10       1.1562       0.2602
 5803.14       1.2336       0.2634
 5804.18       1.0117       0.2570
 5805.21       0.7479       0.2451
 5806.25       0.7089       0.2418
 5807.29       0.9015       0.2483
 5808.33       1.1224       0.2550
 5809.37       1.3039       0.2548
 5810.40       1.1424       0.2451
 5811.44       0.6800       0.2334
 5812.48       0.6128       0.2305
 5813.52       0.8994       0.2357
 5814.55       1.2247       0.2441
 5815.59       1.3623       0.2503
 5816.63       1.2965       0.2489
 5817.67       0.9948       0.2359
 5818.71       0.8334       0.2257
 5819.74       1.0304       0.2296
 5820.78       1.3586       0.2387
 5821.82       1.4808       0.2415
 5822.86       1.2426       0.2338
 5823.89       0.7458       0.2190
 5824.93       0.3441       0.2089
 5825.97       0.2176       0.2086
 5827.01       0.5958       0.2192
 5828.04       1.0578       0.2287
 5829.08       0.9108       0.2239
 5830.12       0.5471       0.2140
 5831.16       0.6607       0.2146
 5832.20       0.8989       0.2164
 5833.23       1.0143       0.2170
 5834.27       1.0970       0.2197
 5835.31       1.0636       0.2211
 5836.35       1.0422       0.2199
 5837.38       1.0962       0.2179
 5838.42       1.0696       0.2115
 5839.46       0.9320       0.2041
 5840.50       1.0577       0.2103
 5841.54       1.2398       0.2207
 5842.57       1.1983       0.2212
 5843.61       0.9531       0.2147
 5844.65       0.7699       0.2080
 5845.69       1.1137       0.2211
 5846.72       1.4296       0.2263
 5847.76       1.2647       0.2286
 5848.80       1.0482       0.2320
 5849.84       1.1824       0.2341
 5850.88       1.5556       0.2400
 5851.91       1.4034       0.2372
 5852.95       1.0198       0.2281
 5853.99       1.0368       0.2232
 5855.03       1.2232       0.2211
 5856.06       1.3429       0.1907
 5857.10       1.0212       0.2111
 5858.14       0.7733       0.1846
 5859.18       0.9954       0.1901
 5860.21       0.9049       0.1858
 5861.25       0.7636       0.1842
 5862.29       0.7757       0.1959
 5863.33       0.8504       0.2139
 5864.37       0.6829       0.2362
 5865.40       0.7485       0.2664
 5866.44       0.9404       0.2861
 5867.48       1.1910       0.2904
 5868.52       1.1957       0.2848
 5869.55       1.0262       0.2641
 5870.59       0.7859       0.2331
 5871.63       0.5169       0.2081
 5872.67       0.5793       0.2004
 5873.71       1.0000       0.2044
 5874.74       1.1492       0.2031
 5875.78       0.8904       0.1914
 5876.82       0.6777       0.1828
 5877.86       0.6972       0.1764
 5878.89       0.9246       0.1738
 5879.93       1.1620       0.1787
 5880.97       1.2252       0.1828
 5882.01       1.1787       0.1836
 5883.04       0.9321       0.1791
 5884.08       0.7413       0.1860
 5885.12       0.7904       0.2280
 5886.16       0.8396       0.3135
 5887.20       0.8239       0.4375
 5888.23       0.6467       0.5548
 5889.27       0.7177       0.6273
 5890.31       1.2302       0.6432
 5891.35       1.6844       0.6092
 5892.38       1.6112       0.5418
 5893.42       1.1705       0.4756
 5894.46       1.4748       0.4560
 5895.50       1.8843       0.4575
 5896.54       1.4735       0.4284
 5897.57       1.0435       0.3783
 5898.61       0.9650       0.3096
 5899.65       0.9712       0.2393
 5900.69       1.1184       0.1955
 5901.72       1.2313       0.1798
 5902.76       1.0444       0.1766
 5903.80       0.9151       0.1818
 5904.84       1.2324       0.1927
 5905.88       1.2334       0.1915
 5906.91       0.9867       0.1842
 5907.95       0.9272       0.1862
 5908.99       1.1204       0.1827
 5910.03       1.1837       0.1725
 5911.06       0.7078       0.1668
 5912.10       0.4074       0.1765
 5913.14       0.7585       0.2010
 5914.18       1.3457       0.2269
 5915.21       1.5740       0.2399
 5916.25       1.3319       0.2361
 5917.29       1.2395       0.2202
 5918.33       1.4457       0.2022
 5919.37       1.6086       0.1894
 5920.40       1.3115       0.1748
 5921.44       0.7936       0.1634
 5922.48       0.7838       0.1701
 5923.52       1.1931       0.1865
 5924.55       1.5257       0.1964
 5925.59       1.4872       0.1960
 5926.63       1.1293       0.1841
 5927.67       0.8923       0.1720
 5928.71       0.8679       0.1693
 5929.74       0.9233       0.1824
 5930.78       0.9235       0.2048
 5931.82       0.9241       0.2246
 5932.86       0.8708       0.2314
 5933.89       0.6682       0.2277
 5934.93       0.7596       0.2135
 5935.97       1.1735       0.1956
 5937.01       0.8112       0.2164
 5938.05       0.4601       0.2017
 5939.08       1.1516       0.2083
 5940.12       1.4639       0.2081
 5941.16       1.1133       0.1962
 5942.20       0.9929       0.1971
 5943.23       0.9706       0.1997
 5944.27       0.6222       0.2080
 5945.31       1.8597       0.1143
 5946.35       1.3560       0.2131
 5947.38       1.0378       0.1828
 5948.42       0.9068       0.1601
 5949.46       0.8750       0.1616
 5950.50       1.0137       0.1758
 5951.54       0.9097       0.1933
 5952.57       0.7771       0.2076
 5953.61       1.2264       0.2220
 5954.65       1.4008       0.2176
 5955.69       0.9621       0.1937
 5956.72       0.7822       0.1726
 5957.76       0.9302       0.1610
 5958.80       1.0847       0.1539
 5959.84       1.2730       0.1520
 5960.88       1.4378       0.1523
 5961.91       1.5782       0.1545
 5962.95       1.4057       0.1520
 5963.99       1.0583       0.1463
 5965.03       1.1156       0.1475
 5966.06       1.3217       0.1519
 5967.10       1.2814       0.1548
 5968.14       1.0880       0.1592
 5969.18       0.9276       0.1622
 5970.22       0.9337       0.1618
 5971.25       1.1772       0.1620
 5972.29       1.3412       0.1635
 5973.33       1.0450       0.1622
 5974.37       0.9139       0.1657
 5975.40       1.0112       0.1720
 5976.44       0.6109       0.1675
 5977.48       0.5963       0.1676
 5978.52       1.2333       0.1765
 5979.55       1.2642       0.1694
 5980.59       0.7801       0.1507
 5981.63       0.7842       0.1416
 5982.67       1.0214       0.1401
 5983.71       1.1411       0.1398
 5984.74       0.8472       0.1350
 5985.78       0.6516       0.1310
 5986.82       0.8682       0.1321
 5987.86       1.1418       0.1365
 5988.89       1.4643       0.1425
 5989.93       1.7456       0.1464
 5990.97       1.6274       0.1419
 5992.01       1.3180       0.1352
 5993.05       1.2431       0.1353
 5994.08       1.1938       0.1367
 5995.12       1.0933       0.1377
 5996.16       1.0462       0.1413
 5997.20       1.0422       0.1433
 5998.23       1.0626       0.1426
 5999.27       1.1501       0.1416
 6000.31       1.1536       0.1412
 6001.35       0.9767       0.1412
 6002.39       0.8093       0.1437
 6003.42       0.7307       0.1458
 6004.46       0.7406       0.1446
 6005.50       0.7942       0.1407
 6006.54       0.9045       0.1366
 6007.57       1.0984       0.1354
 6008.61       1.0705       0.1302
 6009.65       0.9539       0.1222
 6010.69       0.8396       0.1203
 6011.72       0.9282       0.1254
 6012.76       1.0912       0.1301
 6013.80       1.1386       0.1302
 6014.84       1.1037       0.1270
 6015.88       1.0836       0.1255
 6016.91       1.0825       0.1261
 6017.95       1.0961       0.1266
 6018.99       1.1204       0.1250
 6020.03       1.2370       0.1256
 6021.06       1.3894       0.1290
 6022.10       1.2293       0.1265
 6023.14       1.0476       0.1227
 6024.18       1.1847       0.1246
 6025.22       1.3063       0.1269
 6026.25       1.2189       0.1276
 6027.29       1.0804       0.1291
 6028.33       0.8687       0.1299
 6029.37       0.7411       0.1294
 6030.40       0.8730       0.1281
 6031.44       0.9501       0.1263
 6032.48       0.8407       0.1258
 6033.52       0.9253       0.1301
 6034.56       1.1213       0.1346
 6035.59       1.1964       0.1341
 6036.63       1.2459       0.1305
 6037.67       1.2842       0.1267
 6038.71       1.1921       0.1235
 6039.74       1.1505       0.1235
 6040.78       1.2117       0.1250
 6041.82       1.1724       0.1232
 6042.86       1.0286       0.1195
 6043.89       0.9009       0.1176
 6044.93       0.8488       0.1171
 6045.97       0.9235       0.1180
 6047.01       1.0908       0.1198
 6048.05       1.1062       0.1187
 6049.08       0.9808       0.1158
 6050.12       1.0231       0.1164
 6051.16       0.9300       0.1157
 6052.20       0.6670       0.1126
 6053.23       0.7464       0.1141
 6054.27       0.9591       0.1174
 6055.31       0.9861       0.1184
 6056.35       0.9400       0.1164
 6057.39       0.9560       0.1158
 6058.42       1.0909       0.1206
 6059.46       1.2202       0.1253
 6060.50       1.2013       0.1255
 6061.54       1.0839       0.1232
 6062.57       1.0248       0.1219
 6063.61       1.1942       0.1244
 6064.65       1.1712       0.1235
 6065.69       1.1423       0.1218
 6066.73       1.3083       0.1233
 6067.76       1.2874       0.1243
 6068.80       1.0412       0.1224
 6069.84       0.8297       0.1173
 6070.88       0.7766       0.1147
 6071.91       0.9361       0.1172
 6072.95       1.1667       0.1200
 6073.99       1.2508       0.1187
 6075.03       1.1336       0.1140
 6076.06       0.9496       0.1115
 6077.10       0.9112       0.1131
 6078.14       1.1119       0.1160
 6079.18       1.2421       0.1165
 6080.22       1.2294       0.1152
 6081.25       1.2345       0.1158
 6082.29       1.1619       0.1156
 6083.33       1.0261       0.1129
 6084.37       0.9175       0.1089
 6085.40       0.8572       0.1079
 6086.44       0.8996       0.1115
 6087.48       1.1830       0.1161
 6088.52       1.3169       0.1156
 6089.56       0.9334       0.1086
 6090.59       1.0299       0.1129
 6091.63       1.4974       0.1245
 6092.67       1.1376       0.1196
 6093.71       0.8394       0.1120
 6094.74       1.1497       0.1140
 6095.78       1.3469       0.1181
 6096.82       1.2463       0.1181
 6097.86       0.9779       0.1120
 6098.90       0.8994       0.1086
 6099.93       1.0016       0.1102
 6100.97       1.0261       0.1123
 6102.01       1.2721       0.1156
 6103.05       1.5477       0.1175
 6104.08       1.2928       0.1144
 6105.12       1.0958       0.1119
 6106.16       1.3249       0.1136
 6107.20       1.2055       0.1130
 6108.23       1.0152       0.1125
 6109.27       1.2606       0.1156
 6110.31       1.2525       0.1148
 6111.35       0.9604       0.1105
 6112.39       0.8553       0.1084
 6113.42       0.8349       0.1081
 6114.46       0.9139       0.1090
 6115.50       1.0941       0.1098
 6116.54       1.1367       0.1075
 6117.57       1.0158       0.1039
 6118.61       0.9829       0.1054
 6119.65       1.1083       0.1099
 6120.69       1.2934       0.1116
 6121.73       1.2111       0.1087
 6122.76       1.0536       0.1060
 6123.80       1.2781       0.1106
 6124.84       1.4080       0.1129
 6125.88       1.1816       0.1081
 6126.91       1.0061       0.1045
 6127.95       0.9919       0.1047
 6128.99       1.0574       0.1067
 6130.03       1.0675       0.1069
 6131.06       1.0304       0.1060
 6132.10       1.0426       0.1070
 6133.14       1.1530       0.1098
 6134.18       1.1999       0.1120
 6135.22       0.9906       0.1112
 6136.25       0.8393       0.1124
 6137.29       0.9529       0.1176
 6138.33       1.3123       0.1229
 6139.37       1.2971       0.1223
 6140.40       0.8063       0.1173
 6141.44       0.8339       0.1210
 6142.48       1.2189       0.1285
 6143.52       0.9745       0.1242
 6144.56       0.8031       0.1194
 6145.59       0.9930       0.1192
 6146.63       1.1321       0.1171
 6147.67       1.0561       0.1122
 6148.71       0.8578       0.1065
 6149.74       0.8770       0.1048
 6150.78       1.1415       0.1083
 6151.82       1.3773       0.1131
 6152.86       1.2970       0.1119
 6153.90       1.0287       0.1065
 6154.93       0.9780       0.1057
 6155.97       1.1010       0.1075
 6157.01       1.2422       0.1083
 6158.05       1.3291       0.1074
 6159.08       1.3087       0.1057
 6160.12       1.2177       0.1046
 6161.16       1.0455       0.1036
 6162.20       0.9542       0.1024
 6163.23       1.0215       0.1012
 6164.27       1.0899       0.1009
 6165.31       1.1135       0.1027
 6166.35       1.3179       0.1078
 6167.39       1.3975       0.1146
 6168.42       1.2282       0.1211
 6169.46       1.1448       0.1255
 6170.50       1.1912       0.1303
 6171.54       1.2171       0.1347
 6172.57       1.0541       0.1285
 6173.61       0.8957       0.1173
 6174.65       0.9854       0.1124
 6175.69       1.2563       0.1154
 6176.73       1.4708       0.1192
 6177.76       1.4282       0.1152
 6178.80       1.2138       0.1077
 6179.84       1.1485       0.1043
 6180.88       1.2731       0.1042
 6181.91       1.2453       0.1044
 6182.95       1.0451       0.1041
 6183.99       0.8915       0.1034
 6185.03       1.0321       0.1043
 6186.06       1.3525       0.1070
 6187.10       1.2363       0.1045
 6188.14       0.7721       0.0995
 6189.18       0.8514       0.1041
 6190.22       1.0314       0.1087
 6191.25       0.9634       0.1066
 6192.29       1.0012       0.1057
 6193.33       1.0617       0.1063
 6194.37       0.9857       0.1055
 6195.40       0.9283       0.1042
 6196.44       1.0097       0.1033
 6197.48       1.1994       0.1033
 6198.52       1.2536       0.1047
 6199.56       1.1224       0.1086
 6200.59       1.1211       0.1156
 6201.63       1.1959       0.1228
 6202.67       1.1777       0.1265
 6203.71       1.0462       0.1245
 6204.74       0.9635       0.1188
 6205.78       1.0779       0.1132
 6206.82       1.0545       0.1072
 6207.86       0.9332       0.1026
 6208.90       0.9944       0.1020
 6209.93       1.1225       0.1042
 6210.97       1.1758       0.1074
 6212.01       1.1869       0.1123
 6213.05       1.2402       0.1150
 6214.08       1.3846       0.1137
 6215.12       1.3273       0.1095
 6216.16       1.1831       0.1065
 6217.20       1.2011       0.1074
 6218.23       1.3594       0.1131
 6219.27       1.3699       0.1200
 6220.31       1.0191       0.1231
 6221.35       0.9445       0.1267
 6222.39       1.3228       0.1309
 6223.42       1.1717       0.1232
 6224.46       0.9328       0.1126
 6225.50       1.2693       0.1107
 6226.54       1.3400       0.1071
 6227.57       1.0256       0.1001
 6228.61       0.8215       0.0970
 6229.65       0.9101       0.1006
 6230.69       1.2197       0.1147
 6231.73       1.4497       0.1349
 6232.76       1.2635       0.1605
 6233.80       0.7996       0.1894
 6234.84       0.4915       0.2146
 6235.88       0.7487       0.2302
 6236.91       1.3870       0.2317
 6237.95       1.6918       0.2149
 6238.99       1.4169       0.1875
 6240.03       1.1071       0.1623
 6241.07       1.0747       0.1512
 6242.10       1.1739       0.1475
 6243.14       1.1317       0.1407
 6244.18       1.0451       0.1309
 6245.22       1.0613       0.1231
 6246.25       1.1068       0.1181
 6247.29       1.1563       0.1143
 6248.33       1.1803       0.1102
 6249.37       1.3382       0.1091
 6250.40       1.4840       0.1075
 6251.44       1.3924       0.1027
 6252.48       1.1769       0.0984
 6253.52       1.0633       0.1067
 6254.56       1.2843       0.1356
 6255.59       1.4426       0.1721
 6256.63       1.2825       0.1970
 6257.67       1.1792       0.2085
 6258.71       1.2249       0.2067
 6259.74       1.2629       0.1950
 6260.78       1.2584       0.1687
 6261.82       1.2599       0.1419
 6262.86       1.2946       0.1348
 6263.90       1.4348       0.1418
 6264.93       1.5638       0.1461
 6265.97       1.4666       0.1470
 6267.01       1.1354       0.1379
 6268.05       0.7461       0.1213
 6269.08       0.8771       0.1113
 6270.12       1.1210       0.1081
 6271.16       1.0698       0.1056
 6272.20       1.1483       0.1072
 6273.24       1.4255       0.1118
 6274.27       1.5167       0.1167
 6275.31       1.4144       0.1190
 6276.35       1.2547       0.1179
 6277.39       1.0770       0.1129
 6278.42       1.0546       0.1086
 6279.46       1.1374       0.1071
 6280.50       1.0362       0.1019
 6281.54       0.9307       0.0971
 6282.58       0.9892       0.1001
 6283.61       1.0579       0.1127
 6284.65       1.0876       0.1348
 6285.69       1.2291       0.1625
 6286.73       1.3505       0.1845
 6287.76       1.3356       0.1905
 6288.80       1.2205       0.1781
 6289.84       1.1773       0.1549
 6290.88       1.2739       0.1332
 6291.91       1.2106       0.1148
 6292.95       1.0101       0.1037
 6293.99       1.0569       0.1136
 6295.03       0.9264       0.1374
 6296.07       0.6317       0.2851
 6297.10       1.0225       0.6262
 6298.14       1.6754       1.1000
 6299.18       1.6789       1.4993
 6300.22       1.3556       1.7208
 6301.25       1.3013       1.6394
 6302.29       1.6011       1.2747
 6303.33       1.3127       0.8073
 6304.37       0.7902       0.4482
 6305.41       1.2229       0.2708
 6306.44       1.2911       0.2317
 6307.48       0.7223       0.1968
 6308.52       1.2075       0.1886
 6309.56       1.8020       0.1627
 6310.59       1.1782       0.1261
 6311.63       0.7639       0.1009
 6312.67       0.9087       0.0929
 6313.71       0.9234       0.0922
 6314.75       0.8701       0.0917
 6315.78       0.8489       0.0888
 6316.82       0.9654       0.0905
 6317.86       1.1196       0.0990
 6318.90       1.1887       0.1116
 6319.93       1.0404       0.1190
 6320.97       0.8196       0.1216
 6322.01       0.7380       0.1238
 6323.05       0.9132       0.1208
 6324.08       1.0991       0.1134
 6325.12       0.9923       0.1056
 6326.16       0.9213       0.1119
 6327.20       1.0490       0.1349
 6328.24       1.0752       0.1583
 6329.27       1.0146       0.1742
 6330.31       1.0434       0.1791
 6331.35       1.1229       0.1705
 6332.39       1.1852       0.1492
 6333.42       1.1565       0.1219
 6334.46       1.1028       0.1018
 6335.50       1.0275       0.0921
 6336.54       0.9948       0.0893
 6337.58       0.8369       0.0875
 6338.61       0.6290       0.0847
 6339.65       0.7504       0.0879
 6340.69       1.0641       0.0941
 6341.73       1.3147       0.0992
 6342.76       1.1494       0.0976
 6343.80       0.8924       0.0959
 6344.84       0.8872       0.1011
 6345.88       0.8126       0.1047
 6346.92       0.7383       0.1060
 6347.95       1.0823       0.1124
 6348.99       1.3110       0.1167
 6350.03       1.1346       0.1144
 6351.07       1.0487       0.1092
 6352.10       0.9947       0.1073
 6353.14       0.8712       0.1131
 6354.18       0.9866       0.1278
 6355.22       1.2402       0.1435
 6356.25       1.3476       0.1532
 6357.29       1.3086       0.1441
 6358.33       1.2749       0.1412
 6359.37       1.5066       0.1650
 6360.41       1.3597       0.2426
 6361.44       0.7751       0.3632
 6362.48       0.7235       0.4869
 6363.52       0.8225       0.5518
 6364.56       0.4764       0.5314
 6365.59       0.5126       0.4752
 6366.63       0.9988       0.3736
 6367.67       1.3150       0.2491
 6368.71       1.3996       0.1625
 6369.75       1.1799       0.0937
 6370.78       0.7662       0.0387
 6371.82       1.1455       0.0977
 6372.86       1.0346       0.0928
 6373.90       1.0574       0.0904
 6374.93       1.1551       0.0913
 6375.97       1.2479       0.0940
 6377.01       1.1495       0.0966
 6378.05       1.0384       0.0997
 6379.08       1.2476       0.1052
 6380.12       1.2527       0.1052
 6381.16       0.9249       0.0996
 6382.20       0.7724       0.0962
 6383.24       1.0852       0.1022
 6384.27       1.6094       0.1146
 6385.31       1.6065       0.1223
 6386.35       1.1536       0.1205
 6387.39       0.8753       0.1138
 6388.42       0.9826       0.1076
 6389.46       1.2917       0.1036
 6390.50       1.3493       0.0973
 6391.54       1.0921       0.0916
 6392.58       0.8700       0.0890
 6393.61       0.8853       0.0898
 6394.65       1.0084       0.0905
 6395.69       1.0518       0.0893
 6396.73       1.0848       0.0862
 6397.76       1.1321       0.0839
 6398.80       1.1892       0.0855
 6399.84       1.2680       0.0878
 6400.88       1.2609       0.0878
 6401.92       1.0326       0.0859
 6402.95       0.9240       0.0851
 6403.99       1.0615       0.0863
 6405.03       1.1078       0.0867
 6406.07       1.0545       0.0859
 6407.10       1.0421       0.0848
 6408.14       1.0067       0.0833
 6409.18       0.9976       0.0837
 6410.22       1.1510       0.0880
 6411.25       1.1678       0.0906
 6412.29       0.9985       0.0895
 6413.33       1.0082       0.0898
 6414.37       1.0891       0.0908
 6415.41       1.0884       0.0908
 6416.44       1.2148       0.0909
 6417.48       1.2937       0.0918
 6418.52       1.1372       0.0932
 6419.56       1.0089       0.0945
 6420.59       0.9990       0.0943
 6421.63       0.9330       0.0917
 6422.67       0.8110       0.0876
 6423.71       0.7391       0.0842
 6424.75       0.8824       0.0839
 6425.78       0.9917       0.0837
 6426.82       0.8649       0.0810
 6427.86       1.1332       0.0831
 6428.90       1.4514       0.0865
 6429.93       1.1788       0.0842
 6430.97       0.7783       0.0799
 6432.01       0.6916       0.0782
 6433.05       0.8655       0.0799
 6434.08       0.9673       0.0817
 6435.12       0.9038       0.0818
 6436.16       1.1918       0.0840
 6437.20       1.3859       0.0848
 6438.24       1.1389       0.0822
 6439.27       1.0002       0.0811
 6440.31       1.0254       0.0812
 6441.35       0.9598       0.0797
 6442.39       0.9745       0.0803
 6443.42       1.0484       0.0828
 6444.46       0.9594       0.0822
 6445.50       0.8503       0.0799
 6446.54       0.8916       0.0796
 6447.58       1.0546       0.0832
 6448.61       1.2031       0.0873
 6449.65       1.2207       0.0879
 6450.69       1.1565       0.0876
 6451.73       1.1262       0.0883
 6452.76       1.1388       0.0889
 6453.80       1.2135       0.0896
 6454.84       1.2343       0.0897
 6455.88       1.0382       0.0878
 6456.92       1.0161       0.0873
 6457.95       1.2800       0.0903
 6458.99       1.2433       0.0920
 6460.03       1.0136       0.0935
 6461.07       0.9885       0.0980
 6462.10       0.8379       0.1049
 6463.14       0.6651       0.1160
 6464.18       1.0024       0.1321
 6465.22       1.1041       0.1410
 6466.25       0.7537       0.1399
 6467.29       0.8870       0.1397
 6468.33       1.1104       0.1390
 6469.37       1.0077       0.1345
 6470.41       0.8171       0.1297
 6471.44       0.8582       0.1257
 6472.48       1.1985       0.1215
 6473.52       1.2164       0.1099
 6474.56       0.8675       0.0940
 6475.59       0.6873       0.0862
 6476.63       0.9782       0.0895
 6477.67       1.3802       0.0946
 6478.71       1.3774       0.0934
 6479.75       1.0343       0.0867
 6480.78       0.9171       0.0831
 6481.82       0.9550       0.0809
 6482.86       1.0457       0.0788
 6483.90       0.9276       0.0752
 6484.93       0.8225       0.0729
 6485.97       0.8367       0.0729
 6487.01       0.8199       0.0739
 6488.05       0.8240       0.0752
 6489.08       0.8873       0.0760
 6490.12       0.9744       0.0756
 6491.16       1.0179       0.0748
 6492.20       0.9766       0.0761
 6493.24       0.9769       0.0777
 6494.27       1.0234       0.0868
 6495.31       0.9855       0.1064
 6496.35       0.9561       0.1353
 6497.39       0.9765       0.1640
 6498.42       1.0469       0.1804
 6499.46       0.9571       0.1775
 6500.50       0.7386       0.1611
 6501.54       0.9663       0.1416
 6502.58       1.2776       0.1265
 6503.61       1.0873       0.1149
 6504.65       1.0428       0.1142
 6505.69       1.3037       0.1156
 6506.73       1.3432       0.1083
 6507.76       1.2494       0.0963
 6508.80       1.2380       0.0873
 6509.84       1.2734       0.0950
 6510.88       1.1385       0.0938
 6511.92       0.9073       0.0934
 6512.95       0.8554       0.0968
 6513.99       0.9765       0.0990
 6515.03       1.0778       0.0955
 6516.07       1.0525       0.0912
 6517.10       0.9138       0.0894
 6518.14       0.7573       0.0870
 6519.18       0.9004       0.0922
 6520.22       1.3073       0.1055
 6521.26       1.4149       0.1134
 6522.29       1.3089       0.1167
 6523.33       1.3063       0.1197
 6524.37       1.0051       0.0981
 6525.41       0.6565       0.0873
 6526.44       0.7430       0.0817
 6527.48       1.0548       0.0819
 6528.52       1.2291       0.0885
 6529.56       1.1704       0.1005
 6530.59       1.0000       0.1204
 6531.63       0.9469       0.1440
 6532.67       0.8686       0.1593
 6533.71       0.8103       0.1584
 6534.75       0.8920       0.1440
 6535.78       1.1943       0.1225
 6536.82       1.4488       0.1024
 6537.86       1.3204       0.0876
 6538.90       1.0470       0.0826
 6539.93       0.9474       0.0856
 6540.97       1.0179       0.0937
 6542.01       1.0829       0.1011
 6543.05       0.9679       0.1048
 6544.09       0.8418       0.1062
 6545.12       0.8219       0.1042
 6546.16       0.8865       0.0983
 6547.20       1.0093       0.0900
 6548.24       1.1433       0.0860
 6549.27       1.2618       0.0903
 6550.31       1.1275       0.1051
 6551.35       0.9050       0.1279
 6552.39       1.1051       0.1532
 6553.43       1.3614       0.1670
 6554.46       1.2773       0.1619
 6555.50       1.0536       0.1419
 6556.54       0.9021       0.1157
 6557.58       0.9841       0.0924
 6558.61       1.1948       0.0848
 6559.65       1.2969       0.0907
 6560.69       1.0203       0.0974
 6561.73       0.8702       0.1034
 6562.76       1.0673       0.1080
 6563.80       0.9185       0.1039
 6564.84       0.7290       0.0971
 6565.88       0.8909       0.0951
 6566.92       0.9935       0.0949
 6567.95       0.9108       0.0946
 6568.99       0.8524       0.0941
 6570.03       0.9935       0.0940
 6571.07       1.2417       0.0920
 6572.10       1.2569       0.0847
 6573.14       1.1121       0.0817
 6574.18       1.0141       0.0913
 6575.22       0.9398       0.1109
 6576.26       1.0268       0.1300
 6577.29       1.2292       0.1373
 6578.33       1.0965       0.1306
 6579.37       0.7947       0.1146
 6580.41       0.8027       0.0966
 6581.44       0.9900       0.0838
 6582.48       1.0783       0.0765
 6583.52       0.9962       0.0726
 6584.56       0.8936       0.0708
 6585.60       0.8856       0.0698
 6586.63       0.8870       0.0685
 6587.67       0.8962       0.0677
 6588.71       0.9260       0.0690
 6589.75       1.0730       0.0703
 6590.78       1.3261       0.0719
 6591.82       1.4326       0.0747
 6592.86       1.3376       0.0777
 6593.90       1.1590       0.0803
 6594.93       1.0903       0.0819
 6595.97       1.1684       0.0847
 6597.01       1.2107       0.0881
 6598.05       0.9974       0.0844
 6599.09       0.8026       0.0781
 6600.12       1.0010       0.0782
 6601.16       1.0802       0.0860
 6602.20       0.9239       0.0960
 6603.24       1.0393       0.1020
 6604.27       1.0822       0.1023
 6605.31       0.9288       0.0990
 6606.35       0.9106       0.0919
 6607.39       0.9775       0.0825
 6608.43       0.9693       0.0736
 6609.46       1.0183       0.0708
 6610.50       1.1058       0.0720
 6611.54       1.1000       0.0716
 6612.58       1.1216       0.0714
 6613.61       1.1263       0.0717
 6614.65       0.9175       0.0705
 6615.69       0.8265       0.0694
 6616.73       0.9814       0.0695
 6617.77       0.9612       0.0692
 6618.80       0.8647       0.0689
 6619.84       0.9183       0.0692
 6620.88       1.0727       0.0705
 6621.92       1.2015       0.0719
 6622.95       1.1988       0.0724
 6623.99       1.0787       0.0725
 6625.03       0.9825       0.0734
 6626.07       0.9017       0.0747
 6627.10       0.9992       0.0769
 6628.14       1.1721       0.0786
 6629.18       1.0164       0.0766
 6630.22       0.8387       0.0749
 6631.26       1.0073       0.0775
 6632.29       1.2384       0.0821
 6633.33       1.3095       0.0856
 6634.37       1.2127       0.0867
 6635.41       0.9723       0.0832
 6636.44       0.7702       0.0769
 6637.48       0.8117       0.0735
 6638.52       0.9532       0.0725
 6639.56       0.9206       0.0705
 6640.60       0.8535       0.0695
 6641.63       0.8408       0.0689
 6642.67       1.0080       0.0694
 6643.71       1.0927       0.0690
 6644.75       0.9843       0.0675
 6645.78       0.8645       0.0666
 6646.82       0.9205       0.0682
 6647.86       1.1034       0.0706
 6648.90       0.9199       0.0680
 6649.94       0.7405       0.0658
 6650.97       1.0720       0.0706
 6652.01       1.3129       0.0739
 6653.05       1.3132       0.0738
 6654.09       1.3050       0.0743
 6655.12       1.3576       0.0744
 6656.16       1.3929       0.0732
 6657.20       1.1807       0.0705
 6658.24       0.9783       0.0684
 6659.27       1.0278       0.0691
 6660.31       1.1259       0.0717
 6661.35       1.2109       0.0746
 6662.39       1.2872       0.0763
 6663.43       1.2524       0.0759
 6664.46       1.1164       0.0745
 6665.50       1.0403       0.0746
 6666.54       1.2127       0.0769
 6667.58       1.4855       0.0790
 6668.61       1.2800       0.0761
 6669.65       0.9746       0.0718
 6670.69       1.0094       0.0704
 6671.73       0.9135       0.0682
 6672.77       0.8236       0.0664
 6673.80       1.0328       0.0675
 6674.84       1.2000       0.0686
 6675.88       1.1842       0.0685
 6676.92       1.1999       0.0690
 6677.95       1.1367       0.0682
 6678.99       1.0716       0.0667
 6680.03       1.0961       0.0669
 6681.07       1.2209       0.0687
 6682.10       1.3293       0.0704
 6683.14       1.2728       0.0691
 6684.18       1.1140       0.0670
 6685.22       1.0635       0.0678
 6686.26       1.0766       0.0689
 6687.29       1.0976       0.0684
 6688.33       1.1401       0.0676
 6689.37       1.1221       0.0664
 6690.41       1.0448       0.0651
 6691.44       0.9579       0.0648
 6692.48       0.9563       0.0650
 6693.52       1.0488       0.0652
 6694.56       1.2113       0.0671
 6695.60       1.2164       0.0687
 6696.63       0.9368       0.0672
 6697.67       0.8145       0.0675
 6698.71       0.9613       0.0705
 6699.75       0.9764       0.0708
 6700.78       0.9940       0.0704
 6701.82       1.1624       0.0720
 6702.86       1.2092       0.0724
 6703.90       1.1182       0.0714
 6704.94       1.0342       0.0702
 6705.97       1.1265       0.0701
 6707.01       1.2723       0.0703
 6708.05       1.1863       0.0685
 6709.09       1.1440       0.0678
 6710.12       1.2771       0.0690
 6711.16       1.2724       0.0694
 6712.20       1.2603       0.0693
 6713.24       1.3572       0.0696
 6714.27       1.2724       0.0698
 6715.31       1.0391       0.0691
 6716.35       0.8462       0.0673
 6717.39       0.8267       0.0667
 6718.43       0.9838       0.0679
 6719.46       1.2010       0.0697
 6720.50       1.2775       0.0695
 6721.54       1.1821       0.0672
 6722.58       1.1321       0.0662
 6723.61       1.0322       0.0653
 6724.65       0.8472       0.0631
 6725.69       1.0545       0.0639
 6726.73       1.3806       0.0670
 6727.77       1.2888       0.0690
 6728.80       1.1113       0.0679
 6729.84       1.0761       0.0657
 6730.88       1.0271       0.0658
 6731.92       1.0904       0.0676
 6732.95       1.2082       0.0681
 6733.99       1.1296       0.0661
 6735.03       1.0314       0.0641
 6736.07       1.1416       0.0647
 6737.10       1.3603       0.0670
 6738.14       1.4071       0.0681
 6739.18       1.1297       0.0659
 6740.22       0.9501       0.0654
 6741.26       1.0107       0.0677
 6742.29       0.8829       0.0675
 6743.33       0.8695       0.0675
 6744.37       1.1424       0.0697
 6745.41       1.2311       0.0699
 6746.44       1.0931       0.0677
 6747.48       0.9408       0.0652
 6748.52       1.0214       0.0648
 6749.56       1.2177       0.0655
 6750.60       1.1731       0.0640
 6751.63       1.0878       0.0637
 6752.67       1.1236       0.0651
 6753.71       1.1021       0.0643
 6754.75       1.1059       0.0634
 6755.78       1.2129       0.0646
 6756.82       1.1320       0.0645
 6757.86       1.0446       0.0636
 6758.90       1.1956       0.0637
 6759.94       1.2676       0.0647
 6760.97       1.1467       0.0650
 6762.01       1.1727       0.0646
 6763.05       1.1530       0.0636
 6764.09       1.0728       0.0632
 6765.12       0.9705       0.0629
 6766.16       1.0351       0.0640
 6767.20       1.2669       0.0662
 6768.24       1.1264       0.0636
 6769.27       0.8647       0.0604
 6770.31       1.0727       0.0642
 6771.35       1.3384       0.0670
 6772.39       1.3697       0.0657
 6773.43       1.3560       0.0657
 6774.46       1.1716       0.0647
 6775.50       0.9508       0.0621
 6776.54       0.8758       0.0608
 6777.58       0.9518       0.0616
 6778.61       1.0674       0.0631
 6779.65       1.0927       0.0636
 6780.69       1.0733       0.0632
 6781.73       1.1351       0.0637
 6782.77       1.1392       0.0642
 6783.80       1.0262       0.0645
 6784.84       0.9013       0.0653
 6785.88       0.9453       0.0661
 6786.92       1.1364       0.0660
 6787.95       1.1609       0.0648
 6788.99       1.0727       0.0639
 6790.03       1.0962       0.0641
 6791.07       1.1789       0.0643
 6792.11       1.2146       0.0636
 6793.14       1.1513       0.0627
 6794.18       1.0232       0.0621
 6795.22       0.9441       0.0619
 6796.26       1.0181       0.0622
 6797.29       1.1253       0.0622
 6798.33       1.1505       0.0619
 6799.37       1.1502       0.0620
 6800.41       1.1833       0.0634
 6801.44       1.2996       0.0659
 6802.48       1.4100       0.0675
 6803.52       1.3900       0.0671
 6804.56       1.2220       0.0656
 6805.60       1.1413       0.0641
 6806.63       1.2378       0.0635
 6807.67       1.3136       0.0641
 6808.71       1.2570       0.0641
 6809.75       1.1150       0.0628
 6810.78       0.9894       0.0618
 6811.82       0.9353       0.0620
 6812.86       0.9466       0.0633
 6813.90       1.1649       0.0650
 6814.94       1.4460       0.0663
 6815.97       1.4883       0.0667
 6817.01       1.3823       0.0662
 6818.05       1.3328       0.0654
 6819.09       1.1572       0.0640
 6820.12       0.9976       0.0624
 6821.16       1.1104       0.0633
 6822.20       1.2330       0.0636
 6823.24       1.2399       0.0676
 6824.28       1.2293       0.0796
 6825.31       1.2307       0.1025
 6826.35       1.1310       0.1360
 6827.39       0.7083       0.1695
 6828.43       0.5090       0.1944
 6829.46       0.8365       0.2089
 6830.50       1.2378       0.2132
 6831.54       1.4745       0.2136
 6832.58       1.4935       0.2110
 6833.61       1.3523       0.2059
 6834.65       1.2045       0.1928
 6835.69       1.1617       0.1710
 6836.73       1.2431       0.1410
 6837.77       1.2684       0.1101
 6838.80       1.0896       0.0917
 6839.84       0.9243       0.0880
 6840.88       0.9715       0.0899
 6841.92       1.0756       0.0924
 6842.95       1.0985       0.0882
 6843.99       0.9988       0.0797
 6845.03       0.9519       0.0714
 6846.07       0.9941       0.0660
 6847.11       1.0026       0.0621
 6848.14       1.0264       0.0624
 6849.18       1.0764       0.0654
 6850.22       1.1787       0.0672
 6851.26       1.2335       0.0667
 6852.29       1.1571       0.0651
 6853.33       0.9816       0.0627
 6854.37       0.8615       0.0608
 6855.41       1.0509       0.0620
 6856.45       1.0358       0.0612
 6857.48       0.8556       0.0609
 6858.52       1.1390       0.0645
 6859.56       1.2642       0.0848
 6860.60       1.1286       0.1322
 6861.63       1.4067       0.1977
 6862.67       1.4749       0.2535
 6863.71       0.8850       0.2765
 6864.75       0.6062       0.2863
 6865.78       0.8291       0.2792
 6866.82       0.9288       0.2360
 6867.86       1.0167       0.1864
 6868.90       1.1848       0.1574
 6869.94       1.1207       0.1506
 6870.97       0.9214       0.1502
 6872.01       0.8088       0.1376
 6873.05       0.8343       0.1213
 6874.09       0.8668       0.1027
 6875.12       0.7690       0.0868
 6876.16       0.7738       0.0806
 6877.20       0.9252       0.0833
 6878.24       1.0524       0.0882
 6879.28       1.0685       0.0942
 6880.31       1.0047       0.0981
 6881.35       0.9533       0.0965
 6882.39       0.9783       0.0909
 6883.43       1.0752       0.0864
 6884.46       1.0163       0.0797
 6885.50       0.9303       0.0820
 6886.54       1.0273       0.0998
 6887.58       1.2294       0.1231
 6888.62       1.3869       0.1378
 6889.65       1.4237       0.1396
 6890.69       1.3356       0.1293
 6891.73       1.1328       0.1127
 6892.77       0.9358       0.0936
 6893.80       0.9173       0.0807
 6894.84       1.0203       0.0757
 6895.88       1.0811       0.0755
 6896.92       1.0044       0.0783
 6897.95       0.7433       0.0839
 6898.99       0.7190       0.0971
 6900.03       0.9397       0.1118
 6901.07       1.1088       0.1158
 6902.11       1.1957       0.1095
 6903.14       1.2300       0.0986
 6904.18       1.1210       0.0858
 6905.22       0.9786       0.0733
 6906.26       0.9225       0.0634
 6907.29       0.9852       0.0624
 6908.33       1.0326       0.0710
 6909.37       0.9091       0.0838
 6910.41       0.8856       0.1040
 6911.45       1.0521       0.1241
 6912.48       1.1899       0.1288
 6913.52       1.0875       0.1208
 6914.56       0.8324       0.1088
 6915.60       0.8101       0.0913
 6916.63       0.9611       0.0735
 6917.67       1.0563       0.0644
 6918.71       1.1084       0.0687
 6919.75       1.2079       0.0915
 6920.79       1.3844       0.1278
 6921.82       1.4975       0.1646
 6922.86       1.4287       0.1853
 6923.90       1.0780       0.1835
 6924.94       0.9174       0.1580
 6925.97       1.1277       0.1212
 6927.01       1.0999       0.0880
 6928.05       0.8944       0.0688
 6929.09       0.9384       0.0615
 6930.12       1.0764       0.0613
 6931.16       1.1901       0.0600
 6932.20       1.1403       0.0586
 6933.24       1.1018       0.0569
 6934.28       1.1538       0.0587
 6935.31       1.1739       0.0656
 6936.35       1.1430       0.0787
 6937.39       1.0970       0.0943
 6938.43       0.9221       0.1071
 6939.46       0.8618       0.1144
 6940.50       1.2221       0.1176
 6941.54       1.3991       0.1087
 6942.58       1.2427       0.0901
 6943.62       1.2930       0.0718
 6944.65       1.3519       0.0699
 6945.69       1.2129       0.0905
 6946.73       1.2000       0.1250
 6947.77       1.2980       0.1599
 6948.80       1.3723       0.1811
 6949.84       1.4180       0.1804
 6950.88       1.3979       0.1572
 6951.92       1.3083       0.1215
 6952.96       1.2305       0.0895
 6953.99       1.1869       0.0705
 6955.03       1.1273       0.0642
 6956.07       1.0936       0.0639
 6957.11       1.1105       0.0620
 6958.14       1.0303       0.0612
 6959.18       0.9280       0.0610
 6960.22       0.9359       0.0615
 6961.26       0.9451       0.0612
 6962.29       0.9638       0.0608
 6963.33       1.0747       0.0625
 6964.37       1.2135       0.0646
 6965.41       1.2364       0.0676
 6966.45       1.0333       0.0724
 6967.48       0.8633       0.0805
 6968.52       0.9448       0.0901
 6969.56       1.1163       0.0977
 6970.60       1.2099       0.0982
 6971.63       1.1914       0.0914
 6972.67       1.1154       0.0793
 6973.71       1.0988       0.0737
 6974.75       1.2071       0.0820
 6975.79       1.1809       0.1014
 6976.82       0.9872       0.1216
 6977.86       1.1938       0.1393
 6978.90       1.1660       0.1411
 6979.94       0.5476       0.1246
 6980.97       0.6031       0.1045
 6982.01       1.0968       0.0875
 6983.05       1.1103       0.0720
 6984.09       0.9811       0.0647
 6985.12       0.9901       0.0628
 6986.16       1.0452       0.0620
 6987.20       1.0081       0.0602
 6988.24       0.9095       0.0581
 6989.28       0.9802       0.0586
 6990.31       1.1768       0.0604
 6991.35       1.2918       0.0609
 6992.39       1.1417       0.0587
 6993.43       0.9663       0.0569
 6994.46       1.0620       0.0590
 6995.50       1.2025       0.0618
 6996.54       1.1910       0.0629
 6997.58       1.1708       0.0632
 6998.62       1.1770       0.0636
 6999.65       1.2205       0.0656
 7000.69       1.2650       0.0697
 7001.73       1.2828       0.0750
 7002.77       1.2612       0.0789
 7003.80       1.2312       0.0791
 7004.84       1.1569       0.0750
 7005.88       1.0093       0.0691
 7006.92       0.9397       0.0651
 7007.96       0.9873       0.0669
 7008.99       1.0323       0.0747
 7010.03       1.0831       0.0858
 7011.07       1.1691       0.0938
 7012.11       1.1971       0.0942
 7013.14       1.1931       0.0865
 7014.18       1.2256       0.0757
 7015.22       1.2868       0.0654
 7016.26       1.2831       0.0580
 7017.29       1.1319       0.0542
 7018.33       0.9634       0.0534
 7019.37       0.9213       0.0537
 7020.41       0.9769       0.0548
 7021.45       1.1579       0.0563
 7022.48       1.3858       0.0589
 7023.52       1.4820       0.0560
 7024.56       1.5869       0.0560
 7025.60       1.7283       0.0647
 7026.63       1.4740       0.0745
 7027.67       1.3914       0.0752
 7028.71       1.2933       0.0763
 7029.75       1.2457       0.0770
 7030.79       1.2859       0.0767
 7031.82       1.3217       0.0760
 7032.86       1.1961       0.0735
 7033.90       0.8884       0.0695
 7034.94       0.8875       0.0675
 7035.97       1.1746       0.0528
 7037.01       1.2862       0.0441
 7038.05       1.2488       0.0612
 7039.09       1.1357       0.0607
 7040.12       1.1240       0.0640
 7041.16       1.0808       0.0659
 7042.20       0.9929       0.0660
 7043.24       1.1819       0.0681
 7044.28       1.2856       0.0718
 7045.31       0.9738       0.0752
 7046.35       1.0739       0.0841
 7047.39       1.4661       0.0947
 7048.43       1.3313       0.0971
 7049.46       0.9991       0.0925
 7050.50       0.8514       0.0853
 7051.54       0.8117       0.0775
 7052.58       0.8339       0.0724
 7053.62       0.8500       0.0704
 7054.65       0.9921       0.0711
 7055.69       1.1443       0.0724
 7056.73       1.1496       0.0733
 7057.77       1.1533       0.0731
 7058.80       1.2163       0.0734
 7059.84       1.3346       0.0765
 7060.88       1.2527       0.0780
 7061.92       1.0716       0.0769
 7062.96       1.1879       0.0774
 7063.99       1.3939       0.0805
 7065.03       1.3551       0.0839
 7066.07       1.4059       0.0848
 7067.11       1.4217       0.0827
 7068.14       1.1318       0.0798
 7069.18       1.0858       0.0775
 7070.22       1.2770       0.0760
 7071.26       1.1045       0.0744
 7072.29       0.9626       0.0733
 7073.33       1.1569       0.0732
 7074.37       1.4362       0.0735
 7075.41       1.4725       0.0735
 7076.45       1.1933       0.0730
 7077.48       1.0897       0.0724
 7078.52       1.2342       0.0722
 7079.56       1.3240       0.0732
 7080.60       1.3195       0.0739
 7081.63       1.2654       0.0738
 7082.67       1.1455       0.0724
 7083.71       1.1430       0.0722
 7084.75       1.2908       0.0754
 7085.79       1.3846       0.0790
 7086.82       1.3449       0.0852
 7087.86       1.2472       0.0946
 7088.90       1.1002       0.1000
 7089.94       1.0176       0.1000
 7090.97       0.9315       0.1194
 7092.01       0.9734       0.1140
 7093.05       1.1446       0.1088
 7094.09       1.2067       0.1058
 7095.13       1.2188       0.1038
 7096.16       1.2795       0.1014
 7097.20       1.3592       0.1059
 7098.24       1.3182       0.0963
 7099.28       0.9498       0.0393
 7100.31       1.1336       0.1038
 7101.35       1.0718       0.0875
 7102.39       0.9218       0.0974
 7103.43       0.9891       0.0882
 7104.46       1.2154       0.0878
 7105.50       1.2975       0.0884
 7106.54       1.3094       0.0815
 7107.58       1.0613       0.0665
 7108.62       1.0116       0.0709
 7109.65       1.1874       0.0735
 7110.69       1.2515       0.0732
 7111.73       1.1787       0.0707
 7112.77       1.0510       0.0690
 7113.80       1.0697       0.0683
 7114.84       1.1363       0.0687
 7115.88       1.1124       0.0692
 7116.92       1.3314       0.0723
 7117.96       1.4340       0.0729
 7118.99       1.1678       0.0686
 7120.03       1.0673       0.0664
 7121.07       1.1599       0.0670
 7122.11       1.0996       0.0662
 7123.14       1.0998       0.0687
 7124.18       1.2019       0.0764
 7125.22       1.2670       0.0845
 7126.26       1.2471       0.0941
 7127.30       1.1623       0.1038
 7128.33       1.0016       0.1044
 7129.37       1.0387       0.1022
 7130.41       1.3550       0.1054
 7131.45       1.3884       0.1067
 7132.48       1.1737       0.1050
 7133.52       1.1517       0.1038
 7134.56       1.4066       0.1047
 7135.60       1.6833       0.1045
 7136.63       1.5805       0.0981
 7137.67       1.3174       0.0927
 7138.71       1.2661       0.0950
 7139.75       1.4124       0.1018
 7140.79       1.5058       0.1084
 7141.82       1.3726       0.1125
 7142.86       1.3177       0.1194
 7143.90       1.3401       0.1261
 7144.94       1.0385       0.1212
 7145.97       1.0110       0.1180
 7147.01       1.3735       0.1213
 7148.05       1.2317       0.1135
 7149.09       0.9094       0.1016
 7150.13       0.9735       0.0971
 7151.16       1.1230       0.0959
 7152.20       1.2387       0.0937
 7153.24       1.2089       0.0882
 7154.28       1.2668       0.0859
 7155.31       1.3773       0.0878
 7156.35       1.3394       0.0890
 7157.39       1.2457       0.0915
 7158.43       1.2108       0.0961
 7159.47       1.2974       0.1017
 7160.50       1.3568       0.1047
 7161.54       1.3832       0.1054
 7162.58       1.3663       0.1068
 7163.62       1.2995       0.1089
 7164.65       1.2003       0.1090
 7165.69       1.1000       0.1087
 7166.73       1.0495       0.1093
 7167.77       1.0823       0.1104
 7168.80       1.2012       0.1126
 7169.84       1.2638       0.1145
 7170.88       1.0813       0.1149
 7171.92       0.9006       0.1131
 7172.96       1.0376       0.1106
 7173.99       1.1189       0.1129
 7175.03       1.0560       0.1183
 7176.07       0.9339       0.1177
 7177.11       0.9870       0.1159
 7178.14       1.1665       0.1150
 7179.18       1.1138       0.1120
 7180.22       0.9960       0.1070
 7181.26       1.0596       0.1029
 7182.30       1.1853       0.1053
 7183.33       1.2566       0.1112
 7184.37       1.3297       0.1144
 7185.41       1.1859       0.1123
 7186.45       0.9161       0.1055
 7187.48       0.7450       0.0972
 7188.52       0.8743       0.0927
 7189.56       1.0891       0.0921
 7190.60       1.0063       0.0884
 7191.64       0.6970       0.0852
 7192.67       0.4997       0.0870
 7193.71       0.7945       0.0921
 7194.75       1.1470       0.0945
 7195.79       1.0202       0.0913
 7196.82       0.9594       0.0916
 7197.86       1.2112       0.0995
 7198.90       1.4430       0.1092
 7199.94       1.4440       0.1129
 7200.97       1.3432       0.1109
 7202.01       1.4410       0.1099
 7203.05       1.4595       0.1085
 7204.09       1.1172       0.1031
 7205.13       0.9300       0.0984
 7206.16       0.9855       0.0950
 7207.20       1.2376       0.0936
 7208.24       1.2666       0.0905
 7209.28       1.0576       0.0856
 7210.31       0.8245       0.0822
 7211.35       0.8803       0.0817
 7212.39       1.1611       0.0816
 7213.43       1.2605       0.0798
 7214.47       1.1556       0.0783
 7215.50       1.0622       0.0792
 7216.54       1.0900       0.0792
 7217.58       1.1743       0.0782
 7218.62       1.1019       0.0786
 7219.65       1.0820       0.0811
 7220.69       1.1757       0.0844
 7221.73       1.1675       0.0875
 7222.77       1.1009       0.0887
 7223.81       1.1399       0.0892
 7224.84       1.1502       0.0892
 7225.88       1.1205       0.0875
 7226.92       1.0846       0.0838
 7227.96       1.0160       0.0831
 7228.99       0.8854       0.0859
 7230.03       0.6567       0.0865
 7231.07       0.8211       0.0937
 7232.11       1.2917       0.1085
 7233.14       1.2245       0.1106
 7234.18       0.9055       0.1152
 7235.22       0.9647       0.1525
 7236.26       1.3384       0.2233
 7237.30       1.5925       0.3351
 7238.33       1.3539       0.4628
 7239.37       1.1384       0.5481
 7240.41       1.2123       0.5930
 7241.45       1.3745       0.6353
 7242.48       1.1692       0.6474
 7243.52       0.6047       0.6187
 7244.56       0.5493       0.6094
 7245.60       1.0120       0.5786
 7246.64       1.4100       0.4742
 7247.67       1.4430       0.3406
 7248.71       1.2189       0.2250
 7249.75       1.1505       0.1584
 7250.79       0.9923       0.1478
 7251.82       0.8879       0.1592
 7252.86       1.2040       0.1774
 7253.90       1.4480       0.1842
 7254.94       1.2647       0.1761
 7255.98       1.0257       0.1503
 7257.01       0.9334       0.1198
 7258.05       0.9984       0.1004
 7259.09       1.2499       0.0923
 7260.13       1.4095       0.0891
 7261.16       1.2395       0.0885
 7262.20       0.9206       0.0892
 7263.24       0.7907       0.0911
 7264.28       0.8945       0.0929
 7265.31       1.1007       0.0973
 7266.35       1.1810       0.1038
 7267.39       1.1970       0.1072
 7268.43       1.1593       0.1047
 7269.47       1.0494       0.1025
 7270.50       0.9148       0.0989
 7271.54       0.8886       0.1259
 7272.58       1.1280       0.1897
 7273.62       1.1874       0.3374
 7274.65       0.8289       0.5429
 7275.69       0.1858       0.7077
 7276.73       0.3931       0.7503
 7277.77       1.7809       0.6662
 7278.81       1.6103       0.4608
 7279.84       0.3511       0.2599
 7280.88       0.5400       0.1759
 7281.92       1.0386       0.2011
 7282.96       1.1947       0.2507
 7283.99       1.0905       0.2876
 7285.03       1.0465       0.2859
 7286.07       1.2335       0.2559
 7287.11       0.9107       0.2046
 7288.15       0.6435       0.1515
 7289.18       1.0055       0.1133
 7290.22       1.2525       0.0987
 7291.26       1.1104       0.0987
 7292.30       0.9862       0.1040
 7293.33       0.7208       0.1128
 7294.37       0.5659       0.1234
 7295.41       1.0740       0.1365
 7296.45       1.4196       0.1375
 7297.48       1.0797       0.1226
 7298.52       0.7636       0.0996
 7299.56       0.8573       0.0936
 7300.60       1.2023       0.1157
 7301.64       1.2647       0.1566
 7302.67       1.0911       0.1946
 7303.71       1.1009       0.2129
 7304.75       1.2460       0.2034
 7305.79       1.2817       0.1718
 7306.82       1.0090       0.1262
 7307.86       0.6168       0.0902
 7308.90       0.5117       0.0776
 7309.94       0.7360       0.0769
 7310.98       1.1069       0.0850
 7312.01       1.3204       0.1101
 7313.05       1.6239       0.1952
 7314.09       1.6853       0.3254
 7315.13       0.8088       0.4265
 7316.16       0.4215       0.4688
 7317.20       0.9894       0.4458
 7318.24       1.1182       0.3666
 7319.28       0.8293       0.2488
 7320.31       0.7889       0.1320
 7321.35       0.7474       0.0706
 7322.39       0.8010       0.0588
 7323.43       1.0654       0.0597
 7324.47       1.0001       0.0661
 7325.50       0.6497       0.0838
 7326.54       0.4179       0.1227
 7327.58       0.6180       0.1747
 7328.62       1.0469       0.2148
 7329.65       1.0704       0.2207
 7330.69       0.8899       0.1924
 7331.73       0.9545       0.1523
 7332.77       0.8991       0.1076
 7333.81       0.7202       0.0713
 7334.84       0.6076       0.0557
 7335.88       1.0078       0.0635
 7336.92       1.6478       0.1113
 7337.96       1.6237       0.2050
 7338.99       1.4289       0.3300
 7340.03       1.5306       0.4362
 7341.07       1.2322       0.4785
 7342.11       0.5421       0.4284
 7343.15      -0.0600       0.3137
 7344.18       0.1022       0.1964
 7345.22       0.6664       0.1217
 7346.26       0.7177       0.0852
 7347.30       0.6806       0.0801
 7348.33       0.8637       0.0783
 7349.37       1.0184       0.0806
 7350.41       1.0535       0.0794
 7351.45       0.9763       0.0763
 7352.48       1.0136       0.0717
 7353.52       1.0040       0.0707
 7354.56       0.7547       0.0744
 7355.60       0.5864       0.1086
 7356.64       0.6813       0.1584
 7357.67       0.9713       0.1875
 7358.71       1.0489       0.1912
 7359.75       1.0095       0.1811
 7360.79       0.8263       0.1513
 7361.82       0.8362       0.1139
 7362.86       1.0782       0.0857
 7363.90       1.1325       0.0687
 7364.94       0.8852       0.0799
 7365.98       0.8422       0.1272
 7367.01       0.8818       0.2005
 7368.05       0.7770       0.2682
 7369.09       0.4027       0.3035
 7370.13       0.4626       0.2970
 7371.16       1.0889       0.2573
 7372.20       1.0418       0.1836
 7373.24       0.6722       0.1127
 7374.28       0.7996       0.0746
 7375.32       1.0206       0.0640
 7376.35       1.0568       0.0598
 7377.39       0.9144       0.0558
 7378.43       0.7375       0.0524
 7379.47       0.7005       0.0514
 7380.50       0.7843       0.0518
 7381.54       0.8627       0.0522
 7382.58       0.8612       0.0520
 7383.62       0.7286       0.0511
 7384.65       0.6478       0.0503
 7385.69       0.7312       0.0513
 7386.73       0.9142       0.0527
 7387.77       1.0460       0.0602
 7388.81       0.9732       0.0754
 7389.84       0.9201       0.0987
 7390.88       0.9830       0.1222
 7391.92       1.0786       0.1360
 7392.96       0.9312       0.1330
 7393.99       0.5398       0.1163
 7395.03       0.5548       0.0907
 7396.07       0.9010       0.0695
 7397.11       1.0875       0.0641
 7398.15       0.9860       0.0835
 7399.18       0.7961       0.1277
 7400.22       0.9678       0.1837
 7401.26       0.8928       0.2225
 7402.30       0.4531       0.2256
 7403.33       0.6497       0.2032
 7404.37       0.9685       0.1577
 7405.41       0.7137       0.1011
 7406.45       0.8075       0.0657
 7407.49       1.0974       0.0543
 7408.52       0.8735       0.0491
 7409.56       0.8182       0.0508
 7410.60       1.0862       0.0538
 7411.64       1.0398       0.0554
 7412.67       0.9134       0.0555
 7413.71       0.9494       0.0560
 7414.75       0.6797       0.0536
 7415.79       0.5543       0.0518
 7416.82       0.9441       0.0534
 7417.86       1.1217       0.0537
 7418.90       0.8581       0.0512
 7419.94       0.5961       0.0488
 7420.98       0.6809       0.0499
 7422.01       1.0400       0.0535
 7423.05       1.2047       0.0544
 7424.09       1.0228       0.0515
 7425.13       0.7191       0.0502
 7426.16       0.6393       0.0557
 7427.20       0.7751       0.0692
 7428.24       0.8465       0.0835
 7429.28       1.0175       0.0948
 7430.32       1.1762       0.0981
 7431.35       1.0895       0.0932
 7432.39       0.9527       0.0790
 7433.43       0.9771       0.0665
 7434.47       1.1826       0.0678
 7435.50       1.3261       0.0868
 7436.54       1.2534       0.1129
 7437.58       1.1364       0.1354
 7438.62       0.9942       0.1434
 7439.66       0.7987       0.1365
 7440.69       0.6021       0.1128
 7441.73       0.5655       0.0834
 7442.77       0.8413       0.0624
 7443.81       1.0437       0.0531
 7444.84       0.9211       0.0486
 7445.88       0.7414       0.0475
 7446.92       0.6989       0.0468
 7447.96       0.8421       0.0474
 7448.99       0.9161       0.0484
 7450.03       0.8549       0.0488
 7451.07       0.8876       0.0489
 7452.11       0.9951       0.0492
 7453.15       1.0922       0.0496
 7454.18       0.9238       0.0482
 7455.22       0.7732       0.0479
 7456.26       0.8720       0.0509
 7457.30       0.8980       0.0523
 7458.33       0.8958       0.0537
 7459.37       0.9870       0.0578
 7460.41       1.0559       0.0624
 7461.45       1.0646       0.0670
 7462.49       1.0551       0.0711
 7463.52       0.9649       0.0749
 7464.56       0.8462       0.0793
 7465.60       0.8152       0.0833
 7466.64       0.9688       0.0864
 7467.67       1.2318       0.0899
 7468.71       1.3763       0.0934
 7469.75       1.3016       0.1013
 7470.79       1.1236       0.1137
 7471.83       0.7898       0.1250
 7472.86       0.5551       0.1288
 7473.90       0.7038       0.1235
 7474.94       0.7879       0.1110
 7475.98       0.5954       0.1009
 7477.01       0.7897       0.1016
 7478.05       0.9482       0.1101
 7479.09       0.8262       0.1191
 7480.13       0.7575       0.1316
 7481.16       0.8614       0.1426
 7482.20       1.0112       0.1457
 7483.24       1.1396       0.1418
 7484.28       1.1313       0.1300
 7485.32       0.9572       0.1102
 7486.35       0.8044       0.0871
 7487.39       0.9216       0.0679
 7488.43       1.2035       0.0596
 7489.47       1.2664       0.0584
 7490.50       0.9832       0.0579
 7491.54       0.9069       0.0631
 7492.58       1.0239       0.0697
 7493.62       0.9379       0.0715
 7494.66       0.8373       0.0694
 7495.69       0.8600       0.0651
 7496.73       0.9644       0.0583
 7497.77       1.0768       0.0538
 7498.81       1.1022       0.0527
 7499.84       0.9564       0.0517
 7500.88       0.8570       0.0506
 7501.92       0.9875       0.0508
 7502.96       1.1138       0.0506
 7504.00       1.0840       0.0496
 7505.03       0.9719       0.0487
 7506.07       0.8816       0.0480
 7507.11       0.9060       0.0474
 7508.15       1.0199       0.0476
 7509.18       1.0637       0.0476
 7510.22       0.9966       0.0473
 7511.26       0.9783       0.0472
 7512.30       1.0037       0.0477
 7513.33       0.9876       0.0489
 7514.37       1.1005       0.0539
 7515.41       1.2516       0.0613
 7516.45       1.1888       0.0664
 7517.49       1.1099       0.0671
 7518.52       1.0827       0.0715
 7519.56       0.8120       0.0805
 7520.60       0.7395       0.1144
 7521.64       1.0487       0.1736
 7522.67       0.8043       0.2261
 7523.71       0.5132       0.2564
 7524.75       1.1171       0.2661
 7525.79       1.3406       0.2308
 7526.83       0.9223       0.1686
 7527.86       0.8595       0.1217
 7528.90       1.0898       0.1064
 7529.94       1.3072       0.1081
 7530.98       1.3931       0.1124
 7532.01       1.3110       0.1043
 7533.05       1.1617       0.0866
 7534.09       0.9585       0.0671
 7535.13       0.8172       0.0542
 7536.17       0.7527       0.0501
 7537.20       0.7906       0.0534
 7538.24       0.8443       0.0579
 7539.28       0.8569       0.0621
 7540.32       0.9556       0.0644
 7541.35       1.1372       0.0646
 7542.39       1.0884       0.0614
 7543.43       1.0162       0.0571
 7544.47       1.1762       0.0547
 7545.50       1.1769       0.0530
 7546.54       0.9928       0.0509
 7547.58       0.8949       0.0485
 7548.62       0.9634       0.0484
 7549.66       1.0785       0.0501
 7550.69       1.0284       0.0502
 7551.73       0.9218       0.0492
 7552.77       0.9308       0.0512
 7553.81       0.9897       0.0585
 7554.84       1.0890       0.0707
 7555.88       1.1626       0.0823
 7556.92       0.9174       0.0883
 7557.96       0.5937       0.0873
 7559.00       0.6914       0.0825
 7560.03       0.8797       0.0737
 7561.07       0.9082       0.0632
 7562.11       1.0964       0.0566
 7563.15       1.2096       0.0538
 7564.18       1.1406       0.0535
 7565.22       1.2181       0.0570
 7566.26       1.3553       0.0635
 7567.30       1.2750       0.0732
 7568.33       1.1958       0.0974
 7569.37       1.1822       0.1385
 7570.41       1.1370       0.1787
 7571.45       1.0596       0.2039
 7572.49       1.0158       0.2047
 7573.52       1.0098       0.1806
 7574.56       1.1323       0.1408
 7575.60       1.3200       0.1000
 7576.64       1.2154       0.0700
 7577.67       0.9475       0.0537
 7578.71       0.9254       0.0484
 7579.75       1.0007       0.0482
 7580.79       1.0259       0.0480
 7581.83       1.0138       0.0514
 7582.86       0.9178       0.0606
 7583.90       0.8228       0.0753
 7584.94       0.9943       0.0899
 7585.98       1.1612       0.0980
 7587.01       1.0130       0.0971
 7588.05       0.8645       0.0883
 7589.09       0.8653       0.0760
 7590.13       0.8604       0.0653
 7591.17       0.9404       0.0612
 7592.20       1.0752       0.0685
 7593.24       1.0869       0.0813
 7594.28       1.0529       0.1070
 7595.32       1.0088       0.1746
 7596.35       1.5245       0.2743
 7597.39       1.5397       0.4127
 7598.43       0.5004       0.6169
 7599.47       0.1023       0.7878
 7600.50       0.5590       0.8568
 7601.54       0.5281       0.8327
 7602.58       0.8350       0.7763
 7603.62       1.6273       0.7380
 7604.66       0.8789       0.6885
 7605.69       0.5349       0.6852
 7606.73       1.8034       0.7060
 7607.77       2.2401       0.6653
 7608.81       1.5405       0.5616
 7609.84       0.9903       0.4707
 7610.88       1.0809       0.3941
 7611.92       1.2035       0.3056
 7612.96       1.0661       0.2343
 7614.00       0.9523       0.1976
 7615.03       0.9326       0.1787
 7616.07       0.9382       0.1690
 7617.11       0.9090       0.1605
 7618.15       0.9122       0.1575
 7619.18       1.0831       0.1574
 7620.22       1.2548       0.1565
 7621.26       1.1808       0.1553
 7622.30       0.9582       0.1521
 7623.33       0.9134       0.1620
 7624.37       1.1903       0.1887
 7625.41       1.2549       0.2454
 7626.45       0.9092       0.3233
 7627.49       0.9479       0.3948
 7628.52       1.0594       0.4482
 7629.56       0.6893       0.4763
 7630.60       0.6459       0.4262
 7631.64       1.0219       0.3234
 7632.67       1.1862       0.2427
 7633.71       1.1786       0.1987
 7634.75       1.1106       0.1775
 7635.79       1.2623       0.1712
 7636.83       1.3386       0.1681
 7637.86       1.1486       0.1639
 7638.90       0.9972       0.1539
 7639.94       0.8309       0.1414
 7640.98       0.6165       0.1358
 7642.01       0.6372       0.1339
 7643.05       0.9215       0.1314
 7644.09       1.2211       0.1280
 7645.13       1.2615       0.1210
 7646.17       1.1123       0.1127
 7647.20       0.9360       0.1074
 7648.24       0.9161       0.1053
 7649.28       1.0350       0.1056
 7650.32       1.0666       0.1117
 7651.35       1.0218       0.1207
 7652.39       1.0492       0.1264
 7653.43       1.1050       0.1294
 7654.47       1.1434       0.1254
 7655.50       0.9987       0.1096
 7656.54       0.9615       0.0923
 7657.58       1.1325       0.0858
 7658.62       1.1247       0.0871
 7659.66       1.0358       0.1045
 7660.69       1.0126       0.1350
 7661.73       0.9292       0.1591
 7662.77       0.7926       0.1681
 7663.81       0.6365       0.1669
 7664.84       0.8237       0.1543
 7665.88       1.2314       0.1331
 7666.92       1.3261       0.1081
 7667.96       1.1925       0.0905
 7669.00       1.1181       0.0833
 7670.03       1.1688       0.0830
 7671.07       1.2114       0.0820
 7672.11       1.0756       0.0781
 7673.15       1.1375       0.0776
 7674.18       1.2946       0.0785
 7675.22       1.1321       0.0748
 7676.26       0.9986       0.0720
 7677.30       1.0331       0.0731
 7678.33       0.8651       0.0738
 7679.37       0.8484       0.0758
 7680.41       1.1262       0.0798
 7681.45       1.1304       0.0817
 7682.49       0.9570       0.0827
 7683.52       0.9751       0.0854
 7684.56       1.0817       0.0892
 7685.60       1.2539       0.0933
 7686.64       1.3632       0.0956
 7687.67       1.2732       0.0961
 7688.71       1.0678       0.0959
 7689.75       1.0362       0.0949
 7690.79       1.0957       0.0929
 7691.83       1.0732       0.0903
 7692.86       1.0524       0.0881
 7693.90       1.0361       0.0861
 7694.94       1.0698       0.0854
 7695.98       1.1453       0.0910
 7697.01       1.1907       0.1036
 7698.05       1.0905       0.1166
 7699.09       0.9892       0.1241
 7700.13       1.0054       0.1230
 7701.17       0.9901       0.1145
 7702.20       1.0059       0.1003
 7703.24       1.1612       0.0853
 7704.28       1.2331       0.0765
 7705.32       1.1806       0.0716
 7706.35       1.0782       0.0691
 7707.39       1.0351       0.0751
 7708.43       1.1289       0.1212
 7709.47       1.3386       0.2170
 7710.50       1.3252       0.3336
 7711.54       0.9736       0.4395
 7712.58       0.6224       0.5313
 7713.62       0.3515       0.5857
 7714.66       0.1263       0.5900
 7715.69       0.5619       0.5997
 7716.73       1.1920       0.5968
 7717.77       1.1905       0.5218
 7718.81       1.0527       0.4046
 7719.84       1.1765       0.2865
 7720.88       1.2536       0.1952
 7721.92       1.2429       0.1553
 7722.96       1.1953       0.1551
 7724.00       1.1440       0.1777
 7725.03       1.0388       0.1906
 7726.07       0.9471       0.1879
 7727.11       0.8606       0.1655
 7728.15       0.8182       0.1315
 7729.18       0.8729       0.0989
 7730.22       0.9742       0.0801
 7731.26       1.0594       0.0754
 7732.30       1.0402       0.0787
 7733.34       1.0222       0.0836
 7734.37       1.1761       0.0878
 7735.41       1.2146       0.0886
 7736.45       1.0789       0.0863
 7737.49       0.9343       0.0826
 7738.52       0.9625       0.0777
 7739.56       1.0944       0.0726
 7740.60       1.0513       0.0684
 7741.64       1.1295       0.0683
 7742.68       1.3387       0.0720
 7743.71       1.3751       0.0730
 7744.75       1.2055       0.0741
 7745.79       0.9804       0.1025
 7746.83       0.8779       0.1888
 7747.86       0.9840       0.3553
 7748.90       1.2116       0.5484
 7749.94       1.0442       0.6893
 7750.98       0.7474       0.7153
 7752.01       1.4022       0.6379
 7753.05       1.8121       0.4684
 7754.09       1.2044       0.2791
 7755.13       1.1961       0.1585
 7756.17       1.5438       0.1397
 7757.20       1.2799       0.1768
 7758.24       1.1776       0.2334
 7759.28       1.1925       0.2692
 7760.32       0.9132       0.2940
 7761.35       0.9928       0.2752
 7762.39       1.4619       0.2134
 7763.43       1.5207       0.1403
 7764.47       1.2339       0.0887
 7765.51       1.0469       0.0674
 7766.54       1.0133       0.0642
 7767.58       1.1063       0.0665
 7768.62       1.1786       0.0753
 7769.66       0.9683       0.0897
 7770.69       0.7775       0.1131
 7771.73       0.9788       0.1427
 7772.77       1.1385       0.1629
 7773.81       1.0217       0.1643
 7774.85       1.0386       0.1540
 7775.88       1.1965       0.1358
 7776.92       1.3077       0.1212
 7777.96       1.1975       0.1338
 7779.00       0.9861       0.1671
 7780.03       0.9338       0.1912
 7781.07       0.9743       0.1981
 7782.11       0.9959       0.1816
 7783.15       0.9724       0.1453
 7784.18       0.8387       0.1079
 7785.22       0.6751       0.0856
 7786.26       0.9228       0.0833
 7787.30       1.2065       0.0872
 7788.34       1.1047       0.0926
 7789.37       0.8928       0.1071
 7790.41       0.8843       0.1701
 7791.45       1.1550       0.2866
 7792.49       1.4365       0.4067
 7793.52       1.4975       0.4740
 7794.56       1.1552       0.4678
 7795.60       1.1403       0.4084
 7796.64       1.5927       0.3254
 7797.68       1.3222       0.2049
 7798.71       0.8481       0.1040
 7799.75       1.3199       0.0703
 7800.79       1.4866       0.0689
 7801.83       1.1927       0.0638
 7802.86       1.0960       0.0627
 7803.90       1.1022       0.0710
 7804.94       1.1014       0.0993
 7805.98       1.0582       0.1365
 7807.02       1.0144       0.1845
 7808.05       1.0798       0.2294
 7809.09       1.2111       0.2396
 7810.13       1.3472       0.2096
 7811.17       1.4384       0.1629
 7812.20       1.3583       0.1174
 7813.24       1.2048       0.0882
 7814.28       1.2761       0.0800
 7815.32       1.1345       0.0732
 7816.35       0.8181       0.0769
 7817.39       1.2546       0.1151
 7818.43       1.5359       0.2187
 7819.47       0.9423       0.3668
 7820.51       0.8403       0.4859
 7821.54       1.1307       0.5347
 7822.58       1.0656       0.5205
 7823.62       1.2309       0.4139
 7824.66       1.6083       0.2596
 7825.69       1.7409       0.1383
 7826.73       1.3717       0.0812
 7827.77       0.8853       0.0630
 7828.81       0.8531       0.0658
 7829.85       1.1484       0.0672
 7830.88       1.2416       0.0676
 7831.92       1.2974       0.0664
 7832.96       1.2193       0.0632
 7834.00       1.0514       0.0608
 7835.03       1.1431       0.0588
 7836.07       1.4103       0.0632
 7837.11       1.3262       0.0738
 7838.15       1.1732       0.1048
 7839.19       1.1900       0.1527
 7840.22       1.0583       0.1884
 7841.26       0.9044       0.2017
 7842.30       0.9505       0.1972
 7843.34       1.1519       0.1649
 7844.37       1.3915       0.1194
 7845.41       1.5847       0.0865
 7846.45       1.3538       0.0748
 7847.49       0.9683       0.0884
 7848.52       1.0710       0.1136
 7849.56       1.5188       0.1882
 7850.60       1.8279       0.3251
 7851.64       1.7875       0.4613
 7852.68       2.0690       0.5727
 7853.71       3.0665       0.6365
 7854.75       3.7953       0.5992
 7855.79       4.2221       0.4834
 7856.83       6.0191       0.3362
 7857.86       4.7581       0.2898
 7858.90       3.2976       0.2894
 7859.94       2.6500       0.3117
 7860.98       2.3810       0.3060
 7862.02       1.5591       0.2559
 7863.05       1.2788       0.1158
 7864.09       1.0442       0.1117
 7865.13       0.9813       0.1008
 7866.17       0.7676       0.1161
 7867.20       0.6387       0.1535
 7868.24       1.2102       0.2205
 7869.28       1.4203       0.2725
 7870.32       0.8447       0.2806
 7871.35       0.7917       0.2658
 7872.39       1.0349       0.2241
 7873.43       0.9054       0.1618
 7874.47       0.9149       0.1083
 7875.51       1.1711       0.0912
 7876.54       1.3306       0.1118
 7877.58       1.3716       0.1505
 7878.62       1.4476       0.1840
 7879.66       1.7503       0.2133
 7880.69       2.0877       0.2198
 7881.73       2.1494       0.1992
 7882.77       1.9736       0.1665
 7883.81       1.7911       0.1335
 7884.85       1.7375       0.1114
 7885.88       1.6925       0.1168
 7886.92       1.4536       0.1595
 7887.96       1.0471       0.2252
 7889.00       0.7432       0.2843
 7890.03       0.6550       0.3059
 7891.07       0.6183       0.2871
 7892.11       0.7368       0.2295
 7893.15       0.9896       0.1570
 7894.19       1.0603       0.1015
 7895.22       1.0017       0.0750
 7896.26       1.0244       0.0655
 7897.30       1.1523       0.0651
 7898.34       1.2420       0.0606
 7899.37       1.1608       0.0573
 7900.41       1.0275       0.0548
 7901.45       0.9813       0.0542
 7902.49       1.0217       0.0556
 7903.52       1.0488       0.0580
 7904.56       1.0782       0.0607
 7905.60       1.1204       0.0621
 7906.64       1.1857       0.0613
 7907.68       1.2210       0.0667
 7908.71       1.3406       0.0800
 7909.75       1.3140       0.1477
 7910.79       0.6929       0.2836
 7911.83       0.4904       0.4605
 7912.86       1.0600       0.6026
 7913.90       0.9284       0.6461
 7914.94       0.8532       0.5786
 7915.98       1.6648       0.4565
 7917.02       1.9776       0.3091
 7918.05       1.4559       0.2188
 7919.09       0.8395       0.2267
 7920.13       0.6958       0.2829
 7921.17       1.0092       0.3040
 7922.20       1.0482       0.2881
 7923.24       1.1988       0.2282
 7924.28       1.6386       0.1545
 7925.32       1.6368       0.0949
 7926.35       1.2461       0.0702
 7927.39       0.9243       0.0779
 7928.43       0.6728       0.1164
 7929.47       0.6647       0.1656
 7930.51       0.9735       0.2064
 7931.54       1.1208       0.2219
 7932.58       0.8828       0.2059
 7933.62       0.5997       0.1626
 7934.66       0.5864       0.1122
 7935.69       0.8726       0.0743
 7936.73       1.0070       0.0564
 7937.77       0.9226       0.0516
 7938.81       0.9418       0.0500
 7939.85       1.0013       0.0520
 7940.88       0.9761       0.0540
 7941.92       0.7537       0.0555
 7942.96       0.7401       0.0571
 7944.00       0.9645       0.0639
 7945.03       0.8117       0.0737
 7946.07       0.7111       0.0966
 7947.11       1.0746       0.1314
 7948.15       0.9827       0.1567
 7949.19       0.6641       0.1648
 7950.22       0.9450       0.1621
 7951.26       0.9927       0.1373
 7952.30       0.7146       0.0988
 7953.34       0.7912       0.0688
 7954.37       0.9657       0.0537
 7955.41       0.9573       0.0470
 7956.45       0.9694       0.0466
 7957.49       0.9533       0.0442
 7958.52       0.8638       0.0455
 7959.56       0.9513       0.0480
 7960.60       1.1425       0.0887
 7961.64       1.1732       0.1817
 7962.68       1.0121       0.3090
 7963.71       0.7973       0.4232
 7964.75       0.7734       0.4808
 7965.79       0.5587       0.4533
 7966.83       0.1838       0.3607
 7967.86       0.7207       0.2398
 7968.90       1.4391       0.1415
 7969.94       1.2754       0.0855
 7970.98       0.9015       0.0662
 7972.02       0.8234       0.0580
 7973.05       0.9914       0.0607
 7974.09       1.0394       0.0682
 7975.13       0.8220       0.0875
 7976.17       0.7473       0.1227
 7977.20       0.7123       0.1717
 7978.24       0.6209       0.2175
 7979.28       0.5953       0.2367
 7980.32       0.8770       0.2247
 7981.36       1.4638       0.1953
 7982.39       1.5275       0.1434
 7983.43       1.1057       0.0886
 7984.47       1.0455       0.0612
 7985.51       1.0420       0.0556
 7986.54       0.9017       0.0560
 7987.58       0.9701       0.0586
 7988.62       1.1906       0.0766
 7989.66       1.3525       0.1365
 7990.69       0.9717       0.2547
 7991.73       0.5083       0.4013
 7992.77       0.6720       0.5044
 7993.81       0.5335       0.5303
 7994.85       0.2409       0.4690
 7995.88       1.0108       0.3413
 7996.92       1.7517       0.2057
 7997.96       1.5425       0.1094
 7999.00       1.0351       0.0689
 8000.03       0.8112       0.0639
 8001.07       1.0206       0.0616
 8002.11       1.1393       0.0622
 8003.15       1.0331       0.0590
 8004.19       0.9740       0.0565
 8005.22       0.9751       0.0538
 8006.26       0.9787       0.0509
 8007.30       0.8782       0.0487
 8008.34       0.7583       0.0474
 8009.37       0.7332       0.0532
 8010.41       0.9185       0.0713
 8011.45       1.0838       0.1029
 8012.49       1.0325       0.1369
 8013.53       0.8898       0.1602
 8014.56       0.8652       0.1651
 8015.60       1.1042       0.1556
 8016.64       1.1559       0.1300
 8017.68       0.9212       0.0994
 8018.71       0.9751       0.0822
 8019.75       1.1996       0.0761
 8020.79       1.2120       0.0811
 8021.83       1.0024       0.1057
 8022.86       0.7252       0.1691
 8023.90       0.6162       0.2622
 8024.94       0.8226       0.3467
 8025.98       1.0655       0.3860
 8027.02       0.8941       0.3744
 8028.05       0.8881       0.3048
 8029.09       1.2235       0.2075
 8030.13       1.1298       0.1287
 8031.17       0.8730       0.0874
 8032.20       0.9456       0.0680
 8033.24       0.9857       0.0629
 8034.28       0.9946       0.0569
 8035.32       1.1676       0.0546
 8036.36       1.2015       0.0528
 8037.39       1.1145       0.0510
 8038.43       1.1815       0.0515
 8039.47       1.3196       0.0527
 8040.51       1.3729       0.0529
 8041.54       1.3751       0.0529
 8042.58       1.2540       0.0516
 8043.62       1.0175       0.0487
 8044.66       0.8538       0.0462
 8045.70       0.8399       0.0459
 8046.73       0.9161       0.0485
 8047.77       1.0126       0.0576
 8048.81       1.0755       0.0760
 8049.85       1.1439       0.0992
 8050.88       1.0717       0.1184
 8051.92       0.9357       0.1261
 8052.96       0.8715       0.1225
 8054.00       0.8480       0.1055
 8055.04       0.7772       0.0803
 8056.07       1.0142       0.0594
 8057.11       1.3437       0.0549
 8058.15       1.3105       0.0657
 8059.19       1.0548       0.1008
 8060.22       0.9037       0.1514
 8061.26       0.9477       0.1938
 8062.30       1.1352       0.2126
 8063.34       1.2547       0.2040
 8064.37       1.1691       0.1645
 8065.41       0.9724       0.1128
 8066.45       0.8785       0.0720
 8067.49       0.8984       0.0530
 8068.53       1.0154       0.0482
 8069.56       1.0613       0.0470
 8070.60       1.0683       0.0470
 8071.64       1.0621       0.0473
 8072.68       0.9323       0.0469
 8073.71       0.8976       0.0483
 8074.75       1.0718       0.0528
 8075.79       1.1176       0.0562
 8076.83       0.9505       0.0563
 8077.87       0.7412       0.0538
 8078.90       0.7507       0.0524
 8079.94       0.9387       0.0526
 8080.98       0.9178       0.0505
 8082.02       0.8209       0.0509
 8083.05       0.8025       0.0555
 8084.09       0.7926       0.0584
 8085.13       0.7669       0.0586
 8086.17       0.8622       0.0584
 8087.21       0.7924       0.0537
 8088.24       0.8047       0.0489
 8089.28       1.2486       0.0506
 8090.32       1.3685       0.0561
 8091.36       0.9536       0.0628
 8092.39       0.8199       0.0715
 8093.43       0.7827       0.0775
 8094.47       0.6415       0.0776
 8095.51       0.7147       0.0727
 8096.54       0.8548       0.0634
 8097.58       0.8326       0.0542
 8098.62       0.9032       0.0561
 8099.66       1.0565       0.0729
 8100.70       1.0668       0.0951
 8101.73       1.0329       0.1134
 8102.77       1.0228       0.1192
 8103.81       0.9744       0.1133
 8104.85       0.9388       0.0962
 8105.88       0.9370       0.0747
 8106.92       0.9300       0.0594
 8107.96       0.8828       0.0525
 8109.00       0.8523       0.0491
 8110.04       0.8969       0.0490
 8111.07       0.8906       0.0478
 8112.11       0.7204       0.0450
 8113.15       0.6912       0.0432
 8114.19       0.9387       0.0441
 8115.22       1.1381       0.0449
 8116.26       1.1583       0.0448
 8117.30       1.0450       0.0442
 8118.34       0.8191       0.0424
 8119.38       0.7269       0.0416
 8120.41       0.8906       0.0439
 8121.45       0.9439       0.0453
 8122.49       0.8125       0.0446
 8123.53       0.8995       0.0449
 8124.56       0.8841       0.0451
 8125.60       0.6357       0.0448
 8126.64       0.6674       0.0460
 8127.68       0.8382       0.0477
 8128.71       0.8682       0.0483
 8129.75       0.7692       0.0470
 8130.79       0.6960       0.0461
 8131.83       0.8171       0.0479
 8132.87       0.8846       0.0496
 8133.90       0.8022       0.0501
 8134.94       0.8245       0.0513
 8135.98       0.9033       0.0546
 8137.02       0.9306       0.0597
 8138.05       0.8984       0.0628
 8139.09       0.8542       0.0637
 8140.13       0.8859       0.0637
 8141.17       0.8735       0.0592
 8142.21       0.8493       0.0531
 8143.24       0.9374       0.0507
 8144.28       1.0476       0.0556
 8145.32       1.0392       0.0642
 8146.36       0.9282       0.0699
 8147.39       0.8276       0.0704
 8148.43       0.8955       0.0678
 8149.47       0.9502       0.0612
 8150.51       0.9966       0.0536
 8151.54       1.0581       0.0481
 8152.58       1.0948       0.0460
 8153.62       1.0722       0.0451
 8154.66       1.0327       0.0440
 8155.70       0.9461       0.0429
 8156.73       0.8165       0.0419
 8157.77       0.7615       0.0408
 8158.81       0.7272       0.0407
 8159.85       0.7268       0.0432
 8160.88       0.7678       0.0478
 8161.92       0.8333       0.0525
 8162.96       0.9096       0.0549
 8164.00       0.8813       0.0535
 8165.04       0.8050       0.0495
 8166.07       0.8899       0.0461
 8167.11       0.9387       0.0445
 8168.15       0.8688       0.0441
 8169.19       0.9618       0.0461
 8170.22       1.0611       0.0465
 8171.26       0.9676       0.0431
 8172.30       0.8991       0.0408
 8173.34       0.9305       0.0410
 8174.38       0.9578       0.0411
 8175.41       0.9777       0.0425
 8176.45       1.0082       0.0462
 8177.49       0.9885       0.0516
 8178.53       0.9572       0.0551
 8179.56       0.9373       0.0557
 8180.60       0.9307       0.0544
 8181.64       0.9064       0.0524
 8182.68       0.8374       0.0505
 8183.71       0.6679       0.0500
 8184.75       0.6251       0.0522
 8185.79       0.9876       0.0566
 8186.83       1.1109       0.0601
 8187.87       0.8300       0.0612
 8188.90       0.7835       0.0615
 8189.94       0.8866       0.0601
 8190.98       0.8872       0.0575
 8192.02       0.8340       0.0563
 8193.05       0.7409       0.0586
 8194.09       0.6510       0.0624
 8195.13       0.6166       0.0678
 8196.17       0.6496       0.0696
 8197.21       0.7827       0.0650
 8198.24       0.9137       0.0578
 8199.28       0.9882       0.0530
 8200.32       0.9291       0.0492
 8201.36       0.7896       0.0452
 8202.39       0.7328       0.0421
 8203.43       0.7156       0.0422
 8204.47       0.7310       0.0446
 8205.51       0.7806       0.0466
 8206.54       0.8947       0.0483
 8207.58       1.0008       0.0489
 8208.62       1.0100       0.0481
 8209.66       0.8933       0.0457
 8210.70       0.7149       0.0431
 8211.73       0.7747       0.0423
 8212.77       0.9593       0.0435
 8213.81       0.9404       0.0443
 8214.85       0.8045       0.0434
 8215.88       0.7431       0.0422
 8216.92       0.8579       0.0432
 8217.96       1.0757       0.0442
 8219.00       1.1531       0.0435
 8220.04       0.9601       0.0419
 8221.07       0.7547       0.0416
 8222.11       0.7110       0.0436
 8223.15       0.7796       0.0449
 8224.19       0.8620       0.0470
 8225.22       0.8948       0.0517
 8226.26       1.0012       0.0593
 8227.30       1.0915       0.0666
 8228.34       0.9872       0.0690
 8229.38       0.8666       0.0677
 8230.41       0.8842       0.0648
 8231.45       0.9987       0.0603
 8232.49       1.0282       0.0548
 8233.53       0.8857       0.0491
 8234.56       0.8141       0.0460
 8235.60       0.8305       0.0441
 8236.64       0.7849       0.0413
 8237.68       0.7493       0.0406
 8238.71       0.7632       0.0425
 8239.75       0.8556       0.0454
 8240.79       0.9881       0.0488
 8241.83       1.0473       0.0514
 8242.87       0.9630       0.0509
 8243.90       0.7855       0.0490
 8244.94       0.6482       0.0482
 8245.98       0.7680       0.0501
 8247.02       0.9685       0.0530
 8248.05       0.9745       0.0545
 8249.09       0.8512       0.0527
 8250.13       0.7819       0.0491
 8251.17       0.7833       0.0464
 8252.21       0.9035       0.0455
 8253.24       1.0150       0.0456
 8254.28       0.9215       0.0472
 8255.32       0.8179       0.0487
 8256.36       1.0067       0.0492
 8257.39       1.0150       0.0478
 8258.43       0.8720       0.0457
 8259.47       0.9387       0.0448
 8260.51       0.9734       0.0432
 8261.54       0.8657       0.0410
 8262.58       0.8053       0.0415
 8263.62       0.7918       0.0424
 8264.66       0.8201       0.0422
 8265.70       0.9141       0.0431
 8266.73       1.0301       0.0450
 8267.77       1.0488       0.0464
 8268.81       0.9696       0.0454
 8269.85       0.8674       0.0434
 8270.88       0.7999       0.0434
 8271.92       0.7607       0.0442
 8272.96       0.7400       0.0489
 8274.00       0.7987       0.0571
 8275.04       0.6644       0.0796
 8276.07       0.3007       0.1237
 8277.11       0.2831       0.1727
 8278.15       0.5931       0.2300
 8279.19       0.8422       0.2912
 8280.22       0.9268       0.3301
 8281.26       1.0153       0.3354
 8282.30       1.5317       0.3177
 8283.34       1.2744       0.2702
 8284.38       0.2447       0.2321
 8285.41       0.3713       0.2587
 8286.45       1.1551       0.3471
 8287.49       1.3476       0.4310
 8288.53       1.1325       0.4681
 8289.56       0.9095       0.4257
 8290.60       1.1319       0.3313
 8291.64       1.1259       0.2256
 8292.68       0.7468       0.1589
 8293.71       0.2088       0.1227
 8294.75       1.1512       0.2766
 8295.79       0.4548       0.4168
 8296.83       0.7268       0.5692
 8297.87       1.2818       0.6732
 8298.90       0.9453       0.6958
 8299.94       0.1781       0.6230
 8300.98       0.0218       0.4848
 8302.02       1.0412       0.3341
 8303.05       1.3972       0.2081
 8304.09       0.5824       0.1199
 8305.13       0.3792       0.0860
 8306.17      -0.1256       0.0199
 8307.21       0.6912       0.0793
 8308.24       1.0491       0.1211
 8309.28       1.0701       0.1551
 8310.32       0.6008       0.1758
 8311.36       0.4989       0.1788
 8312.39       0.8177       0.1599
 8313.43       0.8870       0.1199
 8314.47       0.8563       0.0821
 8315.51       0.8631       0.0623
 8316.54       0.8730       0.0576
 8317.58       0.8528       0.0610
 8318.62       0.7860       0.0629
 8319.66       0.8630       0.0638
 8320.70       0.9613       0.0599
 8321.73       0.9128       0.0541
 8322.77       0.9045       0.0513
 8323.81       0.9973       0.0547
 8324.85       0.8837       0.0538
 8325.88       0.7353       0.0521
 8326.92       0.6975       0.0511
 8327.96       0.6986       0.0503
 8329.00       0.7922       0.0341
 8330.04       0.7866       0.0369
 8331.07       0.8197       0.0444
 8332.11       0.9156       0.0432
 8333.15       0.9256       0.0449
 8334.19       0.9109       0.0475
 8335.22       0.9155       0.0517
 8336.26       0.9282       0.0592
 8337.30       0.7639       0.0600
 8338.34       0.5025       0.0699
 8339.38       0.3314       0.0779
 8340.41       0.7081       0.1753
 8341.45       1.5911       0.4120
 8342.49       1.3800       0.7636
 8343.53       0.7398       1.0955
 8344.56       1.5250       1.2473
 8345.60       1.5568       1.1582
 8346.64       0.4137       0.8846
 8347.68       0.3478       0.5143
 8348.71       0.6831       0.2562
 8349.75       0.5233       0.1979
 8350.79       0.6484       0.2724
 8351.83       0.8058       0.3615
 8352.87       0.6548       0.3974
 8353.90       0.7879       0.3772
 8354.94       1.1762       0.3035
 8355.98       1.2453       0.1947
 8357.02       0.9698       0.1049
 8358.05       0.6437       0.0626
 8359.09       0.5737       0.0572
 8360.13       0.7053       0.0730
 8361.17       0.8132       0.0959
 8362.21       0.8301       0.1309
 8363.24       0.7475       0.1646
 8364.28       0.7185       0.1813
 8365.32       0.7781       0.1782
 8366.36       0.8181       0.1558
 8367.39       0.7354       0.1185
 8368.43       0.6580       0.0822
 8369.47       0.6794       0.0578
 8370.51       0.7696       0.0478
 8371.55       0.8370       0.0465
 8372.58       0.8392       0.0486
 8373.62       0.9205       0.0488
 8374.66       1.0430       0.0571
 8375.70       1.0362       0.0641
 8376.73       0.8456       0.0650
 8377.77       0.7285       0.0820
 8378.81       0.8325       0.1286
 8379.85       1.0964       0.2061
 8380.88       1.3656       0.2637
 8381.92       1.4103       0.2991
 8382.96       1.0446       0.2989
 8384.00       0.6935       0.2537
 8385.04       0.6379       0.1789
 8386.07       0.7808       0.1068
 8387.11       0.7800       0.0631
 8388.15       0.8134       0.0526
 8389.19       0.9158       0.0539
 8390.22       0.8898       0.0578
 8391.26       0.7646       0.0562
 8392.30       0.6591       0.0566
 8393.34       0.5133       0.0443
 8394.38       0.5399       0.0651
 8395.41       0.8393       0.1646
 8396.45       1.1512       0.3710
 8397.49       1.1212       0.6352
 8398.53       0.6927       0.8318
 8399.56       0.3180       0.8967
 8400.60       0.4782       0.8087
 8401.64       1.1116       0.5783
 8402.68       1.6038       0.3168
 8403.72       1.5301       0.1305
 8404.75       1.1184       0.0555
 8405.79       0.7984       0.0459
 8406.83       0.7951       0.0432
 8407.87       0.8294       0.0455
 8408.90       0.7954       0.0452
 8409.94       0.9509       0.0466
 8410.98       0.8199       0.0617
 8412.02       0.3887       0.1130
 8413.05       0.4368       0.2063
 8414.09       0.7189       0.2993
 8415.13       0.7910       0.3394
 8416.17       0.7675       0.3311
 8417.21       0.9231       0.2745
 8418.24       1.3805       0.1824
 8419.28       1.2998       0.1020
 8420.32       0.7166       0.0596
 8421.36       0.5045       0.0496
 8422.39       0.6681       0.0554
 8423.43       0.8304       0.0623
 8424.47       0.6547       0.0590
 8425.51       0.6287       0.0929
 8426.55       1.1865       0.2179
 8427.58       1.5360       0.4637
 8428.62       1.1248       0.7590
 8429.66       0.1626       0.9517
 8430.70      -0.1862       0.9889
 8431.73       0.3748       0.8639
 8432.77       0.7649       0.5977
 8433.81       0.9719       0.3201
 8434.85       1.1549       0.1352
 8435.89       1.0222       0.0650
 8436.92       0.8869       0.0561
 8437.96       0.9635       0.0486
 8439.00       1.0232       0.0472
 8440.04       0.9812       0.0445
 8441.07       0.9688       0.0447
 8442.11       0.8863       0.0446
 8443.15       0.7293       0.0446
 8444.19       0.6477       0.0478
 8445.22       0.6657       0.0510
 8446.26       0.7498       0.0557
 8447.30       0.7988       0.0576
 8448.34       0.7743       0.0819
 8449.38       0.6613       0.1409
 8450.41       0.4194       0.2143
 8451.45       0.3420       0.2748
 8452.49       0.7680       0.3049
 8453.53       1.0474       0.2865
 8454.56       0.9074       0.2266
 8455.60       1.0842       0.1446
 8456.64       1.2939       0.0805
 8457.68       1.1161       0.0541
 8458.72       0.8138       0.0474
 8459.75       0.6659       0.0479
 8460.79       0.6890       0.0683
 8461.83       0.9834       0.1634
 8462.87       1.2114       0.3511
 8463.90       1.1825       0.5570
 8464.94       0.9253       0.6959
 8465.98       0.6301       0.7065
 8467.02       0.4688       0.5944
 8468.06       0.4144       0.4005
 8469.09       0.3690       0.1999
 8470.13       0.5390       0.0841
 8471.17       0.8400       0.0536
 8472.21       0.9791       0.0514
 8473.24       0.9020       0.0601
 8474.28       0.7789       0.0599
 8475.32       0.8278       0.0596
 8476.36       0.8338       0.0557
 8477.39       0.7138       0.0500
 8478.43       0.7331       0.0450
 8479.47       0.8877       0.0426
 8480.51       0.9963       0.0424
 8481.55       1.0173       0.0430
 8482.58       0.9680       0.0429
 8483.62       0.9033       0.0427
 8484.66       0.8753       0.0427
 8485.70       0.8610       0.0427
 8486.73       0.7605       0.0421
 8487.77       0.6523       0.0401
 8488.81       0.6348       0.0454
 8489.85       0.7429       0.0691
 8490.89       0.7413       0.1144
 8491.92       0.5756       0.1642
 8492.96       0.6230       0.2016
 8494.00       0.8866       0.2112
 8495.04       1.0184       0.1933
 8496.07       0.8729       0.1473
 8497.11       0.6516       0.0942
 8498.15       0.8935       0.0652
 8499.19       1.0655       0.0573
 8500.23       0.7230       0.0647
 8501.26       0.5624       0.1138
 8502.30       0.8914       0.2104
 8503.34       1.2181       0.3171
 8504.38       1.1820       0.3878
 8505.41       0.9999       0.3922
 8506.45       1.1866       0.3409
 8507.49       1.1322       0.2404
 8508.53       0.5920       0.1289
 8509.56       0.4252       0.0623
 8510.60       0.6443       0.0440
 8511.64       0.7399       0.0384
 8512.68       0.8217       0.0418
 8513.72       0.8496       0.0412
 8514.75       0.7449       0.0413
 8515.79       0.8009       0.0420
 8516.83       0.9868       0.0439
 8517.87       0.8807       0.0447
 8518.90       0.7406       0.0455
 8519.94       0.8316       0.0474
 8520.98       0.9116       0.0482
 8522.02       0.8196       0.0467
 8523.06       0.5889       0.0436
 8524.09       0.4429       0.0407
 8525.13       0.5262       0.0391
 8526.17       0.7469       0.0389
 8527.21       0.8698       0.0391
 8528.24       0.7992       0.0386
 8529.28       0.7151       0.0385
 8530.32       0.6911       0.0384
 8531.36       0.7454       0.0388
 8532.40       0.9128       0.0393
 8533.43       0.9067       0.0401
 8534.47       0.5665       0.0423
 8535.51       0.5954       0.0566
 8536.55       0.9793       0.0817
 8537.58       1.0991       0.1021
 8538.62       1.0519       0.1127
 8539.66       1.0313       0.1118
 8540.70       1.1537       0.0995
 8541.73       1.0256       0.0766
 8542.77       0.5090       0.0532
 8543.81       0.4849       0.0435
 8544.85       0.8601       0.0602
 8545.89       0.9219       0.0968
 8546.92       0.7969       0.1428
 8547.96       0.7038       0.1783
 8549.00       0.7435       0.1902
 8550.04       0.8023       0.1739
 8551.07       0.8038       0.1395
 8552.11       1.0324       0.0979
 8553.15       1.1330       0.0650
 8554.19       0.8127       0.0468
 8555.23       0.6363       0.0416
 8556.26       0.7105       0.0397
 8557.30       0.7299       0.0389
 8558.34       0.7127       0.0383
 8559.38       0.7200       0.0384
 8560.41       0.8027       0.0395
 8561.45       0.8013       0.0394
 8562.49       0.6765       0.0378
 8563.53       0.6763       0.0381
 8564.57       0.7887       0.0398
 8565.60       0.7785       0.0399
 8566.64       0.7170       0.0390
 8567.68       0.7024       0.0388
 8568.72       0.8082       0.0403
 8569.75       0.8393       0.0423
 8570.79       0.7602       0.0445
 8571.83       0.8838       0.0479
 8572.87       0.9923       0.0512
 8573.90       0.8628       0.0529
 8574.94       0.7010       0.0526
 8575.98       0.6435       0.0516
 8577.02       0.7020       0.0512
 8578.06       0.7341       0.0491
 8579.09       0.6736       0.0452
 8580.13       0.6005       0.0420
 8581.17       0.6587       0.0406
 8582.21       0.8348       0.0411
 8583.24       0.8978       0.0416
 8584.28       0.8472       0.0458
 8585.32       0.8270       0.0565
 8586.36       0.8973       0.0702
 8587.40       1.0131       0.0814
 8588.43       1.0840       0.0861
 8589.47       1.0888       0.0833
 8590.51       1.0132       0.0740
 8591.55       0.8691       0.0588
 8592.58       0.7243       0.0498
 8593.62       0.6538       0.0556
 8594.66       0.7324       0.0738
 8595.70       0.7757       0.0935
 8596.74       0.6595       0.1033
 8597.77       0.6060       0.1032
 8598.81       0.6561       0.0930
 8599.85       0.7555       0.0757
 8600.89       0.7941       0.0591
 8601.92       0.7596       0.0491
 8602.96       0.7299       0.0465
 8604.00       0.7655       0.0475
 8605.04       0.8346       0.0476
 8606.07       0.7220       0.0473
 8607.11       0.6305       0.0480
 8608.15       0.8290       0.0518
 8609.19       0.8819       0.0563
 8610.23       0.7340       0.0617
 8611.26       0.7206       0.0685
 8612.30       0.7229       0.0777
 8613.34       0.7094       0.0911
 8614.38       0.8107       0.1047
 8615.41       0.8901       0.1182
 8616.45       0.8267       0.1337
 8617.49       0.5577       0.1467
 8618.53       0.5180       0.1654
 8619.57       1.0090       0.1933
 8620.60       1.1533       0.2133
 8621.64       0.7089       0.2278
 8622.68       0.4157       0.2479
 8623.72       0.5338       0.2688
 8624.75       0.9090       0.2881
 8625.79       1.1729       0.3058
 8626.83       1.1141       0.3200
 8627.87       0.9601       0.3292
 8628.91       0.8282       0.3367
 8629.94       0.9078       0.3418
 8630.98       1.1267       0.3392
 8632.02       0.9369       0.3281
 8633.06       0.4370       0.3125
 8634.09       0.4511       0.3019
 8635.13       0.5155       0.2858
 8636.17       0.3113       0.2576
 8637.21       0.4520       0.2367
 8638.24       0.9112       0.2194
 8639.28       1.2521       0.1957
 8640.32       1.0657       0.1713
 8641.36       0.6609       0.1447
 8642.40       0.5565       0.1204
 8643.43       0.7454       0.1045
 8644.47       1.0087       0.1005
 8645.51       0.9981       0.1055
 8646.55       0.9811       0.1298
 8647.58       1.0539       0.1736
 8648.62       0.6099       0.2151
 8649.66       0.2753       0.2456
 8650.70       0.7621       0.2678
 8651.74       1.1365       0.2850
 8652.77       0.9132       0.3004
 8653.81       0.5065       0.3058
 8654.85       0.3629       0.3039
 8655.89       0.6052       0.3038
 8656.92       0.7079       0.3116
 8657.96       0.7243       0.3186
 8659.00       0.8304       0.3151
 8660.04       0.8705       0.3092
 8661.08       0.8566       0.3027
 8662.11       0.8231       0.2943
 8663.15       0.8485       0.2862
 8664.19       0.9075       0.2787
 8665.23       0.9179       0.2740
 8666.26       0.7781       0.2668
 8667.30       0.5578       0.2536
 8668.34       0.5759       0.2412
 8669.38       0.7846       0.2313
 8670.42       0.9267       0.2220
 8671.45       0.8173       0.2101
 8672.49       0.6647       0.1943
 8673.53       0.7675       0.1804
 8674.57       0.7742       0.1715
 8675.60       0.6731       0.1644
 8676.64       0.8607       0.1579
 8677.68       1.0978       0.1482
 8678.72       1.0544       0.1350
 8679.75       0.6548       0.1256
 8680.79       0.4095       0.1214
 8681.83       0.6816       0.1184
 8682.87       0.9183       0.1106
 8683.91       0.8768       0.0986
 8684.94       0.8191       0.0913
 8685.98       0.7745       0.0891
 8687.02       0.7501       0.0871
 8688.06       0.6987       0.0828
 8689.09       0.6009       0.0752
 8690.13       0.5283       0.0679
 8691.17       0.6393       0.0668
 8692.21       0.8059       0.0692
 8693.25       0.8604       0.0696
 8694.28       0.7410       0.0660
 8695.32       0.6276       0.0614
 8696.36       0.7669       0.0609
 8697.40       0.8530       0.0649
 8698.43       0.7009       0.0698
 8699.47       0.5945       0.0729
 8700.51       0.6485       0.0729
 8701.55       0.7854       0.0710
 8702.58       0.6819       0.0649
 8703.62       0.5682       0.0612
 8704.66       0.7946       0.0651
 8705.70       0.9635       0.0718
 8706.74       0.8631       0.0750
 8707.77       0.6244       0.0736
 8708.81       0.5876       0.0694
 8709.85       0.8142       0.0644
 8710.89       0.7928       0.0567
 8711.92       0.7384       0.0503
 8712.96       0.8616       0.0478
 8714.00       0.8418       0.0468
 8715.04       0.6905       0.0457
 8716.08       0.6344       0.0450
 8717.11       0.7684       0.0501
 8718.15       0.9424       0.0515
 8719.19       0.9245       0.0592
 8720.23       0.9301       0.0570
 8721.26       0.9956       0.0588
 8722.30       0.9627       0.0585
 8723.34       0.8761       0.0597
 8724.38       0.9044       0.0625
 8725.42       0.8936       0.0662
 8726.45       0.9672       0.0598
 8727.49       0.8807       0.0594
 8728.53       0.8930       0.0512
 8729.57       0.8234       0.0484
 8730.60       0.8106       0.0467
 8731.64       0.8649       0.0460
 8732.68       0.9362       0.0458
 8733.72       0.7792       0.0451
 8734.75       0.5646       0.0452
 8735.79       0.5641       0.0479
 8736.83       0.6572       0.0514
 8737.87       0.7185       0.0545
 8738.91       0.8268       0.0572
 8739.94       0.8392       0.0589
 8740.98       0.7453       0.0588
 8742.02       0.6787       0.0562
 8743.06       0.7092       0.0534
 8744.09       0.7968       0.0523
 8745.13       0.8225       0.0510
 8746.17       0.7475       0.0500
 8747.21       0.6463       0.0506
 8748.25       0.7743       0.0532
 8749.28       1.0315       0.0561
 8750.32       1.0327       0.0566
 8751.36       0.9657       0.0554
 8752.40       0.9699       0.0553
 8753.43       0.8506       0.0530
 8754.47       0.7053       0.0585
 8755.51       0.6737       0.0929
 8756.55       0.2987       0.1493
 8757.58       0.1380       0.2616
 8758.62       0.8445       0.4239
 8759.66       1.1840       0.5911
 8760.70       0.8340       0.6949
 8761.74       0.8569       0.6893
 8762.77       0.8442       0.5978
 8763.81       0.5717       0.5299
 8764.85       0.6205       0.5557
 8765.89       0.8436       0.6945
 8766.92       0.8721       0.8429
 8767.96       0.8503       0.8945
 8769.00       0.7155       0.7790
 8770.04       0.3451       0.5663
 8771.08       0.3455       0.3344
 8772.11       0.6465       0.1875
 8773.15       0.3129       0.1602
 8774.19       0.0831       0.2803
 8775.23       0.5565       0.4984
 8776.26       1.0661       0.7620
 8777.30       1.1804       0.9483
 8778.34       0.9110       0.9753
 8779.38       0.0285       0.8343
 8780.42      -0.4976       0.5913
 8781.45       0.3207       0.3339
 8782.49       1.1507       0.1586
 8783.53       1.0456       0.0736
 8784.57       0.8824       0.0538
 8785.60       0.7624       0.0548
 8786.64       0.6914       0.0655
 8787.68       0.7238       0.1116
 8788.72       0.7179       0.1928
 8789.75       0.6187       0.2768
 8790.79       0.2272       0.3253
 8791.83      -0.0726       0.3194
 8792.87       0.3769       0.2781
 8793.91       0.7039       0.1999
 8794.94       0.5540       0.1119
 8795.98       0.6890       0.0643
 8797.02       0.9058       0.0543
 8798.06       0.8459       0.0498
 8799.09       0.8061       0.0521
 8800.13       0.8691       0.0522
 8801.17       0.8987       0.0519
 8802.21       0.8833       0.0512
 8803.25       0.8070       0.0504
 8804.28       0.7002       0.0480
 8805.32       0.6086       0.0479
 8806.36       0.5450       0.0538
 8807.40       0.4219       0.0641
 8808.43       0.3855       0.0753
 8809.47       0.5990       0.0831
 8810.51       0.5522       0.0840
 8811.55       0.3607       0.0782
 8812.58       0.5006       0.0693
 8813.62       0.7887       0.0609
 8814.66       0.9133       0.0548
 8815.70       0.7638       0.0514
 8816.74       0.5742       0.0503
 8817.77       0.5907       0.0510
 8818.81       0.7736       0.0560
 8819.85       0.8346       0.0544
 8820.89       0.5731       0.0715
 8821.92       0.2781       0.0820
 8822.96       0.0950       0.2652
 8824.00      -0.2181       0.7005
 8825.04       0.1706       1.3575
 8826.08       1.0612       1.9664
 8827.11       0.9641       2.2176
 8828.15       0.5951       2.0129
 8829.19       0.8782       1.5349
 8830.23       0.6688       0.9071
 8831.26       0.3110       0.4283
 8832.30       0.5780       0.2594
 8833.34       1.0518       0.3764
 8834.38       0.9108       0.5659
 8835.42      -0.2144       0.7160
 8836.45      -0.6787       0.7677
 8837.49       0.2985       0.7218
 8838.53       0.6704       0.5603
 8839.57       0.6791       0.3457
 8840.60       1.1055       0.1645
 8841.64       1.1653       0.0799
 8842.68       0.8670       0.0664
 8843.72       0.5910       0.0685
 8844.75       0.4619       0.0753
 8845.79       0.5021       0.0943
 8846.83       0.6679       0.1420
 8847.87       0.8485       0.2063
 8848.91       0.8775       0.2582
 8849.94       0.5495       0.2779
 8850.98       0.3127       0.2564
 8852.02       0.5744       0.2078
 8853.06       0.8801       0.1432
 8854.09       0.9269       0.0880
 8855.13       0.7885       0.0617
 8856.17       0.6650       0.0580
 8857.21       0.6376       0.0577
 8858.25       0.5288       0.0607
 8859.28       0.5866       0.0673
 8860.32       0.8509       0.0808
 8861.36       0.9100       0.0875
 8862.40       0.6105       0.0944
 8863.43       0.1993       0.1221
 8864.47       0.5284       0.2214
 8865.51       1.1945       0.3786
 8866.55       1.2900       0.5046
 8867.58       0.7494       0.5591
 8868.62       0.0957       0.5256
 8869.66      -0.2264       0.4102
 8870.70      -0.1288       0.2582
 8871.74       0.0933       0.1273
 8872.77       0.4901       0.0684
 8873.81       0.7852       0.0616
 8874.85       0.8166       0.0593
 8875.89       0.7039       0.0602
 8876.92       0.6209       0.0584
 8877.96       0.5785       0.0624
 8879.00       0.5333       0.0548
 8880.04       0.3800       0.0663
 8881.08      -0.0329       0.0801
 8882.11      -0.1866       0.2688
 8883.15       0.2323       0.7031
 8884.19       0.0748       1.2344
 8885.23      -0.2290       1.6584
 8886.26       0.4380       1.8232
 8887.30       0.7247       1.6101
 8888.34       0.2929       1.1249
 8889.38       0.2882       0.5852
 8890.42       0.4562       0.2318
 8891.45       0.4049       0.0954
 8892.49       0.4298       0.0819
 8893.53       0.3586       0.0830
 8894.57       0.1520       0.0830
 8895.60       0.2012       0.0876
 8896.64       0.5312       0.0918
 8897.68       0.7714       0.0957
 8898.72       0.7519       0.1212
 8899.75       0.3922       0.2314
 8900.79      -0.0973       0.4398
 8901.83      -0.5609       0.6680
 8902.87      -0.7633       0.8022
 8903.91      -0.2264       0.8297
 8904.94       0.6343       0.7117
 8905.98       1.1800       0.4798
 8907.02       1.1997       0.2682
 8908.06       0.8705       0.1549
 8909.09       0.5870       0.1177
 8910.13       0.4040       0.1208
 8911.17       0.3461       0.1106
 8912.21       0.6116       0.1123
 8913.25       0.7525       0.0870
 8914.28       0.4053       0.1030
 8915.32       0.0112       0.1952
 8916.36      -0.2483       0.6012
 8917.40      -0.0289       1.2831
 8918.43       0.4079       2.3469
 8919.47       0.6943       2.9036
 8920.51       0.9534       1.9452
