 
TRANSIENT_NAME:     DES15C3axd 
SNID:               1289600    
OBS_DATE:           2015-09-16
MJD:                57281. 
PHASE:              -1.    
MJD_MAX:            57282.7
TYPE:               101
SPEC_EVAL:          SNIa?
REDSHIFT:           0.4200  
REDSHIFT_ERR:       0.0005  
REDSHIFT_SOURCE:    Z_GAL
TELESCOPE:          AAT
INSTRUMENT:         AAOmega-2dF
 
======================================
 
# WAVE  FLUX  FLUX_ERR
 3756.72       0.2897     230.5130
 3757.75      -7.2886     217.4140
 3758.79     -18.7591     197.8940
 3759.83      -9.5870     204.4000
 3760.87      -9.4549     199.0770
 3761.90     -15.1829     201.9020
 3762.94     -18.7667     186.4270
 3763.98      -1.3316     204.7540
 3765.02      -3.6607     202.1050
 3766.06       4.4774     203.0890
 3767.09      10.4111     208.7030
 3768.13      -1.1391     190.3230
 3769.17       5.9833     196.8930
 3770.21      10.9605     207.4910
 3771.24       7.0440     205.4680
 3772.28      -8.6409     189.4600
 3773.32      14.6764     222.9400
 3774.36      14.3074     220.5590
 3775.40       0.0200     201.4190
 3776.43     -10.2977     179.3690
 3777.47      -4.7132     193.6060
 3778.51       0.7649     195.8810
 3779.55      12.8642     203.0010
 3780.58      13.4909     202.9240
 3781.62       1.5970     193.3170
 3782.66      -8.1188     177.5690
 3783.70      14.8258     211.3220
 3784.73       9.1054     193.0800
 3785.77     -12.6180     168.1070
 3786.81      -5.0735     176.2710
 3787.85     -18.0900     148.7190
 3788.89     -15.7385     144.9830
 3789.92     -16.3997     160.9760
 3790.96      -0.5048     186.8650
 3792.00      -8.6915     171.0700
 3793.04      -9.5178     164.2560
 3794.07      -3.5199     166.5650
 3795.11     -17.9619     138.3970
 3796.15     -16.5035     148.4300
 3797.19     -16.7970     150.7800
 3798.23     -20.7187     138.5920
 3799.26     -13.7799     144.0390
 3800.30     -13.1482     143.6880
 3801.34       4.4733     159.2780
 3802.38       4.3171     156.9250
 3803.41     -10.0329     135.3820
 3804.45       2.1196     149.8070
 3805.49       3.3946     150.4590
 3806.53      -4.7983     127.5030
 3807.57     -10.2828     123.8480
 3808.60       5.2146     139.2180
 3809.64       9.9385     139.4820
 3810.68      13.3818     140.4670
 3811.72      27.8489     162.5350
 3812.75     -19.8999     119.8800
 3813.79      -0.9907     134.7590
 3814.83       6.8342     139.0260
 3815.87     -12.4418     115.0410
 3816.90      -3.1888     125.5310
 3817.94      14.9047     139.1660
 3818.98      -0.5673     119.0570
 3820.02      11.6198     130.3180
 3821.06       7.9254     130.3410
 3822.09      -2.1024     120.6810
 3823.13       8.3817     121.0520
 3824.17      -1.8449     105.0450
 3825.21     -14.4594      89.8808
 3826.24      -1.4861      99.7066
 3827.28       9.5346     109.2430
 3828.32       0.4381     111.0280
 3829.36       5.3770     116.4120
 3830.40      15.9797     129.2200
 3831.43       1.0889     120.6420
 3832.47      -1.2995     114.5520
 3833.51       1.9238     116.5810
 3834.55      10.6879     114.1790
 3835.58       0.8637     100.0340
 3836.62      -8.7966      94.8603
 3837.66       0.0776      98.0559
 3838.70      -4.5296      86.6667
 3839.74      -0.0813      89.1393
 3840.77       5.7260      94.9986
 3841.81       0.1461      86.2068
 3842.85       4.8618      90.3652
 3843.89       5.1535      90.1003
 3844.92      17.1823      95.5616
 3845.96       2.7449      86.7937
 3847.00       7.9081      89.4900
 3848.04       6.8217      86.8481
 3849.07      -7.7821      73.7897
 3850.11       8.0352      82.7240
 3851.15     -10.4003      69.4463
 3852.19       5.6606      81.0781
 3853.23       4.0050      81.0274
 3854.26      -0.2383      75.0310
 3855.30       3.2601      78.0918
 3856.34      -3.1166      73.3231
 3857.38      -3.6316      71.6986
 3858.41      -5.3586      63.2579
 3859.45      -1.9369      60.8907
 3860.49       3.9460      70.0513
 3861.53       1.5169      76.1671
 3862.57      -9.9862      68.0371
 3863.60     -14.0225      63.5138
 3864.64      -3.5958      71.4051
 3865.68      -1.6667      73.7808
 3866.72       1.8987      72.2388
 3867.75      -6.5297      66.6070
 3868.79       2.9668      73.6430
 3869.83      15.4255      77.7738
 3870.87       3.5602      66.0244
 3871.91      -9.3643      57.9328
 3872.94      -0.8759      67.6632
 3873.98       4.7654      73.7637
 3875.02      -1.7803      65.4462
 3876.06       1.8680      69.2642
 3877.09       3.9094      70.7191
 3878.13       2.4255      64.4692
 3879.17      -6.8715      60.5123
 3880.21      -4.9828      60.6132
 3881.24      -4.3183      60.4478
 3882.28       5.0935      63.8151
 3883.32       1.4482      59.5129
 3884.36      -2.4859      57.1095
 3885.40      -3.2636      54.0576
 3886.43      -6.5190      51.3859
 3887.47      -1.7752      50.5533
 3888.51       2.9864      53.3274
 3889.55       1.9988      52.9188
 3890.58      -5.8386      47.6985
 3891.62       4.0688      58.1295
 3892.66      11.0994      60.4704
 3893.70       2.9107      53.7441
 3894.74      -2.9535      53.5805
 3895.77      -0.9524      52.4242
 3896.81       2.3688      52.9299
 3897.85      -2.7836      49.1748
 3898.89      -4.8714      48.5247
 3899.92      -2.7779      51.4482
 3900.96       4.1810      50.0101
 3902.00       7.4032      55.1445
 3903.04      12.2909      60.4198
 3904.07       0.4790      53.9172
 3905.11       2.4623      55.8870
 3906.15      10.8991      63.1443
 3907.19       9.1281      64.1176
 3908.23       9.4989      61.3162
 3909.26       2.4678      58.3088
 3910.30      -0.0313      58.2755
 3911.34       5.8878      57.0276
 3912.38       7.5127      56.9616
 3913.41       3.3024      57.6151
 3914.45      -8.6772      46.9292
 3915.49      -0.2935      48.5395
 3916.53      -0.9133      43.0337
 3917.57      -6.2463      42.2148
 3918.60      -7.0165      47.1488
 3919.64      -9.5804      44.3491
 3920.68      -9.0566      37.9278
 3921.72       1.2336      44.7618
 3922.75       5.9201      47.9312
 3923.79      -5.5952      41.4131
 3924.83      -5.6080      35.0423
 3925.87       1.6455      38.9306
 3926.91      -4.4889      35.6174
 3927.94      -5.6722      31.4709
 3928.98      -5.9330      33.5190
 3930.02      -3.3359      32.9509
 3931.06       1.0715      33.5170
 3932.09       2.2857      32.2593
 3933.13      -1.3177      29.6820
 3934.17      -1.2057      29.4511
 3935.21      -1.6057      27.5675
 3936.24      -2.1687      25.8712
 3937.28      -0.1657      28.2198
 3938.32       2.5035      31.5891
 3939.36       4.9216      36.1031
 3940.40       1.1192      34.8270
 3941.43       1.8561      35.7341
 3942.47       4.6155      35.8918
 3943.51       2.3403      32.8335
 3944.55       1.0615      32.2026
 3945.58       1.8740      30.9566
 3946.62       1.7724      32.1291
 3947.66      -5.2721      29.8840
 3948.70       9.9392      15.8107
 3949.74       7.9696      40.9091
 3950.77       0.3820      35.3718
 3951.81      -2.6370      36.1531
 3952.85      -0.3082      35.8078
 3953.89      10.3079      27.3979
 3954.92      13.4697      37.1106
 3955.96      -3.9693      27.2916
 3957.00      -3.5016      28.4459
 3958.04       3.7129      30.6263
 3959.08       1.5642      29.5359
 3960.11       1.9237      29.6192
 3961.15       4.9530      31.5999
 3962.19      -2.5445      26.3639
 3963.23      -1.3764      25.8369
 3964.26       1.0934      27.5993
 3965.30      -3.1872      25.8053
 3966.34       0.6533      25.8734
 3967.38       3.1061      25.5794
 3968.41       0.6060      23.9762
 3969.45      -0.4393      24.1765
 3970.49       3.6949      27.5079
 3971.53      -3.2700      24.4745
 3972.57      -7.5956      22.9108
 3973.60      -4.0265      24.4386
 3974.64      -6.1271      25.1780
 3975.68       3.0670      30.4297
 3976.72       1.7471      29.8619
 3977.75      -7.9336      26.1139
 3978.79       0.5584      30.2352
 3979.83      10.2611      32.3580
 3980.87       3.7798      30.4164
 3981.91      -0.0702      28.9053
 3982.94       0.9221      28.7794
 3983.98      -0.3127      27.6884
 3985.02       8.0815      29.0887
 3986.06       1.5002      26.3015
 3987.09      -0.9118      26.5623
 3988.13       6.6132      29.1599
 3989.17       1.3364      27.3939
 3990.21       0.4785      27.1221
 3991.25      -1.2700      25.6162
 3992.28      -2.2820      26.3184
 3993.32       1.3288      28.9896
 3994.36       5.5626      29.5438
 3995.40       1.4973      27.0016
 3996.43       2.6019      28.7662
 3997.47       2.3969      28.4795
 3998.51      -3.3921      26.4588
 3999.55      -1.3337      29.0947
 4000.58       4.0275      31.4154
 4001.62       0.2058      29.4633
 4002.66      -1.3510      27.7301
 4003.70      -0.4981      29.1851
 4004.74       4.2633      31.9727
 4005.77       5.1875      33.8059
 4006.81       1.6385      33.9881
 4007.85      -3.2968      33.8355
 4008.89       2.3740      36.4167
 4009.92       5.6676      37.6392
 4010.96       6.2996      37.7289
 4012.00       6.8953      37.9554
 4013.04       2.2803      36.3358
 4014.08      -0.5888      34.7519
 4015.11      -1.2467      34.3305
 4016.15      -3.0216      33.0149
 4017.19       4.4171      34.0684
 4018.23       3.6650      34.6937
 4019.26       2.1238      34.2832
 4020.30       4.2757      34.7565
 4021.34      -2.6766      33.0394
 4022.38      -3.2311      30.8244
 4023.42       0.6159      31.0874
 4024.45       4.2481      32.5043
 4025.49       3.9490      32.3543
 4026.53       3.4797      31.8277
 4027.57       2.1716      31.1680
 4028.60       2.9308      32.0514
 4029.64       4.7525      31.6962
 4030.68       1.4606      30.0878
 4031.72       6.0074      32.0916
 4032.75       5.4272      31.1375
 4033.79       2.8777      29.6592
 4034.83      -3.2445      26.6917
 4035.87      -6.7316      26.3269
 4036.91       3.6570      30.8858
 4037.94       3.4993      30.4240
 4038.98       6.0340      31.8515
 4040.02       5.1141      33.1127
 4041.06      -4.4775      30.6974
 4042.09       2.7420      34.5297
 4043.13       6.5674      37.1313
 4044.17       0.9923      33.3906
 4054.55       0.2290      28.5239
 4055.58       0.7621      27.0888
 4056.62       1.5639      27.0175
 4057.66      -5.8470      23.1131
 4058.70      -4.1212      24.3976
 4059.74      -1.4511      27.3997
 4060.77      -0.1291      28.0260
 4061.81      10.0782      31.7058
 4062.85       6.0272      30.7182
 4063.89      -1.5226      29.0182
 4064.92       0.0585      31.0347
 4065.96      -1.9532      30.1579
 4067.00       2.3858      30.2722
 4068.04       6.8199      31.1509
 4069.08       1.7801      29.0986
 4070.11      -5.3837      27.1129
 4071.15       1.0064      29.3995
 4072.19       5.7285      29.0407
 4073.23       1.8224      25.6597
 4074.26       1.5543      26.5319
 4075.30       0.1435      27.3542
 4076.34      -5.0967      25.6272
 4077.38      -3.0843      26.5517
 4078.42       2.8294      27.3951
 4079.45       2.0501      26.8591
 4080.49       0.9481      27.5532
 4081.53       5.3211      28.9846
 4082.57      -2.1612      25.6410
 4083.60      -3.3891      23.7529
 4084.64       0.1155      25.3468
 4085.68       2.2312      26.2083
 4086.72       1.8796      26.6992
 4087.75       3.6314      27.4844
 4088.79       6.7171      27.7819
 4089.83       1.5374      25.4872
 4090.87      -0.1754      25.2265
 4091.91       1.4287      25.7437
 4092.94      -1.3020      24.8059
 4093.98       0.2255      24.9345
 4095.02       2.9708      24.8269
 4096.06       0.4760      23.4874
 4097.09       2.6411      24.3732
 4098.13       6.3452      25.2395
 4099.17       1.0737      23.1768
 4100.21      -0.8252      21.9820
 4101.25       4.0615      23.6569
 4102.28       0.1846      21.5017
 4103.32      -5.4404      19.0522
 4104.36      -3.2296      19.7773
 4105.40      -1.1333      21.3959
 4106.43       4.8094      22.9410
 4107.47       4.6922      22.7836
 4108.51       0.8198      22.2649
 4109.55      -3.0874      20.2557
 4110.58      -4.0356      19.5738
 4111.62      -1.5670      20.2866
 4112.66      -2.0624      19.9550
 4113.70       2.2245      21.3685
 4114.74       1.2609      21.7397
 4115.77       7.6087      23.9058
 4116.81      10.7631      23.8274
 4117.85      -1.1616      19.5969
 4118.89      -4.9734      18.1470
 4119.92      -3.7831      17.8955
 4120.96      -2.6820      18.9485
 4122.00       7.3381      22.7236
 4123.04      -1.0291      20.7049
 4124.08       0.4411      22.2744
 4125.11       3.8165      22.5987
 4126.15       0.4601      21.2679
 4127.19       1.6365      22.7027
 4128.23       3.7095      22.7517
 4129.26      -0.3575      20.6716
 4130.30      -3.9793      19.4219
 4131.34      -6.0078      19.0314
 4132.38      -1.5763      20.4438
 4133.42       2.8972      22.1530
 4134.45       0.2527      21.6143
 4135.49      -2.3366      21.1102
 4136.53      -0.7557      21.9528
 4137.57       1.8566      22.1610
 4138.60      -1.1468      21.0790
 4139.64       0.3730      20.8688
 4140.68       3.6025      21.8210
 4141.72       4.1207      20.8093
 4142.75       5.5884      20.3360
 4143.79       5.3984      21.0620
 4144.83       6.7914      21.4408
 4145.87       6.1564      21.3812
 4146.91       6.8463      22.1474
 4147.94       1.5415      19.8570
 4148.98      -5.0413      17.8118
 4150.02       4.5441      21.0129
 4151.06       8.1755      21.0119
 4152.09       4.3303      20.0290
 4153.13       1.9304      19.8730
 4154.17       3.9000      21.5667
 4155.21       0.7218      22.6158
 4156.25       0.8958      21.7023
 4157.28      -2.8593      20.3843
 4158.32       1.8524      21.2712
 4159.36       4.0275      22.0605
 4160.40       2.7407      22.2636
 4161.43      -2.0131      20.5164
 4162.47      -1.1225      20.2949
 4163.51       0.5347      22.2054
 4164.55       2.1659      23.6744
 4165.59       3.7595      23.8556
 4166.62      -0.9000      22.2528
 4167.66       5.0798      24.6971
 4168.70       3.5055      23.3853
 4169.74       1.5180      22.0781
 4170.77      -5.4072      19.5437
 4171.81      -5.2603      18.8765
 4172.85      -2.1620      19.8344
 4173.89       1.1005      20.2717
 4174.92       0.3745      18.6570
 4175.96      -0.3538      18.7739
 4177.00       4.1946      20.3373
 4178.04       6.5719      20.7038
 4179.08      -0.7536      18.5190
 4180.11       5.8074      20.7615
 4181.15       3.7005      19.3158
 4182.19       1.2505      18.4695
 4183.23       3.3273      18.5701
 4184.26       5.8094      19.0187
 4185.30       5.4171      18.9288
 4186.34      -0.8344      15.8803
 4187.38      -1.2548      15.9813
 4188.42      -7.6148      14.7725
 4189.45      -3.2054      15.2620
 4190.49       8.3003      19.0163
 4191.53       3.7137      18.0282
 4192.57       1.6658      17.6339
 4193.60       0.0451      17.2496
 4194.64       4.9594      18.1883
 4195.68       8.8869      17.9877
 4196.72      -0.9844      15.1859
 4197.76      -3.1918      13.9041
 4198.79       0.4944      15.1533
 4199.83       1.4395      15.6324
 4200.87       1.9095      16.2462
 4201.91       5.1392      17.1147
 4202.94       7.0901      16.9756
 4203.98       3.8054      15.7900
 4205.02      -2.3647      14.8037
 4206.06      -2.0066      14.7102
 4207.09      -2.9992      15.4299
 4208.13      -0.3373      16.8773
 4209.17      -3.1270      15.3955
 4210.21      -4.1618      13.9574
 4211.25       6.2777      16.5721
 4212.28       8.2535      17.5587
 4213.32       2.9845      16.1620
 4214.36      -6.8405      13.5435
 4215.40      -4.5576      14.3591
 4216.43      -1.9259      14.4745
 4217.47       2.3975      15.3770
 4218.51      -3.2607      13.6931
 4219.55       2.9574      15.1427
 4220.59       9.1117      16.2376
 4221.62       3.4147      14.3684
 4222.66       5.8528      15.5746
 4223.70       5.6555      16.2090
 4224.74      -0.1408      14.1562
 4225.77      -0.1287      13.7233
 4226.81      -0.2121      13.2240
 4227.85      -0.0669      12.6485
 4228.89      -4.0011      12.1012
 4229.93      -0.0379      13.5795
 4230.96       2.2664      14.2218
 4232.00       1.1191      13.8113
 4233.04       3.0622      14.3910
 4234.08       8.9553      16.2603
 4235.11       3.9857      15.2497
 4236.15      -1.6529      12.9781
 4237.19      -8.5097      10.5016
 4238.23      -3.8189      11.9797
 4239.26       2.3977      13.5935
 4240.30      -1.5975      12.4594
 4241.34       0.4722      13.0552
 4242.38      -0.5285      13.2562
 4243.42      -2.3430      12.4222
 4244.45       1.7392      13.0144
 4245.49       3.1537      14.0790
 4246.53       3.2532      15.1201
 4247.57       1.5657      14.6926
 4248.60      -2.6313      13.6297
 4249.64       0.2801      13.7931
 4250.68       4.8200      14.9913
 4251.72       6.6138      15.6699
 4252.76       1.0933      13.7817
 4253.79      -1.4788      13.5402
 4254.83       4.1640      14.6972
 4255.87       3.2766      14.2820
 4256.91      -1.9763      13.1907
 4257.94       4.1857      14.5707
 4258.98      -0.0546      13.4674
 4260.02       1.2888      13.3270
 4261.06      -0.1957      12.6136
 4262.10      -0.7829      12.7050
 4263.13       1.5921      13.7431
 4264.17       0.4180      13.3641
 4265.21      -0.1025      13.3588
 4266.25       2.4565      14.1230
 4267.28      -0.5400      13.5400
 4268.32       0.0694      13.7836
 4269.36      -4.7255      12.6390
 4270.40       0.3757      13.1447
 4271.43       7.7314      14.8244
 4272.47      -2.0560      11.7221
 4273.51       1.9808      12.5666
 4274.55       8.2391      14.5789
 4275.59      -0.4151      12.2540
 4276.62      -3.7637      11.4790
 4277.66      -0.0123      12.7416
 4278.70       0.9222      12.6010
 4279.74       4.2655      13.1224
 4280.77       4.6203      12.5256
 4281.81       0.5658      11.9365
 4282.85       2.2451      12.6859
 4283.89      -0.6590      12.1937
 4284.93      -3.6298      11.1988
 4285.96       0.2335      11.6433
 4287.00       3.1121      11.9612
 4288.04       1.7633      11.1083
 4289.08       0.4793       9.9205
 4290.11       1.4493      10.2952
 4291.15       0.0263      10.7769
 4292.19      -2.7129      10.4055
 4293.23       5.0807      12.3725
 4294.27       4.7577      12.3266
 4295.30      -0.6558      10.6689
 4296.34       2.2764      10.9287
 4297.38       2.3318      10.8525
 4298.42       4.8957      11.0135
 4299.45       3.7906      10.8184
 4300.49       0.5085      10.2948
 4301.53       0.5575       9.9608
 4302.57       0.7484      10.0374
 4303.60       0.3303       9.5470
 4304.64      -0.5060       9.2286
 4305.68       1.2910       9.7815
 4306.72       0.7525       9.6976
 4307.76       0.1643       9.8624
 4308.79       1.4882      10.2677
 4309.83       2.4885      10.3590
 4310.87       3.8306      10.4861
 4311.91       1.9576      10.1540
 4312.94       4.4439      10.4215
 4313.98       4.6681      12.1110
 4315.02      -2.6665      12.3872
 4316.06       2.7500      14.4029
 4317.10       3.0607      14.6013
 4318.13      -2.6254      11.6156
 4319.17      -0.4131       9.6522
 4320.21       1.0128      11.6782
 4321.25      -1.3044      10.7502
 4322.28      -0.3725      10.5968
 4323.32       3.9432      10.9346
 4324.36       3.2664      10.3177
 4325.40      -1.6668       9.5696
 4326.44      -1.6289       9.9628
 4327.47      -0.2006      10.4538
 4328.51       0.4690      10.9221
 4329.55       0.3160      11.2655
 4330.59      -1.6493      10.1973
 4331.62       2.3127      11.1124
 4332.66       6.5513      12.1167
 4333.70       0.9930      10.9694
 4334.74      -0.0140      10.9941
 4335.77       3.1502      11.2657
 4336.81       1.8505      10.5765
 4337.85       1.6887      10.3510
 4338.89       1.4954      10.0652
 4339.93      -1.1475       9.9071
 4340.96       2.8305      10.7105
 4342.00       4.4774      11.0146
 4343.04       1.7430      10.7638
 4344.08       0.8090      10.1488
 4345.11       0.6604       9.9540
 4346.15       3.6995      10.8154
 4347.19       0.2436      10.6503
 4348.23       2.4650      11.0359
 4349.27       2.3693      10.6548
 4350.30       0.6994      10.1083
 4351.34       4.2455      10.0617
 4352.38       2.7435       9.8790
 4353.42       3.3995      10.2446
 4354.45       3.4143       9.9980
 4355.49      -0.2926       9.7405
 4356.53      -3.1714       9.6837
 4357.57      -0.4553      10.3133
 4358.60       5.5746      11.1919
 4359.64       6.8758      11.6661
 4360.68       3.5670      10.9675
 4361.72      -0.3803      10.0722
 4362.76       0.3938      10.5104
 4363.79       0.6866      10.3243
 4364.83      -0.2925       9.8631
 4365.87       2.3490      10.2704
 4366.91       3.0189      10.4945
 4367.94       0.7884      10.3444
 4368.98       2.3492      10.1621
 4370.02       3.7423      10.0020
 4371.06       2.6965      10.1528
 4372.10      -0.5305       9.6986
 4373.13      -2.6252       8.9347
 4374.17      -1.4296       9.6289
 4375.21      -0.3204      10.3850
 4376.25      -3.2587       9.7610
 4377.28      -1.3547      10.2803
 4378.32       4.8434      11.1350
 4379.36       4.5512      11.2382
 4380.40       2.3482      10.7197
 4381.44      -0.6383       9.7896
 4382.47      -1.3891       9.1623
 4383.51       1.8066       9.0654
 4384.55       0.7209       9.1859
 4385.59       1.8017       9.7599
 4386.62       2.1862       9.5722
 4387.66       0.0420       9.4506
 4388.70      -1.0672       9.2895
 4389.74      -0.9248       9.0685
 4390.77      -3.8448       8.5087
 4391.81       0.7498       9.2098
 4392.85       1.6647       9.9153
 4393.89      -2.4134       9.2907
 4394.93       0.5388       9.8194
 4395.96       1.3804       9.9320
 4397.00      -0.1386       9.4179
 4398.04      -1.4015       9.3640
 4399.08      -1.7549       9.1334
 4400.11       0.6741       9.5956
 4401.15      -0.1898       9.9905
 4402.19       2.6519      10.5478
 4403.23       2.7370      10.9564
 4404.27      -0.3556      10.7562
 4405.30       1.6490      11.0284
 4406.34      -0.7229      10.7402
 4407.38      -0.9313      11.0769
 4408.42       0.8199      11.4790
 4409.45      -1.7740      10.5101
 4410.49      -0.5338      10.6735
 4411.53       0.2577      11.2723
 4412.57      -0.8794      11.1717
 4413.61       0.7517      11.2121
 4414.64       0.1493      10.7939
 4415.68      -1.0906      10.6745
 4416.72       3.1975      11.7691
 4417.76       8.6482      12.8580
 4418.79       1.8676      11.4007
 4419.83      -5.6398      10.2369
 4420.87       0.9680      11.9902
 4421.91       3.4934      11.5054
 4422.94      -1.1898      10.2103
 4423.98      -2.6200      10.3378
 4425.02      -1.1625      10.9186
 4426.06       1.6232      11.2093
 4427.10       2.6151      11.3102
 4428.13       3.2724      11.3838
 4429.17       5.7052      11.3807
 4430.21       3.4096      10.7994
 4431.25       2.6077      10.8757
 4432.28       2.1715      10.6985
 4433.32      -1.8977       9.7165
 4434.36      -4.5953       8.7493
 4435.40      -0.9719       9.3870
 4436.44      -1.7743       9.3506
 4437.47      -3.2536       9.4092
 4438.51       0.1662      10.4454
 4439.55       2.4794      11.0290
 4440.59       0.5815      10.3520
 4441.62       0.0689       9.4008
 4442.66      -1.6676       8.7620
 4443.70       0.5088       9.6877
 4444.74       0.5665       9.7927
 4445.78      -2.6421       8.9380
 4446.81       0.1005       9.4685
 4447.85       3.8656      10.1191
 4448.89       1.6336       9.3993
 4449.93       4.1660       9.9809
 4450.96       1.2968       9.3203
 4452.00       1.3393       9.2091
 4453.04       2.2557       9.4356
 4454.08      -1.6329       8.3597
 4455.11      -1.9664       8.1757
 4456.15      -0.4784       8.7038
 4457.19       0.4944       8.4664
 4458.23      -2.6615       7.8646
 4459.27      -0.5860       8.4331
 4460.30       0.9619       8.8230
 4461.34      -2.2153       8.3281
 4462.38       1.5579       8.8732
 4463.42      -0.3284       8.7069
 4464.45       0.7637       8.5978
 4465.49       1.6042       8.7544
 4466.53       2.8601       9.3672
 4467.57      -2.6010       8.0337
 4468.61      -2.0148       7.8952
 4469.64       1.1790       8.0952
 4470.68       0.9606       8.2318
 4471.72       3.8618       8.7283
 4472.76       2.1297       8.5596
 4473.79      -4.8559       7.7714
 4474.83      -2.5758       8.3175
 4475.87       1.6928       8.9639
 4476.91       0.8650       8.8879
 4477.95      -0.3628       8.4709
 4478.98      -0.4667       8.4255
 4480.02      -2.8245       7.6864
 4481.06      -2.7454       7.5531
 4482.10       0.2870       8.2177
 4483.13       4.1368       9.4075
 4484.17       3.4608       9.4830
 4485.21       3.3705       9.6277
 4486.25       0.9507       9.0267
 4487.28      -1.0181       8.1349
 4488.32       2.2224       8.2967
 4489.36       0.8121       8.2817
 4490.40       1.7414       8.6143
 4491.44       0.9041       8.4564
 4492.47       1.4460       9.0296
 4493.51       0.6613       9.0322
 4494.55       1.2851       8.9124
 4495.59      -0.0752       8.9817
 4496.62       1.1329       8.7898
 4497.66       1.1623       8.5157
 4498.70      -2.9068       7.9765
 4499.74       1.4256       8.8615
 4500.78       3.6200       9.0193
 4501.81       0.8491       8.4829
 4502.85       2.9459       9.0821
 4503.89       5.0014       9.7433
 4504.93      -2.3192       8.4203
 4505.96       0.6166       8.9388
 4507.00       0.9864       8.9449
 4508.04       1.6305       9.1752
 4509.08       3.5052       9.6668
 4510.12       0.4025       9.0126
 4511.15       5.7549       9.7762
 4512.19       1.6888       8.7982
 4513.23       2.5954       9.0262
 4514.27       3.7264       9.3058
 4515.30      -0.9448       8.3662
 4516.34      -1.7136       8.2349
 4517.38       3.2394       9.1946
 4518.42       1.9884       8.7279
 4519.45      -0.0874       8.3982
 4520.49       1.0870       8.8964
 4521.53       2.9614       9.4199
 4522.57       3.4376       9.2648
 4523.61      -2.2147       8.4053
 4524.64       4.7045       9.5986
 4525.68       5.5744       9.4771
 4526.72       6.0627       9.6198
 4527.76       4.4989       9.4823
 4528.79       1.0451       8.9483
 4529.83       0.4056       8.7122
 4530.87       0.3049       8.8474
 4531.91       0.6167       8.9271
 4532.95      -0.4595       8.9895
 4533.98       3.7690       9.1463
 4535.02       5.5352       9.5132
 4536.06       0.0884       9.0277
 4537.10      -2.1481       8.7576
 4538.13      -0.4386       8.6728
 4539.17      -2.3108       8.3554
 4540.21       1.4712       9.0846
 4541.25       0.1377       8.6596
 4542.29       0.4307       8.6013
 4543.32       0.9243       8.9809
 4544.36       0.8822       8.9807
 4545.40       1.5267       8.9004
 4546.44       2.6641       8.9363
 4547.47       1.0972       8.4307
 4548.51       0.7930       8.0933
 4549.55       0.0551       7.7284
 4550.59       1.9252       8.2175
 4551.62      -0.2994       8.3468
 4552.66       0.5521       8.4997
 4553.70       0.7085       8.1951
 4554.74       1.5784       8.0608
 4555.78       4.0812       8.4911
 4556.81       2.9372       8.3525
 4557.85       1.8302       8.0827
 4558.89      -2.5988       7.5395
 4559.93       1.2110       8.4073
 4560.96       2.6767       8.5145
 4562.00       0.1032       7.7245
 4563.04      -2.1781       7.3753
 4564.08      -1.4764       7.5765
 4565.12       1.1123       7.9563
 4566.15       3.1051       8.5447
 4567.19       3.4979      10.1530
 4568.23       3.6532      10.4063
 4569.27       1.2399       8.5274
 4570.30      -2.7550       7.3014
 4571.34      -5.3872       6.7838
 4572.38       0.4218       7.5462
 4573.42      -0.4002       7.5470
 4574.46      -2.7606       7.1386
 4575.49       0.8387       7.8380
 4576.53      -0.5191       7.8522
 4577.57      -3.4658       7.3420
 4578.61      -0.9741       7.7038
 4579.64       1.7531       8.2849
 4580.68       2.7944       8.3705
 4581.72       3.8325       8.5462
 4582.76       2.5884       8.1934
 4583.79       1.7766       8.0861
 4584.83       0.1534       7.6080
 4585.87      -1.6780       7.1240
 4586.91      -0.8908       7.3857
 4587.95       0.0466       7.6743
 4588.98      -0.9979       7.6766
 4590.02       0.1070       7.6428
 4591.06      -0.1200       7.4526
 4592.10      -1.3820       7.2620
 4593.13       1.8826       7.4463
 4594.17       3.2082       7.7918
 4595.21       2.5748       7.5509
 4596.25       4.7382       7.7089
 4597.29       3.1016       7.6801
 4598.32      -0.0347       7.3392
 4599.36       1.5030       7.4918
 4600.40       3.1971       7.6883
 4601.44       0.8152       7.1952
 4602.47       2.7254       7.1897
 4603.51       1.2200       7.2427
 4604.55      -2.7169       6.7153
 4605.59       0.3274       7.0672
 4606.62       1.6794       7.3418
 4607.66      -1.7491       6.9177
 4608.70      -0.0821       7.4153
 4609.74       0.1177       7.6082
 4610.78       0.5701       7.5894
 4611.81      -0.3988       7.2658
 4612.85      -1.1510       7.1470
 4613.89       3.8645       7.5393
 4614.93       3.5883       7.5931
 4615.96       0.1910       7.2415
 4617.00       1.4191       7.3773
 4618.04       2.4943       7.4128
 4619.08      -1.1263       6.8874
 4620.12      -1.5423       6.8668
 4621.15       1.6688       7.6752
 4622.19       2.1826       7.7316
 4623.23      -1.2918       6.8197
 4624.27      -2.0773       6.8064
 4625.30       1.0872       7.3392
 4626.34       2.1666       7.4558
 4627.38       1.6636       7.5375
 4628.42       0.1069       7.1144
 4629.46       1.5077       7.0672
 4630.49       0.2878       7.1556
 4631.53      -0.5365       6.7444
 4632.57       2.9126       7.0003
 4633.61       1.1856       6.9225
 4634.64      -2.7678       6.3482
 4635.68      -1.5693       6.4580
 4636.72       1.0951       6.8283
 4637.76       3.4166       7.3038
 4638.79       4.6354       7.5148
 4639.83       1.2527       7.0975
 4640.87       0.8187       7.0383
 4641.91       4.9492       7.6364
 4642.95       3.0464       7.1827
 4643.98      -2.8386       6.2831
 4645.02      -1.5328       6.4276
 4646.06       1.2651       6.7108
 4647.10      -0.1115       6.5547
 4648.13      -0.9706       6.3805
 4649.17       0.3759       6.6676
 4650.21       2.3449       7.0207
 4651.25       1.7255       6.9196
 4652.29      -0.0618       6.5096
 4653.32      -0.1460       6.4789
 4654.36       1.2040       6.6883
 4655.40      -0.7781       6.4445
 4656.44      -0.9194       6.5220
 4657.47       1.7903       7.3167
 4658.51       1.3580       7.4756
 4659.55       0.8696       7.1747
 4660.59       0.0349       7.2256
 4661.62      -0.5983       7.1686
 4662.66      -1.5441       6.9614
 4663.70      -3.0681       6.4263
 4664.74      -0.0164       6.6102
 4665.78       2.1648       7.0124
 4666.81       1.2067       6.6204
 4667.85       0.3333       6.1895
 4668.89       1.1856       6.5129
 4669.93       0.7583       6.6009
 4670.96      -0.1748       6.5083
 4672.00      -2.3952       6.2804
 4673.04      -2.9719       6.2394
 4674.08      -0.1526       6.7317
 4675.12      -0.4705       6.8376
 4676.15      -0.9681       6.8258
 4677.19       0.5845       6.7961
 4678.23      -0.5732       6.6694
 4679.27      -0.4947       6.5444
 4680.30      -1.2741       6.4535
 4681.34      -3.5913       6.2919
 4682.38       2.2364       7.0704
 4683.42       3.0363       7.0146
 4684.46       1.5725       6.7654
 4685.49       1.0932       6.7441
 4686.53       3.8826       7.0819
 4687.57       3.5578       6.8384
 4688.61      -2.0613       6.0859
 4689.64      -0.9271       6.2963
 4690.68       0.7739       6.5449
 4691.72       0.1771       6.4052
 4692.76       0.4008       6.2468
 4693.79       0.5279       6.3252
 4694.83       3.4041       6.9420
 4695.87       2.6413       6.7355
 4696.91      -1.0968       6.0844
 4697.95       0.2964       6.1026
 4698.98       2.1179       6.1998
 4700.02       3.0975       6.3758
 4701.06      -0.7958       6.0806
 4702.10      -1.5290       5.8558
 4703.13       1.6932       6.2761
 4704.17       1.2183       6.2628
 4705.21       0.0537       5.9535
 4706.25      -1.1578       5.7162
 4707.29       0.8006       6.3159
 4708.32       1.6550       6.4063
 4709.36      -1.3557       5.9099
 4710.40       0.7921       6.3588
 4711.44       1.6863       6.3443
 4712.47       1.5486       6.3092
 4713.51       1.6623       6.2411
 4714.55       3.4845       6.4278
 4715.59       3.1347       6.4315
 4716.62      -1.7326       5.7916
 4717.66       0.3279       6.0295
 4718.70       0.2360       6.2068
 4719.74      -0.0826       6.3465
 4720.78       0.8389       6.3035
 4721.81      -0.1191       5.9101
 4722.85      -0.1546       5.9327
 4723.89      -0.4452       6.0484
 4724.93      -1.6898       5.8842
 4725.96      -1.5186       6.0279
 4727.00      -1.5711       5.6959
 4728.04      -0.3592       5.6930
 4729.08       2.7082       6.0851
 4730.12       2.4278       6.0012
 4731.15       2.2423       6.0969
 4732.19       0.7377       5.9907
 4733.23      -0.5692       5.6231
 4734.27       1.5084       5.9100
 4735.30       1.3845       5.8818
 4736.34      -0.3409       5.5304
 4737.38      -0.0433       5.5780
 4738.42       2.2267       6.0258
 4739.46       2.0501       6.1368
 4740.49       2.9132       6.0865
 4741.53       0.3058       5.6793
 4742.57       0.1470       5.8699
 4743.61      -0.6450       5.7203
 4744.64       1.1914       5.8011
 4745.68       3.3610       6.1408
 4746.72       1.7575       5.9451
 4747.76       1.2922       5.7684
 4748.80       0.7995       5.7161
 4749.83      -0.3614       5.7478
 4750.87       0.4119       5.8325
 4751.91       0.9691       5.7325
 4752.95      -0.5873       5.5703
 4753.98      -0.5287       5.5890
 4755.02       1.0553       5.8269
 4756.06       0.7327       5.6482
 4757.10      -1.4423       5.2448
 4758.13       1.7084       5.7870
 4759.17       3.9122       6.0629
 4760.21       2.1840       6.0018
 4761.25       0.3479       5.7358
 4762.29      -0.6296       5.3740
 4763.32       0.2927       5.6271
 4764.36       2.3305       5.8254
 4765.40       2.5576       5.7218
 4766.44       4.6657       6.0460
 4767.47       3.2142       5.8443
 4768.51       4.0995       6.0900
 4769.55       2.9402       5.9951
 4770.59      -0.1442       5.4034
 4771.63      -0.4871       5.4924
 4772.66      -1.0181       5.2466
 4773.70      -2.4447       5.0487
 4774.74      -0.3822       5.4699
 4775.78       1.5442       5.7614
 4776.81      -0.9560       5.5630
 4777.85      -0.5232       5.6512
 4778.89       1.4688       5.7264
 4779.93       2.7378       5.7400
 4780.97       3.1595       5.7568
 4782.00       1.1546       5.6185
 4783.04       0.6430       5.6368
 4784.08      -1.9417       5.2250
 4785.12      -0.0324       5.5686
 4786.15       1.5717       5.6701
 4787.19      -2.2654       5.2277
 4788.23      -0.5418       5.3917
 4789.27       3.5385       5.9722
 4790.30       1.2274       5.8291
 4791.34       2.5893       6.0250
 4792.38       2.1741       5.7585
 4793.42       1.9380       5.8433
 4794.46       0.9531       5.7395
 4795.49       0.4789       5.7349
 4796.53       0.8862       5.7526
 4797.57       1.6717       5.8458
 4798.61      -1.6772       5.1668
 4799.64       0.8899       5.5757
 4800.68       1.0329       5.5077
 4801.72       1.0145       5.5449
 4802.76       3.9374       5.8805
 4803.80       0.0205       5.4304
 4804.83       0.4862       5.8167
 4805.87       0.6119       5.7245
 4806.91      -1.1983       5.3675
 4807.95       0.1504       5.5004
 4808.98       4.6248       5.9503
 4810.02       2.0449       5.6427
 4811.06       0.5787       5.5594
 4812.10       0.8542       5.5767
 4813.14      -0.6180       5.5139
 4814.17      -0.2401       5.7268
 4815.21       0.6874       5.9780
 4816.25       1.5938       6.2271
 4817.29       1.8685       6.2906
 4818.32       1.4361       6.2565
 4819.36      -1.6345       5.8713
 4820.40       2.0584       6.2313
 4821.44      -0.0346       5.9536
 4822.47       2.5717       6.4019
 4823.51       3.7047       6.2955
 4824.55       2.0420       6.0534
 4825.59      -1.2957       5.6596
 4826.63      -2.4519       5.4039
 4827.66       2.2092       6.1678
 4828.70       1.2997       6.1393
 4829.74      -3.2013       5.5692
 4830.78       1.1773       5.9254
 4831.81       3.4827       6.1694
 4832.85       0.8489       6.0931
 4833.89       0.1990       5.9278
 4834.93       2.3720       6.2198
 4835.97       3.2579       6.3681
 4837.00       6.1449       6.7543
 4838.04       0.1284       6.0130
 4839.08      -1.4449       5.7765
 4840.12       0.0631       5.7797
 4841.15      -2.3537       5.3868
 4842.19       0.8377       6.0680
 4843.23       2.6186       6.1660
 4844.27       0.0970       5.6315
 4845.31       0.0249       5.7341
 4846.34      -0.8926       5.6713
 4847.38       2.2237       6.0026
 4848.42       5.4047       6.1110
 4849.46      -1.2359       5.0675
 4850.49      -2.4235       5.1105
 4851.53       1.1381       5.3257
 4852.57       3.4951       5.7423
 4853.61      -1.4863       5.0919
 4854.64      -0.7407       4.7883
 4855.68       0.5574       4.9914
 4856.72       1.5773       4.9620
 4857.76       0.5369       4.8156
 4858.80      -2.3697       4.2398
 4859.83      -0.0384       4.9061
 4860.87       1.5733       5.2726
 4861.91       6.2439       5.6874
 4862.95       3.6913       5.3037
 4863.98       1.1224       4.5445
 4865.02       0.6624       4.4231
 4866.06       1.0106       4.5589
 4867.10       1.0449       4.6647
 4868.14       2.0977       4.6897
 4869.17       1.6360       4.7455
 4870.21       2.2362       4.7745
 4871.25       2.2841       4.7264
 4872.29       0.0123       4.1869
 4873.32       2.7039       4.5276
 4874.36       0.7037       4.3029
 4875.40      -1.1201       4.0887
 4876.44       0.1728       4.3277
 4877.48       0.8429       4.3927
 4878.51       4.1745       4.7755
 4879.55       3.6143       4.8696
 4880.59       3.3046       4.9839
 4881.63       2.9198       4.8720
 4882.66       0.7033       4.6124
 4883.70       0.2175       4.4768
 4884.74       0.2075       4.4202
 4885.78      -0.4181       4.2638
 4886.81       1.5626       4.6211
 4887.85       1.0831       4.7103
 4888.89       1.4056       4.6079
 4889.93       6.8672       5.2436
 4890.97       3.5829       4.9147
 4892.00      -0.1126       4.4729
 4893.04      -0.6918       4.4287
 4894.08      -2.1052       4.4310
 4895.12       1.0706       4.8379
 4896.15       2.6299       5.1723
 4897.19       1.7029       4.9899
 4898.23       0.9131       4.8103
 4899.27       0.1506       4.6513
 4900.31      -1.5853       4.4295
 4901.34       1.1239       4.7176
 4902.38       2.9827       4.9108
 4903.42       2.3399       4.9656
 4904.46       3.4309       5.2159
 4905.49       2.3841       5.2105
 4906.53       3.8632       5.2722
 4907.57       1.0016       4.8140
 4908.61      -1.2914       4.5217
 4909.65       0.9887       4.6308
 4910.68       2.9099       4.8635
 4911.72       3.0287       4.9118
 4912.76       0.2351       4.7153
 4913.80       0.9988       4.7236
 4914.83      -0.0190       4.5967
 4915.87       0.4038       4.6116
 4916.91      -1.2067       4.3966
 4917.95      -1.6880       4.3227
 4918.98      -0.9311       4.3194
 4920.02      -1.6400       4.0449
 4921.06      -2.4258       3.8580
 4922.10      -0.3727       4.3032
 4923.14       1.3114       4.6740
 4924.17       1.4298       4.6326
 4925.21       1.6814       4.7368
 4926.25       2.4352       4.8652
 4927.29      -0.0905       4.5018
 4928.32       3.3053       4.9169
 4929.36       1.9968       4.6814
 4930.40      -0.7890       4.3980
 4931.44       2.2048       4.8269
 4932.48       1.4160       4.6726
 4933.51      -0.0231       4.4841
 4934.55       1.6336       4.6901
 4935.59      -0.1313       4.4596
 4936.63       2.0315       4.8887
 4937.66       1.2915       4.8632
 4938.70      -0.3999       4.5161
 4939.74       0.8220       4.4866
 4940.78       2.1336       4.6040
 4941.81       1.7841       4.6245
 4942.85       0.0224       4.5260
 4943.89       0.2883       4.4338
 4944.93       2.3098       4.6998
 4945.97       2.4933       4.6931
 4947.00      -0.4005       4.4344
 4948.04       0.1574       4.5415
 4949.08       0.5986       4.7603
 4950.12      -0.4961       4.4980
 4951.15       0.9293       4.7569
 4952.19       1.6993       5.0023
 4953.23       1.0052       4.9321
 4954.27      -1.4132       4.6714
 4955.31      -1.6345       4.3317
 4956.34       3.0596       4.7550
 4957.38       0.5248       4.3378
 4958.42      -0.5579       4.1649
 4959.46       0.3445       4.6386
 4960.49       0.3529       4.4254
 4961.53       2.5844       4.7022
 4962.57      -0.3802       4.7096
 4963.61      -0.3756       4.5912
 4964.65       0.9695       4.6705
 4965.68       0.4861       4.7188
 4966.72       0.5550       4.8099
 4967.76       0.3977       4.7444
 4968.80      -0.7844       4.4067
 4969.83      -0.7227       4.5030
 4970.87       1.2893       4.8530
 4971.91       2.6206       4.8838
 4972.95      -3.3762       4.2010
 4973.98       1.6514       4.7761
 4975.02       1.5434       4.5817
 4976.06      -1.3467       4.2709
 4977.10       0.0809       4.4437
 4978.14      -2.5005       4.2359
 4979.17      -1.2172       4.3795
 4980.21      -0.2256       4.4124
 4981.25       1.4818       4.4889
 4982.29      -0.8406       4.0172
 4983.32       0.6985       4.2026
 4984.36       1.7115       4.3048
 4985.40       1.2873       4.1723
 4986.44       2.9101       4.4437
 4987.48      -0.4526       4.1597
 4988.51      -5.2553       3.8298
 4989.55      -1.9990       4.0616
 4990.59       3.6195       4.6087
 4991.63       1.4637       4.4733
 4992.66       2.0230       4.6981
 4993.70      -1.3720       4.2925
 4994.74      -1.6477       4.2514
 4995.78      -0.0870       4.3864
 4996.81       1.7570       4.5750
 4997.85       1.3599       4.5795
 4998.89      -1.3218       4.2150
 4999.93      -0.6610       4.1176
 5000.97       0.5331       4.2211
 5002.00       2.5333       4.3356
 5003.04       1.1203       4.4085
 5004.08      -0.9871       4.0850
 5005.12       0.2374       4.1007
 5006.15       2.7295       4.3938
 5007.19       0.9984       4.3769
 5008.23       0.3475       4.3031
 5009.27      -0.1289       4.2071
 5010.31       1.6697       4.2259
 5011.34       2.2298       4.2575
 5012.38      -0.9989       3.9602
 5013.42       0.2742       4.0533
 5014.46       1.1149       4.1891
 5015.49       0.3543       3.9481
 5016.53      -1.4196       3.7750
 5017.57      -1.2466       3.7416
 5018.61      -1.1917       3.7190
 5019.65      -1.0594       3.6569
 5020.68       1.3337       4.0306
 5021.72       4.1002       4.4715
 5022.76       0.0672       3.9325
 5023.80       0.4360       3.9185
 5024.83       2.7597       4.0839
 5025.87      -1.3330       3.6329
 5026.91       0.3920       3.8196
 5027.95       2.5032       4.0089
 5028.98       0.4868       3.8854
 5030.02       2.2262       4.0777
 5031.06       1.4566       4.0719
 5032.10       2.8489       4.2611
 5033.14       1.7332       4.1951
 5034.17       0.7026       3.8791
 5035.21       0.0897       3.7787
 5036.25      -2.2418       3.4749
 5037.29       1.1645       3.8687
 5038.32       1.4548       4.0780
 5039.36       0.4330       3.8542
 5040.40      -1.1687       3.5568
 5041.44      -0.9242       3.6336
 5042.48       0.2234       3.8036
 5043.51       4.8555       4.3515
 5044.55       3.5942       4.3173
 5045.59       1.3207       4.1180
 5046.63       0.5801       4.0129
 5047.66       2.4782       4.0633
 5048.70       3.4682       4.1257
 5049.74       3.8181       4.2353
 5050.78       0.6877       3.9353
 5051.82       4.1519       4.2325
 5052.85       2.7239       4.0608
 5053.89       1.7021       4.1241
 5054.93       0.2117       3.9526
 5055.97      -0.5945       3.8427
 5057.00       0.6331       4.0205
 5058.04      -0.7505       3.9016
 5059.08       0.9515       4.0498
 5060.12       2.3835       4.1288
 5061.16       0.2342       3.9654
 5062.19      -0.3911       3.7949
 5063.23       0.1340       3.7705
 5064.27       0.2157       3.9249
 5065.31       0.4049       3.8615
 5066.34       0.7377       3.8721
 5067.38       0.1253       3.8573
 5068.42       1.3446       4.0066
 5069.46       1.4879       3.9960
 5070.49       3.6005       4.2601
 5071.53       1.1026       3.9849
 5072.57      -1.4173       3.5802
 5073.61       0.9816       3.8896
 5074.65      -1.0159       3.7132
 5075.68      -0.2646       3.7740
 5076.72       2.0592       3.8298
 5077.76       2.2528       3.8254
 5078.80       3.9507       4.0056
 5079.83       2.5766       3.8844
 5080.87       2.2331       3.8158
 5081.91       1.5717       3.7972
 5082.95       0.7631       3.7315
 5083.99       0.8564       3.6907
 5085.02       1.7256       3.9395
 5086.06       1.4222       3.9266
 5087.10       2.7288       3.9433
 5088.14       0.4280       3.8292
 5089.17       1.6755       3.9144
 5090.21       2.8383       4.0850
 5091.25      -0.3497       3.7892
 5092.29       2.1828       3.9940
 5093.33       0.8155       3.7629
 5094.36       1.2889       3.8951
 5095.40       2.4673       3.9738
 5096.44       0.8174       3.7380
 5097.48      -0.2398       3.5692
 5098.51      -2.4692       3.3905
 5099.55      -0.8698       3.5181
 5100.59       1.7436       3.8718
 5101.63       1.6682       3.9408
 5102.66       2.1064       3.8765
 5103.70       2.7158       3.8846
 5104.74       3.3293       4.0455
 5105.78       1.5299       3.9277
 5106.82       1.4268       3.7544
 5107.85       2.3926       3.7740
 5108.89       1.4240       3.6150
 5109.93       1.8739       3.8278
 5110.97       3.1775       3.9848
 5112.00       0.6477       3.7629
 5113.04      -1.0359       3.6220
 5114.08       0.0384       3.7089
 5115.12       0.9928       3.6880
 5116.16       0.8512       3.7172
 5117.19       1.6910       3.8828
 5118.23       3.7417       4.1654
 5119.27       1.8648       4.0399
 5120.31      -0.3260       3.7077
 5121.34       2.1230       3.7696
 5122.38       2.4900       3.7627
 5123.42       1.0128       3.5744
 5124.46      -0.4086       3.4456
 5125.50      -0.5755       3.4028
 5126.53       0.3727       3.3944
 5127.57      -1.8182       3.2948
 5128.61       0.6267       3.5668
 5129.65       1.8882       3.7757
 5130.68       0.2686       3.6028
 5131.72      -0.1406       3.6683
 5132.76       0.1837       3.8267
 5133.80       1.9909       3.9729
 5134.83       1.0218       3.8024
 5135.87      -0.6009       3.6659
 5136.91      -1.3837       3.6542
 5137.95      -0.7479       3.6429
 5138.99       1.1527       3.7672
 5140.02       1.1285       3.6564
 5141.06      -0.1130       3.5970
 5142.10       1.8610       3.9148
 5143.14       2.0222       3.8931
 5144.17       2.9821       3.9124
 5145.21       2.1457       3.7914
 5146.25       0.4037       3.7514
 5147.29      -0.9676       3.6499
 5148.33       0.3368       3.6341
 5149.36       0.1178       3.5582
 5150.40       1.8604       3.6814
 5151.44       1.7551       3.7206
 5152.48       2.2644       3.8139
 5153.51       2.7545       3.8266
 5154.55      -0.8867       3.3707
 5155.59      -0.2923       3.4308
 5156.63       2.5961       3.8163
 5157.67       3.3485       3.8747
 5158.70       1.5019       3.6613
 5159.74      -0.3061       3.5253
 5160.78       0.3925       3.5225
 5161.82       0.0901       3.4376
 5162.85      -0.2212       3.3950
 5163.89       0.2167       3.4680
 5164.93       1.7505       3.5097
 5165.97       0.5278       3.2732
 5167.00       0.5933       3.1734
 5168.04       2.5031       3.3362
 5169.08      -0.3720       3.1902
 5170.12      -1.7521       2.9947
 5171.16      -0.9676       2.9534
 5172.19       0.2672       2.9572
 5173.23      -0.1415       2.9344
 5174.27      -0.4906       2.9858
 5175.31       1.3856       3.2506
 5176.34       1.0936       3.3242
 5177.38       0.4242       3.2691
 5178.42       2.2761       3.4371
 5179.46       0.5263       3.2917
 5180.50       0.6539       3.2192
 5181.53       1.8698       3.1838
 5182.57       1.2140       3.0738
 5183.61       1.8305       2.9868
 5184.65       0.5139       2.8270
 5185.68       1.5685       3.1749
 5186.72       3.4286       3.6179
 5187.76       1.4797       3.5748
 5188.80      -1.0069       3.4438
 5189.83      -1.3531       3.3674
 5190.87       1.3197       3.3574
 5191.91       3.0411       3.3824
 5192.95       1.7126       3.2743
 5193.99       0.3207       3.1707
 5195.02      -0.1299       3.2001
 5196.06      -0.5796       3.3368
 5197.10       0.0220       3.7166
 5198.14      -0.5724       3.9219
 5199.17      -0.3886       4.0959
 5200.21       1.2465       4.1044
 5201.25      -0.4927       3.6960
 5202.29      -1.6210       3.6104
 5203.33      -0.4763       3.7021
 5204.36      -1.6440       3.3576
 5205.40      -2.6862       3.0305
 5206.44      -2.0812       2.8798
 5207.48       0.1307       3.1741
 5208.51       3.0301       3.5075
 5209.55       1.1328       3.3494
 5210.59       0.5319       3.3440
 5211.63       3.2345       3.5950
 5212.67       2.7361       3.5303
 5213.70       1.7933       3.4206
 5214.74       2.9361       3.4602
 5215.78       2.0661       3.4500
 5216.82       0.4698       3.3490
 5217.85       0.0789       3.3549
 5218.89       0.2822       3.4837
 5219.93       0.1100       3.4245
 5220.97      -0.6819       3.3248
 5222.00       1.2480       3.5864
 5223.04       3.9801       3.9995
 5224.08       1.0519       3.7770
 5225.12      -1.3115       3.4596
 5226.16       0.5714       3.3716
 5227.19       0.1240       3.1617
 5228.23       0.5019       3.1153
 5229.27       0.4733       3.2155
 5230.31       0.9347       3.4384
 5231.34      -1.0200       3.2350
 5232.38      -0.4702       3.2833
 5233.42       2.6861       3.5574
 5234.46       0.4532       3.2300
 5235.50      -0.5844       3.1324
 5236.53      -1.4588       3.1156
 5237.57      -0.3947       3.5017
 5238.61       0.7562       3.8984
 5239.65       1.4032       3.9293
 5240.68      -1.7245       3.4063
 5241.72      -3.0131       3.0851
 5242.76       1.0034       3.2037
 5243.80       1.7310       3.3083
 5244.83      -1.3178       3.0268
 5245.87       0.0770       3.1947
 5246.91       0.0631       3.1992
 5247.95      -0.2914       3.1489
 5248.99       2.1634       3.4932
 5250.02       2.5936       3.6527
 5251.06       1.0851       3.3967
 5252.10      -0.1017       3.2785
 5253.14       0.0250       3.3504
 5254.17       0.7858       3.4084
 5255.21       2.9623       3.8948
 5256.25       0.3075       3.8798
 5257.29       2.1458       3.9340
 5258.33       0.4057       3.6394
 5259.36       1.0325       3.4160
 5260.40       0.0195       3.2040
 5261.44       0.4146       3.1707
 5262.48       0.2497       3.1448
 5263.51       0.8777       3.0506
 5264.55       1.2968       3.0703
 5265.59       0.0642       2.9940
 5266.63       1.1076       3.0577
 5267.67       2.0692       3.1446
 5268.70       1.3760       3.0594
 5269.74       0.6499       3.0468
 5270.78       4.1993       3.4101
 5271.82       1.7373       3.2531
 5272.85       0.5926       3.1835
 5273.89      -0.0748       3.1586
 5274.93      -1.6507       3.2413
 5275.97       1.6681       3.6362
 5277.00       1.6421       3.6927
 5278.04       2.5980       3.6422
 5279.08      -1.4984       3.0194
 5280.12      -0.1199       3.0494
 5281.16       3.2134       3.3440
 5282.19      -0.6974       2.9166
 5283.23      -0.8769       2.8754
 5284.27       0.2653       2.9854
 5285.31       0.7197       3.0464
 5286.34       1.0871       3.1869
 5287.38      -0.7134       3.1404
 5288.42       4.1599       3.4936
 5289.46       1.9609       3.3845
 5290.50       0.3263       3.3046
 5291.53       3.5146       3.5944
 5292.57       4.8995       3.7714
 5293.61       7.1464       3.9748
 5294.65       5.2467       3.7101
 5295.68       9.7239       4.0890
 5296.72       8.7075       3.9770
 5297.76       4.2942       3.6458
 5298.80       3.8819       3.6398
 5299.83       4.4065       3.8438
 5300.87       4.7940       3.7712
 5301.91       1.7060       3.4177
 5302.95       0.1953       3.3325
 5303.99       0.1128       3.4304
 5305.02       0.8158       3.4940
 5306.06       0.1504       3.3345
 5307.10      -0.2309       3.3473
 5308.14       0.7362       3.4056
 5309.17       0.2644       3.4124
 5310.21       0.1510       3.4030
 5311.25       0.7734       3.4319
 5312.29       2.3733       3.7379
 5313.33       1.6303       3.6130
 5314.36       3.1019       3.6960
 5315.40       1.6981       3.5470
 5316.44       1.8951       3.4877
 5317.48       1.0582       3.3926
 5318.51       0.0197       3.3602
 5319.55       0.9145       3.4425
 5320.59       1.9574       3.5335
 5321.63       1.9197       3.5732
 5322.67       0.6804       3.3769
 5323.70       0.7905       3.4372
 5324.74       1.9733       3.6168
 5325.78       0.7212       3.5108
 5326.82       1.7933       3.3402
 5327.85       1.1964       3.1352
 5328.89       1.4835       3.2542
 5329.93       0.9353       3.3403
 5330.97       2.2405       3.5939
 5332.00       1.9027       3.5744
 5333.04       0.9705       3.3980
 5334.08       2.0177       3.4164
 5335.12       1.2650       3.3693
 5336.16      -0.9558       3.2581
 5337.19      -1.1311       3.2359
 5338.23      -0.8152       3.1959
 5339.27       0.0848       3.2723
 5340.31       1.6376       3.2734
 5341.34      -0.6199       3.0201
 5342.38      -0.9166       3.0467
 5343.42       1.2178       3.2863
 5344.46       1.1861       3.3659
 5345.50      -0.7604       3.2296
 5346.53       1.7059       3.3441
 5347.57       2.4956       3.4104
 5348.61       0.3462       3.2771
 5349.65       1.1250       3.3727
 5350.68       1.2330       3.4388
 5351.72       0.6762       3.3144
 5352.76      -1.8040       3.0847
 5353.80      -1.6306       3.0963
 5354.84       1.2223       3.2932
 5355.87       2.8860       3.5252
 5356.91       1.9846       3.4637
 5357.95       1.8867       3.4130
 5358.99       2.0798       3.4748
 5360.02       4.2021       3.5896
 5361.06       2.1889       3.4378
 5362.10       1.1972       3.2847
 5363.14       2.0704       3.2639
 5364.17       1.9467       3.1680
 5365.21       2.2664       3.3446
 5366.25       0.9814       3.3291
 5367.29       3.2045       3.4618
 5368.33       2.8182       3.4519
 5369.36       0.0386       3.3015
 5370.40       3.3896       3.4960
 5371.44       3.9860       3.3857
 5372.48       1.1647       3.2267
 5373.51       0.2152       3.2600
 5374.55       0.3770       3.2285
 5375.59       1.3017       3.3957
 5376.63       2.1186       3.4652
 5377.67       2.3759       3.4814
 5378.70       1.1892       3.3307
 5379.74       0.3505       3.2198
 5380.78       0.2015       3.2848
 5381.82      -0.5648       3.2102
 5382.85       2.3256       3.3893
 5383.89       3.8543       3.4177
 5384.93       3.3290       3.4381
 5385.97       2.4808       3.4824
 5387.01      -1.0773       3.1158
 5388.04      -0.3208       3.1161
 5389.08       2.7174       3.3555
 5390.12       2.4704       3.2290
 5391.16       0.8724       3.0905
 5392.19       1.9935       3.2353
 5393.23       0.5362       3.1343
 5394.27       0.6396       3.0823
 5395.31       0.2286       3.0383
 5396.34       1.1984       3.1350
 5397.38      -0.5497       2.9313
 5398.42      -0.1921       2.9759
 5399.46      -0.1345       2.9827
 5400.50       1.1582       2.9961
 5401.53       1.1277       3.1143
 5402.57      -1.5515       2.9495
 5403.61       0.9146       2.9927
 5404.65       1.7638       2.9970
 5405.68       0.5691       2.9401
 5406.72       0.4121       3.0084
 5407.76       1.5044       3.1382
 5408.80       0.7014       3.0119
 5409.84      -1.5487       2.8265
 5410.87      -0.3217       2.8823
 5411.91       0.8404       3.0237
 5412.95       2.5876       3.2438
 5413.99      -0.9695       2.9766
 5415.02      -2.6074       2.7408
 5416.06      -0.4306       2.9935
 5417.10       2.6106       3.3737
 5418.14       4.2546       3.4587
 5419.18       4.5527       3.4456
 5420.21       2.0055       3.1844
 5421.25      -0.7234       2.9802
 5422.29       0.5862       3.0865
 5423.33       0.1029       3.0487
 5424.36       0.9008       3.1236
 5425.40       4.2800       3.3987
 5426.44       3.4102       3.2974
 5427.48       2.9817       3.3420
 5428.52       3.0437       3.3241
 5429.55       1.8943       3.2119
 5430.59       4.6723       3.4573
 5431.63       2.2721       3.2371
 5432.67      -0.0399       3.0414
 5433.70       1.6125       3.2077
 5434.74       0.9609       3.1708
 5435.78       1.1424       3.2279
 5436.82       0.4433       3.1173
 5437.85       0.2415       3.1507
 5438.89      -0.8658       3.1007
 5439.93      -0.5401       3.1869
 5440.97       2.9851       3.4822
 5442.01       1.8857       3.2662
 5443.04      -0.8039       3.0566
 5444.08       0.7947       3.1775
 5445.12       3.0940       3.3435
 5446.16       0.2932       3.0153
 5447.19      -1.3127       2.8997
 5448.23       0.1894       3.1240
 5449.27      -0.9324       3.0898
 5450.31      -0.2632       3.2215
 5451.35       0.9443       3.2237
 5452.38       0.2872       3.2161
 5453.42       1.2107       3.3188
 5454.46       0.9484       3.2030
 5455.50       1.9099       3.2862
 5456.53       3.9418       3.5160
 5457.57       1.5398       3.3200
 5458.61      -0.6426       3.1988
 5459.65       0.6883       3.4168
 5460.69       0.8300       3.4868
 5461.72       2.4166       3.5796
 5462.76       2.7920       3.5554
 5463.80       1.3978       3.3033
 5464.84       2.7041       3.3337
 5465.87       1.9563       3.3863
 5466.91       1.5157       3.3149
 5467.95       1.5882       3.2698
 5468.99       1.5378       3.2978
 5470.02       2.3938       3.2961
 5471.06       0.9291       3.1402
 5472.10       1.8123       3.3089
 5473.14       3.1371       3.4225
 5474.18       0.7102       3.2035
 5475.21       0.9702       3.1804
 5476.25       2.5023       3.2597
 5477.29       1.9499       3.2798
 5478.33       0.5407       3.0556
 5479.36       1.9663       3.1498
 5480.40       3.1114       3.3435
 5481.44       0.3267       3.0866
 5482.48       1.7908       3.2401
 5483.52       2.8742       3.4444
 5484.55       3.3745       3.5224
 5485.59       4.2998       3.5695
 5486.63       0.0420       3.1950
 5487.67      -0.2830       3.1161
 5488.70       2.5800       3.3361
 5489.74       2.2995       3.3704
 5490.78       3.6614       3.5269
 5491.82       2.5832       3.4932
 5492.85       0.9469       3.3726
 5493.89       1.0655       3.2366
 5494.93       0.5692       3.2462
 5495.97       2.9771       3.3966
 5497.01       3.1302       3.4737
 5498.04       0.5215       3.3583
 5499.08       1.8705       3.5361
 5500.12       3.0525       3.5634
 5501.16       1.9702       3.4419
 5502.19       1.9282       3.4721
 5503.23       1.6993       3.3342
 5504.27      -1.5511       3.0189
 5505.31       0.7824       3.2352
 5506.35       1.9990       3.4364
 5507.38      -0.5861       3.2503
 5508.42      -0.3048       3.3166
 5509.46       3.8404       3.6833
 5510.50       1.3496       3.3547
 5511.53      -0.0978       3.2457
 5512.57       1.0134       3.4141
 5513.61       2.2777       3.4935
 5514.65       2.0605       3.3567
 5515.69       3.0316       3.5288
 5516.72       1.8179       3.4817
 5517.76      -0.7295       3.1965
 5518.80      -1.6971       3.0899
 5519.84       0.0579       3.3173
 5520.87       2.2919       3.5092
 5521.91       1.7735       3.3822
 5522.95       1.5562       3.3651
 5523.99       2.1330       3.5199
 5525.02       2.3582       3.4487
 5526.06       1.5707       3.3562
 5527.10       0.8242       3.3110
 5528.14       0.7380       3.2682
 5529.18       2.0449       3.3734
 5530.21       0.5436       3.1968
 5531.25       2.4955       3.4031
 5532.29       3.6718       3.5294
 5533.33       0.5979       3.2438
 5534.36       0.5181       3.2791
 5535.40      -2.3122       3.0771
 5536.44      -0.1465       3.2970
 5537.48       2.0648       3.4451
 5538.52       2.2437       3.3230
 5539.55       3.1103       3.5781
 5540.59       1.9774       3.6350
 5541.63      -0.4751       3.6049
 5542.67       3.1261       4.1829
 5543.70       3.1244       4.3376
 5544.74       2.1398       4.2757
 5545.78       0.0939       3.8566
 5546.82      -1.3614       3.5490
 5547.85       1.1843       3.7382
 5548.89       4.1035       3.9174
 5549.93       1.9232       3.7701
 5550.97       1.7737       3.7394
 5552.01       3.7469       3.9096
 5553.04       2.4334       3.7308
 5554.08       0.8361       3.5072
 5555.12      -0.4686       3.3443
 5556.16       0.3478       3.5272
 5557.19       2.4296       3.7429
 5558.23       2.8372       3.7310
 5559.27       1.1925       3.6791
 5560.31       0.4055       3.5715
 5561.35       1.4124       3.7008
 5562.38       0.9774       4.0300
 5563.42      -0.6049       4.2954
 5564.46       0.5658       4.4967
 5565.50       1.6377       4.2695
 5566.53       2.1759       3.9650
 5567.57       1.6760       3.9219
 5568.61       1.5850       4.0235
 5569.65       2.0113       4.1267
 5570.69       0.0990       3.9319
 5571.72      -0.6350       3.8775
 5572.76       1.2911       4.3092
 5573.80      -0.6205       3.4371
 5574.84       0.0073      16.6445
 5575.87       2.6380      73.7357
 5576.91      -0.2234     145.6560
 5577.95       0.8260     163.1430
 5578.99       2.8202     110.0580
 5580.02       2.6831      36.0051
 5581.06      -0.2216       6.1262
 5582.10      -2.5951       4.8263
 5583.14       1.0864       4.3871
 5584.18       3.3963       4.1608
 5585.21       0.8188       3.7367
 5586.25      -1.8302       3.4598
 5587.29      -0.1403       3.7764
 5588.33       1.3272       4.2688
 5589.36       2.0403       4.4812
 5590.40       1.3130       4.2422
 5591.44       0.9527       3.8465
 5592.48       0.3865       3.5180
 5593.52      -0.5271       3.4231
 5594.55       3.4780       3.7961
 5595.59       3.2734       3.8070
 5596.63      -1.1941       3.5320
 5597.67      -0.2974       3.7256
 5598.70       2.3802       4.0033
 5599.74       1.8668       3.8237
 5600.78       0.5652       3.4992
 5601.82       2.5930       3.5930
 5602.86       1.7359       3.6946
 5603.89       1.7425       4.2397
 5604.93       5.4004       5.0114
 5605.97       3.3004       4.7697
 5607.01       1.5188       4.3302
 5608.04       0.4652       3.7748
 5609.08       0.1092       3.6497
 5610.12       2.2907       3.8019
 5611.16       1.8196       3.8143
 5612.19       0.9403       3.8306
 5613.23       1.6093       3.7147
 5614.27       0.9769       3.6240
 5615.31       3.5351       3.9219
 5616.35       0.9501       3.7744
 5617.38      -0.7667       3.7600
 5618.42       1.8148       4.0878
 5619.46       2.4173       3.9619
 5620.50       0.9106       3.7848
 5621.53      -0.2138       3.7761
 5622.57       1.4044       4.1882
 5623.61       1.9065       4.6073
 5624.65      -0.2988       4.4412
 5625.69      -0.7464       4.1491
 5626.72       1.3947       4.0068
 5627.76       1.9816       3.9377
 5628.80      -0.1066       3.8036
 5629.84      -0.5084       3.7818
 5630.87       1.2553       3.8970
 5631.91       0.0823       3.7684
 5632.95      -0.0350       3.8682
 5633.99       0.9692       3.8592
 5635.03       2.0691       3.9042
 5636.06       0.8131       3.9628
 5637.10      -0.3944       3.8830
 5638.14       0.3193       4.0067
 5639.18       1.8384       4.3706
 5640.21       3.3067       4.4836
 5641.25       0.9075       3.9968
 5642.29       1.9287       4.0919
 5643.33       3.9801       4.4404
 5644.36       3.1386       4.4727
 5645.40       2.2304       4.6097
 5646.44       0.8609       4.5140
 5647.48      -0.4069       4.1099
 5648.52       1.2284       4.0867
 5649.55       1.3035       4.1204
 5650.59       0.7174       4.0974
 5651.63       1.5001       4.2464
 5652.67       2.5400       4.2942
 5653.70       1.6954       4.3080
 5654.74       0.6939       4.2568
 5655.78       0.0510       4.0107
 5656.82       0.3656       4.1236
 5657.86      -0.0965       4.0769
 5658.89      -0.7191       3.8797
 5659.93       1.5062       4.2502
 5660.97       2.4393       4.4799
 5662.01       1.8952       4.4308
 5663.04       3.2097       4.7217
 5664.08       0.7417       4.4529
 5665.12       0.1769       4.4598
 5666.16      -1.2462       4.4237
 5667.20      -1.1028       4.3883
 5668.23       2.2329       4.8380
 5669.27       1.1033       4.7464
 5670.31      -1.5085       4.5033
 5671.35       0.7111       4.7751
 5672.38       0.9329       4.7607
 5673.42       0.8229       4.7215
 5674.46       1.1775       4.8380
 5675.50       0.9735       4.8188
 5676.53       2.1581       4.8524
 5677.57       2.3115       4.9728
 5678.61       1.9281       5.0213
 5679.65       0.0157       4.9374
 5680.69       0.0312       4.9866
 5681.72       2.3766       5.1380
 5682.76       2.4101       5.0853
 5683.80       2.6130       5.3747
 5684.84       1.4368       5.2374
 5685.87       0.1947       4.9672
 5686.91       1.5760       5.4506
 5687.95       3.4434       5.6636
 5688.99       0.3663       5.2537
 5690.03      -0.6043       5.2971
 5691.06       4.7803       5.9703
 5692.10       4.3906       5.9018
 5693.14       0.1502       5.4345
 5694.18       3.7102       5.9702
 5695.21       3.6799       5.9499
 5696.25       1.4742       5.7192
 5697.29       4.8186       6.2357
 5698.33       0.9236       5.7925
 5699.37      -1.4745       5.4296
 5700.40       3.4353       5.9398
 5701.44       3.3089       6.0693
 5702.48       2.2773       5.9353
 5703.52       1.2279       5.8545
 5704.55       3.3932       6.2456
 5705.59       4.9190       6.3999
 5706.63       0.2169       5.6351
 5707.67      -0.7707       5.5572
 5708.70       1.9276       5.8757
 5709.74       1.1119       5.8296
 5710.78       1.2630       5.8664
 5711.82       3.3754       6.3005
 5712.86       2.1956       6.2256
 5713.89      -0.4176       5.9607
 5714.93       5.8429       6.8138
 5715.97       6.4251       6.8624
 5717.01       2.1422       6.2027
 5718.04       1.3434       6.3661
 5719.08       1.3420       6.5974
 5720.12       0.3410       6.3427
 5721.16      -0.3434       6.2621
 5722.20       1.4096       6.6943
 5723.23       2.8871       6.9655
 5724.27       1.2597       6.7369
 5725.31      -0.1194       6.6591
 5726.35       3.1536       7.2484
 5727.38       1.1009       6.9129
 5728.42       1.8506       7.0178
 5729.46       1.2544       6.7372
 5730.50       0.4234       6.7643
 5731.54       2.6989       7.0776
 5732.57       0.1907       6.8243
 5733.61       3.2555       7.5037
 5734.65       1.9986       7.6389
 5735.69      -0.0273       7.0718
 5736.72       0.2072       7.0769
 5737.76      -2.4787       6.9607
 5738.80       2.9132       7.9325
 5739.84       1.4305       7.5026
 5740.87       0.4136       7.0941
 5741.91       3.6937       7.6990
 5742.95       3.0662       7.7399
 5743.99      -1.1043       7.2535
 5745.03       0.4103       7.6436
 5746.06       5.5399       8.3764
 5747.10       3.7018       8.2686
 5748.14       1.0768       7.8657
 5749.18      -0.8542       7.5589
 5750.21       0.4720       7.6906
 5751.25       2.7753       7.9353
 5752.29       3.3157       8.2785
 5753.33       1.3852       8.3571
 5754.37       0.3541       5.8273
 5755.40      -1.1665       5.5492
 5756.44      -0.0647       5.9060
 5757.48       1.9899       6.4162
 5758.52       2.2591       6.4464
 5759.55      -0.1990       5.8664
 5760.59      -1.0006       5.6547
 5761.63      -0.1193       5.9196
 5762.67       0.6042       6.0989
 5763.71       0.5698       6.0346
 5764.74       1.2671       5.9390
 5765.78       2.4731       5.9495
 5766.82       3.2432       6.0153
 5767.86       2.6359       5.9808
 5768.89       2.1953       5.9567
 5769.93       2.2505       5.9406
 5770.97       1.8920       5.8701
 5772.01      -0.0366       5.4441
 5773.04      -1.6201       5.0390
 5774.08       0.7324       5.3839
 5775.12       2.7637       5.7388
 5776.16       1.5147       5.5415
 5777.20       0.5950       5.3465
 5778.23       0.3962       5.2911
 5779.27       0.2192       5.3137
 5780.31       1.0031       5.3724
 5781.35       2.1524       5.4097
 5782.38       2.4386       5.4178
 5783.42       2.6594       5.4358
 5784.46       2.8364       5.4132
 5785.50       2.0849       5.2653
 5786.54       2.6977       5.2539
 5787.57       4.5376       5.3953
 5788.61       3.9722       5.3454
 5789.65       1.6557       5.1125
 5790.69       0.4894       4.9437
 5791.72       0.8115       4.9981
 5792.76       1.9271       5.1686
 5793.80       2.7078       5.2309
 5794.84       2.0870       5.0120
 5795.88       0.5095       4.6868
 5796.91      -0.6129       4.6671
 5797.95      -0.4247       4.6855
 5798.99       0.8623       4.5374
 5800.03       0.3338       4.5372
 5801.06      -0.7342       4.5833
 5802.10      -0.0616       4.4960
 5803.14       0.3849       4.5139
 5804.18       0.2541       4.6272
 5805.21       0.9011       4.6727
 5806.25       0.7663       4.4604
 5807.29      -0.2632       4.1381
 5808.33      -0.3004       4.1384
 5809.37      -0.0875       4.3109
 5810.40      -0.4110       4.3813
 5811.44       0.7455       4.5534
 5812.48       1.6675       4.5601
 5813.52       0.2726       4.1976
 5814.55       0.7169       4.1364
 5815.59       2.6559       4.3969
 5816.63       1.4166       4.3218
 5817.67       0.2939       4.2242
 5818.71       1.5601       4.3168
 5819.74       1.9355       4.2915
 5820.78       1.3196       4.1501
 5821.82       0.6913       4.0169
 5822.86       1.9115       4.1328
 5823.89       2.9485       4.2605
 5824.93       1.0103       4.0615
 5825.97      -0.8769       3.7743
 5827.01      -0.5275       3.6881
 5828.04       1.0249       3.8704
 5829.08       1.5038       4.0018
 5830.12       0.2583       3.8753
 5831.16      -0.2166       3.7127
 5832.20       0.0542       3.6784
 5833.23      -0.1256       3.7758
 5834.27       0.1179       3.8230
 5835.31       0.6963       3.7857
 5836.35       0.6403       3.7648
 5837.38       1.3684       3.8687
 5838.42       2.6097       3.9957
 5839.46       2.1336       3.8824
 5840.50       1.2288       3.7231
 5841.54       1.2500       3.7201
 5842.57       0.8211       3.7129
 5843.61       0.4045       3.6847
 5844.65       0.7445       3.6700
 5845.69       1.2525       3.6001
 5846.72       1.5403       3.5157
 5847.76       1.8063       3.5264
 5848.80       0.4673       3.4933
 5849.84      -1.5469       3.3772
 5850.88      -0.4936       3.3757
 5851.91       1.4524       3.4365
 5852.95       1.6361       3.4745
 5853.99       1.2554       3.5152
 5855.03       0.5539       3.4738
 5856.06      -0.4326       3.3238
 5857.10       0.9653       3.3976
 5858.14       2.9164       3.5590
 5859.18       0.4017       3.2927
 5860.21      -1.5366       3.0810
 5861.25       0.2709       3.2917
 5862.29       0.6017       3.5258
 5863.33       0.2743       3.7631
 5864.37       0.8925       4.0707
 5865.40       1.4428       4.5308
 5866.44       0.8853       4.9283
 5867.48      -1.2110       4.9341
 5868.52      -1.3873       4.8121
 5869.55       0.8223       4.7075
 5870.59       1.6002       4.4254
 5871.63       1.1699       4.0888
 5872.67       0.9142       3.8221
 5873.71       0.8770       3.6978
 5874.74       1.2195       3.6021
 5875.78       1.5012       3.4278
 5876.82       2.2511       3.4483
 5877.86       2.1806       3.5202
 5878.89       0.9685       3.4247
 5879.93       0.6427       3.3021
 5880.97       1.3164       3.2304
 5882.01       0.7012       3.0961
 5883.04       0.2223       3.0600
 5884.08       1.1647       3.4524
 5885.12       2.7284       3.9835
 5886.16       2.6556       5.3531
 5887.20       0.2538       7.9422
 5888.23      -2.3058      11.4457
 5889.27      -2.7271      15.0374
 5890.31      -1.2873      17.4037
 5891.35       0.4316      17.3288
 5892.38       1.2864      15.5038
 5893.42       0.0306      13.2749
 5894.46      -0.8976      11.9454
 5895.50       0.2650      11.4318
 5896.54      -0.3833      11.2700
 5897.57      -1.2969      10.4554
 5898.61       0.6379       8.8778
 5899.65       2.3671       6.8066
 5900.69       2.3127       4.8250
 5901.72       1.8767       3.6623
 5902.76       1.4031       3.2799
 5903.80       0.8951       3.1246
 5904.84      -0.0219       3.1624
 5905.88      -0.7453       3.1803
 5906.91      -0.6800       3.1921
 5907.95       0.6718       3.2509
 5908.99       1.9967       3.2669
 5910.03       2.2497       3.1945
 5911.06       1.5436       3.0884
 5912.10       1.0759       3.1470
 5913.14       1.8935       3.4720
 5914.18       2.4453       3.8785
 5915.21       1.8329       4.1180
 5916.25       1.5436       4.1739
 5917.29       2.0158       4.0172
 5918.33       2.7271       3.7187
 5919.37       2.1179       3.2788
 5920.40       1.0866       2.9573
 5921.44       1.7136       2.9908
 5922.48       2.7616       3.1492
 5923.52       2.7047       3.2052
 5924.55       1.4639       3.2557
 5925.59       0.2254       3.2712
 5926.63       0.0765       3.2501
 5927.67       0.6870       3.1559
 5928.71       1.3465       3.1139
 5929.74       1.5042       3.2338
 5930.78       1.3791       3.4521
 5931.82       1.2233       3.7191
 5932.86       1.0187       3.9837
 5933.89       1.0170       4.0775
 5934.93       1.0689       3.9060
 5935.97       0.4951       3.5262
 5937.01       0.5623       3.1449
 5938.05       1.8359       2.9184
 5939.08       2.8340       2.8293
 5940.12       2.3307       2.7887
 5941.16       1.0995       2.7716
 5942.20       0.0313       2.7515
 5943.23       0.1868       2.7636
 5944.27       1.7131       2.8778
 5945.31       2.1625       2.9623
 5946.35       0.7360       2.9588
 5947.38       0.2564       2.9722
 5948.42       0.4816       2.9901
 5949.46       0.8295       3.0305
 5950.50       0.3997       3.0369
 5951.54      -0.3156       3.1627
 5952.57      -0.1431       3.4871
 5953.61       0.4083       3.7684
 5954.65       1.1762       3.8039
 5955.69       2.7730       3.6510
 5956.72       2.7480       3.3121
 5957.76       0.7443       2.9216
 5958.80       0.5036       2.6989
 5959.84       1.3503       2.6316
 5960.88       1.0201       2.5790
 5961.91       1.5750       2.6175
 5962.95       2.7166       2.6740
 5963.99       2.8270       2.6631
 5965.03       2.0321       2.6346
 5966.06       1.3254       2.6467
 5967.10       1.4282       2.6655
 5968.14       1.4994       2.6927
 5969.18       1.0483       2.7510
 5970.22       1.8167       2.9240
 5971.25       2.7623       3.0571
 5972.29       2.2805       2.9970
 5973.33       2.2058       2.9149
 5974.37       2.8103       2.9423
 5975.40       2.7271       3.0236
 5976.44       2.7963       3.1376
 5977.48       3.0259       3.1970
 5978.52       2.1355       3.1520
 5979.55       0.6991       2.9753
 5980.59      -0.1035       2.7464
 5981.63       0.9248       2.6854
 5982.67       2.1820       2.6688
 5983.71       1.5568       2.4870
 5984.74       1.0514       2.3621
 5985.78       1.3167       2.3623
 5986.82       1.0374       2.3732
 5987.86       0.3983       2.3463
 5988.89      -0.0505       2.2960
 5989.93      -0.0025       2.3118
 5990.97       0.5764       2.3553
 5992.01       1.1825       2.3589
 5993.05       0.9957       2.3101
 5994.08       0.6255       2.3039
 5995.12       1.0217       2.4128
 5996.16       1.5349       2.4800
 5997.20       1.9776       2.4804
 5998.23       1.7322       2.5099
 5999.27       1.5526       2.5444
 6000.31       1.8353       2.5541
 6001.35       1.9662       2.5759
 6002.39       1.6687       2.5858
 6003.42       1.2309       2.5578
 6004.46       1.0984       2.5186
 6005.50       1.4162       2.4883
 6006.54       1.9727       2.4748
 6007.57       1.9379       2.4219
 6008.61       1.8590       2.3445
 6009.65       3.0936       2.3238
 6010.69       3.5781       2.3015
 6011.72       1.9915       2.2220
 6012.76       0.9882       2.1779
 6013.80       1.2814       2.1607
 6014.84       1.7085       2.1215
 6015.88       1.6995       2.1244
 6016.91       1.5987       2.1811
 6017.95       2.5526       2.2585
 6018.99       3.0229       2.2403
 6020.03       2.4286       2.1385
 6021.06       2.6964       2.1542
 6022.10       3.1738       2.1936
 6023.14       2.6995       2.1293
 6024.18       1.7820       2.0874
 6025.22       0.8794       2.0757
 6026.25       0.2524       2.0438
 6027.29       1.4564       2.1613
 6028.33       3.1452       2.3401
 6029.37       3.1413       2.3429
 6030.40       1.8801       2.2499
 6031.44       1.1419       2.2266
 6032.48       2.4587       2.3259
 6033.52       3.2128       2.3805
 6034.56       1.2040       2.2549
 6035.59       0.7160       2.2219
 6036.63       1.9923       2.2761
 6037.67       2.1105       2.2269
 6038.71       1.8726       2.1208
 6039.74       1.7453       2.0411
 6040.78       1.3542       2.0475
 6041.82       1.2970       2.0850
 6042.86       1.6294       2.0817
 6043.89       1.7040       2.0804
 6044.93       1.1524       2.0614
 6045.97       0.3851       2.0152
 6047.01       0.8157       2.0375
 6048.05       1.8230       2.0798
 6049.08       1.7819       2.0344
 6050.12       1.5697       2.0157
 6051.16       1.6411       2.0493
 6052.20       1.2693       2.0079
 6053.23       1.0315       1.9644
 6054.27       1.3551       1.9975
 6055.31       2.2564       2.0898
 6056.35       2.6556       2.1253
 6057.39       1.8392       2.0371
 6058.42       0.7547       1.9395
 6059.46       0.5974       1.9402
 6060.50       1.0324       2.0111
 6061.54       1.3538       2.0770
 6062.57       1.3498       2.0916
 6063.61       2.3062       2.1259
 6064.65       2.4374       2.1188
 6065.69       0.8016       2.0447
 6066.73       0.5627       2.0587
 6067.76       1.1409       2.1008
 6068.80       0.3654       2.0344
 6069.84       0.2626       1.9884
 6070.88       1.5477       2.0210
 6071.91       2.8496       2.0693
 6072.95       3.1007       2.0513
 6073.99       2.0998       1.9565
 6075.03       0.7528       1.9172
 6076.06      -0.0783       1.8898
 6077.10       0.2937       1.8367
 6078.14       1.3458       1.8713
 6079.18       1.6054       1.9353
 6080.22       0.1250       1.8924
 6081.25       0.5282       1.9155
 6082.29       2.9379       2.0175
 6083.33       2.4114       1.9825
 6084.37       0.6011       1.8648
 6085.40       0.1286       1.7926
 6086.44       0.8538       1.8258
 6087.48       1.4300       1.8845
 6088.52       0.6472       1.8587
 6089.56      -0.0511       1.8155
 6090.59       0.1090       1.8049
 6091.63       0.6774       1.8284
 6092.67       0.8123       1.8168
 6093.71       0.5407       1.7837
 6094.74       0.9333       1.8345
 6095.78       1.5630       1.9149
 6096.82       1.8297       1.9495
 6097.86       1.8575       1.9595
 6098.90       1.4070       1.9478
 6099.93       0.6168       1.9221
 6100.97       0.1109       1.8846
 6102.01       0.6771       1.8905
 6103.05       2.4280       1.9910
 6104.08       3.2667       2.0370
 6105.12       2.3988       1.9591
 6106.16       1.8975       1.9107
 6107.20       1.8909       1.9041
 6108.23       1.7243       1.8957
 6109.27       1.1834       1.8458
 6110.31       0.4247       1.7875
 6111.35      -0.0916       1.7840
 6112.39       0.0027       1.8171
 6113.42       0.6923       1.8400
 6114.46       1.7074       1.8310
 6115.50       1.7659       1.8049
 6116.54       0.8809       1.7942
 6117.57       1.0418       1.8125
 6118.61       1.5692       1.8219
 6119.65       1.1450       1.7932
 6120.69       0.4969       1.7494
 6121.73       0.6795       1.7445
 6122.76       2.0662       1.8030
 6123.80       2.1316       1.7836
 6124.84       0.7536       1.6923
 6125.88       0.4870       1.6982
 6126.91       0.7588       1.7444
 6127.95       0.5272       1.7453
 6128.99       0.0613       1.7266
 6130.03       0.1623       1.7372
 6131.06       1.0224       1.7895
 6132.10       1.6549       1.8192
 6133.14       1.4159       1.7932
 6134.18       0.2871       1.7218
 6135.22       0.1756       1.7454
 6136.25       1.3549       1.8893
 6137.29       1.7584       2.0141
 6138.33       1.1100       2.0214
 6139.37      -0.0164       1.9319
 6140.40      -1.1862       1.8893
 6141.44      -1.3132       1.9459
 6142.48      -0.1266       2.0222
 6143.52       1.1776       2.0537
 6144.56       1.4724       2.0221
 6145.59       1.0036       1.9949
 6146.63       0.3711       1.9432
 6147.67       0.2708       1.8560
 6148.71       0.7787       1.7869
 6149.74       0.5471       1.7172
 6150.78      -0.8748       1.6388
 6151.82      -0.6673       1.6739
 6152.86       1.2423       1.7776
 6153.90       2.5339       1.8142
 6154.93       2.9131       1.8047
 6155.97       2.5298       1.7817
 6157.01       1.7894       1.7499
 6158.05       1.3772       1.7389
 6159.08       1.4974       1.7424
 6160.12       2.0197       1.7488
 6161.16       1.7927       1.6921
 6162.20       0.4943       1.5727
 6163.23       0.4265       1.5698
 6164.27       1.4092       1.6540
 6165.31       1.6677       1.6712
 6166.35       1.4447       1.6431
 6167.39       1.4103       1.6836
 6168.42       2.1772       1.8851
 6169.46       2.1460       2.0526
 6170.50       0.6192       2.0508
 6171.54      -0.0676       2.0747
 6172.57       0.2913       2.0888
 6173.61       0.5810       1.9902
 6174.65       1.4808       1.9058
 6175.69       2.0793       1.8615
 6176.73       1.0991       1.7888
 6177.76       0.6832       1.7709
 6178.80       1.3371       1.7827
 6179.84       0.5063       1.6827
 6180.88      -0.1358       1.6250
 6181.91       0.9564       1.7196
 6182.95       0.5526       1.6825
 6183.99      -0.1917       1.5984
 6185.03       1.0501       1.6786
 6186.06       1.6882       1.7722
 6187.10       1.1579       1.7864
 6188.14       1.0371       1.7572
 6189.18       1.3289       1.7184
 6190.22       1.6859       1.7083
 6191.25       1.5461       1.7148
 6192.29       1.1167       1.7112
 6193.33       0.9765       1.6898
 6194.37       0.9726       1.7158
 6195.40       1.2380       1.7597
 6196.44       1.8878       1.7628
 6197.48       2.2033       1.7187
 6198.52       1.9935       1.6876
 6199.56       1.5282       1.7146
 6200.59       1.0984       1.7923
 6201.63       0.9731       1.8813
 6202.67       1.0498       1.9682
 6203.71       1.4690       2.0164
 6204.74       2.0909       2.0031
 6205.78       2.2239       1.9109
 6206.82       1.9049       1.7902
 6207.86       1.7185       1.7172
 6208.90       1.6854       1.6883
 6209.93       1.6865       1.6945
 6210.97       1.6920       1.7609
 6212.01       1.9511       1.8475
 6213.05       2.3523       1.8924
 6214.08       2.3173       1.8636
 6215.12       1.9119       1.7865
 6216.16       1.6215       1.7282
 6217.20       1.5682       1.6726
 6218.23       1.8464       1.6789
 6219.27       2.4323       1.8015
 6220.31       2.3358       1.9615
 6221.35       1.6166       2.0702
 6222.39       1.8452       2.1634
 6223.42       1.8799       2.0545
 6224.46       1.1550       1.8921
 6225.50       2.1328       1.6401
 6226.54       2.3920       2.2854
 6227.57       1.1026       2.5851
 6228.61       1.8382       2.6671
 6229.65       3.5428       2.7662
 6230.69       2.9442       2.4295
 6231.73       2.1509       1.3206
 6232.76       1.9893       2.2303
 6233.80       1.7378       2.9739
 6234.84       1.0713       3.3370
 6235.88       1.0409       3.7780
 6236.91       1.1546       3.9125
 6237.95       1.3102       3.6890
 6238.99       1.3750       3.2651
 6240.03       1.8718       2.8921
 6241.07       2.2857       2.6647
 6242.10       1.5596       2.4875
 6243.14       1.1334       2.3767
 6244.18       1.6884       2.2801
 6245.22       2.0605       2.1652
 6246.25       2.3379       2.0395
 6247.29       2.6721       1.9435
 6248.33       2.4128       1.8530
 6249.37       1.9696       1.7612
 6250.40       2.0936       1.7151
 6251.44       2.2639       1.6672
 6252.48       1.9868       1.6358
 6253.52       1.4970       1.6722
 6254.56       1.1581       1.8730
 6255.59       1.0841       2.2709
 6256.63       1.1859       2.8027
 6257.67       1.5222       3.2734
 6258.71       1.8791       3.4744
 6259.74       2.0228       3.3333
 6260.78       2.0816       2.9635
 6261.82       2.2916       2.5504
 6262.86       2.2594       2.2838
 6263.90       1.7016       2.1951
 6264.93       0.6535       2.2291
 6265.97       0.5906       2.2766
 6267.01       1.8946       2.2515
 6268.05       2.3353       2.1631
 6269.08       1.5677       2.0072
 6270.12       0.9139       1.8289
 6271.16       0.6968       1.7255
 6272.20       1.2500       1.7241
 6273.24       2.3316       1.7772
 6274.27       2.5042       1.8106
 6275.31       1.5619       1.8045
 6276.35       0.9295       1.8246
 6277.39       1.4163       1.8691
 6278.42       2.4303       1.8857
 6279.46       2.3163       1.8250
 6280.50       1.4004       1.7060
 6281.54       1.2686       1.6152
 6282.58       1.3765       1.5781
 6283.61       1.4326       1.6810
 6284.65       1.7254       1.9429
 6285.69       1.9717       2.3335
 6286.73       1.8828       2.7170
 6287.76       1.2720       2.9511
 6288.80       1.0889       2.9516
 6289.84       1.8747       2.7537
 6290.88       1.9229       2.3740
 6291.91       1.1294       1.9684
 6292.95       0.9867       1.7560
 6293.99       0.7966       1.6202
 6295.03       1.1124       1.9029
 6296.07       3.4831       2.7101
 6297.10       3.8763       4.7753
 6298.14       0.9771       8.1886
 6299.18      -0.0995      12.0500
 6300.22       1.4394      14.8951
 6301.25       3.3665      15.5713
 6302.29       2.3276      13.5646
 6303.33      -0.3009       9.9605
 6304.37       0.4134       6.4610
 6305.41       0.7973       4.3016
 6306.44      -0.7792       3.3489
 6307.48      -0.4791       3.2544
 6308.52       0.3996       3.1663
 6309.56       0.2781       2.7141
 6310.59       0.3365       2.2155
 6311.63       0.8739       1.8277
 6312.67       1.6381       1.6252
 6313.71       1.7477       1.5484
 6314.75       1.3134       1.4847
 6315.78       1.8656       1.4943
 6316.82       2.2645       1.5271
 6317.86       2.0345       1.5912
 6318.90       2.0087       1.7206
 6319.93       1.4216       1.8553
 6320.97      -0.0178       1.9280
 6322.01      -0.3557       2.0091
 6323.05       1.0473       2.0668
 6324.08       2.8497       2.0315
 6325.12       2.7152       1.8559
 6326.16       0.9513       1.7584
 6327.20       0.5340       1.9718
 6328.24       1.0481       2.4152
 6329.27       1.1572       2.7987
 6330.31       1.2994       3.0008
 6331.35       1.2761       2.8899
 6332.39       0.9665       2.5294
 6333.42       0.4612       2.0832
 6334.46       0.3026       1.7244
 6335.50       0.7089       1.5011
 6336.54       1.5908       1.4507
 6337.58       2.2963       1.4650
 6338.61       2.1344       1.4783
 6339.65       1.3668       1.4726
 6340.69       0.7620       1.4840
 6341.73       0.7815       1.5049
 6342.76       0.9851       1.5335
 6343.80       0.6484       1.5639
 6344.84       0.2287       1.5546
 6345.88       0.1036       1.5637
 6346.92      -0.1292       1.6468
 6347.95       0.5830       1.7918
 6348.99       1.8887       1.9123
 6350.03       1.7137       1.9233
 6351.07       0.8621       1.8292
 6352.10       0.8905       1.7526
 6353.14       1.3570       1.7841
 6354.18       1.4817       1.9549
 6355.22       0.5568       2.1507
 6356.25       0.5064       2.3600
 6357.29       1.2454       2.4628
 6358.33       0.3956       2.3224
 6359.37       0.1691       2.1935
 6360.41       1.7345       2.5339
 6361.44       1.4013       3.3551
 6362.48       1.1674       4.5279
 6363.52       3.6010       5.5490
 6364.56       4.4261       5.9208
 6365.59       3.1672       5.4025
 6366.63       2.5793       4.3135
 6367.67       1.1944       3.0285
 6368.71      -0.5108       2.0060
 6369.75      -0.2076       1.5294
 6370.78       1.0901       1.4704
 6371.82       1.7316       1.4493
 6372.86       1.4825       1.4486
 6373.90       1.6700       1.4396
 6374.93       3.1566       1.5087
 6375.97       2.9097       1.5502
 6377.01       1.2392       1.5634
 6378.05       1.1389       1.6203
 6379.08       1.3513       1.6640
 6380.12       1.0676       1.6656
 6381.16       1.0893       1.6500
 6382.20       1.3296       1.6346
 6383.24       1.5697       1.6558
 6384.27       2.1727       1.7805
 6385.31       2.4956       1.9349
 6386.35       2.1843       1.9961
 6387.39       0.9527       1.9277
 6388.42      -0.1252       1.7816
 6389.46       0.2944       1.6563
 6390.50       1.1795       1.5669
 6391.54       1.5160       1.4952
 6392.58       1.6827       1.4540
 6393.61       1.7947       1.4378
 6394.65       2.1716       1.4412
 6395.69       2.5606       1.4401
 6396.73       2.4552       1.4130
 6397.76       1.6971       1.3726
 6398.80       1.5215       1.3468
 6399.84       1.8991       1.3441
 6400.88       1.4452       1.3452
 6401.92       1.1518       1.3663
 6402.95       1.5173       1.3909
 6403.99       1.3732       1.3626
 6405.03       0.5885       1.3048
 6406.07      -0.1489       1.2744
 6407.10      -0.0025       1.2854
 6408.14       0.8378       1.3102
 6409.18       1.4210       1.3132
 6410.22       1.1113       1.3116
 6411.25       0.7104       1.3463
 6412.29       1.9553       1.4446
 6413.33       2.2643       1.4798
 6414.37       0.7737       1.4196
 6415.41       1.7756       1.4688
 6416.44       3.2457       1.5381
 6417.48       1.8957       1.4753
 6418.52       0.0789       1.4193
 6419.56      -0.3191       1.4541
 6420.59       1.2005       1.5598
 6421.63       3.2429       1.6644
 6422.67       3.7855       1.6587
 6423.71       1.9781       1.4901
 6424.75       0.5352       1.3424
 6425.78       1.6376       1.3573
 6426.82       2.2701       1.3893
 6427.86       1.9440       1.3754
 6428.90       1.7334       1.3418
 6429.93       1.6207       1.2988
 6430.97       1.6414       1.2748
 6432.01       1.7253       1.2846
 6433.05       1.6220       1.3058
 6434.08       1.3625       1.3083
 6435.12       0.9785       1.2791
 6436.16       1.1927       1.2675
 6437.20       2.1294       1.3096
 6438.24       2.2773       1.3215
 6439.27       1.7205       1.2926
 6440.31       1.5796       1.2696
 6441.35       1.6295       1.2700
 6442.39       1.7573       1.2991
 6443.42       1.9686       1.3283
 6444.46       2.4734       1.3629
 6445.50       2.9095       1.3869
 6446.54       2.7173       1.3643
 6447.58       1.7159       1.3035
 6448.61       0.5825       1.2571
 6449.65       0.5698       1.2896
 6450.69       1.6428       1.3818
 6451.73       2.5613       1.4505
 6452.76       2.5440       1.4605
 6453.80       1.7854       1.4290
 6454.84       1.4113       1.4022
 6455.88       1.4264       1.4037
 6456.92       1.4830       1.4234
 6457.95       1.4243       1.4228
 6458.99       1.1456       1.4074
 6460.03       0.7727       1.4244
 6461.07       0.3480       1.4994
 6462.10       0.4846       1.6771
 6463.14       1.6461       1.9213
 6464.18       2.0334       2.1492
 6465.22       1.0435       2.2940
 6466.25       0.0396       2.3174
 6467.29       0.0447       2.2947
 6468.33       0.9479       2.2955
 6469.37       0.7655       2.2432
 6470.41       0.6073       2.1962
 6471.44       2.2964       2.2118
 6472.48       2.2634       2.0913
 6473.52       0.5970       1.8213
 6474.56       0.8055       1.6296
 6475.59       1.6773       1.5315
 6476.63       1.8095       1.4817
 6477.67       1.6474       1.4917
 6478.71       1.2994       1.5042
 6479.75       1.0380       1.4779
 6480.78       1.2952       1.4086
 6481.82       1.6571       1.3280
 6482.86       1.6143       1.2839
 6483.90       2.4591       1.2985
 6484.93       3.5343       1.3110
 6485.97       2.6906       1.2456
 6487.01       1.5341       1.1960
 6488.05       1.5640       1.2231
 6489.08       2.1232       1.2476
 6490.12       2.2440       1.2365
 6491.16       1.5757       1.2110
 6492.20       0.6517       1.1637
 6493.24       0.6415       1.1716
 6494.27       1.9514       1.2920
 6495.31       2.6345       1.5499
 6496.35       1.6076       1.9395
 6497.39      -0.0621       2.3453
 6498.42      -0.8953       2.6757
 6499.46      -0.3243       2.8390
 6500.50       0.5533       2.7572
 6501.54       0.9046       2.4533
 6502.58       0.7773       2.0668
 6503.61       1.2992       1.8402
 6504.65       2.1614       1.8055
 6505.69       1.9483       1.8063
 6506.73       1.7699       1.7615
 6507.76       1.9586       1.6077
 6508.80       1.4730       1.4027
 6509.84       0.7774       1.2391
 6510.88       0.6250       1.1904
 6511.92       1.4202       1.2924
 6512.95       1.9480       1.3918
 6513.99       1.1031       1.3538
 6515.03       1.1084       1.3165
 6516.07       2.0939       1.3232
 6517.10       2.0102       1.2836
 6518.14       1.2965       1.2332
 6519.18       0.7757       1.2346
 6520.22       1.3585       1.3372
 6521.26       1.4722       1.4595
 6522.29       0.5429       1.5299
 6523.33       0.6339       1.6045
 6524.37       1.3918       1.6222
 6525.41       1.3551       1.5205
 6526.44       0.6288       1.3570
 6527.48       0.0173       1.2449
 6528.52       0.1289       1.2227
 6529.56       0.2422       1.3573
 6530.59       0.0387       1.6564
 6531.63       0.6365       2.0637
 6532.67       1.9697       2.4410
 6533.71       3.1024       2.6298
 6534.75       2.4124       2.5028
 6535.78       1.0701       2.1351
 6536.82       1.4129       1.7387
 6537.86       2.1847       1.4585
 6538.90       2.2744       1.3381
 6539.93       2.2975       1.3446
 6540.97       2.1633       1.4528
 6542.01       1.8727       1.5980
 6543.05       1.4893       1.7063
 6544.09       1.2943       1.7606
 6545.12       1.4349       1.7827
 6546.16       1.2457       1.7090
 6547.20       0.9408       1.5628
 6548.24       1.2922       1.5883
 6549.27       1.9934       1.0970
 6550.31       1.9202       1.2378
 6551.35       3.0007       0.2535
 6552.39      -0.0322       3.4473
 6553.43      -1.1200       3.8856
 6554.46       0.2554       4.1712
 6555.50       2.4128       4.0661
 6556.54       2.6718       3.4547
 6557.58       1.9377       2.7188
 6558.61       0.8364       2.2659
 6559.65      -0.7595       2.0220
 6560.69       0.1789       1.9445
 6561.73       2.2751       1.7462
 6562.76       2.9148       1.9799
 6563.80       2.5563       2.0526
 6564.84       1.2942       1.9077
 6565.88       1.3549       1.7203
 6566.92       2.1709       1.6015
 6567.95       1.7075       1.5305
 6568.99       1.1904       1.5510
 6570.03       1.1661       1.5673
 6571.07       0.7248       1.4809
 6572.10       1.1850       1.3682
 6573.14       2.4974       1.3641
 6574.18       2.2041       1.4285
 6575.22       1.3527       1.6470
 6576.26       1.7455       1.9854
 6577.29       2.2192       2.2443
 6578.33       1.8601       2.2503
 6579.37       0.8007       2.0273
 6580.41       0.2001       1.6865
 6581.44       0.6834       1.3987
 6582.48       1.5822       1.2440
 6583.52       1.7768       1.1927
 6584.56       1.0418       1.1455
 6585.60       0.7652       1.1400
 6586.63       1.0158       1.1246
 6587.67       1.0417       1.0805
 6588.71       1.1259       1.0643
 6589.75       1.1093       1.0725
 6590.78       0.7917       1.0592
 6591.82       0.5807       1.0511
 6592.86       0.6900       1.0839
 6593.90       1.2696       1.1640
 6594.93       1.3922       1.2478
 6595.97       0.7027       1.2953
 6597.01       0.2304       1.3326
 6598.05       0.6835       1.3519
 6599.09       1.7867       1.3420
 6600.12       1.8422       1.3006
 6601.16       1.0873       1.3091
 6602.20       1.1749       1.4166
 6603.24       1.6838       1.5908
 6604.27       1.8592       1.7182
 6605.31       1.8129       1.7271
 6606.35       1.3208       1.5980
 6607.39       0.6429       1.4072
 6608.43      -0.1052       1.2039
 6609.46      -0.0133       1.0832
 6610.50       1.3175       1.0846
 6611.54       2.6648       1.1346
 6612.58       2.8751       1.1402
 6613.61       2.1951       1.1187
 6614.65       1.5827       1.0912
 6615.69       1.5774       1.0825
 6616.73       1.2169       1.0691
 6617.77       1.0037       1.0692
 6618.80       1.5465       1.0953
 6619.84       1.9455       1.1347
 6620.88       1.8360       1.1430
 6621.92       1.5874       1.0968
 6622.95       1.4579       1.0634
 6623.99       1.5367       1.0900
 6625.03       1.6237       1.1429
 6626.07       1.6295       1.1933
 6627.10       1.4993       1.2247
 6628.14       1.3161       1.2444
 6629.18       1.0421       1.2419
 6630.22       0.7320       1.2196
 6631.26       1.2083       1.2407
 6632.29       1.8450       1.3038
 6633.33       1.3621       1.3403
 6634.37       0.9353       1.3689
 6635.41       1.3647       1.3849
 6636.44       2.0215       1.3572
 6637.48       1.8271       1.2699
 6638.52       0.6501       1.1542
 6639.56      -0.4998       1.0626
 6640.60      -0.8433       1.0258
 6641.63      -0.0575       1.0422
 6642.67       1.4998       1.0959
 6643.71       2.3357       1.1203
 6644.75       1.9906       1.0989
 6645.78       1.0580       1.0449
 6646.82       0.5805       1.0081
 6647.86       1.0338       1.0344
 6648.90       1.8375       1.0876
 6649.94       2.0076       1.1041
 6650.97       1.4601       1.0897
 6652.01       0.9665       1.0743
 6653.05       1.2234       1.0819
 6654.09       1.7614       1.0920
 6655.12       2.1385       1.0926
 6656.16       2.5159       1.0956
 6657.20       2.2035       1.0896
 6658.24       1.2011       1.0730
 6659.27       0.4918       1.0568
 6660.31       0.5187       1.0645
 6661.35       0.9582       1.0984
 6662.39       1.1459       1.1140
 6663.43       1.0136       1.1105
 6664.46       1.1343       1.1225
 6665.50       1.4024       1.1463
 6666.54       1.6148       1.1733
 6667.58       1.8101       1.2034
 6668.61       1.3952       1.1968
 6669.65       0.5939       1.1527
 6670.69       1.2793       1.1588
 6671.73       2.4227       1.1694
 6672.77       2.1186       1.1063
 6673.80       1.5863       1.0644
 6674.84       1.3419       1.0510
 6675.88       1.0869       1.0085
 6676.92       0.8229       0.9844
 6677.95       0.6238       0.9964
 6678.99       0.7362       1.0114
 6680.03       0.9175       1.0139
 6681.07       0.9346       1.0076
 6682.10       0.9854       1.0123
 6683.14       1.1298       1.0278
 6684.18       1.5054       1.0461
 6685.22       1.3585       1.0418
 6686.26       0.8961       1.0300
 6687.29       0.9658       1.0527
 6688.33       1.0917       1.0694
 6689.37       1.2615       1.0625
 6690.41       1.6540       1.0491
 6691.44       1.9188       1.0280
 6692.48       1.6895       1.0031
 6693.52       1.1338       0.9969
 6694.56       0.9406       1.0238
 6695.60       1.6345       1.0780
 6696.63       1.8818       1.1003
 6697.67       1.1531       1.0786
 6698.71       0.4044       1.0580
 6699.75       0.7762       1.0827
 6700.78       2.0273       1.1400
 6701.82       2.0768       1.1512
 6702.86       1.3973       1.1257
 6703.90       1.4605       1.1156
 6704.94       1.5098       1.1092
 6705.97       1.4320       1.0956
 6707.01       1.6143       1.0737
 6708.05       1.7027       1.0588
 6709.09       1.5590       1.0544
 6710.12       0.9982       1.0296
 6711.16       1.3350       1.0428
 6712.20       2.6970       1.1032
 6713.24       2.0938       1.0738
 6714.27       0.5234       1.0117
 6715.31       1.1067       1.0545
 6716.35       2.0342       1.0989
 6717.39       2.2387       1.0945
 6718.43       1.6996       1.0669
 6719.46       0.6310       1.0111
 6720.50      -0.0168       0.9679
 6721.54       0.9837       1.0274
 6722.58       1.5200       1.0437
 6723.61       0.2311       0.9301
 6724.65       0.5680       0.9492
 6725.69       2.1178       1.0470
 6726.73       2.1816       1.0164
 6727.77       1.5779       0.9801
 6728.80       1.3398       1.0105
 6729.84       1.7179       1.0570
 6730.88       1.5495       1.0628
 6731.92       1.1641       1.0350
 6732.95       1.9426       1.0449
 6733.99       2.6144       1.0585
 6735.03       1.5993       1.0205
 6736.07       1.1208       1.0076
 6737.10       1.7376       1.0285
 6738.14       2.2494       1.0369
 6739.18       2.1140       1.0386
 6740.22       1.3677       1.0351
 6741.26       0.8880       1.0237
 6742.29       1.2297       1.0408
 6743.33       1.9865       1.0855
 6744.37       2.0849       1.0879
 6745.41       1.8414       1.0719
 6746.44       2.0282       1.0821
 6747.48       1.5412       1.0418
 6748.52       0.7259       0.9688
 6749.56       0.8396       0.9466
 6750.60       0.7376       0.9458
 6751.63       0.1061       0.9393
 6752.67       0.2393       0.9486
 6753.71       0.8204       0.9641
 6754.75       1.3483       0.9811
 6755.78       1.3600       0.9860
 6756.82       1.0294       0.9826
 6757.86       0.9308       0.9828
 6758.90       0.9489       0.9733
 6759.94       1.1735       0.9651
 6760.97       1.9014       0.9873
 6762.01       2.0022       0.9872
 6763.05       1.3913       0.9548
 6764.09       1.4102       0.9501
 6765.12       1.6840       0.9742
 6766.16       1.5018       0.9929
 6767.20       0.9826       0.9721
 6768.24       0.8845       0.9497
 6769.27       1.8148       0.9812
 6770.31       1.5605       0.9638
 6771.35       0.1411       0.8985
 6772.39       0.5670       0.9203
 6773.43       1.0112       0.9373
 6774.46       0.3575       0.8981
 6775.50       1.2739       0.9401
 6776.54       2.1400       0.9923
 6777.58       1.2768       0.9709
 6778.61       0.8147       0.9583
 6779.65       0.9961       0.9592
 6780.69       0.8129       0.9357
 6781.73       0.7959       0.9279
 6782.77       1.2497       0.9618
 6783.80       1.6154       1.0092
 6784.84       1.9095       1.0501
 6785.88       2.2657       1.0732
 6786.92       2.2834       1.0610
 6787.95       2.8460       1.0612
 6788.99       3.8814       1.1171
 6790.03       4.2885       1.0777
 6791.07       2.6033       1.0820
 6792.11       1.5449       1.1628
 6793.14       2.0369       1.1983
 6794.18       2.3483       1.1837
 6795.22       1.8476       1.1407
 6796.26       1.3735       1.1165
 6797.29       1.6850       1.1429
 6798.33       1.7687       1.1948
 6799.37       1.5808       1.2335
 6800.41       1.6138       1.2392
 6801.44       1.8958       1.2286
 6802.48       2.0796       1.2156
 6803.52       1.7281       1.1927
 6804.56       1.4478       1.1768
 6805.60       1.4525       1.1316
 6806.63       1.6822       1.0502
 6807.67       1.2731       1.0803
 6808.71       0.5377       1.0137
 6809.75       0.9091       0.9903
 6810.78       1.9796       1.0017
 6811.82       1.9977       0.9987
 6812.86       1.6773       0.9918
 6813.90       1.6577       0.9781
 6814.94       1.7099       0.9449
 6815.97       1.9875       0.9561
 6817.01       2.2618       1.0090
 6818.05       2.0197       0.9892
 6819.09       1.7159       0.9442
 6820.12       1.7905       0.9579
 6821.16       1.6736       0.9741
 6822.20       1.1491       0.9587
 6823.24       0.4758       0.9386
 6824.28       1.4199       1.0584
 6825.31       2.8858       1.4511
 6826.35       1.3789       1.9559
 6827.39      -0.1437       2.6004
 6828.43       0.9039       3.2816
 6829.46       1.6687       3.6276
 6830.50       1.6457       3.6810
 6831.54       1.5757       3.6639
 6832.58       1.2579       3.5457
 6833.61       1.4935       3.4088
 6834.65       2.8949       3.3229
 6835.69       3.5224       3.0747
 6836.73       2.3823       2.5395
 6837.77       0.8122       1.9499
 6838.80      -0.0663       1.5365
 6839.84       0.1614       1.3867
 6840.88       1.4070       1.4595
 6841.92       2.0064       1.5289
 6842.95       0.9033       1.4694
 6843.99       0.2110       1.3350
 6845.03       0.7109       1.1877
 6846.07       0.8375       1.0526
 6847.11       0.5497       0.9573
 6848.14       0.3344       0.9100
 6849.18       0.8106       0.9338
 6850.22       1.4182       0.9787
 6851.26       1.4148       0.9944
 6852.29       1.1143       0.9801
 6853.33       1.0905       0.9643
 6854.37       1.4756       0.9714
 6855.41       1.8067       0.9707
 6856.45       1.8579       0.9512
 6857.48       1.6747       0.9305
 6858.52       1.0430       0.9254
 6859.56       0.2674       1.1109
 6860.60       0.4539       1.5570
 6861.63       0.3824       2.3676
 6862.67      -0.7161       3.3589
 6863.71      -0.0409       4.2005
 6864.75       1.7580       4.6116
 6865.78       1.8740       4.5297
 6866.82       1.5266       3.9070
 6867.86       1.5307       3.0524
 6868.90       1.0186       2.3533
 6869.94       0.6462       2.0383
 6870.97       0.8176       1.9576
 6872.01       1.2767       1.9898
 6873.05       1.1485       1.8738
 6874.09       0.0950       1.6009
 6875.12      -0.7029       1.2938
 6876.16      -0.6210       1.1033
 6877.20      -0.5093       1.0684
 6878.24       0.7819       1.1731
 6879.28       2.5944       1.2995
 6880.31       2.3580       1.3620
 6881.35       1.4011       1.3961
 6882.39       1.5635       1.4483
 6883.43       1.3779       1.3909
 6884.46       0.6724       1.2547
 6885.50       0.1349       1.1667
 6886.54       0.2825       1.2543
 6887.58       1.1369       1.4917
 6888.62       1.8327       1.6787
 6889.65       1.4704       1.7671
 6890.69       0.5277       1.7460
 6891.73       0.8863       1.5996
 6892.77       1.5894       1.3925
 6893.80       1.1246       1.2047
 6894.84       1.0971       1.0764
 6895.88       1.4977       1.0180
 6896.92       1.1436       1.0168
 6897.95       0.0631       1.0900
 6898.99      -0.8924       1.2297
 6900.03      -0.7128       1.3975
 6901.07       0.0612       1.5307
 6902.11       0.7664       1.5708
 6903.14       1.9222       1.4958
 6904.18       2.8948       1.3323
 6905.22       3.0504       1.1527
 6906.26       3.2007       1.0306
 6907.29       3.0157       0.9658
 6908.33       1.5799       0.9155
 6909.37       1.1550       1.0408
 6910.41       1.7939       1.3528
 6911.45       0.9553       1.6444
 6912.48      -0.0930       1.8507
 6913.52       0.2321       1.9424
 6914.56       1.5499       1.8943
 6915.60       2.2400       1.6405
 6916.63       1.3384       1.2425
 6917.67       0.2647       0.9185
 6918.71      -0.1150       0.8720
 6919.75      -0.2015       1.0826
 6920.79       0.4185       1.5758
 6921.82       1.3848       2.1849
 6922.86       1.6839       2.6598
 6923.90       1.8840       2.8280
 6924.94       2.4422       2.6781
 6925.97       1.8067       2.2148
 6927.01       0.6661       1.6386
 6928.05       0.4754       1.1668
 6929.09       0.9542       0.9784
 6930.12       1.2942       0.9513
 6931.16       0.9809       0.9072
 6932.20       0.6300       0.8481
 6933.24       0.7114       0.8256
 6934.28       0.8653       0.8297
 6935.31       0.8874       0.8957
 6936.35       0.6517       1.0501
 6937.39       0.2919       1.2917
 6938.43       0.1472       1.5792
 6939.46       0.7235       1.8164
 6940.50       1.3633       1.9028
 6941.54       1.1646       1.7775
 6942.58       0.4020       1.4914
 6943.62      -0.0374       1.1647
 6944.65       0.2997       1.0236
 6945.69       0.1766       1.1619
 6946.73       0.1702       1.6749
 6947.77       0.9853       2.3786
 6948.80       0.9492       2.9197
 6949.84       0.2593       3.0849
 6950.88       0.2991       2.9578
 6951.92       0.4608       2.4414
 6952.96       0.4879       1.7441
 6953.99       0.2972       1.2237
 6955.03       0.5050       1.0150
 6956.07       1.2240       0.9727
 6957.11       1.4403       0.9957
 6958.14       1.0380       0.9759
 6959.18       0.6260       0.9557
 6960.22       0.8560       0.9468
 6961.26       1.2012       0.9427
 6962.29       0.5954       0.9223
 6963.33       0.6032       0.9193
 6964.37       1.4868       0.9537
 6965.41       0.8785       0.9658
 6966.45       0.5026       1.0477
 6967.48       1.7181       1.2507
 6968.52       2.1753       1.4897
 6969.56       1.8052       1.6515
 6970.60       1.7360       1.6682
 6971.63       1.5051       1.5693
 6972.67       1.1934       1.4175
 6973.71       1.2327       1.2241
 6974.75       1.3460       1.1887
 6975.79       1.3024       1.4301
 6976.82       1.2179       1.8577
 6977.86       1.4498       2.2699
 6978.90       1.9147       2.4566
 6979.94       3.3414       2.4649
 6980.97       3.4570       2.1852
 6982.01       0.1810       1.5747
 6983.05      -1.2556       1.1273
 6984.09       0.5110       1.0146
 6985.12       1.4883       0.9793
 6986.16       1.2084       0.9638
 6987.20       0.8078       0.9481
 6988.24       1.2213       0.9589
 6989.28       2.0172       0.9696
 6990.31       2.1025       0.9593
 6991.35       1.7067       0.9332
 6992.39       1.4368       0.9133
 6993.43       1.7959       0.9207
 6994.46       1.6812       0.9113
 6995.50       0.9259       0.8891
 6996.54       0.5123       0.9100
 6997.58       0.4647       0.9480
 6998.62       0.3639       0.9647
 6999.65      -0.0651       0.9405
 7000.69      -0.3528       0.9504
 7001.73       0.1825       1.0548
 7002.77       1.3232       1.2008
 7003.80       2.2425       1.3065
 7004.84       2.1257       1.3265
 7005.88       1.7766       1.2486
 7006.92       1.7116       1.1530
 7007.96       1.2131       1.0987
 7008.99       0.5882       1.1674
 7010.03       0.2942       1.3307
 7011.07       0.4342       1.5104
 7012.11       0.7921       1.5903
 7013.14       1.2518       1.5408
 7014.18       1.1084       1.3466
 7015.22       0.4081       1.0936
 7016.26      -0.1117       0.8998
 7017.29      -0.1123       0.8144
 7018.33       0.2374       0.7949
 7019.37       0.4039       0.8098
 7020.41       0.4492       0.8207
 7021.45       0.6919       0.8268
 7022.48       0.9749       0.8276
 7023.52       1.1930       0.8190
 7024.56       1.2429       0.8003
 7025.60       1.5207       0.8165
 7026.63       1.7711       0.8710
 7027.67       1.1883       0.9084
 7028.71       0.7037       0.9340
 7029.75       1.0373       1.0069
 7030.79       1.1634       1.0738
 7031.82       1.4707       1.0856
 7032.86       1.9069       1.0652
 7033.90       1.5338       1.0235
 7034.94       0.9799       0.9445
 7035.97       1.2940       0.8686
 7037.01       1.4634       0.9034
 7038.05       1.0710       0.8687
 7039.09       1.3794       0.8984
 7040.12       1.8034       0.9744
 7041.16       1.5885       1.0571
 7042.20       0.5061       1.0554
 7043.24      -0.0818       1.0319
 7044.28       0.8586       1.0926
 7045.31       1.6441       1.1898
 7046.35       1.2695       1.3014
 7047.39       0.3768       1.4094
 7048.43       0.2782       1.5095
 7049.46       1.4068       1.5647
 7050.50       2.3909       1.5139
 7051.54       2.5543       1.3744
 7052.58       2.1091       1.2212
 7053.62       1.4058       1.1158
 7054.65       1.1752       1.0638
 7055.69       1.6767       1.0317
 7056.73       1.9552       0.9923
 7057.77       1.5660       0.9366
 7058.80       1.1451       0.9089
 7059.84       1.0729       0.9133
 7060.88       1.3334       0.9400
 7061.92       1.4688       0.9811
 7062.96       1.5081       1.0212
 7063.99       1.6204       1.0496
 7065.03       1.8617       1.0691
 7066.07       1.5374       1.0623
 7067.11       0.6599       1.0275
 7068.14      -0.2102       0.9950
 7069.18      -0.3358       0.9923
 7070.22       0.6614       1.0224
 7071.26       1.2496       1.0376
 7072.29       0.9347       1.0208
 7073.33       1.2443       1.0318
 7074.37       1.2732       1.0226
 7075.41       0.1321       0.9535
 7076.45       0.0911       0.9499
 7077.48       1.1665       1.0013
 7078.52       1.7974       1.0091
 7079.56       1.5080       1.0018
 7080.60       0.8621       1.0209
 7081.63       0.9215       1.0738
 7082.67       1.9342       1.1256
 7083.71       2.8896       1.1462
 7084.75       2.7386       1.1635
 7085.79       1.1637       1.1831
 7086.82      -0.8916       1.1981
 7087.86      -0.8035       1.3267
 7088.90       0.8115       1.5238
 7089.94       0.7046       1.6130
 7090.97       0.1635       1.5653
 7092.01       0.4986       1.4450
 7093.05       1.0845       1.3263
 7094.09       1.0957       1.2345
 7095.13       0.3373       1.1568
 7096.16       0.3267       1.1600
 7097.20       0.7343       1.1876
 7098.24       0.0754       1.1419
 7099.28      -0.0642       1.1219
 7100.31       0.7227       1.1542
 7101.35       1.1392       1.1618
 7102.39       0.9615       1.1508
 7103.43       0.5986       1.1393
 7104.46       0.9878       1.1386
 7105.50       1.2404       1.1271
 7106.54       0.5142       1.0903
 7107.58       0.4563       1.0620
 7108.62       1.2409       1.0624
 7109.65       1.8304       1.0863
 7110.69       1.7739       1.0977
 7111.73       1.4872       1.1028
 7112.77       1.9891       1.1582
 7113.80       2.4512       1.1889
 7114.84       2.0822       1.1374
 7115.88       1.7532       1.0577
 7116.92       1.3235       0.9928
 7117.96       0.5277       0.9599
 7118.99       0.4397       0.9638
 7120.03       1.0549       0.9733
 7121.07       1.3325       0.9664
 7122.11       1.3349       0.9472
 7123.14       1.3221       0.9549
 7124.18       1.3061       0.9897
 7125.22       1.5899       1.1139
 7126.26       1.7965       1.3153
 7127.30       1.4907       1.4877
 7128.33       0.8762       1.5895
 7129.37       0.9026       1.6488
 7130.41       1.0986       1.6600
 7131.45       1.0560       1.6383
 7132.48       0.8545       1.5689
 7133.52       0.2268       1.5451
 7134.56      -0.5221       1.5600
 7135.60       0.1999       1.5268
 7136.63       0.9007       1.4240
 7137.67       0.6455       1.3329
 7138.71       0.1415       1.2863
 7139.75       0.5373       1.3485
 7140.79       2.0207       1.5054
 7141.82       1.8052       1.6179
 7142.86       0.0440       1.6387
 7143.90       0.0364       1.6502
 7144.94       0.6176       1.6716
 7145.97       0.4752       1.6906
 7147.01       0.7044       1.6783
 7148.05       0.7307       1.6178
 7149.09       0.0894       1.5214
 7150.13       0.1720       1.4407
 7151.16       0.7195       1.3644
 7152.20       0.4489       1.2621
 7153.24       0.6505       1.2138
 7154.28       1.5189       1.2114
 7155.31       1.6375       1.1684
 7156.35       1.4946       1.1514
 7157.39       1.6712       1.2093
 7158.43       1.6186       1.2556
 7159.47       1.3362       1.2883
 7160.50       1.0453       1.3344
 7161.54       1.2128       1.3506
 7162.58       1.3878       1.3380
 7163.62       0.5868       1.3131
 7164.65       0.4299       1.3277
 7165.69       1.3308       1.3836
 7166.73       1.7182       1.4151
 7167.77       1.5961       1.4309
 7168.80       1.3843       1.4416
 7169.84       1.0110       1.3812
 7170.88       0.9412       1.3274
 7171.92       1.3358       1.3679
 7172.96       1.4721       1.4216
 7173.99       1.0073       1.4267
 7175.03       0.3533       1.3972
 7176.07       0.3813       1.3873
 7177.11       0.8525       1.4048
 7178.14       0.1323       1.3693
 7179.18      -0.8029       1.3205
 7180.22      -0.5968       1.3154
 7181.26       0.0542       1.3171
 7182.30       0.5516       1.3171
 7183.33       1.2081       1.3445
 7184.37       1.9530       1.4058
 7185.41       2.3776       1.4349
 7186.45       1.9213       1.3540
 7187.48       1.6074       1.2675
 7188.52       2.0583       1.2656
 7189.56       2.1364       1.2928
 7190.60       1.9509       1.3027
 7191.64       1.9785       1.2727
 7192.67       1.6253       1.2082
 7193.71       1.0910       1.1324
 7194.75       1.0895       1.0839
 7195.79       1.2132       1.0887
 7196.82       1.1346       1.1280
 7197.86       1.4689       1.1846
 7198.90       1.3892       1.2237
 7199.94       0.6401       1.2297
 7200.97       1.0514       1.2630
 7202.01       1.6924       1.2772
 7203.05       1.0388       1.2119
 7204.09       0.7132       1.1393
 7205.13       1.2934       1.1278
 7206.16       1.7809       1.1768
 7207.20       1.7902       1.2076
 7208.24       1.4097       1.1741
 7209.28       1.2551       1.1494
 7210.31       1.1656       1.1149
 7211.35       0.9138       1.0554
 7212.39       1.1816       1.0348
 7213.43       1.5677       1.0237
 7214.47       1.3950       0.9741
 7215.50       1.0373       0.9522
 7216.54       0.8381       0.9692
 7217.58       0.9110       0.9870
 7218.62       0.6034       0.9658
 7219.65       0.0163       0.9349
 7220.69       0.8949       0.9996
 7221.73       1.7936       1.0793
 7222.77       1.1239       1.0730
 7223.81       0.7999       1.0658
 7224.84       1.2465       1.0844
 7225.88       1.5351       1.0959
 7226.92       1.5322       1.0770
 7227.96       1.2171       1.0373
 7228.99       0.8738       1.0146
 7230.03       1.4491       1.0565
 7231.07       2.4499       1.1408
 7232.11       1.1116       1.1535
 7233.14      -0.3841       1.1329
 7234.18       0.6403       1.2654
 7235.22       1.1139       1.4691
 7236.26       0.2919       2.0961
 7237.30      -0.2242       3.2731
 7238.33       0.7012       4.9286
 7239.37       1.7629       6.6917
 7240.41      -0.2684       7.8456
 7241.45      -1.9212       8.3776
 7242.48      -0.5502       8.6529
 7243.52       1.1616       8.7845
 7244.56       1.1669       8.7092
 7245.60      -0.2900       8.1253
 7246.64      -0.1990       7.1610
 7247.67       1.3383       5.6901
 7248.71       1.4468       3.8909
 7249.75       0.5298       2.5001
 7250.79       0.1107       1.9049
 7251.82       1.3823       2.0469
 7252.86       2.6691       2.4285
 7253.90       2.4018       2.5589
 7254.94       2.1906       2.5151
 7255.98       2.1524       2.2465
 7257.01       1.5950       1.8300
 7258.05       1.0479       1.4590
 7259.09       0.6710       1.2241
 7260.13      -0.0172       1.0980
 7261.16       0.0476       1.0585
 7262.20       0.8189       1.0485
 7263.24       1.0500       1.0868
 7264.28       0.4912       1.1242
 7265.31      -0.0961       1.1489
 7266.35       0.5531       1.2229
 7267.39       1.7329       1.3113
 7268.43       1.8028       1.3448
 7269.47       1.1875       1.3001
 7270.50       0.7294       1.2903
 7271.54       0.7004       1.3271
 7272.58       1.0150       1.8824
 7273.62       1.4904       3.4128
 7274.65       2.9759       5.7679
 7275.69       2.6260       8.1618
 7276.73      -0.7321       9.4695
 7277.77      -1.6465       9.0701
 7278.81      -0.0336       7.1515
 7279.84      -0.2105       4.6705
 7280.88      -0.4898       2.8643
 7281.92       0.2811       2.3557
 7282.96       0.3151       2.8539
 7283.99       1.1188       3.6959
 7285.03       2.8286       4.0977
 7286.07       3.3959       3.9747
 7287.11       1.9624       3.2830
 7288.15      -0.3377       2.3713
 7289.18      -0.2609       1.7146
 7290.22       1.6479       1.4382
 7291.26       1.8843       1.3186
 7292.30       0.9730       1.3658
 7293.33       0.4436       1.5074
 7294.37       1.1796       1.6964
 7295.41       1.4988       1.8179
 7296.45       0.2322       1.8204
 7297.48       0.0145       1.7480
 7298.52       0.9266       1.5879
 7299.56       1.3634       1.3782
 7300.60       0.6434       1.3269
 7301.64      -0.0924       1.6332
 7302.67       1.3016       2.2453
 7303.71       2.5964       2.7499
 7304.75       2.0224       2.7950
 7305.79       0.9337       2.4797
 7306.82       0.4761       1.9701
 7307.86       0.9036       1.5016
 7308.90       0.7345       1.2228
 7309.94       0.3420       1.1180
 7310.98       1.0682       1.1475
 7312.01       1.1787       1.2968
 7313.05       0.4662       1.9543
 7314.09       0.5605       3.2666
 7315.13       1.0863       5.0370
 7316.16       1.4242       6.5291
 7317.20       2.1108       7.1136
 7318.24       2.1432       6.3815
 7319.28       1.1099       4.7313
 7320.31       0.6794       2.8555
 7321.35       0.8365       1.4943
 7322.39       0.5271       0.8939
 7323.43       0.5741       0.8155
 7324.47       0.9940       0.8419
 7325.50       0.8249       1.0690
 7326.54       1.0296       1.6233
 7327.58       2.0768       2.4713
 7328.62       2.1660       3.1401
 7329.65       1.7379       3.4341
 7330.69       1.9201       3.4107
 7331.73       0.8129       2.8493
 7332.77      -0.8882       1.9912
 7333.81      -0.8053       1.3312
 7334.84       0.5242       0.9712
 7335.88       1.5582       0.9523
 7336.92       0.6532       1.1632
 7337.96       1.1447       2.1812
 7338.99       4.4409       4.0922
 7340.03       2.4229       5.8904
 7341.07      -0.7471       6.9911
 7342.11       2.2864       7.3024
 7343.15       4.6966       6.3472
 7344.18       2.9368       4.4860
 7345.22       0.2146       2.5915
 7346.26      -0.8396       1.4534
 7347.30       0.0249       1.0435
 7348.33       0.7601       0.8986
 7349.37       1.2212       0.9303
 7350.41       1.3491       1.2664
 7351.45       0.5228       1.5133
 7352.48       0.0061       1.5621
 7353.52      -0.1436       1.5969
 7354.56       0.8343       1.7914
 7355.60       2.1412       2.3654
 7356.64       1.6501       3.0389
 7357.67       0.4808       3.3378
 7358.71       1.2898       3.3275
 7359.75       1.0923       3.3519
 7360.79       0.5841       3.1270
 7361.82       1.2952       2.4647
 7362.86       1.1649       1.7072
 7363.90       0.5531       1.2209
 7364.94       1.0340       1.1666
 7365.98       1.5383       1.6874
 7367.01       1.1817       2.7586
 7368.05       0.6267       4.1688
 7369.09       0.2409       5.3223
 7370.13       0.1221       5.6787
 7371.16       0.1135       5.1527
 7372.20      -0.0901       3.9444
 7373.24      -0.4976       2.5440
 7374.28      -0.1912       1.5328
 7375.32       0.5904       1.0471
 7376.35       0.6778       0.8918
 7377.39       0.4859       0.8879
 7378.43       0.7629       0.8455
 7379.47       1.5539       0.8634
 7380.50       1.7659       0.8697
 7381.54       0.9265       0.8395
 7382.58       0.5614       0.8138
 7383.62       0.9893       0.8100
 7384.65       1.4343       0.8236
 7385.69       1.3636       0.8154
 7386.73       0.7140       0.8078
 7387.77       0.1092       0.8371
 7388.81       0.6047       1.0414
 7389.84       1.8260       1.4669
 7390.88       1.6864       1.9553
 7391.92       0.8700       2.3339
 7392.96       1.0938       2.4693
 7393.99       1.7632       2.3070
 7395.03       1.6948       1.8800
 7396.07       0.1214       1.3495
 7397.11       0.1566       1.0043
 7398.15       1.9233       1.1389
 7399.18       1.8404       1.6990
 7400.22       1.1147       2.6255
 7401.26       1.3472       3.5526
 7402.30       2.0870       4.1033
 7403.33       2.0489       3.9664
 7404.37       0.6321       3.2552
 7405.41       0.3088       2.2633
 7406.45       1.2082       1.4182
 7407.49       1.2871       0.9316
 7408.52       1.3263       0.8104
 7409.56       1.7455       0.7964
 7410.60       1.5738       0.8288
 7411.64       0.6884       0.8344
 7412.67      -0.0393       0.8507
 7413.71      -0.0721       0.8785
 7414.75       0.4793       0.8950
 7415.79       0.9599       0.8781
 7416.82       1.3918       0.8587
 7417.86       1.3696       0.8402
 7418.90       0.6076       0.8041
 7419.94       0.2176       0.7732
 7420.98       0.6849       0.7661
 7422.01       1.3435       0.7954
 7423.05       1.1690       0.8008
 7424.09       0.0178       0.7621
 7425.13      -0.5043       0.7263
 7426.16      -0.2623       0.7955
 7427.20      -0.1018       0.9972
 7428.24       0.3744       1.2903
 7429.28       0.9938       1.5606
 7430.32       0.5437       1.6849
 7431.35       0.1336       1.6174
 7432.39       0.5964       1.4329
 7433.43       1.1965       1.1674
 7434.47       1.3452       1.0379
 7435.50       1.0814       1.1914
 7436.54       1.0201       1.6353
 7437.58       1.2104       2.1760
 7438.62       1.2528       2.5441
 7439.66       0.5197       2.5697
 7440.69      -0.2329       2.2565
 7441.73       0.4268       1.7469
 7442.77       1.8471       1.2707
 7443.81       2.5205       0.9536
 7444.84       1.6143       0.7847
 7445.88       0.3337       0.7188
 7446.92       0.2703       0.7187
 7447.96       0.4653       0.7347
 7448.99       0.5412       0.7333
 7450.03       0.7414       0.7459
 7451.07       0.9253       0.7609
 7452.11       0.8109       0.7622
 7453.15       0.0837       0.7332
 7454.18      -0.3688       0.7163
 7455.22       0.0360       0.7419
 7456.26       0.6070       0.7666
 7457.30       0.8507       0.7852
 7458.33       0.8567       0.8073
 7459.37       0.3907       0.8934
 7460.41       0.1462       0.9463
 7461.45      -0.0814       1.2709
 7462.49       0.3671       1.4124
 7463.52       1.4013       1.6155
 7464.56       2.4242       1.8078
 7465.60       2.5219       1.8928
 7466.64       1.6270       1.8697
 7467.67       0.7819       1.8260
 7468.71       0.4610       1.8797
 7469.75       0.3107       2.0348
 7470.79       0.2771       2.2706
 7471.83       0.2160       2.4466
 7472.86      -0.0911       2.2098
 7473.90      -0.1418       2.2250
 7474.94       0.3237       2.0337
 7475.98       0.4061       1.7764
 7477.01       0.0668       1.6591
 7478.05      -0.2861       1.7550
 7479.09      -0.4273       1.9526
 7480.13      -0.0343       2.1800
 7481.16       0.6659       2.4124
 7482.20       0.8529       2.4936
 7483.24       0.7789       2.3813
 7484.28       1.3692       2.1759
 7485.32       1.7684       1.9007
 7486.35       1.3736       1.5720
 7487.39       0.8900       1.2640
 7488.43       0.8638       1.0206
 7489.47       1.1596       0.8711
 7490.50       1.3455       0.8678
 7491.54       1.1935       0.9503
 7492.58       0.8310       1.0431
 7493.62       0.5030       1.1128
 7494.66       0.4003       1.1274
 7495.69       0.5393       1.0750
 7496.73       0.7328       0.9686
 7497.77       0.8494       0.8583
 7498.81       0.9732       0.7959
 7499.84       1.1077       0.7873
 7500.88       1.5008       0.8087
 7501.92       1.7501       0.8156
 7502.96       1.6302       0.7870
 7504.00       1.1360       0.7531
 7505.03       0.9010       0.7391
 7506.07       1.0867       0.7442
 7507.11       1.0038       0.7368
 7508.15       0.7584       0.7198
 7509.18       0.7347       0.7074
 7510.22       1.0299       0.7649
 7511.26       1.2810       0.6731
 7512.30       0.8174       0.8464
 7513.33       0.6400       0.8408
 7514.37       0.6832       0.9524
 7515.41       1.0763       1.0896
 7516.45       1.5514       1.2322
 7517.49       1.7673       1.3085
 7518.52       1.2041       0.8641
 7519.56       1.9330       1.1336
 7520.60       2.3221       1.4094
 7521.64       2.0050       2.1339
 7522.67       1.2724       3.1546
 7523.71       1.0198       4.0430
 7524.75       1.2101       4.3832
 7525.79       0.9701       4.0326
 7526.83      -0.8108       3.1805
 7527.86      -1.2676       2.3022
 7528.90       0.8845       1.7804
 7529.94       2.0036       1.7062
 7530.98       1.8342       1.8140
 7532.01       1.9385       1.7832
 7533.05       2.0623       1.6148
 7534.09       2.1568       1.3224
 7535.13       2.0861       1.0186
 7536.17       1.4704       0.8414
 7537.20       0.4268       0.8095
 7538.24      -0.1436       0.8448
 7539.28       0.3786       0.9368
 7540.32       1.4910       1.0511
 7541.35       1.8708       1.0858
 7542.39       1.6831       1.0276
 7543.43       1.9866       0.9509
 7544.47       1.7080       0.8518
 7545.50       1.0063       0.7755
 7546.54       1.0635       0.7778
 7547.58       1.1472       0.7865
 7548.62       0.8171       0.7536
 7549.66       0.5758       0.7412
 7550.69       0.5558       0.7463
 7551.73       0.5193       0.7578
 7552.77       0.7006       0.7794
 7553.81       1.2194       0.8614
 7554.84       1.8914       1.0149
 7555.88       2.0071       1.2109
 7556.92       1.3235       1.3780
 7557.96       0.3638       1.4438
 7559.00       0.2654       1.4098
 7560.03       1.0323       1.3050
 7561.07       1.4557       1.1242
 7562.11       1.2283       0.9354
 7563.15       0.7204       0.8089
 7564.18       0.7004       0.7979
 7565.22       1.0121       0.8455
 7566.26       0.7382       0.8904
 7567.30       0.2796       0.9517
 7568.33       0.4396       1.2234
 7569.37       1.6194       1.7624
 7570.41       2.2693       2.4692
 7571.45       1.5955       3.0629
 7572.49       1.3534       3.3497
 7573.52       1.6398       3.1797
 7574.56       1.6548       2.6431
 7575.60       0.6589       1.9066
 7576.64      -0.2192       1.2685
 7577.67       0.9697       0.9433
 7578.71       1.5841       0.8220
 7579.75       0.3712       0.7024
 7580.79      -0.0120       0.6913
 7581.83       0.3062       0.7405
 7582.86       0.4968       0.8513
 7583.90      -0.2134       1.0258
 7584.94      -0.5055       1.2974
 7585.98       0.8860       1.6056
 7587.01       1.6315       1.7450
 7588.05       1.2694       1.6371
 7589.09       1.5325       1.4044
 7590.13       1.3852       1.1156
 7591.17       0.7750       0.9014
 7592.20       0.7949       0.8710
 7593.24       1.2437       0.9602
 7594.28       1.4254       1.2636
 7595.32       0.8113       1.8033
 7596.35      -0.5097       3.1821
 7597.39      -2.1003       5.4522
 7598.43      -1.4415       8.0875
 7599.47       0.6648      10.4541
 7600.50       0.7534      11.9845
 7601.54       0.3397      11.9506
 7602.58       0.4958      10.5503
 7603.62       0.3957       8.5069
 7604.66       0.1609       7.3031
 7605.69      -0.3452       7.3035
 7606.73       0.2982       7.9942
 7607.77       1.3266       8.1747
 7608.81       0.8878       7.4742
 7609.84       0.5493       6.4410
 7610.88       0.9185       5.4749
 7611.92       0.6530       4.3946
 7612.96       0.3075       3.4767
 7614.00       0.8552       2.9095
 7615.03       0.9503       2.7034
 7616.07       0.9831       2.6713
 7617.11       1.8059       2.6894
 7618.15       2.0850       2.8983
 7619.18       1.8522       3.1001
 7620.22       2.3163       3.0415
 7621.26       2.0180       2.7661
 7622.30       1.1095       2.5424
 7623.33       1.9998       2.5681
 7624.37       2.6755       2.7936
 7625.41       1.4735       3.1730
 7626.45       1.4045       4.0497
 7627.49       2.0013       5.1353
 7628.52       1.3077       5.7722
 7629.56       1.4258       6.0073
 7630.60       2.0162       5.6937
 7631.64       2.1935       4.7390
 7632.67       0.8369       3.5189
 7633.71       0.3803       2.5944
 7634.75       0.9430       2.1740
 7635.79       1.2323       2.0303
 7636.83       0.3016       1.8472
 7637.86       0.4951       1.8948
 7638.90       1.2220       1.9974
 7639.94       0.5355       1.9245
 7640.98       0.1869       1.8293
 7642.01       1.0130       1.8031
 7643.05       1.9928       1.7865
 7644.09       2.1029       1.7215
 7645.13       1.4646       1.6008
 7646.17       0.6082       1.4842
 7647.20       0.3439       1.3865
 7648.24       0.6906       1.3205
 7649.28       1.2363       1.3272
 7650.32       1.4950       1.4418
 7651.35       1.2753       1.6323
 7652.39       0.9380       1.8026
 7653.43       0.8661       1.8791
 7654.47       0.9628       1.8994
 7655.50       1.0042       1.7730
 7656.54       0.9533       1.5257
 7657.58       1.4237       1.3131
 7658.62       1.8681       1.2829
 7659.66       1.6525       1.4465
 7660.69       1.2361       1.8070
 7661.73       1.1381       2.1815
 7662.77       1.4517       2.3647
 7663.81       1.4044       2.3229
 7664.84       0.6303       2.0850
 7665.88      -0.3971       1.6394
 7666.92      -0.5428       1.2181
 7667.96       0.4787       0.9906
 7669.00       1.2934       0.9056
 7670.03       1.1467       0.8615
 7671.07       0.5642       0.8294
 7672.11       0.6427       0.8576
 7673.15       1.1856       0.8948
 7674.18       0.5253       0.8440
 7675.22       0.2754       0.7905
 7676.26       1.1835       0.7994
 7677.30       1.3766       0.7903
 7678.33       1.0255       0.7842
 7679.37       1.0947       0.8234
 7680.41       1.0256       0.8825
 7681.45       0.7895       0.9323
 7682.49       0.6871       0.9564
 7683.52       0.7946       0.9685
 7684.56       1.0240       0.9920
 7685.60       1.2388       1.0218
 7686.64       1.1419       1.0359
 7687.67       0.7554       1.0367
 7688.71       0.3388       1.0549
 7689.75       0.2640       1.1008
 7690.79       0.3626       1.1412
 7691.83       0.3641       1.1520
 7692.86       0.5453       1.1363
 7693.90       1.1437       1.1211
 7694.94       1.3328       1.0606
 7695.98       0.9445       1.0044
 7697.01       0.8089       1.0542
 7698.05       1.1459       1.2044
 7699.09       1.5061       1.3517
 7700.13       1.2991       1.4443
 7701.17       0.7704       1.4057
 7702.20       0.5902       1.2473
 7703.24       0.4445       1.0437
 7704.28       0.3944       0.8862
 7705.32       0.8055       0.8358
 7706.35       0.9185       0.7613
 7707.39       0.3136       0.7602
 7708.43      -0.8742       0.9364
 7709.47      -0.7423       1.7519
 7710.50       1.1262       3.3744
 7711.54       1.2404       5.1146
 7712.58      -0.5191       6.8632
 7713.62      -1.5830       8.5477
 7714.66      -1.0277       9.6473
 7715.69       0.0877      10.0217
 7716.73      -0.2889       9.6737
 7717.77      -0.3763       8.8999
 7718.81       0.9616       7.6793
 7719.84       1.6746       5.7291
 7720.88       1.2154       3.6440
 7721.92       0.3029       2.2678
 7722.96       0.2469       1.9567
 7724.00       0.8483       2.2841
 7725.03       0.7490       2.6644
 7726.07       1.2239       2.8654
 7727.11       1.9984       2.7090
 7728.15       1.1761       2.2718
 7729.18       0.6365       1.7217
 7730.22       1.5471       1.2716
 7731.26       1.6274       1.0077
 7732.30       0.7745       0.9564
 7733.34       0.4269       1.0483
 7734.37       0.5954       1.1656
 7735.41       0.8458       1.2075
 7736.45       0.7783       1.2224
 7737.49       0.7565       1.1812
 7738.52       1.1187       1.1018
 7739.56       1.4831       1.0200
 7740.60       1.4473       0.9538
 7741.64       1.0018       0.9038
 7742.68       0.9843       0.9023
 7743.71       1.1840       0.8792
 7744.75       1.0804       0.9088
 7745.79       0.3917       0.8853
 7746.83       0.4556       1.5492
 7747.86       2.9421       3.2759
 7748.90       3.7376       5.9622
 7749.94       1.5306       8.7028
 7750.98       0.2876      10.5275
 7752.01       1.2259      10.3513
 7753.05       2.9554       8.3015
 7754.09       2.8769       5.2504
 7755.13       0.9121       2.7096
 7756.17      -0.5030       1.4958
 7757.20      -0.5449       1.6514
 7758.24       0.5766       2.3793
 7759.28       1.9354       3.3049
 7760.32       2.1708       3.7651
 7761.35       1.2308       3.5557
 7762.39       1.0294       2.9720
 7763.43       1.1329       2.1791
 7764.47       0.4951       1.3556
 7765.51       0.4519       0.9017
 7766.54       0.8669       0.7850
 7767.58       0.9612       0.7677
 7768.62       0.5431       0.7935
 7769.66       0.0992       0.8791
 7770.69       0.5321       1.1082
 7771.73       0.8058       1.4121
 7772.77       0.2575       1.6704
 7773.81       0.2573       1.8384
 7774.85       0.8634       1.8215
 7775.88       1.3679       1.6567
 7776.92       1.1243       1.4467
 7777.96       0.3510       1.4869
 7779.00      -0.0768       1.8662
 7780.03       0.0929       2.3697
 7781.07       0.5174       2.6365
 7782.11       0.5973       2.5708
 7783.15       0.5673       2.1464
 7784.18       0.8199       1.5911
 7785.22       1.0838       1.1671
 7786.26       1.2957       0.9898
 7787.30       1.4701       0.9902
 7788.34       0.7156       0.9939
 7789.37      -0.2557       1.0974
 7790.41      -0.0833       1.4647
 7791.45       0.5995       2.5635
 7792.49       1.1966       4.3521
 7793.52       1.9974       6.0374
 7794.56       2.7382       6.9145
 7795.60       2.9624       6.6815
 7796.64       1.3825       5.3559
 7797.68      -0.1422       3.5288
 7798.71       0.6066       1.9070
 7799.75       1.7645       1.0552
 7800.79       1.6968       0.7885
 7801.83       1.0658       0.7593
 7802.86       0.6323       0.7431
 7803.90       0.8193       0.7838
 7804.94       0.1049       0.9798
 7805.98      -0.1874       1.5351
 7807.02       1.1343       2.3827
 7808.05       1.9171       3.1683
 7809.09       1.5858       3.5348
 7810.13       1.2632       3.3978
 7811.17       0.8008       2.7698
 7812.20       0.3860       1.9793
 7813.24       0.3199       1.3691
 7814.28       0.3578       1.0779
 7815.32       0.3134       1.0119
 7816.35       0.6722       0.9857
 7817.39       1.0560       1.2387
 7818.43       0.8968       2.1421
 7819.47      -1.1944       3.9291
 7820.51      -3.1474       6.1903
 7821.54      -1.9542       7.8690
 7822.58       0.0311       8.2887
 7823.62       0.6421       7.2834
 7824.66       0.8125       5.1669
 7825.69       0.7920       2.9573
 7826.73       0.7473       1.4694
 7827.77       0.3758       0.9197
 7828.81       0.3115       0.8825
 7829.85       0.3608       0.8727
 7830.88       0.0002       0.8733
 7831.92      -0.2565       0.8401
 7832.96       0.3894       0.8343
 7834.00       0.9031       0.8281
 7835.03       0.7935       0.8200
 7836.07       0.9439       0.7903
 7837.11       1.3200       0.8553
 7838.15       1.4567       1.1597
 7839.19       1.2283       1.7908
 7840.22       0.6512       2.5543
 7841.26      -0.0549       3.0486
 7842.30       0.2776       3.2131
 7843.34       1.1757       2.9644
 7844.37       1.0366       2.2539
 7845.41       0.1189       1.4713
 7846.45      -0.4692       1.0581
 7847.49       0.4819       1.1088
 7848.52       0.6527       1.4529
 7849.56      -1.4501       2.0806
 7850.60      -1.6686       3.5727
 7851.64       0.5276       5.9633
 7852.68       2.3403       8.2647
 7853.71       1.2524       9.5334
 7854.75      -0.8015       9.2847
 7855.79       1.9234       7.8323
 7856.83       3.0491       5.7334
 7857.86      -0.1487       4.0638
 7858.90       2.9873       4.1365
 7859.94       9.8834       5.0737
 7860.98      10.2950       5.0827
 7862.02       8.4177       4.5660
 7863.05       5.2651       3.7381
 7864.09       4.6488       2.7090
 7865.13       3.7670       1.9194
 7866.17       1.6914       1.7347
 7867.20       2.2181       2.1686
 7868.24       2.3863       3.0832
 7869.28       0.1816       4.0078
 7870.32      -1.2720       4.5764
 7871.35      -1.1136       4.5637
 7872.39      -0.2338       4.1181
 7873.43       0.2261       3.2047
 7874.47       0.2583       2.1964
 7875.51       0.9705       1.5337
 7876.54       1.1003       1.5637
 7877.58       0.5397       2.1462
 7878.62       0.2285       2.8542
 7879.66       1.0638       3.4384
 7880.69       2.5096       3.7878
 7881.73       2.0010       3.6088
 7882.77       0.5167       3.0326
 7883.81       0.7663       2.4711
 7884.85       1.3105       1.9276
 7885.88       0.8012       1.6824
 7886.92      -0.4925       1.9892
 7887.96      -1.1149       2.9808
 7889.00      -0.2727       4.2542
 7890.03       0.8442       5.2229
 7891.07       1.5643       5.3888
 7892.11       1.8080       4.7783
 7893.15       0.6396       3.4897
 7894.19      -0.6019       2.1536
 7895.22       0.4193       1.3613
 7896.26       1.7280       1.1257
 7897.30       1.5790       1.0235
 7898.34       0.6605       0.9466
 7899.37       0.3909       0.8689
 7900.41       1.0880       0.8594
 7901.45       1.2583       0.8557
 7902.49       1.0599       0.8454
 7903.52       1.3078       0.8557
 7904.56       1.1212       0.8801
 7905.60       0.6812       0.9050
 7906.64       0.9185       0.9584
 7907.68       1.0763       0.9042
 7908.71       0.9370       1.0419
 7909.75       1.7363       1.5050
 7910.79       1.7686       2.9965
 7911.83       0.1733       5.5226
 7912.86      -0.2858       8.1873
 7913.90       0.7072       9.9187
 7914.94       1.6048      10.1441
 7915.98       1.0311       8.4989
 7917.02       0.1474       6.0279
 7918.05       1.6767       4.0371
 7919.09       2.6641       3.5782
 7920.13       1.4992       4.2254
 7921.17       1.6239       5.0561
 7922.20       1.3251       5.1658
 7923.24      -0.8307       4.4718
 7924.28      -0.9782       3.2359
 7925.32       0.5896       1.9993
 7926.35       1.0385       1.2143
 7927.39       0.3139       1.0414
 7928.43      -0.2443       1.4509
 7929.47       0.5168       2.3755
 7930.51       0.8185       3.3036
 7931.54      -0.2041       3.7854
 7932.58      -0.1755       3.8624
 7933.62       0.5062       3.4072
 7934.66       0.4840       2.5282
 7935.69       0.0500       1.6262
 7936.73      -0.1018       1.0307
 7937.77       0.4512       0.7982
 7938.81       1.1671       0.8046
 7939.85       1.3737       0.7987
 7940.88       0.9162       0.8135
 7941.92       0.4942       0.8382
 7942.96       0.5847       0.9129
 7944.00       0.4204       0.9540
 7945.03       0.5911       1.0549
 7946.07       1.6709       1.3216
 7947.11       1.1391       1.7674
 7948.15       0.0205       2.3146
 7949.19       1.5929       2.7566
 7950.22       2.3254       2.8655
 7951.26       0.7150       2.5714
 7952.30       0.1930       2.0211
 7953.34       0.6240       1.4248
 7954.37       0.8082       0.9566
 7955.41       1.0135       0.7608
 7956.45       0.9699       0.7254
 7957.49       0.6638       0.7113
 7958.52       0.4222       0.6656
 7959.56       0.3635       0.6916
 7960.60       0.2813       0.8433
 7961.64       0.7439       1.7159
 7962.68       1.6390       3.5197
 7963.71       1.9858       5.5436
 7964.75       1.4397       7.0758
 7965.79       0.5470       7.5807
 7966.83      -0.5081       6.8424
 7967.86      -0.4931       5.1692
 7968.90       1.0893       3.2118
 7969.94       2.1072       1.8994
 7970.98       1.6248       1.3295
 7972.02       1.0637       1.0462
 7973.05       0.3910       0.9055
 7974.09       0.2545       0.9443
 7975.13       1.5971       1.2160
 7976.17       2.2252       1.7684
 7977.20       0.1671       2.5153
 7978.24       1.2764       3.4433
 7979.28       3.3265       4.1412
 7980.32       0.5810       4.1710
 7981.36      -1.2421       3.6876
 7982.39       0.3806       2.9434
 7983.43       1.1978       1.9880
 7984.47       0.8648       1.2336
 7985.51       0.4957       0.8798
 7986.54       0.3235       0.8449
 7987.58       0.6660       0.8536
 7988.62       1.3528       0.9582
 7989.66       1.1605       1.3385
 7990.69       0.1928       2.6859
 7991.73      -0.6129       4.9980
 7992.77       1.2286       7.4189
 7993.81       3.9743       8.7797
 7994.85       1.7388       8.6865
 7995.88      -1.1279       7.0545
 7996.92       0.1724       4.6875
 7997.96       1.2211       2.5625
 7999.00       0.8274       1.3581
 8000.03       0.3408       0.9530
 8001.07       0.0444       0.9942
 8002.11       0.0015       0.9213
 8003.15      -0.1523       0.8998
 8004.19       0.0075       0.8618
 8005.22       0.8413       0.8343
 8006.26       1.5864       0.8240
 8007.30       1.8289       0.8028
 8008.34       1.6041       0.7858
 8009.37       0.6578       0.7315
 8010.41       0.0227       0.8622
 8011.45       0.6375       1.3149
 8012.49       1.1355       1.9990
 8013.53       0.9922       2.6671
 8014.56       1.6553       3.0948
 8015.60       1.6383       3.0394
 8016.64       0.4163       2.5719
 8017.68      -0.5288       1.9345
 8018.71      -0.0477       1.4602
 8019.75       1.4697       1.3051
 8020.79       2.0100       1.2372
 8021.83       0.5538       1.3782
 8022.86      -2.1929       1.9412
 8023.90      -0.5937       3.3653
 8024.94       4.1067       5.2787
 8025.98       2.4755       6.4853
 8027.02       0.4860       6.7565
 8028.05       3.4336       6.2727
 8029.09       3.6973       4.7051
 8030.13       1.3365       2.8733
 8031.17       0.1171       1.7074
 8032.20      -0.3839       1.2293
 8033.24      -0.3683       1.0127
 8034.28       0.0911       0.9024
 8035.32       0.4841       0.8399
 8036.36       0.4891       0.7954
 8037.39       0.3888       0.7571
 8038.43       0.3613       0.7366
 8039.47       0.4185       0.7515
 8040.51       0.6201       0.7712
 8041.54       0.6567       0.7661
 8042.58       0.3536       0.7397
 8043.62       0.1401       0.7186
 8044.66       0.2865       0.7139
 8045.70       0.8288       0.7212
 8046.73       0.4802       0.7017
 8047.77      -0.4140       0.7547
 8048.81       0.1050       0.9725
 8049.85       1.3886       1.4025
 8050.88       2.0342       1.9080
 8051.92       1.9423       2.2648
 8052.96       1.3783       2.3239
 8054.00       1.0308       2.1345
 8055.04       0.6002       1.6947
 8056.07       0.2551       1.1969
 8057.11       0.4251       0.8564
 8058.15       0.6919       0.8200
 8059.19       0.6967       1.1793
 8060.22       0.3051       2.0175
 8061.26       0.4176       3.0191
 8062.30       1.3058       3.6794
 8063.34       2.0924       3.8712
 8064.37       1.8808       3.4662
 8065.41       1.1592       2.5612
 8066.45       0.5363       1.6071
 8067.49       0.4159       0.9706
 8068.53       0.3147       0.7190
 8069.56       0.7390       0.7193
 8070.60       1.6917       0.7207
 8071.64       1.7187       0.7199
 8072.68       1.1842       0.7103
 8073.71       1.2655       0.7595
 8074.75       0.8857       0.7973
 8075.79       0.0794       0.8147
 8076.83      -0.2209       0.8496
 8077.87       0.2604       0.8812
 8078.90       0.9235       0.8787
 8079.94       0.7528       0.8266
 8080.98       0.2703       0.7659
 8082.02       0.3007       0.7521
 8083.05      -0.0025       0.7911
 8084.09      -0.3889       0.8675
 8085.13      -0.1726       0.9413
 8086.17       0.2436       0.9584
 8087.21       0.5042       0.9046
 8088.24       0.5808       0.8231
 8089.28       0.5997       0.7463
 8090.32       0.7603       0.7511
 8091.36       0.9376       0.8963
 8092.39       1.2059       1.1372
 8093.43       1.5126       1.3397
 8094.47       1.6302       1.4420
 8095.51       1.4169       1.3852
 8096.54       1.0210       1.2112
 8097.58       0.4129       0.9539
 8098.62       0.1890       0.8349
 8099.66       1.0242       1.0248
 8100.70       1.8756       1.4329
 8101.73       1.6894       1.8108
 8102.77       1.3334       2.0926
 8103.81       1.0993       2.1460
 8104.85       1.2951       1.9657
 8105.88       1.1996       1.5645
 8106.92       0.7962       1.1341
 8107.96       0.6772       0.8714
 8109.00       0.9211       0.7926
 8110.04       1.2265       0.7677
 8111.07       1.3341       0.7635
 8112.11       1.1751       0.7370
 8113.15       0.9921       0.7068
 8114.19       0.9559       0.6933
 8115.22       1.3689       0.7077
 8116.26       2.1212       0.7372
 8117.30       1.5620       0.7235
 8118.34       0.1636       0.6843
 8119.38      -0.1902       0.6885
 8120.41       0.4829       0.7244
 8121.45       1.0812       0.7456
 8122.49       0.4482       0.7179
 8123.53      -0.2499       0.6758
 8124.56       0.2805       0.6742
 8125.60       0.3830       0.6881
 8126.64       0.2231       0.7081
 8127.68       0.7063       0.7287
 8128.71       0.7478       0.7389
 8129.75       0.4890       0.7536
 8130.79       0.9677       0.7876
 8131.83       1.3869       0.8220
 8132.87       1.0553       0.8421
 8133.90       0.5551       0.8535
 8134.94       0.2295       0.8661
 8135.98       0.2569       0.9074
 8137.02       0.4922       1.0259
 8138.05       0.5260       1.1690
 8139.09       0.3051       1.2320
 8140.13       0.0337       1.2275
 8141.17       0.2677       1.1791
 8142.21       0.8651       1.0661
 8143.24       0.7440       0.9530
 8144.28      -0.1057       0.9413
 8145.32       1.2384       1.1444
 8146.36       2.6508       1.3887
 8147.39       1.2986       1.4438
 8148.43       0.2796       1.4170
 8149.47       0.4581       1.3085
 8150.51       0.4946       1.0719
 8151.54       0.4473       0.8531
 8152.58       0.6857       0.7551
 8153.62       0.8241       0.7433
 8154.66       1.1376       0.7513
 8155.70       1.6437       0.7271
 8156.73       1.4554       0.7100
 8157.77       1.1848       0.7106
 8158.81       1.6825       0.7247
 8159.85       1.2952       0.7124
 8160.88       0.3421       0.6890
 8161.92       0.7691       0.7122
 8162.96       1.3218       0.7462
 8164.00       1.0954       0.7531
 8165.04       1.4081       0.7668
 8166.07       1.7992       0.7696
 8167.11       1.5521       0.7450
 8168.15       0.9353       0.7215
 8169.19       0.5939       0.7105
 8170.22       0.9996       0.7073
 8171.26       1.1670       0.6910
 8172.30       0.6968       0.6622
 8173.34       0.2409       0.6503
 8174.38       0.4200       0.6549
 8175.41       1.1770       0.6795
 8176.45       1.6299       0.7499
 8177.49       1.3347       0.7853
 8178.53       0.7219       0.7402
 8179.56       0.9582       0.7485
 8180.60       1.8045       0.8040
 8181.64       1.9523       0.7962
 8182.68       1.9921       0.7738
 8183.71       2.0854       0.7786
 8184.75       1.0802       0.7675
 8185.79       0.6403       0.8125
 8186.83       1.6318       0.9304
 8187.87       2.3011       1.0300
 8188.90       1.4606       1.0320
 8189.94      -0.1945       0.9471
 8190.98      -0.4213       0.8730
 8192.02       0.8089       0.8552
 8193.05       1.1759       0.8241
 8194.09       1.5036       0.8796
 8195.13       2.0564       1.0109
 8196.17       1.8290       1.0874
 8197.21       1.1533       1.0704
 8198.24       0.8053       0.9951
 8199.28       0.8449       0.8766
 8200.32       0.8731       0.7681
 8201.36       0.6271       0.7121
 8202.39       0.7575       0.6984
 8203.43       1.0174       0.6952
 8204.47       0.6419       0.6927
 8205.51       0.4956       0.7241
 8206.54       0.8411       0.7814
 8207.58       0.9274       0.8075
 8208.62       0.8802       0.7910
 8209.66       0.9553       0.7550
 8210.70       0.6425       0.6934
 8211.73       0.3278       0.6537
 8212.77       0.9703       0.6834
 8213.81       1.6495       0.7274
 8214.85       1.8561       0.7472
 8215.88       1.8867       0.7610
 8216.92       1.4490       0.7379
 8217.96       0.7778       0.6852
 8219.00       0.6671       0.6518
 8220.04       1.1702       0.6592
 8221.07       1.6660       0.6889
 8222.11       1.2981       0.7055
 8223.15       0.6396       0.7141
 8224.19       1.1843       0.7536
 8225.22       1.4561       0.7950
 8226.26       0.9633       0.8287
 8227.30       0.4348       0.8611
 8228.34       0.0102       0.8564
 8229.38      -0.1350       0.8221
 8230.41       0.9596       0.8676
 8231.45       1.7281       0.9026
 8232.49       0.7074       0.8134
 8233.53       0.2028       0.7304
 8234.56       0.8026       0.7004
 8235.60       1.0643       0.6751
 8236.64       0.9494       0.6492
 8237.68       0.7441       0.6328
 8238.71       0.5112       0.6411
 8239.75       0.4348       0.6802
 8240.79       0.5851       0.7354
 8241.83       0.9925       0.7835
 8242.87       1.4767       0.8099
 8243.90       1.8164       0.8183
 8244.94       1.5143       0.8092
 8245.98       1.0412       0.8050
 8247.02       1.2905       0.8164
 8248.05       1.8290       0.8439
 8249.09       1.9661       0.8571
 8250.13       1.7035       0.8174
 8251.17       1.2245       0.7447
 8252.21       0.8898       0.6944
 8253.24       0.4662       0.6739
 8254.28       0.0653       0.6910
 8255.32      -0.0543       0.7329
 8256.36       0.4895       0.7901
 8257.39       1.1018       0.8174
 8258.43       0.7437       0.7835
 8259.47       0.2552       0.7025
 8260.51       0.4079       0.6260
 8261.54       0.4035       0.5922
 8262.58       0.5596       0.6029
 8263.62       1.1402       0.6240
 8264.66       1.3147       0.6413
 8265.70       1.1748       0.6530
 8266.73       1.4427       0.6741
 8267.77       1.2823       0.6802
 8268.81       0.8134       0.6717
 8269.85       0.8787       0.6671
 8270.88       0.9497       0.6605
 8271.92       0.7939       0.6679
 8272.96       0.3161       0.6546
 8274.00       0.3524       0.7045
 8275.04       1.2994       0.9583
 8276.07       1.0905       1.4660
 8277.11       0.4308       2.3732
 8278.15       1.7292       3.4681
 8279.19       3.0620       4.8516
 8280.22       3.0162       6.2505
 8281.26       2.5150       6.9846
 8282.30       2.2303       6.7382
 8283.34       2.2518       5.9015
 8284.38       1.2044       4.9021
 8285.41       0.4250       4.6199
 8286.45       1.3180       5.2429
 8287.49       1.2644       6.8576
 8288.53       0.2715       8.3474
 8289.56       0.9228       8.6343
 8290.60       2.0363       7.3664
 8291.64       2.1345       5.2744
 8292.68       1.3773       3.2139
 8293.71       0.6112       2.1597
 8294.75       0.8455       2.4226
 8295.79       0.3722       3.7733
 8296.83       0.2839       5.8489
 8297.87       2.2376       8.1002
 8298.90       0.5349       9.2838
 8299.94      -3.6129       8.8928
 8300.98      -2.4766       7.5851
 8302.02      -0.2850       5.5134
 8303.05      -0.8141       3.2340
 8304.09      -1.1683       1.7429
 8305.13      -0.5545       1.1365
 8306.17       0.3319       0.9536
 8307.21       0.7879       1.1108
 8308.24       0.7075       1.5490
 8309.28       0.4530       2.3633
 8310.32       0.8810       3.1681
 8311.36       1.5652       3.5261
 8312.39       0.5637       3.3159
 8313.43       0.1287       2.6280
 8314.47       1.4236       1.8219
 8315.51       1.0532       1.1450
 8316.54      -0.1841       0.8314
 8317.58      -0.0657       0.8337
 8318.62       0.9213       0.9587
 8319.66       1.5660       0.9748
 8320.70       1.1295       0.9455
 8321.73       0.2550       0.8429
 8322.77      -0.0567       0.7208
 8323.81       0.2960       0.6471
 8324.85       0.7618       0.6267
 8325.88       0.9585       0.6230
 8326.92       1.1035       0.6256
 8327.96       1.3564       0.6287
 8329.00       1.5978       0.6439
 8330.04       1.3065       0.6528
 8331.07       0.7392       0.6557
 8332.11       0.5628       0.6643
 8333.15       0.6016       0.6687
 8334.19       0.4107       0.6801
 8335.22      -0.0889       0.7120
 8336.26      -0.5119       0.7740
 8337.30      -0.5115       0.8878
 8338.34      -0.2986       0.9186
 8339.38      -0.0174       1.0007
 8340.41       0.1622       1.4877
 8341.45       1.7687       3.5425
 8342.49       3.6068       8.0823
 8343.53       3.1758      13.9309
 8344.56       2.0449      18.5672
 8345.60       2.3718      19.7710
 8346.64       3.5833      17.7254
 8347.68       4.6336      12.7897
 8348.71       4.3638       6.8549
 8349.75       1.8655       3.4568
 8350.79      -0.9862       3.5406
 8351.83      -1.3421       5.1590
 8352.87      -0.9428       6.8152
 8353.90      -1.1636       7.0151
 8354.94      -1.0201       6.1959
 8355.98       0.2480       4.4659
 8357.02       2.0872       2.5637
 8358.05       1.7675       1.3213
 8359.09       0.4899       0.9257
 8360.13       0.6415       0.9700
 8361.17       0.3353       1.2591
 8362.21      -0.0882       1.6700
 8363.24       0.8609       2.3204
 8364.28       2.2955       2.9162
 8365.32       2.4930       3.1504
 8366.36       0.5875       2.9525
 8367.39      -1.3580       2.3790
 8368.43      -1.2113       1.6868
 8369.47       0.3655       1.1345
 8370.51       1.3445       0.8215
 8371.55       0.5589       0.6711
 8372.58       0.2558       0.6705
 8373.62       0.9643       0.6877
 8374.66       1.0131       0.7109
 8375.70       0.9584       0.7117
 8376.73       1.2863       0.7746
 8377.77       1.4544       0.8504
 8378.81       0.8246       1.2058
 8379.85      -0.3669       2.0235
 8380.88      -0.2775       3.3425
 8381.92       1.1152       4.6688
 8382.96       2.2436       5.2830
 8384.00       1.9241       4.9588
 8385.04       0.8130       3.9119
 8386.07       0.9911       2.5561
 8387.11       1.2222       1.4428
 8388.15       0.5021       0.8335
 8389.19       0.4728       0.7760
 8390.22       0.5280       0.9246
 8391.26      -0.1328       0.9784
 8392.30      -0.1990       0.9960
 8393.34       0.5993       0.9190
 8394.38       1.4438       0.8328
 8395.41       1.5124       1.1577
 8396.45       1.3566       3.1435
 8397.49       2.3205       7.1163
 8398.53       2.8990      11.5466
 8399.56       1.9947      14.1308
 8400.60       1.5874      14.3920
 8401.64       1.4161      11.8217
 8402.68       0.4906       7.3480
 8403.72       0.5617       3.4014
 8404.75       1.0895       1.3083
 8405.79       0.0688       0.5979
 8406.83       0.2070       0.7186
 8407.87       1.9512       0.7110
 8408.90       1.2707       0.7339
 8409.94       0.3509       0.6315
 8410.98       1.5698       0.7261
 8412.02       0.4884       1.1428
 8413.05      -0.8961       2.3472
 8414.09       1.3358       4.1750
 8415.13       1.7457       5.6183
 8416.17      -0.4605       5.9878
 8417.21       0.3853       5.5778
 8418.24       1.2546       4.2271
 8419.28       0.1127       2.4488
 8420.32      -0.4513       1.2121
 8421.36      -0.1386       0.7999
 8422.39       0.3111       0.7816
 8423.43       0.3561       0.9367
 8424.47       0.1603       0.9139
 8425.51       0.3484       0.9818
 8426.55       1.8949       1.7039
 8427.58       3.7222       4.3869
 8428.62       3.4108       8.9672
 8429.66       3.1605      13.8512
 8430.70       3.9851      16.6404
 8431.73       1.8162      16.5038
 8432.77      -0.7659      13.1187
 8433.81      -0.0762       7.9936
 8434.85       1.0659       3.7017
 8435.89       1.0192       1.4991
 8436.92       0.5552       0.7629
 8437.96       0.5107       0.8362
 8439.00       0.8664       0.6941
 8440.04       0.2715       0.6390
 8441.07      -0.1633       0.5861
 8442.11       0.4295       0.6059
 8443.15       0.5548       0.6196
 8444.19       0.5471       0.6338
 8445.22       1.2594       0.6956
 8446.26       1.8142       0.7024
 8447.30       1.7876       0.7163
 8448.34       1.4859       0.8107
 8449.38       1.3505       1.4339
 8450.41       1.1484       2.7418
 8451.45      -0.3454       4.2219
 8452.49      -0.9351       5.2960
 8453.53       0.7488       5.5233
 8454.56       2.2483       4.8170
 8455.60       2.1889       3.4278
 8456.64       1.1372       1.8711
 8457.68       0.6337       0.9658
 8458.72       0.9162       0.7424
 8459.75       0.1765       0.7168
 8460.79      -0.2524       0.6954
 8461.83       0.5135       1.4060
 8462.87       0.9812       3.5494
 8463.90       0.0898       7.0006
 8464.94      -1.9970      10.2870
 8465.98      -2.2687      12.2127
 8467.02      -1.1490      11.7477
 8468.06      -1.4034       9.1972
 8469.09      -0.2753       5.5565
 8470.13       1.8956       2.4555
 8471.17       1.2830       0.9320
 8472.21      -0.1587       0.7422
 8473.24       0.0047       0.7412
 8474.28       0.8469       0.9138
 8475.32       1.0658       0.9239
 8476.36       0.2520       0.8770
 8477.39       0.1590       0.8018
 8478.43       0.7221       0.7298
 8479.47       0.6353       0.6539
 8480.51       0.1233       0.5975
 8481.55       0.0002       0.5773
 8482.58       0.5860       0.6030
 8483.62       0.9875       0.6224
 8484.66       0.6928       0.6075
 8485.70       0.4483       0.6122
 8486.73       0.3983       0.6161
 8487.77       0.2266       0.6225
 8488.81       0.8696       0.6075
 8489.85       1.8782       0.8314
 8490.89       1.9959       1.4117
 8491.92       2.0673       2.4053
 8492.96       2.2569       3.4412
 8494.00       1.0260       3.9409
 8495.04      -0.5465       3.7625
 8496.07      -0.9641       3.1677
 8497.11      -0.0911       2.2183
 8498.15       0.7311       1.3335
 8499.19       0.3259       0.9184
 8500.23      -0.6215       0.7769
 8501.26      -1.0179       1.1531
 8502.30      -0.1828       2.3765
 8503.34      -0.3795       4.2756
 8504.38      -2.1160       6.0953
 8505.41      -1.9552       7.1023
 8506.45      -1.0584       6.7966
 8507.49      -1.5092       5.4496
 8508.53      -1.6028       3.4112
 8509.56      -0.7751       1.6300
 8510.60       0.4267       0.7786
 8511.64       0.9245       0.6470
 8512.68       0.5281       0.5861
 8513.72       0.5096       0.6169
 8514.75       0.6272       0.6058
 8515.79       0.5088       0.5937
 8516.83       0.5603       0.5886
 8517.87       0.6040       0.6043
 8518.90       0.4452       0.6381
 8519.94       0.5926       0.6976
 8520.98       1.1080       0.7491
 8522.02       1.3911       0.7470
 8523.06       1.3967       0.7141
 8524.09       1.2882       0.6773
 8525.13       0.5920       0.6160
 8526.17      -0.0389       0.5636
 8527.21      -0.0329       0.5479
 8528.24       0.3678       0.5550
 8529.28       0.6887       0.5693
 8530.32       0.6390       0.5817
 8531.36       0.6192       0.5875
 8532.40       0.9156       0.5851
 8533.43       1.4282       0.5837
 8534.47       1.1669       0.5877
 8535.51       0.2159       0.7242
 8536.55       0.1033       1.0941
 8537.58       0.8603       1.6048
 8538.62       1.4660       2.0009
 8539.66       1.5602       2.1608
 8540.70       1.1048       1.9952
 8541.73       0.4688       1.5900
 8542.77       0.6851       1.1178
 8543.81       1.3091       0.8121
 8544.85       0.8033       0.7074
 8545.89       0.2969       1.1078
 8546.92       0.6480       1.9749
 8547.96       0.5931       2.8831
 8549.00       0.7419       3.4770
 8550.04       1.4844       3.5936
 8551.07       0.6056       3.1188
 8552.11      -1.3060       2.2462
 8553.15      -1.0713       1.3569
 8554.19      -0.0583       0.8295
 8555.23       0.8984       0.6562
 8556.26       0.5934       0.6020
 8557.30       0.2660       0.5816
 8558.34       0.4049       0.5643
 8559.38       0.4151       0.5683
 8560.41       0.2283       0.5649
 8561.45      -0.0234       0.5439
 8562.49       0.4572       0.5505
 8563.53       1.1872       0.5790
 8564.57       1.1237       0.5868
 8565.60       0.7048       0.5823
 8566.64       0.5533       0.5834
 8567.68       0.7308       0.5924
 8568.72       0.8872       0.6059
 8569.75       0.7826       0.6241
 8570.79       0.8174       0.6530
 8571.83       0.8898       0.6877
 8572.87       0.8449       0.7163
 8573.90       0.7335       0.7569
 8574.94       0.8330       0.8068
 8575.98       1.3270       0.8351
 8577.02       1.5161       0.8278
 8578.06       1.0887       0.7880
 8579.09       0.1648       0.7208
 8580.13      -0.1383       0.6565
 8581.17       0.7955       0.6237
 8582.21       1.5574       0.6124
 8583.24       1.2794       0.6012
 8584.28       0.2374       0.5948
 8585.32       0.0740       0.7079
 8586.36       1.1232       0.9826
 8587.40       1.9284       1.2909
 8588.43       1.6590       1.5008
 8589.47       0.6764       1.5292
 8590.51       0.4160       1.4113
 8591.55       0.5504       1.1545
 8592.58       0.2006       0.8681
 8593.62       1.1648       0.7979
 8594.66       2.2457       1.0354
 8595.70       1.3315       1.4093
 8596.74      -0.3418       1.7218
 8597.77      -1.0796       1.8347
 8598.81      -0.3594       1.8280
 8599.85       0.2670       1.5886
 8600.89      -0.2155       1.1723
 8601.92      -0.5247       0.8536
 8602.96      -0.1669       0.7338
 8604.00       0.5056       0.7227
 8605.04       0.9322       0.7635
 8606.07       0.7510       0.7776
 8607.11       0.2591       0.7912
 8608.15       0.3215       0.8484
 8609.19       1.1585       0.9846
 8610.23       1.8123       1.1310
 8611.26       1.6196       1.2676
 8612.30       0.7211       1.4312
 8613.34      -0.2624       1.6302
 8614.38      -0.5120       1.9024
 8615.41       0.3194       2.2255
 8616.45       1.0401       2.5460
 8617.49       0.9659       2.9114
 8618.53       0.7923       3.2829
 8619.57       0.2088       3.6573
 8620.60      -0.6303       4.0813
 8621.64      -1.1439       4.4514
 8622.68      -0.0955       4.8493
 8623.72       2.2117       5.3104
 8624.75       1.8697       5.5627
 8625.79      -0.4173       5.7802
 8626.83      -1.0933       6.1700
 8627.87      -0.0119       6.4199
 8628.91       1.1144       6.4563
 8629.94       0.8213       6.4874
 8630.98      -0.7564       6.4351
 8632.02      -2.1651       6.2416
 8633.06      -1.7242       6.0675
 8634.09      -0.3492       5.8798
 8635.13      -0.0318       5.5688
 8636.17       0.0800       5.1430
 8637.21       0.1771       4.6265
 8638.24       0.0580       4.1778
 8639.28      -0.6987       3.7198
 8640.32      -1.6377       3.1640
 8641.36      -1.5662       2.7516
 8642.40      -0.3225       2.3700
 8643.43       1.1166       1.9528
 8644.47       1.7495       1.7169
 8645.51       1.0084       1.6780
 8646.55      -0.3246       1.8300
 8647.58       0.0111       2.3813
 8648.62       1.9111       3.2917
 8649.66       3.2887       4.1976
 8650.70       1.5811       4.7063
 8651.74      -1.9070       4.9141
 8652.77      -1.8516       5.1849
 8653.81      -0.7135       5.4522
 8654.85      -1.8341       5.5420
 8655.89      -2.4165       5.5671
 8656.92      -1.8802       5.6554
 8657.96      -1.3496       5.7919
 8659.00      -0.6838       5.9012
 8660.04      -0.5868       5.8823
 8661.08      -2.0013       5.7132
 8662.11      -1.8349       5.5538
 8663.15       0.6506       5.4963
 8664.19       1.6800       5.4511
 8665.23       1.0656       5.3776
 8666.26       0.3954       5.2504
 8667.30       0.6323       5.0445
 8668.34       1.0757       4.7889
 8669.38       0.1882       4.5683
 8670.42      -0.0855       4.4646
 8671.45       0.8893       4.3418
 8672.49       1.4948       4.0639
 8673.53       1.4876       3.7470
 8674.57       1.2774       3.5295
 8675.60       1.6961       3.4607
 8676.64       1.5345       3.3584
 8677.68      -0.0474       3.0866
 8678.72      -1.2348       2.7468
 8679.75      -0.9058       2.5071
 8680.79       0.6881       2.4951
 8681.83       0.8534       2.4780
 8682.87      -0.5777       2.2724
 8683.91      -0.6766       2.0457
 8684.94       0.2186       1.8602
 8685.98       0.6985       1.7422
 8687.02       0.0474       1.7115
 8688.06      -0.2449       1.6861
 8689.09       1.3495       1.6103
 8690.13       1.0689       1.4040
 8691.17      -0.4083       1.2116
 8692.21       0.3832       1.2451
 8693.25       1.1230       1.3269
 8694.28       0.4469       1.2754
 8695.32       0.2838       1.1729
 8696.36       0.6852       1.0760
 8697.40       0.9560       1.0507
 8698.43       0.5048       1.1262
 8699.47      -0.0551       1.2347
 8700.51       0.2030       1.2812
 8701.55       0.1475       1.2279
 8702.58      -0.3861       1.1131
 8703.62      -0.4777       1.0072
 8704.66       0.0250       0.9989
 8705.70       0.5425       1.0774
 8706.74      -0.0216       1.1453
 8707.77      -0.5225       1.1705
 8708.81       0.1517       1.1594
 8709.85       0.4388       1.0768
 8710.89       0.1468       0.9397
 8711.92       0.0588       0.8033
 8712.96      -0.0370       0.7175
 8714.00      -0.1986       0.6734
 8715.04      -0.2753       0.6388
 8716.08      -0.2020       0.6259
 8717.11       0.1608       0.6437
 8718.15       0.1118       0.6485
 8719.19       0.1414       0.6502
 8720.23       0.9341       0.6769
 8721.26       0.9776       0.6725
 8722.30       0.1147       0.6439
 8723.34      -0.5505       0.6382
 8724.38      -0.6255       0.6658
 8725.42       0.0091       0.7193
 8726.45       0.9732       0.7772
 8727.49       1.3321       0.8000
 8728.53       0.8406       0.7740
 8729.57       0.6250       0.7348
 8730.60       0.6704       0.6881
 8731.64       0.3866       0.6316
 8732.68      -0.2428       0.5976
 8733.72      -0.5761       0.6030
 8734.75       0.1545       0.6424
 8735.79       0.7002       0.6769
 8736.83       0.3966       0.7001
 8737.87       0.4725       0.7526
 8738.91       0.3649       0.8050
 8739.94      -0.2958       0.8231
 8740.98       0.0305       0.8343
 8742.02       0.6244       0.8315
 8743.06       0.0332       0.7973
 8744.09       0.0116       0.7690
 8745.13       0.8802       0.7628
 8746.17       1.0641       0.7602
 8747.21       0.9282       0.7548
 8748.25       0.9548       0.7545
 8749.28       1.2482       0.7982
 8750.32       1.0560       0.8257
 8751.36       0.0806       0.7912
 8752.40       0.2391       0.7832
 8753.43       0.9967       0.7793
 8754.47       0.7219       0.7888
 8755.51      -0.1730       0.9143
 8756.55      -0.9452       1.6853
 8757.58      -0.9532       3.0527
 8758.62      -1.5689       5.5269
 8759.66      -2.9953       8.8203
 8760.70      -2.6860      11.7650
 8761.74      -0.7166      13.0204
 8762.77       1.1474      12.4271
 8763.81       0.2096      10.5169
 8764.85      -1.6095       9.5403
 8765.89      -0.1328      10.5314
 8766.92       0.3190      13.1019
 8767.96      -1.1707      15.0902
 8769.00       0.6923      15.3478
 8770.04       2.2371      12.7348
 8771.08       0.2851       8.3607
 8772.11      -1.7145       4.2530
 8773.15      -1.7993       2.3377
 8774.19      -0.3802       2.9363
 8775.23      -0.6344       5.6743
 8776.26      -1.5705       9.6858
 8777.30       1.5031      14.1843
 8778.34       3.2863      16.7842
 8779.38       1.7026      16.1451
 8780.42       2.1451      13.1071
 8781.45       3.3948       8.5862
 8782.49       2.8518       4.0683
 8783.53       1.2083       1.5646
 8784.57      -0.2402       0.8829
 8785.60      -0.5091       0.7099
 8786.64       0.3679       0.7828
 8787.68       0.5471       1.0837
 8788.72      -1.5750       1.9934
 8789.75      -2.9633       3.4779
 8790.79      -1.4704       5.0021
 8791.83       0.9455       5.9004
 8792.87       2.2863       5.6317
 8793.91       1.7832       4.4273
 8794.94       0.7371       2.8978
 8795.98       0.3087       1.6030
 8797.02       0.0270       0.6849
 8798.06       0.7262       1.1836
 8799.09       0.3470       1.1570
 8800.13       0.0118       1.1950
 8801.17      -0.1726       1.1775
 8802.21      -0.1059       1.1705
 8803.25      -0.0133       1.1582
 8804.28       0.1882       1.0287
 8805.32      -0.3046       0.0273
 8806.36      -0.1832       0.6822
 8807.40      -0.8691       0.7876
 8808.43      -0.4843       1.0415
 8809.47      -0.2894       1.1928
 8810.51      -0.6478       1.2798
 8811.55      -0.8462       1.2697
 8812.58      -0.2922       1.1764
 8813.62       0.6295       1.0297
 8814.66       0.5553       0.8377
 8815.70      -0.2547       0.6945
 8816.74      -0.5606       0.6723
 8817.77      -0.7615       0.6873
 8818.81      -0.7290       0.6839
 8819.85      -0.1299       0.7902
 8820.89       1.0343       0.7228
 8821.92       1.3113       1.0837
 8822.96      -1.9914       1.4999
 8824.00      -3.8544       5.3672
 8825.04      -0.8424      14.0473
 8826.08       1.1308      24.6868
 8827.11       0.3764      32.8829
 8828.15      -0.6128      35.3158
 8829.19      -1.0166      30.3014
 8830.23      -0.0317      20.6620
 8831.26       2.4447      10.8368
 8832.30       1.4725       5.0188
 8833.34      -2.8074       3.9599
 8834.38      -0.4205       6.7201
 8835.42       2.0939      10.2388
 8836.45      -2.7718      12.1777
 8837.49      -3.7763      12.6612
 8838.53      -0.7046      11.2035
 8839.57      -0.8954       7.9036
 8840.60      -1.3188       4.2445
 8841.64      -0.4199       1.6962
 8842.68      -0.0670       0.8519
 8843.72      -0.0888       1.0020
 8844.75      -0.1826       1.0420
 8845.79      -0.5656       1.1554
 8846.83      -0.9452       1.5771
 8847.87      -1.1827       2.5261
 8848.91      -1.3777       3.5932
 8849.94      -1.2343       4.3592
 8850.98      -0.6016       4.6227
 8852.02      -0.4640       4.1138
 8853.06      -1.0071       3.0338
 8854.09      -1.1529       1.8578
 8855.13      -1.0798       1.0879
 8856.17      -1.0898       0.8029
 8857.21      -0.5186       0.8101
 8858.25       0.0935       0.8470
 8859.28      -0.2383       0.8976
 8860.32      -1.2028       1.0274
 8861.36      -1.6617       1.2113
 8862.40      -0.7430       1.3718
 8863.43      -0.1808       1.4494
 8864.47      -0.7239       2.1842
 8865.51       0.0155       4.2968
 8866.55       0.2904       7.0621
 8867.58      -1.3243       8.9390
 8868.62      -1.7692       9.6926
 8869.66      -1.1394       8.7359
 8870.70      -1.4617       6.2106
 8871.74      -1.3485       3.3987
 8872.77      -0.4892       1.5062
 8873.81      -0.3018       0.8364
 8874.85      -0.5083       0.8818
 8875.89      -0.6075       0.7924
 8876.92       0.2622       0.8505
 8877.96       0.8354       0.8827
 8879.00       0.2489       0.9374
 8880.04      -0.5093       0.7739
 8881.08      -1.1087       0.7847
 8882.11      -2.3865       1.4882
 8883.15      -0.3340       5.5796
 8884.19       2.9355      13.7458
 8885.23      -0.0857      22.4152
 8886.26      -2.6147      28.2452
 8887.30       0.1712      28.7751
 8888.34      -0.3892      23.2952
 8889.38      -2.4895      14.4994
 8890.42      -1.2485       6.5122
 8891.45       0.1067       2.3643
 8892.49      -0.0035       1.3563
 8893.53      -0.7558       1.1637
 8894.57      -1.1977       1.3049
 8895.60      -0.6999       1.3644
 8896.64      -0.0743       1.5159
 8897.68       0.1823       1.4029
 8898.72       0.2973       1.4686
 8899.75      -0.3304       1.9404
 8900.79       0.2433       4.4538
 8901.83       2.3304       9.0321
 8902.87       1.6790      13.0097
 8903.91      -1.7288      14.5079
 8904.94      -3.5640      14.0492
 8905.98      -3.8928      10.9491
 8907.02      -3.3496       6.5160
 8908.06      -1.0684       3.2967
 8909.09       0.6029       2.0719
 8910.13      -0.0946       1.7492
 8911.17      -0.3705       1.8720
 8912.21       0.1584       1.6790
 8913.25       0.0017       1.6587
 8914.28      -0.5213       0.9966
 8915.32      -0.8174       1.4506
 8916.36       0.2894       3.7609
 8917.40       0.2209      12.9836
 8918.43      -1.3370      27.1820
 8919.47       0.6521      42.2816
 8920.51       2.3806      37.5772
