 
TRANSIENT_NAME:     DES14C1jkw 
SNID:               1303279    
OBS_DATE:           2014-12-24
MJD:                57015. 
PHASE:              +42.   
MJD_MAX:            56966.1
TYPE:               1  
SPEC_EVAL:          SNIa
REDSHIFT:           0.1728  
REDSHIFT_ERR:       0.0005  
REDSHIFT_SOURCE:    Z_GAL
TELESCOPE:          AAT
INSTRUMENT:         AAOmega-2dF
 
======================================
 
# WAVE  FLUX  FLUX_ERR
 3743.23      -0.8577       8.4522
 3744.26      -1.0464       7.1358
 3745.30      -0.4851       7.5651
 3746.34       2.1632       7.1936
 3747.38       5.6051       8.9330
 3748.41       4.3192       7.9588
 3749.45       3.6831       7.8746
 3750.49      -2.9852       5.5556
 3751.53      -1.3552       6.2212
 3752.56       5.5732       7.6640
 3753.60       2.4285       6.7165
 3754.64      -1.8451       5.2279
 3755.68      -0.0286       5.7574
 3756.72       6.5960       7.7368
 3757.75       0.4614       5.5577
 3758.79       1.6706       5.9567
 3759.83       3.1773       6.6023
 3760.87       2.7487       6.2567
 3761.90       1.2798       5.3781
 3762.94       0.0126       5.0039
 3763.98      -1.2697       4.5936
 3765.02      -2.1394       4.5436
 3766.06      -5.1557       4.0222
 3767.09      -0.0104       5.0581
 3768.13      -2.1306       4.2625
 3769.17       1.4156       5.2593
 3770.21       3.9715       5.7451
 3771.24       3.2918       5.7470
 3772.28       2.9854       5.4797
 3773.32       3.2673       5.5937
 3774.36       3.8051       5.7252
 3775.40       0.6711       5.2173
 3776.43      -0.7501       4.9758
 3777.47       1.9679       5.2817
 3778.51      -2.6531       4.3523
 3779.55       1.3009       5.1923
 3780.58       2.0133       5.1313
 3781.62       0.8899       4.8160
 3782.66       0.2792       4.8006
 3783.70      -0.3972       4.7604
 3784.73       0.9673       4.5570
 3785.77      -0.7074       4.2571
 3786.81       3.4434       5.2764
 3787.85       1.7798       4.5914
 3788.89       0.4162       4.6488
 3789.92      -1.1077       4.2878
 3790.96      -1.3090       4.0621
 3792.00       0.8768       4.4508
 3793.04       1.4316       4.5794
 3794.07       1.3003       4.3261
 3795.11      -3.7243       3.3124
 3796.15       1.8565       4.4531
 3797.19       1.7405       4.3067
 3798.23      -0.4995       3.4079
 3799.26      -1.8875       3.5342
 3800.30       4.5722       4.9816
 3801.34      -0.8893       3.8336
 3802.38      -1.6757       3.6320
 3803.41      -1.2692       3.7518
 3804.45      -2.0132       3.8209
 3805.49      -2.1959       2.9993
 3806.53       1.3306       3.6504
 3807.57      -0.3442       3.3905
 3808.60      -2.2264       2.9860
 3809.64       1.0193       3.5843
 3810.68      -0.5018       3.3757
 3811.72      -1.2347       3.0406
 3812.75       0.5254       3.4574
 3813.79       2.6078       3.7445
 3814.83       2.6834       3.7156
 3815.87       2.1741       3.9114
 3816.90      -0.0076       3.4846
 3817.94      -0.2020       3.1453
 3818.98      -0.2027       2.7882
 3820.02       0.2757       2.8823
 3821.06       1.7854       3.3309
 3822.09       1.9377       3.1519
 3823.13       2.6544       3.1915
 3824.17       3.8364       3.1623
 3825.21       1.2286       2.7225
 3826.24      -2.0284       2.5034
 3827.28      -1.2073       2.8010
 3828.32       0.5407       3.0110
 3829.36       1.9533       3.1278
 3830.40       3.1786       3.2814
 3831.43      -1.1135       2.6940
 3832.47       1.0721       2.9648
 3833.51       1.9715       2.9059
 3834.55      -1.1741       2.2514
 3835.58       1.5482       2.5320
 3836.62       2.3499       2.8187
 3837.66      -0.6401       2.1549
 3838.70      -1.1751       2.0144
 3839.74       1.4006       2.3915
 3840.77       1.5167       2.4602
 3841.81       1.8376       2.4162
 3842.85       1.3537       2.1783
 3843.89       0.2177       2.1253
 3844.92       0.5019       2.1341
 3845.96       0.6051       2.0226
 3847.00      -0.3065       2.0139
 3848.04      -1.2223       1.9044
 3849.07      -0.6959       1.9023
 3850.11      -1.0897       1.8376
 3851.15      -0.5458       1.9099
 3852.19      -0.2062       1.9531
 3853.23       1.4464       2.1778
 3854.26       1.2565       2.0460
 3855.30      -0.3897       1.8318
 3856.34       0.5350       1.9735
 3857.38       0.3299       1.8347
 3858.41      -0.7553       1.5932
 3859.45      -0.0194       1.6640
 3860.49      -0.8049       1.7891
 3861.53      -2.1430       1.5642
 3862.57      -0.9082       1.6824
 3863.60      -0.0617       1.8332
 3864.64       2.9945       2.2352
 3865.68       3.1388       2.2449
 3866.72       0.2216       1.7687
 3867.75      -0.8058       1.5960
 3868.79      -0.6028       1.7683
 3869.83      -1.0114       1.6223
 3870.87       0.6841       1.8361
 3871.91       0.7561       1.8306
 3872.94       0.7320       1.8543
 3873.98       1.0792       1.9262
 3875.02      -2.8136       1.3403
 3876.06       0.9967       1.8316
 3877.09       1.4152       2.0813
 3878.13       0.1109       1.7827
 3879.17      -0.0933       1.6039
 3880.21       1.3670       1.6822
 3881.24       0.4777       1.5315
 3882.28      -0.5041       1.6151
 3883.32       1.3036       1.8137
 3884.36       0.1931       1.5598
 3885.40      -1.7976       1.2023
 3886.43       0.0662       1.4444
 3887.47       1.6447       1.5963
 3888.51       0.2178       1.5484
 3889.55       2.2933       1.7982
 3890.58       2.2201       1.7703
 3891.62       0.2110       1.4066
 3892.66       0.3253       1.4249
 3893.70      -0.4138       1.3776
 3894.74       0.5727       1.3738
 3895.77       2.2224       1.6593
 3896.81       0.5836       1.4757
 3897.85      -0.2414       1.2833
 3898.89       1.5950       1.5115
 3899.92       0.2306       1.4803
 3900.96       0.7240       1.5393
 3902.00       2.5520       1.7220
 3903.04       1.3709       1.5393
 3904.07       1.3573       1.5563
 3905.11       0.3972       1.5391
 3906.15       0.4740       1.6250
 3907.19       0.5630       1.5864
 3908.23      -0.1126       1.3141
 3909.26       0.0025       1.3822
 3910.30       1.7570       1.6047
 3911.34      -1.8282       1.2781
 3912.38       0.5440       1.4665
 3913.41       1.0653       1.3911
 3914.45       0.4534       1.3510
 3915.49       0.2809       1.3295
 3916.53       1.1383       1.3551
 3917.57       0.4971       1.3530
 3918.60      -0.5863       1.0964
 3919.64      -1.0531       0.9276
 3920.68      -1.0421       0.9057
 3921.72       0.5559       1.1015
 3922.75       0.1957       0.9979
 3923.79       1.8238       1.1119
 3924.83       0.7084       1.0124
 3925.87       0.3156       0.8875
 3926.91      -0.9002       0.8094
 3927.94       1.3521       0.9608
 3928.98      -0.0571       0.7902
 3930.02       0.8057       0.9076
 3931.06       0.2647       0.8153
 3932.09      -1.3987       0.6843
 3933.13       0.0416       0.7595
 3934.17       0.5135       0.7640
 3935.21       0.5612       0.7715
 3936.24      -0.6188       0.7019
 3937.28       2.0739       0.8798
 3938.32      -0.4806       0.6864
 3939.36       1.3263       1.0094
 3940.40       2.4889       1.0294
 3941.43      -0.9023       0.7679
 3942.47       2.2809       0.9901
 3943.51       1.5390       0.9198
 3944.55       0.8821       0.8556
 3945.58       1.8862       0.9323
 3946.62       0.6142       0.8714
 3947.66       0.4971       0.8646
 3948.70       0.6637       0.8173
 3949.74       1.4158       0.9043
 3950.77       0.2062       0.6991
 3951.81      -0.3644       0.6803
 3952.85       0.2950       0.7743
 3953.89       0.8245       0.7797
 3954.92       1.8635       0.9412
 3955.96       1.3949       0.8915
 3957.00       1.3980       0.8098
 3958.04       0.5343       0.7377
 3959.08       1.0799       0.8261
 3960.11       1.3417       0.7596
 3961.15       0.6820       0.7364
 3962.19       1.0760       0.7496
 3963.23       0.1569       0.6913
 3964.26       0.0046       0.6530
 3965.30       1.0203       0.7390
 3966.34      -0.2557       0.6548
 3967.38       0.8683       0.6884
 3968.41       0.9939       0.6776
 3969.45       0.7365       0.6437
 3970.49       0.8347       0.6761
 3971.53       0.4875       0.6851
 3972.57       0.4604       0.6728
 3973.60       1.3925       0.7643
 3974.64      -0.2879       0.6149
 3975.68      -0.2418       0.6285
 3976.72       0.5164       0.6924
 3977.75      -1.0102       0.5935
 3978.79       1.4667       0.7592
 3979.83       0.7381       0.7448
 3980.87       0.1891       0.6998
 3981.91       0.7963       0.7783
 3982.94       1.7266       0.8209
 3983.98       0.3795       0.7241
 3985.02       1.2607       0.7496
 3986.06       0.4555       0.6617
 3987.09       0.7720       0.6924
 3988.13       0.2860       0.6739
 3989.17      -0.1635       0.6445
 3990.21       0.9120       0.7429
 3991.25       0.4964       0.7081
 3992.28      -0.9969       0.6186
 3993.32       0.6930       0.7359
 3994.36      -0.0453       0.6937
 3995.40      -0.0622       0.6756
 3996.43       0.8856       0.7349
 3997.47       0.9799       0.7468
 3998.51       1.0012       0.7658
 3999.55      -0.6020       0.6971
 4000.58      -1.1706       0.7075
 4001.62      -0.0433       0.7134
 4002.66       0.0007       0.7327
 4003.70       1.4259       0.8740
 4004.74       2.9912       0.9423
 4005.77       2.8410       0.9276
 4006.81       1.2678       0.8485
 4007.85       0.7230       0.8898
 4008.89       1.3962       0.9919
 4009.92       1.2218       0.9486
 4010.96       0.4563       0.8741
 4012.00       0.4172       0.8529
 4013.04       0.9025       0.8746
 4014.08       0.6952       0.8519
 4015.11       0.6115       0.8622
 4016.15       1.2569       0.9149
 4017.19       1.8493       0.9554
 4018.23       1.4984       0.8911
 4019.26       0.1739       0.7966
 4020.30       1.2043       0.8762
 4021.34      -0.0632       0.7766
 4022.38       0.5302       0.7632
 4023.42       1.0754       0.7978
 4024.45       0.3295       0.7572
 4025.49       1.9994       0.8128
 4026.53       0.8204       0.7779
 4027.57      -1.2104       0.6748
 4028.60      -0.1108       0.6725
 4029.64       0.3818       0.6980
 4030.68       1.1574       0.7699
 4031.72       1.3139       0.8141
 4032.75       1.0247       0.7559
 4033.79       0.1670       0.6937
 4034.83       0.1195       0.7081
 4035.87       0.7047       0.7356
 4036.91       0.2450       0.6991
 4037.94       0.4735       0.6968
 4038.98       0.4369       0.7267
 4040.02       0.5903       0.7289
 4041.06       0.4508       0.7833
 4042.09       1.1428       0.8005
 4043.13      -0.4432       0.7234
 4044.17       0.5484       0.7348
 4045.21       1.0917       0.8219
 4046.25       1.5575       0.8539
 4047.28      -0.0078       0.6979
 4048.32      -0.9108       0.6839
 4049.36       0.2329       0.7367
 4050.40       0.2826       0.7180
 4051.43       0.8554       0.7302
 4052.47       0.3953       0.6737
 4053.51       0.1478       0.6508
 4054.55      -0.4694       0.6257
 4055.58      -0.0093       0.6192
 4056.62       0.5479       0.6538
 4057.66       0.9749       0.6986
 4058.70       1.8310       0.7693
 4059.74       0.7069       0.7355
 4060.77       1.1055       0.7191
 4061.81       1.2781       0.7404
 4062.85       0.4669       0.7133
 4063.89      -1.0344       0.6404
 4064.92      -0.7044       0.6538
 4065.96       0.5168       0.7251
 4067.00       1.8282       0.7531
 4068.04       1.6751       0.7545
 4069.08       1.1530       0.7021
 4070.11       0.4987       0.6591
 4071.15       0.1005       0.6092
 4072.19       0.9633       0.6513
 4073.23       0.7241       0.6559
 4074.26       0.7423       0.6825
 4075.30       1.5607       0.7319
 4076.34       0.9390       0.6697
 4077.38      -0.7620       0.5577
 4078.42      -0.0726       0.5954
 4079.45       0.2132       0.5953
 4080.49      -0.3512       0.5653
 4081.53      -0.6950       0.5690
 4082.57       0.8880       0.6228
 4083.60       0.0383       0.6028
 4084.64      -0.1979       0.6468
 4085.68      -0.7980       0.8207
 4086.72      -0.3803       0.6624
 4087.75      -0.6874       0.5193
 4088.79      -0.0444       0.5992
 4089.83      -0.8305       0.5150
 4090.87      -0.2705       0.5238
 4091.91       0.8160       0.5935
 4092.94       0.8760       0.6144
 4093.98      -0.6608       0.5204
 4095.02      -0.3493       0.5145
 4096.06       1.3529       0.6229
 4097.09       1.3851       0.5872
 4098.13      -0.4001       0.4798
 4099.17      -0.2567       0.4786
 4100.21       0.0229       0.5189
 4101.25      -0.3433       0.4975
 4102.28       0.3821       0.5439
 4103.32       0.7079       0.5296
 4104.36       1.3562       0.5381
 4105.40       2.6751       0.6187
 4106.43       1.5688       0.5869
 4107.47       0.7504       0.5486
 4108.51       0.7641       0.5593
 4109.55       1.9791       0.5995
 4110.58      -0.3232       0.4247
 4111.62      -0.6992       0.4330
 4112.66       0.4794       0.4822
 4113.70      -0.1719       0.4561
 4114.74       0.4424       0.4745
 4115.77       0.3843       0.4662
 4116.81       1.1116       0.5257
 4117.85       0.9077       0.4971
 4118.89       0.6756       0.4827
 4119.92       0.6755       0.4906
 4120.96       0.1986       0.4369
 4122.00      -0.0975       0.4572
 4123.04       0.1784       0.4596
 4124.08       1.5474       0.5598
 4125.11       0.5504       0.4895
 4126.15       0.8872       0.5010
 4127.19      -0.2130       0.4590
 4128.23       1.5929       0.5596
 4129.26       1.4187       0.5144
 4130.30       0.2009       0.4507
 4131.34       0.9655       0.5032
 4132.38       0.3038       0.4568
 4133.42      -0.6140       0.4287
 4134.45      -1.0580       0.4014
 4135.49       0.4153       0.5117
 4136.53       0.6922       0.5044
 4137.57       1.2473       0.5230
 4138.60       0.8116       0.5223
 4139.64       1.5071       0.5479
 4140.68       1.5594       0.5231
 4141.72       0.8704       0.4798
 4142.75       1.1818       0.4936
 4143.79      -0.1444       0.4056
 4144.83      -0.1879       0.4543
 4145.87       0.5003       0.4780
 4146.91       0.9334       0.4930
 4147.94       0.9671       0.4826
 4148.98       0.9776       0.4786
 4150.02       0.7935       0.4478
 4151.06       0.1235       0.4130
 4152.09       0.0050       0.4094
 4153.13       1.0967       0.4658
 4154.17       2.0103       0.5599
 4155.21       0.7597       0.4899
 4156.25       1.0491       0.5085
 4157.28       1.8367       0.5601
 4158.32       1.6333       0.5382
 4159.36      -0.6359       0.3990
 4160.40       0.1111       0.4676
 4161.43       0.5120       0.4839
 4162.47       1.1433       0.5118
 4163.51       0.7292       0.5170
 4164.55       0.1118       0.4558
 4165.59       1.7263       0.5518
 4166.62       1.4528       0.5311
 4167.66       0.8297       0.4997
 4168.70      -0.0026       0.4816
 4169.74      -0.4540       0.4647
 4170.77       0.4390       0.5001
 4171.81       0.5657       0.4836
 4172.85       1.7813       0.5328
 4173.89       0.1804       0.4327
 4174.92       0.7023       0.4555
 4175.96       1.5865       0.4789
 4177.00       0.8626       0.4383
 4178.04       1.1745       0.4897
 4179.08       1.1718       0.4578
 4180.11       1.0043       0.4446
 4181.15      -0.7758       0.3472
 4182.19       0.6525       0.4225
 4183.23       1.1307       0.4304
 4184.26       1.3658       0.4357
 4185.30       0.4253       0.3859
 4186.34       0.7795       0.3985
 4187.38       1.5064       0.4330
 4188.42       0.0090       0.3741
 4189.45       1.2628       0.4276
 4190.49       0.8099       0.4049
 4191.53       0.6851       0.3716
 4192.57       1.0635       0.3950
 4193.60       0.5581       0.3826
 4194.64       0.5074       0.3747
 4195.68       0.9807       0.3825
 4196.72       1.3884       0.3912
 4197.76       0.0947       0.3452
 4198.79      -0.4211       0.3021
 4199.83       0.7727       0.3595
 4200.87       0.4092       0.3525
 4201.91       0.2000       0.3405
 4202.94      -0.0251       0.3196
 4203.98      -0.1491       0.3134
 4205.02      -0.1697       0.3016
 4206.06      -0.4741       0.3144
 4207.09      -0.2778       0.3377
 4208.13      -0.0171       0.3789
 4209.17       0.5024       0.3658
 4210.21       0.3896       0.3385
 4211.25       0.3147       0.3199
 4212.28       0.9303       0.3549
 4213.32       0.6018       0.3309
 4214.36       0.6794       0.3441
 4215.40      -0.1288       0.3035
 4216.43      -0.0719       0.3058
 4217.47       0.5223       0.3340
 4218.51       1.3271       0.3603
 4219.55       0.9246       0.3496
 4220.59       0.7019       0.3449
 4221.62       0.0972       0.3325
 4222.66      -0.1757       0.3077
 4223.70       0.4964       0.3296
 4224.74       0.6812       0.3181
 4225.77       0.6694       0.3202
 4226.81       0.8654       0.3220
 4227.85       0.4875       0.3055
 4228.89       0.7038       0.3216
 4229.93       0.3062       0.3223
 4230.96       0.2796       0.3088
 4232.00       0.3335       0.3035
 4233.04       0.6862       0.3113
 4234.08      -0.0986       0.2820
 4235.11      -0.2384       0.2690
 4236.15       0.4120       0.3040
 4237.19       1.2240       0.3473
 4238.23       0.8674       0.3023
 4239.26       1.0725       0.3112
 4240.30       1.0464       0.3340
 4241.34      -0.1075       0.2766
 4242.38      -0.1874       0.2783
 4243.42       0.8486       0.3217
 4244.45       0.4707       0.3032
 4245.49       0.4380       0.3219
 4246.53       0.0672       0.2997
 4247.57      -0.4471       0.2640
 4248.60       1.3154       0.3376
 4249.64       1.5502       0.3395
 4250.68       0.6963       0.3176
 4251.72       0.6344       0.3091
 4252.76       0.9119       0.3366
 4253.79       0.4869       0.3206
 4254.83       0.1129       0.2848
 4255.87       0.8285       0.3210
 4256.91       0.7601       0.3027
 4257.94       0.3561       0.2909
 4258.98       0.4789       0.3052
 4260.02       0.8491       0.3114
 4261.06       1.1324       0.3235
 4262.10       1.1383       0.3158
 4263.13       1.2602       0.3238
 4264.17       0.6922       0.3189
 4265.21       0.8134       0.3092
 4266.25       0.7137       0.3077
 4267.28       0.5787       0.3048
 4268.32       0.8097       0.3000
 4269.36       0.8960       0.3008
 4270.40       1.1330       0.3097
 4271.43       0.1558       0.2767
 4272.47      -0.1087       0.2700
 4273.51       0.9111       0.2984
 4274.55       0.8016       0.2926
 4275.59       0.3613       0.2755
 4276.62       0.4530       0.2836
 4277.66       0.5000       0.2958
 4278.70       1.4360       0.3153
 4279.74       0.4442       0.2900
 4280.77       0.1767       0.2719
 4281.81      -0.0433       0.2435
 4282.85       0.3086       0.2637
 4283.89       0.6907       0.2753
 4284.93       0.2609       0.2531
 4285.96       0.2217       0.2559
 4287.00       0.2506       0.2661
 4288.04       0.4330       0.2648
 4289.08       0.7152       0.2739
 4290.11       1.1814       0.2756
 4291.15       0.0900       0.2334
 4292.19       0.2002       0.2471
 4293.23       1.0081       0.2797
 4294.27       1.3518       0.3004
 4295.30       0.5871       0.2507
 4296.34      -0.2633       0.2207
 4297.38       0.2486       0.2348
 4298.42       1.1904       0.2715
 4299.45       0.3484       0.2394
 4300.49      -0.1020       0.2105
 4301.53       0.9477       0.2544
 4302.57       0.9365       0.2603
 4303.60       0.4721       0.2519
 4304.64       1.2429       0.2772
 4305.68       0.5902       0.2210
 4306.72       0.7747       0.3134
 4307.76       0.4778       0.2844
 4308.79       0.7593       0.2508
 4309.83       0.9117       0.2402
 4310.87       0.1410       0.2109
 4311.91       0.1411       0.2325
 4312.94       0.7984       0.2556
 4313.98       0.2040       0.2451
 4315.02       0.2938       0.2544
 4316.06       0.5134       0.2536
 4317.10       0.7955       0.2620
 4318.13       0.3719       0.2591
 4319.17      -0.1140       0.2407
 4320.21       1.0913       0.2687
 4321.25       1.3130       0.2706
 4322.28       0.7247       0.2494
 4323.32       0.8544       0.2451
 4324.36      -0.1964       0.2040
 4325.40      -0.1612       0.2283
 4326.44       0.0268       0.2328
 4327.47       1.2908       0.2714
 4328.51       0.9281       0.2557
 4329.55       0.4794       0.2421
 4330.59       1.3890       0.2938
 4331.62       1.5223       0.2878
 4332.66      -0.0925       0.2317
 4333.70       0.2954       0.2468
 4334.74       1.0882       0.2802
 4335.77      -0.2183       0.2318
 4336.81       0.0568       0.2253
 4337.85       0.5187       0.2272
 4338.89       0.6116       0.2368
 4339.93       0.4855       0.2460
 4340.96       0.8662       0.2740
 4342.00      -0.1608       0.2211
 4343.04       1.0431       0.2599
 4344.08       0.3856       0.2481
 4345.11      -0.2811       0.2129
 4346.15       1.0748       0.2499
 4347.19       1.2130       0.2546
 4348.23       0.9469       0.2526
 4349.27      -0.1138       0.2190
 4350.30       0.5155       0.2337
 4351.34      -0.1733       0.2061
 4352.38       1.0978       0.2454
 4353.42       0.8202       0.2472
 4354.45       0.5520       0.2309
 4355.49       0.4352       0.2271
 4356.53      -0.0963       0.2066
 4357.57       0.2846       0.2312
 4358.60       1.0084       0.2569
 4359.64       1.0682       0.2472
 4360.68       0.9237       0.2495
 4361.72       0.6158       0.2397
 4362.76       0.0310       0.2210
 4363.79       0.7653       0.2463
 4364.83       0.6756       0.2366
 4365.87       0.9099       0.2437
 4366.91       0.8796       0.2430
 4367.94       0.4239       0.2299
 4368.98       1.0083       0.2455
 4370.02       1.6643       0.2697
 4371.06       0.7589       0.2293
 4372.10       1.4075       0.2519
 4373.13       1.5446       0.2702
 4374.17       1.3452       0.2547
 4375.21       1.3109       0.2572
 4376.25       1.0196       0.2478
 4377.28       0.8055       0.2586
 4378.32       0.9995       0.2577
 4379.36       0.7606       0.2397
 4380.40      -0.3014       0.2047
 4381.44       0.3584       0.2246
 4382.47       0.5529       0.2285
 4383.51       0.1021       0.2042
 4384.55       0.5816       0.2310
 4385.59       1.1176       0.2451
 4386.62      -0.4264       0.1898
 4387.66       0.5828       0.2194
 4388.70       1.1031       0.2515
 4389.74      -0.3062       0.2013
 4390.77       0.9055       0.2421
 4391.81       0.9854       0.2422
 4392.85       1.5098       0.2620
 4393.89       0.3881       0.2200
 4394.93       0.2320       0.2118
 4395.96      -0.4802       0.1921
 4397.00      -0.0493       0.2078
 4398.04       1.4215       0.2455
 4399.08       0.4682       0.2132
 4400.11       0.2653       0.2188
 4401.15       1.1174       0.2523
 4402.19       1.1880       0.2639
 4403.23       0.3116       0.2410
 4404.27       0.4540       0.2481
 4405.30       0.3259       0.2409
 4406.34       0.8572       0.2698
 4407.38       0.6761       0.2663
 4408.42       0.2010       0.2510
 4409.45       0.8649       0.2705
 4410.49       0.3261       0.2504
 4411.53       1.0473       0.2762
 4412.57       1.0115       0.2716
 4413.61       1.0270       0.2799
 4414.64       1.1633       0.2802
 4415.68       0.9347       0.2649
 4416.72       0.6246       0.2521
 4417.76       0.3976       0.2449
 4418.79       1.0807       0.2671
 4419.83      -0.2478       0.2322
 4420.87       0.5578       0.2672
 4421.91       0.9645       0.2681
 4422.94       0.8291       0.2706
 4423.98       1.0770       0.2762
 4425.02       0.8119       0.2736
 4426.06       0.3938       0.2640
 4427.10       0.4432       0.2422
 4428.13       0.2098       0.2365
 4429.17       0.2146       0.2355
 4430.21       0.5803       0.2523
 4431.25       0.3111       0.2508
 4432.28       0.2550       0.2334
 4433.32       0.0316       0.2151
 4434.36       0.5344       0.2314
 4435.40       1.0633       0.2477
 4436.44       0.4252       0.2265
 4437.47       0.4966       0.2460
 4438.51       0.3462       0.2412
 4439.55       0.6765       0.2468
 4440.59       1.2494       0.2487
 4441.62       0.9335       0.2326
 4442.66       0.3184       0.2212
 4443.70       1.2694       0.2467
 4444.74       1.2852       0.2524
 4445.78       1.1152       0.2470
 4446.81       0.7554       0.2396
 4447.85       0.0509       0.2102
 4448.89      -0.2634       0.1983
 4449.93       0.7629       0.2308
 4450.96       0.5759       0.2301
 4452.00       0.6252       0.2171
 4453.04       0.3745       0.2072
 4454.08       0.6720       0.2120
 4455.11      -0.0681       0.1948
 4456.15      -0.2378       0.1758
 4457.19       0.8313       0.2132
 4458.23       0.8728       0.2203
 4459.27       0.8439       0.2117
 4460.30       0.9960       0.2186
 4461.34       1.1985       0.2322
 4462.38       0.5246       0.2076
 4463.42       0.1986       0.1935
 4464.45       1.1888       0.2341
 4465.49       0.3994       0.2157
 4466.53      -0.4192       0.1823
 4467.57       0.9207       0.2263
 4468.61       1.0445       0.2140
 4469.64       0.7173       0.2006
 4470.68       1.2380       0.2207
 4471.72       0.3422       0.1942
 4472.76       0.5732       0.2095
 4473.79       1.5501       0.2283
 4474.83       0.8502       0.2176
 4475.87       0.8668       0.2143
 4476.91       0.9280       0.2141
 4477.95       0.9616       0.2141
 4478.98       1.0897       0.2165
 4480.02       0.4353       0.1941
 4481.06       0.7505       0.2067
 4482.10       1.1992       0.2272
 4483.13       1.1817       0.2274
 4484.17       1.4757       0.2389
 4485.21       1.0748       0.2294
 4486.25       0.8118       0.2127
 4487.28       0.6555       0.2085
 4488.32       0.8598       0.2121
 4489.36       0.7351       0.2119
 4490.40       0.3910       0.2022
 4491.44      -0.3088       0.1830
 4492.47       0.2921       0.1970
 4493.51       0.7534       0.2147
 4494.55      -0.1733       0.1859
 4495.59       0.0882       0.2035
 4496.62       0.9331       0.2242
 4497.66       0.4906       0.2025
 4498.70       0.6894       0.2041
 4499.74       0.5330       0.2141
 4500.78       0.5500       0.2038
 4501.81       0.4840       0.2109
 4502.85       1.0906       0.2303
 4503.89       1.3557       0.2350
 4504.93       0.5900       0.2147
 4505.96       0.3764       0.2013
 4507.00       0.7237       0.2210
 4508.04       0.9006       0.2291
 4509.08       0.8132       0.2201
 4510.12       0.5231       0.2162
 4511.15       0.2109       0.2052
 4512.19       0.1326       0.2022
 4513.23       0.9886       0.2261
 4514.27       0.6240       0.2050
 4515.30       0.0306       0.1897
 4516.34       0.7902       0.2063
 4517.38       0.9491       0.2235
 4518.42       1.1553       0.2248
 4519.45       0.5646       0.2184
 4520.49       1.2119       0.2316
 4521.53       1.2994       0.2259
 4522.57       1.0960       0.2271
 4523.61       0.7878       0.2184
 4524.64       1.2396       0.2288
 4525.68       1.0727       0.2243
 4526.72       0.9280       0.2246
 4527.76       1.3860       0.2400
 4528.79       0.4258       0.2150
 4529.83       0.2108       0.2024
 4530.87       0.4336       0.2034
 4531.91       0.3374       0.2072
 4532.95       0.4804       0.2179
 4533.98       1.0860       0.2253
 4535.02       0.8295       0.2109
 4536.06       1.7776       0.2536
 4537.10       1.3089       0.2370
 4538.13       1.0509       0.2345
 4539.17       0.8496       0.2138
 4540.21       0.4907       0.1930
 4541.25       1.2064       0.2227
 4542.29       1.3023       0.2296
 4543.32       0.1506       0.2040
 4544.36       0.0493       0.1937
 4545.40       0.1071       0.1927
 4546.44       1.0432       0.2134
 4547.47       1.2025       0.2245
 4548.51       1.1155       0.2142
 4549.55       1.2322       0.2129
 4550.59       0.8826       0.2072
 4551.62       0.8049       0.2179
 4552.66       0.3694       0.2053
 4553.70       0.3248       0.1951
 4554.74       0.6999       0.2011
 4555.78       1.3117       0.2178
 4556.81       0.6161       0.2003
 4557.85       0.8910       0.2096
 4558.89       1.3638       0.2199
 4559.93       0.3455       0.1965
 4560.96       0.1411       0.1917
 4562.00       1.3561       0.2164
 4563.04       0.8234       0.1930
 4564.08       0.8347       0.1928
 4565.12       0.5688       0.1841
 4566.15       1.8159       0.2330
 4567.19       0.4060       0.1897
 4568.23       1.0810       0.2144
 4569.27       0.2919       0.1881
 4570.30       1.3456       0.2218
 4571.34       0.2158       0.1854
 4572.38       0.8456       0.1950
 4573.42       1.0788       0.2033
 4574.46       0.1296       0.1756
 4575.49       0.0982       0.1812
 4576.53       1.5797       0.2282
 4577.57       0.4893       0.1909
 4578.61       1.1433       0.2043
 4579.64       0.7443       0.1982
 4580.68       0.8335       0.2046
 4581.72       0.7095       0.2060
 4582.76       1.0012       0.2139
 4583.79       0.5069       0.1955
 4584.83       1.2621       0.2176
 4585.87       0.9424       0.2081
 4586.91       0.9351       0.2108
 4587.95       0.7803       0.2057
 4588.98       1.6186       0.2165
 4590.02       1.3873       0.2118
 4591.06       1.0838       0.2018
 4592.10       1.2179       0.2018
 4593.13       1.1596       0.2077
 4594.17       1.5208       0.2156
 4595.21       0.5932       0.1861
 4596.25       0.7936       0.1931
 4597.29       0.3825       0.1834
 4598.32       1.3853       0.2112
 4599.36       0.9959       0.1907
 4600.40       0.9658       0.1884
 4601.44       1.2418       0.1926
 4602.47       0.8413       0.1905
 4603.51       1.6650       0.2057
 4604.55       1.2209       0.1988
 4605.59       1.4433       0.2032
 4606.62       0.1477       0.1700
 4607.66       0.2930       0.1734
 4608.70       1.0593       0.2006
 4609.74       0.8671       0.1896
 4610.78       0.3414       0.1754
 4611.81      -0.4189       0.1543
 4612.85       0.6385       0.1793
 4613.89       0.5010       0.1784
 4614.93       0.7678       0.1807
 4615.96       0.7342       0.1911
 4617.00       0.3060       0.1791
 4618.04       0.1906       0.1698
 4619.08       0.8283       0.1864
 4620.12       1.0712       0.1980
 4621.15       0.9274       0.1959
 4622.19       0.6592       0.1880
 4623.23       0.8456       0.1907
 4624.27       0.8324       0.1855
 4625.30       0.6398       0.1908
 4626.34       1.2528       0.2034
 4627.38       1.0923       0.1966
 4628.42       1.1897       0.1930
 4629.46       1.1396       0.1931
 4630.49       0.6433       0.1722
 4631.53       0.2926       0.1669
 4632.57       0.8913       0.1825
 4633.61       0.8983       0.1862
 4634.64       0.7358       0.1731
 4635.68       0.3644       0.1703
 4636.72       0.4433       0.1703
 4637.76       0.8438       0.1807
 4638.79       1.2274       0.1894
 4639.83       0.7618       0.1789
 4640.87       1.5258       0.1984
 4641.91       0.6305       0.1816
 4642.95       0.6034       0.1718
 4643.98       0.9837       0.1792
 4645.02       0.7745       0.1730
 4646.06       0.3549       0.1538
 4647.10       0.2061       0.1743
 4648.13       0.1247       0.1936
 4649.17       0.3153       0.1674
 4650.21       1.1173       0.1863
 4651.25       0.9317       0.1746
 4652.29       0.3609       0.1655
 4653.32       0.0751       0.1553
 4654.36       0.4937       0.1624
 4655.40       0.7474       0.1754
 4656.44       0.7394       0.1823
 4657.47       0.6539       0.1812
 4658.51       0.4899       0.1759
 4659.55       1.0345       0.1897
 4660.59       1.1960       0.1950
 4661.62       0.9213       0.1895
 4662.66       1.3315       0.1965
 4663.70       0.8857       0.1813
 4664.74       0.1847       0.1596
 4665.78       0.8486       0.1709
 4666.81       1.5573       0.1876
 4667.85       0.6924       0.1682
 4668.89       0.0071       0.1523
 4669.93      -0.0042       0.1580
 4670.96       0.2947       0.1626
 4672.00       0.8853       0.1799
 4673.04       0.8733       0.1744
 4674.08       0.2810       0.1656
 4675.12       0.7297       0.1747
 4676.15       0.5239       0.1737
 4677.19       0.4305       0.1771
 4678.23       1.0388       0.1874
 4679.27       1.1519       0.1898
 4680.30       0.8924       0.1817
 4681.34       0.9136       0.1789
 4682.38       1.0500       0.1804
 4683.42       1.0668       0.1815
 4684.46       1.2334       0.1877
 4685.49       1.0679       0.1821
 4686.53       0.3970       0.1654
 4687.57       0.5904       0.1715
 4688.61       0.6324       0.1692
 4689.64       0.9889       0.1780
 4690.68       1.0248       0.1850
 4691.72       0.7470       0.1706
 4692.76       1.4168       0.1841
 4693.79       1.1134       0.1802
 4694.83       1.3004       0.1826
 4695.87       1.2216       0.1801
 4696.91       0.7957       0.1725
 4697.95       0.9178       0.1648
 4698.98       0.8000       0.1619
 4700.02       1.0868       0.1719
 4701.06       0.9239       0.1673
 4702.10       0.6643       0.1595
 4703.13       1.0712       0.1692
 4704.17       1.1870       0.1719
 4705.21       1.2852       0.1720
 4706.25       1.5153       0.1852
 4707.29       1.2365       0.1777
 4708.32       1.4376       0.1809
 4709.36       0.9058       0.1677
 4710.40       1.0912       0.1695
 4711.44       0.4702       0.1504
 4712.47       0.4904       0.1531
 4713.51       1.1462       0.1700
 4714.55       1.4610       0.1722
 4715.59       1.7390       0.1808
 4716.62       1.3307       0.1746
 4717.66       0.9731       0.1632
 4718.70       1.3280       0.1670
 4719.74       0.9242       0.1602
 4720.78       1.1788       0.1684
 4721.81       1.3292       0.1697
 4722.85       0.7476       0.1557
 4723.89       1.6025       0.1847
 4724.93       1.7595       0.1791
 4725.96       1.5719       0.1753
 4727.00       1.1870       0.1624
 4728.04       0.9373       0.1538
 4729.08       0.5860       0.1539
 4730.12       1.4892       0.1693
 4731.15       0.4786       0.1522
 4732.19       0.8295       0.1596
 4733.23       1.0111       0.1613
 4734.27       0.9976       0.1714
 4735.30       1.1458       0.1629
 4736.34       1.0836       0.1656
 4737.38       0.9371       0.1611
 4738.42       1.1887       0.1631
 4739.46       1.1632       0.1630
 4740.49       1.1045       0.1630
 4741.53       2.0595       0.1910
 4742.57       1.0557       0.1594
 4743.61       1.2370       0.1603
 4744.64       0.4672       0.1506
 4745.68       1.3301       0.1665
 4746.72       0.9778       0.1621
 4747.76       0.6999       0.1548
 4748.80       1.0853       0.1655
 4749.83       0.2112       0.1431
 4750.87       1.0884       0.1640
 4751.91       1.0706       0.1615
 4752.95       1.2333       0.1691
 4753.98       1.3659       0.1679
 4755.02       1.5100       0.1669
 4756.06       0.9219       0.1489
 4757.10       1.7343       0.1690
 4758.13       1.6949       0.1742
 4759.17       0.7626       0.1503
 4760.21       0.9663       0.1552
 4761.25       1.2257       0.1566
 4762.29       0.7156       0.1512
 4763.32       1.1137       0.1654
 4764.36       0.7148       0.1446
 4765.40       1.0510       0.1504
 4766.44       0.8293       0.1475
 4767.47       0.8874       0.1534
 4768.51       0.5642       0.1407
 4769.55       0.5203       0.1401
 4770.59       1.4021       0.1673
 4771.63       1.4847       0.1767
 4772.66       0.7254       0.1471
 4773.70       1.1293       0.1579
 4774.74       1.0382       0.1602
 4775.78       0.9330       0.1557
 4776.81       1.2251       0.1642
 4777.85       0.9925       0.1544
 4778.89       0.4821       0.1389
 4779.93       0.3126       0.1342
 4780.97       0.7257       0.1413
 4782.00       0.8768       0.1496
 4783.04       0.7437       0.1495
 4784.08       1.2603       0.1636
 4785.12       1.2330       0.1599
 4786.15       0.6192       0.1445
 4787.19       0.7553       0.1535
 4788.23       0.4808       0.1430
 4789.27       1.2282       0.1608
 4790.30       1.7622       0.1765
 4791.34       0.9729       0.1585
 4792.38       0.8388       0.1519
 4793.42       1.1807       0.1582
 4794.46       0.4642       0.1456
 4795.49       0.3304       0.1438
 4796.53       0.7998       0.1483
 4797.57       0.6856       0.1478
 4798.61       0.8888       0.1536
 4799.64       0.9042       0.1508
 4800.68       0.9968       0.1566
 4801.72       0.7514       0.1550
 4802.76       1.0738       0.1566
 4803.80       0.9085       0.1505
 4804.83       0.7877       0.1481
 4805.87       0.7086       0.1456
 4806.91       1.0008       0.1506
 4807.95       0.4299       0.1428
 4808.98       0.4629       0.1404
 4810.02       0.3314       0.1385
 4811.06       0.8974       0.1548
 4812.10       1.1914       0.1599
 4813.14       1.1095       0.1559
 4814.17       1.4822       0.1703
 4815.21       1.5889       0.1774
 4816.25       1.6186       0.1760
 4817.29       1.0199       0.1643
 4818.32       0.4628       0.1573
 4819.36       0.5166       0.1546
 4820.40       0.7772       0.1633
 4821.44       0.7294       0.1617
 4822.47       0.8234       0.1598
 4823.51       0.6636       0.1535
 4824.55       0.7698       0.1532
 4825.59       1.2512       0.1624
 4826.63       0.8138       0.1553
 4827.66       0.8731       0.1583
 4828.70       0.7743       0.1591
 4829.74       0.7614       0.1608
 4830.78       0.8136       0.1569
 4831.81       1.2457       0.1702
 4832.85       0.8767       0.1635
 4833.89       0.5755       0.1557
 4834.93       0.7455       0.1610
 4835.97       1.3709       0.1747
 4837.00       1.1896       0.1633
 4838.04       1.3192       0.1680
 4839.08       1.0145       0.1626
 4840.12       0.9819       0.1661
 4841.15       1.3737       0.1706
 4842.19       1.2361       0.1650
 4843.23       0.9938       0.1552
 4844.27       1.3282       0.1667
 4845.31       1.2666       0.1648
 4846.34       1.3210       0.1680
 4847.38       0.7270       0.1480
 4848.42       0.0127       0.1278
 4849.46       0.5853       0.1398
 4850.49       0.9845       0.1507
 4851.53       0.9249       0.1507
 4852.57       1.4360       0.1548
 4853.61       0.9663       0.1418
 4854.64       0.9376       0.1424
 4855.68       1.5231       0.1486
 4856.72       0.7418       0.1359
 4857.76       0.3795       0.1210
 4858.80       1.1829       0.1386
 4859.83       0.5577       0.1310
 4860.87       1.1793       0.1537
 4861.91       0.4036       0.1366
 4862.95       1.0903       0.1390
 4863.98       1.0602       0.1329
 4865.02       1.4220       0.1390
 4866.06       0.7892       0.1214
 4867.10       1.2225       0.1326
 4868.14       0.6193       0.1244
 4869.17       0.3651       0.1155
 4870.21       1.5925       0.1401
 4871.25       1.2198       0.1331
 4872.29       1.1195       0.1237
 4873.32       0.6363       0.1192
 4874.36       0.0786       0.1028
 4875.40       0.6878       0.1163
 4876.44       0.6666       0.1207
 4877.48       1.7971       0.1468
 4878.51       0.7503       0.1262
 4879.55       0.2365       0.1114
 4880.59       0.4746       0.1189
 4881.63       0.6586       0.1255
 4882.66       0.7648       0.1198
 4883.70       0.9353       0.1295
 4884.74       0.8623       0.1293
 4885.78       0.8577       0.1280
 4886.81       0.9184       0.1247
 4887.85       0.6035       0.1204
 4888.89       0.4770       0.1181
 4889.93       0.7158       0.1243
 4890.97       0.5246       0.1188
 4892.00       0.9280       0.1349
 4893.04       1.2416       0.1353
 4894.08       1.0014       0.1364
 4895.12       0.8593       0.1367
 4896.15       0.8397       0.1329
 4897.19       1.6258       0.1467
 4898.23       1.2330       0.1395
 4899.27       1.3144       0.1420
 4900.31       1.1974       0.1409
 4901.34       0.9635       0.1288
 4902.38       1.5865       0.1413
 4903.42       0.8794       0.1315
 4904.46       0.0953       0.1165
 4905.49       0.5112       0.1268
 4906.53       0.6385       0.1301
 4907.57       0.2665       0.1185
 4908.61       0.9578       0.1359
 4909.65       1.1808       0.1351
 4910.68       0.6251       0.1224
 4911.72       0.6279       0.1255
 4912.76       0.8421       0.1265
 4913.80       1.3551       0.1418
 4914.83       1.7989       0.1515
 4915.87       1.0845       0.1384
 4916.91       0.9013       0.1306
 4917.95       1.8240       0.1468
 4918.98       1.2947       0.1330
 4920.02       0.7363       0.1208
 4921.06       0.5004       0.1202
 4922.10       0.9615       0.1285
 4923.14       1.1293       0.1318
 4924.17       0.8518       0.1275
 4925.21       0.6768       0.1292
 4926.25       0.9450       0.1344
 4927.29       1.2682       0.1339
 4928.32       0.9124       0.1269
 4929.36       0.8648       0.1295
 4930.40       0.5951       0.1249
 4931.44       0.4270       0.1218
 4932.48       0.9183       0.1271
 4933.51       0.8713       0.1304
 4934.55       1.6245       0.1386
 4935.59       1.4236       0.1387
 4936.63       1.3742       0.1431
 4937.66       1.3621       0.1380
 4938.70       1.0612       0.1314
 4939.74       1.2666       0.1369
 4940.78       1.6803       0.1436
 4941.81       1.5756       0.1401
 4942.85       1.0295       0.1263
 4943.89       1.0194       0.1306
 4944.93       0.9256       0.1306
 4945.97       1.1625       0.1320
 4947.00       0.6832       0.1274
 4948.04       1.1994       0.1375
 4949.08       1.1588       0.1328
 4950.12       1.0760       0.1339
 4951.15       1.0510       0.1303
 4952.19       1.2251       0.1395
 4953.23       1.1345       0.1393
 4954.27       0.7183       0.1336
 4955.31       0.9045       0.1273
 4956.34       1.2625       0.1326
 4957.38       0.8805       0.1266
 4958.42       0.9285       0.1280
 4959.46       1.1269       0.1326
 4960.49       1.1889       0.1368
 4961.53       1.3795       0.1368
 4962.57       0.9721       0.1286
 4963.61       0.5486       0.1270
 4964.65       0.8624       0.1328
 4965.68       0.9302       0.1305
 4966.72       1.3942       0.1432
 4967.76       0.6834       0.1260
 4968.80       0.7766       0.1311
 4969.83       0.2706       0.1192
 4970.87       0.9258       0.1322
 4971.91       1.2452       0.1361
 4972.95       1.1238       0.1388
 4973.98       1.1113       0.1381
 4975.02       0.9671       0.1272
 4976.06       1.3526       0.1400
 4977.10       0.8679       0.1296
 4978.14       1.1024       0.1304
 4979.17       0.8479       0.1253
 4980.21       0.5571       0.1179
 4981.25       0.7032       0.1212
 4982.29       0.5919       0.1120
 4983.32       1.2390       0.1264
 4984.36       1.2240       0.1271
 4985.40       0.0095       0.1046
 4986.44       1.0332       0.1295
 4987.48       0.4811       0.1212
 4988.51       1.4332       0.1387
 4989.55       0.6923       0.1164
 4990.59       0.5382       0.1170
 4991.63       0.7968       0.1215
 4992.66       0.5983       0.1183
 4993.70       1.3591       0.1364
 4994.74       1.8473       0.1453
 4995.78       0.8751       0.1236
 4996.81       1.3466       0.1312
 4997.85       0.8346       0.1168
 4998.89       0.8295       0.1178
 4999.93       0.7774       0.1191
 5000.97       0.8987       0.1185
 5002.00       1.1451       0.1216
 5003.04       0.5511       0.1139
 5004.08       0.9490       0.1262
 5005.12       1.2269       0.1323
 5006.15       1.2729       0.1319
 5007.19       1.2967       0.1368
 5008.23       1.0232       0.1311
 5009.27       0.7345       0.1176
 5010.31       1.0598       0.1207
 5011.34       0.8632       0.1170
 5012.38       0.8102       0.1147
 5013.42       0.9300       0.1179
 5014.46       0.9764       0.1131
 5015.49       0.8225       0.1129
 5016.53       1.4122       0.1266
 5017.57       1.4173       0.1224
 5018.61       0.7932       0.1114
 5019.65       0.6275       0.1123
 5020.68       1.0349       0.1152
 5021.72       0.9547       0.1194
 5022.76       1.0848       0.1177
 5023.80       0.8441       0.1125
 5024.83       0.4399       0.1051
 5025.87       1.1315       0.1166
 5026.91       0.9114       0.1138
 5027.95       1.1528       0.1163
 5028.98       1.3844       0.1223
 5030.02       1.0653       0.1176
 5031.06       0.8344       0.1135
 5032.10       0.4047       0.1057
 5033.14       0.5795       0.1053
 5034.17       0.9325       0.1115
 5035.21       0.6623       0.1062
 5036.25       0.8500       0.1100
 5037.29       1.0412       0.1142
 5038.32       0.9853       0.1148
 5039.36       0.8051       0.1118
 5040.40       0.7799       0.1098
 5041.44       0.7988       0.1091
 5042.48       0.5783       0.1081
 5043.51       0.3463       0.1055
 5044.55       0.3037       0.1044
 5045.59       0.6318       0.1116
 5046.63       0.5904       0.1109
 5047.66       0.9917       0.1135
 5048.70       1.2962       0.1191
 5049.74       0.7995       0.1098
 5050.78       1.0627       0.1129
 5051.82       0.7918       0.1083
 5052.85       0.4291       0.1064
 5053.89       0.7492       0.1117
 5054.93       0.9406       0.1122
 5055.97       0.7360       0.1103
 5057.00       0.3471       0.1071
 5058.04       0.6833       0.1131
 5059.08       1.1573       0.1208
 5060.12       1.2575       0.1236
 5061.16       1.2252       0.1198
 5062.19       0.6201       0.1087
 5063.23       0.9983       0.1187
 5064.27       0.9210       0.1177
 5065.31       1.0436       0.1172
 5066.34       0.8207       0.1122
 5067.38       0.9926       0.1149
 5068.42       0.8300       0.1127
 5069.46       0.7932       0.1142
 5070.49       1.4012       0.1239
 5071.53       1.1162       0.1178
 5072.57       0.7567       0.1084
 5073.61       0.7720       0.1089
 5074.65       0.6473       0.1086
 5075.68       1.2983       0.1181
 5076.72       0.7297       0.1090
 5077.76       0.7898       0.1087
 5078.80       1.3408       0.1230
 5079.83       0.7905       0.1084
 5080.87       0.4488       0.0992
 5081.91       1.0972       0.1120
 5082.95       1.0960       0.1148
 5083.99       0.5954       0.1053
 5085.02       1.2493       0.1186
 5086.06       0.3847       0.1061
 5087.10       1.1672       0.1162
 5088.14       1.5094       0.1230
 5089.17       0.8918       0.1108
 5090.21       0.4886       0.1057
 5091.25       0.7366       0.1092
 5092.29       0.8460       0.1088
 5093.33       0.7660       0.1086
 5094.36       0.8593       0.1089
 5095.40       0.5246       0.1038
 5096.44       0.2567       0.0979
 5097.48       1.0587       0.1149
 5098.51       0.8079       0.1054
 5099.55       1.4965       0.1209
 5100.59       1.5562       0.1238
 5101.63       1.2636       0.1184
 5102.66       1.2812       0.1166
 5103.70       0.8602       0.1106
 5104.74       1.0520       0.1131
 5105.78       1.2939       0.1166
 5106.82       0.7963       0.1092
 5107.85       1.1385       0.1152
 5108.89       0.7566       0.1044
 5109.93       0.9839       0.1114
 5110.97       0.9191       0.1099
 5112.00       0.4764       0.1020
 5113.04       0.6019       0.0937
 5114.08       1.4327       0.1879
 5115.12       2.4289       0.3697
 5116.16       2.0406       0.2681
 5117.19       1.7549       0.1148
 5118.23       1.0895       0.1129
 5119.27       1.1713       0.1187
 5120.31       1.3900       0.1182
 5121.34       1.0865       0.1148
 5122.38       0.7729       0.1077
 5123.42       1.1970       0.1141
 5124.46       1.2604       0.1122
 5125.50       0.9319       0.1074
 5126.53       0.9420       0.1067
 5127.57       1.3157       0.1143
 5128.61       1.5463       0.1212
 5129.65       1.0999       0.1128
 5130.68       1.0563       0.1132
 5131.72       1.3698       0.1226
 5132.76       0.6854       0.1095
 5133.80       0.8091       0.1136
 5134.83       1.2341       0.1178
 5135.87       1.1817       0.1172
 5136.91       1.1178       0.1167
 5137.95       0.6708       0.1062
 5138.99       0.9152       0.1134
 5140.02       1.0449       0.1145
 5141.06       0.9951       0.1099
 5142.10       0.6440       0.1045
 5143.14       0.4013       0.1012
 5144.17       1.7173       0.1720
 5145.21       1.0992       0.1970
 5146.25       4.6191       3.2201
 5147.29      -1.5308      38.0277
 5148.33       5.0918      15.8353
 5149.36       4.4777       0.2045
 5151.44       1.3403       0.1179
 5152.48       1.1719       0.1113
 5153.51       0.6158       0.1019
 5154.55       1.3240       0.1155
 5155.59       1.4904       0.1170
 5156.63       0.4539       0.0973
 5157.67       0.6716       0.1034
 5158.70       0.9258       0.1109
 5159.74       0.5258       0.1021
 5160.78       1.0066       0.1109
 5161.82       0.8826       0.1084
 5162.85       0.6888       0.0976
 5163.89       0.8988       0.1028
 5164.93       0.4666       0.0953
 5165.97       0.6906       0.0930
 5167.00       1.0001       0.1003
 5168.04       0.9377       0.0996
 5169.08       1.1944       0.1010
 5170.12       0.6641       0.0960
 5171.16       0.4195       0.0859
 5172.19       0.9754       0.0984
 5173.23       1.5419       0.1015
 5174.27       0.8183       0.0957
 5175.31       1.1946       0.1041
 5176.34       1.0743       0.1062
 5177.38       1.1194       0.1054
 5178.42       0.4251       0.0897
 5179.46       0.9320       0.0956
 5180.50       0.8450       0.0953
 5181.53       1.1434       0.0985
 5182.57       0.9857       0.0922
 5183.61       0.9336       0.0915
 5184.65       1.3869       0.0991
 5185.68       0.7924       0.0928
 5186.72       0.6394       0.0950
 5187.76       0.9387       0.0988
 5188.80       1.0151       0.1058
 5189.83       0.7049       0.0987
 5190.87       0.7499       0.0986
 5191.91       1.1054       0.1021
 5192.95       0.9916       0.0970
 5193.99       1.1070       0.0999
 5195.02       1.3233       0.1096
 5196.06       1.6272       0.1312
 5197.10       1.1429       0.1405
 5198.14       0.7978       0.1442
 5199.17       0.5781       0.1397
 5200.21       0.8026       0.1297
 5201.25       0.5745       0.1156
 5202.29       1.1619       0.1221
 5203.33       1.1847       0.1135
 5204.36       0.6839       0.0970
 5205.40       1.6018       0.1072
 5206.44       1.5322       0.1055
 5207.48       1.4979       0.1073
 5208.51       1.2794       0.1046
 5209.55       0.8158       0.0980
 5210.59       0.5293       0.0942
 5211.63       0.8451       0.1003
 5212.67       1.1930       0.1059
 5213.70       0.9277       0.0987
 5214.74       1.3320       0.1043
 5215.78       0.9709       0.1009
 5216.82       0.5943       0.0969
 5217.85       1.0511       0.1075
 5218.89       0.9900       0.1041
 5219.93       1.3130       0.1108
 5220.97       1.4069       0.1127
 5222.00       0.6240       0.1003
 5223.04       1.4171       0.1177
 5224.08       0.2790       0.0952
 5225.12       0.5529       0.0954
 5226.16       0.7668       0.0956
 5227.19       0.9328       0.0949
 5228.23       0.8978       0.0988
 5229.27       1.3007       0.1053
 5230.31       0.8825       0.0982
 5231.34       0.9029       0.1005
 5232.38       1.0991       0.0992
 5233.42       0.5709       0.0916
 5234.46       0.9485       0.1010
 5235.50       1.2648       0.1075
 5236.53       1.0373       0.1067
 5237.57       0.8877       0.1060
 5238.61       1.0981       0.1105
 5239.65       0.6778       0.1003
 5240.68       0.9597       0.1042
 5241.72       0.9875       0.1014
 5242.76       1.4499       0.1080
 5243.80       1.2617       0.1037
 5244.83       1.0177       0.0990
 5245.87       1.2913       0.1022
 5246.91       1.0588       0.1014
 5247.95       1.0471       0.1003
 5248.99       1.0457       0.1040
 5250.02       0.6076       0.0941
 5251.06       1.3750       0.1085
 5252.10       1.3151       0.1060
 5253.14       0.9978       0.1022
 5254.17       0.9995       0.1042
 5255.21       1.0315       0.1115
 5256.25       1.0472       0.1134
 5257.29       0.6308       0.1006
 5258.33       0.7563       0.0940
 5259.36       0.2357       0.0847
 5260.40       0.6844       0.0916
 5261.44       1.6355       0.1077
 5262.48       1.2368       0.0983
 5263.51       0.7753       0.0878
 5264.55       1.0839       0.0930
 5265.59       1.1200       0.0910
 5266.63       0.2491       0.0782
 5267.67       0.6722       0.0843
 5268.70       1.1817       0.0933
 5269.74       1.3237       0.0968
 5270.78       1.3602       0.0991
 5271.82       0.9657       0.0917
 5272.85       1.1561       0.0959
 5273.89       1.3996       0.1052
 5274.93       1.3454       0.1048
 5275.97       0.9816       0.0993
 5277.00       0.8230       0.0970
 5278.04       1.0079       0.0970
 5279.08       1.0557       0.0940
 5280.12       0.6219       0.0862
 5281.16       0.5314       0.0859
 5282.19       1.4396       0.1041
 5283.23       0.9181       0.0929
 5284.27       0.3700       0.0829
 5285.31       0.8905       0.0936
 5286.34       0.8329       0.0927
 5287.38       1.1262       0.0968
 5288.42       0.7337       0.0904
 5289.46       1.2464       0.1029
 5290.50       1.3354       0.1031
 5291.53       0.8403       0.0917
 5292.57       1.1270       0.0987
 5293.61       1.3600       0.1056
 5294.65       1.2467       0.1007
 5295.68       0.5960       0.0870
 5296.72       1.0773       0.0968
 5297.76       0.6814       0.0911
 5298.80       1.3441       0.1083
 5299.83       0.9585       0.0973
 5300.87       0.9173       0.0950
 5301.91       1.8575       0.1115
 5302.95       0.9420       0.0980
 5303.99       0.8746       0.0981
 5305.02       0.9418       0.1027
 5306.06       0.7749       0.0973
 5307.10       1.4980       0.1082
 5308.14       1.2049       0.1036
 5309.17       1.4752       0.1071
 5310.21       1.0619       0.0996
 5311.25       0.8090       0.0992
 5312.29       1.1360       0.1078
 5313.33       1.4259       0.1100
 5314.36       1.1950       0.1007
 5315.40       1.0195       0.1010
 5316.44       1.5146       0.1082
 5317.48       0.9678       0.0993
 5318.51       1.1354       0.1061
 5319.55       0.9825       0.0985
 5320.59       0.8622       0.0978
 5321.63       2.1232       0.1189
 5322.67       2.0780       0.1165
 5323.70       1.2120       0.1031
 5324.74       1.0869       0.1019
 5325.78       0.8468       0.0970
 5326.82       0.9698       0.0950
 5327.85       0.9351       0.0935
 5328.89       0.9880       0.1002
 5329.93       1.4367       0.1094
 5330.97       1.3895       0.1106
 5332.00       0.8758       0.0986
 5333.04       0.9096       0.0955
 5334.08       0.9220       0.0948
 5335.12       0.7529       0.0919
 5336.16       1.1088       0.0976
 5337.19       1.3104       0.1017
 5338.23       1.0624       0.0980
 5339.27       0.9839       0.0943
 5340.31       0.9951       0.0936
 5341.34       0.9257       0.0945
 5342.38       0.8753       0.0942
 5343.42       1.0526       0.0960
 5344.46       1.0403       0.0978
 5345.50       1.0608       0.0969
 5346.53       0.9234       0.0955
 5347.57       0.8628       0.0942
 5348.61       1.1063       0.1011
 5349.65       0.6823       0.0915
 5350.68       1.3793       0.1013
 5351.72       1.5936       0.1037
 5352.76       1.5834       0.1062
 5353.80       1.0298       0.0971
 5354.84       1.1806       0.0976
 5355.87       1.4456       0.1068
 5356.91       0.5627       0.0917
 5357.95       1.1463       0.0971
 5358.99       0.6833       0.0892
 5360.02       0.8223       0.0924
 5361.06       1.5481       0.1034
 5362.10       0.9291       0.0915
 5363.14       1.5367       0.1029
 5364.17       1.3067       0.1028
 5365.21       0.6883       0.0875
 5366.25       0.8469       0.0926
 5367.29       1.1445       0.0989
 5368.33       1.1527       0.0994
 5369.36       1.2239       0.0999
 5370.40       1.0925       0.0982
 5371.44       1.2498       0.1009
 5372.48       0.6446       0.0900
 5373.51       0.6055       0.0871
 5374.55       1.3595       0.1023
 5375.59       1.2973       0.1016
 5376.63       1.8001       0.1107
 5377.67       0.8807       0.0917
 5378.70       0.9616       0.0922
 5379.74       1.6512       0.1067
 5380.78       1.3084       0.0999
 5381.82       0.4115       0.0848
 5382.85       1.3575       0.0955
 5383.89       1.4112       0.1000
 5384.93       1.5304       0.1012
 5385.97       1.2903       0.0995
 5387.01       1.1770       0.0976
 5388.04       1.1389       0.0967
 5389.08       1.0197       0.0935
 5390.12       1.2520       0.0942
 5391.16       0.8304       0.0868
 5392.19       1.0563       0.0934
 5393.23       1.0532       0.0917
 5394.27       0.4457       0.0801
 5395.31       0.8288       0.0860
 5396.34       0.6553       0.0845
 5397.38       0.7776       0.0873
 5398.42       1.6467       0.1013
 5399.46       1.4694       0.0969
 5400.50       0.6394       0.0811
 5401.53       0.8772       0.0873
 5402.57       1.2974       0.0944
 5403.61       1.2981       0.0924
 5404.65       1.0454       0.0869
 5405.68       0.9895       0.0887
 5406.72       1.1834       0.0908
 5407.76       0.5921       0.0823
 5408.80       0.9525       0.0879
 5409.84       1.0968       0.0870
 5410.87       0.9991       0.0897
 5411.91       1.2909       0.0942
 5412.95       0.7337       0.0828
 5413.99       1.1453       0.0895
 5415.02       1.6247       0.0982
 5416.06       1.0753       0.0895
 5417.10       1.0564       0.0910
 5418.14       1.2806       0.0930
 5419.18       1.3484       0.0945
 5420.21       1.3283       0.0917
 5421.25       0.9241       0.0854
 5422.29       0.6892       0.0815
 5423.33       0.9384       0.0862
 5424.36       1.1614       0.0905
 5425.40       1.2514       0.0932
 5426.44       0.8994       0.0898
 5427.48       1.1427       0.0917
 5428.52       0.4713       0.0813
 5429.55       0.9181       0.0896
 5430.59       1.0189       0.0896
 5431.63       1.7637       0.1011
 5432.67       0.8929       0.0877
 5433.70       0.9813       0.0881
 5434.74       1.3566       0.0945
 5435.78       1.5608       0.0999
 5436.82       1.3108       0.0998
 5437.85       1.1204       0.0932
 5438.89       0.9407       0.0910
 5439.93       0.6545       0.0843
 5440.97       1.2088       0.0935
 5442.01       1.1787       0.0930
 5443.04       0.7679       0.0879
 5444.08       1.1482       0.0923
 5445.12       0.9238       0.0904
 5446.16       1.3520       0.0961
 5447.19       1.1641       0.0950
 5448.23       0.9555       0.0862
 5449.27       1.1892       0.0938
 5450.31       1.3278       0.1006
 5451.35       1.0806       0.0958
 5452.38       1.4533       0.0976
 5453.42       1.0972       0.0901
 5454.46       1.0522       0.0896
 5455.50       1.1282       0.0913
 5456.53       1.3623       0.0977
 5457.57       1.2647       0.0984
 5458.61       1.8238       0.1078
 5459.65       1.1377       0.0985
 5460.69       0.9503       0.0936
 5461.72       1.1887       0.0988
 5462.76       0.6977       0.0881
 5463.80       1.0059       0.0891
 5464.84       0.4894       0.0839
 5465.87       1.2888       0.0952
 5466.91       1.2559       0.0936
 5467.95       1.1554       0.0915
 5468.99       1.2833       0.0929
 5470.02       1.3411       0.0973
 5471.06       1.2545       0.0940
 5472.10       1.3400       0.0952
 5473.14       0.9992       0.0901
 5474.18       1.1148       0.0900
 5475.21       1.2223       0.0937
 5476.25       0.4343       0.0796
 5477.29       1.1604       0.0909
 5478.33       1.3744       0.0948
 5479.36       1.1513       0.0904
 5480.40       0.2346       0.0772
 5481.44       0.9920       0.0906
 5482.48       1.3563       0.0932
 5483.52       1.1038       0.0896
 5484.55       0.9650       0.0892
 5485.59       1.1118       0.0932
 5486.63       0.9971       0.0891
 5487.67       1.0398       0.0897
 5488.70       0.9947       0.0917
 5489.74       0.7226       0.0839
 5490.78       0.7554       0.0867
 5491.82       0.8466       0.0873
 5492.85       0.9475       0.0871
 5493.89       1.1624       0.0912
 5494.93       0.7433       0.0818
 5495.97       0.9966       0.0878
 5497.01       0.6845       0.0865
 5498.04       1.1627       0.0957
 5499.08       1.4590       0.0997
 5500.12       1.3214       0.1000
 5501.16       1.2789       0.0962
 5502.19       0.9394       0.0917
 5503.23       1.3739       0.0972
 5504.27       1.1774       0.0948
 5505.31       0.9524       0.0906
 5506.35       0.7369       0.0870
 5507.38       0.6894       0.0860
 5508.42       1.1253       0.0926
 5509.46       1.3744       0.0962
 5510.50       1.2995       0.0987
 5511.53       1.6001       0.1033
 5512.57       1.0826       0.0951
 5513.61       1.0145       0.0897
 5514.65       1.7996       0.1028
 5515.69       1.3196       0.0979
 5516.72       0.6529       0.0856
 5517.76       0.9599       0.0937
 5518.80       1.0069       0.0940
 5519.84       1.0074       0.0931
 5520.87       1.5393       0.1022
 5521.91       0.8567       0.0912
 5522.95       1.1459       0.0993
 5523.99       0.9931       0.0923
 5525.02       0.4422       0.0797
 5526.06       0.6879       0.0845
 5527.10       1.0219       0.0942
 5528.14       1.0034       0.0911
 5529.18       0.7757       0.0863
 5530.21       0.6921       0.0840
 5531.25       0.9648       0.0905
 5532.29       1.2633       0.0965
 5533.33       1.4256       0.1001
 5534.36       1.2864       0.0986
 5535.40       1.0617       0.0935
 5536.44       1.3351       0.0996
 5537.48       1.0163       0.0934
 5538.52       0.7854       0.0885
 5539.55       0.9054       0.0942
 5540.59       1.0107       0.1000
 5541.63       1.6402       0.1132
 5542.67       1.3925       0.1095
 5543.70       0.8814       0.1049
 5544.74       0.9215       0.1045
 5545.78       1.5543       0.1105
 5546.82       1.2627       0.1082
 5547.85       1.2471       0.1041
 5548.89       1.0532       0.1044
 5549.93       1.0745       0.1040
 5550.97       1.1016       0.1048
 5552.01       0.7108       0.0964
 5553.04       0.9491       0.0987
 5554.08       0.9817       0.1017
 5555.12       1.0412       0.1055
 5556.16       0.9422       0.1021
 5557.19       0.7402       0.0998
 5558.23       0.9934       0.1055
 5559.27       0.6190       0.1011
 5560.31       1.3350       0.1119
 5561.35       1.1359       0.1149
 5562.38       1.0576       0.1275
 5563.42       1.1541       0.1245
 5564.46       1.1194       0.1228
 5565.50       1.3604       0.1183
 5566.53       1.5184       0.1198
 5567.57       1.1993       0.1191
 5568.61       0.8112       0.1101
 5569.65       1.1339       0.1199
 5570.69       0.7616       0.1114
 5571.72       1.4129       0.1231
 5572.76       1.6733       0.1406
 5573.80       1.1165       0.3493
 5574.84       0.9953       1.7362
 5575.87       1.0879       3.9448
 5576.91       1.1332       4.5862
 5577.95       1.1565       3.3052
 5578.99       1.2544       1.1173
 5580.02       1.1256       0.2264
 5581.06       1.0220       0.1313
 5582.10       0.8037       0.1173
 5583.14       1.1936       0.1213
 5584.18       0.9162       0.1108
 5585.21       1.3766       0.1176
 5586.25       0.8410       0.1092
 5587.29       1.1158       0.1220
 5588.33       1.2254       0.1267
 5589.36       1.1211       0.1234
 5590.40       0.6310       0.1097
 5591.44       0.6244       0.1019
 5592.48       1.1387       0.1063
 5593.52       1.4167       0.1104
 5594.55       1.1770       0.1069
 5595.59       1.7471       0.1208
 5596.63       1.5335       0.1178
 5597.67       1.0182       0.1118
 5598.70       0.7605       0.1041
 5599.74       0.8014       0.1021
 5600.78       0.6887       0.1007
 5601.82       1.1590       0.1059
 5602.86       1.2516       0.1138
 5603.89       0.7841       0.1120
 5604.93       0.1999       0.1083
 5605.97       0.3488       0.1050
 5607.01       0.5599       0.1024
 5608.04       0.6662       0.0957
 5609.08       0.8103       0.0965
 5610.12       1.4305       0.1077
 5611.16       0.7951       0.0964
 5612.19       1.0129       0.1074
 5613.23       1.5227       0.1119
 5614.27       1.1839       0.1004
 5615.31       1.4052       0.1069
 5616.35       1.4705       0.1110
 5617.38       1.1083       0.1054
 5618.42       0.5400       0.0918
 5619.46       1.3710       0.1032
 5620.50       1.1668       0.1044
 5621.53       1.3128       0.1151
 5622.57       1.4171       0.1193
 5623.61       1.8294       0.1278
 5624.65       1.6238       0.1200
 5625.69       1.0982       0.1054
 5626.72       1.1201       0.1052
 5627.76       0.6182       0.0923
 5628.80       1.2214       0.1034
 5629.84       1.4495       0.1107
 5630.87       1.0431       0.1034
 5631.91       0.9948       0.1038
 5632.95       0.7332       0.0973
 5633.99       0.4566       0.0945
 5635.03       0.7348       0.0987
 5636.06       1.1707       0.1065
 5637.10       1.2272       0.1103
 5638.14       0.8683       0.1049
 5639.18       1.2244       0.1101
 5640.21       1.0486       0.1102
 5641.25       0.8738       0.1021
 5642.29       0.9920       0.1058
 5643.33       1.3664       0.1162
 5644.36       0.7440       0.1045
 5645.40       0.8583       0.1063
 5646.44       1.0599       0.1130
 5647.48       1.1977       0.1085
 5648.52       1.0121       0.1035
 5649.55       0.5728       0.0967
 5650.59       1.5194       0.1178
 5651.63       1.0223       0.1052
 5652.67       1.0411       0.1058
 5653.70       0.6528       0.0961
 5654.74       1.5204       0.1150
 5655.78       1.0280       0.1076
 5656.82       0.8011       0.1058
 5657.86       0.9266       0.1048
 5658.89       1.2037       0.1139
 5659.93       1.6035       0.1183
 5660.97       0.7084       0.1043
 5662.01       1.7380       0.1247
 5663.04       1.5183       0.1245
 5664.08       0.8005       0.1085
 5665.12       1.4547       0.1200
 5666.16       0.3622       0.0996
 5667.20       0.9514       0.1103
 5668.23       0.7829       0.1094
 5669.27       1.0312       0.1191
 5670.31       1.0636       0.1191
 5671.35       1.0351       0.1153
 5672.38       0.7686       0.1121
 5673.42       1.0016       0.1144
 5674.46       1.0264       0.1182
 5675.50       1.0611       0.1196
 5676.53       0.8342       0.1179
 5677.57       1.1373       0.1231
 5678.61       1.2980       0.1274
 5679.65       1.1643       0.1258
 5680.69       0.9134       0.1234
 5681.72       1.0134       0.1265
 5682.76       0.9740       0.1249
 5683.80       0.7826       0.1205
 5684.84       0.8203       0.1211
 5685.87       1.2987       0.1362
 5686.91       0.7592       0.1252
 5687.95       0.7041       0.1223
 5688.99       1.3221       0.1417
 5690.03       1.2818       0.1401
 5691.06       0.7231       0.1239
 5692.10       0.9139       0.1334
 5693.14       1.4020       0.1399
 5694.18       0.6402       0.1270
 5695.21       0.7985       0.1323
 5696.25       0.7065       0.1315
 5697.29       0.5166       0.1280
 5698.33       0.7312       0.1371
 5699.37       0.9734       0.1420
 5700.40       2.0921       0.1661
 5701.44       1.4313       0.1465
 5702.48       1.8426       0.1587
 5703.52       1.0841       0.1449
 5704.55       0.5326       0.1332
 5705.59       0.3794       0.1271
 5706.63       0.9678       0.1392
 5707.67       0.9007       0.1402
 5708.70       0.7932       0.1342
 5709.74      -0.0101       0.1184
 5710.78       0.3944       0.1332
 5711.82       0.7678       0.1425
 5712.86       1.2903       0.1490
 5713.89       1.0360       0.1475
 5714.93       0.4500       0.1368
 5715.97       0.5594       0.1381
 5717.01       1.1005       0.1484
 5718.04       0.8998       0.1495
 5719.08       1.1501       0.1557
 5720.12       1.5027       0.1658
 5721.16       1.2727       0.1681
 5722.20       1.0659       0.1559
 5723.23       1.2788       0.1634
 5724.27       1.0551       0.1625
 5725.31       0.5766       0.1515
 5726.35       1.4176       0.1710
 5727.38       1.6409       0.1782
 5728.42       0.9038       0.1581
 5729.46       1.3728       0.1719
 5730.50       1.5688       0.1835
 5731.54       0.9416       0.1676
 5732.57       0.8178       0.1679
 5733.61       0.5386       0.1618
 5734.65       0.4123       0.1587
 5735.69       0.5263       0.1610
 5736.72       0.8148       0.1754
 5737.76       0.6368       0.1691
 5738.80       0.8969       0.1716
 5739.84       0.8286       0.1734
 5740.87      -0.0358       0.1477
 5741.91       0.6222       0.1784
 5742.95       0.9780       0.1781
 5743.99       1.0718       0.1704
 5745.03       1.1674       0.1718
 5746.06       1.3535       0.1775
 5747.10       1.2171       0.1550
 5748.14       0.7848       0.1240
 5749.18       0.4132       0.1169
 5750.21       0.7038       0.1299
 5751.25       1.2311       0.1449
 5752.29       1.1601       0.1468
 5753.33       0.8943       0.1391
 5754.37       0.8534       0.1331
 5755.40       0.9016       0.1308
 5756.44       1.2336       0.1421
 5757.48       1.6387       0.1595
 5758.52       1.4879       0.1594
 5759.55       1.0174       0.1442
 5760.59       0.8211       0.1329
 5761.63       0.9093       0.1310
 5762.67       1.0232       0.1342
 5763.71       0.8834       0.1321
 5764.74       0.8432       0.1321
 5765.78       1.0667       0.1378
 5766.82       1.2954       0.1443
 5767.86       1.2572       0.1434
 5768.89       0.9508       0.1342
 5769.93       0.7421       0.1280
 5770.97       0.7247       0.1262
 5772.01       0.7393       0.1240
 5773.04       0.7852       0.1239
 5774.08       0.8071       0.1253
 5775.12       0.7728       0.1261
 5776.16       0.8601       0.1273
 5777.20       1.0238       0.1272
 5778.23       0.8713       0.1201
 5779.27       0.7499       0.1157
 5780.31       0.9704       0.1208
 5781.35       1.1130       0.1211
 5782.38       1.0821       0.1182
 5783.42       1.0393       0.1214
 5784.46       0.9643       0.1237
 5785.50       0.8808       0.1211
 5786.54       0.8073       0.1156
 5787.57       0.8305       0.1142
 5788.61       0.9632       0.1187
 5789.65       1.1619       0.1221
 5790.69       1.2319       0.1211
 5791.72       1.0901       0.1173
 5792.76       0.7610       0.1132
 5793.80       0.6007       0.1112
 5794.84       0.8496       0.1111
 5795.88       1.1594       0.1133
 5796.91       1.1944       0.1144
 5797.95       1.0004       0.1098
 5798.99       0.8766       0.1074
 5800.03       0.9912       0.1113
 5801.06       1.0670       0.1126
 5802.10       0.9964       0.1093
 5803.14       0.8720       0.1055
 5804.18       0.9133       0.1066
 5805.21       1.1130       0.1121
 5806.25       1.2550       0.1158
 5807.29       1.2134       0.1146
 5808.33       1.1046       0.1107
 5809.37       1.1757       0.1097
 5810.40       1.3598       0.1124
 5811.44       1.4291       0.1147
 5812.48       1.1681       0.1094
 5813.52       0.9429       0.1042
 5814.55       1.1526       0.1085
 5815.59       1.1944       0.1072
 5816.63       1.0373       0.1010
 5817.67       1.2100       0.1053
 5818.71       1.2999       0.1061
 5819.74       1.1091       0.0980
 5820.78       1.0410       0.0959
 5821.82       0.9936       0.0980
 5822.86       0.8602       0.0981
 5823.89       0.9529       0.0986
 5824.93       1.1831       0.0994
 5825.97       1.2623       0.0998
 5827.01       1.2682       0.1020
 5828.04       1.1876       0.1031
 5829.08       0.9263       0.0979
 5830.12       0.7806       0.0934
 5831.16       0.8992       0.0941
 5832.20       1.0541       0.0945
 5833.23       1.1625       0.0941
 5834.27       1.2308       0.0946
 5835.31       1.1968       0.0961
 5836.35       1.1695       0.0979
 5837.38       1.2623       0.0985
 5838.42       1.2076       0.0956
 5839.46       0.9948       0.0906
 5840.50       0.9482       0.0885
 5841.54       0.9631       0.0883
 5842.57       0.9423       0.0884
 5843.61       1.0560       0.0906
 5844.65       1.2426       0.0938
 5845.69       1.3409       0.0955
 5846.72       1.3089       0.0922
 5847.76       1.1327       0.0848
 5848.80       0.8762       0.0776
 5849.84       0.7335       0.0776
 5850.88       0.7554       0.0813
 5851.91       0.7867       0.0759
 5852.95       0.8637       0.0724
 5853.99       0.9879       0.0794
 5855.03       0.8098       0.0796
 5856.06       0.7835       0.0786
 5857.10       1.3219       0.0876
 5858.14       1.5139       0.0893
 5859.18       1.1937       0.0814
 5860.21       1.0440       0.0770
 5861.25       0.9480       0.0762
 5862.29       0.8152       0.0782
 5863.33       0.7319       0.0809
 5864.37       0.8529       0.0898
 5865.40       1.1654       0.1054
 5866.44       1.4068       0.1166
 5867.48       1.4180       0.1182
 5868.52       1.2747       0.1136
 5869.55       1.3014       0.1076
 5870.59       1.4989       0.1031
 5871.63       1.4929       0.0978
 5872.67       1.4092       0.0925
 5873.71       1.3975       0.0873
 5874.74       1.4139       0.0843
 5875.78       1.3629       0.0822
 5876.82       1.2051       0.0796
 5877.86       1.0347       0.0758
 5878.89       0.9826       0.0732
 5879.93       1.0797       0.0745
 5880.97       1.1588       0.0752
 5882.01       1.0662       0.0726
 5883.04       0.8339       0.0690
 5884.08       0.7300       0.0696
 5885.12       0.8646       0.0789
 5886.16       0.9157       0.0931
 5887.20       0.9409       0.1117
 5888.23       1.0884       0.1304
 5889.27       1.2058       0.1427
 5890.31       1.1494       0.1425
 5891.35       0.9035       0.1301
 5892.38       0.8514       0.1134
 5893.42       1.0713       0.1035
 5894.46       1.1724       0.1058
 5895.50       1.1323       0.1089
 5896.54       1.0695       0.1016
 5897.57       1.0041       0.0947
 5898.61       0.9663       0.0873
 5899.65       0.9479       0.0768
 5900.69       0.9172       0.0682
 5901.72       0.9038       0.0650
 5902.76       0.9670       0.0683
 5903.80       1.0465       0.0718
 5904.84       1.0532       0.0713
 5905.88       0.9081       0.0703
 5906.91       0.8723       0.0713
 5907.95       1.0752       0.0737
 5908.99       1.2380       0.0734
 5910.03       1.1291       0.0694
 5911.06       0.8159       0.0654
 5912.10       0.5825       0.0656
 5913.14       0.6963       0.0724
 5914.18       1.1303       0.0835
 5915.21       1.3592       0.0902
 5916.25       1.1488       0.0883
 5917.29       0.9473       0.0849
 5918.33       0.9207       0.0787
 5919.37       0.9885       0.0692
 5920.40       0.9623       0.0648
 5921.44       0.9125       0.0670
 5922.48       1.0636       0.0705
 5923.52       1.0171       0.0708
 5924.55       0.8057       0.0687
 5925.59       0.9275       0.0705
 5926.63       1.1203       0.0721
 5927.67       1.0817       0.0703
 5928.71       1.0356       0.0696
 5929.74       0.9053       0.0710
 5930.78       0.6585       0.0735
 5931.82       0.6176       0.0784
 5932.86       0.8144       0.0838
 5933.89       0.9984       0.0863
 5934.93       1.1187       0.0846
 5935.97       1.1960       0.0799
 5937.01       1.2958       0.0749
 5938.05       1.2910       0.0704
 5939.08       1.1474       0.0663
 5940.12       1.1548       0.0643
 5941.16       1.1818       0.0625
 5942.20       1.0002       0.0601
 5943.23       0.7823       0.0582
 5944.27       0.7227       0.0592
 5945.31       0.8475       0.0635
 5946.35       1.1129       0.0679
 5947.38       1.2857       0.0692
 5948.42       1.1459       0.0666
 5949.46       0.8829       0.0649
 5950.50       0.8109       0.0682
 5951.54       0.9801       0.0745
 5952.57       1.1740       0.0803
 5953.61       1.1434       0.0828
 5954.65       0.9942       0.0794
 5955.69       0.8939       0.0722
 5956.72       0.8792       0.0657
 5957.76       0.9741       0.0624
 5958.80       1.0423       0.0607
 5959.84       0.8472       0.0576
 5960.88       0.6881       0.0556
 5961.91       0.8672       0.0579
 5962.95       1.0475       0.0593
 5963.99       1.1307       0.0588
 5965.03       1.2327       0.0592
 5966.06       1.2075       0.0593
 5967.10       1.0609       0.0593
 5968.14       0.9330       0.0606
 5969.18       0.8870       0.0618
 5970.22       0.9130       0.0623
 5971.25       0.9982       0.0644
 5972.29       1.0456       0.0653
 5973.33       1.0090       0.0629
 5974.37       1.0655       0.0627
 5975.40       1.1296       0.0652
 5976.44       0.9885       0.0665
 5977.48       0.8568       0.0669
 5978.52       0.8816       0.0665
 5979.55       0.9615       0.0646
 5980.59       1.0088       0.0617
 5981.63       0.9960       0.0586
 5982.67       1.0569       0.0580
 5983.71       1.1188       0.0575
 5984.74       1.0620       0.0546
 5985.78       0.7492       0.0513
 5986.82       0.4963       0.0504
 5987.86       0.7509       0.0532
 5988.89       0.9860       0.0544
 5989.93       0.9022       0.0526
 5990.97       1.0217       0.0552
 5992.01       1.0781       0.0575
 5993.05       0.8690       0.0554
 5994.08       0.8718       0.0544
 5995.12       1.1024       0.0563
 5996.16       1.2533       0.0589
 5997.20       1.0985       0.0574
 5998.23       0.8437       0.0539
 5999.27       0.9745       0.0561
 6000.31       1.0634       0.0585
 6001.35       0.8560       0.0568
 6002.39       0.8305       0.0556
 6003.42       0.9551       0.0568
 6004.46       1.0254       0.0596
 6005.50       1.0784       0.0603
 6006.54       1.1315       0.0593
 6007.57       1.1956       0.0596
 6008.61       1.0862       0.0570
 6009.65       0.8644       0.0524
 6010.69       0.7917       0.0515
 6011.72       0.9034       0.0528
 6012.76       1.0481       0.0530
 6013.80       1.0627       0.0525
 6014.84       0.9871       0.0520
 6015.88       0.9707       0.0521
 6016.91       0.9168       0.0520
 6017.95       0.8658       0.0515
 6018.99       0.9196       0.0506
 6020.03       0.9237       0.0499
 6021.06       0.8392       0.0497
 6022.10       0.8292       0.0503
 6023.14       0.8689       0.0507
 6024.18       0.8937       0.0506
 6025.22       0.9725       0.0523
 6026.25       0.9920       0.0537
 6027.29       0.8666       0.0521
 6028.33       0.7191       0.0497
 6029.37       0.6761       0.0489
 6030.40       0.7352       0.0493
 6031.44       0.8938       0.0518
 6032.48       1.0655       0.0549
 6033.52       1.1809       0.0567
 6034.56       1.1563       0.0561
 6035.59       1.0319       0.0542
 6036.63       0.9965       0.0518
 6037.67       1.0018       0.0507
 6038.71       0.8873       0.0512
 6039.74       0.8752       0.0516
 6040.78       0.9683       0.0507
 6041.82       0.9702       0.0499
 6042.86       0.8800       0.0494
 6043.89       0.8140       0.0492
 6044.93       0.8892       0.0493
 6045.97       1.0302       0.0502
 6047.01       1.0983       0.0518
 6048.05       1.1025       0.0528
 6049.08       1.1313       0.0533
 6050.12       1.2425       0.0542
 6051.16       1.2217       0.0534
 6052.20       1.0099       0.0504
 6053.23       0.7628       0.0469
 6054.27       0.7703       0.0465
 6055.31       1.0437       0.0500
 6056.35       1.1649       0.0523
 6057.39       1.1744       0.0531
 6058.42       1.2808       0.0542
 6059.46       1.2192       0.0539
 6060.50       1.0087       0.0526
 6061.54       0.8705       0.0514
 6062.57       0.8398       0.0500
 6063.61       0.8662       0.0487
 6064.65       0.8626       0.0484
 6065.69       0.9368       0.0504
 6066.73       1.0819       0.0534
 6067.76       0.9154       0.0512
 6068.80       0.6742       0.0475
 6069.84       0.7521       0.0485
 6070.88       0.8012       0.0495
 6071.91       0.7256       0.0484
 6072.95       0.7399       0.0475
 6073.99       0.8258       0.0472
 6075.03       0.9361       0.0481
 6076.06       1.0774       0.0509
 6077.10       1.0757       0.0512
 6078.14       0.8967       0.0471
 6079.18       0.7982       0.0451
 6080.22       0.8429       0.0460
 6081.25       0.8869       0.0460
 6082.29       0.9666       0.0469
 6083.33       0.9752       0.0477
 6084.37       0.7758       0.0462
 6085.40       0.6774       0.0453
 6086.44       0.8475       0.0469
 6087.48       1.0066       0.0482
 6088.52       1.0837       0.0484
 6089.56       1.1202       0.0479
 6090.59       1.1809       0.0483
 6091.63       1.1752       0.0487
 6092.67       0.9714       0.0469
 6093.71       0.9586       0.0474
 6094.74       1.1281       0.0498
 6095.78       1.0140       0.0481
 6096.82       0.8727       0.0458
 6097.86       0.9458       0.0465
 6098.90       1.0050       0.0484
 6099.93       0.9862       0.0493
 6100.97       0.9355       0.0480
 6102.01       0.9984       0.0476
 6103.05       1.0709       0.0479
 6104.08       0.9376       0.0465
 6105.12       0.8329       0.0455
 6106.16       0.8827       0.0461
 6107.20       0.9186       0.0469
 6108.23       0.9325       0.0478
 6109.27       0.9683       0.0486
 6110.31       1.1040       0.0491
 6111.35       1.2042       0.0488
 6112.39       1.1178       0.0475
 6113.42       1.1027       0.0477
 6114.46       1.1178       0.0480
 6115.50       0.8923       0.0452
 6116.54       0.7669       0.0438
 6117.57       0.9040       0.0457
 6118.61       1.0234       0.0476
 6119.65       1.0654       0.0478
 6120.69       1.0603       0.0467
 6121.73       1.0206       0.0447
 6122.76       0.9246       0.0437
 6123.80       0.7693       0.0442
 6124.84       0.7627       0.0454
 6125.88       0.9110       0.0463
 6126.91       1.0233       0.0465
 6127.95       1.0078       0.0458
 6128.99       0.9101       0.0449
 6130.03       0.8764       0.0454
 6131.06       0.8798       0.0457
 6132.10       0.8442       0.0445
 6133.14       0.8993       0.0447
 6134.18       0.9924       0.0467
 6135.22       0.9949       0.0487
 6136.25       0.9416       0.0492
 6137.29       0.9053       0.0490
 6138.33       0.9040       0.0506
 6139.37       0.9659       0.0522
 6140.40       1.0267       0.0518
 6141.44       0.8477       0.0489
 6142.48       0.7845       0.0486
 6143.52       1.1336       0.0538
 6144.56       1.2949       0.0553
 6145.59       1.1599       0.0521
 6146.63       1.1136       0.0513
 6147.67       1.1226       0.0502
 6148.71       1.1629       0.0482
 6149.74       1.2984       0.0486
 6150.78       1.2744       0.0487
 6151.82       1.0145       0.0466
 6152.86       0.8843       0.0452
 6153.90       0.9078       0.0452
 6154.93       0.8993       0.0454
 6155.97       1.0259       0.0472
 6157.01       1.1943       0.0490
 6158.05       1.2114       0.0488
 6159.08       0.9954       0.0463
 6160.12       0.7603       0.0437
 6161.16       0.8831       0.0436
 6162.20       1.0905       0.0450
 6163.23       1.0262       0.0453
 6164.27       0.9226       0.0440
 6165.31       0.8939       0.0428
 6166.35       0.9242       0.0438
 6167.39       0.9820       0.0466
 6168.42       1.0145       0.0495
 6169.46       1.0196       0.0509
 6170.50       0.9851       0.0519
 6171.54       0.9369       0.0527
 6172.57       0.8661       0.0505
 6173.61       0.9260       0.0486
 6174.65       1.1251       0.0496
 6175.69       1.0316       0.0477
 6176.73       0.7603       0.0439
 6177.76       0.7453       0.0433
 6178.80       0.8306       0.0436
 6179.84       0.8644       0.0430
 6180.88       0.8973       0.0424
 6181.91       0.8567       0.0419
 6182.95       0.7891       0.0421
 6183.99       0.8765       0.0443
 6185.03       1.0193       0.0460
 6186.06       1.0366       0.0448
 6187.10       1.1299       0.0458
 6188.14       1.2084       0.0480
 6189.18       1.0340       0.0462
 6190.22       0.9679       0.0456
 6191.25       1.1279       0.0478
 6192.29       1.2051       0.0482
 6193.33       1.1013       0.0469
 6194.37       0.9270       0.0456
 6195.40       0.9698       0.0452
 6196.44       1.0756       0.0449
 6197.48       0.9588       0.0435
 6198.52       0.9758       0.0440
 6199.56       1.1175       0.0469
 6200.59       1.0647       0.0492
 6201.63       0.9635       0.0504
 6202.67       0.9617       0.0508
 6203.71       1.0108       0.0515
 6204.74       1.0411       0.0508
 6205.78       1.0128       0.0479
 6206.82       1.0014       0.0453
 6207.86       1.0228       0.0445
 6208.90       1.0335       0.0449
 6209.93       1.1638       0.0474
 6210.97       1.2988       0.0497
 6212.01       1.1909       0.0489
 6213.05       1.0069       0.0475
 6214.08       0.9480       0.0473
 6215.12       0.9689       0.0456
 6216.16       1.0048       0.0434
 6217.20       0.9969       0.0429
 6218.23       1.0678       0.0454
 6219.27       1.1130       0.0489
 6220.31       0.9894       0.0497
 6221.35       0.8797       0.0504
 6222.39       0.9920       0.0525
 6223.42       1.4153       0.0547
 6224.46       1.4562       0.0523
 6225.50       0.9200       0.0455
 6226.54       0.7535       0.0422
 6227.57       0.9243       0.0430
 6228.61       0.9450       0.0441
 6229.65       1.0293       0.0452
 6230.69       1.2109       0.0484
 6231.73       1.3962       0.0552
 6232.76       1.3583       0.0647
 6233.80       1.1315       0.0751
 6234.84       1.0027       0.0846
 6235.88       1.0400       0.0892
 6236.91       1.1480       0.0870
 6237.95       1.3527       0.0799
 6238.99       1.3806       0.0706
 6240.03       1.0899       0.0617
 6241.07       1.0183       0.0591
 6242.10       1.1452       0.0593
 6243.14       0.9528       0.0560
 6244.18       0.8157       0.0522
 6245.22       0.9817       0.0509
 6246.25       1.2357       0.0520
 6247.29       1.3154       0.0509
 6248.33       1.1323       0.0457
 6249.37       0.8054       0.0410
 6250.40       0.6832       0.0400
 6251.44       0.9340       0.0424
 6252.48       1.0445       0.0431
 6253.52       0.9314       0.0446
 6254.56       1.0635       0.0535
 6255.59       1.2399       0.0665
 6256.63       1.2385       0.0770
 6257.67       1.1005       0.0812
 6258.71       1.0034       0.0790
 6259.74       1.0522       0.0734
 6260.78       0.9987       0.0636
 6261.82       0.8578       0.0549
 6262.86       0.8455       0.0522
 6263.90       0.8209       0.0530
 6264.93       0.8028       0.0534
 6265.97       1.0066       0.0543
 6267.01       1.1214       0.0535
 6268.05       0.9993       0.0507
 6269.08       1.0329       0.0481
 6270.12       1.1457       0.0462
 6271.16       1.1068       0.0446
 6272.20       1.0099       0.0441
 6273.24       0.9810       0.0444
 6274.27       1.0748       0.0452
 6275.31       1.1385       0.0465
 6276.35       1.1121       0.0474
 6277.39       1.1488       0.0469
 6278.42       1.1733       0.0453
 6279.46       1.1062       0.0437
 6280.50       0.9577       0.0411
 6281.54       0.8920       0.0399
 6282.58       1.0179       0.0426
 6283.61       1.0865       0.0469
 6284.65       1.0647       0.0532
 6285.69       1.1423       0.0622
 6286.73       1.2509       0.0698
 6287.76       1.2811       0.0722
 6288.80       1.2153       0.0700
 6289.84       1.0521       0.0628
 6290.88       0.8880       0.0531
 6291.91       0.8707       0.0455
 6292.95       1.0010       0.0421
 6293.99       1.1436       0.0472
 6295.03       1.0895       0.0562
 6296.07       0.9062       0.0998
 6297.10       0.8608       0.1892
 6298.14       1.0134       0.3296
 6299.18       1.2280       0.4735
 6300.22       1.4251       0.5550
 6301.25       1.2687       0.5253
 6302.29       0.7938       0.4081
 6303.33       0.8683       0.2646
 6304.37       1.3320       0.1568
 6305.41       1.3630       0.0974
 6306.44       1.2062       0.0835
 6307.48       1.1173       0.0768
 6308.52       1.0275       0.0728
 6309.56       1.1357       0.0640
 6310.59       1.3802       0.0548
 6311.63       1.3988       0.0462
 6312.67       1.2013       0.0410
 6313.71       1.0512       0.0404
 6314.75       1.0661       0.0413
 6315.78       1.1747       0.0411
 6316.82       1.1747       0.0408
 6317.86       1.2074       0.0424
 6318.90       1.3078       0.0465
 6319.93       1.3099       0.0511
 6320.97       1.2334       0.0532
 6322.01       1.1603       0.0519
 6323.05       1.1641       0.0502
 6324.08       1.1251       0.0479
 6325.12       0.9373       0.0444
 6326.16       0.9888       0.0467
 6327.20       1.1925       0.0557
 6328.24       1.0917       0.0642
 6329.27       1.0695       0.0693
 6330.31       1.2616       0.0695
 6331.35       1.1982       0.0655
 6332.39       1.0339       0.0574
 6333.42       1.0244       0.0475
 6334.46       1.0214       0.0420
 6335.50       0.9813       0.0404
 6336.54       0.9397       0.0382
 6337.58       1.0155       0.0389
 6338.61       1.1522       0.0412
 6339.65       1.1792       0.0409
 6340.69       1.0523       0.0395
 6341.73       0.9133       0.0396
 6342.76       0.9936       0.0413
 6343.80       1.1430       0.0428
 6344.84       1.1267       0.0428
 6345.88       1.0101       0.0436
 6346.92       0.9799       0.0460
 6347.95       1.1518       0.0489
 6348.99       1.2296       0.0496
 6350.03       1.1178       0.0476
 6351.07       1.0444       0.0444
 6352.10       1.1197       0.0442
 6353.14       1.2623       0.0482
 6354.18       1.1950       0.0517
 6355.22       1.0472       0.0539
 6356.25       1.0831       0.0567
 6357.29       1.1075       0.0564
 6358.33       1.1648       0.0572
 6359.37       1.4340       0.0634
 6360.41       1.4663       0.0858
 6361.44       1.3431       0.1264
 6362.48       1.7121       0.1709
 6363.52       2.2009       0.1988
 6364.56       2.2315       0.1963
 6365.59       1.6998       0.1632
 6366.63       1.1908       0.1167
 6367.67       1.2700       0.0776
 6368.71       1.3914       0.0548
 6369.75       1.2415       0.0440
 6370.78       1.0780       0.0403
 6371.82       1.0157       0.0400
 6372.86       1.0645       0.0394
 6373.90       1.0107       0.0378
 6374.93       1.0539       0.0381
 6375.97       1.3168       0.0427
 6377.01       1.4191       0.0449
 6378.05       1.3562       0.0448
 6379.08       1.3573       0.0464
 6380.12       1.3296       0.0470
 6381.16       1.2563       0.0458
 6382.20       1.2486       0.0446
 6383.24       1.0661       0.0433
 6384.27       0.7530       0.0426
 6385.31       0.7924       0.0447
 6386.35       1.0683       0.0480
 6387.39       1.2174       0.0495
 6388.42       1.2345       0.0480
 6389.46       1.1669       0.0444
 6390.50       1.1032       0.0413
 6391.54       1.1796       0.0411
 6392.58       1.3041       0.0423
 6393.61       1.2182       0.0414
 6394.65       1.0941       0.0397
 6395.69       1.1248       0.0396
 6396.73       1.2061       0.0403
 6397.76       1.2610       0.0409
 6398.80       1.2452       0.0406
 6399.84       1.2578       0.0403
 6400.88       1.2082       0.0395
 6401.92       0.9333       0.0371
 6402.95       0.9249       0.0373
 6403.99       1.1831       0.0397
 6405.03       1.0456       0.0386
 6406.07       0.8594       0.0367
 6407.10       1.0068       0.0376
 6408.14       1.0722       0.0375
 6409.18       1.0682       0.0376
 6410.22       1.1719       0.0400
 6411.25       1.2188       0.0410
 6412.29       1.2054       0.0403
 6413.33       1.2483       0.0412
 6414.37       1.2683       0.0421
 6415.41       1.2049       0.0416
 6416.44       1.0995       0.0408
 6417.48       1.0230       0.0404
 6418.52       1.0093       0.0408
 6419.56       1.0059       0.0410
 6420.59       0.9882       0.0406
 6421.63       0.9832       0.0399
 6422.67       0.9451       0.0386
 6423.71       0.9326       0.0375
 6424.75       1.0588       0.0380
 6425.78       1.1232       0.0384
 6426.82       1.0381       0.0374
 6427.86       1.0295       0.0368
 6428.90       1.0658       0.0367
 6429.93       1.0389       0.0365
 6430.97       1.0357       0.0363
 6432.01       1.0178       0.0358
 6433.05       0.9146       0.0351
 6434.08       0.9898       0.0365
 6435.12       1.2428       0.0396
 6436.16       1.3619       0.0407
 6437.20       1.3405       0.0401
 6438.24       1.2658       0.0392
 6439.27       1.0925       0.0369
 6440.31       0.9758       0.0356
 6441.35       1.0213       0.0366
 6442.39       0.9648       0.0363
 6443.42       0.9146       0.0352
 6444.46       1.1860       0.0373
 6445.50       1.2582       0.0383
 6446.54       0.9639       0.0365
 6447.58       0.7558       0.0357
 6448.61       0.7929       0.0368
 6449.65       0.9768       0.0388
 6450.69       1.0622       0.0396
 6451.73       1.0696       0.0398
 6452.76       1.1683       0.0412
 6453.80       1.1510       0.0409
 6454.84       1.0571       0.0393
 6455.88       1.0855       0.0392
 6456.92       1.1672       0.0398
 6457.95       1.2048       0.0401
 6458.99       1.2037       0.0406
 6460.03       1.1899       0.0415
 6461.07       1.1871       0.0432
 6462.10       1.1326       0.0458
 6463.14       1.0650       0.0497
 6464.18       1.0571       0.0541
 6465.22       1.1248       0.0566
 6466.25       1.2025       0.0566
 6467.29       1.1983       0.0554
 6468.33       1.1993       0.0547
 6469.37       1.2695       0.0551
 6470.41       1.3979       0.0567
 6471.44       1.3318       0.0550
 6472.48       1.0067       0.0482
 6473.52       0.8716       0.0428
 6474.56       1.0291       0.0410
 6475.59       1.1930       0.0408
 6476.63       1.3209       0.0422
 6477.67       1.3035       0.0425
 6478.71       1.0341       0.0396
 6479.75       0.9264       0.0378
 6480.78       1.1307       0.0391
 6481.82       1.0910       0.0367
 6482.86       0.9199       0.0332
 6483.90       0.9662       0.0336
 6484.93       1.0416       0.0349
 6485.97       1.0664       0.0353
 6487.01       1.0884       0.0357
 6488.05       1.0932       0.0366
 6489.08       1.1155       0.0375
 6490.12       1.2070       0.0365
 6491.16       1.2551       0.0352
 6492.20       1.1905       0.0356
 6493.24       1.1893       0.0365
 6494.27       1.1548       0.0389
 6495.31       0.9692       0.0443
 6496.35       1.0543       0.0556
 6497.39       1.3630       0.0687
 6498.42       1.4675       0.0751
 6499.46       1.3265       0.0728
 6500.50       1.1249       0.0657
 6501.54       1.0851       0.0580
 6502.58       1.1082       0.0522
 6503.61       1.0447       0.0479
 6504.65       1.1609       0.0480
 6505.69       1.3242       0.0487
 6506.73       1.2792       0.0464
 6507.76       1.1863       0.0421
 6508.80       1.1556       0.0382
 6509.84       1.1572       0.0366
 6510.88       1.0557       0.0364
 6511.92       0.8807       0.0361
 6512.95       0.9455       0.0369
 6513.99       1.1040       0.0375
 6515.03       1.1057       0.0370
 6516.07       0.9859       0.0352
 6517.10       0.9529       0.0342
 6518.14       1.1554       0.0354
 6519.18       1.3106       0.0386
 6520.22       1.2498       0.0417
 6521.26       1.0767       0.0425
 6522.29       1.1199       0.0439
 6523.33       1.3879       0.0466
 6524.37       1.2406       0.0438
 6525.41       0.9979       0.0390
 6526.44       1.1850       0.0388
 6527.48       1.1972       0.0374
 6528.52       1.0602       0.0374
 6529.56       1.2596       0.0441
 6530.59       1.3167       0.0531
 6531.63       1.1008       0.0599
 6532.67       1.0944       0.0641
 6533.71       1.2016       0.0639
 6534.75       1.2080       0.0592
 6535.78       1.1184       0.0510
 6536.82       1.0823       0.0435
 6537.86       1.2127       0.0396
 6538.90       1.3004       0.0390
 6539.93       1.2234       0.0395
 6540.97       1.0551       0.0403
 6542.01       1.0318       0.0438
 6543.05       1.1563       0.0482
 6544.09       1.1001       0.0477
 6545.12       0.9449       0.0438
 6546.16       0.9133       0.0411
 6547.20       1.0878       0.0395
 6548.24       1.2485       0.0394
 6549.27       1.1377       0.0407
 6550.31       1.1163       0.0470
 6551.35       1.2220       0.0563
 6552.39       1.1030       0.0617
 6553.43       0.9571       0.0631
 6554.46       0.9641       0.0614
 6555.50       1.0025       0.0554
 6556.54       1.0489       0.0470
 6557.58       1.0973       0.0403
 6558.61       1.0501       0.0394
 6559.65       1.0199       0.0449
 6560.69       1.1490       0.0526
 6561.73       1.2350       0.0599
 6562.76       1.1330       0.0625
 6563.80       0.8624       0.0578
 6564.84       0.8851       0.0519
 6565.88       1.2750       0.0495
 6566.92       1.3101       0.0462
 6567.95       1.1098       0.0428
 6568.99       1.1292       0.0417
 6570.03       1.1525       0.0412
 6571.07       1.0813       0.0393
 6572.10       0.9558       0.0368
 6573.14       1.0058       0.0370
 6574.18       1.2290       0.0414
 6575.22       1.3734       0.0481
 6576.26       1.2383       0.0527
 6577.29       0.9540       0.0530
 6578.33       1.0003       0.0525
 6579.37       1.2618       0.0503
 6580.41       1.3098       0.0448
 6581.44       1.2781       0.0402
 6582.48       1.2282       0.0381
 6583.52       1.1161       0.0372
 6584.56       1.0999       0.0368
 6585.60       1.1599       0.0358
 6586.63       1.0638       0.0343
 6587.67       0.9209       0.0329
 6588.71       0.9171       0.0322
 6589.75       0.9850       0.0319
 6590.78       1.0957       0.0324
 6591.82       1.2235       0.0344
 6592.86       1.1396       0.0346
 6593.90       0.9193       0.0332
 6594.93       0.8676       0.0336
 6595.97       0.9475       0.0350
 6597.01       1.0583       0.0361
 6598.05       1.3326       0.0383
 6599.09       1.4048       0.0386
 6600.12       1.0814       0.0360
 6601.16       0.8734       0.0362
 6602.20       0.8930       0.0395
 6603.24       0.8628       0.0413
 6604.27       0.9235       0.0423
 6605.31       1.0727       0.0424
 6606.35       1.1846       0.0408
 6607.39       1.1655       0.0378
 6608.43       1.0486       0.0345
 6609.46       0.9442       0.0323
 6610.50       0.9414       0.0316
 6611.54       1.0218       0.0318
 6612.58       1.0864       0.0327
 6613.61       1.1342       0.0336
 6614.65       1.2468       0.0344
 6615.69       1.2791       0.0341
 6616.73       1.2035       0.0332
 6617.77       1.1539       0.0334
 6618.80       1.1588       0.0341
 6619.84       1.1938       0.0342
 6620.88       1.2839       0.0343
 6621.92       1.3383       0.0341
 6622.95       1.2841       0.0337
 6623.99       1.1057       0.0329
 6625.03       0.9417       0.0326
 6626.07       0.9481       0.0335
 6627.10       1.0209       0.0348
 6628.14       1.0331       0.0353
 6629.18       1.0344       0.0351
 6630.22       1.0310       0.0348
 6631.26       1.0282       0.0350
 6632.29       0.9260       0.0351
 6633.33       0.8801       0.0356
 6634.37       1.0460       0.0370
 6635.41       1.1789       0.0376
 6636.44       1.1094       0.0362
 6637.48       0.9092       0.0332
 6638.52       0.8458       0.0318
 6639.56       1.0007       0.0328
 6640.60       1.0943       0.0329
 6641.63       1.0553       0.0321
 6642.67       0.9749       0.0318
 6643.71       0.8990       0.0308
 6644.75       0.8772       0.0302
 6645.78       0.8906       0.0311
 6646.82       0.9742       0.0320
 6647.86       1.0486       0.0321
 6648.90       0.9655       0.0319
 6649.94       0.9418       0.0322
 6650.97       1.0810       0.0331
 6652.01       1.1116       0.0331
 6653.05       0.9791       0.0322
 6654.09       0.8224       0.0313
 6655.12       0.9504       0.0318
 6656.16       1.1681       0.0327
 6657.20       1.0265       0.0317
 6658.24       0.9084       0.0315
 6659.27       1.0737       0.0334
 6660.31       1.3064       0.0357
 6661.35       1.3754       0.0364
 6662.39       1.2149       0.0351
 6663.43       1.0971       0.0332
 6664.46       1.0390       0.0323
 6665.50       0.9228       0.0325
 6666.54       0.8746       0.0330
 6667.58       0.9409       0.0333
 6668.61       1.0733       0.0336
 6669.65       1.1453       0.0337
 6670.69       1.1375       0.0335
 6671.73       1.1919       0.0335
 6672.77       1.2487       0.0337
 6673.80       1.2147       0.0338
 6674.84       1.1184       0.0323
 6675.88       1.0436       0.0308
 6676.92       1.0499       0.0315
 6677.95       1.0591       0.0318
 6678.99       1.0282       0.0308
 6680.03       0.9899       0.0302
 6681.07       1.0623       0.0308
 6682.10       1.1938       0.0318
 6683.14       1.0787       0.0310
 6684.18       0.9271       0.0299
 6685.22       1.0077       0.0306
 6686.26       1.0606       0.0312
 6687.29       1.0170       0.0312
 6688.33       0.9908       0.0312
 6689.37       0.9896       0.0312
 6690.41       1.0005       0.0310
 6691.44       0.9883       0.0305
 6692.48       0.9818       0.0302
 6693.52       1.0021       0.0306
 6694.56       1.0187       0.0309
 6695.60       1.0165       0.0312
 6696.63       1.0088       0.0316
 6697.67       1.0011       0.0320
 6698.71       1.0517       0.0327
 6699.75       1.2014       0.0337
 6700.78       1.1854       0.0338
 6701.82       0.9987       0.0330
 6702.86       0.9696       0.0326
 6703.90       1.0666       0.0330
 6704.94       1.1192       0.0335
 6705.97       1.1012       0.0332
 6707.01       1.0234       0.0318
 6708.05       0.9606       0.0304
 6709.09       0.9452       0.0298
 6710.12       0.9782       0.0303
 6711.16       1.0096       0.0312
 6712.20       1.1058       0.0319
 6713.24       1.2019       0.0322
 6714.27       1.0565       0.0319
 6715.31       0.9301       0.0322
 6716.35       1.0487       0.0333
 6717.39       1.1034       0.0336
 6718.43       1.0166       0.0326
 6719.46       0.9266       0.0310
 6720.50       1.0063       0.0315
 6721.54       1.2050       0.0333
 6722.58       1.2884       0.0331
 6723.61       1.1758       0.0316
 6724.65       1.0230       0.0307
 6725.69       1.1101       0.0311
 6726.73       1.2853       0.0322
 6727.77       1.2803       0.0329
 6728.80       1.2641       0.0335
 6729.84       1.2641       0.0338
 6730.88       1.2153       0.0336
 6731.92       1.1571       0.0334
 6732.95       1.1416       0.0332
 6733.99       1.2105       0.0324
 6735.03       1.2242       0.0311
 6736.07       1.1300       0.0303
 6737.10       1.1559       0.0313
 6738.14       1.1864       0.0324
 6739.18       1.0609       0.0316
 6740.22       0.9916       0.0308
 6741.26       1.0474       0.0310
 6742.29       1.1242       0.0320
 6743.33       1.1567       0.0329
 6744.37       1.1501       0.0330
 6745.41       1.2082       0.0326
 6746.44       1.2262       0.0317
 6747.48       1.1356       0.0309
 6748.52       1.0754       0.0307
 6749.56       1.0805       0.0311
 6750.60       1.1041       0.0314
 6751.63       0.9184       0.0292
 6752.67       0.7396       0.0268
 6753.71       1.0194       0.0293
 6754.75       1.1804       0.0311
 6755.78       0.9451       0.0291
 6756.82       0.8290       0.0286
 6757.86       0.9591       0.0298
 6758.90       1.1663       0.0307
 6759.94       1.1150       0.0303
 6760.97       0.9389       0.0294
 6762.01       0.9995       0.0298
 6763.05       1.0895       0.0302
 6764.09       1.0831       0.0301
 6765.12       1.0364       0.0297
 6766.16       1.0989       0.0300
 6767.20       1.2337       0.0307
 6768.24       1.0765       0.0300
 6769.27       0.8889       0.0292
 6770.31       1.0016       0.0303
 6771.35       1.1485       0.0317
 6772.39       1.1932       0.0319
 6773.43       1.1821       0.0311
 6774.46       1.1264       0.0300
 6775.50       1.0408       0.0290
 6776.54       0.8816       0.0280
 6777.58       0.8603       0.0282
 6778.61       1.0336       0.0297
 6779.65       1.1230       0.0309
 6780.69       1.1389       0.0313
 6781.73       1.2107       0.0316
 6782.77       1.1183       0.0305
 6783.80       0.9807       0.0292
 6784.84       1.0681       0.0302
 6785.88       1.1354       0.0313
 6786.92       1.0513       0.0312
 6787.95       0.9873       0.0306
 6788.99       1.0504       0.0304
 6790.03       1.2019       0.0308
 6791.07       1.1819       0.0309
 6792.11       1.0989       0.0304
 6793.14       1.1754       0.0296
 6794.18       1.3049       0.0304
 6795.22       1.2900       0.0315
 6796.26       1.0141       0.0296
 6797.29       0.9447       0.0289
 6798.33       1.2104       0.0311
 6799.37       1.2889       0.0312
 6800.41       1.1776       0.0300
 6801.44       1.1043       0.0301
 6802.48       1.1144       0.0302
 6803.52       1.1961       0.0309
 6804.56       1.2577       0.0324
 6805.60       1.2015       0.0316
 6806.63       1.1020       0.0293
 6807.67       1.1287       0.0294
 6808.71       1.2422       0.0310
 6809.75       1.3298       0.0319
 6810.78       1.3781       0.0320
 6811.82       1.3364       0.0314
 6812.86       1.2344       0.0310
 6813.90       1.1652       0.0303
 6814.94       1.1976       0.0301
 6815.97       1.2974       0.0309
 6817.01       1.3320       0.0315
 6818.05       1.2500       0.0312
 6819.09       1.1378       0.0304
 6820.12       1.1357       0.0300
 6821.16       1.2248       0.0305
 6822.20       1.1075       0.0301
 6823.24       0.9768       0.0309
 6824.28       1.1056       0.0358
 6825.31       1.2218       0.0450
 6826.35       1.2031       0.0570
 6827.39       1.1493       0.0676
 6828.43       1.1218       0.0754
 6829.46       1.1253       0.0805
 6830.50       1.0731       0.0806
 6831.54       1.0132       0.0782
 6832.58       1.0113       0.0758
 6833.61       1.0647       0.0751
 6834.65       1.1155       0.0727
 6835.69       1.1139       0.0652
 6836.73       1.0429       0.0535
 6837.77       0.9920       0.0428
 6838.80       1.0525       0.0391
 6839.84       1.1450       0.0402
 6840.88       1.1535       0.0404
 6841.92       1.0685       0.0399
 6842.95       0.9574       0.0375
 6843.99       0.9153       0.0343
 6845.03       0.9186       0.0314
 6846.07       0.9932       0.0302
 6847.11       1.1412       0.0308
 6848.14       1.1806       0.0311
 6849.18       1.1153       0.0304
 6850.22       1.1384       0.0307
 6851.26       1.1382       0.0308
 6852.29       1.0458       0.0297
 6853.33       0.9856       0.0285
 6854.37       0.9915       0.0281
 6855.41       1.0353       0.0288
 6856.45       1.0801       0.0292
 6857.48       1.1249       0.0297
 6858.52       1.1861       0.0320
 6859.56       1.3108       0.0407
 6860.60       1.4366       0.0595
 6861.63       1.4520       0.0840
 6862.67       1.2792       0.1033
 6863.71       1.0375       0.1120
 6864.75       1.0217       0.1225
 6865.78       1.1194       0.1183
 6866.82       1.0781       0.0880
 6867.86       1.0915       0.0702
 6868.90       1.1556       0.0719
 6869.94       1.1210       0.0680
 6870.97       1.1493       0.0648
 6872.01       1.2263       0.0620
 6873.05       1.0280       0.0523
 6874.09       1.0262       0.0445
 6875.12       1.3932       0.0446
 6876.16       1.1506       0.0392
 6877.20       0.7311       0.0339
 6878.24       0.9894       0.0395
 6879.28       1.0947       0.0427
 6880.31       0.8974       0.0395
 6881.35       1.0163       0.0385
 6882.39       1.0606       0.0373
 6883.43       0.8492       0.0350
 6884.46       0.7395       0.0344
 6885.50       0.8013       0.0367
 6886.54       0.9315       0.0413
 6887.58       1.0000       0.0460
 6888.62       1.0263       0.0498
 6889.65       1.1103       0.0520
 6890.69       1.2859       0.0534
 6891.73       1.3976       0.0524
 6892.77       1.2290       0.0450
 6893.80       1.0159       0.0428
 6894.84       1.0014       0.0502
 6895.88       1.1414       0.0223
 6896.92       1.2112       0.0486
 6897.95       1.0517       0.1855
 6898.99       0.8591       0.3238
 6900.03       0.7205       0.3995
 6901.07       0.6102       0.4201
 6902.11       0.5720       0.3690
 6903.14       0.6542       0.2654
 6904.18       0.8913       0.1372
 6905.22       1.1004       0.0545
 6906.26       1.1378       0.0353
 6907.29       1.0327       0.0362
 6908.33       0.9552       0.0338
 6909.37       1.0055       0.0363
 6910.41       0.9705       0.0415
 6911.45       0.8323       0.0479
 6912.48       0.7740       0.0540
 6913.52       0.7606       0.0515
 6914.56       0.7630       0.0416
 6915.60       0.8353       0.0359
 6916.63       0.8545       0.0322
 6917.67       0.7956       0.0279
 6918.71       0.8959       0.0290
 6919.75       1.0714       0.0396
 6920.79       1.0956       0.0566
 6921.82       0.9278       0.0658
 6922.86       0.7023       0.0650
 6923.90       0.5906       0.0650
 6924.94       0.7193       0.0594
 6925.97       0.9645       0.0470
 6927.01       1.0407       0.0373
 6928.05       1.0289       0.0330
 6929.09       1.1099       0.0315
 6930.12       1.1534       0.0312
 6931.16       1.1469       0.0300
 6932.20       1.1351       0.0292
 6933.24       1.0751       0.0282
 6934.28       1.0227       0.0284
 6935.31       1.1100       0.0311
 6936.35       1.0686       0.0360
 6937.39       0.8473       0.0420
 6938.43       0.8136       0.0486
 6939.46       1.0108       0.0526
 6940.50       1.2335       0.0508
 6941.54       1.1703       0.0754
 6942.58       1.1066       0.0332
 6944.65       0.7438       0.4014
 6945.69      -1.0424       1.6157
 6946.73      -1.1036       2.0437
 6947.77      -0.5820       1.8405
 6948.80      -0.6734       1.7088
 6949.84       0.2028       2.0396
 6950.88       1.3540       2.0358
 6951.92       1.6156       0.9845
 6952.96       1.5492       0.1948
 6953.99       1.5637       0.0992
 6955.03       1.5746       0.0953
 6956.07       1.3871       0.0978
 6957.11       1.0758       0.0346
 6958.14       1.1154       0.0239
 6959.18       1.2155       0.0357
 6960.22       1.0567       0.0317
 6961.26       0.9021       0.0289
 6962.29       0.9083       0.0287
 6963.33       1.0626       0.0297
 6964.37       1.2094       0.0310
 6965.41       1.2442       0.0320
 6966.45       1.2091       0.0331
 6967.48       1.2425       0.0364
 6968.52       1.3636       0.0414
 6969.56       1.4001       0.0440
 6970.60       1.3056       0.0428
 6971.63       1.1483       0.0392
 6972.67       1.0098       0.0346
 6973.71       0.9324       0.0325
 6974.75       0.8919       0.0346
 6975.79       0.9711       0.0420
 6976.82       1.0860       0.0507
 6977.86       1.0958       0.0548
 6978.90       0.9834       0.0537
 6979.94       0.8818       0.0498
 6980.97       0.9495       0.0429
 6982.01       1.0941       0.0360
 6983.05       1.1366       0.0314
 6984.09       1.2144       0.0301
 6985.12       1.2355       0.0295
 6986.16       1.0538       0.0278
 6987.20       0.9235       0.0271
 6988.24       0.9333       0.0276
 6989.28       0.8798       0.0271
 6990.31       0.8656       0.0265
 6991.35       0.9583       0.0267
 6992.39       1.0419       0.0271
 6993.43       1.0637       0.0274
 6994.46       1.0434       0.0278
 6995.50       1.0306       0.0279
 6996.54       1.0328       0.0280
 6997.58       1.0139       0.0287
 6998.62       0.9514       0.0286
 6999.65       0.9053       0.0283
 7000.69       1.0217       0.0304
 7001.73       1.0579       0.0326
 7002.77       0.8884       0.0323
 7003.80       0.8670       0.0319
 7004.84       0.9917       0.0314
 7005.88       1.0475       0.0303
 7006.92       1.0275       0.0293
 7007.96       0.9753       0.0297
 7008.99       0.9495       0.0317
 7010.03       1.0074       0.0351
 7011.07       1.1037       0.0376
 7012.11       1.1093       0.0372
 7013.14       1.0756       0.0344
 7014.18       1.0872       0.0310
 7015.22       1.1122       0.0278
 7016.26       1.0587       0.0254
 7017.29       0.8958       0.0239
 7018.33       0.8986       0.0246
 7019.37       1.1130       0.0264
 7020.41       1.3071       0.0279
 7021.45       1.2867       0.0275
 7022.48       1.0980       0.0260
 7023.52       1.0348       0.0260
 7024.56       1.0758       0.0265
 7025.60       1.0618       0.0259
 7026.63       1.0541       0.0256
 7027.67       1.0996       0.0262
 7028.71       1.2099       0.0270
 7029.75       1.1662       0.0269
 7030.79       0.9769       0.0260
 7031.82       0.8801       0.0253
 7032.86       0.9939       0.0259
 7033.90       1.1813       0.0271
 7034.94       1.0662       0.0263
 7035.97       0.8892       0.0250
 7037.01       1.0257       0.0255
 7038.05       1.1021       0.0266
 7039.09       1.0581       0.0276
 7040.12       1.1295       0.0286
 7041.16       1.1132       0.0291
 7042.20       1.0008       0.0295
 7043.24       1.0756       0.0308
 7044.28       1.1277       0.0321
 7045.31       0.9924       0.0332
 7046.35       0.9923       0.0363
 7047.39       1.0604       0.0395
 7048.43       0.9923       0.0395
 7049.46       0.9899       0.0386
 7050.50       1.0860       0.0374
 7051.54       1.1509       0.0349
 7052.58       1.0534       0.0322
 7053.62       0.8714       0.0299
 7054.65       0.8652       0.0288
 7055.69       1.0070       0.0283
 7056.73       1.1122       0.0278
 7057.77       1.1006       0.0276
 7058.80       1.0447       0.0279
 7059.84       1.0785       0.0286
 7060.88       1.1182       0.0293
 7061.92       1.0889       0.0296
 7062.96       1.0293       0.0300
 7063.99       0.8823       0.0297
 7065.03       0.7488       0.0292
 7066.07       0.9212       0.0303
 7067.11       1.1444       0.0315
 7068.14       1.1011       0.0309
 7069.18       1.0105       0.0305
 7070.22       1.0084       0.0310
 7071.26       1.0592       0.0317
 7072.29       1.1444       0.0316
 7073.33       1.1856       0.0307
 7074.37       1.1661       0.0304
 7075.41       1.0072       0.0296
 7076.45       0.8239       0.0284
 7077.48       1.0113       0.0292
 7078.52       1.2409       0.0326
 7079.56       1.1055       0.0503
 7081.63       1.0401       0.0005
 7082.67       1.5420       0.1569
 7083.71       2.1129       0.9230
 7084.75       2.3363       1.7785
 7085.79       2.0645       1.4855
 7086.82       1.7082       0.5766
 7087.86       1.6136       0.0911
 7089.94       1.0775       0.0364
 7090.97       1.0323       0.0385
 7092.01       1.0988       0.0306
 7093.05       1.1088       0.0297
 7094.09       1.0350       0.0281
 7095.13       1.0231       0.0271
 7096.16       1.1026       0.0268
 7097.20       1.0574       0.0264
 7098.24       0.9572       0.0259
 7099.28       0.9498       0.0259
 7100.31       1.0861       0.0270
 7101.35       1.1891       0.0279
 7102.39       1.0750       0.0269
 7103.43       0.9974       0.0264
 7104.46       1.0469       0.0270
 7105.50       1.0479       0.0269
 7106.54       0.9909       0.0264
 7107.58       0.9390       0.0259
 7108.62       0.9853       0.0258
 7109.65       1.0653       0.0264
 7110.69       1.0716       0.0272
 7111.73       1.0693       0.0273
 7112.77       1.0456       0.0265
 7113.80       0.9732       0.0257
 7114.84       0.8610       0.0248
 7115.88       0.8273       0.0244
 7116.92       1.0229       0.0257
 7117.96       1.1648       0.0268
 7118.99       1.0804       0.0263
 7120.03       1.0779       0.0259
 7121.07       1.1403       0.0263
 7122.11       1.1119       0.0272
 7123.14       1.0174       0.0269
 7124.18       0.9196       0.0258
 7125.22       0.8896       0.0258
 7126.26       0.8816       0.0267
 7127.30       0.8917       0.0279
 7128.33       1.0020       0.0290
 7129.37       1.1246       0.0295
 7130.41       1.1610       0.0294
 7131.45       1.1104       0.0290
 7132.48       1.0580       0.0288
 7133.52       1.0790       0.0289
 7134.56       1.0254       0.0282
 7135.60       0.9446       0.0267
 7136.63       1.0368       0.0257
 7137.67       1.0812       0.0253
 7138.71       0.9936       0.0258
 7139.75       1.0635       0.0280
 7140.79       1.0970       0.0298
 7141.82       0.9334       0.0300
 7142.86       0.8151       0.0310
 7143.90       0.9100       0.0332
 7144.94       1.1592       0.0347
 7145.97       1.2696       0.0348
 7147.01       1.1368       0.0333
 7148.05       0.9465       0.0306
 7149.09       0.9580       0.0296
 7150.13       1.1567       0.0306
 7151.16       1.1177       0.0299
 7152.20       1.0174       0.0280
 7153.24       1.1334       0.0271
 7154.28       1.1351       0.0267
 7155.31       0.9823       0.0261
 7156.35       0.8725       0.0251
 7157.39       0.8922       0.0263
 7158.43       0.9760       0.0287
 7159.47       0.9774       0.0282
 7160.50       0.8702       0.0265
 7161.54       0.7685       0.0262
 7162.58       0.8544       0.0266
 7163.62       0.9810       0.0276
 7164.65       0.9304       0.0287
 7165.69       0.8978       0.0303
 7166.73       0.9072       0.0320
 7167.77       0.8318       0.0323
 7168.80       0.8274       0.0334
 7169.84       0.9417       0.0361
 7170.88       1.0169       0.0377
 7171.92       1.0745       0.0390
 7172.96       1.1423       0.0410
 7173.99       1.1358       0.0424
 7175.03       1.0565       0.0420
 7176.07       0.9656       0.0396
 7177.11       0.9371       0.0388
 7178.14       0.9478       0.0390
 7179.18       0.9010       0.0366
 7180.22       0.9158       0.0352
 7181.26       1.0109       0.0362
 7182.30       1.0237       0.0351
 7183.33       0.9738       0.0344
 7184.37       0.9448       0.0366
 7185.41       0.8738       0.0397
 7186.45       0.8432       0.0401
 7187.48       0.9329       0.0365
 7188.52       1.0786       0.0360
 7189.56       1.1738       0.0388
 7190.60       1.1620       0.0370
 7191.64       1.1317       0.0350
 7192.67       1.1194       0.0357
 7193.71       0.9279       0.0336
 7194.75       0.8049       0.0320
 7195.79       0.9585       0.0340
 7196.82       1.0597       0.0340
 7197.86       1.0349       0.0325
 7198.90       1.0638       0.0337
 7199.94       1.0457       0.0355
 7200.97       1.0196       0.0366
 7202.01       1.1487       0.0386
 7203.05       1.2112       0.0381
 7204.09       1.0617       0.0342
 7205.13       0.8727       0.0308
 7206.16       0.8348       0.0294
 7207.20       0.9764       0.0288
 7208.24       0.9603       0.0277
 7209.28       0.8386       0.0268
 7210.31       0.9565       0.0285
 7211.35       1.0860       0.0285
 7212.39       1.0769       0.0259
 7213.43       1.0593       0.0256
 7214.47       1.0645       0.0264
 7215.50       1.0765       0.0261
 7216.54       1.0397       0.0243
 7217.58       0.9729       0.0229
 7218.62       0.9414       0.0237
 7219.65       0.7929       0.0241
 7220.69       0.6756       0.0240
 7221.73       0.8804       0.0261
 7222.77       1.0793       0.0284
 7223.81       1.0542       0.0293
 7224.84       1.0824       0.0296
 7225.88       1.0531       0.0295
 7226.92       0.8878       0.0290
 7227.96       0.8765       0.0292
 7228.99       0.9531       0.0292
 7230.03       0.8802       0.0277
 7231.07       0.9192       0.0304
 7232.11       1.0396       0.0368
 7233.14       0.9083       0.0390
 7234.18       0.8832       0.0440
 7235.22       1.1157       0.0601
 7236.26       1.1289       0.0740
 7237.30       1.0430       0.1045
 7238.33       1.0980       0.1547
 7239.37       1.0333       0.1755
 7240.41       0.8270       0.1599
 7241.45       0.6500       0.1375
 7242.48       0.7126       0.1440
 7243.52       0.9238       0.1692
 7244.56       0.9420       0.1588
 7245.60       0.8886       0.1386
 7246.64       0.9517       0.1327
 7247.67       1.0451       0.1083
 7248.71       1.0920       0.0732
 7249.75       1.0480       0.0518
 7250.79       0.8807       0.0480
 7251.82       0.7360       0.0520
 7252.86       0.7765       0.0527
 7253.90       0.8610       0.0505
 7254.94       0.8652       0.0470
 7255.98       0.8476       0.0421
 7257.01       0.8923       0.0373
 7258.05       0.9966       0.0338
 7259.09       0.9593       0.0311
 7260.13       0.8287       0.0298
 7261.16       0.7704       0.0308
 7262.20       0.9711       0.0351
 7263.24       1.1520       0.0392
 7264.28       0.8443       0.0391
 7265.31       0.6661       0.0367
 7266.35       0.9337       0.0354
 7267.39       1.0320       0.0350
 7268.43       1.0333       0.0349
 7269.47       1.1487       0.0363
 7270.50       1.1068       0.0385
 7271.54       1.0918       0.0483
 7272.58       1.3365       0.0695
 7273.62       1.3992       0.1091
 7274.65       1.0870       0.1674
 7275.69       0.6744       0.2332
 7276.73       0.5017       0.2421
 7277.77       0.6925       0.1802
 7278.81       1.0618       0.1123
 7279.84       1.2431       0.0730
 7280.88       1.1046       0.0590
 7281.92       1.0747       0.0691
 7282.96       1.1356       0.0833
 7283.99       0.9555       0.0912
 7285.03       0.8025       0.0899
 7286.07       0.8571       0.0811
 7287.11       1.0694       0.0677
 7288.15       1.0918       0.0525
 7289.18       0.8164       0.0394
 7290.22       0.7018       0.0356
 7291.26       0.7315       0.0380
 7292.30       0.6870       0.0399
 7293.33       0.7059       0.0417
 7294.37       0.8563       0.0456
 7295.41       1.1074       0.0541
 7296.45       1.1080       0.0541
 7297.48       0.8734       0.0444
 7298.52       0.8635       0.0383
 7299.56       0.9766       0.0406
 7300.60       0.9705       0.0487
 7301.64       0.9396       0.0585
 7302.67       0.8797       0.0679
 7303.71       0.7921       0.0754
 7304.75       0.8161       0.0735
 7305.79       0.8944       0.0622
 7306.82       0.8349       0.0487
 7307.86       0.8293       0.0402
 7308.90       0.9582       0.0380
 7309.94       1.0275       0.0369
 7310.98       0.9683       0.0378
 7312.01       0.8673       0.0488
 7313.05       0.8235       0.0762
 7314.09       0.9946       0.1213
 7315.13       1.3525       0.1666
 7316.16       1.4314       0.2026
 7317.20       1.1859       0.2038
 7318.24       1.0820       0.1519
 7319.28       1.0009       0.0849
 7320.31       0.8492       0.0434
 7321.35       0.8310       0.0263
 7322.39       0.9332       0.0249
 7323.43       1.0339       0.0263
 7324.47       1.0073       0.0289
 7325.50       0.9359       0.0360
 7326.54       0.9866       0.0521
 7327.58       1.1333       0.0697
 7328.62       1.2127       0.0797
 7329.65       1.0654       0.0782
 7330.69       0.9171       0.0684
 7331.73       0.9587       0.0565
 7332.77       1.0017       0.0428
 7333.81       1.0140       0.0312
 7334.84       1.0429       0.0271
 7335.88       0.8440       0.0278
 7336.92       0.7295       0.0431
 7337.96       1.2022       0.0781
 7338.99       1.2059       0.1244
 7340.03       0.6111       0.1614
 7341.07       0.7899       0.1727
 7342.11       1.1107       0.1536
 7343.15       0.8405       0.1174
 7344.18       0.6326       0.0745
 7345.22       0.7799       0.0444
 7346.26       1.1459       0.0346
 7347.30       1.2102       0.0349
 7348.33       0.9806       0.0323
 7349.37       1.0132       0.0313
 7350.41       1.0008       0.0297
 7351.45       0.8129       0.0281
 7352.48       0.8351       0.0277
 7353.52       0.9704       0.0286
 7354.56       0.9998       0.0316
 7355.60       1.0001       0.0404
 7356.64       0.9517       0.0528
 7357.67       0.8472       0.0619
 7358.71       0.7444       0.0643
 7359.75       0.7493       0.0598
 7360.79       0.9278       0.0511
 7361.82       1.0371       0.0402
 7362.86       0.9463       0.0312
 7363.90       0.8101       0.0269
 7364.94       0.8462       0.0321
 7365.98       1.0735       0.0468
 7367.01       1.0905       0.0668
 7368.05       0.9420       0.0847
 7369.09       0.9799       0.0944
 7370.13       1.0136       0.0926
 7371.16       0.9275       0.0799
 7372.20       0.7909       0.0584
 7373.24       0.8314       0.0401
 7374.28       1.0591       0.0313
 7375.32       1.1170       0.0285
 7376.35       0.9717       0.0268
 7377.39       0.8384       0.0249
 7378.43       0.8326       0.0243
 7379.47       0.9234       0.0247
 7380.50       0.9553       0.0247
 7381.54       0.9430       0.0242
 7382.58       0.9642       0.0238
 7383.62       1.1096       0.0245
 7384.65       1.1358       0.0249
 7385.69       0.9431       0.0247
 7386.73       0.9352       0.0246
 7387.77       1.0532       0.0269
 7388.81       1.0246       0.0324
 7389.84       1.0178       0.0411
 7390.88       1.1060       0.0499
 7391.92       1.2228       0.0546
 7392.96       1.2045       0.0525
 7393.99       1.0502       0.0451
 7395.03       0.9798       0.0358
 7396.07       1.0132       0.0291
 7397.11       1.0475       0.0287
 7398.15       0.9547       0.0360
 7399.18       0.8898       0.0518
 7400.22       1.0561       0.0715
 7401.26       1.2817       0.0857
 7402.30       1.3611       0.0866
 7403.33       1.2678       0.0753
 7404.37       1.0869       0.0562
 7405.41       0.9427       0.0380
 7406.45       0.7967       0.0262
 7407.49       0.7646       0.0222
 7408.52       0.8800       0.0221
 7409.56       1.0208       0.0241
 7410.60       1.0244       0.0249
 7411.64       0.8724       0.0249
 7412.67       0.7785       0.0249
 7413.71       0.8414       0.0253
 7414.75       0.9048       0.0252
 7415.79       0.9267       0.0251
 7416.82       0.9145       0.0251
 7417.86       0.9074       0.0245
 7418.90       0.8960       0.0238
 7419.94       0.8692       0.0236
 7420.98       0.9581       0.0243
 7422.01       1.1134       0.0252
 7423.05       1.1705       0.0253
 7424.09       1.1118       0.0248
 7425.13       1.0173       0.0252
 7426.16       0.9655       0.0267
 7427.20       0.9808       0.0306
 7428.24       1.0246       0.0359
 7429.28       1.0794       0.0398
 7430.32       1.1279       0.0404
 7431.35       1.1580       0.0385
 7432.39       1.1029       0.0336
 7433.43       0.9568       0.0293
 7434.47       0.7970       0.0286
 7435.50       0.6872       0.0339
 7436.54       0.6589       0.0428
 7437.58       0.7056       0.0506
 7438.62       0.7889       0.0535
 7439.66       0.8602       0.0508
 7440.69       0.9084       0.0429
 7441.73       0.8951       0.0335
 7442.77       0.8103       0.0265
 7443.81       0.8467       0.0239
 7444.84       0.9726       0.0236
 7445.88       0.9408       0.0231
 7446.92       0.8722       0.0224
 7447.96       0.9206       0.0227
 7448.99       1.0764       0.0238
 7450.03       1.1589       0.0245
 7451.07       1.0522       0.0240
 7452.11       1.0022       0.0239
 7453.15       1.0370       0.0242
 7454.18       1.0009       0.0238
 7455.22       0.9390       0.0235
 7456.26       0.9075       0.0239
 7457.30       0.9741       0.0247
 7458.33       0.9011       0.0248
 7459.37       0.6739       0.0245
 7460.41       0.7849       0.0266
 7461.45       1.0498       0.0296
 7462.49       1.0632       0.0310
 7463.52       0.9317       0.0323
 7464.56       0.8696       0.0344
 7465.60       1.0075       0.0362
 7466.64       1.0980       0.0371
 7467.67       1.0530       0.0381
 7468.71       1.1555       0.0406
 7469.75       1.2244       0.0443
 7470.79       1.0936       0.0478
 7471.83       0.9069       0.0503
 7472.86       0.8269       0.0509
 7473.90       0.8902       0.0493
 7474.94       1.0436       0.0460
 7475.98       1.0703       0.0425
 7477.01       0.8710       0.0405
 7478.05       0.5618       0.0414
 7479.09       0.4153       0.0453
 7480.13       0.5719       0.0515
 7481.16       0.9051       0.0565
 7482.20       1.1423       0.0576
 7483.24       1.2342       0.0560
 7484.28       1.1608       0.0514
 7485.32       0.9901       0.0438
 7486.35       1.0565       0.0368
 7487.39       1.2807       0.0318
 7488.43       1.1976       0.0282
 7489.47       1.1021       0.0271
 7490.50       1.2188       0.0281
 7491.54       1.2627       0.0307
 7492.58       1.1925       0.0325
 7493.62       1.0940       0.0322
 7494.66       0.9505       0.0302
 7495.69       0.8842       0.0278
 7496.73       1.0036       0.0263
 7497.77       1.0107       0.0248
 7498.81       0.8949       0.0232
 7499.84       1.0410       0.0236
 7500.88       1.1623       0.0245
 7501.92       1.0365       0.0242
 7502.96       0.9576       0.0235
 7504.00       0.9719       0.0230
 7505.03       0.9873       0.0228
 7506.07       0.9959       0.0229
 7507.11       1.0143       0.0230
 7508.15       1.0884       0.0230
 7509.18       1.0470       0.0226
 7510.22       0.9051       0.0219
 7511.26       0.9135       0.0218
 7512.30       0.9864       0.0221
 7513.33       0.9828       0.0226
 7514.37       1.0127       0.0247
 7515.41       1.0352       0.0275
 7516.45       0.9874       0.0295
 7517.49       0.9068       0.0293
 7518.52       0.8734       0.0303
 7519.56       0.9186       0.0346
 7520.60       1.0394       0.0497
 7521.64       1.1412       0.0740
 7522.67       1.1668       0.0951
 7523.71       1.0121       0.1041
 7524.75       0.7553       0.0995
 7525.79       0.6449       0.0814
 7526.83       0.7754       0.0609
 7527.86       0.9922       0.0484
 7528.90       1.2321       0.0457
 7529.94       1.3366       0.0461
 7530.98       1.1860       0.0452
 7532.01       1.0682       0.0422
 7533.05       1.1513       0.0378
 7534.09       1.1618       0.0313
 7535.13       1.0882       0.0259
 7536.17       1.0411       0.0243
 7537.20       1.0719       0.0255
 7538.24       1.1384       0.0276
 7539.28       1.1454       0.0296
 7540.32       1.1158       0.0302
 7541.35       1.0758       0.0291
 7542.39       1.0113       0.0270
 7543.43       0.9979       0.0252
 7544.47       1.0393       0.0243
 7545.50       0.9922       0.0234
 7546.54       0.9324       0.0229
 7547.58       0.9918       0.0234
 7548.62       1.1198       0.0241
 7549.66       1.2312       0.0246
 7550.69       1.2812       0.0253
 7551.73       1.1871       0.0250
 7552.77       1.0613       0.0250
 7553.81       1.1595       0.0278
 7554.84       1.2215       0.0320
 7555.88       1.0562       0.0351
 7556.92       1.1382       0.0384
 7557.96       1.2652       0.0395
 7559.00       1.0634       0.0363
 7560.03       0.8467       0.0308
 7561.07       0.8478       0.0261
 7562.11       1.0421       0.0247
 7563.15       1.0314       0.0241
 7564.18       0.7265       0.0228
 7565.22       0.6020       0.0235
 7566.26       0.7045       0.0257
 7567.30       0.8491       0.0303
 7568.33       1.0349       0.0420
 7569.37       1.1152       0.0592
 7570.41       1.0158       0.0729
 7571.45       0.9721       0.0811
 7572.49       1.0264       0.0806
 7573.52       0.9436       0.0697
 7574.56       0.8855       0.0525
 7575.60       0.9785       0.0369
 7576.64       1.1548       0.0291
 7577.67       1.2083       0.0270
 7578.71       1.0530       0.0248
 7579.75       0.9443       0.0233
 7580.79       0.9550       0.0230
 7581.83       0.9541       0.0250
 7582.86       0.9806       0.0296
 7583.90       1.0732       0.0361
 7584.94       1.2946       0.0434
 7585.98       1.2758       0.0454
 7587.01       0.9596       0.0405
 7588.05       0.9193       0.0358
 7589.09       1.1411       0.0323
 7590.13       1.2538       0.0283
 7591.17       1.1440       0.0262
 7592.20       0.9129       0.0260
 7593.24       0.7903       0.0262
 7594.28       0.9893       0.0442
 7595.32       1.3711       0.0926
 7596.35       1.6604       0.1550
 7597.39       1.3934       0.2127
 7598.43       0.7147       0.2546
 7599.47       0.4897       0.2937
 7600.50       0.8108       0.3078
 7601.54       1.1192       0.2749
 7602.58       1.2251       0.2620
 7603.62       1.2407       0.2769
 7604.66       1.4979       0.2594
 7605.69       1.6045       0.2488
 7606.73       1.3419       0.2539
 7607.77       0.9138       0.2210
 7608.81       0.8657       0.1846
 7609.84       1.3086       0.1804
 7610.88       1.5431       0.1651
 7611.92       1.2568       0.1290
 7612.96       0.7761       0.0978
 7614.00       0.6780       0.0809
 7615.03       0.9752       0.0726
 7616.07       1.0196       0.0624
 7617.11       1.0029       0.0571
 7618.15       1.1069       0.0590
 7619.18       1.0531       0.0566
 7620.22       0.9527       0.0531
 7621.26       0.9790       0.0567
 7622.30       0.8846       0.0590
 7623.33       0.8415       0.0658
 7624.37       1.1165       0.0851
 7625.41       1.4394       0.1067
 7626.45       1.4746       0.1234
 7627.49       1.1684       0.1357
 7628.52       0.8137       0.1395
 7629.56       0.7563       0.1344
 7630.60       1.0517       0.1250
 7631.64       1.3368       0.1112
 7632.67       1.2669       0.0926
 7633.71       1.1500       0.0737
 7634.75       1.1033       0.0594
 7635.79       0.9773       0.0543
 7636.83       0.9705       0.0570
 7637.86       1.1007       0.0595
 7638.90       1.1126       0.0563
 7639.94       1.1854       0.0536
 7640.98       1.4133       0.0571
 7642.01       1.4028       0.0586
 7643.05       1.2444       0.0546
 7644.09       1.2325       0.0479
 7645.13       1.1078       0.0427
 7646.17       0.9052       0.0411
 7647.20       0.9076       0.0413
 7648.24       0.9874       0.0422
 7649.28       0.9952       0.0431
 7650.32       0.9641       0.0447
 7651.35       0.9768       0.0471
 7652.39       1.0742       0.0488
 7653.43       1.1802       0.0483
 7654.47       1.1678       0.0440
 7655.50       1.0063       0.0372
 7656.54       0.9343       0.0334
 7657.58       1.0113       0.0343
 7658.62       1.0188       0.0352
 7659.66       1.0679       0.0396
 7660.69       1.1872       0.0471
 7661.73       1.1194       0.0503
 7662.77       1.0840       0.0495
 7663.81       1.2768       0.0477
 7664.84       1.2758       0.0407
 7665.88       1.0809       0.0315
 7666.92       1.0122       0.0271
 7667.96       1.0110       0.0257
 7669.00       1.0084       0.0249
 7670.03       1.0154       0.0258
 7671.07       1.0198       0.0256
 7672.11       1.0522       0.0238
 7673.15       1.2082       0.0244
 7674.18       1.3261       0.0257
 7675.22       1.2532       0.0247
 7676.26       1.2849       0.0236
 7677.30       1.4047       0.0245
 7678.33       1.3314       0.0269
 7679.37       1.2862       0.0282
 7680.41       1.3407       0.0276
 7681.45       1.2542       0.0275
 7682.49       1.1666       0.0282
 7683.52       1.2000       0.0291
 7684.56       1.2122       0.0301
 7685.60       1.1158       0.0302
 7686.64       0.9477       0.0287
 7687.67       0.9810       0.0283
 7688.71       1.1086       0.0290
 7689.75       0.9659       0.0292
 7690.79       0.8588       0.0290
 7691.83       1.0694       0.0294
 7692.86       1.4698       0.0319
 7693.90       1.7662       0.0333
 7694.94       1.7994       0.0318
 7695.98       1.9149       0.0325
 7697.01       2.0554       0.0351
 7698.05       1.9352       0.0357
 7699.09       1.7341       0.0359
 7700.13       1.6068       0.0356
 7701.17       1.5626       0.0337
 7702.20       1.4949       0.0306
 7703.24       1.3366       0.0273
 7704.28       1.2523       0.0253
 7705.32       1.1955       0.0235
 7706.35       1.0989       0.0229
 7707.39       1.0825       0.0260
 7708.43       1.1432       0.0398
 7709.47       1.2091       0.0645
 7710.50       1.0939       0.0952
 7711.54       0.8768       0.1280
 7712.58       0.8471       0.1552
 7713.62       1.0177       0.1764
 7714.66       1.2278       0.1907
 7715.69       1.3101       0.1893
 7716.73       1.3649       0.1767
 7717.77       1.5424       0.1593
 7718.81       1.7414       0.1286
 7719.84       1.7588       0.0889
 7720.88       1.4661       0.0582
 7721.92       1.3667       0.0473
 7722.96       1.6080       0.0508
 7724.00       1.7441       0.0602
 7725.03       1.5718       0.0638
 7726.07       1.2095       0.0587
 7727.11       1.0056       0.0514
 7728.15       0.9965       0.0435
 7729.18       0.9764       0.0343
 7730.22       1.0175       0.0294
 7731.26       1.0834       0.0288
 7732.30       1.0914       0.0291
 7733.34       1.1452       0.0306
 7734.37       1.2257       0.0323
 7735.41       1.1134       0.0321
 7736.45       0.9345       0.0301
 7737.49       0.8928       0.0281
 7738.52       0.9843       0.0274
 7739.56       1.0852       0.0275
 7740.60       1.0763       0.0271
 7741.64       0.9904       0.0259
 7742.68       0.9362       0.0247
 7743.71       0.9958       0.0255
 7744.75       1.0108       0.0254
 7745.79       0.9646       0.0342
 7746.83       1.2700       0.0627
 7747.86       1.4432       0.1132
 7748.90       1.0842       0.1672
 7749.94       1.0229       0.2104
 7750.98       1.3112       0.2200
 7752.01       1.3966       0.1894
 7753.05       1.0338       0.1297
 7754.09       0.5957       0.0726
 7755.13       0.8256       0.0417
 7756.17       1.2277       0.0418
 7757.20       1.2191       0.0548
 7758.24       1.2183       0.0740
 7759.28       1.1831       0.0863
 7760.32       1.0055       0.0885
 7761.35       0.9348       0.0779
 7762.39       1.0085       0.0591
 7763.43       1.0626       0.0400
 7764.47       1.0429       0.0281
 7765.51       0.9741       0.0235
 7766.54       0.9289       0.0229
 7767.58       0.9724       0.0242
 7768.62       1.0720       0.0281
 7769.66       1.1462       0.0357
 7770.69       1.0965       0.0464
 7771.73       0.9361       0.0565
 7772.77       0.9301       0.0645
 7773.81       1.0329       0.0665
 7774.85       0.9308       0.0595
 7775.88       0.8804       0.0496
 7776.92       1.0151       0.0456
 7777.96       1.0847       0.0492
 7779.00       1.0624       0.0572
 7780.03       1.0314       0.0621
 7781.07       1.0556       0.0625
 7782.11       1.1048       0.0562
 7783.15       1.0953       0.0448
 7784.18       1.0005       0.0345
 7785.22       0.9119       0.0293
 7786.26       0.9583       0.0289
 7787.30       1.0352       0.0293
 7788.34       1.0017       0.0314
 7789.37       0.8680       0.0374
 7790.41       0.7444       0.0584
 7791.45       0.7183       0.0946
 7792.49       0.6603       0.1327
 7793.52       0.5265       0.1565
 7794.56       0.4805       0.1587
 7795.60       0.5710       0.1355
 7796.64       1.3879       0.1011
 7797.68       3.2028       0.0722
 7798.71       5.4930       0.0615
 7799.75       6.9816       0.0615
 7800.79       6.6638       0.0595
 7801.83       4.8098       0.0477
 7802.86       2.7661       0.0350
 7803.90       1.5613       0.0299
 7804.94       1.1912       0.0375
 7805.98       0.8485       0.0523
 7807.02       0.8317       0.0694
 7808.05       1.0448       0.0801
 7809.09       1.0382       0.0801
 7810.13       0.8765       0.0684
 7811.17       0.8290       0.0519
 7812.20       0.8634       0.0384
 7813.24       0.9461       0.0320
 7814.28       1.0051       0.0312
 7815.32       0.9213       0.0296
 7816.35       0.7509       0.0318
 7817.39       0.6467       0.0452
 7818.43       0.7863       0.0820
 7819.47       1.0595       0.1353
 7820.51       1.1007       0.1780
 7821.54       1.0029       0.1926
 7822.58       1.0050       0.1777
 7823.62       1.1261       0.1339
 7824.66       1.1037       0.0819
 7825.69       0.7207       0.0428
 7826.73       0.7092       0.0282
 7827.77       1.0716       0.0269
 7828.81       1.0051       0.0266
 7829.85       0.8495       0.0255
 7830.88       0.9654       0.0260
 7831.92       1.1262       0.0268
 7832.96       1.1520       0.0266
 7834.00       1.0041       0.0255
 7835.03       0.9714       0.0246
 7836.07       1.0289       0.0255
 7837.11       0.9428       0.0285
 7838.15       0.8497       0.0387
 7839.19       0.8996       0.0549
 7840.22       1.1137       0.0682
 7841.26       1.2607       0.0728
 7842.30       1.1816       0.0679
 7843.34       1.0307       0.0552
 7844.37       0.9289       0.0406
 7845.41       0.9029       0.0306
 7846.45       0.9159       0.0278
 7847.49       0.8869       0.0324
 7848.52       0.7651       0.0412
 7849.56       0.9780       0.0678
 7850.60       1.4624       0.1146
 7851.64       1.6097       0.1613
 7852.68       1.3057       0.1902
 7853.71       0.8970       0.1923
 7854.75       0.9805       0.1679
 7855.79       1.1148       0.1280
 7856.83       0.6224       0.0878
 7857.86       0.8341       0.0773
 7858.90       1.5931       0.0890
 7859.94       1.4750       0.0926
 7860.98       1.0948       0.0869
 7862.02       1.0453       0.0760
 7863.05       0.8304       0.0585
 7864.09       0.7656       0.0436
 7865.13       1.0580       0.0407
 7866.17       1.3825       0.0484
 7867.20       1.4308       0.0654
 7868.24       1.1855       0.0867
 7869.28       1.0410       0.1035
 7870.32       1.0649       0.1081
 7871.35       0.8525       0.1001
 7872.39       0.7642       0.0804
 7873.43       0.9742       0.0578
 7874.47       1.0968       0.0410
 7875.51       1.0603       0.0375
 7876.54       0.9987       0.0456
 7877.58       1.1179       0.0589
 7878.62       1.2056       0.0702
 7879.66       0.8962       0.0776
 7880.69       0.9032       0.0784
 7881.73       1.2680       0.0725
 7882.77       1.1193       0.0604
 7883.81       0.9276       0.0479
 7884.85       1.1287       0.0427
 7885.88       1.1286       0.0465
 7886.92       1.0937       0.0634
 7887.96       1.3286       0.0885
 7889.00       1.1748       0.1077
 7890.03       0.8366       0.1118
 7891.07       1.0654       0.1049
 7892.11       1.1396       0.0839
 7893.15       0.8452       0.0569
 7894.19       1.0246       0.0393
 7895.22       1.2728       0.0322
 7896.26       1.1242       0.0282
 7897.30       0.9713       0.0273
 7898.34       0.9474       0.0264
 7899.37       0.9737       0.0256
 7900.41       0.9989       0.0249
 7901.45       0.9671       0.0245
 7902.49       0.9114       0.0246
 7903.52       0.8585       0.0250
 7904.56       0.8601       0.0256
 7905.60       1.0119       0.0274
 7906.64       1.0344       0.0273
 7907.68       0.8098       0.0290
 7908.71       0.8617       0.0333
 7909.75       1.1343       0.0624
 7910.79       1.2125       0.1219
 7911.83       1.0859       0.1858
 7912.86       0.9625       0.2276
 7913.90       1.1110       0.2419
 7914.94       1.1379       0.2139
 7915.98       0.9078       0.1587
 7917.02       0.9263       0.1049
 7918.05       1.3080       0.0834
 7919.09       1.7228       0.0925
 7920.13       1.3186       0.1083
 7921.17       0.6194       0.1089
 7922.20       0.8104       0.1016
 7923.24       0.9221       0.0791
 7924.28       0.6016       0.0501
 7925.32       0.8035       0.0327
 7926.35       0.9498       0.0284
 7927.39       0.6733       0.0318
 7928.43       0.7898       0.0474
 7929.47       1.1006       0.0661
 7930.51       1.0705       0.0773
 7931.54       0.6771       0.0793
 7932.58       0.4111       0.0724
 7933.62       0.8030       0.0596
 7934.66       0.9802       0.0433
 7935.69       0.6473       0.0287
 7936.73       0.7295       0.0228
 7937.77       1.0037       0.0234
 7938.81       1.0447       0.0238
 7939.85       1.0347       0.0246
 7940.88       1.0078       0.0246
 7941.92       0.9581       0.0248
 7942.96       0.8673       0.0250
 7944.00       0.8161       0.0271
 7945.03       0.9119       0.0319
 7946.07       0.9912       0.0410
 7947.11       0.9554       0.0530
 7948.15       0.9155       0.0627
 7949.19       0.9606       0.0666
 7950.22       1.0625       0.0639
 7951.26       1.0185       0.0532
 7952.30       0.8467       0.0390
 7953.34       0.7298       0.0274
 7954.37       0.8272       0.0228
 7955.41       1.0198       0.0223
 7956.45       1.0030       0.0218
 7957.49       0.9416       0.0202
 7958.52       0.9920       0.0212
 7959.56       0.8981       0.0217
 7960.60       0.9146       0.0373
 7961.64       1.1968       0.0753
 7962.68       1.2248       0.1228
 7963.71       0.9304       0.1616
 7964.75       0.6688       0.1782
 7965.79       0.7685       0.1657
 7966.83       1.0796       0.1306
 7967.86       1.0356       0.0838
 7968.90       0.9047       0.0484
 7969.94       0.9903       0.0326
 7970.98       0.9490       0.0275
 7972.02       0.8516       0.0249
 7973.05       0.8878       0.0254
 7974.09       1.0296       0.0290
 7975.13       1.1788       0.0380
 7976.17       1.2499       0.0514
 7977.20       1.1296       0.0681
 7978.24       0.9036       0.0832
 7979.28       0.7623       0.0898
 7980.32       0.8176       0.0845
 7981.36       0.9682       0.0701
 7982.39       0.9351       0.0501
 7983.43       0.8417       0.0335
 7984.47       0.9595       0.0262
 7985.51       1.0094       0.0254
 7986.54       0.9173       0.0253
 7987.58       0.8707       0.0263
 7988.62       0.8493       0.0313
 7989.66       0.8255       0.0537
 7990.69       0.8996       0.1018
 7991.73       0.7927       0.1553
 7992.77       0.4756       0.1847
 7993.81       0.8342       0.1927
 7994.85       1.4232       0.1711
 7995.88       1.2617       0.1198
 7996.92       1.0240       0.0688
 7997.96       1.0622       0.0388
 7999.00       1.0009       0.0285
 8000.03       0.8907       0.0286
 8001.07       0.7973       0.0261
 8002.11       0.7202       0.0253
 8003.15       0.7165       0.0247
 8004.19       0.7897       0.0246
 8005.22       0.8235       0.0238
 8006.26       0.7858       0.0225
 8007.30       0.7585       0.0218
 8008.34       0.7523       0.0215
 8009.37       0.8273       0.0238
 8010.41       1.0666       0.0300
 8011.45       1.1449       0.0398
 8012.49       0.9194       0.0498
 8013.53       0.7917       0.0568
 8014.56       0.7428       0.0573
 8015.60       0.5964       0.0516
 8016.64       0.6275       0.0431
 8017.68       0.7895       0.0363
 8018.71       0.8618       0.0331
 8019.75       0.6711       0.0299
 8020.79       0.4514       0.0308
 8021.83       0.7501       0.0432
 8022.86       1.0360       0.0693
 8023.90       0.8290       0.1007
 8024.94       0.6822       0.1261
 8025.98       0.7825       0.1367
 8027.02       0.9588       0.1312
 8028.05       0.9192       0.1042
 8029.09       0.7257       0.0686
 8030.13       0.7515       0.0448
 8031.17       0.8788       0.0351
 8032.20       0.9423       0.0300
 8033.24       0.9917       0.0283
 8034.28       0.9847       0.0260
 8035.32       0.9193       0.0237
 8036.36       0.7832       0.0222
 8037.39       0.7220       0.0217
 8038.43       0.8377       0.0221
 8039.47       1.0130       0.0234
 8040.51       1.0824       0.0242
 8041.54       1.0140       0.0236
 8042.58       0.8803       0.0222
 8043.62       0.8023       0.0214
 8044.66       0.7898       0.0210
 8045.70       0.8285       0.0211
 8046.73       0.8751       0.0223
 8047.77       0.9613       0.0258
 8048.81       1.0353       0.0330
 8049.85       1.0247       0.0421
 8050.88       1.0432       0.0487
 8051.92       1.1102       0.0499
 8052.96       1.0941       0.0475
 8054.00       1.0328       0.0411
 8055.04       0.9876       0.0328
 8056.07       0.9884       0.0254
 8057.11       0.9207       0.0233
 8058.15       0.7296       0.0282
 8059.19       0.7021       0.0415
 8060.22       0.8458       0.0590
 8061.26       0.9173       0.0728
 8062.30       0.9499       0.0778
 8063.34       1.0054       0.0727
 8064.37       1.0982       0.0598
 8065.41       1.1115       0.0437
 8066.45       0.9926       0.0294
 8067.49       0.8657       0.0228
 8068.53       0.8364       0.0217
 8069.56       0.9004       0.0214
 8070.60       1.0206       0.0221
 8071.64       1.0940       0.0227
 8072.68       1.0768       0.0230
 8073.71       0.9712       0.0235
 8074.75       0.8688       0.0242
 8075.79       0.8495       0.0246
 8076.83       0.9157       0.0248
 8077.87       0.9824       0.0248
 8078.90       0.8964       0.0236
 8079.94       0.8164       0.0225
 8080.98       0.9751       0.0234
 8082.02       1.0760       0.0249
 8083.05       1.0368       0.0261
 8084.09       1.0979       0.0275
 8085.13       1.1264       0.0278
 8086.17       1.0331       0.0266
 8087.21       0.9757       0.0249
 8088.24       0.9004       0.0229
 8089.28       0.7584       0.0213
 8090.32       0.8170       0.0229
 8091.36       0.9677       0.0269
 8092.39       0.9139       0.0298
 8093.43       0.9050       0.0320
 8094.47       0.9918       0.0329
 8095.51       0.8886       0.0304
 8096.54       0.8031       0.0265
 8097.58       0.8855       0.0245
 8098.62       0.8486       0.0251
 8099.66       0.8117       0.0299
 8100.70       0.9644       0.0375
 8101.73       1.1437       0.0451
 8102.77       1.2020       0.0486
 8103.81       1.1260       0.0460
 8104.85       1.0248       0.0403
 8105.88       0.9982       0.0348
 8106.92       0.9956       0.0290
 8107.96       1.0119       0.0253
 8109.00       1.0251       0.0245
 8110.04       1.0169       0.0249
 8111.07       0.9759       0.0243
 8112.11       0.9208       0.0225
 8113.15       0.9319       0.0229
 8114.19       0.9752       0.0244
 8115.22       0.9378       0.0230
 8116.26       0.9181       0.0211
 8117.30       0.9797       0.0215
 8118.34       1.0828       0.0233
 8119.38       1.0524       0.0245
 8120.41       0.8510       0.0237
 8121.45       0.7510       0.0234
 8122.49       0.8245       0.0241
 8123.53       0.9277       0.0249
 8124.56       0.8877       0.0249
 8125.60       0.7575       0.0247
 8126.64       0.7795       0.0254
 8127.68       0.9293       0.0272
 8128.71       1.0410       0.0287
 8129.75       0.9381       0.0271
 8130.79       0.8482       0.0270
 8131.83       0.9939       0.0320
 8132.87       1.0303       0.0335
 8133.90       0.9035       0.0313
 8134.94       0.8310       0.0319
 8135.98       0.8212       0.0326
 8137.02       0.8654       0.0332
 8138.05       0.9594       0.0365
 8139.09       0.9916       0.0393
 8140.13       0.9081       0.0381
 8141.17       0.7873       0.0337
 8142.21       0.6972       0.0289
 8143.24       0.6660       0.0267
 8144.28       0.7141       0.0274
 8145.32       0.8001       0.0317
 8146.36       0.8790       0.0398
 8147.39       0.8524       0.0443
 8148.43       0.7662       0.0418
 8149.47       0.7762       0.0357
 8150.51       0.8501       0.0312
 8151.54       0.8989       0.0307
 8152.58       1.0522       0.0320
 8153.62       1.0956       0.0315
 8154.66       0.8493       0.0281
 8155.70       0.7015       0.0265
 8156.73       0.7873       0.0278
 8157.77       0.8466       0.0281
 8158.81       0.9420       0.0285
 8159.85       1.0760       0.0304
 8160.88       1.1489       0.0341
 8161.92       1.1077       0.0369
 8162.96       0.9894       0.0362
 8164.00       0.8481       0.0342
 8165.04       0.7855       0.0315
 8166.07       0.8270       0.0281
 8167.11       0.9410       0.0279
 8168.15       0.9988       0.0293
 8169.19       0.8862       0.0272
 8170.22       0.8746       0.0249
 8171.26       1.0477       0.0251
 8172.30       1.0186       0.0238
 8173.34       0.8454       0.0222
 8174.38       0.7749       0.0228
 8175.41       0.8398       0.0272
 8176.45       0.9446       0.0327
 8177.49       0.9369       0.0345
 8178.53       0.9790       0.0357
 8179.56       1.0556       0.0363
 8180.60       0.8883       0.0311
 8181.64       0.8132       0.0268
 8182.68       1.0104       0.0281
 8183.71       1.0556       0.0284
 8184.75       0.9248       0.0277
 8185.79       0.8369       0.0286
 8186.83       1.0565       0.0328
 8187.87       1.3037       0.0364
 8188.90       1.0695       0.0341
 8189.94       0.8113       0.0316
 8190.98       0.8545       0.0323
 8192.02       0.9176       0.0311
 8193.05       0.9271       0.0288
 8194.09       0.8979       0.0280
 8195.13       0.9396       0.0296
 8196.17       1.0111       0.0325
 8197.21       1.0064       0.0344
 8198.24       0.9737       0.0325
 8199.28       0.9548       0.0288
 8200.32       0.9500       0.0279
 8201.36       0.9304       0.0273
 8202.39       0.8705       0.0246
 8203.43       0.8042       0.0231
 8204.47       0.7301       0.0223
 8205.51       0.6735       0.0216
 8206.54       0.7191       0.0223
 8207.58       0.8485       0.0240
 8208.62       0.9645       0.0251
 8209.66       0.9847       0.0256
 8210.70       0.9181       0.0256
 8211.73       0.8589       0.0251
 8212.77       0.8032       0.0239
 8213.81       0.7662       0.0229
 8214.85       0.8304       0.0246
 8215.88       0.9411       0.0270
 8216.92       0.9914       0.0270
 8217.96       0.9071       0.0251
 8219.00       0.7820       0.0238
 8220.04       0.7605       0.0248
 8221.07       0.8834       0.0267
 8222.11       1.0183       0.0277
 8223.15       0.9580       0.0267
 8224.19       0.9193       0.0287
 8225.22       1.0286       0.0359
 8226.26       0.8460       0.0403
 8227.30       0.6875       0.0433
 8228.34       0.9403       0.0483
 8229.38       1.0723       0.0488
 8230.41       0.9441       0.0437
 8231.45       0.8692       0.0374
 8232.49       0.8982       0.0334
 8233.53       0.9690       0.0313
 8234.56       0.9545       0.0275
 8235.60       0.8644       0.0243
 8236.64       0.8071       0.0242
 8237.68       0.8877       0.0253
 8238.71       1.0092       0.0265
 8239.75       1.0073       0.0279
 8240.79       0.9382       0.0298
 8241.83       0.8765       0.0313
 8242.87       0.8463       0.0316
 8243.90       0.8452       0.0298
 8244.94       0.8589       0.0271
 8245.98       0.8892       0.0263
 8247.02       0.9576       0.0268
 8248.05       1.0423       0.0264
 8249.09       1.0177       0.0255
 8250.13       0.9193       0.0241
 8251.17       0.8732       0.0227
 8252.21       0.8959       0.0231
 8253.24       0.9324       0.0250
 8254.28       0.9007       0.0260
 8255.32       0.9070       0.0275
 8256.36       0.9959       0.0298
 8257.39       0.9947       0.0297
 8258.43       0.9712       0.0276
 8259.47       1.0303       0.0255
 8260.51       1.1454       0.0257
 8261.54       1.1577       0.0263
 8262.58       0.9579       0.0240
 8263.62       0.8084       0.0225
 8264.66       0.8352       0.0230
 8265.70       0.8571       0.0218
 8266.73       0.8728       0.0215
 8267.77       0.8926       0.0236
 8268.81       0.8788       0.0234
 8269.85       0.8435       0.0224
 8270.88       0.8181       0.0240
 8271.92       0.9416       0.0272
 8272.96       1.0262       0.0296
 8274.00       0.7600       0.0292
 8275.04       0.7393       0.0372
 8276.07       1.0533       0.0603
 8277.11       0.9542       0.0869
 8278.15       0.6788       0.1101
 8279.19       0.6728       0.1261
 8280.22       0.9307       0.1307
 8281.26       1.1160       0.1293
 8282.30       0.9300       0.1284
 8283.34       0.7542       0.1079
 8284.38       0.7448       0.0893
 8285.41       0.6147       0.1084
 8286.45       0.8694       0.1553
 8287.49       1.4714       0.1950
 8288.53       1.6287       0.2119
 8289.56       1.3859       0.1869
 8290.60       1.1639       0.1338
 8291.64       0.7582       0.0838
 8292.68       0.5270       0.0621
 8293.71       0.8001       0.0659
 8294.75       1.0333       0.1043
 8295.79       0.9643       0.1548
 8296.83       0.9373       0.1860
 8297.87       0.9675       0.1941
 8298.90       0.9491       0.1867
 8299.94       0.6457       0.1598
 8300.98       0.4249       0.1217
 8302.02       0.6226       0.0836
 8303.05       0.7563       0.0546
 8304.09       0.7370       0.0364
 8305.13       0.8394       0.0296
 8306.17       0.8955       0.0325
 8307.21       0.8686       0.0409
 8308.24       0.8628       0.0538
 8309.28       0.9583       0.0686
 8310.32       1.0691       0.0794
 8311.36       0.8735       0.0767
 8312.39       0.6303       0.0621
 8313.43       0.7083       0.0462
 8314.47       0.7445       0.0348
 8315.51       0.6783       0.0294
 8316.54       0.7475       0.0270
 8317.58       0.8569       0.0290
 8318.62       0.8831       0.0322
 8319.66       0.7626       0.0315
 8320.70       0.7126       0.0288
 8321.73       0.8550       0.0275
 8322.77       0.9043       0.0253
 8323.81       0.8382       0.0224
 8324.85       0.8121       0.0204
 8325.88       0.8321       0.0202
 8326.92       0.8813       0.0211
 8327.96       0.9263       0.0219
 8329.00       0.8959       0.0220
 8330.04       0.8316       0.0220
 8331.07       0.8855       0.0226
 8332.11       0.9840       0.0235
 8333.15       0.9870       0.0240
 8334.19       0.8637       0.0239
 8335.22       0.7540       0.0248
 8336.26       0.8018       0.0288
 8337.30       0.9383       0.0293
 8338.34       0.9869       0.0326
 8339.38       0.7671       0.0415
 8340.41       0.8823       0.0919
 8341.45       1.4108       0.1963
 8342.49       1.4732       0.3080
 8343.53       0.9430       0.4053
 8344.56       0.3610       0.4636
 8345.60       0.6511       0.4269
 8346.64       1.2343       0.3056
 8347.68       0.8233       0.1674
 8348.71       0.4985       0.0858
 8349.75       0.7009       0.0767
 8350.79       0.4997       0.1000
 8351.83       0.3007       0.1270
 8352.87       0.5290       0.1372
 8353.90       0.9550       0.1302
 8354.94       1.2330       0.1029
 8355.98       1.1745       0.0654
 8357.02       0.9681       0.0377
 8358.05       0.8454       0.0271
 8359.09       0.8184       0.0263
 8360.13       0.9147       0.0320
 8361.17       0.9882       0.0404
 8362.21       0.8668       0.0522
 8363.24       0.7309       0.0632
 8364.28       0.7865       0.0690
 8365.32       0.9020       0.0680
 8366.36       1.0015       0.0592
 8367.39       1.0634       0.0455
 8368.43       0.9818       0.0328
 8369.47       0.8518       0.0250
 8370.51       0.8631       0.0224
 8371.55       0.8937       0.0224
 8372.58       0.8306       0.0214
 8373.62       0.7492       0.0203
 8374.66       0.7366       0.0197
 8375.70       0.8176       0.0217
 8376.73       1.0097       0.0240
 8377.77       1.0375       0.0304
 8378.81       0.6985       0.0431
 8379.85       0.7482       0.0689
 8380.88       1.1535       0.0988
 8381.92       1.0641       0.1119
 8382.96       0.6844       0.1060
 8384.00       0.5066       0.0886
 8385.04       0.7285       0.0635
 8386.07       0.9881       0.0407
 8387.11       0.8793       0.0262
 8388.15       0.8464       0.0233
 8389.19       0.9469       0.0251
 8390.22       0.9166       0.0263
 8391.26       0.8550       0.0261
 8392.30       0.8617       0.0260
 8393.34       0.9454       0.0245
 8394.38       0.9989       0.0307
 8395.41       0.9395       0.0655
 8396.45       0.8753       0.1450
 8397.49       0.7605       0.2438
 8398.53       0.5694       0.3082
 8399.56       0.8890       0.3290
 8400.60       1.3233       0.2912
 8401.64       1.0204       0.1956
 8402.68       0.5863       0.0980
 8403.72       0.5817       0.0409
 8404.75       0.8098       0.0223
 8405.79       0.8962       0.0231
 8406.83       0.6773       0.0198
 8407.87       0.6360       0.0201
 8408.90       0.8259       0.0207
 8409.94       0.9719       0.0228
 8410.98       0.9169       0.0285
 8412.02       0.7723       0.0470
 8413.05       0.7995       0.0790
 8414.09       0.9835       0.1089
 8415.13       1.1032       0.1202
 8416.17       0.9196       0.1131
 8417.21       0.6958       0.0894
 8418.24       0.7349       0.0595
 8419.28       0.8103       0.0361
 8420.32       0.8060       0.0251
 8421.36       0.7662       0.0231
 8422.39       0.6935       0.0258
 8423.43       0.6696       0.0274
 8424.47       0.7742       0.0287
 8425.51       0.8334       0.0389
 8426.55       0.7472       0.0830
 8427.58       0.7028       0.1767
 8428.62       0.6574       0.2845
 8429.66       0.5425       0.3462
 8430.70       1.0093       0.3583
 8431.73       1.3131       0.3076
 8432.77       0.3641       0.1981
 8433.81       0.0878       0.0984
 8434.85       0.9633       0.0473
 8435.89       1.0753       0.0279
 8436.92       0.8632       0.0257
 8437.96       0.9921       0.0229
 8439.00       0.8817       0.0219
 8440.04       0.6667       0.0200
 8441.07       0.6514       0.0199
 8442.11       0.7887       0.0213
 8443.15       0.8924       0.0238
 8444.19       0.8183       0.0266
 8445.22       0.7331       0.0283
 8446.26       0.7874       0.0301
 8447.30       0.9401       0.0311
 8448.34       0.9497       0.0392
 8449.38       0.7379       0.0582
 8450.41       0.5096       0.0828
 8451.45       0.6016       0.1039
 8452.49       1.0524       0.1128
 8453.53       1.2695       0.1035
 8454.56       1.0809       0.0792
 8455.60       0.9210       0.0501
 8456.64       0.8311       0.0300
 8457.68       0.8055       0.0228
 8458.72       0.8103       0.0228
 8459.75       0.9370       0.0239
 8460.79       1.1491       0.0335
 8461.83       0.8926       0.0674
 8462.87       0.5699       0.1334
 8463.90       0.8969       0.2080
 8464.94       0.9071       0.2511
 8465.98       0.5714       0.2433
 8467.02       0.9338       0.2048
 8468.06       1.3949       0.1397
 8469.09       1.3447       0.0693
 8470.13       1.0798       0.0314
 8471.17       0.9078       0.0248
 8472.21       0.9674       0.0242
 8473.24       0.9594       0.0269
 8474.28       0.8050       0.0259
 8475.32       0.7039       0.0252
 8476.36       0.6816       0.0239
 8477.39       0.7320       0.0222
 8478.43       0.8191       0.0208
 8479.47       0.9030       0.0201
 8480.51       0.9645       0.0201
 8481.55       0.9810       0.0206
 8482.58       1.0101       0.0210
 8483.62       1.0874       0.0211
 8484.66       1.0601       0.0210
 8485.70       0.9876       0.0209
 8486.73       1.0606       0.0210
 8487.77       1.0519       0.0201
 8488.81       0.9003       0.0223
 8489.85       0.8203       0.0309
 8490.89       0.9541       0.0476
 8491.92       1.1916       0.0663
 8492.96       1.0496       0.0761
 8494.00       0.8137       0.0754
 8495.04       1.0004       0.0699
 8496.07       1.1474       0.0552
 8497.11       1.0731       0.0374
 8498.15       1.0244       0.0284
 8499.19       1.0576       0.0263
 8500.23       1.1143       0.0317
 8501.26       1.0492       0.0495
 8502.30       0.9075       0.0809
 8503.34       0.8120       0.1155
 8504.38       0.7248       0.1379
 8505.41       0.6835       0.1366
 8506.45       0.7220       0.1149
 8507.49       0.9377       0.0798
 8508.53       1.1609       0.0463
 8509.56       1.0948       0.0266
 8510.60       0.9412       0.0210
 8511.64       0.9179       0.0193
 8512.68       0.8406       0.0195
 8513.72       0.8108       0.0187
 8514.75       0.9113       0.0191
 8515.79       0.9743       0.0197
 8516.83       0.9257       0.0203
 8517.87       0.8301       0.0207
 8518.90       0.8680       0.0215
 8519.94       0.9900       0.0222
 8520.98       0.9028       0.0218
 8522.02       0.7884       0.0209
 8523.06       0.8391       0.0204
 8524.09       0.9069       0.0201
 8525.13       0.9239       0.0200
 8526.17       0.8955       0.0198
 8527.21       0.8564       0.0195
 8528.24       0.8369       0.0193
 8529.28       0.8357       0.0192
 8530.32       0.7973       0.0190
 8531.36       0.7396       0.0186
 8532.40       0.7817       0.0188
 8533.43       0.8354       0.0191
 8534.47       0.8205       0.0204
 8535.51       0.8725       0.0260
 8536.55       0.9451       0.0342
 8537.58       0.9288       0.0400
 8538.62       0.9005       0.0428
 8539.66       0.8981       0.0420
 8540.70       0.8711       0.0372
 8541.73       0.9168       0.0300
 8542.77       1.0072       0.0243
 8543.81       0.9391       0.0222
 8544.85       0.8501       0.0275
 8545.89       0.8879       0.0396
 8546.92       0.7354       0.0534
 8547.96       0.5636       0.0637
 8549.00       0.7029       0.0680
 8550.04       0.9343       0.0631
 8551.07       1.0461       0.0508
 8552.11       1.0577       0.0361
 8553.15       0.9837       0.0257
 8554.19       0.9153       0.0212
 8555.23       0.9195       0.0202
 8556.26       0.9392       0.0198
 8557.30       0.8958       0.0191
 8558.34       0.8524       0.0188
 8559.38       0.8744       0.0189
 8560.41       0.9662       0.0194
 8561.45       1.0344       0.0200
 8562.49       1.0206       0.0202
 8563.53       0.9619       0.0198
 8564.57       0.9396       0.0197
 8565.60       0.9639       0.0203
 8566.64       0.8518       0.0197
 8567.68       0.7730       0.0191
 8568.72       0.9164       0.0201
 8569.75       0.9581       0.0211
 8570.79       0.8476       0.0214
 8571.83       0.8165       0.0218
 8572.87       0.8724       0.0229
 8573.90       0.9673       0.0247
 8574.94       1.0809       0.0260
 8575.98       1.0563       0.0257
 8577.02       0.8846       0.0239
 8578.06       0.8483       0.0227
 8579.09       0.8977       0.0219
 8580.13       0.8252       0.0201
 8581.17       0.8979       0.0199
 8582.21       1.0712       0.0212
 8583.24       1.0393       0.0213
 8584.28       1.0070       0.0226
 8585.32       1.1335       0.0269
 8586.36       1.2987       0.0326
 8587.40       1.3086       0.0364
 8588.43       1.1093       0.0362
 8589.47       0.8977       0.0335
 8590.51       0.8460       0.0299
 8591.55       0.9446       0.0264
 8592.58       1.0078       0.0248
 8593.62       0.9696       0.0269
 8594.66       0.9779       0.0329
 8595.70       1.0526       0.0393
 8596.74       1.0984       0.0420
 8597.77       0.9412       0.0407
 8598.81       0.7315       0.0360
 8599.85       0.6967       0.0301
 8600.89       0.7933       0.0255
 8601.92       0.8969       0.0232
 8602.96       0.9235       0.0225
 8604.00       0.8587       0.0228
 8605.04       0.8285       0.0232
 8606.07       0.9612       0.0240
 8607.11       1.1134       0.0251
 8608.15       1.1134       0.0264
 8609.19       1.0039       0.0276
 8610.23       0.8899       0.0296
 8611.26       0.8618       0.0332
 8612.30       0.9031       0.0380
 8613.34       0.9503       0.0440
 8614.38       0.9625       0.0496
 8615.41       0.9620       0.0551
 8616.45       0.9798       0.0624
 8617.49       1.0094       0.0701
 8618.53       1.0122       0.0779
 8619.57       0.9666       0.0860
 8620.60       0.8317       0.0937
 8621.64       0.7885       0.1029
 8622.68       0.9753       0.1132
 8623.72       1.1883       0.1232
 8624.75       1.2914       0.1326
 8625.79       1.3394       0.1394
 8626.83       1.2894       0.1424
 8627.87       1.1045       0.1434
 8628.91       0.7126       0.1441
 8629.94       0.4491       0.1447
 8630.98       0.5513       0.1436
 8632.02       0.9748       0.1417
 8633.06       1.1616       0.1373
 8634.09       0.7223       0.1290
 8635.13       0.6601       0.1210
 8636.17       1.0838       0.1128
 8637.21       0.9122       0.1029
 8638.24       0.7218       0.0924
 8639.28       0.9476       0.0814
 8640.32       0.9529       0.0715
 8641.36       0.8190       0.0611
 8642.40       0.8335       0.0509
 8643.43       0.7426       0.0439
 8644.47       0.6559       0.0424
 8645.51       0.8019       0.0469
 8646.55       1.0685       0.0591
 8647.58       1.2008       0.0772
 8648.62       1.0547       0.0945
 8649.66       0.7990       0.1058
 8650.70       0.7264       0.1128
 8651.74       0.9859       0.1219
 8652.77       1.2396       0.1306
 8653.81       1.1149       0.1324
 8654.85       0.8814       0.1320
 8655.89       0.7336       0.1340
 8656.92       0.6639       0.1374
 8657.96       0.5649       0.1397
 8659.00       0.5157       0.1388
 8660.04       0.9049       0.1351
 8661.08       1.1650       0.1311
 8662.11       0.9137       0.1283
 8663.15       0.9736       0.1265
 8664.19       1.1242       0.1233
 8665.23       0.7785       0.1176
 8666.26       0.5899       0.1128
 8667.30       0.7169       0.1091
 8668.34       0.7313       0.1053
 8669.38       0.6661       0.1012
 8670.42       0.6701       0.0963
 8671.45       0.7806       0.0912
 8672.49       1.0890       0.0864
 8673.53       1.4560       0.0822
 8674.57       1.3396       0.0788
 8675.60       0.9733       0.0752
 8676.64       0.9536       0.0718
 8677.68       1.0223       0.0675
 8678.72       0.9828       0.0626
 8679.75       0.9294       0.0602
 8680.79       0.9309       0.0599
 8681.83       1.0279       0.0585
 8682.87       1.2226       0.0552
 8683.91       1.2623       0.0500
 8684.94       1.0317       0.0452
 8685.98       0.9101       0.0437
 8687.02       0.9767       0.0431
 8688.06       1.0043       0.0398
 8689.09       0.9222       0.0356
 8690.13       0.7876       0.0326
 8691.17       0.7350       0.0317
 8692.21       0.8742       0.0328
 8693.25       1.0855       0.0338
 8694.28       1.0607       0.0326
 8695.32       0.8356       0.0296
 8696.36       0.6903       0.0278
 8697.40       0.7618       0.0296
 8698.43       0.9765       0.0336
 8699.47       1.0996       0.0358
 8700.51       1.1418       0.0357
 8701.55       1.1393       0.0342
 8702.58       1.0534       0.0321
 8703.62       0.9537       0.0309
 8704.66       0.9084       0.0313
 8705.70       0.9539       0.0336
 8706.74       0.9925       0.0356
 8707.77       0.9262       0.0352
 8708.81       0.8771       0.0331
 8709.85       0.8559       0.0302
 8710.89       0.7298       0.0267
 8711.92       0.8051       0.0253
 8712.96       1.0949       0.0260
 8714.00       1.1559       0.0260
 8715.04       1.0058       0.0247
 8716.08       0.8996       0.0236
 8717.11       1.0349       0.0244
 8718.15       1.1560       0.0253
 8719.19       0.9044       0.0237
 8720.23       0.7257       0.0225
 8721.26       0.8125       0.0228
 8722.30       0.8633       0.0228
 8723.34       0.9262       0.0235
 8724.38       1.0166       0.0251
 8725.42       1.0191       0.0262
 8726.45       0.9564       0.0262
 8727.49       0.9179       0.0255
 8728.53       0.8747       0.0246
 8729.57       0.9000       0.0241
 8730.60       1.0577       0.0240
 8731.64       1.0704       0.0232
 8732.68       0.9001       0.0221
 8733.72       0.8319       0.0224
 8734.75       0.8940       0.0236
 8735.79       0.9870       0.0249
 8736.83       1.0398       0.0260
 8737.87       1.0516       0.0273
 8738.91       1.0804       0.0292
 8739.94       0.9478       0.0290
 8740.98       0.8359       0.0273
 8742.02       1.0665       0.0274
 8743.06       1.1598       0.0270
 8744.09       0.9672       0.0255
 8745.13       1.0074       0.0256
 8746.17       1.1650       0.0266
 8747.21       1.1915       0.0271
 8748.25       1.1598       0.0277
 8749.28       1.1285       0.0280
 8750.32       1.1323       0.0279
 8751.36       1.1245       0.0270
 8752.40       1.0793       0.0259
 8753.43       1.0283       0.0250
 8754.47       1.0001       0.0276
 8755.51       1.0043       0.0412
 8756.55       1.0900       0.0613
 8757.58       1.0320       0.1008
 8758.62       0.7524       0.1585
 8759.66       0.6007       0.2128
 8760.70       0.6855       0.2391
 8761.74       0.8352       0.2310
 8762.77       0.8714       0.2001
 8763.81       0.7690       0.1848
 8764.85       0.6092       0.1997
 8765.89       0.9335       0.2494
 8766.92       1.5988       0.2974
 8767.96       1.4567       0.3086
 8769.00       0.8858       0.2637
 8770.04       0.7928       0.1884
 8771.08       0.8919       0.1093
 8772.11       0.9757       0.0634
 8773.15       0.9815       0.0647
 8774.19       0.9772       0.1131
 8775.23       0.9724       0.1904
 8776.26       0.8799       0.2800
 8777.30       0.7095       0.3390
 8778.34       0.5595       0.3394
 8779.38       0.4631       0.2856
 8780.42       0.6036       0.1988
 8781.45       0.9917       0.1106
 8782.49       1.1547       0.0545
 8783.53       1.0652       0.0314
 8784.57       1.1191       0.0266
 8785.60       1.0567       0.0272
 8786.64       0.8022       0.0297
 8787.68       0.6330       0.0457
 8788.72       0.6259       0.0750
 8789.75       0.7290       0.1057
 8790.79       1.0176       0.1246
 8791.83       1.1755       0.1216
 8792.87       0.9599       0.1008
 8793.91       0.8844       0.0698
 8794.94       1.0123       0.0425
 8795.98       0.8776       0.0276
 8797.02       0.7575       0.0243
 8798.06       0.8524       0.0237
 8799.09       0.9900       0.0252
 8800.13       1.0240       0.0255
 8801.17       0.9302       0.0248
 8802.21       0.8536       0.0241
 8803.25       0.8738       0.0239
 8804.28       0.9275       0.0240
 8805.32       1.0288       0.0252
 8806.36       1.0562       0.0278
 8807.40       0.8627       0.0307
 8808.43       0.7321       0.0338
 8809.47       0.8253       0.0363
 8810.51       0.8129       0.0365
 8811.55       0.8112       0.0346
 8812.58       0.9881       0.0319
 8813.62       0.9941       0.0279
 8814.66       0.8984       0.0248
 8815.70       0.9980       0.0253
 8816.74       1.1109       0.0264
 8817.77       1.0654       0.0260
 8818.81       0.9019       0.0273
 8819.85       0.7331       0.0249
 8820.89       0.7111       0.0318
 8821.92       0.9574       0.0406
 8822.96       1.1940       0.1158
 8824.00       1.1343       0.2842
 8825.04       1.0216       0.5211
 8826.08       1.0020       0.7267
 8827.11       1.0049       0.7985
 8828.15       0.9378       0.7007
 8829.19       0.7952       0.4991
 8830.23       0.7219       0.2771
 8831.26       0.7449       0.1358
 8832.30       0.8425       0.0990
 8833.34       0.9044       0.1458
 8834.38       1.1600       0.2165
 8835.42       1.7347       0.2733
 8836.45       1.6759       0.2894
 8837.49       1.0620       0.2557
 8838.53       0.9211       0.1895
 8839.57       0.9621       0.1139
 8840.60       0.8731       0.0545
 8841.64       1.0095       0.0321
 8842.68       1.1089       0.0327
 8843.72       0.9536       0.0326
 8844.75       0.9462       0.0349
 8845.79       0.9748       0.0428
 8846.83       0.7262       0.0597
 8847.87       0.6427       0.0807
 8848.91       0.8527       0.0975
 8849.94       1.0245       0.1048
 8850.98       1.0583       0.0967
 8852.02       0.9861       0.0765
 8853.06       0.9126       0.0529
 8854.09       0.8599       0.0358
 8855.13       0.7946       0.0278
 8856.17       0.8284       0.0275
 8857.21       0.8605       0.0286
 8858.25       0.7458       0.0294
 8859.28       0.6568       0.0315
 8860.32       0.7164       0.0361
 8861.36       0.8849       0.0404
 8862.40       0.9002       0.0425
 8863.43       0.6958       0.0532
 8864.47       0.5853       0.0897
 8865.51       0.6895       0.1442
 8866.55       0.8932       0.1859
 8867.58       1.0851       0.2057
 8868.62       1.2290       0.1931
 8869.66       1.4013       0.1500
 8870.70       1.3043       0.0935
 8871.74       0.9868       0.0480
 8872.77       0.8998       0.0302
 8873.81       0.9645       0.0304
 8874.85       0.9281       0.0285
 8875.89       0.7706       0.0278
 8876.92       0.6758       0.0270
 8877.96       0.8148       0.0296
 8879.00       0.9987       0.0281
 8880.04       0.9881       0.0306
 8881.08       0.7360       0.0397
 8882.11       0.5803       0.1171
 8883.15       0.6621       0.2862
 8884.19       0.6235       0.4850
 8885.23       0.5305       0.6243
 8886.26       0.5709       0.6412
 8887.30       0.6223       0.5349
 8888.34       0.7682       0.3575
 8889.38       1.0831       0.1788
 8890.42       1.1504       0.0759
 8891.45       0.9263       0.0440
 8892.49       0.8010       0.0383
 8893.53       0.7849       0.0396
 8894.57       0.8051       0.0405
 8895.60       0.9357       0.0441
 8896.64       1.0085       0.0430
 8897.68       0.9053       0.0424
 8898.72       0.7391       0.0531
 8899.75       0.6550       0.0985
 8900.79       0.7036       0.1735
 8901.83       0.7338       0.2512
 8902.87       0.7256       0.2968
 8903.91       0.9157       0.3009
 8904.94       0.9698       0.2477
 8905.98       0.7271       0.1606
 8907.02       0.6653       0.0919
 8908.06       0.7002       0.0613
 8909.09       0.5656       0.0504
 8910.13       0.4512       0.0508
 8911.17       0.5288       0.0475
 8912.21       0.7738       0.0499
 8913.25       1.0819       0.0433
 8914.28       1.1557       0.0534
 8915.32       0.7025       0.0849
 8916.36       0.2828       0.2293
 8917.40       0.3471       0.4889
 8918.43       0.3076       0.8425
 8919.47       0.1592       0.9592
 8920.51       0.2133       0.6394
