 
TRANSIENT_NAME:     DES15E2nk  
SNID:               1281668    
OBS_DATE:           2015-09-16
MJD:                57281. 
PHASE:              +8.    
MJD_MAX:            57271.0
TYPE:               1  
SPEC_EVAL:          SNIa
REDSHIFT:           0.3080  
REDSHIFT_ERR:       0.0005  
REDSHIFT_SOURCE:    Z_GAL
TELESCOPE:          AAT
INSTRUMENT:         AAOmega-2dF
 
======================================
 
# WAVE  FLUX  FLUX_ERR
 3756.72      -7.0423      89.7093
 3757.75      -6.4506      87.8752
 3758.79       2.7483      91.4318
 3759.83       0.4402      88.6811
 3760.87      -5.6576      86.4843
 3761.90      -4.0309      89.9881
 3762.94      14.5444     100.0180
 3763.98       5.7148      89.7045
 3765.02      -3.0043      83.7406
 3766.06       2.9200      88.1340
 3767.09      -1.0694      78.1983
 3768.13      -5.8083      73.2334
 3769.17      -6.6031      78.3831
 3770.21      -7.7713      82.1078
 3771.24       0.5108      84.9083
 3772.28      -2.7217      81.0361
 3773.32       0.7437      84.9235
 3774.36       1.7114      82.3304
 3775.40       2.7919      82.0270
 3776.43       3.3205      82.7177
 3777.47      -5.8800      74.5233
 3778.51      -3.2557      77.4350
 3779.55       5.0309      83.8079
 3780.58      -0.7680      79.9003
 3781.62      -4.4418      72.7795
 3782.66       0.2672      73.2589
 3783.70       2.9792      79.1392
 3784.73       7.5544      83.2826
 3785.77       4.2705      79.4720
 3786.81      -1.9415      72.2538
 3787.85      -1.4005      73.4550
 3788.89      -0.2934      75.1907
 3789.92      -1.3425      71.3624
 3790.96      -1.4974      70.9549
 3792.00      -1.9746      68.8239
 3793.04      -7.7284      64.3744
 3794.07      -0.2034      70.8647
 3795.11       9.4579      73.6209
 3796.15       2.9243      66.9452
 3797.19      -2.9550      64.5538
 3798.23       2.9246      68.1616
 3799.26       4.6266      67.6569
 3800.30      -2.8361      60.9290
 3801.34     -10.3928      55.4709
 3802.38      -8.7163      57.4469
 3803.41      -3.9010      60.8997
 3804.45       5.6650      64.6151
 3805.49       2.5504      60.3696
 3806.53      -0.3468      55.9557
 3807.57       0.8266      54.7317
 3808.60      -5.1188      54.0644
 3809.64      -4.4063      54.6212
 3810.68      -0.6051      52.3325
 3811.72      -7.0686      49.8165
 3812.75      -7.1165      51.9315
 3813.79      -3.6481      52.9390
 3814.83      -1.0970      55.3403
 3815.87       4.4728      57.3512
 3816.90       7.0358      54.8228
 3817.94      -1.4879      50.4429
 3818.98      -4.3394      47.8636
 3820.02       4.1058      49.4539
 3821.06       5.4416      50.0709
 3822.09       2.1803      48.7009
 3823.13       2.8102      48.1736
 3824.17       6.1647      48.5566
 3825.21       8.2266      46.8986
 3826.24      -2.1314      40.4202
 3827.28      -2.6414      42.6023
 3828.32       5.0634      49.6711
 3829.36      -1.8106      46.2367
 3830.40       0.2895      46.3034
 3831.43       3.6501      47.6328
 3832.47       0.0395      44.8300
 3833.51       2.2838      44.9431
 3834.55       6.2060      43.7379
 3835.58      -1.0401      38.7076
 3836.62      -2.1734      36.9386
 3837.66       3.1248      37.8483
 3838.70       3.8107      38.5234
 3839.74      -1.2181      36.1343
 3840.77      -1.9905      35.3622
 3841.81       5.9056      39.4555
 3842.85       8.9066      41.1997
 3843.89      -0.0037      34.8836
 3844.92      -4.9489      32.1386
 3845.96       3.8190      36.3670
 3847.00      -0.6287      32.6477
 3848.04      -9.7065      27.5082
 3849.07      -2.0014      31.1722
 3850.11      -0.4377      32.1548
 3851.15      -0.4915      31.3584
 3852.19       2.5303      32.7277
 3853.23      -1.0910      31.2806
 3854.26       0.9984      31.3620
 3855.30       0.9854      30.8603
 3856.34       1.3527      31.2501
 3857.38       7.5234      33.9335
 3858.41       3.9751      31.1806
 3859.45      -7.5903      25.6018
 3860.49      -4.7887      25.9691
 3861.53       3.0461      29.9416
 3862.57       2.6842      32.3125
 3863.60      -0.5675      30.3161
 3864.64       2.6231      29.8508
 3865.68       7.6805      33.7058
 3866.72       2.4044      31.5670
 3867.75      -2.1400      28.0980
 3868.79       1.9374      29.9623
 3869.83       5.8674      30.4641
 3870.87       1.2738      27.9206
 3871.91       1.4854      27.9291
 3872.94       3.5699      27.2867
 3873.98      -5.2003      23.6606
 3875.02      -9.3669      23.5791
 3876.06      -0.0091      26.5996
 3877.09       3.7377      27.9042
 3878.13       0.4477      26.9353
 3879.17       2.7126      26.6390
 3880.21       4.9571      26.4900
 3881.24       6.0310      26.2736
 3882.28       2.4540      24.2479
 3883.32      -2.1611      23.0655
 3884.36       2.3177      24.7719
 3885.40       6.0930      25.4775
 3886.43       2.0363      22.5590
 3887.47      -2.7048      20.1078
 3888.51      -5.1616      20.3346
 3889.55      -1.6097      21.0935
 3890.58      -0.7005      20.9408
 3891.62      -1.6942      21.2728
 3892.66      -0.1289      20.8695
 3893.70       2.2929      21.4120
 3894.74       5.4949      23.8211
 3895.77       4.5504      24.0549
 3896.81      -0.0296      21.8627
 3897.85      -1.4215      21.3205
 3898.89       3.0524      21.8194
 3899.92       4.4039      20.7478
 3900.96       6.3844      21.2217
 3902.00       7.4361      22.3988
 3903.04      -0.2463      19.8615
 3904.07      -5.7270      18.4086
 3905.11      -0.5339      20.9864
 3906.15       1.9572      22.8430
 3907.19      -0.5759      22.5232
 3908.23      -0.1678      21.9949
 3909.26       0.5692      22.7400
 3910.30       1.8639      21.5277
 3911.34       0.7036      20.1072
 3912.38       1.3450      21.3289
 3913.41       2.4894      21.4981
 3914.45      -4.1888      18.6706
 3915.49      -5.6182      17.2575
 3916.53       4.8827      19.5398
 3917.57       8.1604      21.8376
 3918.60       6.0185      21.4164
 3919.64       3.5861      18.3267
 3920.68       1.3700      16.9188
 3921.72      -0.3565      16.6333
 3922.75      -3.3130      15.2065
 3923.79      -1.8421      14.4741
 3924.83       1.5946      15.1789
 3925.87       1.2997      15.2320
 3926.91      -2.2561      13.8265
 3927.94      -0.1282      13.8412
 3928.98       4.2764      14.5457
 3930.02       3.7820      13.9182
 3931.06       2.1808      13.0395
 3932.09       0.9921      12.1074
 3933.13      -1.4110      10.8868
 3934.17      -2.1367      10.5537
 3935.21       0.0368      11.8927
 3936.24       3.4234      13.1499
 3937.28       0.8595      12.5590
 3938.32      -1.2220      12.3295
 3939.36       1.5403      12.4816
 3940.40      -0.2846      12.2211
 3941.43       2.6256      13.7764
 3942.47       4.6125      13.9767
 3943.51       3.9885      13.6158
 3944.55       1.4542      13.5090
 3945.58       2.1932      12.8453
 3946.62       1.5686      12.1359
 3947.66       1.3210      11.9345
 3948.70       5.1864      13.1696
 3949.74       2.0695      12.6544
 3950.77       1.1129      11.4772
 3951.81      -0.2811      11.1483
 3952.85      -0.4380      11.2813
 3953.89       3.4462      12.0347
 3954.92       2.6495      12.3560
 3955.96      -0.6435      11.4083
 3957.00       0.6281      11.4708
 3958.04       2.8192      12.3870
 3959.08       0.2943      11.3113
 3960.11      -4.5478       9.2731
 3961.15      -2.6044       9.9266
 3962.19      -1.3864      10.6268
 3963.23      -0.3392      10.5399
 3964.26       2.2083      11.3248
 3965.30       1.6137      10.6171
 3966.34      -0.4361       9.8449
 3967.38      -2.2145       9.2591
 3968.41      -1.6460       8.3544
 3969.45      -0.3834       9.4030
 3970.49      -1.6381      10.3147
 3971.53      -3.5103       9.0892
 3972.57      -1.9035       9.4714
 3973.60      -0.0019      11.2649
 3974.64       1.8431      11.7243
 3975.68       1.6349      11.7466
 3976.72       1.7178      11.8890
 3977.75       0.5277      11.4063
 3978.79       0.1555      11.5300
 3979.83       2.9507      11.9928
 3980.87       2.1796      11.8202
 3981.91       2.8641      12.2853
 3982.94       1.7722      11.5688
 3983.98      -0.5341      10.4955
 3985.02       3.5920      11.1485
 3986.06       2.6606      10.5861
 3987.09      -1.6364       9.8739
 3988.13      -0.9998      10.6327
 3989.17       0.8624      10.9437
 3990.21       0.8352      10.9976
 3991.25       1.9403      11.6495
 3992.28       3.8028      11.9170
 3993.32       1.7221      11.3502
 3994.36      -1.6855      10.3561
 3995.40      -2.2623       9.6006
 3996.43      -1.5713       9.9418
 3997.47      -2.2041      10.6340
 3998.51      -0.9109      11.0070
 3999.55       1.2962      12.2731
 4000.58      -0.3274      12.3479
 4001.62      -2.3514      11.2956
 4002.66       0.4545      11.9412
 4003.70       3.6661      12.5239
 4004.74      -0.1682      11.9509
 4005.77       0.7450      12.8141
 4006.81       0.2707      12.7706
 4007.85      -4.5391      11.9246
 4008.89       1.2220      13.7069
 4009.92       4.9828      14.7148
 4010.96       0.7695      13.6006
 4012.00       1.1437      13.4829
 4013.04       2.4230      13.5541
 4014.08      -0.4148      13.0837
 4015.11      -3.2151      12.1958
 4016.15       0.6334      12.8125
 4017.19       3.9440      13.6253
 4018.23      -2.0519      11.5793
 4019.26      -3.2343      11.3469
 4020.30       1.6597      13.0270
 4021.34       1.8704      12.7450
 4022.38       1.4829      12.0140
 4023.42      -1.1088      11.4173
 4024.45      -1.0171      11.5228
 4025.49       2.0293      12.2574
 4026.53       2.0954      12.1865
 4027.57       3.5318      12.8745
 4028.60       3.0784      13.2348
 4029.64       2.8233      12.8859
 4030.68      -0.6115      11.8698
 4031.72       0.3877      11.8075
 4032.75       1.1537      11.2891
 4033.79      -2.3375      10.4479
 4034.83      -0.1754      11.4711
 4035.87       1.6834      12.1469
 4036.91       3.3203      12.7278
 4037.94       2.7341      12.4481
 4038.98      -2.8206      10.8561
 4040.02      -2.5732      11.4905
 4041.06       2.6249      13.2361
 4051.43       2.4486      11.8930
 4052.47       3.9652      11.9772
 4053.51       2.6558      11.4485
 4054.55       3.5663      11.4971
 4055.58       2.7221      11.1283
 4056.62       1.5391      10.6007
 4057.66       2.6422      10.6576
 4058.70       0.5773      10.3661
 4059.74      -1.0698      10.2993
 4060.77       1.6001      11.2389
 4061.81       0.9949      11.1763
 4062.85      -2.6091      10.4715
 4063.89      -0.0667      11.1410
 4064.92       1.6640      11.5550
 4065.96       2.6609      12.0546
 4067.00       4.0456      11.8445
 4068.04       4.2326      11.2302
 4069.08      -0.0671      10.4977
 4070.11      -1.7822       9.9334
 4071.15       0.9025      10.3161
 4072.19       2.8711      10.6813
 4073.23       5.5951      10.9730
 4074.26       4.2149      10.8120
 4075.30       0.6478      10.0898
 4076.34       2.9152      10.8029
 4077.38       3.8569      11.1944
 4078.42       0.8719      10.0809
 4079.45       2.9734      10.5840
 4080.49       5.1613      10.9302
 4081.53       3.3492      10.4412
 4082.57       1.2546      10.1545
 4083.60       2.3303      10.1140
 4084.64       2.8691      10.3757
 4085.68       3.7677      10.7126
 4086.72       2.6052      10.5947
 4087.75      -1.2254       9.6171
 4088.79      -0.6932       9.4367
 4089.83       2.9165      10.2918
 4090.87       3.7199      10.4290
 4091.91      -0.4096       9.4496
 4092.94      -0.7783       9.5363
 4093.98       1.8507       9.9880
 4095.02       1.8936       9.5505
 4096.06       4.0552       9.5337
 4097.09       2.2968       9.2125
 4098.13       0.4385       9.2841
 4099.17       0.5037       9.0234
 4100.21       0.6231       8.5165
 4101.25       1.3175       8.5257
 4102.28       1.8406       8.4817
 4103.32       2.6216       8.4198
 4104.36       1.7253       8.2511
 4105.40       1.1126       8.2790
 4106.43       2.8377       9.1137
 4107.47       2.2302       9.0214
 4108.51      -0.8141       7.7318
 4109.55       1.1719       7.8438
 4110.58       2.6391       8.3382
 4111.62       2.8454       8.3672
 4112.66       4.3210       8.5969
 4113.70       0.1026       7.7756
 4114.74      -3.4276       7.3450
 4115.77       1.7261       8.6563
 4116.81       2.8262       8.4236
 4117.85       1.6809       7.7125
 4118.89       4.6263       8.6365
 4119.92       4.6983       8.6104
 4120.96       4.2680       8.2496
 4122.00       4.5405       8.6341
 4123.04       0.9846       7.9469
 4124.08       0.3581       7.7110
 4125.11       3.0575       8.2236
 4126.15       3.2246       8.1182
 4127.19      -0.0830       7.6881
 4128.23      -1.4047       7.5585
 4129.26      -0.9147       7.4813
 4130.30       2.1436       7.8583
 4131.34       5.0731       8.4607
 4132.38       2.8875       8.1515
 4133.42      -1.0762       7.4153
 4134.45       0.9420       7.9695
 4135.49       0.0365       8.2212
 4136.53       0.7919       7.9127
 4137.57       2.3680       7.8617
 4138.60      -0.7935       7.7064
 4139.64      -0.8278       7.5331
 4140.68      -0.2453       7.2100
 4141.72       1.3919       7.3953
 4142.75       0.3090       7.2441
 4143.79      -3.1274       6.6785
 4144.83      -0.8610       6.9359
 4145.87      -2.0037       6.9041
 4146.91       0.6271       7.2471
 4147.94       2.8148       7.5476
 4148.98       0.0163       7.1439
 4150.02      -0.0584       7.0859
 4151.06       2.6962       7.6042
 4152.09       0.3246       7.0787
 4153.13       3.7753       7.9670
 4154.17       1.0773       7.7490
 4155.21      -3.2788       6.9973
 4156.25       2.8649       8.4455
 4157.28       2.7203       8.6334
 4158.32      -3.7391       6.9529
 4159.36      -6.4283       6.0244
 4160.40      -2.4518       6.8804
 4161.43       1.0274       7.9182
 4162.47      -1.8167       7.6439
 4163.51      -2.7270       7.5282
 4164.55      -2.1776       7.6806
 4165.59      -0.0683       7.7832
 4166.62       1.1635       8.1592
 4167.66       0.5717       8.1483
 4168.70       1.2082       8.3943
 4169.74       0.5789       8.3027
 4170.77       0.7199       7.9543
 4171.81       0.8034       7.7229
 4172.85      -1.3823       7.1768
 4173.89      -0.6329       7.3338
 4174.92       0.4758       7.5005
 4175.96       3.3729       7.6516
 4177.00       4.6935       8.0826
 4178.04       2.8205       7.6717
 4179.08       2.3349       7.3949
 4180.11      -0.1503       6.8287
 4181.15      -0.5946       6.4920
 4182.19       0.8559       6.6847
 4183.23       0.7573       6.4241
 4184.26       1.0096       6.5071
 4185.30       3.1672       7.1687
 4186.34      -0.1481       6.3340
 4187.38      -1.3333       5.7971
 4188.42      -1.1570       5.7426
 4189.45       0.7981       6.1215
 4190.49       0.9545       6.3215
 4191.53      -0.1140       6.1785
 4192.57       1.0353       6.3650
 4193.60      -0.1488       6.1936
 4194.64       0.5381       6.1650
 4195.68      -2.6253       5.4923
 4196.72      -0.8867       5.5712
 4197.76      -1.4515       5.2715
 4198.79      -0.9238       5.3792
 4199.83      -0.2774       5.5156
 4200.87      -0.4107       5.5714
 4201.91       1.3347       5.9050
 4202.94       0.2522       5.5587
 4203.98      -0.0932       5.6394
 4205.02      -0.5288       5.6547
 4206.06       2.1315       6.2547
 4207.09       4.0792       6.8473
 4208.13       2.3726       6.4934
 4209.17       0.2012       5.8714
 4210.21      -1.2976       5.4472
 4211.25      -3.8677       5.2142
 4212.28      -1.7404       5.2662
 4213.32       1.0286       5.5259
 4214.36       2.3118       6.1212
 4215.40       1.4182       6.6482
 4216.43      -4.4865       6.0494
 4217.47      -0.7689       6.6654
 4218.51      -1.0234       4.6295
 4219.55      -0.1071       5.2474
 4220.59      -0.8034       5.0888
 4221.62       3.0136       5.7283
 4222.66       1.9057       5.6698
 4223.70       3.1771       5.7687
 4224.74       2.1483       5.4337
 4225.77      -0.2099       4.7922
 4226.81      -0.5996       4.4451
 4227.85      -2.0551       4.3230
 4228.89       2.3441       5.3820
 4229.93       3.7224       5.9243
 4230.96      -0.3429       5.1756
 4232.00      -1.1835       4.9449
 4233.04      -0.3237       5.0315
 4234.08       2.9025       5.4163
 4235.11       1.7981       5.2725
 4236.15       1.9836       5.2562
 4237.19       0.6725       4.8568
 4238.23      -1.4883       4.4285
 4239.26       0.7072       4.9512
 4240.30       2.1490       5.2671
 4241.34       1.3157       5.0588
 4242.38      -0.1034       4.7154
 4243.42      -1.2608       4.4644
 4244.45       1.0510       5.0585
 4245.49       4.0833       5.6697
 4246.53       2.0954       5.4700
 4247.57      -0.7321       5.0457
 4248.60      -0.0779       4.9650
 4249.64       3.4674       5.3594
 4250.68      -0.4396       4.9341
 4251.72      -1.3106       4.8976
 4252.76       4.9512       5.8145
 4253.79       3.7756       5.3809
 4254.83      -0.2766       4.7029
 4255.87      -1.3704       4.8274
 4256.91       0.1143       5.0905
 4257.94      -1.5570       4.7526
 4258.98       1.3087       5.0981
 4260.02       0.0030       4.6155
 4261.06      -1.4978       4.4296
 4262.10      -1.9760       4.3031
 4263.13       2.5161       5.0797
 4264.17       1.7510       5.3448
 4265.21      -0.2860       4.9517
 4266.25       2.3688       5.3748
 4267.28       4.5748       5.6108
 4268.32       1.7794       4.9535
 4269.36      -1.5504       4.3712
 4270.40       3.3758       5.2334
 4271.43       3.5952       5.2471
 4272.47       0.7890       4.5704
 4273.51       2.1292       4.7910
 4274.55       2.3001       4.9031
 4275.59       2.5490       4.8642
 4276.62       1.9840       4.8720
 4277.66       2.3412       4.9754
 4278.70       2.6602       4.8804
 4279.74       0.8471       4.5669
 4280.77       1.9180       4.9817
 4281.81       2.7930       4.9020
 4282.85       0.6760       4.4756
 4283.89      -0.0766       4.4706
 4284.93       0.5943       4.4275
 4285.96      -0.2832       4.0976
 4287.00       0.9256       4.3066
 4288.04       3.5130       4.7394
 4289.08       1.1192       4.2317
 4290.11      -0.5537       3.8292
 4291.15       0.2056       4.0705
 4292.19      -0.1556       4.2201
 4293.23       0.3812       4.2404
 4294.27      -1.4073       3.9928
 4295.30      -3.3586       3.7266
 4296.34      -0.2499       3.9678
 4297.38       1.4311       4.1386
 4298.42       1.9897       4.1021
 4299.45       0.6496       3.8081
 4300.49       2.1135       3.9718
 4301.53       0.9649       3.8720
 4302.57      -1.0509       3.4552
 4303.60       0.5729       3.4680
 4304.64      -0.5176       3.3649
 4305.68       0.9631       3.6570
 4306.72      -0.8226       3.4549
 4307.76      -0.0295       3.7058
 4308.79       0.6078       3.9193
 4309.83      -0.4669       3.7883
 4310.87       1.5327       3.8868
 4311.91       3.7965       4.1363
 4312.94       2.5370       4.0658
 4313.98      -0.7046       3.7583
 4315.02      -1.2758       3.8544
 4316.06       1.6114       4.4357
 4317.10      -0.2751       4.2775
 4318.13       0.3655       4.2355
 4319.17      -0.3678       4.0595
 4320.21      -0.3169       4.0516
 4321.25       1.5122       4.2976
 4322.28      -1.1826       3.8384
 4323.32      -0.4381       3.6316
 4324.36       3.7542       4.1563
 4325.40       1.9262       3.9044
 4326.44       1.1106       3.9394
 4327.47       2.5354       4.4083
 4328.51       1.0053       4.2098
 4329.55      -1.2434       3.6923
 4330.59      -0.9691       3.8729
 4331.62       0.5852       4.1722
 4332.66       2.5145       4.3561
 4333.70       1.3997       4.1685
 4334.74       0.2554       3.9733
 4335.77       0.8163       4.0830
 4336.81      -0.3884       3.9680
 4337.85      -1.0829       3.7169
 4338.89       1.3944       3.7798
 4339.93       1.6155       3.7498
 4340.96      -1.0107       3.4197
 4342.00      -0.3618       3.6025
 4343.04       1.5968       4.0055
 4344.08       1.7272       4.1227
 4345.11       1.9266       4.2174
 4346.15       2.2418       4.1366
 4347.19       0.3531       3.8534
 4348.23       1.5763       4.0834
 4349.27       0.9153       3.9304
 4350.30      -0.8998       3.6625
 4351.34       1.5284       3.8361
 4352.38       3.8343       4.1062
 4353.42      -0.0120       3.7302
 4354.45      -0.7818       3.5513
 4355.49       2.5375       4.0609
 4356.53       1.5949       4.0981
 4357.57       0.8573       3.9190
 4358.60      -0.4526       3.7351
 4359.64      -0.5803       3.6170
 4360.68       0.8119       3.6446
 4361.72       1.3390       3.9270
 4362.76       1.3787       3.9677
 4363.79       0.2874       3.8539
 4364.83      -0.2464       3.7266
 4365.87       0.7450       3.6727
 4366.91       1.5780       3.7963
 4367.94      -0.4332       3.5063
 4368.98      -0.6171       3.5677
 4370.02       0.3617       3.7326
 4371.06       0.5828       3.7021
 4372.10       2.8570       3.9318
 4373.13       2.4721       3.9626
 4374.17       0.7583       3.7583
 4375.21       1.8281       3.8796
 4376.25       2.6715       4.0582
 4377.28       1.1611       3.9524
 4378.32       2.0374       4.1034
 4379.36       2.0356       4.0720
 4380.40      -2.2397       3.5314
 4381.44      -1.8174       3.5185
 4382.47       1.5850       3.8310
 4383.51       3.8540       3.9153
 4384.55       1.7383       3.5525
 4385.59      -0.5859       3.3651
 4386.62       1.3977       3.7145
 4387.66       1.6009       3.7732
 4388.70       0.4845       3.6505
 4389.74       1.3657       3.6057
 4390.77       0.4068       3.3756
 4391.81       2.0496       3.7452
 4392.85       2.9252       4.0228
 4393.89       1.8944       3.7085
 4394.93       0.8640       3.5297
 4395.96       1.2882       3.7260
 4397.00       0.8579       3.6741
 4398.04       0.0669       3.5056
 4399.08       0.3699       3.5544
 4400.11       1.3190       3.7164
 4401.15       2.3538       3.9390
 4402.19       1.2537       3.9414
 4403.23       1.4467       3.9491
 4404.27       2.2634       4.1442
 4405.30      -0.2113       3.8497
 4406.34      -0.5360       3.8279
 4407.38       2.7754       4.3914
 4408.42       2.0769       4.3087
 4409.45       1.0778       4.1624
 4410.49       1.2912       4.1826
 4411.53       0.3118       4.1384
 4412.57       2.7981       4.3305
 4413.61       2.7822       4.1924
 4414.64      -0.1315       3.9300
 4415.68       0.2596       4.0177
 4416.72       2.6735       4.3347
 4417.76       2.3972       4.2853
 4418.79       1.1898       4.0511
 4419.83       0.6780       4.1249
 4420.87       1.5589       4.3882
 4421.91       1.8074       4.3447
 4422.94      -0.1859       3.8500
 4423.98      -1.0293       3.7806
 4425.02      -0.4096       3.9265
 4426.06      -0.4279       3.8655
 4427.10       1.3160       4.0114
 4428.13       1.3796       3.9332
 4429.17       0.3385       3.7970
 4430.21       1.7332       3.9500
 4431.25       1.5635       3.9578
 4432.28       0.1299       3.9085
 4433.32       1.7138       3.8953
 4434.36       2.4532       3.7668
 4435.40       1.7931       3.6446
 4436.44       1.3226       3.6962
 4437.47       0.5434       3.7537
 4438.51      -0.2873       3.6656
 4439.55       0.6667       3.7875
 4440.59       1.8914       3.8627
 4441.62      -0.3901       3.4076
 4442.66      -2.0645       3.1061
 4443.70      -1.4647       3.2242
 4444.74       1.5186       3.7634
 4445.78       2.4007       3.9435
 4446.81       0.6166       3.6705
 4447.85       2.0455       3.7627
 4448.89       2.6515       3.7325
 4449.93       1.1288       3.5241
 4450.96       0.9344       3.4531
 4452.00       0.5029       3.3604
 4453.04       0.0694       3.3216
 4454.08       0.1546       3.2293
 4455.11       0.1915       3.1893
 4456.15       0.9769       3.2054
 4457.19       0.4641       3.0301
 4458.23      -1.4089       2.8791
 4459.27      -1.3069       2.9081
 4460.30       0.3001       2.9948
 4461.34       1.4923       3.1080
 4462.38       2.4623       3.2756
 4463.42       2.1852       3.3459
 4464.45       1.0167       3.2808
 4465.49       0.0623       3.1643
 4466.53       0.2940       3.1787
 4467.57       0.3576       3.1992
 4468.61       0.7698       3.2828
 4469.64       0.4628       3.1625
 4470.68       0.4571       3.0928
 4471.72       0.2579       2.9630
 4472.76       0.0641       3.0647
 4473.79       0.9159       3.2891
 4474.83       0.6257       3.3092
 4475.87      -0.4810       3.1742
 4476.91       2.2901       3.3875
 4477.95       2.1835       3.3159
 4478.98       0.3785       3.0738
 4480.02      -1.1708       2.8631
 4481.06      -1.3699       2.8529
 4482.10       0.5271       3.1093
 4483.13       2.4689       3.3827
 4484.17       1.9986       3.3975
 4485.21       0.3588       3.1597
 4486.25       0.9220       3.1915
 4487.28       2.4499       3.4232
 4488.32      -0.5171       2.9857
 4489.36       0.1566       3.0596
 4490.40       0.7258       3.2009
 4491.44      -0.1586       3.0904
 4492.47      -0.4264       3.0551
 4493.51      -0.5166       3.0930
 4494.55       0.6796       3.2457
 4495.59       1.9967       3.5236
 4496.62       1.2504       3.4153
 4497.66       1.2032       3.2195
 4498.70       1.2142       3.2706
 4499.74       0.5987       3.1682
 4500.78      -0.3411       3.0193
 4501.81      -0.7439       3.0099
 4502.85      -0.8889       3.0322
 4503.89      -0.4152       3.1979
 4504.93       2.6421       3.5143
 4505.96       2.1200       3.4198
 4507.00       0.3714       3.2293
 4508.04       1.2089       3.2501
 4509.08       1.9205       3.3579
 4510.12       1.8294       3.3355
 4511.15       1.9286       3.3029
 4512.19       0.1030       3.2561
 4513.23       2.3655       3.3950
 4514.27       3.8391       3.4351
 4515.30       1.1690       3.2687
 4516.34      -0.3806       3.0861
 4517.38       1.5833       3.2196
 4518.42       0.2084       3.1018
 4519.45      -0.1781       3.0874
 4520.49       1.1148       3.2197
 4521.53       0.7519       3.1712
 4522.57       0.8430       3.3519
 4523.61       2.5991       3.4400
 4524.64       1.5078       3.2109
 4525.68       2.7001       3.3661
 4526.72       2.0542       3.2917
 4527.76      -1.8100       3.0196
 4528.79      -1.2526       3.0423
 4529.83       0.6735       3.2614
 4530.87       2.4690       3.5067
 4531.91       2.7528       3.5599
 4532.95       1.1092       3.2910
 4533.98       2.1755       3.3523
 4535.02       2.0714       3.3618
 4536.06      -1.0061       2.9723
 4537.10       1.0176       3.0821
 4538.13       1.7840       3.2580
 4539.17       1.4048       3.2803
 4540.21       0.3031       3.1463
 4541.25       2.5161       3.4359
 4542.29       2.5210       3.4844
 4543.32       1.4469       3.2476
 4544.36       2.7744       3.3382
 4545.40       3.3568       3.3386
 4546.44      -0.8823       2.8464
 4547.47      -1.4057       2.7449
 4548.51       1.9756       3.1163
 4549.55       3.1183       3.2487
 4550.59       1.9766       3.0520
 4551.62       1.8632       3.1011
 4552.66      -2.0586       2.7357
 4553.70      -0.9518       2.7721
 4554.74       3.1835       3.1745
 4555.78      -0.7261       2.7371
 4556.81      -2.7267       2.4749
 4557.85       1.9126       3.0089
 4558.89      -1.4455       2.7978
 4559.93      -0.2843       2.8937
 4560.96       3.4756       3.2154
 4562.00       1.8289       2.9703
 4563.04       0.9730       2.9197
 4564.08       0.0189       2.8743
 4565.12      -0.2179       2.6626
 4566.15       3.4397       2.9785
 4567.19       2.2039       2.9650
 4568.23       1.0923       2.9407
 4569.27       2.9763       3.1982
 4570.30       0.0398       2.7735
 4571.34       0.8844       2.7429
 4572.38       1.6320       2.8473
 4573.42       0.0350       2.6574
 4574.46      -0.0780       2.7547
 4575.49      -0.9343       2.7599
 4576.53      -0.5002       2.7291
 4577.57       2.4067       3.0679
 4578.61       0.4256       2.9637
 4579.64       0.8194       2.9618
 4580.68       2.6773       3.1080
 4581.72       0.0349       2.6994
 4582.76       1.5581       2.9534
 4583.79       2.5879       3.1037
 4584.83       3.0430       3.0475
 4585.87       2.7138       3.0502
 4586.91       0.2326       2.7958
 4587.95       0.8428       2.9549
 4588.98       2.8143       3.2088
 4590.02       0.1001       2.7695
 4591.06       1.5872       2.7541
 4592.10       2.7199       2.8582
 4593.13       0.0301       2.6256
 4594.17       0.6941       2.7357
 4595.21       1.6806       2.7974
 4596.25       1.5194       2.6760
 4597.29      -1.2446       2.4234
 4598.32       0.2472       2.6879
 4599.36       3.2781       2.9872
 4600.40       3.2758       2.9259
 4601.44       1.1307       2.5733
 4602.47       1.6832       2.6950
 4603.51       3.7777       3.0077
 4604.55       0.9185       2.7000
 4605.59      -1.2071       2.4063
 4606.62       0.7570       2.5607
 4607.66       0.0357       2.5904
 4608.70       0.7432       2.8071
 4609.74       1.3459       2.8183
 4610.78       0.6278       2.6527
 4611.81       3.2572       2.9510
 4612.85       2.5509       2.8553
 4613.89       2.1979       2.7805
 4614.93       2.9477       2.8745
 4615.96       2.4007       2.7705
 4617.00       1.4053       2.6964
 4618.04       2.1035       2.6757
 4619.08       1.7422       2.6391
 4620.12       2.2811       2.7683
 4621.15       1.2052       2.7630
 4622.19       0.2239       2.6982
 4623.23      -1.2692       2.4184
 4624.27      -0.6412       2.4442
 4625.30       2.7852       2.7806
 4626.34       1.5601       2.7118
 4627.38       1.6500       2.6540
 4628.42       2.0576       2.7070
 4629.46      -2.7735       2.2188
 4630.49       1.1322       2.4792
 4631.53       3.2642       2.7823
 4632.57       1.1189       2.6254
 4633.61       1.7678       2.6094
 4634.64      -0.3827       2.4953
 4635.68       1.5966       2.6208
 4636.72       2.3551       2.6777
 4637.76       0.8061       2.4985
 4638.79      -0.8075       2.3385
 4639.83      -1.3717       2.2746
 4640.87       1.4420       2.6069
 4641.91       1.1160       2.5997
 4642.95       0.7808       2.5554
 4643.98       1.0841       2.5317
 4645.02      -1.1317       2.0804
 4646.06      -1.0732       1.9597
 4647.10      -0.5140       2.2130
 4648.13       0.8558       2.4156
 4649.17       1.7053       2.5260
 4650.21       1.9101       2.5795
 4651.25       2.9279       2.6847
 4652.29       1.4081       2.5038
 4653.32       0.5243       2.3914
 4654.36       2.5355       2.6393
 4655.40       0.9858       2.4900
 4656.44       1.0391       2.4887
 4657.47       1.2902       2.5879
 4658.51       0.5999       2.5698
 4659.55      -2.1993       2.3332
 4660.59      -1.9694       2.4338
 4661.62       1.5708       2.7349
 4662.66       1.1865       2.6541
 4663.70       1.2114       2.5807
 4664.74      -0.9520       2.3366
 4665.78      -1.2005       2.2134
 4666.81       1.9534       2.5089
 4667.85       0.0536       2.3666
 4668.89      -0.8640       2.2685
 4669.93       1.2514       2.5274
 4670.96       2.1735       2.6671
 4672.00       1.1331       2.5375
 4673.04       1.1964       2.5606
 4674.08       0.8094       2.4873
 4675.12       0.3290       2.4485
 4676.15       1.1012       2.6082
 4677.19       1.8956       2.6019
 4678.23       0.3571       2.3582
 4679.27       1.7149       2.5118
 4680.30       1.2464       2.4327
 4681.34      -0.7040       2.3011
 4682.38       1.0930       2.5078
 4683.42       0.7510       2.4860
 4684.46       0.6496       2.4339
 4685.49       0.8769       2.4406
 4686.53       1.0096       2.3984
 4687.57       1.1890       2.3757
 4688.61      -0.3705       2.2462
 4689.64       0.9160       2.3884
 4690.68       1.6421       2.5042
 4691.72       1.0550       2.4073
 4692.76       3.0652       2.4900
 4693.79       2.6016       2.4696
 4694.83       0.3229       2.2638
 4695.87      -0.5616       2.1695
 4696.91       1.5904       2.3802
 4697.95       1.6624       2.3729
 4698.98       1.7346       2.3419
 4700.02       3.1032       2.4634
 4701.06       1.8449       2.3679
 4702.10      -0.6199       2.0747
 4703.13      -1.0584       2.0139
 4704.17      -0.2236       2.1416
 4705.21       0.5061       2.3007
 4706.25       1.6332       2.3002
 4707.29       2.0261       2.3510
 4708.32       2.1481       2.4270
 4709.36       1.3655       2.2704
 4710.40       0.5046       2.1948
 4711.44       1.1035       2.3369
 4712.47       2.4129       2.3873
 4713.51       2.0457       2.3384
 4714.55       1.6275       2.3374
 4715.59       2.0680       2.3699
 4716.62       2.7307       2.3901
 4717.66       0.5661       2.2540
 4718.70       0.3632       2.2260
 4719.74       2.0422       2.3638
 4720.78       1.1887       2.2651
 4721.81       0.1821       2.1554
 4722.85      -0.0283       2.1731
 4723.89       0.5220       2.2690
 4724.93      -0.4505       2.2257
 4725.96      -0.8989       2.1056
 4727.00       2.0075       2.2497
 4728.04       2.7052       2.3642
 4729.08       0.8263       2.1725
 4730.12       1.9489       2.2284
 4731.15       2.2196       2.2819
 4732.19       0.9043       2.1283
 4733.23       0.7304       2.1136
 4734.27       2.0078       2.2881
 4735.30       2.3729       2.2875
 4736.34       1.2853       2.1681
 4737.38       0.2839       2.1391
 4738.42       1.6377       2.2742
 4739.46       2.5990       2.3142
 4740.49      -0.6417       2.0758
 4741.53       0.3761       2.1578
 4742.57       2.1825       2.3173
 4743.61       0.6199       2.1269
 4744.64       1.3285       2.1968
 4745.68       4.0627       2.3665
 4746.72       2.3944       2.2208
 4747.76       0.3563       2.1371
 4748.80       1.7679       2.2477
 4749.83       1.1199       2.2057
 4750.87       0.1736       2.1037
 4751.91       0.8015       2.0949
 4752.95       0.6114       2.0927
 4753.98       0.1024       1.9997
 4755.02      -0.9904       1.8547
 4756.06      -0.8078       1.9490
 4757.10       1.0217       2.1427
 4758.13       1.1931       2.1493
 4759.17       1.0247       2.1338
 4760.21       0.4775       2.0424
 4761.25      -0.9587       1.9151
 4762.29       0.6110       2.0151
 4763.32       1.8388       2.1028
 4764.36       1.1373       2.0258
 4765.40       0.0764       1.9282
 4766.44      -0.3404       1.9143
 4767.47       0.1340       1.9602
 4768.51       0.1718       1.9815
 4769.55       2.3946       2.1512
 4770.59       3.6556       2.2333
 4771.63       2.0152       2.1176
 4772.66       2.5634       2.1732
 4773.70       1.6489       2.0768
 4774.74      -0.0853       1.9372
 4775.78       0.6518       2.0954
 4776.81       0.8427       2.1020
 4777.85       0.5358       2.0751
 4778.89       1.5371       2.1538
 4779.93       2.1490       2.1250
 4780.97       2.3225       2.1660
 4782.00       1.9713       2.1349
 4783.04      -0.8076       1.8637
 4784.08      -1.0226       1.8750
 4785.12       1.4060       2.1225
 4786.15       2.6459       2.2388
 4787.19       1.6724       2.1405
 4788.23       1.6477       2.1081
 4789.27       1.0553       2.0461
 4790.30       0.1806       1.9777
 4791.34       1.3963       2.1395
 4792.38       0.5497       2.1151
 4793.42       0.0335       2.0577
 4794.46      -0.0380       2.0475
 4795.49      -0.6334       1.9603
 4796.53      -0.9508       1.9094
 4797.57       0.3225       2.0235
 4798.61       2.2752       2.1888
 4799.64       1.7416       2.1931
 4800.68       2.1186       2.2356
 4801.72       2.8624       2.2800
 4802.76       1.3289       2.1871
 4803.80      -0.5511       2.0296
 4804.83      -1.4900       1.8886
 4805.87      -0.1783       1.9776
 4806.91       2.8179       2.2138
 4807.95       3.4049       2.2519
 4808.98       1.9657       2.1170
 4810.02       2.9528       2.1943
 4811.06       2.1953       2.1674
 4812.10       0.5995       2.0431
 4813.14       0.9359       2.1797
 4814.17       1.1843       2.2261
 4815.21       1.4866       2.1921
 4816.25       1.7808       2.2163
 4817.29       2.9620       2.3274
 4818.32       2.5388       2.2856
 4819.36      -0.7940       2.0660
 4820.40       0.5190       2.2208
 4821.44       2.2314       2.4279
 4822.47       1.8232       2.2874
 4823.51       2.6490       2.2852
 4824.55       3.4692       2.4248
 4825.59       2.1533       2.2632
 4826.63      -0.2259       2.1009
 4827.66       1.6163       2.2675
 4828.70       2.6590       2.3706
 4829.74       1.4067       2.2326
 4830.78       1.4309       2.2068
 4831.81       1.1278       2.2127
 4832.85       0.0985       2.1271
 4833.89       0.5439       2.1896
 4834.93      -1.0445       2.0582
 4835.97       1.3293       2.2125
 4837.00       2.4597       2.3177
 4838.04       0.6451       2.1571
 4839.08       1.2106       2.1606
 4840.12       0.9033       2.1151
 4841.15       1.8143       2.2325
 4842.19       3.3421       2.3672
 4843.23       0.8138       2.1124
 4844.27       0.9728       2.1113
 4845.31       2.7126       2.2318
 4846.34       0.1908       2.0660
 4847.38      -1.0905       1.9677
 4848.42       0.3363       1.9310
 4849.46       1.7233       2.0451
 4850.49       0.8207       1.9730
 4851.53       0.2814       1.8627
 4852.57       0.1897       1.8888
 4853.61       0.3648       1.8799
 4854.64       0.5841       1.7014
 4855.68       2.1831       2.0927
 4856.72       1.6452       2.3519
 4857.76       2.3847       2.3344
 4858.80       2.6645       1.9368
 4859.83       1.4576       1.6559
 4860.87       0.2486       1.7334
 4861.91      -2.3613       1.5576
 4862.95      -0.8347       1.5854
 4863.98       0.1164       1.5948
 4865.02       0.7796       1.6738
 4866.06       1.2903       1.6932
 4867.10       0.3720       1.6421
 4868.14       0.6129       1.7033
 4869.17       1.0529       1.7191
 4870.21       0.7173       1.7569
 4871.25       1.2175       1.8881
 4872.29       1.4379       1.7343
 4873.32       0.6962       1.5398
 4874.36       2.3045       1.7093
 4875.40       3.7463       1.8008
 4876.44       2.2344       1.7421
 4877.48       2.5557       1.8029
 4878.51       3.5694       1.9112
 4879.55       3.2520       1.8582
 4880.59       0.4177       1.6292
 4881.63       1.4346       1.6951
 4882.66       2.5898       1.7991
 4883.70       0.4369       1.6546
 4884.74       1.5071       1.6897
 4885.78       1.6028       1.7381
 4886.81       1.0940       1.7575
 4887.85       0.3392       1.6658
 4888.89      -0.4018       1.5673
 4889.93      -0.7071       1.5298
 4890.97      -0.2194       1.5532
 4892.00       0.1981       1.6354
 4893.04       1.0150       1.6955
 4894.08       2.2995       1.8256
 4895.12       1.8606       1.8268
 4896.15       1.2137       1.7737
 4897.19       0.7173       1.7320
 4898.23       0.5823       1.6822
 4899.27       1.5434       1.8169
 4900.31       1.8119       1.8734
 4901.34       0.9933       1.7362
 4902.38      -0.3471       1.5890
 4903.42      -0.0032       1.6427
 4904.46       1.0787       1.7356
 4905.49      -0.3800       1.6536
 4906.53       0.4472       1.7071
 4907.57       0.7297       1.6917
 4908.61       0.7465       1.7115
 4909.65       2.1927       1.8088
 4910.68       0.6471       1.6592
 4911.72      -0.1971       1.6251
 4912.76       2.2320       1.7693
 4913.80       1.7985       1.7750
 4914.83      -0.3190       1.6474
 4915.87      -0.7189       1.6119
 4916.91       0.1269       1.6405
 4917.95       2.2313       1.7346
 4918.98       1.7749       1.6663
 4920.02       0.7612       1.6039
 4921.06       2.2109       1.7385
 4922.10       1.6943       1.6830
 4923.14       1.8770       1.7290
 4924.17       2.6000       1.8174
 4925.21       1.8096       1.7437
 4926.25       1.1811       1.6587
 4927.29       1.4872       1.6881
 4928.32       0.8376       1.6679
 4929.36       0.4978       1.6538
 4930.40       1.5891       1.7149
 4931.44       0.5778       1.6316
 4932.48       1.0200       1.6412
 4933.51       1.2942       1.6571
 4934.55       0.8481       1.6333
 4935.59       0.3585       1.6673
 4936.63       1.8831       1.7610
 4937.66       1.9550       1.7549
 4938.70       0.4133       1.5892
 4939.74       0.1653       1.5481
 4940.78       0.2814       1.5787
 4941.81       0.5092       1.6434
 4942.85       0.0996       1.6212
 4943.89       1.2960       1.7072
 4944.93       2.1100       1.7290
 4945.97       1.4719       1.6761
 4947.00       0.9043       1.6164
 4948.04      -0.8017       1.5076
 4949.08       0.5430       1.6455
 4950.12       2.0314       1.7679
 4951.15       0.8739       1.6736
 4952.19       0.2577       1.6422
 4953.23       1.1975       1.7299
 4954.27       1.3058       1.7049
 4955.31       1.0773       1.6722
 4956.34       1.7279       1.7016
 4957.38       1.8018       1.6875
 4958.42       1.1145       1.6532
 4959.46       1.3127       1.6592
 4960.49       0.4608       1.6127
 4961.53       0.5775       1.6358
 4962.57       1.8028       1.7633
 4963.61       2.1323       1.7959
 4964.65       0.9492       1.6593
 4965.68       0.2770       1.6139
 4966.72       2.3900       1.7901
 4967.76       1.1465       1.6861
 4968.80      -1.0614       1.5237
 4969.83       1.3735       1.7036
 4970.87       3.3244       1.8838
 4971.91       1.9960       1.7813
 4972.95       0.9978       1.6816
 4973.98       0.9399       1.6495
 4975.02       0.9594       1.6210
 4976.06       0.4721       1.6305
 4977.10       0.9661       1.6911
 4978.14       2.9042       1.7915
 4979.17       2.3781       1.7497
 4980.21      -0.2712       1.5333
 4981.25       0.1606       1.5163
 4982.29       1.0837       1.5156
 4983.32       0.7058       1.4398
 4984.36      -1.3470       1.3005
 4985.40       1.1739       1.5255
 4986.44       2.5668       1.6948
 4987.48       1.1962       1.6157
 4988.51       1.6653       1.6645
 4989.55       1.2991       1.6228
 4990.59       1.5765       1.6309
 4991.63       1.6167       1.6643
 4992.66       1.7445       1.6899
 4993.70       1.8387       1.6589
 4994.74       2.8641       1.7212
 4995.78       2.7084       1.6752
 4996.81       0.9407       1.5409
 4997.85      -0.3558       1.4800
 4998.89       0.6379       1.5340
 4999.93       2.1201       1.6066
 5000.97       1.3627       1.5636
 5002.00       1.1242       1.5283
 5003.04       2.4585       1.6061
 5004.08       1.9582       1.5692
 5005.12       1.4748       1.5498
 5006.15       1.3902       1.5610
 5007.19       1.3284       1.5187
 5008.23       0.1206       1.4472
 5009.27       0.7757       1.5001
 5010.31       0.5902       1.4787
 5011.34       1.3408       1.4716
 5012.38       2.3403       1.4869
 5013.42       1.7453       1.4712
 5014.46       1.8388       1.5383
 5015.49       1.7289       1.5250
 5016.53       1.4558       1.4796
 5017.57       1.8339       1.4468
 5018.61       0.9079       1.4052
 5019.65       0.4988       1.4056
 5020.68       0.9476       1.4439
 5021.72       1.7276       1.5201
 5022.76       2.3697       1.5257
 5023.80       2.3950       1.5305
 5024.83       2.4605       1.5374
 5025.87       1.5324       1.4749
 5026.91       1.2585       1.4622
 5027.95       0.2272       1.3642
 5028.98      -0.2522       1.3060
 5030.02       0.9328       1.4312
 5031.06       0.5158       1.4297
 5032.10       0.1884       1.3986
 5033.14       0.8178       1.4258
 5034.17       0.4484       1.3746
 5035.21       0.5267       1.3915
 5036.25       1.0776       1.4003
 5037.29       0.9492       1.4127
 5038.32       0.8676       1.4301
 5039.36       0.5555       1.3765
 5040.40       0.1753       1.3393
 5041.44       0.8121       1.3496
 5042.48       1.4730       1.4085
 5043.51       1.5282       1.4441
 5044.55       0.6715       1.4054
 5045.59       0.6435       1.4028
 5046.63       1.4941       1.4981
 5047.66       1.0263       1.4717
 5048.70       0.4434       1.4250
 5049.74       1.5289       1.4474
 5050.78       0.6366       1.3749
 5051.82       1.3859       1.4430
 5052.85       1.5211       1.4492
 5053.89       0.9760       1.4185
 5054.93       1.3307       1.4431
 5055.97      -0.0758       1.3288
 5057.00      -0.0959       1.3412
 5058.04       1.8414       1.5091
 5059.08       1.8822       1.5247
 5060.12       1.1117       1.4682
 5061.16       1.0522       1.4614
 5062.19       0.7907       1.4322
 5063.23      -0.5311       1.3359
 5064.27       0.9998       1.3980
 5065.31       2.9660       1.5174
 5066.34       3.2438       1.5547
 5067.38       2.2453       1.4940
 5068.42       1.4953       1.4567
 5069.46       1.1065       1.4040
 5070.49       0.6963       1.3766
 5071.53       1.9891       1.4823
 5072.57       2.1570       1.4531
 5073.61       0.8125       1.3859
 5074.65       2.0608       1.4860
 5075.68       1.2105       1.3854
 5076.72       0.8881       1.3724
 5077.76       0.7232       1.3870
 5078.80       0.7467       1.3545
 5079.83       2.7219       1.4682
 5080.87       2.8296       1.4667
 5081.91       0.7132       1.3054
 5082.95       0.3435       1.2784
 5083.99       1.6745       1.4100
 5085.02       2.5549       1.4988
 5086.06       2.3157       1.5061
 5087.10       2.2897       1.4972
 5088.14       1.4364       1.4366
 5089.17       0.5697       1.3698
 5090.21       0.5759       1.3628
 5091.25       0.4284       1.3493
 5092.29      -0.1330       1.3169
 5093.33       1.0837       1.4140
 5094.36       2.6174       1.5064
 5095.40       2.7463       1.5033
 5096.44       1.4791       1.3819
 5097.48       0.5038       1.2765
 5098.51       0.8982       1.3142
 5099.55       1.5536       1.3804
 5100.59       2.8202       1.5028
 5101.63       3.8114       1.5548
 5102.66       2.5882       1.4738
 5103.70       1.8398       1.4100
 5104.74       1.1640       1.3606
 5105.78       2.6445       1.4411
 5106.82       2.9316       1.4622
 5107.85       1.0567       1.3496
 5108.89       0.9689       1.3294
 5109.93       0.7654       1.3481
 5110.97       1.0594       1.3706
 5112.00       1.6705       1.3970
 5113.04       1.4594       1.3866
 5114.08       0.0904       1.3070
 5115.12      -0.0404       1.3266
 5116.16       1.2165       1.3985
 5117.19       2.0085       1.4001
 5118.23       0.7058       1.3264
 5119.27      -0.0170       1.2672
 5120.31       0.8913       1.3417
 5121.34       0.5943       1.3147
 5122.38       1.1491       1.3182
 5123.42       1.1696       1.2983
 5124.46       1.4237       1.3043
 5125.50       0.7183       1.3109
 5126.53       0.8530       1.3013
 5127.57       2.2887       1.3606
 5128.61       1.1652       1.2997
 5129.65       0.3234       1.2724
 5130.68       1.3933       1.3772
 5131.72       0.9698       1.3596
 5132.76       0.7102       1.3450
 5133.80       0.8982       1.3342
 5134.83       2.7206       1.4709
 5135.87       2.2905       1.4755
 5136.91       1.2258       1.3923
 5137.95       2.6948       1.4326
 5138.99       2.4519       1.3914
 5140.02      -1.1788       1.1949
 5141.06      -0.8005       1.2396
 5142.10       1.3550       1.3726
 5143.14      -0.0658       1.2640
 5144.17       0.6669       1.3391
 5145.21       1.3094       1.3652
 5146.25       2.3397       1.4095
 5147.29       1.9108       1.3680
 5148.33       0.9111       1.2954
 5149.36       1.6043       1.3447
 5150.40       0.9973       1.3214
 5151.44       0.6483       1.2968
 5152.48       1.7365       1.3396
 5153.51       2.4252       1.3721
 5154.55       1.7508       1.3346
 5155.59      -0.0330       1.2242
 5156.63       1.2257       1.3013
 5157.67       2.5196       1.4000
 5158.70       0.7560       1.2821
 5159.74       0.6172       1.2737
 5160.78       0.5505       1.2418
 5161.82       2.3687       1.3619
 5162.85       1.7308       1.2864
 5163.89       1.5839       1.2767
 5164.93       1.4496       1.2520
 5165.97       1.9188       1.2379
 5167.00       1.6617       1.1866
 5168.04       2.6900       1.2210
 5169.08       2.1796       1.2046
 5170.12       0.9849       1.1645
 5171.16       1.8895       1.1822
 5172.19       1.7063       1.1523
 5173.23       1.9808       1.1915
 5174.27       2.0100       1.2199
 5175.31       2.4732       1.2486
 5176.34       2.2636       1.2372
 5177.38       2.0485       1.2654
 5178.42       0.9309       1.1710
 5179.46       1.7307       1.2455
 5180.50       2.2225       1.2346
 5181.53       3.0999       1.2455
 5182.57       1.6301       1.1348
 5183.61       0.6696       1.0442
 5184.65       0.0942       1.0190
 5185.68       1.1879       1.1422
 5186.72       2.1807       1.2380
 5187.76       2.1052       1.2922
 5188.80      -0.2476       1.1557
 5189.83       0.0687       1.1554
 5190.87       1.5903       1.2047
 5191.91       0.5662       1.1041
 5192.95       0.1206       1.0727
 5193.99       1.8819       1.1695
 5195.02       0.0256       1.0875
 5196.06       0.3805       1.2080
 5197.10       0.9068       1.3651
 5198.14       1.5769       1.4788
 5199.17       0.6399       1.4416
 5200.21       1.7204       1.4747
 5201.25       2.4436       1.4513
 5202.29       2.5040       1.4094
 5203.33       0.0126       1.2089
 5204.36       0.2230       1.1698
 5205.40       1.4247       1.1710
 5206.44       1.8424       1.1867
 5207.48       1.6683       1.1813
 5208.51       2.6425       1.2553
 5209.55       1.9671       1.2310
 5210.59       1.0364       1.1788
 5211.63       0.6993       1.1616
 5212.67       0.6435       1.1653
 5213.70       1.3288       1.2094
 5214.74       2.1390       1.2662
 5215.78       0.6021       1.1608
 5216.82       1.8005       1.2714
 5217.85       1.9430       1.2644
 5218.89       3.5501       1.4058
 5219.93       2.4093       1.3268
 5220.97      -0.1297       1.1475
 5222.00       0.2952       1.1968
 5223.04       2.0528       1.3649
 5224.08       2.1402       1.3464
 5225.12       1.2470       1.2787
 5226.16       2.9299       1.3050
 5227.19       2.4130       1.2225
 5228.23       0.8752       1.1590
 5229.27       0.6283       1.1525
 5230.31       0.2660       1.1397
 5231.34       1.9176       1.2543
 5232.38       1.9580       1.2711
 5233.42       1.2732       1.1779
 5234.46       1.1478       1.1357
 5235.50       0.6111       1.1588
 5236.53       1.0300       1.2125
 5237.57       0.4772       1.2465
 5238.61       1.8308       1.3620
 5239.65       2.4013       1.3743
 5240.68       1.3944       1.2558
 5241.72       1.4666       1.1921
 5242.76       1.2502       1.1577
 5243.80       2.9765       1.2779
 5244.83       1.2421       1.1703
 5245.87      -0.7858       1.0621
 5246.91      -0.5166       1.0969
 5247.95      -0.1651       1.1151
 5248.99       0.7206       1.1731
 5250.02       0.6574       1.1940
 5251.06       1.6195       1.2010
 5252.10       1.4926       1.1825
 5253.14       1.9629       1.2127
 5254.17       1.8540       1.2724
 5255.21       0.5687       1.2649
 5256.25       0.5124       1.2271
 5257.29      -0.1137       1.1768
 5258.33       2.1924       1.2955
 5259.36       4.0422       1.3528
 5260.40       2.5997       1.2294
 5261.44       2.4296       1.2029
 5262.48       1.8496       1.1673
 5263.51       0.5640       1.0510
 5264.55       0.6180       1.0206
 5265.59       0.8398       1.0279
 5266.63       1.8080       1.1094
 5267.67       2.0782       1.1284
 5268.70       1.3421       1.0959
 5269.74       0.6443       1.0601
 5270.78       0.6958       1.0764
 5271.82       0.9131       1.1012
 5272.85       2.0617       1.1891
 5273.89       1.8791       1.1899
 5274.93       0.5388       1.1145
 5275.97       0.4770       1.1652
 5277.00       1.3998       1.2086
 5278.04       1.6622       1.1938
 5279.08       1.7407       1.2027
 5280.12       1.6654       1.1682
 5281.16       1.6795       1.1558
 5282.19       1.3536       1.1124
 5283.23       0.6851       1.0707
 5284.27       0.8388       1.1203
 5285.31       1.5356       1.1515
 5286.34       0.9043       1.1099
 5287.38       2.3196       1.2313
 5288.42       2.1945       1.2078
 5289.46       1.0497       1.1324
 5290.50       2.9309       1.2494
 5291.53       2.6269       1.2409
 5292.57       2.2361       1.2283
 5293.61       0.9862       1.1593
 5294.65       1.0549       1.1850
 5295.68       1.6380       1.2044
 5296.72       1.6351       1.1808
 5297.76       3.1959       1.2781
 5298.80       1.4656       1.2085
 5299.83       1.3165       1.1966
 5300.87       2.0186       1.2413
 5301.91       1.5690       1.2225
 5302.95       0.9926       1.2014
 5303.99       1.9838       1.2895
 5305.02       2.6517       1.3175
 5306.06       3.1426       1.3247
 5307.10       3.6207       1.3503
 5308.14       2.1856       1.2770
 5309.17       0.8124       1.1926
 5310.21       1.7625       1.2252
 5311.25       1.3058       1.2264
 5312.29       0.3986       1.1771
 5313.33       0.0287       1.1541
 5314.36       0.9268       1.1549
 5315.40       2.6508       1.2274
 5316.44       1.7560       1.2383
 5317.48       0.5611       1.1884
 5318.51       2.0214       1.2184
 5319.55       0.6449       1.1783
 5320.59       0.0765       1.1985
 5321.63       0.0119       1.1422
 5322.67      -0.1084       1.1233
 5323.70       1.4402       1.2126
 5324.74       2.4228       1.2543
 5325.78       0.5828       1.1277
 5326.82       1.2282       1.1469
 5327.85       2.0209       1.1602
 5328.89      -0.3802       1.0569
 5329.93       0.4615       1.1614
 5330.97       1.1445       1.2060
 5332.00       0.4988       1.1407
 5333.04       1.9800       1.2199
 5334.08       2.9039       1.2739
 5335.12       0.7874       1.1564
 5336.16      -0.2631       1.1116
 5337.19       2.8218       1.2910
 5338.23       2.0220       1.1958
 5339.27       1.3025       1.1172
 5340.31      -0.3024       1.0317
 5341.34       0.9551       1.1099
 5342.38       1.9631       1.1708
 5343.42       1.5914       1.1646
 5344.46      -0.0045       1.0919
 5345.50       1.4422       1.1835
 5346.53       1.9353       1.1997
 5347.57       1.9929       1.2200
 5348.61      -0.6826       1.0835
 5349.65       0.8933       1.1582
 5350.68       0.5812       1.1303
 5351.72       0.0453       1.0803
 5352.76       1.9094       1.1832
 5353.80       1.5874       1.1678
 5354.84       1.2960       1.1688
 5355.87       1.5038       1.1805
 5356.91       1.3403       1.1904
 5357.95       2.5326       1.2480
 5358.99       1.5861       1.1999
 5360.02       1.9782       1.2044
 5361.06       1.1742       1.1398
 5362.10       2.2905       1.1813
 5363.14       0.9522       1.1129
 5364.17       0.8815       1.1123
 5365.21      -0.1481       1.0666
 5366.25       1.0291       1.1290
 5367.29       2.0149       1.1859
 5368.33       2.6188       1.2331
 5369.36       0.0282       1.0877
 5370.40      -0.6160       1.0207
 5371.44       0.3689       1.1050
 5372.48      -0.4682       1.0581
 5373.51       0.9908       1.1387
 5374.55       2.6781       1.2413
 5375.59       2.3175       1.2347
 5376.63       0.9542       1.1349
 5377.67       1.5505       1.1840
 5378.70       1.0851       1.1554
 5379.74      -0.2402       1.1012
 5380.78       0.9333       1.1382
 5381.82       2.5010       1.2065
 5382.85       2.3333       1.1908
 5383.89       2.1611       1.1949
 5384.93       0.5286       1.1109
 5385.97      -0.8407       1.0317
 5387.01       1.4691       1.1656
 5388.04       1.9812       1.1737
 5389.08       2.8176       1.2127
 5390.12       2.2789       1.1801
 5391.16       1.5804       1.1440
 5392.19       1.3741       1.1183
 5393.23       1.2661       1.0957
 5394.27       1.3191       1.1200
 5395.31       1.3342       1.0949
 5396.34       2.7570       1.1769
 5397.38       0.5090       1.0513
 5398.42       0.1045       1.0278
 5399.46       1.1312       1.0916
 5400.50       0.7988       1.0642
 5401.53       1.1120       1.0831
 5402.57       1.4080       1.1154
 5403.61       1.3078       1.0916
 5404.65       1.2235       1.0246
 5405.68       0.9920       1.0227
 5406.72       1.3167       1.0711
 5407.76       0.7809       1.0456
 5408.80       0.9321       1.0676
 5409.84       1.7748       1.1231
 5410.87       1.4537       1.0839
 5411.91       1.9923       1.1276
 5412.95       2.0730       1.1815
 5413.99       0.8661       1.1482
 5415.02       0.9069       1.0847
 5416.06       2.0363       1.1237
 5417.10       2.2152       1.1316
 5418.14       0.9507       1.0862
 5419.18       0.3682       1.0579
 5420.21       0.6122       1.0624
 5421.25       1.8138       1.1366
 5422.29       1.9457       1.1431
 5423.33       0.8610       1.0656
 5424.36       0.4790       1.0368
 5425.40       1.9283       1.1238
 5426.44       0.7906       1.0875
 5427.48       0.2010       1.0430
 5428.52       1.3344       1.1043
 5429.55       1.1950       1.0907
 5430.59       0.5619       1.0415
 5431.63       0.3199       1.0252
 5432.67       1.5210       1.1243
 5433.70       1.8522       1.1730
 5434.74       2.2220       1.1655
 5435.78       2.0074       1.1219
 5436.82       0.5745       1.0535
 5437.85      -0.0876       1.0377
 5438.89       1.3995       1.1230
 5439.93       0.6200       1.1256
 5440.97       0.8413       1.1135
 5442.01       0.6054       1.1052
 5443.04       0.1966       1.1053
 5444.08       2.4109       1.2050
 5445.12       2.1495       1.1659
 5446.16       0.7256       1.0834
 5447.19       0.2620       1.0574
 5448.23       0.6854       1.0836
 5449.27       2.2568       1.1939
 5450.31       2.8888       1.2672
 5451.35       1.5362       1.2028
 5452.38       2.2668       1.2185
 5453.42       1.8589       1.1645
 5454.46       0.6596       1.0748
 5455.50       1.7368       1.1429
 5456.53       1.1278       1.0889
 5457.57       0.2789       1.0553
 5458.61       1.3921       1.1750
 5459.65       1.9316       1.2599
 5460.69       1.4779       1.2138
 5461.72       1.9166       1.2156
 5462.76       2.3261       1.2205
 5463.80       2.7654       1.2211
 5464.84       1.4224       1.1334
 5465.87       1.6825       1.1239
 5466.91       2.4452       1.1731
 5467.95       1.4043       1.1377
 5468.99       2.4227       1.1971
 5470.02       1.8022       1.1687
 5471.06       0.3046       1.0424
 5472.10       0.6663       1.0864
 5473.14       0.9087       1.0936
 5474.18       0.6559       1.1003
 5475.21       0.6044       1.0875
 5476.25       1.2004       1.0710
 5477.29       2.5073       1.1564
 5478.33       2.0062       1.1451
 5479.36       0.4997       1.0627
 5480.40       1.6696       1.1127
 5481.44       1.0448       1.0904
 5482.48       1.8701       1.1509
 5483.52       1.4237       1.1489
 5484.55       0.0723       1.0783
 5485.59       1.8054       1.1764
 5486.63       1.2771       1.1532
 5487.67       0.6785       1.0764
 5488.70       1.4775       1.1045
 5489.74       1.3750       1.1182
 5490.78       1.0469       1.1011
 5491.82       1.0595       1.1086
 5492.85       1.7581       1.1545
 5493.89       0.6688       1.1094
 5494.93      -0.3867       1.0540
 5495.97       1.2223       1.1256
 5497.01       2.0911       1.1752
 5498.04       0.9204       1.1315
 5499.08       0.7260       1.1304
 5500.12       1.2282       1.1746
 5501.16       1.9492       1.1838
 5502.19       1.2138       1.1540
 5503.23       1.8942       1.2217
 5504.27       3.4852       1.2749
 5505.31       0.6299       1.0896
 5506.35      -0.2322       1.0850
 5507.38       1.6360       1.2046
 5508.42       1.8789       1.2024
 5509.46       2.0849       1.2103
 5510.50       2.1112       1.2253
 5511.53       1.6149       1.2096
 5512.57       2.1013       1.2244
 5513.61       1.9147       1.1824
 5514.65       0.2170       1.1006
 5515.69       1.5079       1.1928
 5516.72       2.7082       1.2464
 5517.76       2.0565       1.2157
 5518.80       1.1583       1.1680
 5519.84       1.6998       1.1594
 5520.87       0.6122       1.1027
 5521.91       0.7768       1.1616
 5522.95       0.8236       1.1455
 5523.99       1.9474       1.1860
 5525.02       4.9798       1.3639
 5526.06       1.7479       1.1609
 5527.10       1.7989       1.1484
 5528.14       1.3382       1.1423
 5529.18       2.1302       1.1698
 5530.21       1.7425       1.1618
 5531.25       0.4824       1.0951
 5532.29       0.7424       1.1343
 5533.33      -0.1795       1.0834
 5534.36       0.0780       1.0770
 5535.40       1.8232       1.1833
 5536.44       2.4398       1.2528
 5537.48       2.2745       1.2061
 5538.52       1.3893       1.1697
 5539.55       0.4924       1.1120
 5540.59       0.4225       1.1582
 5541.63       0.1351       1.1707
 5542.67       1.6427       1.2697
 5543.70       1.6303       1.3254
 5544.74       2.4585       1.3773
 5545.78       3.2505       1.3645
 5546.82       2.4993       1.3111
 5547.85       1.2640       1.2195
 5548.89       0.4310       1.1725
 5549.93       2.4784       1.3094
 5550.97       2.9565       1.3302
 5552.01       0.9387       1.2191
 5553.04       0.2304       1.1385
 5554.08       1.0687       1.1677
 5555.12       1.3711       1.1987
 5556.16       1.4230       1.2369
 5557.19       1.7146       1.2586
 5558.23       1.8107       1.2623
 5559.27       1.0770       1.2065
 5560.31       1.7280       1.2324
 5561.35       0.1729       1.2409
 5562.38       0.5235       1.3021
 5563.42       0.7408       1.3542
 5564.46       1.6733       1.4202
 5565.50       1.5883       1.3580
 5566.53       0.8455       1.2537
 5567.57       0.7546       1.2449
 5568.61       1.3385       1.2980
 5569.65       1.4307       1.3376
 5570.69       1.5189       1.3534
 5571.72       0.8592       1.3262
 5572.76       2.0642       1.6042
 5573.80       3.9994       1.8080
 5574.84       2.2874       6.3721
 5575.87       1.4120      26.3326
 5576.91       2.4911      49.7882
 5577.95       2.8884      54.3959
 5578.99       1.3736      34.7427
 5580.02       3.1527      11.1290
 5581.06      -0.0944       1.8154
 5582.10       0.0123       1.3227
 5583.14       1.8219       1.4817
 5584.18       0.8314       1.2831
 5585.21       0.9114       1.2595
 5586.25       3.2740       1.3896
 5587.29       2.4574       1.3568
 5588.33       1.0714       1.3328
 5589.36       0.9863       1.3387
 5590.40       1.9908       1.3808
 5591.44       2.0642       1.3148
 5592.48       0.7417       1.2022
 5593.52       1.4455       1.2258
 5594.55       1.8051       1.2442
 5595.59       1.2270       1.2093
 5596.63       1.9564       1.2880
 5597.67       0.2059       1.2077
 5598.70       2.3230       1.3367
 5599.74      -0.3760       1.1652
 5600.78      -0.5387       1.1331
 5601.82      -0.3311       1.1126
 5602.86      -0.5773       1.1232
 5603.89       0.8799       1.3611
 5604.93       0.6280       1.4260
 5605.97      -0.0565       1.3600
 5607.01       2.8118       1.4311
 5608.04       2.6112       1.3233
 5609.08      -0.2687       1.1977
 5610.12       0.8565       1.2183
 5611.16       0.6987       1.2015
 5612.19       0.2290       1.1992
 5613.23       2.2638       1.3294
 5614.27       2.8304       1.3337
 5615.31       2.0310       1.3086
 5616.35       0.7024       1.2601
 5617.38       2.6410       1.4013
 5618.42       1.3979       1.3148
 5619.46       0.5997       1.2695
 5620.50       1.0567       1.4079
 5621.53       2.6661       1.5604
 5622.57       2.9091       1.5218
 5623.61       1.2645       1.3980
 5624.65       0.9195       1.3501
 5625.69       1.6616       1.3757
 5626.72       1.8492       1.3557
 5627.76       2.6257       1.4007
 5628.80       2.0885       1.3972
 5629.84       2.1351       1.4025
 5630.87       2.0285       1.3781
 5631.91       2.9504       1.4531
 5632.95       1.8002       1.4026
 5633.99       0.4218       1.2999
 5635.03       1.1297       1.3172
 5636.06       2.0289       1.3851
 5637.10       2.6695       1.4387
 5638.14       1.4138       1.3889
 5639.18       1.0713       1.3865
 5640.21       1.1105       1.3911
 5641.25       0.6145       1.3564
 5642.29       0.5390       1.3246
 5643.33       1.8920       1.4570
 5644.36       2.7445       1.5526
 5645.40       2.1835       1.5270
 5646.44       0.6848       1.4318
 5647.48       0.0406       1.3509
 5648.52       0.4593       1.3858
 5649.55       0.8572       1.4029
 5650.59       0.0996       1.3608
 5651.63       0.9392       1.4435
 5652.67       1.1555       1.4586
 5653.70       1.0479       1.4329
 5654.74       1.4843       1.4411
 5655.78       1.0569       1.4372
 5656.82       0.4841       1.3944
 5657.86       0.1402       1.3390
 5658.89       1.9692       1.4839
 5659.93       1.9144       1.5338
 5660.97       0.9289       1.4081
 5662.01       0.1794       1.3993
 5663.04       0.3681       1.4591
 5664.08       2.0662       1.6286
 5665.12      -0.4083       1.4563
 5666.16      -0.8511       1.4181
 5667.20       2.3003       1.6688
 5668.23       0.7863       1.5317
 5669.27       0.3877       1.5534
 5670.31      -0.1074       1.5154
 5671.35       0.8649       1.5800
 5672.38       2.1255       1.6954
 5673.42       0.5704       1.5872
 5674.46       1.6005       1.7156
 5675.50       1.5665       1.6915
 5676.53       0.8892       1.6629
 5677.57       1.1035       1.6726
 5678.61       1.1114       1.7157
 5679.65       1.7399       1.7832
 5680.69       2.4610       1.7908
 5681.72       0.4393       1.6421
 5682.76       0.6633       1.6669
 5683.80       1.7112       1.7957
 5684.84       2.0701       1.8438
 5685.87       1.4605       1.8033
 5686.91       1.4514       1.8060
 5687.95       0.3307       1.7490
 5688.99      -0.6673       1.6305
 5690.03       1.0424       1.8453
 5691.06       2.6869       1.9897
 5692.10       1.4834       1.9473
 5693.14       2.5367       2.0224
 5694.18       1.4044       1.9290
 5695.21       1.4175       1.9098
 5696.25       1.7576       1.9891
 5697.29       0.9329       1.9292
 5698.33       0.3709       1.8720
 5699.37       1.1783       1.9831
 5700.40       2.9264       2.1416
 5701.44       2.1400       2.0206
 5702.48       1.1599       1.9719
 5703.52       1.0329       1.9833
 5704.55       0.8249       1.9334
 5705.59      -3.2219       1.5926
 5706.63      -0.2759       1.8948
 5707.67       1.8183       2.0704
 5708.70       2.2981       2.1111
 5709.74       1.7357       2.0380
 5710.78       1.6990       2.1016
 5711.82       0.3758       2.0042
 5712.86       1.0538       2.0588
 5713.89       0.9941       2.0547
 5714.93       1.3775       2.1163
 5715.97       0.3134       2.0869
 5717.01       1.6085       2.1230
 5718.04       0.3236       2.1663
 5719.08       1.4198       2.2729
 5720.12       1.9808       2.2752
 5721.16       0.8347       2.2488
 5722.20       0.9300       2.2326
 5723.23       2.2989       2.3961
 5724.27       0.2297       2.1589
 5725.31       1.7632       2.3803
 5726.35       2.1274       2.4817
 5727.38      -0.1872       2.2840
 5728.42      -0.6232       2.2024
 5729.46       1.7415       2.4411
 5730.50       2.8636       2.5627
 5731.54       0.4681       2.2634
 5732.57       0.8029       2.4179
 5733.61       1.7503       2.5747
 5734.65       2.4261       2.6320
 5735.69       1.3829       2.5075
 5736.72       0.6054       2.5392
 5737.76       3.2849       2.7621
 5738.80      -0.3508       2.4758
 5739.84      -2.0124       2.4282
 5740.87       0.7215       2.5736
 5741.91       0.8096       2.6080
 5742.95       1.7255       2.6821
 5743.99       1.1277       2.6901
 5745.03       1.0043       2.6962
 5746.06       1.1716       2.6989
 5747.10       0.8006       2.6966
 5748.14       1.3957       2.8096
 5749.18       2.9982       2.9226
 5750.21       2.3042       2.8299
 5751.25       0.9556       2.6771
 5752.29       0.3698       2.4048
 5753.33       3.3667       2.4473
 5754.37       2.4895       2.3191
 5755.40       1.5267       2.2097
 5756.44       1.2841       2.1963
 5757.48       0.8204       2.1544
 5758.52       1.1536       2.2188
 5759.55       1.7250       2.3099
 5760.59       0.2051       2.1159
 5761.63      -0.2188       2.0038
 5762.67       1.2108       2.1153
 5763.71       0.2011       2.0030
 5764.74      -1.4145       1.8174
 5765.78      -0.6393       1.8290
 5766.82       1.4914       2.0350
 5767.86       2.5794       2.1879
 5768.89       1.1027       2.0389
 5769.93      -0.1279       1.9331
 5770.97       0.4001       2.0199
 5772.01       0.9124       2.0477
 5773.04       0.9622       2.0161
 5774.08       0.9436       2.0101
 5775.12       1.1980       2.0242
 5776.16       1.4469       2.0193
 5777.20       1.2726       1.9680
 5778.23       1.4780       1.9464
 5779.27       1.5198       1.9059
 5780.31       0.3797       1.7361
 5781.35       0.4956       1.9282
 5782.38       2.0830       2.2826
 5783.42       2.6040       2.3605
 5784.46       2.3084       2.2949
 5785.50       1.6230       2.2203
 5786.54       1.2780       2.1534
 5787.57       1.1031       2.0539
 5788.61       1.1287       1.9001
 5789.65       0.9329       1.7390
 5790.69       0.4829       1.6818
 5791.72       1.0344       1.7332
 5792.76       1.3809       2.0826
 5793.80       0.7214       2.2306
 5794.84       1.0016       2.2593
 5795.88       1.3832       2.2846
 5796.91       0.8878       2.2704
 5797.95       1.5381       2.1924
 5798.99       2.0693       1.8985
 5800.03       0.7639       1.5330
 5801.06       0.0676       1.5185
 5802.10       0.5444       1.5946
 5803.14       1.4929       1.6828
 5804.18       1.8058       1.6573
 5805.21       1.2020       1.5615
 5806.25       0.7739       1.5102
 5807.29       1.0743       1.5520
 5808.33       1.6843       1.6204
 5809.37       2.0265       1.6415
 5810.40       1.4585       1.5769
 5811.44       0.0673       1.4746
 5812.48       0.3292       1.4859
 5813.52       2.1736       1.5952
 5814.55       2.2200       1.5840
 5815.59       1.4275       1.5102
 5816.63       1.1306       1.4669
 5817.67       0.8583       1.4242
 5818.71       0.9603       1.4146
 5819.74       1.7396       1.4616
 5820.78       1.2959       1.4377
 5821.82       0.2217       1.3678
 5822.86       0.1902       1.3630
 5823.89       0.8567       1.3989
 5824.93       1.7956       1.4539
 5825.97       1.5869       1.4353
 5827.01       1.3160       1.3965
 5828.04       1.7515       1.3916
 5829.08       1.6228       1.3762
 5830.12       1.1040       1.3451
 5831.16       0.8603       1.3147
 5832.20       0.8962       1.3354
 5833.23       0.7803       1.3647
 5834.27       0.1892       1.3156
 5835.31       0.5184       1.2958
 5836.35       1.7139       1.3446
 5837.38       1.9541       1.3404
 5838.42       1.3911       1.3079
 5839.46       1.0217       1.3030
 5840.50       1.2326       1.3067
 5841.54       1.6485       1.2990
 5842.57       1.3114       1.2636
 5843.61       0.6540       1.2076
 5844.65       0.5917       1.1850
 5845.69       1.4759       1.2347
 5846.72       2.1036       1.3038
 5847.76       1.6542       1.3187
 5848.80       1.4667       1.2896
 5849.84       0.8856       1.2067
 5850.88      -0.6991       1.1009
 5851.91      -0.7760       1.0685
 5852.95       0.5646       1.1173
 5853.99       1.7026       1.2061
 5855.03       1.6989       1.2258
 5856.06       0.8991       1.1658
 5857.10       1.1429       1.1798
 5858.14       1.3113       1.1749
 5859.18       0.4851       1.0890
 5860.21       0.5663       1.0779
 5861.25       1.0765       1.1309
 5862.29       0.7246       1.1586
 5863.33       0.4536       1.1645
 5864.37       0.4108       1.1915
 5865.40      -0.0742       1.2635
 5866.44       0.0623       1.3785
 5867.48       1.0496       1.4740
 5868.52       1.6231       1.4808
 5869.55       1.8817       1.4178
 5870.59       2.2536       1.3454
 5871.63       2.3420       1.2941
 5872.67       2.2588       1.2649
 5873.71       2.3556       1.2354
 5874.74       2.4199       1.2139
 5875.78       2.1783       1.1842
 5876.82       1.4955       1.1348
 5877.86       1.6409       1.1233
 5878.89       2.4421       1.1427
 5879.93       2.3020       1.1260
 5880.97       1.6642       1.0787
 5882.01       1.4338       1.0517
 5883.04       1.2681       1.0562
 5884.08       1.2257       1.1130
 5885.12       1.6085       1.2292
 5886.16       1.2603       1.4325
 5887.20       0.3816       1.9089
 5888.23      -0.0213       2.6322
 5889.27       0.3980       3.3731
 5890.31       1.5594       3.8332
 5891.35       1.9049       3.7783
 5892.38       2.1348       3.4088
 5893.42       3.2515       3.0836
 5894.46       3.5436       2.8721
 5895.50       2.5155       2.7392
 5896.54       0.8501       2.6057
 5897.57       1.0041       2.4401
 5898.61       2.8544       2.1217
 5899.65       2.8938       1.6459
 5900.69       1.8780       1.2528
 5901.72       1.7258       1.0854
 5902.76       1.2826       1.0325
 5903.80       1.4299       1.0443
 5904.84       1.7999       1.0657
 5905.88       1.6738       1.0549
 5906.91       1.4471       1.0296
 5907.95       2.1327       1.0484
 5908.99       2.5142       1.0554
 5910.03       2.0741       1.0255
 5911.06       1.8644       1.0013
 5912.10       1.2909       0.9846
 5913.14       0.2775       0.9910
 5914.18       1.1488       1.1216
 5915.21       2.7313       1.2650
 5916.25       2.5064       1.2461
 5917.29       1.9260       1.1544
 5918.33       1.9447       1.0851
 5919.37       1.1121       0.9915
 5920.40       1.0166       0.9572
 5921.44       2.0918       0.9947
 5922.48       2.3197       1.0091
 5923.52       1.6275       0.9869
 5924.55       1.0880       0.9720
 5925.59       1.2865       0.9874
 5926.63       1.7630       1.0096
 5927.67       1.5050       0.9963
 5928.71       1.2648       0.9787
 5929.74       1.5723       0.9973
 5930.78       1.3912       1.0138
 5931.82       1.4618       1.0958
 5932.86       1.8256       1.2120
 5933.89       1.2184       1.2072
 5934.93       0.7897       1.1282
 5935.97       1.4372       1.0735
 5937.01       1.5426       0.9940
 5938.05       0.8209       0.8941
 5939.08       0.8753       0.8441
 5940.12       1.5838       0.8637
 5941.16       1.9896       0.8935
 5942.20       1.4261       0.8654
 5943.23       0.5514       0.8384
 5944.27       0.4930       0.8827
 5945.31       1.5134       0.9643
 5946.35       2.0031       0.9950
 5947.38       0.7952       0.9306
 5948.42       0.6762       0.9103
 5949.46       1.5765       0.9462
 5950.50       0.9356       0.9134
 5951.54       0.5606       0.9324
 5952.57       0.9681       1.0195
 5953.61       0.0264       1.0186
 5954.65      -0.4836       0.9927
 5955.69       1.4105       1.0542
 5956.72       1.8899       1.0081
 5957.76       1.1718       0.8941
 5958.80       1.0806       0.8466
 5959.84       0.9869       0.8407
 5960.88       1.0138       0.8497
 5961.91       1.7278       0.8777
 5962.95       2.1999       0.8871
 5963.99       1.9371       0.8687
 5965.03       1.5484       0.8544
 5966.06       0.9093       0.8262
 5967.10       0.0738       0.7790
 5968.14       0.7956       0.7990
 5969.18       2.1807       0.8693
 5970.22       2.1665       0.9054
 5971.25       1.5257       0.9135
 5972.29       1.0325       0.9059
 5973.33       0.2506       0.8665
 5974.37       0.2669       0.8502
 5975.40       1.1627       0.8831
 5976.44       1.3441       0.9198
 5977.48       0.8968       0.9295
 5978.52       0.8883       0.9117
 5979.55       0.9600       0.9041
 5980.59       0.9156       0.8848
 5981.63       0.6282       0.8059
 5982.67       0.7363       0.7424
 5983.71       1.2606       0.7352
 5984.74       1.4376       0.7701
 5985.78       1.0197       0.7797
 5986.82       0.6456       0.7448
 5987.86       0.3304       0.7241
 5988.89       0.5191       0.7348
 5989.93       1.4396       0.7770
 5990.97       1.9074       0.7983
 5992.01       1.8502       0.7915
 5993.05       1.9196       0.7908
 5994.08       1.5739       0.7781
 5995.12       0.8587       0.7569
 5996.16       0.6610       0.7605
 5997.20       0.9115       0.7807
 5998.23       1.1766       0.7935
 5999.27       1.3627       0.7904
 6000.31       1.4546       0.7813
 6001.35       1.5407       0.7829
 6002.39       1.8133       0.8093
 6003.42       2.1751       0.8468
 6004.46       2.2059       0.8654
 6005.50       1.4478       0.8331
 6006.54       0.6927       0.7740
 6007.57       0.8600       0.7393
 6008.61       1.4505       0.7360
 6009.65       1.3884       0.7322
 6010.69       1.2303       0.7273
 6011.72       1.2033       0.7174
 6012.76       1.2715       0.7116
 6013.80       1.4476       0.7140
 6014.84       1.6800       0.7235
 6015.88       1.6758       0.7253
 6016.91       1.2703       0.7182
 6017.95       0.8456       0.7119
 6018.99       1.3260       0.7287
 6020.03       1.9776       0.7400
 6021.06       1.8554       0.7205
 6022.10       1.5763       0.7071
 6023.14       1.4582       0.7132
 6024.18       1.2789       0.7181
 6025.22       1.5314       0.7327
 6026.25       1.9272       0.7436
 6027.29       1.5684       0.7207
 6028.33       0.9471       0.6913
 6029.37       0.8932       0.6927
 6030.40       1.3916       0.7319
 6031.44       1.8534       0.7709
 6032.48       1.7507       0.7757
 6033.52       1.4794       0.7537
 6034.56       1.4977       0.7429
 6035.59       1.6284       0.7591
 6036.63       1.4684       0.7457
 6037.67       0.8943       0.6890
 6038.71       0.8897       0.6791
 6039.74       1.3640       0.7085
 6040.78       1.7679       0.7299
 6041.82       2.0593       0.7457
 6042.86       1.9702       0.7384
 6043.89       1.7241       0.7138
 6044.93       1.1764       0.6787
 6045.97       0.6253       0.6539
 6047.01       0.4531       0.6474
 6048.05       0.6308       0.6663
 6049.08       0.9001       0.6930
 6050.12       1.4948       0.7129
 6051.16       1.6372       0.6982
 6052.20       0.9568       0.6558
 6053.23       0.8921       0.6530
 6054.27       1.5523       0.6850
 6055.31       2.1203       0.6986
 6056.35       2.0207       0.6967
 6057.39       1.3709       0.6850
 6058.42       1.0212       0.6681
 6059.46       0.9045       0.6574
 6060.50       0.7784       0.6594
 6061.54       1.1814       0.6804
 6062.57       1.4313       0.6963
 6063.61       1.2257       0.6960
 6064.65       1.3167       0.6998
 6065.69       1.9104       0.7210
 6066.73       2.5118       0.7507
 6067.76       2.4984       0.7530
 6068.80       1.7535       0.7127
 6069.84       0.8773       0.6569
 6070.88       0.4697       0.6227
 6071.91       0.5864       0.6234
 6072.95       0.7618       0.6398
 6073.99       0.9066       0.6557
 6075.03       1.3339       0.6722
 6076.06       1.7984       0.6746
 6077.10       2.0426       0.6668
 6078.14       2.1255       0.6684
 6079.18       1.4841       0.6532
 6080.22       0.5143       0.6210
 6081.25       0.5385       0.6139
 6082.29       1.0307       0.6250
 6083.33       1.0113       0.6293
 6084.37       1.0881       0.6320
 6085.40       1.2818       0.6337
 6086.44       1.2847       0.6333
 6087.48       1.4925       0.6460
 6088.52       1.7291       0.6590
 6089.56       1.4391       0.6447
 6090.59       0.9253       0.6168
 6091.63       0.7745       0.6047
 6092.67       1.5164       0.6329
 6093.71       1.9796       0.6534
 6094.74       1.1983       0.6248
 6095.78       0.7486       0.6215
 6096.82       0.9643       0.6453
 6097.86       1.3504       0.6512
 6098.90       1.1055       0.6296
 6099.93       0.4105       0.6073
 6100.97       0.6207       0.6360
 6102.01       0.7714       0.6460
 6103.05       0.3312       0.6038
 6104.08       1.0366       0.6154
 6105.12       1.8962       0.6490
 6106.16       1.4752       0.6339
 6107.20       1.4230       0.6330
 6108.23       1.6743       0.6367
 6109.27       1.2660       0.6049
 6110.31       0.8377       0.5908
 6111.35       0.9134       0.6137
 6112.39       0.7731       0.6140
 6113.42       0.7659       0.6017
 6114.46       1.0924       0.6010
 6115.50       0.9025       0.5915
 6116.54       0.6017       0.5877
 6117.57       0.8634       0.6039
 6118.61       1.1592       0.6078
 6119.65       1.1759       0.5950
 6120.69       0.8432       0.5861
 6121.73       0.9337       0.5980
 6122.76       1.5243       0.6226
 6123.80       1.4598       0.6214
 6124.84       1.4233       0.6155
 6125.88       1.8612       0.6237
 6126.91       1.3796       0.6100
 6127.95       0.4450       0.5806
 6128.99       0.3519       0.5668
 6130.03       0.7067       0.5784
 6131.06       1.0374       0.5998
 6132.10       1.2328       0.6048
 6133.14       1.6729       0.6083
 6134.18       2.1674       0.6176
 6135.22       1.8253       0.6200
 6136.25       1.1958       0.6167
 6137.29       1.2271       0.6226
 6138.33       1.4601       0.6486
 6139.37       1.5101       0.6716
 6140.40       1.4225       0.6666
 6141.44       0.8104       0.6312
 6142.48       0.1874       0.6037
 6143.52       0.6103       0.6331
 6144.56       1.2078       0.6635
 6145.59       1.2739       0.6494
 6146.63       1.1220       0.6237
 6147.67       1.1905       0.6085
 6148.71       1.6991       0.6121
 6149.74       1.2317       0.5894
 6150.78       0.3735       0.5583
 6151.82       0.7661       0.5765
 6152.86       1.1661       0.5907
 6153.90       1.0463       0.5813
 6154.93       0.6625       0.5712
 6155.97       0.7198       0.5709
 6157.01       1.3810       0.5769
 6158.05       1.7480       0.5791
 6159.08       1.5906       0.5710
 6160.12       1.3571       0.5584
 6161.16       0.8968       0.5449
 6162.20       0.7064       0.5422
 6163.23       1.3664       0.5597
 6164.27       1.4734       0.5536
 6165.31       0.6807       0.5282
 6166.35       0.6847       0.5526
 6167.39       1.2946       0.6061
 6168.42       1.6020       0.6367
 6169.46       1.2407       0.6279
 6170.50       0.7596       0.6144
 6171.54       1.0772       0.6396
 6172.57       1.5561       0.6617
 6173.61       1.7488       0.6553
 6174.65       1.6500       0.6373
 6175.69       1.6609       0.6091
 6176.73       1.7695       0.5901
 6177.76       1.1373       0.6380
 6178.80       0.6465       0.6465
 6179.84       0.7629       0.5813
 6180.88       1.1766       0.5502
 6181.91       1.2754       0.5857
 6182.95       1.0195       0.5760
 6183.99       1.0150       0.5684
 6185.03       1.1728       0.5727
 6186.06       0.8316       0.5562
 6187.10       0.4150       0.5431
 6188.14       0.4111       0.5513
 6189.18       0.8186       0.5638
 6190.22       1.2412       0.5742
 6191.25       1.2750       0.5805
 6192.29       1.1340       0.5914
 6193.33       0.9513       0.5883
 6194.37       0.6294       0.5470
 6195.40       0.9456       0.5344
 6196.44       1.7779       0.5692
 6197.48       1.9145       0.5819
 6198.52       1.6299       0.5800
 6199.56       1.7106       0.5932
 6200.59       1.2725       0.5910
 6201.63       0.7813       0.5938
 6202.67       0.9380       0.6212
 6203.71       1.5945       0.6478
 6204.74       1.9227       0.6399
 6205.78       1.1338       0.5829
 6206.82       0.7914       0.5584
 6207.86       1.5030       0.5921
 6208.90       1.7013       0.6009
 6209.93       1.2399       0.5776
 6210.97       0.8428       0.5587
 6212.01       0.8673       0.5642
 6213.05       1.0880       0.5809
 6214.08       0.8982       0.5765
 6215.12       0.2399       0.5451
 6216.16      -0.2322       0.5123
 6217.20       0.2810       0.5129
 6218.23       1.1036       0.5482
 6219.27       1.3578       0.5917
 6220.31       1.1567       0.6292
 6221.35       0.7966       0.6402
 6222.39       0.6744       0.6261
 6223.42       0.7456       0.6074
 6224.46       0.9852       0.5944
 6225.50       1.2587       0.5773
 6226.54       1.3456       0.5596
 6227.57       1.2662       0.5460
 6228.61       1.1553       0.5382
 6229.65       1.0781       0.5417
 6230.69       1.0859       0.5735
 6231.73       1.3896       0.6336
 6232.76       1.5318       0.7317
 6233.80       1.2657       0.8541
 6234.84       1.2426       0.9632
 6235.88       1.5352       1.0239
 6236.91       1.6052       1.0186
 6237.95       1.7456       0.9667
 6238.99       1.8714       0.8908
 6240.03       1.0326       0.7746
 6241.07       0.6124       0.7056
 6242.10       1.4306       0.7120
 6243.14       1.8297       0.7022
 6244.18       1.2796       0.6536
 6245.22       0.7084       0.6202
 6246.25       0.3166       0.5823
 6247.29       0.1478       0.5403
 6248.33       0.5025       0.5320
 6249.37       0.8120       0.5358
 6250.40       0.6371       0.5286
 6251.44       0.5643       0.5297
 6252.48       0.6348       0.5337
 6253.52       0.6514       0.5475
 6254.56       0.4081       0.5755
 6255.59       0.2148       0.6640
 6256.63       0.4195       0.8101
 6257.67       1.4908       0.9483
 6258.71       2.5199       0.9950
 6259.74       2.1941       0.9276
 6260.78       1.2291       0.7966
 6261.82       0.8368       0.6935
 6262.86       1.0407       0.6635
 6263.90       1.3854       0.6799
 6264.93       1.1995       0.6751
 6265.97       0.8796       0.6687
 6267.01       0.7844       0.6514
 6268.05       0.8376       0.6149
 6269.08       0.8500       0.5778
 6270.12       0.4760       0.5423
 6271.16       0.5994       0.5212
 6272.20       1.2477       0.5375
 6273.24       1.8223       0.5783
 6274.27       1.5919       0.5872
 6275.31       0.9405       0.5729
 6276.35       0.7158       0.5751
 6277.39       0.8486       0.5653
 6278.42       1.0055       0.5571
 6279.46       0.9711       0.5857
 6280.50       0.6275       0.5634
 6281.54       0.2921       0.4994
 6282.58       0.8269       0.5031
 6283.61       1.6730       0.5766
 6284.65       2.0852       0.6663
 6285.69       1.7666       0.7452
 6286.73       1.1667       0.7925
 6287.76       0.9386       0.8078
 6288.80       1.2973       0.8056
 6289.84       1.6928       0.7715
 6290.88       1.3633       0.6853
 6291.91       0.8433       0.5838
 6292.95       0.7936       0.5330
 6293.99       1.0075       0.5421
 6295.03       1.4737       0.6278
 6296.07       1.3574       0.8634
 6297.10       1.2930       1.4637
 6298.14       1.4632       2.4777
 6299.18       1.3054       3.4797
 6300.22       0.7638       4.1116
 6301.25       0.3589       4.1233
 6302.29       0.7228       3.5639
 6303.33       1.0739       2.6210
 6304.37       1.0013       1.6828
 6305.41       1.2076       1.1263
 6306.44       1.4835       0.9575
 6307.48       1.4523       0.8945
 6308.52       1.2253       0.8637
 6309.56       0.9818       0.7442
 6310.59       0.7950       0.6218
 6311.63       0.7840       0.5390
 6312.67       1.0415       0.5113
 6313.71       1.4744       0.5093
 6314.75       1.3015       0.4928
 6315.78       0.5279       0.4624
 6316.82       0.7447       0.4878
 6317.86       1.3864       0.5363
 6318.90       1.2554       0.5479
 6319.93       0.9386       0.5584
 6320.97       1.0034       0.5898
 6322.01       1.2312       0.6189
 6323.05       1.6787       0.6211
 6324.08       1.4232       0.5828
 6325.12       0.8329       0.5434
 6326.16       0.1061       0.5434
 6327.20       0.5761       0.6170
 6328.24       1.0277       0.6968
 6329.27       1.4127       0.7681
 6330.31       2.1184       0.8332
 6331.35       1.6662       0.8014
 6332.39       0.5424       0.6878
 6333.42       0.5782       0.5973
 6334.46       0.9267       0.5344
 6335.50       0.6952       0.4834
 6336.54       0.5824       0.4698
 6337.58       0.4961       0.4717
 6338.61       0.3029       0.4676
 6339.65       0.5034       0.4751
 6340.69       1.0428       0.4938
 6341.73       1.3458       0.5087
 6342.76       1.4534       0.5265
 6343.80       1.2684       0.5339
 6344.84       0.8273       0.5109
 6345.88       0.5758       0.5036
 6346.92       0.6897       0.5350
 6347.95       0.8888       0.5668
 6348.99       0.9324       0.5749
 6350.03       0.7925       0.5612
 6351.07       1.1000       0.5524
 6352.10       1.4766       0.5584
 6353.14       1.1602       0.5609
 6354.18       0.9343       0.5980
 6355.22       1.3049       0.6634
 6356.25       1.9524       0.7068
 6357.29       2.0786       0.6972
 6358.33       1.4367       0.6774
 6359.37       0.9590       0.6689
 6360.41       0.9623       0.7988
 6361.44       1.0708       1.0802
 6362.48       1.5780       1.4015
 6363.52       1.8801       1.6114
 6364.56       1.0962       1.6311
 6365.59       0.6068       1.4541
 6366.63       1.0089       1.1618
 6367.67       1.0369       0.8328
 6368.71       0.9831       0.6043
 6369.75       1.2888       0.5073
 6370.78       1.2372       0.4894
 6371.82       0.9321       0.4823
 6372.86       0.8569       0.4853
 6373.90       0.6086       0.4641
 6374.93       0.4648       0.4459
 6375.97       1.1235       0.4864
 6377.01       1.6818       0.5402
 6378.05       1.4599       0.5539
 6379.08       0.9006       0.5265
 6380.12       0.4943       0.4953
 6381.16       0.4894       0.4965
 6382.20       0.4835       0.4919
 6383.24       0.4622       0.4931
 6384.27       0.8525       0.5304
 6385.31       0.8016       0.5588
 6386.35       0.3593       0.5632
 6387.39       0.5265       0.5775
 6388.42       0.9169       0.5697
 6389.46       1.0075       0.5284
 6390.50       1.0356       0.5020
 6391.54       0.7448       0.4773
 6392.58       0.1610       0.4354
 6393.61       0.3302       0.4358
 6394.65       0.8996       0.4629
 6395.69       0.8217       0.4633
 6396.73       0.8998       0.4604
 6397.76       1.3642       0.4665
 6398.80       1.3849       0.4627
 6399.84       1.2047       0.4602
 6400.88       1.1845       0.4647
 6401.92       1.4358       0.4715
 6402.95       1.6562       0.4692
 6403.99       1.4439       0.4521
 6405.03       0.8224       0.4347
 6406.07       0.4958       0.4350
 6407.10       1.0597       0.4550
 6408.14       1.7751       0.4728
 6409.18       1.7690       0.4710
 6410.22       1.0195       0.4557
 6411.25       0.4776       0.4522
 6412.29       0.7986       0.4705
 6413.33       1.2151       0.4817
 6414.37       1.3072       0.4795
 6415.41       1.1488       0.4765
 6416.44       1.3175       0.4849
 6417.48       1.5749       0.4944
 6418.52       1.1976       0.4824
 6419.56       0.6452       0.4721
 6420.59       0.4923       0.4797
 6421.63       0.7998       0.4941
 6422.67       1.2960       0.4980
 6423.71       1.4446       0.4798
 6424.75       0.8983       0.4384
 6425.78       0.4710       0.4170
 6426.82       0.9100       0.4445
 6427.86       1.4167       0.4641
 6428.90       1.3776       0.4484
 6429.93       1.1732       0.4387
 6430.97       0.9346       0.4326
 6432.01       0.8610       0.4277
 6433.05       1.3628       0.4419
 6434.08       1.7127       0.4522
 6435.12       1.2059       0.4354
 6436.16       0.8079       0.4256
 6437.20       0.9430       0.4337
 6438.24       1.0760       0.4363
 6439.27       1.3968       0.4462
 6440.31       1.6469       0.4562
 6441.35       1.3075       0.4427
 6442.39       0.9372       0.4251
 6443.42       0.9918       0.4235
 6444.46       0.8026       0.4187
 6445.50       0.5205       0.4166
 6446.54       0.5548       0.4277
 6447.58       0.9232       0.4474
 6448.61       1.4123       0.4658
 6449.65       1.8074       0.4752
 6450.69       1.8238       0.4784
 6451.73       1.5470       0.4805
 6452.76       1.3063       0.4768
 6453.80       1.4163       0.4764
 6454.84       1.7247       0.4818
 6455.88       1.5241       0.4763
 6456.92       1.0328       0.4651
 6457.95       0.9294       0.4640
 6458.99       0.8808       0.4597
 6460.03       0.7818       0.4595
 6461.07       0.7795       0.4758
 6462.10       0.8124       0.5130
 6463.14       1.0181       0.5683
 6464.18       1.0707       0.6162
 6465.22       0.9480       0.6397
 6466.25       1.0016       0.6459
 6467.29       1.1026       0.6367
 6468.33       1.0657       0.6282
 6469.37       0.9201       0.6255
 6470.41       1.2772       0.6304
 6471.44       1.6984       0.6159
 6472.48       0.9140       0.5573
 6473.52       0.5039       0.5064
 6474.56       1.2934       0.4952
 6475.59       1.3925       0.4820
 6476.63       0.8143       0.4613
 6477.67       0.5070       0.4487
 6478.71       0.8138       0.4562
 6479.75       1.3851       0.4672
 6480.78       1.6157       0.4631
 6481.82       1.2655       0.4381
 6482.86       0.7746       0.4106
 6483.90       0.9502       0.4113
 6484.93       1.2080       0.4214
 6485.97       0.9605       0.4161
 6487.01       0.8712       0.4102
 6488.05       1.1142       0.4096
 6489.08       1.4604       0.4142
 6490.12       1.6820       0.4228
 6491.16       1.4172       0.4200
 6492.20       0.5412       0.3935
 6493.24       0.4961       0.3987
 6494.27       1.2199       0.4567
 6495.31       1.2932       0.5108
 6496.35       0.8969       0.5759
 6497.39       0.4967       0.6556
 6498.42       0.4950       0.7164
 6499.46       0.7206       0.7287
 6500.50       0.4818       0.6851
 6501.54       0.8218       0.6245
 6502.58       1.6330       0.5816
 6503.61       1.5024       0.5477
 6504.65       1.2694       0.5381
 6505.69       1.5368       0.5353
 6506.73       1.3631       0.5097
 6507.76       1.0226       0.4697
 6508.80       0.9922       0.4438
 6509.84       1.1029       0.4286
 6510.88       1.0894       0.4209
 6511.92       0.7931       0.4191
 6512.95       1.0661       0.4318
 6513.99       1.6501       0.4433
 6515.03       1.3484       0.4304
 6516.07       0.8169       0.4097
 6517.10       0.8443       0.4051
 6518.14       1.0956       0.4126
 6519.18       1.2024       0.4226
 6520.22       1.0085       0.4286
 6521.26       1.4190       0.4663
 6522.29       1.9077       0.5065
 6523.33       1.3610       0.4949
 6524.37       0.7399       0.4670
 6525.41       0.7641       0.4548
 6526.44       1.1633       0.4508
 6527.48       1.1583       0.4305
 6528.52       0.5111       0.4051
 6529.56       0.3888       0.4391
 6530.59       0.8198       0.5288
 6531.63       0.9766       0.6079
 6532.67       1.4647       0.6761
 6533.71       1.8847       0.7005
 6534.75       1.4386       0.6533
 6535.78       0.6866       0.5592
 6536.82       0.3209       0.4705
 6537.86       0.7426       0.4270
 6538.90       1.1296       0.4223
 6539.93       0.7804       0.4242
 6540.97       0.9102       0.4467
 6542.01       1.3417       0.4833
 6543.05       1.2574       0.5204
 6544.09       1.2074       0.5366
 6545.12       1.3697       0.5260
 6546.16       1.3704       0.5041
 6547.20       1.3585       0.4710
 6548.24       1.5472       0.4480
 6549.27       1.9663       0.4558
 6550.31       2.1753       0.5090
 6551.35       1.9152       0.5880
 6552.39       1.6982       0.6682
 6553.43       1.5455       0.7041
 6554.46       1.1022       0.6756
 6555.50       0.8668       0.6036
 6556.54       0.9962       0.5274
 6557.58       1.1790       0.4669
 6558.61       1.1579       0.4321
 6559.65       0.9122       0.4206
 6560.69       0.6014       0.4456
 6561.73       0.6808       0.4876
 6562.76       1.2165       0.5185
 6563.80       1.2916       0.5130
 6564.84       1.0048       0.4839
 6565.88       1.1883       0.4661
 6566.92       1.1876       0.4533
 6567.95       0.8317       0.4414
 6568.99       0.7148       0.4399
 6570.03       1.0628       0.4469
 6571.07       1.4891       0.4517
 6572.10       1.0913       0.4275
 6573.14       0.5019       0.4093
 6574.18       0.7249       0.4379
 6575.22       1.4862       0.5008
 6576.26       1.8812       0.5604
 6577.29       1.2832       0.5827
 6578.33       0.6152       0.5746
 6579.37       0.4987       0.5421
 6580.41       0.6469       0.4713
 6581.44       0.7710       0.4057
 6582.48       0.7107       0.3796
 6583.52       0.5871       0.3676
 6584.56       0.4803       0.3576
 6585.60       0.4407       0.3580
 6586.63       0.7208       0.3637
 6587.67       1.0352       0.3656
 6588.71       0.9581       0.3642
 6589.75       0.6508       0.3554
 6590.78       0.4615       0.3473
 6591.82       0.5190       0.3576
 6592.86       0.8076       0.3755
 6593.90       1.1121       0.3852
 6594.93       1.4225       0.4052
 6595.97       1.5805       0.4280
 6597.01       1.4507       0.4341
 6598.05       1.2394       0.4187
 6599.09       1.1588       0.4001
 6600.12       0.9527       0.3917
 6601.16       0.7985       0.4087
 6602.20       0.9138       0.4436
 6603.24       1.0843       0.4713
 6604.27       1.0851       0.4767
 6605.31       0.9144       0.4646
 6606.35       0.7682       0.4355
 6607.39       0.8770       0.4064
 6608.43       1.2429       0.3927
 6609.46       1.4211       0.3821
 6610.50       1.2595       0.3665
 6611.54       0.9187       0.3562
 6612.58       0.9925       0.3633
 6613.61       1.5706       0.3829
 6614.65       1.6792       0.3846
 6615.69       1.4498       0.3746
 6616.73       1.4409       0.3741
 6617.77       1.1516       0.3693
 6618.80       0.7299       0.3587
 6619.84       0.9021       0.3542
 6620.88       1.2470       0.3614
 6621.92       1.2232       0.3715
 6622.95       0.9511       0.3705
 6623.99       0.7481       0.3635
 6625.03       0.8855       0.3655
 6626.07       0.9118       0.3762
 6627.10       0.9311       0.3917
 6628.14       1.2774       0.4040
 6629.18       1.0843       0.3919
 6630.22       0.9372       0.3815
 6631.26       1.6307       0.4013
 6632.29       1.7996       0.4157
 6633.33       0.9401       0.4057
 6634.37       0.6542       0.4079
 6635.41       0.6832       0.4265
 6636.44       0.5116       0.4393
 6637.48       0.7274       0.4192
 6638.52       1.1496       0.3741
 6639.56       1.0707       0.3580
 6640.60       0.7687       0.3527
 6641.63       0.7541       0.3484
 6642.67       1.0509       0.3593
 6643.71       1.3950       0.3727
 6644.75       1.4600       0.3766
 6645.78       1.2278       0.3685
 6646.82       1.0739       0.3619
 6647.86       1.2632       0.3676
 6648.90       1.2107       0.3678
 6649.94       0.9250       0.3604
 6650.97       0.8856       0.3579
 6652.01       0.8364       0.3553
 6653.05       0.7666       0.3530
 6654.09       0.9417       0.3566
 6655.12       1.1182       0.3630
 6656.16       1.1166       0.3671
 6657.20       1.0531       0.3661
 6658.24       1.1518       0.3636
 6659.27       1.4509       0.3643
 6660.31       1.6362       0.3749
 6661.35       1.5279       0.3847
 6662.39       1.2866       0.3775
 6663.43       1.2857       0.3762
 6664.46       1.4916       0.3885
 6665.50       1.2826       0.3866
 6666.54       0.9866       0.3788
 6667.58       1.0097       0.3785
 6668.61       1.1727       0.3857
 6669.65       1.1102       0.3813
 6670.69       0.6602       0.3545
 6671.73       0.5783       0.3429
 6672.77       1.0956       0.3565
 6673.80       1.6431       0.3690
 6674.84       1.7043       0.3647
 6675.88       1.2760       0.3483
 6676.92       0.7781       0.3427
 6677.95       0.7502       0.3479
 6678.99       1.2024       0.3501
 6680.03       0.9124       0.3385
 6681.07       0.4381       0.3301
 6682.10       0.7672       0.3415
 6683.14       0.7865       0.3409
 6684.18       0.5399       0.3312
 6685.22       0.7096       0.3384
 6686.26       1.1716       0.3551
 6687.29       1.5341       0.3648
 6688.33       1.8933       0.3672
 6689.37       1.7511       0.3589
 6690.41       1.0919       0.3458
 6691.44       0.6715       0.3382
 6692.48       0.8332       0.3407
 6693.52       1.2452       0.3485
 6694.56       1.2913       0.3500
 6695.60       0.8624       0.3426
 6696.63       0.6275       0.3374
 6697.67       0.6532       0.3381
 6698.71       0.8088       0.3456
 6699.75       1.2518       0.3669
 6700.78       1.5797       0.3827
 6701.82       1.5572       0.3771
 6702.86       1.0354       0.3614
 6703.90       0.4762       0.3465
 6704.94       0.6084       0.3311
 6705.97       1.1212       0.3618
 6707.01       1.4771       0.4117
 6708.05       1.3709       0.4144
 6709.09       1.1301       0.3822
 6710.12       0.9615       0.3441
 6711.16       0.8475       0.3262
 6712.20       0.8514       0.3320
 6713.24       0.6912       0.3275
 6714.27       0.9217       0.3332
 6715.31       1.3035       0.3463
 6716.35       1.1204       0.3492
 6717.39       0.6871       0.3381
 6718.43       0.4786       0.3227
 6719.46       0.5746       0.3180
 6720.50       0.7938       0.3258
 6721.54       0.9070       0.3359
 6722.58       0.8647       0.3331
 6723.61       1.0072       0.3302
 6724.65       1.6693       0.3511
 6725.69       1.5203       0.3502
 6726.73       0.6481       0.3241
 6727.77       0.6108       0.3204
 6728.80       0.8312       0.3280
 6729.84       0.8835       0.3328
 6730.88       1.5666       0.3459
 6731.92       1.9971       0.3563
 6732.95       1.4409       0.3558
 6733.99       1.2388       0.3568
 6735.03       1.5799       0.3559
 6736.07       1.5167       0.3395
 6737.10       1.1018       0.3261
 6738.14       0.8736       0.3311
 6739.18       1.1131       0.3437
 6740.22       1.2665       0.3469
 6741.26       1.0482       0.3389
 6742.29       0.9697       0.3383
 6743.33       1.0504       0.3468
 6744.37       1.0483       0.3524
 6745.41       1.1925       0.3518
 6746.44       1.4370       0.3495
 6747.48       1.5340       0.3539
 6748.52       1.4679       0.3547
 6749.56       1.2356       0.3431
 6750.60       0.6604       0.3202
 6751.63       0.3842       0.3094
 6752.67       0.7977       0.3222
 6753.71       1.3444       0.3326
 6754.75       1.5935       0.3318
 6755.78       1.5771       0.3312
 6756.82       1.2863       0.3255
 6757.86       1.0252       0.3216
 6758.90       1.0880       0.3307
 6759.94       1.2133       0.3394
 6760.97       1.1169       0.3361
 6762.01       1.0192       0.3311
 6763.05       0.9779       0.3280
 6764.09       0.9639       0.3259
 6765.12       0.8939       0.3195
 6766.16       0.8409       0.3140
 6767.20       0.9558       0.3191
 6768.24       0.9334       0.3188
 6769.27       0.7715       0.3109
 6770.31       0.9188       0.3160
 6771.35       0.9290       0.3185
 6772.39       0.8165       0.3148
 6773.43       1.1682       0.3216
 6774.46       1.4415       0.3289
 6775.50       1.0788       0.3234
 6776.54       1.0534       0.3241
 6777.58       1.3160       0.3307
 6778.61       1.3461       0.3333
 6779.65       1.0067       0.3233
 6780.69       0.6702       0.3105
 6781.73       1.0044       0.3173
 6782.77       1.2283       0.3266
 6783.80       0.8667       0.3234
 6784.84       0.9793       0.3313
 6785.88       1.2430       0.3396
 6786.92       1.2891       0.3383
 6787.95       1.2447       0.3364
 6788.99       1.1866       0.3363
 6790.03       1.1386       0.3322
 6791.07       1.2994       0.3352
 6792.11       1.5253       0.3418
 6793.14       1.3968       0.3314
 6794.18       0.9673       0.3152
 6795.22       0.6571       0.3115
 6796.26       0.6363       0.3153
 6797.29       0.8662       0.3188
 6798.33       1.0976       0.3172
 6799.37       1.1879       0.3163
 6800.41       1.1697       0.3193
 6801.44       1.2929       0.3241
 6802.48       1.2955       0.3254
 6803.52       1.1338       0.3241
 6804.56       1.2588       0.3319
 6805.60       1.4330       0.3356
 6806.63       1.2895       0.3243
 6807.67       1.1519       0.3184
 6808.71       1.1689       0.3224
 6809.75       1.1744       0.3226
 6810.78       1.2683       0.3253
 6811.82       1.3760       0.3298
 6812.86       1.4085       0.3295
 6813.90       1.2175       0.3205
 6814.94       0.8314       0.3061
 6815.97       0.7966       0.3025
 6817.01       0.7584       0.3019
 6818.05       0.4369       0.2954
 6819.09       0.4819       0.3025
 6820.12       1.0559       0.3227
 6821.16       1.7443       0.3428
 6822.20       1.8515       0.3377
 6823.24       1.4891       0.3329
 6824.28       1.7786       0.3739
 6825.31       1.8182       0.4551
 6826.35       1.1369       0.5563
 6827.39       1.3962       0.6983
 6828.43       1.6630       0.8080
 6829.46       0.7954       0.8196
 6830.50      -0.0052       0.7889
 6831.54       0.1798       0.7836
 6832.58       1.1918       0.7999
 6833.61       1.7137       0.8035
 6834.65       1.3596       0.7588
 6835.69       1.6910       0.7066
 6836.73       1.9420       0.6179
 6837.77       1.3896       0.4954
 6838.80       1.0343       0.4219
 6839.84       0.9557       0.4065
 6840.88       0.6877       0.4063
 6841.92       0.8628       0.4169
 6842.95       1.2621       0.4123
 6843.99       0.9583       0.3832
 6845.03       0.7060       0.3500
 6846.07       1.0522       0.3335
 6847.11       1.0706       0.3222
 6848.14       0.8693       0.3168
 6849.18       0.9163       0.3192
 6850.22       1.0949       0.3301
 6851.26       1.2006       0.3354
 6852.29       1.1000       0.3258
 6853.33       1.1006       0.3139
 6854.37       1.1350       0.3068
 6855.41       0.6688       0.2949
 6856.45       0.4769       0.2927
 6857.48       0.9826       0.3164
 6858.52       1.2567       0.3399
 6859.56       1.2760       0.3964
 6860.60       1.4443       0.5209
 6861.63       1.8426       0.7275
 6862.67       1.8919       0.9605
 6863.71       0.7728       1.0773
 6864.75       0.0480       1.0524
 6865.78       0.7490       0.9867
 6866.82       1.3872       0.8612
 6867.86       1.5904       0.7444
 6868.90       1.4723       0.6850
 6869.94       2.0226       0.7242
 6870.97       2.0558       0.7254
 6872.01       0.9402       0.6370
 6873.05       0.4527       0.5526
 6874.09       0.8914       0.5089
 6875.12       1.0023       0.4603
 6876.16       0.9314       0.4236
 6877.20       0.9015       0.4080
 6878.24       0.9733       0.4110
 6879.28       0.7622       0.4142
 6880.31       0.1961       0.4130
 6881.35       0.3860       0.4429
 6882.39       1.1465       0.4702
 6883.43       1.4714       0.4499
 6884.46       1.3116       0.4074
 6885.50       0.9799       0.3986
 6886.54       0.8484       0.4507
 6887.58       0.7540       0.5132
 6888.62       0.5502       0.5351
 6889.65       0.6637       0.5635
 6890.69       0.8275       0.5532
 6891.73       0.6706       0.4816
 6892.77       0.4131       0.4119
 6893.80       0.3516       0.3819
 6894.84       0.7877       0.3862
 6895.88       0.9900       0.3870
 6896.92       0.7484       0.3798
 6897.95       0.8279       0.4134
 6898.99       1.1393       0.4609
 6900.03       1.3124       0.4840
 6901.07       1.3635       0.5018
 6902.11       1.2582       0.5009
 6903.14       1.1499       0.4787
 6904.18       1.3195       0.4332
 6905.22       1.4490       0.3855
 6906.26       0.9280       0.3494
 6907.29       0.6065       0.3257
 6908.33       0.9082       0.3270
 6909.37       0.8848       0.3548
 6910.41       0.7616       0.4334
 6911.45       0.8209       0.5357
 6912.48       0.8860       0.5800
 6913.52       0.8955       0.5548
 6914.56       0.8211       0.5067
 6915.60       0.8938       0.4388
 6916.63       0.8429       0.3639
 6917.67       0.6159       0.3206
 6918.71       0.4711       0.3317
 6919.75       0.5900       0.4010
 6920.79       1.3559       0.5142
 6921.82       2.0897       0.6522
 6922.86       2.0383       0.7631
 6923.90       1.5489       0.7732
 6924.94       1.0976       0.6815
 6925.97       0.8897       0.5477
 6927.01       1.0161       0.4270
 6928.05       1.3133       0.3561
 6929.09       1.7210       0.3424
 6930.12       1.8148       0.3466
 6931.16       1.3839       0.3274
 6932.20       0.7015       0.3098
 6933.24       0.5937       0.3021
 6934.28       1.2852       0.3121
 6935.31       1.6844       0.3404
 6936.35       1.4095       0.3780
 6937.39       1.1805       0.4137
 6938.43       1.1178       0.4669
 6939.46       1.3128       0.5318
 6940.50       1.6796       0.5768
 6941.54       1.6361       0.5386
 6942.58       1.0988       0.4284
 6943.62       0.6547       0.3414
 6944.65       0.4799       0.3348
 6945.69       0.4754       0.3921
 6946.73       0.9524       0.5318
 6947.77       1.3944       0.6936
 6948.80       1.2955       0.7907
 6949.84       1.3682       0.8032
 6950.88       1.5883       0.7369
 6951.92       1.5068       0.5927
 6952.96       1.3415       0.4474
 6953.99       1.0734       0.3506
 6955.03       0.7977       0.3138
 6956.07       0.7771       0.3118
 6957.11       0.7840       0.3071
 6958.14       0.6735       0.3012
 6959.18       0.4624       0.2941
 6960.22       0.3046       0.2897
 6961.26       0.4961       0.2962
 6962.29       0.8815       0.3080
 6963.33       0.7898       0.3058
 6964.37       0.3787       0.2943
 6965.41       0.1708       0.2948
 6966.45       0.4222       0.3254
 6967.48       0.9482       0.3772
 6968.52       1.3115       0.4171
 6969.56       1.4979       0.4409
 6970.60       1.4881       0.4440
 6971.63       0.8806       0.4161
 6972.67       0.6732       0.3751
 6973.71       1.1872       0.3546
 6974.75       1.3190       0.3658
 6975.79       0.8776       0.4187
 6976.82       0.6400       0.4979
 6977.86       0.6452       0.5555
 6978.90       0.8585       0.5716
 6979.94       0.9769       0.5629
 6980.97       0.9294       0.5031
 6982.01       0.9714       0.4154
 6983.05       0.9519       0.3541
 6984.09       0.8159       0.3211
 6985.12       0.7042       0.2987
 6986.16       1.1190       0.3098
 6987.20       1.5300       0.3249
 6988.24       1.3116       0.3178
 6989.28       0.8951       0.3018
 6990.31       0.6971       0.2912
 6991.35       0.7607       0.2909
 6992.39       0.9009       0.2914
 6993.43       0.9111       0.2879
 6994.46       1.0036       0.2948
 6995.50       0.9875       0.3003
 6996.54       0.7995       0.2961
 6997.58       0.6703       0.2948
 6998.62       0.7769       0.3020
 6999.65       1.0794       0.3148
 7000.69       1.1537       0.3228
 7001.73       1.1322       0.3359
 7002.77       1.5302       0.3696
 7003.80       1.7676       0.3905
 7004.84       1.5224       0.3784
 7005.88       1.1761       0.3510
 7006.92       1.0587       0.3297
 7007.96       1.1990       0.3301
 7008.99       1.2184       0.3559
 7010.03       1.0502       0.3922
 7011.07       0.9983       0.4170
 7012.11       1.1861       0.4245
 7013.14       1.4394       0.4083
 7014.18       1.4999       0.3685
 7015.22       1.2294       0.3208
 7016.26       0.8249       0.2844
 7017.29       0.6319       0.2719
 7018.33       0.7830       0.2754
 7019.37       1.0532       0.2784
 7020.41       0.9767       0.2809
 7021.45       0.7054       0.2787
 7022.48       0.9703       0.2760
 7023.52       1.0774       0.2726
 7024.56       0.9479       0.2733
 7025.60       0.8431       0.2716
 7026.63       0.8310       0.2750
 7027.67       0.8907       0.2853
 7028.71       1.0329       0.2930
 7029.75       1.1229       0.2924
 7030.79       1.0998       0.2863
 7031.82       0.9401       0.2819
 7032.86       0.9395       0.2838
 7033.90       1.2801       0.2879
 7034.94       1.3885       0.2874
 7035.97       1.0639       0.2835
 7037.01       0.8511       0.2840
 7038.05       0.7120       0.2883
 7039.09       0.6410       0.2954
 7040.12       1.0325       0.3102
 7041.16       1.5243       0.3282
 7042.20       1.6964       0.3436
 7043.24       1.4134       0.3461
 7044.28       0.9756       0.3471
 7045.31       0.8304       0.3608
 7046.35       0.6207       0.3867
 7047.39       0.2939       0.4137
 7048.43       0.5868       0.4339
 7049.46       1.0414       0.4355
 7050.50       1.0615       0.4170
 7051.54       1.0012       0.3895
 7052.58       1.1286       0.3665
 7053.62       1.4220       0.3532
 7054.65       1.3903       0.3353
 7055.69       1.0120       0.3097
 7056.73       0.8366       0.2986
 7057.77       0.8040       0.2950
 7058.80       0.7115       0.2896
 7059.84       0.4340       0.2858
 7060.88       0.2775       0.2886
 7061.92       0.5468       0.3014
 7062.96       0.5924       0.3119
 7063.99       0.5464       0.3210
 7065.03       1.0351       0.3380
 7066.07       0.8992       0.3380
 7067.11       0.3199       0.3271
 7068.14       0.8301       0.3394
 7069.18       1.2856       0.3463
 7070.22       0.7465       0.3268
 7071.26       1.0113       0.3311
 7072.29       1.4531       0.3399
 7073.33       0.9538       0.3206
 7074.37       0.3854       0.3073
 7075.41       0.4460       0.3150
 7076.45       1.1252       0.3313
 7077.48       1.2330       0.3299
 7078.52       0.6164       0.3114
 7079.56       0.7207       0.3070
 7080.60       1.2668       0.3286
 7081.63       1.3885       0.3553
 7082.67       1.0753       0.3510
 7083.71       0.5671       0.3231
 7084.75       0.2781       0.3090
 7085.79       0.4687       0.3129
 7086.82       0.9326       0.3315
 7087.86       1.1894       0.3526
 7088.90       1.4344       0.3728
 7089.94       1.7651       0.3839
 7090.97       1.5336       0.3687
 7092.01       1.3325       0.3454
 7093.05       1.6810       0.3352
 7094.09       1.5239       0.3140
 7095.13       1.1534       0.2942
 7096.16       1.4505       0.3008
 7097.20       1.6070       0.3070
 7098.24       1.2171       0.2954
 7099.28       0.7015       0.2792
 7100.31       0.6134       0.2746
 7101.35       0.8954       0.2826
 7102.39       0.7722       0.2818
 7103.43       0.5032       0.2744
 7104.46       0.5273       0.2718
 7105.50       0.5125       0.2701
 7106.54       0.5342       0.2724
 7107.58       0.7543       0.2801
 7108.62       1.0268       0.2918
 7109.65       1.2077       0.3004
 7110.69       1.1160       0.2949
 7111.73       1.0729       0.2880
 7112.77       1.2061       0.2891
 7113.80       1.0279       0.2841
 7114.84       0.8621       0.2800
 7115.88       1.1332       0.2871
 7116.92       1.1789       0.2890
 7117.96       0.8434       0.2806
 7118.99       0.5114       0.2705
 7120.03       0.8318       0.2764
 7121.07       1.4931       0.2907
 7122.11       1.2317       0.2794
 7123.14       0.5947       0.2621
 7124.18       0.5086       0.2671
 7125.22       0.4515       0.2786
 7126.26       0.6219       0.2964
 7127.30       1.2206       0.3199
 7128.33       1.4309       0.3248
 7129.37       1.1435       0.3121
 7130.41       1.0507       0.3052
 7131.45       0.9071       0.3021
 7132.48       0.6677       0.2995
 7133.52       1.0994       0.3103
 7134.56       1.4056       0.3132
 7135.60       0.9724       0.2955
 7136.63       0.5362       0.2723
 7137.67       0.6314       0.2659
 7138.71       0.9644       0.2801
 7139.75       1.0400       0.2945
 7140.79       0.8817       0.3071
 7141.82       1.1942       0.3390
 7142.86       1.2181       0.3614
 7143.90       0.6438       0.3613
 7144.94       0.6444       0.3713
 7145.97       1.1207       0.3853
 7147.01       1.4049       0.3825
 7148.05       1.2380       0.3583
 7149.09       0.7960       0.3234
 7150.13       0.6199       0.2983
 7151.16       0.5655       0.2915
 7152.20       0.6073       0.2932
 7153.24       0.9524       0.2920
 7154.28       1.3433       0.2885
 7155.31       1.4860       0.2890
 7156.35       1.0998       0.2886
 7157.39       0.7553       0.2918
 7158.43       1.0201       0.3019
 7159.47       1.5699       0.3222
 7160.50       1.7361       0.3356
 7161.54       1.0738       0.3200
 7162.58       0.7186       0.3081
 7163.62       1.1453       0.3183
 7164.65       1.2261       0.3251
 7165.69       0.9397       0.3254
 7166.73       0.7543       0.3228
 7167.77       0.9489       0.3352
 7168.80       1.1826       0.3448
 7169.84       0.9837       0.3243
 7170.88       0.6623       0.3153
 7171.92       0.3540       0.3196
 7172.96       0.5874       0.3268
 7173.99       0.8780       0.3342
 7175.03       0.8641       0.3399
 7176.07       0.6476       0.3452
 7177.11       0.5759       0.3445
 7178.14       1.1172       0.3488
 7179.18       1.6764       0.3608
 7180.22       1.6382       0.3609
 7181.26       0.8109       0.3313
 7182.30       0.3415       0.3156
 7183.33       0.5433       0.3236
 7184.37       0.9814       0.3292
 7185.41       0.9494       0.3177
 7186.45       0.4366       0.2977
 7187.48       0.5638       0.3085
 7188.52       0.9468       0.3202
 7189.56       0.7666       0.2977
 7190.60       0.4459       0.2863
 7191.64       0.5013       0.3002
 7192.67       0.9927       0.3199
 7193.71       1.1969       0.3107
 7194.75       0.9287       0.2829
 7195.79       0.9097       0.2970
 7196.82       1.0623       0.3125
 7197.86       1.1717       0.2977
 7198.90       1.0755       0.3023
 7199.94       0.9192       0.3201
 7200.97       0.9741       0.3233
 7202.01       0.8816       0.3143
 7203.05       0.7003       0.3035
 7204.09       0.8054       0.3018
 7205.13       0.9640       0.2990
 7206.16       0.9524       0.2883
 7207.20       0.8422       0.2831
 7208.24       0.7190       0.2813
 7209.28       0.6762       0.2739
 7210.31       0.6848       0.2608
 7211.35       0.5667       0.2454
 7212.39       0.4270       0.2395
 7213.43       0.6405       0.2455
 7214.47       1.0918       0.2544
 7215.50       1.2254       0.2606
 7216.54       1.0077       0.2558
 7217.58       0.7220       0.2489
 7218.62       0.4182       0.2551
 7219.65       0.5202       0.2688
 7220.69       1.0116       0.2767
 7221.73       1.1498       0.2885
 7222.77       0.8270       0.2956
 7223.81       0.4711       0.2860
 7224.84       0.7729       0.2836
 7225.88       1.4507       0.2961
 7226.92       1.3167       0.2940
 7227.96       0.9813       0.2927
 7228.99       1.0682       0.3035
 7230.03       1.0611       0.3058
 7231.07       0.9443       0.3127
 7232.11       1.2034       0.3462
 7233.14       1.0878       0.3520
 7234.18       0.8547       0.3627
 7235.22       0.8805       0.4283
 7236.26       0.9480       0.5710
 7237.30       0.8623       0.8064
 7238.33       0.8633       1.0652
 7239.37       0.9806       1.3134
 7240.41       1.0137       1.5264
 7241.45       0.4600       1.6331
 7242.48      -0.1111       1.6178
 7243.52       0.0086       1.4975
 7244.56       0.3816       1.5038
 7245.60       0.5709       1.5216
 7246.64       0.5567       1.2563
 7247.67       0.9088       0.9222
 7248.71       1.4033       0.7066
 7249.75       1.2588       0.5128
 7250.79       0.9412       0.4486
 7251.82       0.9977       0.5192
 7252.86       0.7400       0.5565
 7253.90       0.3816       0.5328
 7254.94       0.5426       0.5596
 7255.98       0.8677       0.5321
 7257.01       1.0047       0.4405
 7258.05       0.9276       0.3689
 7259.09       0.9843       0.3358
 7260.13       1.2134       0.3234
 7261.16       0.9331       0.3130
 7262.20       0.5363       0.3127
 7263.24       0.5836       0.3316
 7264.28       0.8415       0.3632
 7265.31       1.0295       0.3847
 7266.35       1.0833       0.3882
 7267.39       0.9609       0.3714
 7268.43       0.9399       0.3584
 7269.47       1.1206       0.3737
 7270.50       1.1361       0.3732
 7271.54       1.0619       0.4247
 7272.58       0.8767       0.5641
 7273.62       1.2823       0.9663
 7274.65       2.2853       1.5671
 7275.69       1.4280       1.9381
 7276.73       0.1315       1.9280
 7277.77       2.0660       1.7876
 7278.81       2.6741       1.3736
 7279.84       0.7939       0.8716
 7280.88       0.8746       0.5937
 7281.92       1.6863       0.6133
 7282.96       1.7216       0.7781
 7283.99       1.3152       0.9021
 7285.03       1.3052       0.9049
 7286.07       1.8040       0.8472
 7287.11       1.5155       0.6752
 7288.15       0.6575       0.4751
 7289.18       0.4580       0.3815
 7290.22       0.7140       0.3600
 7291.26       0.8766       0.3460
 7292.30       0.7563       0.3662
 7293.33       0.6329       0.4029
 7294.37       0.7795       0.4423
 7295.41       1.0940       0.4815
 7296.45       1.3220       0.4914
 7297.48       1.2529       0.4603
 7298.52       1.1409       0.3926
 7299.56       1.3148       0.3608
 7300.60       1.5206       0.4013
 7301.64       1.4557       0.5004
 7302.67       1.1794       0.6120
 7303.71       0.7593       0.7158
 7304.75       0.7001       0.7206
 7305.79       1.1372       0.6038
 7306.82       1.5549       0.4746
 7307.86       1.5874       0.3915
 7308.90       1.3331       0.3354
 7309.94       1.0264       0.3148
 7310.98       0.9598       0.3386
 7312.01       1.0366       0.4064
 7313.05       1.1547       0.5826
 7314.09       1.2585       0.8879
 7315.13       1.5000       1.2255
 7316.16       1.5574       1.4490
 7317.20       1.9194       1.4988
 7318.24       1.4952       1.2391
 7319.28       0.7716       0.8167
 7320.31       1.0494       0.5089
 7321.35       1.7066       0.3576
 7322.39       1.8824       0.2854
 7323.43       1.7352       0.2754
 7324.47       1.0944       0.2815
 7325.50       0.3026       0.3186
 7326.54       0.5691       0.4717
 7327.58       1.2805       0.6530
 7328.62       1.1404       0.7310
 7329.65       0.9562       0.7554
 7330.69       1.0739       0.7290
 7331.73       1.3481       0.6210
 7332.77       1.3381       0.4732
 7333.81       0.9340       0.3500
 7334.84       0.9741       0.2974
 7335.88       1.3899       0.3081
 7336.92       1.6881       0.4024
 7337.96       1.3043       0.6511
 7338.99       1.0277       1.0618
 7340.03       1.5452       1.4525
 7341.07       1.6485       1.6580
 7342.11       1.2605       1.6143
 7343.15       1.3059       1.2990
 7344.18       1.2151       0.8701
 7345.22       0.7887       0.5203
 7346.26       1.0700       0.3514
 7347.30       1.4514       0.3270
 7348.33       1.1604       0.3055
 7349.37       0.8648       0.3107
 7350.41       0.9098       0.3209
 7351.45       1.1124       0.3415
 7352.48       1.3042       0.3501
 7353.52       1.2442       0.3522
 7354.56       0.7303       0.3574
 7355.60       0.6821       0.4272
 7356.64       1.2719       0.5715
 7357.67       1.2007       0.6943
 7358.71       0.5953       0.7565
 7359.75       0.3824       0.7570
 7360.79       0.9915       0.6726
 7361.82       1.7665       0.5384
 7362.86       1.7163       0.4083
 7363.90       1.2072       0.3384
 7364.94       0.9765       0.3876
 7365.98       0.8341       0.5460
 7367.01       1.1549       0.8056
 7368.05       1.6968       1.0939
 7369.09       1.5359       1.2472
 7370.13       1.0866       1.2231
 7371.16       0.8862       1.0791
 7372.20       1.0488       0.8134
 7373.24       1.4559       0.5362
 7374.28       1.0794       0.3568
 7375.32       0.7675       0.2983
 7376.35       0.9540       0.2814
 7377.39       1.1214       0.2810
 7378.43       1.1133       0.2729
 7379.47       1.0387       0.2705
 7380.50       0.8694       0.2647
 7381.54       0.7595       0.2566
 7382.58       0.7839       0.2526
 7383.62       0.8890       0.2523
 7384.65       0.9602       0.2541
 7385.69       0.9427       0.2568
 7386.73       0.9341       0.2591
 7387.77       0.9954       0.2784
 7388.81       1.0557       0.3252
 7389.84       0.8925       0.4049
 7390.88       0.5034       0.4909
 7391.92       0.3643       0.5486
 7392.96       0.6038       0.5514
 7393.99       0.9414       0.5061
 7395.03       1.0052       0.4203
 7396.07       0.8348       0.3403
 7397.11       0.9279       0.3002
 7398.15       1.0362       0.3469
 7399.18       0.8704       0.4783
 7400.22       0.3114       0.6485
 7401.26       0.1292       0.7957
 7402.30       0.8080       0.8662
 7403.33       1.0749       0.8088
 7404.37       0.7486       0.6451
 7405.41       0.7499       0.4545
 7406.45       0.9009       0.3195
 7407.49       0.9790       0.2570
 7408.52       0.9420       0.2370
 7409.56       0.6661       0.2358
 7410.60       0.5423       0.2429
 7411.64       1.0420       0.2661
 7412.67       1.6077       0.2840
 7413.71       1.4104       0.2793
 7414.75       0.9830       0.2690
 7415.79       0.6553       0.2610
 7416.82       0.4070       0.2475
 7417.86       0.7204       0.2486
 7418.90       1.2356       0.2596
 7419.94       0.7458       0.2456
 7420.98       0.1696       0.2281
 7422.01       0.8599       0.2399
 7423.05       1.0505       0.2397
 7424.09       0.8170       0.2332
 7425.13       0.8452       0.2439
 7426.16       0.7620       0.2647
 7427.20       0.5792       0.3007
 7428.24       0.9395       0.3615
 7429.28       0.7960       0.4008
 7430.32       0.1631       0.3979
 7431.35       0.8140       0.3950
 7432.39       1.5320       0.3652
 7433.43       0.8947       0.3021
 7434.47       0.6081       0.2831
 7435.50       0.9947       0.3444
 7436.54       1.2272       0.4421
 7437.58       1.2908       0.5423
 7438.62       1.2978       0.5958
 7439.66       1.4667       0.5887
 7440.69       1.7122       0.5156
 7441.73       1.7629       0.4100
 7442.77       1.3648       0.3092
 7443.81       1.0547       0.2586
 7444.84       1.2723       0.2642
 7445.88       1.4928       0.2759
 7446.92       1.3411       0.2955
 7447.96       1.1850       0.3357
 7448.99       0.3209       0.2722
 7450.03       0.0646       0.2576
 7451.07       0.7557       0.3248
 7452.11       1.0697       0.3464
 7453.15       1.2903       0.3665
 7454.18       0.9410       0.3511
 7455.22       0.8266       0.1319
 7456.26       0.7239       0.3315
 7457.30       0.6767       0.2739
 7458.33       0.8411       0.2552
 7459.37       0.9858       0.2700
 7460.41       0.6200       0.2687
 7461.45       0.1539       0.2727
 7462.49       0.6766       0.3018
 7463.52       1.5395       0.3388
 7464.56       1.6083       0.3539
 7465.60       0.9686       0.3438
 7466.64       0.5699       0.3379
 7467.67       0.9696       0.3586
 7468.71       1.1429       0.3787
 7469.75       0.8293       0.3998
 7470.79       0.7355       0.4400
 7471.83       0.9577       0.4910
 7472.86       1.3890       0.5239
 7473.90       1.7797       0.5090
 7474.94       1.8413       0.4622
 7475.98       1.6177       0.4283
 7477.01       1.6260       0.4366
 7478.05       1.8338       0.4756
 7479.09       1.7613       0.5017
 7480.13       1.3057       0.5261
 7481.16       0.8971       0.5498
 7482.20       1.0014       0.5539
 7483.24       1.2448       0.5367
 7484.28       1.2275       0.4989
 7485.32       1.0150       0.4414
 7486.35       0.7150       0.3696
 7487.39       0.5664       0.3019
 7488.43       0.6178       0.2648
 7489.47       0.7941       0.2587
 7490.50       0.7536       0.2636
 7491.54       0.9339       0.2826
 7492.58       1.3206       0.3045
 7493.62       1.2954       0.3129
 7494.66       0.9561       0.3015
 7495.69       0.7068       0.2807
 7496.73       0.7626       0.2650
 7497.77       0.8792       0.2547
 7498.81       0.7711       0.2424
 7499.84       0.7381       0.2392
 7500.88       0.9120       0.2432
 7501.92       1.0982       0.2449
 7502.96       0.9897       0.2388
 7504.00       0.7137       0.2302
 7505.03       0.8616       0.2323
 7506.07       1.1459       0.2371
 7507.11       1.1648       0.2345
 7508.15       1.0839       0.2325
 7509.18       1.0386       0.2336
 7510.22       1.0731       0.2362
 7511.26       1.1167       0.2328
 7512.30       1.0609       0.2277
 7513.33       0.8270       0.2301
 7514.37       0.9200       0.2485
 7515.41       1.3162       0.2775
 7516.45       1.0137       0.2944
 7517.49       0.6084       0.2987
 7518.52       0.9068       0.3150
 7519.56       1.3534       0.3383
 7520.60       1.5811       0.4198
 7521.64       1.5980       0.5685
 7522.67       0.7289       0.7389
 7523.71      -0.1767       0.8599
 7524.75       0.4575       0.8920
 7525.79       1.4918       0.8030
 7526.83       1.5338       0.6411
 7527.86       0.9167       0.4828
 7528.90       0.5992       0.4054
 7529.94       1.0738       0.4028
 7530.98       0.9484       0.4105
 7532.01       0.3812       0.3792
 7533.05       0.6951       0.3487
 7534.09       0.9975       0.3063
 7535.13       0.8569       0.2630
 7536.17       1.0596       0.2518
 7537.20       1.2105       0.2599
 7538.24       1.0438       0.2654
 7539.28       0.8028       0.2746
 7540.32       0.5416       0.2766
 7541.35       0.2829       0.2665
 7542.39       0.3998       0.2579
 7543.43       0.7659       0.2551
 7544.47       1.0427       0.2519
 7545.50       1.1619       0.2486
 7546.54       1.1569       0.2444
 7547.58       1.0470       0.2382
 7548.62       0.8683       0.2338
 7549.66       0.7736       0.2361
 7550.69       0.7177       0.2369
 7551.73       0.9073       0.2384
 7552.77       1.3782       0.2470
 7553.81       1.4843       0.2619
 7554.84       1.1653       0.2895
 7555.88       0.6904       0.3245
 7556.92       0.6343       0.3530
 7557.96       0.9325       0.3595
 7559.00       0.9892       0.3444
 7560.03       0.7978       0.3137
 7561.07       0.6292       0.2792
 7562.11       0.7908       0.2569
 7563.15       0.9440       0.2467
 7564.18       0.8502       0.2477
 7565.22       0.7726       0.2533
 7566.26       0.8873       0.2704
 7567.30       1.0520       0.3002
 7568.33       0.8870       0.3622
 7569.37       0.4738       0.4694
 7570.41       0.4699       0.5954
 7571.45       1.0478       0.7252
 7572.49       1.8781       0.8117
 7573.52       1.7832       0.7369
 7574.56       1.0466       0.5515
 7575.60       1.2658       0.4110
 7576.64       1.3671       0.3266
 7577.67       0.9706       0.2659
 7578.71       1.1159       0.2438
 7579.75       1.3470       0.2385
 7580.79       1.1661       0.2382
 7581.83       0.9606       0.2389
 7582.86       0.8912       0.2665
 7583.90       0.9901       0.3348
 7584.94       0.9380       0.3867
 7585.98       0.8049       0.3975
 7587.01       1.0378       0.4060
 7588.05       1.1749       0.3798
 7589.09       0.9554       0.3199
 7590.13       0.5933       0.2686
 7591.17       0.5473       0.2479
 7592.20       0.9405       0.2742
 7593.24       0.9765       0.3050
 7594.28       0.9475       0.4360
 7595.32       1.5954       0.7585
 7596.35       1.4674       1.0979
 7597.39       0.4366       1.5342
 7598.43       0.6731       2.1178
 7599.47       1.3886       2.7636
 7600.50       1.5858       3.2343
 7601.54       1.4642       3.1703
 7602.58       1.4485       2.8185
 7603.62       1.1870       2.6767
 7604.66       0.2666       2.6941
 7605.69      -0.3333       2.7139
 7606.73       0.6112       2.6207
 7607.77       1.1644       2.4945
 7608.81       0.3295       2.2671
 7609.84      -0.6018       1.8775
 7610.88      -0.1704       1.5877
 7611.92       1.0299       1.4244
 7612.96       1.6616       1.1555
 7614.00       1.4591       0.8560
 7615.03       0.9103       0.7360
 7616.07       0.8951       0.6875
 7617.11       1.1761       0.6380
 7618.15       0.7847       0.6381
 7619.18       0.6070       0.6188
 7620.22       1.0262       0.5947
 7621.26       1.6419       0.6702
 7622.30       1.7115       0.7563
 7623.33       1.1255       0.7847
 7624.37       0.8500       0.8521
 7625.41       1.1951       0.9939
 7626.45       1.7285       1.1521
 7627.49       1.5885       1.2941
 7628.52       1.1440       1.4198
 7629.56       1.4654       1.5287
 7630.60       1.8491       1.4628
 7631.64       1.4933       1.1743
 7632.67       1.0982       0.9116
 7633.71       1.1838       0.7482
 7634.75       1.3825       0.6279
 7635.79       1.3932       0.5948
 7636.83       1.2559       0.6017
 7637.86       1.1479       0.6131
 7638.90       0.8875       0.5954
 7639.94       0.6944       0.5583
 7640.98       1.0993       0.5806
 7642.01       1.5105       0.6068
 7643.05       1.4150       0.5722
 7644.09       0.8958       0.4982
 7645.13       0.5765       0.4470
 7646.17       0.8938       0.4552
 7647.20       0.9739       0.4475
 7648.24       0.8169       0.4143
 7649.28       0.9545       0.4063
 7650.32       1.1989       0.4475
 7651.35       1.4037       0.5070
 7652.39       1.3935       0.5096
 7653.43       1.1935       0.4938
 7654.47       0.8437       0.4884
 7655.50       0.7457       0.4522
 7656.54       1.0672       0.3974
 7657.58       1.4426       0.3449
 7658.62       1.5376       0.3390
 7659.66       1.4134       0.3861
 7660.69       1.5872       0.4533
 7661.73       1.1875       0.4826
 7662.77       0.2943       0.4646
 7663.81       0.2162       0.4654
 7664.84       0.7077       0.4406
 7665.88       0.9914       0.3589
 7666.92       0.8210       0.2931
 7667.96       0.5523       0.2635
 7669.00       0.6380       0.2527
 7670.03       0.8704       0.2664
 7671.07       0.9801       0.2822
 7672.11       0.8820       0.2824
 7673.15       1.1298       0.2800
 7674.18       1.6353       0.2822
 7675.22       1.3452       0.2708
 7676.26       0.7428       0.2488
 7677.30       0.6581       0.2333
 7678.33       0.7758       0.2379
 7679.37       0.9391       0.2570
 7680.41       1.0971       0.2750
 7681.45       0.9223       0.2837
 7682.49       0.4976       0.2837
 7683.52       0.1981       0.2911
 7684.56       0.3004       0.2921
 7685.60       0.7865       0.2906
 7686.64       1.0880       0.3043
 7687.67       1.0721       0.3171
 7688.71       1.0373       0.3210
 7689.75       0.8389       0.3051
 7690.79       0.8029       0.2915
 7691.83       1.0838       0.3053
 7692.86       1.2047       0.3156
 7693.90       1.0544       0.3020
 7694.94       0.9212       0.2867
 7695.98       1.0334       0.2867
 7697.01       1.1516       0.3028
 7698.05       1.6887       0.3445
 7699.09       1.8918       0.3674
 7700.13       1.1548       0.3380
 7701.17       0.7167       0.3225
 7702.20       0.8281       0.3217
 7703.24       0.7466       0.2875
 7704.28       0.8929       0.2621
 7705.32       1.2519       0.2615
 7706.35       1.0908       0.2479
 7707.39       0.7605       0.2356
 7708.43       0.9242       0.3047
 7709.47       1.2531       0.5079
 7710.50       1.5301       0.8331
 7711.54       1.6257       1.1629
 7712.58       0.7824       1.4276
 7713.62       0.1326       1.6398
 7714.66       1.3669       1.7961
 7715.69       2.6918       1.8488
 7716.73       2.5903       1.7718
 7717.77       2.0406       1.6293
 7718.81       1.4103       1.3621
 7719.84       1.0738       0.9763
 7720.88       1.1988       0.6465
 7721.92       1.2025       0.4937
 7722.96       0.7215       0.5193
 7724.00       0.3913       0.6011
 7725.03       0.6240       0.6151
 7726.07       1.2384       0.6198
 7727.11       1.6363       0.5740
 7728.15       1.4830       0.4813
 7729.18       1.1863       0.3888
 7730.22       0.9793       0.3295
 7731.26       0.9206       0.3052
 7732.30       1.1574       0.3099
 7733.34       1.4685       0.3202
 7734.37       1.5076       0.3287
 7735.41       1.1568       0.3265
 7736.45       0.6268       0.3143
 7737.49       0.6600       0.3125
 7738.52       0.9095       0.3047
 7739.56       0.8459       0.2816
 7740.60       0.7579       0.2675
 7741.64       0.6169       0.2624
 7742.68       0.8257       0.2661
 7743.71       1.1980       0.2676
 7744.75       1.2776       0.2742
 7745.79       0.8393       0.3014
 7746.83       0.6125       0.4502
 7747.86       1.0999       0.8356
 7748.90       2.1645       1.4322
 7749.94       1.7565       1.9007
 7750.98      -0.3305       1.9655
 7752.01      -0.4756       1.7755
 7753.05       0.6545       1.3898
 7754.09       0.7903       0.8770
 7755.13       0.5970       0.4981
 7756.17       0.5517       0.3736
 7757.20       0.8526       0.4417
 7758.24       1.3086       0.6451
 7759.28       1.4023       0.8202
 7760.32       0.9018       0.8679
 7761.35       0.4359       0.7717
 7762.39       0.5569       0.6233
 7763.43       0.7118       0.4463
 7764.47       0.7164       0.3049
 7765.51       0.7386       0.2361
 7766.54       0.6944       0.2247
 7767.58       0.6777       0.2250
 7768.62       0.7852       0.2334
 7769.66       0.9333       0.2598
 7770.69       0.9778       0.3167
 7771.73       0.7979       0.3872
 7772.77       0.7147       0.4420
 7773.81       0.9782       0.4601
 7774.85       1.1248       0.4310
 7775.88       1.1339       0.3896
 7776.92       1.4201       0.3727
 7777.96       1.5817       0.4166
 7779.00       1.4046       0.5033
 7780.03       1.1288       0.5755
 7781.07       0.8778       0.5989
 7782.11       0.8054       0.5666
 7783.15       1.1766       0.4793
 7784.18       1.3958       0.3758
 7785.22       0.9893       0.3007
 7786.26       0.7318       0.2780
 7787.30       1.0093       0.2874
 7788.34       1.4883       0.3071
 7789.37       1.4803       0.3329
 7790.41       0.8204       0.4525
 7791.45       0.3572       0.7203
 7792.49       0.9285       1.0929
 7793.52       2.1776       1.4013
 7794.56       1.6813       1.5035
 7795.60       0.6424       1.3580
 7796.64       1.1996       1.0671
 7797.68       1.6037       0.6961
 7798.71       1.2179       0.3827
 7799.75       0.8511       0.2455
 7800.79       1.1765       0.2402
 7801.83       1.3740       0.2305
 7802.86       1.4685       0.2353
 7803.90       1.3102       0.2542
 7804.94       1.0976       0.3235
 7805.98       0.6552       0.4461
 7807.02       0.4823       0.6007
 7808.05       1.0244       0.7264
 7809.09       1.4578       0.7725
 7810.13       1.4122       0.7198
 7811.17       1.3722       0.5910
 7812.20       1.5347       0.4532
 7813.24       1.7469       0.3578
 7814.28       1.4468       0.3094
 7815.32       1.0488       0.2865
 7816.35       1.2268       0.3056
 7817.39       1.4828       0.3861
 7818.43       1.4444       0.6422
 7819.47       1.2684       1.0715
 7820.51       1.6756       1.5034
 7821.54       2.4277       1.7371
 7822.58       2.1412       1.7226
 7823.62       1.2548       1.4104
 7824.66       0.7802       0.9381
 7825.69       1.0803       0.5419
 7826.73       1.5155       0.3389
 7827.77       1.0913       0.2585
 7828.81       1.1174       0.2675
 7829.85       1.5670       0.2667
 7830.88       1.4133       0.2592
 7831.92       1.2189       0.2514
 7832.96       1.3511       0.2538
 7834.00       1.2456       0.2488
 7835.03       1.1622       0.2376
 7836.07       1.2437       0.2407
 7837.11       0.6967       0.2429
 7838.15       0.2142       0.3148
 7839.19       0.9072       0.4875
 7840.22       1.6587       0.6444
 7841.26       1.7603       0.7067
 7842.30       0.8269       0.6852
 7843.34       0.6193       0.5901
 7844.37       1.5872       0.4656
 7845.41       1.4078       0.3334
 7846.45       0.7472       0.2629
 7847.49       0.8573       0.3001
 7848.52       1.3253       0.3786
 7849.56       1.5379       0.5688
 7850.60       0.9644       0.9098
 7851.64       0.5428       1.3452
 7852.68       0.5981       1.7138
 7853.71       0.3029       1.8474
 7854.75      -0.0024       1.6844
 7855.79       0.1450       1.3497
 7856.83       1.3530       0.9833
 7857.86       2.2021       0.7748
 7858.90       1.5088       0.7435
 7859.94       0.5328       0.7997
 7860.98       0.2360       0.7978
 7862.02       0.6017       0.7394
 7863.05       1.3374       0.6057
 7864.09       1.7200       0.4609
 7865.13       1.6323       0.3898
 7866.17       1.1677       0.4111
 7867.20       0.7263       0.5014
 7868.24       0.6826       0.6827
 7869.28       0.6893       0.8583
 7870.32       0.4168       0.9255
 7871.35       0.8286       0.8989
 7872.39       1.7307       0.7923
 7873.43       2.1423       0.6236
 7874.47       1.2065       0.4396
 7875.51       0.1606       0.3407
 7876.54       1.3930       0.4214
 7877.58       2.2724       0.5757
 7878.62       0.7736       0.6643
 7879.66       0.8642       0.7479
 7880.69       1.9306       0.7856
 7881.73       1.4433       0.7323
 7882.77       0.4936       0.6181
 7883.81       0.2365       0.5024
 7884.85       0.9539       0.4224
 7885.88       1.3232       0.4331
 7886.92       0.7503       0.5621
 7887.96       0.3503       0.7880
 7889.00       0.3233       1.0110
 7890.03       0.4395       1.1205
 7891.07       0.7930       1.1001
 7892.11       1.0542       0.9382
 7893.15       1.0718       0.6790
 7894.19       1.0564       0.4570
 7895.22       1.1029       0.3370
 7896.26       0.9395       0.2916
 7897.30       0.8922       0.2868
 7898.34       1.0582       0.2748
 7899.37       1.0862       0.2615
 7900.41       0.9065       0.2435
 7901.45       0.7316       0.2338
 7902.49       0.5479       0.2317
 7903.52       0.4936       0.2368
 7904.56       0.6389       0.2480
 7905.60       0.9291       0.2594
 7906.64       1.1073       0.2690
 7907.68       1.0962       0.2753
 7908.71       0.6866       0.2892
 7909.75       0.1426       0.4139
 7910.79       0.7185       0.7633
 7911.83       1.3124       1.2887
 7912.86       0.5043       1.7400
 7913.90       0.7952       1.9657
 7914.94       1.9356       1.8623
 7915.98       1.5554       1.4822
 7917.02       0.7185       1.0283
 7918.05       0.6154       0.7568
 7919.09       1.1397       0.7851
 7920.13       1.1892       0.9466
 7921.17       0.2999       0.9825
 7922.20       0.7571       0.9653
 7923.24       1.6896       0.8372
 7924.28       1.0374       0.5995
 7925.32       0.7347       0.3921
 7926.35       1.3652       0.3079
 7927.39       1.6788       0.3216
 7928.43       1.5944       0.4377
 7929.47       1.3408       0.5997
 7930.51       1.2890       0.7533
 7931.54       1.2984       0.8259
 7932.58       1.1023       0.7934
 7933.62       0.8220       0.6578
 7934.66       0.6596       0.4804
 7935.69       0.6452       0.3299
 7936.73       0.7486       0.2521
 7937.77       0.8830       0.2286
 7938.81       0.8508       0.2286
 7939.85       0.8494       0.2355
 7940.88       0.9695       0.2435
 7941.92       0.9430       0.2492
 7942.96       0.7924       0.2496
 7944.00       0.7028       0.2573
 7945.03       0.8353       0.2869
 7946.07       0.9810       0.3574
 7947.11       0.8106       0.4518
 7948.15       0.8338       0.5349
 7949.19       1.1265       0.5751
 7950.22       1.2849       0.5761
 7951.26       1.1766       0.5154
 7952.30       0.9637       0.4062
 7953.34       1.0158       0.3055
 7954.37       1.2082       0.2447
 7955.41       1.1855       0.2162
 7956.45       1.4671       0.2180
 7957.49       1.6678       0.2166
 7958.52       1.2154       0.2131
 7959.56       0.4633       0.1948
 7960.60       0.1761       0.2633
 7961.64       0.8165       0.4967
 7962.68       1.8501       0.8869
 7963.71       1.9959       1.2623
 7964.75       0.2950       1.4189
 7965.79      -1.2963       1.3455
 7966.83      -0.5824       1.1855
 7967.86       0.7310       0.8960
 7968.90       0.9847       0.5648
 7969.94       0.6473       0.3667
 7970.98       0.3901       0.2944
 7972.02       0.7009       0.2546
 7973.05       0.7622       0.2482
 7974.09       0.7509       0.2688
 7975.13       0.9597       0.3420
 7976.17       1.1228       0.4546
 7977.20       1.0686       0.6018
 7978.24       0.8624       0.7479
 7979.28       0.5344       0.8242
 7980.32       0.4734       0.8000
 7981.36       1.0663       0.7113
 7982.39       1.5374       0.5597
 7983.43       1.3724       0.3859
 7984.47       1.2763       0.2807
 7985.51       1.2377       0.2492
 7986.54       0.9960       0.2503
 7987.58       0.6468       0.2435
 7988.62       0.4013       0.2754
 7989.66       0.6853       0.4122
 7990.69       1.0355       0.7340
 7991.73       0.9752       1.1709
 7992.77       0.6021       1.5050
 7993.81       0.4240       1.6404
 7994.85       0.6264       1.5586
 7995.88       0.7533       1.2072
 7996.92       1.0029       0.7679
 7997.96       1.4792       0.4546
 7999.00       1.5654       0.3225
 8000.03       1.0965       0.2855
 8001.07       0.6179       0.2748
 8002.11       0.7691       0.2756
 8003.15       1.3065       0.2761
 8004.19       1.4243       0.2690
 8005.22       1.0110       0.2489
 8006.26       0.5828       0.2273
 8007.30       0.8992       0.2259
 8008.34       1.3598       0.2319
 8009.37       0.9846       0.2300
 8010.41       0.8470       0.2659
 8011.45       1.2780       0.3685
 8012.49       1.3773       0.4992
 8013.53       1.1052       0.5925
 8014.56       0.7954       0.6104
 8015.60       0.8437       0.5793
 8016.64       1.1860       0.5136
 8017.68       1.5056       0.4339
 8018.71       1.2090       0.3652
 8019.75       0.6594       0.3245
 8020.79       0.5764       0.3226
 8021.83       0.8586       0.3838
 8022.86       1.0746       0.5507
 8023.90       0.9482       0.8077
 8024.94       1.0764       1.0801
 8025.98       1.5439       1.2500
 8027.02       1.0767       1.2575
 8028.05       0.4034       1.0759
 8029.09       0.6368       0.7849
 8030.13       0.9411       0.5316
 8031.17       1.0872       0.3855
 8032.20       1.3371       0.3119
 8033.24       1.4722       0.2866
 8034.28       1.3725       0.2577
 8035.32       1.0616       0.2429
 8036.36       0.7966       0.2326
 8037.39       0.9721       0.2301
 8038.43       1.0476       0.2256
 8039.47       0.9392       0.2219
 8040.51       0.8072       0.2251
 8041.54       0.8440       0.2291
 8042.58       0.9273       0.2253
 8043.62       0.6656       0.2114
 8044.66       0.6587       0.2048
 8045.70       0.9832       0.2131
 8046.73       0.7996       0.2130
 8047.77       0.4952       0.2268
 8048.81       0.6213       0.2777
 8049.85       1.0005       0.3599
 8050.88       1.0795       0.4315
 8051.92       0.6892       0.4507
 8052.96       0.6750       0.4428
 8054.00       1.1793       0.4173
 8055.04       1.4704       0.3599
 8056.07       1.3895       0.2835
 8057.11       1.2405       0.2364
 8058.15       1.1149       0.2457
 8059.19       1.0935       0.3440
 8060.22       1.1239       0.5012
 8061.26       1.1001       0.6429
 8062.30       1.0064       0.7165
 8063.34       0.9389       0.7233
 8064.37       0.8985       0.6255
 8065.41       0.8117       0.4604
 8066.45       0.4444       0.3073
 8067.49       0.2937       0.2272
 8068.53       0.6366       0.2089
 8069.56       1.1104       0.2139
 8070.60       1.2759       0.2130
 8071.64       1.0224       0.2141
 8072.68       0.7786       0.2164
 8073.71       0.8086       0.2215
 8074.75       0.8802       0.2273
 8075.79       1.0405       0.2421
 8076.83       1.1573       0.2580
 8077.87       1.0470       0.2542
 8078.90       0.8370       0.2391
 8079.94       0.7300       0.2299
 8080.98       0.7505       0.2220
 8082.02       0.7958       0.2248
 8083.05       0.7723       0.2428
 8084.09       0.6836       0.2635
 8085.13       0.5724       0.2734
 8086.17       0.4635       0.2697
 8087.21       0.6831       0.2574
 8088.24       1.1131       0.2439
 8089.28       1.1857       0.2228
 8090.32       1.1002       0.2274
 8091.36       1.1254       0.2662
 8092.39       1.3797       0.3147
 8093.43       1.6325       0.3467
 8094.47       1.5380       0.3520
 8095.51       1.2562       0.3260
 8096.54       1.0669       0.2897
 8097.58       1.1284       0.2670
 8098.62       1.1996       0.2686
 8099.66       1.0898       0.3006
 8100.70       0.7246       0.3640
 8101.73       0.4758       0.4346
 8102.77       0.5954       0.4753
 8103.81       0.6021       0.4781
 8104.85       0.4780       0.4337
 8105.88       0.6130       0.3573
 8106.92       0.8546       0.2945
 8107.96       1.0227       0.2622
 8109.00       1.0379       0.2444
 8110.04       1.0737       0.2397
 8111.07       1.1378       0.2389
 8112.11       0.9057       0.2320
 8113.15       0.4936       0.2203
 8114.19       0.2938       0.2153
 8115.22       0.4490       0.2107
 8116.26       0.6470       0.2052
 8117.30       0.6251       0.2061
 8118.34       0.4968       0.2032
 8119.38       0.5599       0.1994
 8120.41       0.6408       0.2060
 8121.45       0.7365       0.2231
 8122.49       0.7444       0.2370
 8123.53       0.7654       0.2329
 8124.56       0.8378       0.2269
 8125.60       0.8673       0.2337
 8126.64       1.1154       0.2480
 8127.68       1.3416       0.2560
 8128.71       1.0493       0.2497
 8129.75       0.7561       0.2407
 8130.79       0.9063       0.2455
 8131.83       1.2798       0.2659
 8132.87       1.5546       0.2856
 8133.90       1.4750       0.2887
 8134.94       1.0155       0.2835
 8135.98       0.6509       0.2865
 8137.02       0.7985       0.3038
 8138.05       0.9460       0.3335
 8139.09       0.8736       0.3504
 8140.13       0.7258       0.3317
 8141.17       0.9018       0.3050
 8142.21       1.3832       0.2956
 8143.24       1.4008       0.2874
 8144.28       0.9845       0.2867
 8145.32       0.6698       0.3019
 8146.36       0.9753       0.3526
 8147.39       1.3851       0.3903
 8148.43       0.9582       0.3613
 8149.47       0.4860       0.3095
 8150.51       0.5376       0.2766
 8151.54       0.9033       0.2576
 8152.58       1.0788       0.2447
 8153.62       0.8920       0.2324
 8154.66       0.8828       0.2283
 8155.70       0.9241       0.2283
 8156.73       0.7148       0.2266
 8157.77       0.4906       0.2167
 8158.81       0.6850       0.2231
 8159.85       1.4816       0.2689
 8160.88       1.5187       0.2935
 8161.92       0.4230       0.2700
 8162.96       0.2614       0.2594
 8164.00       0.6367       0.2601
 8165.04       0.6465       0.2542
 8166.07       0.9568       0.2567
 8167.11       1.1439       0.2553
 8168.15       0.6677       0.2398
 8169.19       0.3040       0.2383
 8170.22       0.6411       0.2539
 8171.26       1.4147       0.2662
 8172.30       1.5102       0.2481
 8173.34       0.7602       0.2147
 8174.38       0.6330       0.2245
 8175.41       0.9408       0.2504
 8176.45       1.0817       0.2542
 8177.49       0.7186       0.2529
 8178.53       0.3960       0.2580
 8179.56       0.7547       0.2641
 8180.60       1.0596       0.2574
 8181.64       0.9929       0.2411
 8182.68       1.0200       0.2350
 8183.71       1.1006       0.2352
 8184.75       1.1930       0.2404
 8185.79       1.1416       0.2599
 8186.83       1.0695       0.2798
 8187.87       1.1164       0.2862
 8188.90       0.9872       0.2871
 8189.94       0.9203       0.2892
 8190.98       1.1729       0.2883
 8192.02       1.4285       0.2912
 8193.05       1.2278       0.2923
 8194.09       0.5927       0.2646
 8195.13       0.3982       0.2643
 8196.17       0.8516       0.3059
 8197.21       0.9494       0.3080
 8198.24       0.7312       0.2732
 8199.28       0.7146       0.2500
 8200.32       0.7578       0.2336
 8201.36       0.7776       0.2239
 8202.39       0.6964       0.2213
 8203.43       0.8595       0.2231
 8204.47       1.2005       0.2255
 8205.51       1.0122       0.2260
 8206.54       0.7592       0.2284
 8207.58       0.9263       0.2344
 8208.62       0.9372       0.2351
 8209.66       0.8713       0.2336
 8210.70       1.0304       0.2362
 8211.73       1.1054       0.2310
 8212.77       1.0268       0.2219
 8213.81       0.9220       0.2221
 8214.85       0.9300       0.2314
 8215.88       0.8946       0.2360
 8216.92       0.8547       0.2296
 8217.96       0.8341       0.2231
 8219.00       0.9488       0.2307
 8220.04       1.2053       0.2423
 8221.07       1.3266       0.2496
 8222.11       1.0853       0.2539
 8223.15       0.8378       0.2433
 8224.19       0.8532       0.2423
 8225.22       1.1144       0.2805
 8226.26       1.1106       0.3159
 8227.30       0.7768       0.3229
 8228.34       1.0828       0.3196
 8229.38       1.5203       0.3119
 8230.41       1.2303       0.3016
 8231.45       0.9101       0.2838
 8232.49       0.8546       0.2595
 8233.53       0.8822       0.2353
 8234.56       0.9886       0.2291
 8235.60       0.9812       0.2316
 8236.64       0.7490       0.2151
 8237.68       0.7863       0.2095
 8238.71       1.1238       0.2308
 8239.75       0.7786       0.2360
 8240.79       0.3706       0.2359
 8241.83       0.7383       0.2550
 8242.87       0.8608       0.2657
 8243.90       0.7180       0.2669
 8244.94       0.9163       0.2735
 8245.98       1.0303       0.2643
 8247.02       1.0056       0.2460
 8248.05       1.0491       0.2516
 8249.09       1.3154       0.2611
 8250.13       1.4484       0.2478
 8251.17       0.9001       0.2231
 8252.21       0.2945       0.2099
 8253.24       0.5123       0.2224
 8254.28       0.8998       0.2371
 8255.32       1.0350       0.2454
 8256.36       0.9972       0.2628
 8257.39       0.8606       0.2570
 8258.43       0.7976       0.2276
 8259.47       0.6960       0.2069
 8260.51       0.5705       0.2007
 8261.54       0.4450       0.2037
 8262.58       0.5898       0.2141
 8263.62       0.9522       0.2218
 8264.66       1.1688       0.2199
 8265.70       1.0597       0.2190
 8266.73       0.8120       0.2222
 8267.77       0.7663       0.2205
 8268.81       0.8239       0.2146
 8269.85       0.8352       0.2119
 8270.88       1.0619       0.2214
 8271.92       1.2395       0.2322
 8272.96       1.0217       0.2368
 8274.00       1.0407       0.2537
 8275.04       0.9864       0.3159
 8276.07       0.2962       0.4321
 8277.11       0.5964       0.5742
 8278.15       1.7244       0.7720
 8279.19       1.8772       1.0683
 8280.22       0.9864       1.2539
 8281.26       0.0758       1.2184
 8282.30       0.5822       1.1408
 8283.34       1.7816       1.0509
 8284.38       1.8323       0.9180
 8285.41       1.7464       0.9032
 8286.45       1.7536       1.0622
 8287.49       1.5038       1.2770
 8288.53       1.5065       1.4929
 8289.56       1.8442       1.5369
 8290.60       1.9158       1.3457
 8291.64       1.8523       0.9954
 8292.68       1.8589       0.6908
 8293.71       1.2292       0.5160
 8294.75       0.7535       0.5979
 8295.79       0.7015       0.8785
 8296.83       0.8377       1.2606
 8297.87       1.0343       1.5772
 8298.90       1.1610       1.6965
 8299.94       1.1078       1.6692
 8300.98       1.1093       1.4576
 8302.02       1.2287       0.9777
 8303.05       1.0283       0.5291
 8304.09       0.6254       0.3632
 8305.13       0.1815       0.3041
 8306.17       0.2069       0.2678
 8307.21       0.9519       0.3086
 8308.24       1.2820       0.4245
 8309.28       0.8878       0.5716
 8310.32       0.9790       0.6863
 8311.36       1.2708       0.7042
 8312.39       1.1926       0.6234
 8313.43       1.0113       0.4893
 8314.47       0.9075       0.3601
 8315.51       1.1380       0.2772
 8316.54       1.0085       0.2675
 8317.58       0.5801       0.2868
 8318.62       0.5121       0.2885
 8319.66       0.8895       0.2921
 8320.70       1.3381       0.2910
 8321.73       1.5751       0.2613
 8322.77       1.4623       0.2275
 8323.81       1.2102       0.2290
 8324.85       1.0347       0.2240
 8325.88       0.9585       0.2127
 8326.92       0.8555       0.2091
 8327.96       0.9172       0.2121
 8329.00       1.0264       0.2169
 8330.04       0.9765       0.2196
 8331.07       0.9526       0.2209
 8332.11       1.0003       0.2203
 8333.15       0.9962       0.2166
 8334.19       0.7270       0.2170
 8335.22       0.3134       0.2283
 8336.26       0.2821       0.2443
 8337.30       0.4858       0.2564
 8338.34       0.5248       0.2972
 8339.38       0.9790       0.3019
 8340.41       1.4533       0.4980
 8341.45       1.0673       0.9962
 8342.49       0.7802       1.8921
 8343.53       1.0230       2.9033
 8344.56       1.0470       3.5254
 8345.60       0.7124       3.4516
 8346.64       0.2904       2.8170
 8347.68       0.4954       1.7949
 8348.71       0.9820       0.9461
 8349.75       1.0432       0.6314
 8350.79       1.3246       0.8221
 8351.83       2.0064       1.1202
 8352.87       2.5603       1.3187
 8353.90       2.2520       1.2859
 8354.94       1.2851       1.0754
 8355.98       1.0613       0.7408
 8357.02       1.2301       0.4390
 8358.05       0.8824       0.2751
 8359.09       0.8303       0.2524
 8360.13       0.9410       0.2936
 8361.17       0.7215       0.3482
 8362.21       0.3357       0.4381
 8363.24       0.0502       0.5512
 8364.28      -0.0317       0.6209
 8365.32       0.2122       0.6333
 8366.36       0.6526       0.5943
 8367.39       0.9517       0.4936
 8368.43       1.0798       0.3697
 8369.47       1.1833       0.2709
 8370.51       0.9955       0.2214
 8371.55       0.6924       0.2041
 8372.58       0.6056       0.1982
 8373.62       0.8016       0.2029
 8374.66       1.0076       0.2116
 8375.70       1.0715       0.2189
 8376.73       1.0943       0.2237
 8377.77       1.0257       0.2594
 8378.81       0.3370       0.3352
 8379.85      -0.0341       0.5204
 8380.88       0.8053       0.7924
 8381.92       1.0609       0.9866
 8382.96       0.4843       1.0029
 8384.00       0.5175       0.8921
 8385.04       0.9347       0.6756
 8386.07       1.1569       0.4385
 8387.11       0.6999       0.2711
 8388.15       0.4524       0.2181
 8389.19       1.1851       0.2337
 8390.22       1.1971       0.2522
 8391.26       0.9899       0.2471
 8392.30       1.8287       0.2770
 8393.34       1.9007       0.2456
 8394.38       0.9885       0.2515
 8395.41       0.4998       0.3880
 8396.45       0.3702       0.8893
 8397.49       0.3789       1.6912
 8398.53       1.4576       2.3999
 8399.56       1.7666       2.6875
 8400.60       0.2068       2.4929
 8401.64      -0.0223       1.8823
 8402.68       1.1326       1.1423
 8403.72       1.2541       0.5331
 8404.75       0.8519       0.2515
 8405.79       0.6719       0.1895
 8406.83       1.0674       0.2084
 8407.87       1.3763       0.2159
 8408.90       1.1313       0.2149
 8409.94       0.9464       0.1989
 8410.98       1.0760       0.2373
 8412.02       1.3828       0.3845
 8413.05       1.6510       0.6598
 8414.09       1.7202       0.9680
 8415.13       1.7403       1.1465
 8416.17       1.2974       1.1471
 8417.21       0.7090       0.9899
 8418.24       0.9504       0.7024
 8419.28       1.4129       0.4294
 8420.32       1.2949       0.2723
 8421.36       0.7073       0.2229
 8422.39       0.2650       0.2264
 8423.43       0.6098       0.2638
 8424.47       0.8576       0.2629
 8425.51       0.7051       0.3243
 8426.55       0.6995       0.5198
 8427.58       0.8411       1.1233
 8428.62       1.0526       2.0502
 8429.66       1.2330       2.7792
 8430.70       1.3279       3.0319
 8431.73       1.4346       2.8127
 8432.77       1.9899       2.1082
 8433.81       2.2125       1.2408
 8434.85       1.2926       0.5645
 8435.89       0.5851       0.2782
 8436.92       0.6971       0.2218
 8437.96       0.8817       0.2143
 8439.00       0.9830       0.1994
 8440.04       0.8993       0.1916
 8441.07       0.6633       0.1881
 8442.11       0.4117       0.1850
 8443.15       0.3269       0.1854
 8444.19       0.8529       0.1984
 8445.22       1.4731       0.2116
 8446.26       1.3992       0.2159
 8447.30       0.9112       0.2002
 8448.34       0.6362       0.2472
 8449.38       0.8185       0.4216
 8450.41       1.2561       0.6814
 8451.45       1.4267       0.9051
 8452.49       1.7191       1.0450
 8453.53       1.6972       1.0243
 8454.56       1.0865       0.8476
 8455.60       0.6037       0.5697
 8456.64       0.4776       0.3249
 8457.68       0.6152       0.2230
 8458.72       0.6740       0.2095
 8459.75       0.6764       0.2181
 8460.79       1.2203       0.2471
 8461.83       1.4321       0.4489
 8462.87       0.8187       0.9140
 8463.90       0.6790       1.5444
 8464.94       1.0009       2.0747
 8465.98       1.0619       2.2452
 8467.02       0.7367       1.9916
 8468.06       0.5317       1.4470
 8469.09       1.1706       0.8213
 8470.13       1.4454       0.3901
 8471.17       0.8658       0.2144
 8472.21       0.4684       0.2006
 8473.24       0.5930       0.2303
 8474.28       1.0455       0.2469
 8475.32       0.9804       0.2516
 8476.36       0.5642       0.2394
 8477.39       0.6521       0.2246
 8478.43       0.8381       0.2071
 8479.47       0.8881       0.1923
 8480.51       0.9295       0.1882
 8481.55       0.8716       0.1888
 8482.58       0.7517       0.1869
 8483.62       0.5911       0.1827
 8484.66       0.7285       0.1862
 8485.70       1.2022       0.2018
 8486.73       1.2433       0.2012
 8487.77       0.7707       0.1855
 8488.81       0.6790       0.1859
 8489.85       0.5823       0.2406
 8490.89       0.6035       0.3801
 8491.92       0.9618       0.5662
 8492.96       0.8122       0.7025
 8494.00       0.2035       0.7293
 8495.04       0.8509       0.7008
 8496.07       1.8596       0.5990
 8497.11       1.6260       0.4217
 8498.15       0.8251       0.2814
 8499.19       0.3926       0.2342
 8500.23       0.7846       0.2506
 8501.26       1.3947       0.3766
 8502.30       1.4016       0.6320
 8503.34       0.8658       0.9712
 8504.38       0.2892       1.2393
 8505.41       0.2351       1.3013
 8506.45       0.5240       1.1678
 8507.49       0.8478       0.8830
 8508.53       1.0875       0.5428
 8509.56       1.1607       0.3071
 8510.60       1.0809       0.2082
 8511.64       1.0461       0.1848
 8512.68       0.7727       0.1873
 8513.72       0.3000       0.1741
 8514.75       0.2164       0.1710
 8515.79       0.4348       0.1747
 8516.83       0.5827       0.1824
 8517.87       0.6391       0.1884
 8518.90       0.6505       0.1938
 8519.94       0.7404       0.2024
 8520.98       0.8006       0.2074
 8522.02       0.8437       0.2055
 8523.06       0.9330       0.1988
 8524.09       1.0353       0.1946
 8525.13       1.0740       0.1942
 8526.17       0.9827       0.1877
 8527.21       0.8654       0.1798
 8528.24       0.8382       0.1787
 8529.28       0.7636       0.1782
 8530.32       0.6208       0.1756
 8531.36       0.5630       0.1766
 8532.40       0.5744       0.1742
 8533.43       0.6815       0.1761
 8534.47       0.9306       0.1883
 8535.51       1.0076       0.2298
 8536.55       0.8225       0.3003
 8537.58       0.8254       0.3747
 8538.62       0.8909       0.4230
 8539.66       0.7357       0.4279
 8540.70       0.4720       0.3797
 8541.73       0.3577       0.3013
 8542.77       0.5334       0.2307
 8543.81       0.9564       0.1959
 8544.85       1.2340       0.2259
 8545.89       1.0297       0.3251
 8546.92       0.4568       0.4672
 8547.96       0.0816       0.5953
 8549.00       0.5007       0.6791
 8550.04       1.3139       0.6733
 8551.07       1.6554       0.5767
 8552.11       1.7322       0.4291
 8553.15       1.5268       0.2937
 8554.19       0.8938       0.2120
 8555.23       0.4054       0.1845
 8556.26       0.4395       0.1743
 8557.30       0.9292       0.1828
 8558.34       1.2064       0.1866
 8559.38       1.1179       0.1838
 8560.41       0.8971       0.1805
 8561.45       0.7853       0.1801
 8562.49       0.7498       0.1797
 8563.53       0.9089       0.1827
 8564.57       1.0950       0.1869
 8565.60       1.0826       0.1882
 8566.64       0.8698       0.1830
 8567.68       0.6475       0.1763
 8568.72       0.5499       0.1768
 8569.75       0.6655       0.1880
 8570.79       0.8252       0.2032
 8571.83       0.7034       0.2089
 8572.87       0.3531       0.2088
 8573.90       0.1553       0.2157
 8574.94       0.1803       0.2262
 8575.98       0.4505       0.2347
 8577.02       0.9292       0.2390
 8578.06       1.3266       0.2349
 8579.09       1.5078       0.2247
 8580.13       1.2972       0.2098
 8581.17       1.2957       0.2031
 8582.21       1.9288       0.2132
 8583.24       2.4029       0.2216
 8584.28       2.4101       0.2329
 8585.32       2.3621       0.2632
 8586.36       1.9941       0.3014
 8587.40       1.6631       0.3384
 8588.43       2.5470       0.3828
 8589.47       2.8849       0.3866
 8590.51       1.5520       0.3316
 8591.55       0.9124       0.2650
 8592.58       1.1843       0.2316
 8593.62       1.1414       0.2387
 8594.66       0.9543       0.2932
 8595.70       0.8978       0.3632
 8596.74       1.3564       0.4133
 8597.77       1.4435       0.4225
 8598.81       0.9324       0.3943
 8599.85       0.8309       0.3370
 8600.89       1.0368       0.2781
 8601.92       1.0907       0.2390
 8602.96       1.2301       0.2254
 8604.00       1.3130       0.2263
 8605.04       1.1073       0.2292
 8606.07       0.9152       0.2355
 8607.11       1.0207       0.2520
 8608.15       1.2382       0.2745
 8609.19       1.4397       0.3059
 8610.23       1.5605       0.3510
 8611.26       1.8011       0.3953
 8612.30       1.8394       0.4452
 8613.34       1.6283       0.5116
 8614.38       1.2838       0.5741
 8615.41       1.0997       0.6514
 8616.45       1.0462       0.7477
 8617.49       0.5721       0.8253
 8618.53       0.1083       0.9080
 8619.57       1.4077       1.0400
 8620.60       1.6893       1.1492
 8621.64      -0.3809       1.2070
 8622.68      -0.3104       1.3180
 8623.72       1.1094       1.4528
 8624.75       0.8634       1.5155
 8625.79      -0.0518       1.5712
 8626.83      -0.5540       1.6399
 8627.87      -0.2823       1.6580
 8628.91       0.4333       1.6863
 8629.94       0.7255       1.7269
 8630.98      -0.1106       1.6796
 8632.02      -0.0370       1.6254
 8633.06       1.7864       1.6233
 8634.09       2.1484       1.5862
 8635.13       0.7852       1.4687
 8636.17      -0.2417       1.3089
 8637.21      -0.6071       1.1769
 8638.24      -0.1087       1.0733
 8639.28       1.0958       0.9761
 8640.32       1.3265       0.8537
 8641.36       0.2631       0.6943
 8642.40      -0.0674       0.5636
 8643.43       0.2008       0.4646
 8644.47       0.2859       0.4165
 8645.51       0.4540       0.4672
 8646.55       0.6266       0.6176
 8647.58       1.0415       0.8459
 8648.62       0.9511       1.0743
 8649.66       0.5290       1.2617
 8650.70       0.8979       1.3918
 8651.74       1.0626       1.4862
 8652.77       1.0314       1.5934
 8653.81       2.3092       1.7135
 8654.85       4.2330       1.7584
 8655.89       6.0755       1.6823
 8656.92       7.2415       1.6648
 8657.96       8.0167       1.7579
 8659.00      10.0900       1.8105
 8660.04      10.2903       1.7807
 8661.08       7.7485       1.6849
 8662.11       4.6932       1.5894
 8663.15       3.1135       1.5309
 8664.19       2.6744       1.4878
 8665.23       1.3973       1.4303
 8666.26      -0.2538       1.3495
 8667.30      -0.5089       1.2779
 8668.34       0.0679       1.2529
 8669.38       0.6057       1.2411
 8670.42       0.6703       1.1945
 8671.45       0.6984       1.1226
 8672.49       1.0867       1.0455
 8673.53       1.0285       0.9715
 8674.57       1.1441       0.9383
 8675.60       1.7604       0.9375
 8676.64       1.0341       0.8948
 8677.68      -0.2143       0.7970
 8678.72      -0.1886       0.7066
 8679.75       0.4121       0.6760
 8680.79       0.7549       0.6793
 8681.83       0.6903       0.6567
 8682.87       0.4498       0.5980
 8683.91       0.4420       0.5305
 8684.94       0.6167       0.4951
 8685.98       0.6866       0.4884
 8687.02       0.4789       0.4776
 8688.06       0.6194       0.4632
 8689.09       0.9050       0.4267
 8690.13       0.7076       0.3710
 8691.17       0.6371       0.3459
 8692.21       0.9022       0.3579
 8693.25       1.1104       0.3715
 8694.28       1.0441       0.3579
 8695.32       0.7453       0.3207
 8696.36       0.4662       0.2932
 8697.40       0.2497       0.2927
 8698.43       0.1859       0.3124
 8699.47       0.4358       0.3379
 8700.51       0.7059       0.3459
 8701.55       0.6525       0.3335
 8702.58       0.4083       0.3042
 8703.62       0.4131       0.2849
 8704.66       0.8458       0.2976
 8705.70       1.0373       0.3218
 8706.74       0.6616       0.3278
 8707.77       0.5435       0.3246
 8708.81       0.8093       0.3144
 8709.85       1.0447       0.2992
 8710.89       1.1041       0.2726
 8711.92       0.9384       0.2401
 8712.96       0.6839       0.2174
 8714.00       0.6474       0.2126
 8715.04       0.7858       0.2154
 8716.08       0.7280       0.2116
 8717.11       0.5850       0.2051
 8718.15       0.5831       0.2057
 8719.19       0.7551       0.2066
 8720.23       0.8432       0.2060
 8721.26       0.7576       0.2081
 8722.30       0.6902       0.2103
 8723.34       0.7453       0.2138
 8724.38       0.6038       0.2161
 8725.42       0.5708       0.2210
 8726.45       0.7301       0.2271
 8727.49       0.6562       0.2268
 8728.53       0.4882       0.2182
 8729.57       0.5430       0.2071
 8730.60       0.6827       0.1995
 8731.64       0.7638       0.1968
 8732.68       0.7369       0.1954
 8733.72       0.6884       0.1979
 8734.75       0.7236       0.2054
 8735.79       0.7761       0.2145
 8736.83       0.8147       0.2250
 8737.87       0.7070       0.2349
 8738.91       0.3114       0.2383
 8739.94       0.2413       0.2431
 8740.98       0.8794       0.2541
 8742.02       0.8875       0.2467
 8743.06       0.4162       0.2285
 8744.09       0.6536       0.2261
 8745.13       1.0644       0.2288
 8746.17       1.0953       0.2267
 8747.21       0.6947       0.2218
 8748.25       0.3688       0.2255
 8749.28       0.5461       0.2399
 8750.32       0.9229       0.2433
 8751.36       1.2130       0.2360
 8752.40       1.2185       0.2356
 8753.43       0.9704       0.2227
 8754.47       0.7412       0.2324
 8755.51       0.4988       0.2990
 8756.55       0.3933       0.4584
 8757.58       0.5657       0.8008
 8758.62       0.8588       1.3110
 8759.66       0.9966       1.8595
 8760.70       0.9346       2.2361
 8761.74       1.3020       2.2743
 8762.77       1.4220       2.0463
 8763.81       0.5417       1.7856
 8764.85      -0.0307       1.7574
 8765.89       0.3277       2.0722
 8766.92       0.8783       2.5381
 8767.96       0.7016       2.7889
 8769.00      -0.1378       2.5512
 8770.04      -0.3419       1.9511
 8771.08       0.3651       1.2215
 8772.11       1.2265       0.6918
 8773.15       1.1155       0.5294
 8774.19       0.5379       0.8274
 8775.23       0.9124       1.4480
 8776.26       0.5583       2.2051
 8777.30      -0.3553       2.7794
 8778.34       0.2562       2.9705
 8779.38       1.2320       2.6839
 8780.42       1.1751       2.0594
 8781.45       0.3480       1.2380
 8782.49      -0.1339       0.5826
 8783.53       0.7933       0.2960
 8784.57       1.0375       0.2440
 8785.60       0.5950       0.2218
 8786.64       1.0469       0.2501
 8787.68       1.4141       0.3653
 8788.72       1.1782       0.6006
 8789.75       0.8464       0.8851
 8790.79       0.5572       1.0916
 8791.83       0.4041       1.1245
 8792.87       0.3519       1.0043
 8793.91       0.5071       0.7615
 8794.94       0.8872       0.4687
 8795.98       1.0405       0.2829
 8797.02       0.9480       0.2259
 8798.06       0.9794       0.2157
 8799.09       1.0928       0.2256
 8800.13       1.1266       0.2272
 8801.17       0.8918       0.2266
 8802.21       0.8275       0.2234
 8803.25       1.2035       0.2246
 8804.28       1.5274       0.2263
 8805.32       1.5503       0.2321
 8806.36       1.3459       0.2449
 8807.40       1.1796       0.2780
 8808.43       1.0441       0.3209
 8809.47       0.6586       0.3414
 8810.51       0.3728       0.3472
 8811.55       0.2934       0.3402
 8812.58      -0.0229       0.2956
 8813.62      -0.1151       0.2441
 8814.66       0.3418       0.2199
 8815.70       0.9251       0.2207
 8816.74       1.0367       0.2249
 8817.77       0.5047       0.2174
 8818.81       0.0557       0.2145
 8819.85       0.0603       0.2259
 8820.89       0.1868       0.2405
 8821.92      -0.0871       0.2715
 8822.96      -0.5581       0.6544
 8824.00      -0.1009       1.6234
 8825.04       0.6539       3.2740
 8826.08       0.6377       5.0088
 8827.11       0.5181       6.0723
 8828.15       0.4772       5.9071
 8829.19       0.1958       4.7091
 8830.23      -0.0824       2.9647
 8831.26      -0.0725       1.5248
 8832.30       0.0648       0.8746
 8833.34       0.7177       1.0897
 8834.38       1.7084       1.6279
 8835.42       1.8887       2.1780
 8836.45       1.0502       2.3925
 8837.49      -0.0458       2.3071
 8838.53      -0.1516       1.8545
 8839.57       0.4891       1.2042
 8840.60       0.3434       0.6072
 8841.64       0.2121       0.3058
 8842.68       0.6037       0.2530
 8843.72       0.5341       0.2777
 8844.75       0.4239       0.2957
 8845.79       0.7201       0.3525
 8846.83       0.6724       0.4677
 8847.87       0.3761       0.6464
 8848.91       0.3438       0.8259
 8849.94       0.5109       0.9339
 8850.98       0.4599       0.9073
 8852.02       0.0446       0.7601
 8853.06      -0.1973       0.5451
 8854.09       0.0741       0.3532
 8855.13       0.3577       0.2602
 8856.17       0.5348       0.2473
 8857.21       0.6023       0.2452
 8858.25       0.0972       0.2452
 8859.28      -0.4605       0.2545
 8860.32      -0.3448       0.3048
 8861.36       0.3084       0.3476
 8862.40       0.6549       0.3908
 8863.43      -0.1063       0.4288
 8864.47      -0.3893       0.6588
 8865.51       0.7173       1.1167
 8866.55       1.6497       1.5449
 8867.58       1.4241       1.7739
 8868.62       0.5989       1.7675
 8869.66      -0.0524       1.4568
 8870.70       0.0462       0.9758
 8871.74       0.4147       0.5376
 8872.77       0.6268       0.3069
 8873.81       0.4220       0.2429
 8874.85       0.3245       0.2474
 8875.89       0.3138       0.2541
 8876.92       0.2936       0.2541
 8877.96       0.2920       0.2611
 8879.00       0.0447       0.2412
 8880.04      -0.5392       0.2513
 8881.08      -0.2441       0.2572
 8882.11       0.2943       0.6821
 8883.15      -0.8994       1.6945
 8884.19      -1.3484       3.1931
 8885.23       0.1597       4.5860
 8886.26       1.1413       5.2745
 8887.30       0.7611       4.8469
 8888.34      -0.0620       3.5976
 8889.38       0.0101       2.0576
 8890.42       0.6940       0.9137
 8891.45       0.7265       0.4009
 8892.49       0.2951       0.3458
 8893.53      -0.0322       0.3260
 8894.57       0.1043       0.3702
 8895.60       0.5955       0.3983
 8896.64       0.8824       0.4225
 8897.68       0.9043       0.3974
 8898.72       0.6130       0.4290
 8899.75       0.2329       0.6688
 8900.79      -0.0500       1.2787
 8901.83      -0.0158       2.0595
 8902.87       0.4981       2.5503
 8903.91       0.0994       2.6689
 8904.94      -0.8497       2.3962
 8905.98      -0.4619       1.7255
 8907.02       0.1584       1.0319
 8908.06      -0.0436       0.6172
 8909.09       0.0781       0.4950
 8910.13       0.4656       0.5047
 8911.17       0.5856       0.4841
 8912.21       0.4758       0.4569
 8913.25       0.1451       0.3970
 8914.28      -0.4061       0.3563
 8915.32      -0.0812       0.5567
 8916.36       0.9687       1.5871
 8917.40       0.9983       3.3423
 8918.43       0.2467       6.1330
 8919.47      -0.2807       8.3916
 8920.51      -0.6219       5.8974
