 
TRANSIENT_NAME:     DES13E2tbn 
SNID:               1258906    
OBS_DATE:           2013-12-01
MJD:                56627. 
PHASE:              +4.    
MJD_MAX:            56621.6
TYPE:               1  
SPEC_EVAL:          SNIa
REDSHIFT:           0.3550  
REDSHIFT_ERR:       0.0050  
REDSHIFT_SOURCE:    Z_SN
TELESCOPE:          AAT
INSTRUMENT:         AAOmega-2dF
 
======================================
 
# WAVE  FLUX  FLUX_ERR
 3742.19      16.8319     329.1340
 3743.23      18.5921     361.9450
 3744.26       2.3728     291.3910
 3745.30      -1.6760     310.6050
 3746.34      10.1140     337.1970
 3747.38      29.8209     410.5860
 3748.41      29.3943     398.0640
 3749.45      22.7580     390.1190
 3750.49      10.1838     328.3460
 3751.53     -24.2621     337.2500
 3752.56     -19.6334     372.9950
 3753.60      -1.9329     376.4360
 3754.64      -5.3496     339.4830
 3755.68      -3.6770     307.3660
 3756.72      -4.5817     324.6150
 3757.75      12.7272     378.9910
 3758.79      -7.9362     329.7600
 3759.83       4.0490     367.7710
 3760.87      17.5789     404.6260
 3761.90       0.9479     329.4980
 3762.94       4.9612     317.9970
 3763.98      18.8199     361.8690
 3765.02      42.7921     428.1110
 3766.06       8.3586     369.3230
 3767.09      -4.3888     329.0270
 3768.13     -33.7194     301.8600
 3769.17     -10.8039     299.4870
 3770.21     -12.3425     299.4200
 3771.24       1.2249     308.2650
 3772.28     -17.1157     310.4770
 3773.32       6.7080     312.1950
 3774.36     -12.4288     312.8430
 3775.40      -1.2355     321.5980
 3776.43       4.6631     305.6010
 3777.47       0.3236     272.1790
 3778.51      20.2305     313.6540
 3779.55       3.7217     290.2870
 3780.58      -9.5879     288.1400
 3781.62       3.4553     279.4450
 3782.66      19.0851     307.2360
 3783.70       8.1929     279.2750
 3784.73       1.1902     287.1400
 3785.77      15.6625     256.0210
 3786.81      13.7216     296.1000
 3787.85     -14.7105     255.3500
 3788.89      26.8769     319.3630
 3789.92      -3.8268     258.7200
 3790.96      31.0650     304.0680
 3792.00       7.2154     237.6760
 3793.04      14.2935     265.5200
 3794.07      18.9906     287.3990
 3795.11       1.5607     229.1900
 3796.15     -14.6139     216.5020
 3797.19      -6.5047     225.9300
 3798.23      -7.8984     212.6740
 3799.26      18.0996     237.4310
 3800.30      13.4568     228.2080
 3801.34      25.2056     256.3820
 3802.38      14.5327     235.3550
 3803.41       8.2271     243.2490
 3804.45      11.7629     219.3520
 3805.49      14.2498     211.9360
 3806.53      14.0258     207.4190
 3807.57       4.3752     203.3460
 3808.60      12.8922     201.4390
 3809.64      11.3956     206.7690
 3810.68       7.7558     210.4770
 3811.72      -3.9464     182.2480
 3812.75       7.7216     206.1120
 3813.79      10.0474     200.6150
 3814.83       7.6600     197.3680
 3815.87       6.3969     179.3060
 3816.90       0.6669     171.4270
 3817.94      -7.9996     168.4280
 3818.98     -10.9564     160.9300
 3820.02       5.8256     183.8030
 3821.06       3.8791     173.0490
 3822.09      -2.8198     167.5680
 3823.13      -6.3264     141.8890
 3824.17       7.7123     145.1000
 3825.21      -9.6342     134.7290
 3826.24       2.8049     137.8120
 3827.28      12.2840     144.9550
 3828.32       5.6514     152.3130
 3829.36       4.8825     166.9670
 3830.40       7.1769     152.8580
 3831.43      18.7138     162.9520
 3832.47      -3.3356     138.5970
 3833.51     -12.5683     127.2400
 3834.55      -0.0457     127.4400
 3835.58      -9.1104     119.1420
 3836.62     -18.0518     117.8780
 3837.66     -11.5086     117.3040
 3838.70       5.4656     121.7410
 3839.74       8.5591     119.3910
 3840.77       6.8117     117.6630
 3841.81      -0.5970     123.3120
 3842.85      -3.3802     117.7900
 3843.89       0.0516     115.8560
 3844.92      -2.5594     111.7790
 3845.96      -7.5759      98.9791
 3847.00      -4.4234     102.9570
 3848.04      -1.0972     107.9850
 3849.07      10.1930     118.1090
 3850.11      16.8753     120.7000
 3851.15      10.4795     112.6290
 3852.19     -12.3246      91.1615
 3853.23     -11.4990      88.2732
 3854.26      -2.2077      92.4655
 3855.30      -0.8752      94.7099
 3856.34      -4.7409      94.2774
 3857.38     -15.9539      87.5029
 3858.41      -8.7167      89.5407
 3859.45      -5.2453      91.2602
 3860.49      -5.7691      89.6014
 3861.53     -14.3798      80.9612
 3862.57     -21.1229      76.5716
 3863.60       6.1180      99.1055
 3864.64      12.2565     106.3690
 3865.68      -5.5416      91.0639
 3866.72      -2.0536      85.4880
 3867.75      -0.2871      82.5558
 3868.79      10.9139      92.3378
 3869.83       7.9416      89.5368
 3870.87      -6.1275      74.4392
 3871.91       4.8294      80.2476
 3872.94       7.6384      83.7729
 3873.98       0.8370      76.8363
 3875.02       2.9830      81.9116
 3876.06      -0.1105      78.1747
 3877.09      -8.8147      71.4353
 3878.13      -0.9704      73.9289
 3879.17      -6.2125      65.5193
 3880.21       1.7310      74.3187
 3881.24       8.3044      81.5652
 3882.28       4.8214      82.0520
 3883.32      -5.9740      70.2254
 3884.36       0.9413      85.1967
 3885.40       3.1181     106.2360
 3886.43       1.9119      80.4374
 3887.47       4.3166      74.4815
 3888.51       8.2490      69.4713
 3889.55      -1.3760      72.8597
 3890.58      -4.6177      84.6985
 3891.62       1.0134      69.6055
 3892.66       8.3508      76.3372
 3893.70      -6.0552      66.6740
 3894.74      -3.7067      68.4233
 3895.77       9.8436      77.4300
 3896.81       3.1809      71.5192
 3897.85      -8.1228      65.8652
 3898.89      12.1123      73.9543
 3899.92      -1.4189      64.5950
 3900.96       1.3106      71.1008
 3902.00       0.1192      68.5163
 3903.04       6.3009      69.1939
 3904.07      14.6894      77.2957
 3905.11       4.1511      67.0996
 3906.15      -0.1150      66.8115
 3907.19      -1.1861      68.6447
 3908.23       4.4365      71.8825
 3909.26       7.2148      76.3256
 3910.30      -0.4520      69.8329
 3911.34       0.3420      67.2990
 3912.38       7.2869      74.0651
 3913.41       5.4572      74.3177
 3914.45       1.7404      69.7791
 3915.49       1.2773      67.3789
 3916.53       3.5459      66.5653
 3917.57       9.8718      66.8834
 3918.60       5.8673      64.7673
 3919.64      -3.8969      57.3151
 3920.68      -7.9654      50.2148
 3921.72       1.3719      58.0477
 3922.75      -6.2471      53.5742
 3923.79      -3.7614      51.4677
 3924.83      -1.8437      56.3783
 3925.87       9.0619      61.4528
 3926.91     -13.1301      42.6541
 3927.94      -3.1560      48.8113
 3928.98       0.5321      48.8488
 3930.02      -5.5858      47.1625
 3931.06       0.9978      49.8413
 3932.09       2.2606      49.9145
 3933.13       6.0893      54.4950
 3934.17       4.1569      52.8723
 3935.21       8.1792      55.1376
 3936.24      -0.7001      51.4823
 3937.28      -6.9690      48.1739
 3938.32      -2.5798      51.7078
 3939.36      -5.9830      50.0701
 3940.40       1.7733      56.5858
 3941.43       7.0485      58.2084
 3942.47      -2.7246      53.5408
 3943.51       0.6396      53.5864
 3944.55      -9.2304      54.1661
 3945.58     -10.8470      66.2980
 3946.62      -8.7399      58.1075
 3947.66      -0.2126      51.5357
 3948.70      -3.8725      47.1744
 3949.74      -2.4085      51.0384
 3950.77       0.6176      52.6609
 3951.81       9.0141      53.5912
 3952.85      13.3293      55.9898
 3953.89       5.0406      51.0499
 3954.92      -0.7707      49.5005
 3955.96       3.0613      51.7893
 3957.00      -4.2613      45.3095
 3958.04      -1.1299      47.3536
 3959.08       4.6507      50.1713
 3960.11       6.5588      48.4921
 3961.15      -2.5082      40.2602
 3962.19       5.6389      47.1620
 3963.23       8.1590      51.8483
 3964.26       0.7845      47.5352
 3965.30      -9.5135      32.7243
 3966.34      -5.9229      35.9942
 3967.38       4.0964      40.8976
 3968.41       4.8714      43.2321
 3969.45       1.6829      38.8452
 3970.49       4.5510      42.5688
 3971.53      -2.5183      38.7337
 3972.57      -6.4104      37.8449
 3973.60      -1.0533      42.1048
 3974.64       6.3460      47.1484
 3975.68       3.9892      50.3063
 3976.72       1.6934      46.4136
 3977.75      -0.0145      42.4980
 3978.79       5.5009      46.6143
 3979.83       3.1934      47.2645
 3980.87       2.2490      44.2235
 3981.91       2.4715      44.4010
 3982.94      -5.0560      43.2360
 3983.98      -0.2455      43.3989
 3985.02      -2.7226      41.0075
 3986.06      -5.0780      39.5385
 3987.09       4.5850      44.9837
 3988.13       5.4611      45.3814
 3989.17      -2.3997      41.7241
 3990.21       0.0817      43.4275
 3991.25       3.3458      43.7778
 3992.28       5.0363      43.9928
 3993.32       2.6133      41.4495
 3994.36       0.8958      42.1820
 3995.40       1.8931      40.9298
 3996.43       3.5544      41.0593
 3997.47       1.8811      42.3364
 3998.51       1.2834      42.7684
 3999.55      -2.8472      40.8648
 4000.58      -2.4372      40.5497
 4001.62       1.9822      43.6504
 4002.66       3.6865      42.5041
 4003.70       9.0728      45.9344
 4004.74       2.5821      44.4781
 4005.77     -10.7436      37.7699
 4006.81      -7.2636      39.3504
 4007.85       1.5330      41.9371
 4008.89       2.7510      43.3248
 4009.92       4.7589      43.9322
 4010.96      -0.0334      41.1906
 4012.00      -3.4406      40.1038
 4013.04       0.4386      42.0179
 4014.08      -0.7582      38.9672
 4015.11      -2.3521      40.4949
 4016.15       2.3997      42.2766
 4017.19       5.7430      43.4169
 4018.23       3.2186      41.3437
 4019.26       0.8581      40.2271
 4020.30      -6.7779      35.6152
 4021.34      -6.9126      35.3042
 4022.38      -3.9778      37.5952
 4023.42      -6.4923      38.7090
 4024.45       2.0010      38.9215
 4025.49       5.0338      38.9448
 4026.53      -4.5023      34.9128
 4027.57      -7.2304      32.0124
 4028.60      -8.3812      31.7950
 4029.64      -4.6172      34.3623
 4030.68      -4.2173      32.8751
 4031.72       5.0898      36.8292
 4032.75      -0.7762      38.1071
 4033.79      -2.4935      36.8524
 4034.83      -1.6323      35.4769
 4035.87       2.1291      39.5015
 4036.91       1.4913      38.0391
 4037.94      -2.0208      35.9516
 4038.98       3.8819      40.1921
 4040.02      -3.5441      36.7755
 4041.06      -5.0696      35.7922
 4042.09      -3.8266      37.3348
 4043.13       0.3739      38.5519
 4044.17       1.7655      40.3281
 4045.21      -6.5284      33.4559
 4046.25     -10.6774      32.1070
 4047.28      -6.6064      35.0179
 4048.32       6.8833      39.9054
 4049.36       5.1907      37.6403
 4050.40       1.7254      36.3806
 4051.43       3.2403      37.4501
 4052.47     -12.1662      29.0511
 4053.51      -2.3045      35.0000
 4054.55       0.8260      34.7994
 4055.58       3.1163      35.3388
 4056.62       3.0702      36.3824
 4057.66      -7.4919      30.4480
 4058.70      -3.1361      34.6868
 4059.74       2.0735      35.3617
 4060.77      -2.8530      34.5528
 4061.81       0.8503      37.2436
 4062.85      -3.1588      35.7623
 4063.89       0.5664      39.3640
 4064.92       2.1955      39.9295
 4065.96       2.8366      37.3316
 4067.00      -0.4442      36.3809
 4068.04      -5.6442      33.3973
 4069.08      -0.2749      36.5887
 4070.11       0.5231      34.4677
 4071.15      -1.7058      32.6577
 4072.19       1.5430      35.9958
 4073.23      -1.6696      32.5878
 4074.26      -1.9256      32.7371
 4075.30       4.0778      37.2136
 4076.34      10.9409      38.5153
 4077.38       8.9362      37.3009
 4078.42       2.5125      34.4837
 4079.45      12.5088      41.0968
 4080.49       1.2260      36.6748
 4081.53       4.9141      35.5868
 4082.57       0.4162      31.6741
 4083.60      -6.0317      28.1950
 4084.64       5.5796      33.8772
 4085.68       9.3212      33.8526
 4086.72       8.3450      32.5656
 4087.75      -4.8103      28.0385
 4088.79       4.8977      32.5410
 4089.83       2.0270      29.9282
 4090.87      -3.1472      26.9892
 4091.91       2.1440      31.1293
 4092.94       4.6318      33.2557
 4093.98      -3.7853      27.4915
 4095.02      -1.4274      29.3250
 4096.06      -0.2464      31.1964
 4097.09      -0.9664      28.9456
 4098.13      -2.6843      28.5118
 4099.17      -0.3400      28.7169
 4100.21       4.6063      30.4309
 4101.25       6.2056      30.9514
 4102.28      -1.7159      26.5751
 4103.32       1.0031      27.5215
 4104.36       4.2722      30.1650
 4105.40       5.9574      29.7914
 4106.43       3.6926      29.7343
 4107.47      -5.6377      25.8069
 4108.51      -3.1573      25.7063
 4109.55      -4.4093      25.4130
 4110.58      -3.6852      24.5682
 4111.62       5.7751      29.9349
 4112.66       5.1117      29.5430
 4113.70       2.0019      27.6468
 4114.74       2.6130      29.1094
 4115.77       1.4106      29.1087
 4116.81       1.2490      26.8040
 4117.85      -3.1866      24.9566
 4118.89      -4.2255      24.9529
 4119.92       3.8712      27.6731
 4120.96       7.1334      29.0098
 4122.00      -1.1535      26.0259
 4123.04      11.6710      30.6062
 4124.08      11.7553      30.6629
 4125.11      -1.1201      26.1979
 4126.15      -6.3768      24.6561
 4127.19      -0.2720      26.3193
 4128.23       2.8281      27.2224
 4129.26       3.1786      27.4088
 4130.30      -0.8986      25.1338
 4131.34      -6.2847      22.9539
 4132.38      -1.3402      23.7309
 4133.42       6.1152      26.1989
 4134.45      -3.9797      23.9590
 4135.49      -3.9928      24.5914
 4136.53       1.7213      26.5210
 4137.57       3.4934      26.7724
 4138.60       3.5350      26.3771
 4139.64       1.4692      24.8631
 4140.68       0.7313      23.5749
 4141.72      -3.1081      21.3852
 4142.75       1.6862      23.8486
 4143.79       0.0517      23.8194
 4144.83      -3.0996      22.5008
 4145.87      -0.1131      23.0584
 4146.91      -4.8785      21.7374
 4147.94       1.7718      23.6242
 4148.98       5.8328      25.1957
 4150.02       0.9734      22.5270
 4151.06      -1.1557      21.7113
 4152.09       0.5429      22.7019
 4153.13       3.0498      23.7561
 4154.17       2.4992      24.4799
 4155.21      -0.7714      24.4754
 4156.25      -1.0334      24.8057
 4157.28       5.0139      26.6414
 4158.32       2.6085      25.2633
 4159.36      -0.3022      23.7875
 4160.40      -3.1442      23.9223
 4161.43      -3.9066      24.1654
 4162.47      -3.8585      23.0846
 4163.51      -0.8799      24.1403
 4164.55       5.2589      27.0900
 4165.59       4.5324      27.3421
 4166.62       3.0390      25.4891
 4167.66       1.5032      25.0786
 4168.70      -2.2522      24.0602
 4169.74       1.6560      25.4370
 4170.77       0.4382      24.4235
 4171.81      -2.3000      22.8424
 4172.85      -3.1803      22.7657
 4173.89      -8.1490      21.5472
 4174.92       0.2040      23.5594
 4175.96       4.9501      24.8522
 4177.00      -1.7039      21.8653
 4178.04      -6.2344      19.8130
 4179.08      -0.6018      21.9488
 4180.11      -0.2629      21.4646
 4181.15       2.9744      22.6119
 4182.19       9.3335      25.1738
 4183.23       5.0808      24.3695
 4184.26      -2.3066      21.0987
 4185.30      -8.5885      19.6782
 4186.34       0.5332      20.8807
 4187.38       4.3737      20.9307
 4188.42       2.7730      20.7386
 4189.45       1.8185      19.9084
 4190.49      -3.0203      19.3285
 4191.53      -6.5260      17.5219
 4192.57       0.5861      20.8107
 4193.60       7.1480      22.3989
 4194.64       4.7784      21.6814
 4195.68       2.6021      20.4144
 4196.72       4.4593      20.7488
 4197.76      -7.2956      17.3076
 4198.79      -7.1219      17.0661
 4199.83       1.2760      18.2767
 4200.87       4.3990      19.2782
 4201.91       2.3870      18.9435
 4202.94      -0.5523      18.0787
 4203.98       1.6178      18.5484
 4205.02       1.4801      18.8764
 4206.06      -1.3826      19.5801
 4207.09       0.1350      20.2412
 4208.13      -2.5089      18.1264
 4209.17       1.1632      19.5619
 4210.21       2.7824      19.2940
 4211.25      -6.1088      16.2054
 4212.28       1.4673      19.2430
 4213.32      -1.0937      18.5328
 4214.36       2.8301      19.7209
 4215.40      -1.6670      17.0761
 4216.43       0.2970      17.4741
 4217.47      -0.0956      17.7799
 4218.51      -5.7056      16.2184
 4219.55      -4.0510      16.0499
 4220.59       3.5273      18.7989
 4221.62       2.6265      17.9490
 4222.66      -3.7083      15.9655
 4223.70       0.2683      17.2275
 4224.74       7.8942      18.7009
 4225.77      11.0606      18.9795
 4226.81      -2.1057      14.4432
 4227.85      -1.6716      14.8777
 4228.89       4.3899      16.9331
 4229.93      -1.6664      16.0384
 4230.96      -1.0743      16.1631
 4232.00       7.9574      18.6123
 4233.04      -2.8981      15.5019
 4234.08       2.5586      16.7212
 4235.11      -3.6130      15.2579
 4236.15      -0.6762      15.3361
 4237.19       5.6111      16.1507
 4238.23       3.5413      15.5652
 4239.26       4.8191      16.8696
 4240.30      -3.5772      14.0916
 4241.34       1.5255      14.8999
 4242.38       0.0878      15.9044
 4243.42      -0.6117      15.4545
 4244.45       2.0234      15.7799
 4245.49      -2.0742      14.5689
 4246.53       4.9216      17.9930
 4247.57       6.4304      18.2287
 4248.60       0.4285      15.6842
 4249.64      -1.0010      15.4615
 4250.68      -2.2478      15.0708
 4251.72       3.4212      17.1098
 4252.76      -1.8176      15.4961
 4253.79      -3.5918      14.3783
 4254.83       1.0470      16.4661
 4255.87      -0.4145      15.0301
 4256.91       1.5456      15.6404
 4257.94      -4.1168      15.0180
 4258.98      -5.8659      14.0638
 4260.02       0.1223      14.2022
 4261.06       1.4014      14.9062
 4262.10       0.2938      15.2971
 4263.13      -1.7688      14.7954
 4264.17       4.6029      16.1902
 4265.21       2.3317      15.8525
 4266.25      -2.5786      14.1804
 4267.28      -2.7758      13.7534
 4268.32       3.1503      15.6347
 4269.36       2.0351      15.7770
 4270.40       3.6521      15.8126
 4271.43      -3.2582      13.0580
 4272.47      -4.0352      13.2918
 4273.51       6.6717      16.6603
 4274.55      11.9031      17.4410
 4275.59       6.9626      16.1806
 4276.62       1.0341      15.4549
 4277.66      -2.9239      14.5415
 4278.70       4.0812      15.9838
 4279.74       0.9513      14.6947
 4280.77      -3.0073      14.2007
 4281.81      -0.0391      14.9900
 4282.85      -0.7823      13.5268
 4283.89      -4.4840      12.9206
 4284.93       0.8850      13.8889
 4285.96       2.0919      14.1108
 4287.00       3.6794      14.0453
 4288.04       1.3375      13.1660
 4289.08       0.4364      13.1461
 4290.11       2.4693      13.4595
 4291.15      -2.9147      12.5722
 4292.19      -0.7231      13.2788
 4293.23       0.8412      14.3544
 4294.27      -0.2887      13.8243
 4295.30       0.2090      12.9385
 4296.34       3.3068      14.0228
 4297.38      -2.1752      12.4997
 4298.42      -2.3078      11.3510
 4299.45       3.9452      12.6106
 4300.49       1.6643      12.0178
 4301.53      -2.3733      11.0627
 4302.57      -1.2723      11.2216
 4303.60       0.3571      11.8220
 4304.64       2.7486      13.0079
 4305.68       0.6788      12.4769
 4306.72      -0.7602      12.8008
 4307.76      -0.8036      12.9489
 4308.79       1.1551      12.6873
 4309.83       6.0808      13.8440
 4310.87       6.7498      14.5638
 4311.91      -0.7087      12.5651
 4312.94      -5.3090      11.8223
 4313.98       2.4604      14.1455
 4315.02       3.2638      14.6482
 4316.06      -0.0485      13.8851
 4317.10      -3.4101      13.0166
 4318.13      -0.9937      13.5715
 4319.17       0.3729      13.5801
 4320.21       2.5607      13.9547
 4321.25       2.4942      13.6230
 4322.28      -4.3061      10.9825
 4323.32      -2.0081      11.8962
 4324.36       0.3889      12.0979
 4325.40       1.0977      11.8809
 4326.44       1.1549      12.1877
 4327.47       2.1061      12.5425
 4328.51      -0.6698      11.8271
 4329.55      -0.9881      11.5717
 4330.59       1.7427      12.2074
 4331.62       4.2614      13.1664
 4332.66       2.1310      12.9096
 4333.70       1.5479      12.7045
 4334.74       2.2160      12.8153
 4335.77      -0.2062      11.9326
 4336.81      -5.3703       9.8512
 4337.85       1.1307      11.7404
 4338.89       3.6524      12.3624
 4339.93      -2.0878      11.5796
 4340.96       0.0612      11.8818
 4342.00       2.5177      12.0127
 4343.04       1.7933      12.7115
 4344.08       0.8126      12.2629
 4345.11       2.0781      12.1339
 4346.15      -1.5579      11.5070
 4347.19      -5.3292      11.0656
 4348.23      -5.4207      10.5493
 4349.27      -0.2612      11.9259
 4350.30      -2.4151      11.1385
 4351.34      -9.0232       9.2906
 4352.38      -2.5963      10.2251
 4353.42       2.7779      11.9452
 4354.45       2.1045      11.9697
 4355.49      -1.4466      11.1630
 4356.53       1.1587      11.8793
 4357.57      -2.5728      11.3539
 4358.60      -2.2698      11.1637
 4359.64       1.2072      12.2030
 4360.68      -1.6040      11.2088
 4361.72      -0.3456      11.5530
 4362.76      -1.1379      10.6808
 4363.79      -0.3626      11.2818
 4364.83       0.1748      11.0661
 4365.87       4.0198      11.8048
 4366.91       0.4250      10.9699
 4367.94       4.1972      12.1967
 4368.98       4.2822      11.9776
 4370.02       1.7452      11.5863
 4371.06      -2.5966      10.3693
 4372.10       0.8787      11.1944
 4373.13       5.3727      11.7359
 4374.17       0.8452      11.1737
 4375.21       6.3004      12.5945
 4376.25       3.8926      11.7705
 4377.28       3.1409      12.0947
 4378.32       1.4468      11.1940
 4379.36      -3.0607      10.1452
 4380.40       2.7585      11.9062
 4381.44      -3.7295      10.2977
 4382.47       0.5741      10.0346
 4383.51      -2.9822       8.8848
 4384.55      -6.1796       8.6006
 4385.59       1.8900      10.7867
 4386.62       0.9466      10.8398
 4387.66       1.9435      10.9097
 4388.70       4.7972      11.0278
 4389.74      -0.4951      10.2573
 4390.77       3.7703      11.2390
 4391.81      -2.0309       9.5535
 4392.85      -4.9544       9.2280
 4393.89       2.6265      11.0882
 4394.93       1.3531      10.8033
 4395.96      -0.3161      10.2450
 4397.00      -2.4802       9.7442
 4398.04      -2.2544       9.8437
 4399.08      -2.1893       9.9678
 4400.11       3.2417      11.1098
 4401.15       0.2934      10.6403
 4402.19      -0.8199      11.2339
 4403.23       0.0849      11.2277
 4404.27      -1.9863      11.1570
 4405.30       1.6055      12.2317
 4406.34      -2.1884      11.0482
 4407.38       1.4288      11.7714
 4408.42       4.4943      12.8032
 4409.45       2.5309      12.1560
 4410.49       0.8960      11.5149
 4411.53       1.0592      11.7746
 4412.57       1.8926      13.0682
 4413.61      -0.2620      12.5009
 4414.64       1.7482      11.2723
 4415.68       3.3029      12.0424
 4416.72       0.2766      11.4140
 4417.76      -3.1381      10.5270
 4418.79      -2.1867      11.1580
 4419.83      -0.9512      11.8141
 4420.87       2.0432      12.1242
 4421.91       4.3378      12.1927
 4422.94      -3.0784      10.3032
 4423.98      -3.6437       9.8683
 4425.02       1.1274      11.5011
 4426.06       2.7761      12.1388
 4427.10       0.0939      11.1972
 4428.13       0.0012      10.0517
 4429.17       0.5960      10.3691
 4430.21      -0.0948      10.7465
 4431.25       1.0369      10.9339
 4432.28       5.0793      11.4137
 4433.32       3.7589      10.7894
 4434.36       2.1055      10.6216
 4435.40      -1.2187       9.8865
 4436.44      -2.3517       9.4622
 4437.47      -2.0675       9.9895
 4438.51       2.4313      11.4289
 4439.55       3.3476      11.3134
 4440.59       1.0832      10.5675
 4441.62      -0.2318      10.0146
 4442.66      -1.0776       9.4270
 4443.70      -1.9678       9.1736
 4444.74       0.3860      10.2812
 4445.78      -0.7311      10.5252
 4446.81      -0.5110      10.3445
 4447.85      -2.3794       9.8179
 4448.89       1.7908      10.5295
 4449.93       2.4206      10.6806
 4450.96      -2.9652       8.9626
 4452.00      -2.7987       9.1508
 4453.04      -0.4170       9.5433
 4454.08      -0.6134       9.0017
 4455.11       0.9131       9.3474
 4456.15       1.1040       9.5079
 4457.19       3.0334       9.8096
 4458.23       7.7499      10.7677
 4459.27       4.3500      10.4184
 4460.30       0.4514       9.4985
 4461.34       3.1057       9.6386
 4462.38       6.4574      10.5721
 4463.42       4.2510      10.0061
 4464.45       0.9440       9.5083
 4465.49       2.0480       9.7954
 4466.53       3.6118      10.1709
 4467.57       0.7869       9.2977
 4468.61       0.1632       9.2104
 4469.64       1.5899       9.6811
 4470.68       0.2293       9.2151
 4471.72      -0.4691       8.9775
 4472.76       1.9270       9.2043
 4473.79       1.9128       9.7212
 4474.83       3.6832      10.4231
 4475.87      -0.9700       9.4294
 4476.91      -2.5275       8.8282
 4477.95      -2.0321       8.7375
 4478.98      -1.3897       8.3817
 4480.02       1.7241       9.0274
 4481.06       1.4528       8.9693
 4482.10       1.5158       8.9743
 4483.13      -1.2084       8.4420
 4484.17      -4.2467       7.9496
 4485.21       1.0802       9.4574
 4486.25       1.9471       9.8619
 4487.28       0.4116       9.4715
 4488.32       3.8010      10.0702
 4489.36       0.4151       9.0101
 4490.40       2.1092       9.1931
 4491.44       2.0820       9.7468
 4492.47      -1.9943       8.7755
 4493.51      -1.9028       8.7207
 4494.55       1.7398       9.2897
 4495.59       0.3186       8.6759
 4496.62      -0.2209       9.0849
 4497.66       1.7806       9.5407
 4498.70      -2.2807       8.5227
 4499.74      -1.5201       8.5318
 4500.78       2.1621       9.0881
 4501.81       3.9256       9.6911
 4502.85       4.0686       9.8658
 4503.89      -0.7857       8.8928
 4504.93      -0.8085       8.8137
 4505.96       0.3600       8.9812
 4507.00      -1.1709       8.9033
 4508.04       2.0812       9.5922
 4509.08       1.5139       9.1459
 4510.12      -1.9296       8.5175
 4511.15      -3.4686       8.4973
 4512.19      -2.6201       8.1178
 4513.23       2.6373       8.9704
 4514.27       2.9352       9.1257
 4515.30      -2.1893       8.1081
 4516.34      -2.8461       7.9644
 4517.38       3.7343       9.7516
 4518.42      -0.3497       8.5699
 4519.45       0.5842       8.6800
 4520.49      -0.6117       9.4382
 4521.53      -2.6412       9.9838
 4522.57       2.1145       9.2734
 4523.61       1.5825       9.4599
 4524.64      -0.0749       8.7829
 4525.68      -2.8082       7.9547
 4526.72      -4.1110       7.8516
 4527.76      -0.4869       8.7631
 4528.79       2.2621       9.1386
 4529.83       2.5698       9.2787
 4530.87      -0.3658       8.6967
 4531.91       2.0433       9.7248
 4532.95       1.6088       9.6277
 4533.98       2.7284       9.3630
 4535.02       2.4945       8.9380
 4536.06      -3.8998       7.8965
 4537.10       4.1010       9.6287
 4538.13      -1.5070       8.6307
 4539.17      -2.7765       8.3205
 4540.21       0.6208       8.7021
 4541.25       1.3390       8.9227
 4542.29       1.7924       8.9052
 4543.32       0.7861       8.9825
 4544.36       1.9737       9.4436
 4545.40      -0.3705       8.6998
 4546.44       0.3937       8.9979
 4547.47       4.5795       9.6498
 4548.51      -0.8066       8.3183
 4549.55       3.9350       9.4733
 4550.59       4.9589       9.4916
 4551.62       4.8896       9.6967
 4552.66       2.5669       9.1231
 4553.70       1.2474       8.7414
 4554.74      -0.6076       8.1991
 4555.78      -3.5892       7.5602
 4556.81       1.3548       8.6893
 4557.85       2.5091       8.8263
 4558.89       0.6795       8.7902
 4559.93       2.4878       8.7959
 4560.96       1.2614       8.4975
 4562.00      -1.1859       7.9997
 4563.04      -1.4192       7.6125
 4564.08       0.3821       8.1450
 4565.12      -0.0676       7.8737
 4566.15      -0.6251       7.8312
 4567.19       3.2089       8.6042
 4568.23       2.1961       8.4770
 4569.27      -2.1007       7.7628
 4570.30      -1.0478       7.8235
 4571.34       1.5417       7.9779
 4572.38       1.2059       7.8323
 4573.42       1.8064       8.1259
 4574.46       1.8588       8.3640
 4575.49       0.6181       8.3685
 4576.53       0.5390       8.2713
 4577.57       1.9358       8.6592
 4578.61       1.4685       8.5803
 4579.64      -0.8357       8.1907
 4580.68      -0.2208       8.4673
 4581.72       2.5483       8.4472
 4582.76      -4.9485       7.0253
 4583.79      -1.8749       7.6796
 4584.83       0.7177       8.0744
 4585.87       0.8332       7.8247
 4586.91       3.2618       8.5497
 4587.95       3.8822       8.9274
 4588.98       3.1635       8.7817
 4590.02       1.3433       7.9917
 4591.06      -1.6205       7.3733
 4592.10      -2.7314       7.1470
 4593.13       2.3791       7.9157
 4594.17       4.7771       8.5989
 4595.21       1.3982       8.0771
 4596.25      -0.8749       7.2589
 4597.29       0.7406       7.9104
 4598.32      -1.4136       7.7618
 4599.36      -0.6269       7.2839
 4600.40       2.1055       7.9000
 4601.44       0.2332       8.0383
 4602.47       1.9790       8.5017
 4603.51       4.1828       8.5006
 4604.55       0.2837       7.3239
 4605.59      -2.9103       6.9317
 4606.62       2.0501       7.8830
 4607.66       2.7213       8.0843
 4608.70       0.5049       7.5888
 4609.74       1.4389       7.9837
 4610.78      -1.5822       7.5040
 4611.81      -2.2709       7.3337
 4612.85       0.6981       7.9097
 4613.89       3.6191       8.3013
 4614.93       0.0703       7.5321
 4615.96      -1.0306       7.1733
 4617.00       3.0011       7.9331
 4618.04       2.6514       7.6517
 4619.08      -4.4790       6.4335
 4620.12      -1.9226       7.0345
 4621.15       1.0485       7.7814
 4622.19       4.6837       8.4721
 4623.23       2.3176       7.6636
 4624.27       0.6321       7.1467
 4625.30       2.8297       7.8082
 4626.34       2.5126       8.0020
 4627.38      -2.2472       7.1935
 4628.42      -2.8277       6.8987
 4629.46       1.3785       7.3963
 4630.49       3.5063       7.6944
 4631.53       2.0033       7.3527
 4632.57       0.3525       7.6228
 4633.61       1.1303       7.6093
 4634.64      -1.8240       6.6276
 4635.68      -1.3207       6.9303
 4636.72       0.0382       7.2957
 4637.76       0.3641       7.3768
 4638.79       1.9207       7.5279
 4639.83       3.8369       7.8719
 4640.87       1.6403       7.2455
 4641.91       2.4748       7.6799
 4642.95       5.4558       8.3600
 4643.98      -1.2901       6.6746
 4645.02      -0.7496       6.6724
 4646.06       3.3641       7.1916
 4647.10       0.9120       7.0141
 4648.13      -0.9138       6.7762
 4649.17      -4.0829       5.9709
 4650.21       2.8584       7.5310
 4651.25       0.6152       7.1056
 4652.29       1.2794       7.1083
 4653.32       2.1927       7.0771
 4654.36       1.5607       7.4835
 4655.40      -1.0102       7.6265
 4656.44      -1.6141       6.6603
 4657.47      -2.5506       6.9604
 4658.51       0.7702       7.7119
 4659.55       5.5725       8.4463
 4660.59       4.4388       8.1066
 4661.62       0.6123       7.4738
 4662.66      -2.4851       6.5633
 4663.70       1.0447       7.1280
 4664.74       5.6915       7.9689
 4665.78       2.1794       7.1222
 4666.81       0.9973       6.8492
 4667.85       1.2288       6.9198
 4668.89      -1.7983       6.5341
 4669.93      -0.5160       6.8871
 4670.96       0.1916       7.1847
 4672.00       1.5297       7.2143
 4673.04      -2.1204       6.4908
 4674.08      -0.4574       6.9735
 4675.12       2.1219       7.3828
 4676.15       0.9896       7.2834
 4677.19       3.8110       7.6885
 4678.23       1.9759       7.2479
 4679.27       2.0258       7.1803
 4680.30       4.6040       7.6163
 4681.34       0.2474       7.0402
 4682.38      -0.5104       6.7735
 4683.42       1.0144       7.0629
 4684.46       0.1002       7.0066
 4685.49       1.1345       7.0718
 4686.53       1.6628       7.1328
 4687.57       2.5450       7.1851
 4688.61       4.3912       7.3763
 4689.64       4.0788       7.3766
 4690.68       1.2474       6.9833
 4691.72       1.0200       6.8567
 4692.76      -3.0108       5.9030
 4693.79      -1.8908       6.1851
 4694.83       2.1228       6.8776
 4695.87      -1.6655       6.2936
 4696.91       0.8614       6.6631
 4697.95      -1.3908       6.2175
 4698.98      -0.3265       6.2381
 4700.02       3.2513       6.8393
 4701.06      -0.0264       6.2754
 4702.10       0.4487       6.3179
 4703.13       1.5892       6.4486
 4704.17       0.5447       6.2991
 4705.21       0.9768       6.7344
 4706.25       0.0607       6.6349
 4707.29      -0.8340       6.3057
 4708.32      -0.6583       6.3701
 4709.36       0.5490       6.4468
 4710.40      -1.5721       6.0603
 4711.44      -0.1609       6.5697
 4712.47       4.3906       7.2032
 4713.51       0.3757       6.3986
 4714.55      -0.6586       6.1885
 4715.59      -0.5418       6.2887
 4716.62       0.3377       6.2696
 4717.66       0.8402       6.3436
 4718.70      -3.4542       5.7346
 4719.74      -1.1665       6.1686
 4720.78       4.1180       7.0371
 4732.19       0.9384       6.7854
 4733.23       1.9941       6.5895
 4734.27       0.4555       6.0990
 4735.30       2.1919       6.4328
 4736.34       2.1668       6.4893
 4737.38      -0.4589       6.2130
 4738.42      -2.5003       6.2942
 4739.46       0.7837       6.5451
 4740.49      -0.6039       6.0849
 4741.53       2.2169       6.3421
 4742.57       2.8885       6.2428
 4743.61      -4.2279       5.1335
 4755.02      -0.5210       5.6944
 4756.06       3.4100       6.8649
 4757.10       4.3145       7.5844
 4758.13      -1.9474       5.4902
 4759.17       1.5574       6.4727
 4760.21       0.5882       6.0386
 4761.25      -1.2522       5.7921
 4762.29       1.0325       6.0721
 4763.32       5.6256       6.4678
 4764.36       1.7274       5.9801
 4765.40      -4.2445       4.9675
 4766.44       1.8846       5.7448
 4767.47      -1.1047       5.4398
 4768.51       0.2129       5.4949
 4769.55       1.8775       6.0733
 4770.59      -1.4410       5.6525
 4771.63      -2.3899       5.3204
 4772.66       3.6601       6.2196
 4773.70       1.6503       6.0188
 4774.74      -1.0705       5.4645
 4775.78       2.3126       5.9572
 4776.81       2.0147       6.0860
 4777.85      -2.1859       5.3153
 4778.89       0.8578       5.8664
 4779.93       0.2607       5.7769
 4780.97       0.5932       5.6923
 4782.00       4.4073       6.4252
 4783.04       0.6796       5.6560
 4784.08      -0.4562       5.5425
 4785.12      -0.2204       5.4470
 4786.15      -0.8526       5.3126
 4787.19      -0.8477       5.4435
 4788.23       0.1790       5.6275
 4789.27       3.0447       6.0952
 4790.30      -0.6242       5.7469
 4791.34       1.1887       5.7804
 4792.38       2.9300       6.1952
 4793.42       2.7971       5.9734
 4794.46       0.7158       5.5233
 4795.49       1.2873       5.8938
 4796.53       3.0781       6.1156
 4797.57       1.3066       5.6210
 4798.61       2.1810       5.7039
 4799.64       1.1942       5.5483
 4800.68      -1.3041       5.2099
 4801.72       0.0875       5.7482
 4802.76       1.3512       5.8737
 4803.80      -1.1910       5.2147
 4804.83      -2.4032       5.0311
 4805.87      -0.8623       5.2969
 4806.91       0.2957       5.2942
 4807.95       0.9905       5.3745
 4808.98       0.7443       5.4438
 4810.02       1.9501       5.8293
 4811.06       1.7837       5.7765
 4812.10       2.6087       5.7863
 4813.14       2.7678       5.8443
 4814.17       0.9612       5.5922
 4815.21      -2.8148       5.0700
 4816.25      -4.3635       4.8044
 4817.29       0.0349       5.5107
 4818.32      -0.6289       5.5942
 4819.36      -0.8659       5.6762
 4820.40      -1.6816       5.5850
 4821.44      -1.8840       5.4989
 4822.47       0.9105       5.8512
 4823.51      -0.2761       5.4619
 4824.55       3.0945       6.0051
 4825.59       3.8760       6.1860
 4826.63       1.5717       5.9623
 4827.66       3.9916       6.3696
 4828.70       3.1718       5.9966
 4829.74       1.0889       5.8222
 4830.78       3.5576       6.1214
 4831.81       3.5435       6.1441
 4832.85       1.7732       5.7473
 4833.89       1.3525       5.7896
 4834.93      -0.3066       5.5784
 4835.97      -1.9514       5.2338
 4837.00      -1.8097       5.3006
 4838.04       1.8324       5.7274
 4839.08       1.5029       5.5637
 4840.12       3.3699       6.0843
 4841.15       2.3004       5.7684
 4842.19       1.4057       5.5417
 4843.23       1.3353       5.4299
 4844.27       3.8492       5.7393
 4845.31       2.1407       5.6339
 4846.34       0.6895       5.3623
 4847.38       1.4722       5.5241
 4848.42       2.8473       5.5038
 4849.46       2.0025       5.3251
 4850.49       0.3513       5.0726
 4851.53       2.4020       5.3622
 4852.57       0.4645       5.0641
 4853.61      -0.2656       4.8676
 4854.64      -0.9795       4.7215
 4855.68      -0.2109       4.6898
 4856.72       1.4657       4.7345
 4857.76       0.2075       4.7327
 4858.80       0.7936       4.9103
 4859.83       4.3153       5.4892
 4860.87       1.8681       5.3320
 4861.91       1.5737       5.3060
 4862.95      -0.9753       4.7553
 4863.98       0.8068       4.8972
 4865.02       2.2112       5.0939
 4866.06      -2.3622       4.3417
 4867.10       0.4043       4.6517
 4868.14       0.0845       4.7017
 4869.17      -5.0560       4.2203
 4870.21       0.5309       5.1837
 4871.25      -0.9196       4.4561
 4872.29      -1.0038       4.2263
 4873.32       0.3078       4.7104
 4874.36       0.9110       4.7919
 4875.40      -0.9657       4.5070
 4876.44      -0.2313       4.7039
 4877.48       0.8110       4.9687
 4878.51       0.0954       4.7655
 4879.55      -0.6544       4.7153
 4880.59       0.5151       5.0552
 4881.63      -0.0020       5.0227
 4882.66       2.3992       5.2981
 4883.70       2.7541       5.2326
 4884.74      -1.0264       4.6630
 4885.78      -0.7228       4.6377
 4886.81       0.9307       4.8310
 4887.85      -2.7242       4.2455
 4888.89       0.8405       4.8097
 4889.93       3.0672       5.1226
 4890.97       2.1855       4.9903
 4892.00       3.1307       5.1469
 4893.04       0.4427       4.7484
 4894.08       3.3543       5.2204
 4895.12       3.0371       5.1340
 4896.15       0.9478       4.9993
 4897.19       2.2822       5.1053
 4898.23       1.0752       4.6244
 4899.27       1.0978       4.6711
 4900.31       1.0027       4.8332
 4901.34      -0.4230       4.4918
 4902.38       0.4726       4.4856
 4903.42      -0.1651       4.7301
 4904.46       1.1975       4.9145
 4905.49       2.4721       5.0529
 4906.53       0.0148       4.6617
 4907.57      -0.5791       4.5196
 4908.61      -0.0364       4.5745
 4909.65      -0.0167       4.4030
 4910.68       0.1432       4.3216
 4911.72      -0.1556       4.4946
 4912.76      -0.1370       4.4419
 4913.80       3.3305       4.7662
 4914.83       2.6974       4.9033
 4915.87      -0.2043       4.4503
 4916.91       0.0199       4.1505
 4917.95       2.0690       4.4972
 4918.98       1.3484       4.2877
 4920.02      -0.6041       3.7802
 4921.06      -0.3100       4.0685
 4922.10      -0.3498       4.1056
 4923.14       1.9768       4.5507
 4924.17       4.7372       5.0584
 4925.21       3.3300       4.7854
 4926.25       0.9798       4.4400
 4927.29       1.7264       4.5204
 4928.32       1.7326       4.4615
 4929.36       2.8647       4.6836
 4930.40       5.3894       4.9777
 4931.44       2.0416       4.4815
 4932.48      -2.9135       3.8125
 4933.51      -1.1757       4.1458
 4934.55       2.3425       4.4359
 4935.59       1.6587       4.3333
 4936.63       0.1340       4.4272
 4937.66      -0.4312       4.1911
 4938.70      -3.7221       3.5987
 4939.74      -0.9049       4.0421
 4940.78       2.0237       4.3332
 4941.81       0.6162       4.2798
 4942.85       0.9006       4.2464
 4943.89       1.3103       4.2839
 4944.93       2.2047       4.4152
 4945.97       1.9802       4.2309
 4947.00       0.7140       4.1833
 4948.04      -2.3816       3.9362
 4949.08       0.9413       4.1971
 4950.12       3.2585       4.4093
 4951.15       1.8293       4.3426
 4952.19       1.3027       4.2759
 4953.23       0.4952       4.4072
 4954.27       1.3331       4.3655
 4955.31      -2.3106       3.6912
 4956.34      -1.4322       3.7213
 4957.38       1.9045       4.0756
 4958.42       0.2138       3.9325
 4959.46       0.2473       3.9675
 4960.49       2.3412       4.2912
 4961.53      -0.4463       3.9695
 4962.57      -3.7304       3.5450
 4963.61      -2.6825       3.7340
 4964.65       2.0382       4.4382
 4965.68       0.3139       4.2776
 4966.72       1.5009       4.3028
 4967.76       2.0609       4.3971
 4968.80       0.7692       4.1389
 4969.83       0.4912       4.0137
 4970.87       3.3445       4.5282
 4971.91       3.9713       4.6744
 4972.95      -0.0077       4.0230
 4973.98      -0.0336       3.9188
 4975.02       1.3263       4.2485
 4976.06      -0.9403       3.9174
 4977.10       0.6369       4.0749
 4978.14       1.2860       4.0164
 4979.17       0.5268       3.8270
 4980.21      -0.1481       3.6863
 4981.25       0.7615       3.8036
 4982.29      -0.5822       3.6755
 4983.32      -0.1732       3.6396
 4984.36       0.6551       3.7261
 4985.40       1.5131       4.0285
 4986.44       0.0733       3.9572
 4987.48       0.5630       3.9746
 4988.51       0.8645       4.0498
 4989.55       0.6604       4.0004
 4990.59       2.5457       4.2349
 4991.63       0.2043       4.1074
 4992.66      -0.8308       3.8849
 4993.70       0.9623       4.0039
 4994.74      -0.6376       3.8368
 4995.78       0.5513       3.9233
 4996.81       2.8363       4.1432
 4997.85       3.2992       4.1942
 4998.89       2.0393       4.0889
 4999.93      -2.2047       3.5224
 5000.97      -0.6183       3.6627
 5002.00       2.0041       3.9818
 5003.04       1.7198       3.9785
 5004.08       2.1133       3.9613
 5005.12      -0.1993       3.8174
 5006.15      -2.0524       3.6258
 5007.19      -0.7698       3.6562
 5008.23       2.1054       3.9398
 5009.27      -0.6560       3.5701
 5010.31      -1.4250       3.5673
 5011.34       1.5169       3.8409
 5012.38       0.1006       3.6159
 5013.42       0.5439       3.7110
 5014.46       1.9645       3.9285
 5015.49       0.9182       3.6919
 5016.53      -1.0898       3.5032
 5017.57      -0.4112       3.5920
 5018.61       1.4608       3.7938
 5019.65       0.0046       3.5751
 5020.68      -0.6167       3.3146
 5021.72       1.5058       3.6107
 5022.76       2.8962       3.7810
 5023.80      -0.4751       3.2148
 5024.83       1.4323       3.6147
 5025.87       0.5398       3.5324
 5026.91       0.4175       3.2773
 5027.95       2.4203       3.7183
 5028.98       1.6305       3.7179
 5030.02       1.1446       3.6865
 5031.06      -1.5377       3.3349
 5032.10       1.8845       3.6594
 5033.14       4.8668       4.1743
 5034.17       2.2475       3.8124
 5035.21       3.5722       3.7452
 5036.25      -0.8507       3.2251
 5037.29      -2.3844       3.1229
 5038.32      -0.2314       3.2840
 5039.36       3.3173       3.6360
 5040.40       2.2782       3.4411
 5041.44       0.5726       3.2584
 5042.48      -0.0299       3.4086
 5043.51       2.5451       3.6983
 5044.55       2.9041       3.7884
 5045.59       0.7018       3.4557
 5046.63      -1.5012       3.1416
 5047.66       0.2392       3.3380
 5048.70       0.2645       3.2870
 5049.74      -1.1582       3.1693
 5050.78       0.1072       3.4000
 5051.82      -0.3532       3.3035
 5052.85      -0.0472       3.2552
 5053.89       2.5955       3.6004
 5054.93       0.1780       3.3530
 5055.97       0.2370       3.3286
 5057.00       2.1278       3.5659
 5058.04      -0.0273       3.3365
 5059.08      -2.6348       3.0218
 5060.12      -0.3034       3.2907
 5061.16       0.2018       3.3740
 5062.19       0.0265       3.4485
 5063.23       2.6004       3.5944
 5064.27       2.2870       3.4601
 5065.31      -1.4253       3.0695
 5066.34       1.5688       3.3019
 5067.38       2.9923       3.4991
 5068.42       0.2658       3.2507
 5069.46       0.8628       3.3811
 5070.49       0.1931       3.2756
 5071.53      -0.3871       3.1530
 5072.57       1.7435       3.2710
 5073.61       0.3593       3.1374
 5074.65      -0.4590       3.1315
 5075.68      -0.3828       3.2032
 5076.72      -1.6843       2.8873
 5077.76      -1.7481       2.8669
 5078.80      -0.8270       2.9534
 5079.83       0.5249       3.1174
 5080.87       0.3358       3.1752
 5081.91      -0.2339       3.0629
 5082.95       0.5636       3.1220
 5083.99       0.5772       3.2892
 5085.02       1.6196       3.3775
 5086.06       1.8144       3.3747
 5087.10       1.6662       3.3404
 5088.14      -0.0876       3.0710
 5089.17       0.5677       3.0533
 5090.21      -0.4267       3.0471
 5091.25       0.2994       3.1761
 5092.29       1.5124       3.3308
 5093.33       1.3130       3.2116
 5094.36      -2.1040       2.8276
 5095.40      -0.9938       2.9632
 5096.44      -1.5488       2.8559
 5097.48      -2.1770       2.6741
 5098.51       1.7273       3.1332
 5099.55       3.2835       3.3965
 5100.59       0.2405       3.1319
 5101.63      -1.5953       2.8748
 5102.66      -0.9626       3.0205
 5103.70      -0.3206       3.2465
 5104.74      -0.1995       3.1148
 5105.78       0.6530       3.0693
 5106.82       0.8091       3.0041
 5107.85       0.3180       2.8886
 5108.89      -0.2765       2.8435
 5109.93      -1.1980       2.8990
 5110.97       0.9616       3.0354
 5112.00       3.7825       3.3521
 5113.04       0.0696       3.0757
 5114.08      -1.2141       2.8760
 5115.12       1.7900       3.1967
 5116.16      -0.2986       2.9582
 5117.19      -0.1353       2.9618
 5118.23       0.0743       3.1170
 5119.27      -1.0621       3.0761
 5120.31       0.2982       3.1260
 5121.34       1.5335       3.1237
 5122.38       1.4944       3.1044
 5123.42       0.1130       2.8922
 5124.46      -0.4392       2.8199
 5125.50      -0.0563       2.8939
 5126.53       1.9914       3.0501
 5127.57       0.6370       2.9416
 5128.61       1.2959       2.9716
 5129.65       1.2272       3.0734
 5130.68       2.7294       3.3161
 5131.72       3.2681       3.3699
 5132.76       2.9540       3.3545
 5133.80       1.9743       3.3186
 5134.83       1.0588       3.2708
 5135.87       1.1215       3.1990
 5136.91       1.3659       3.1582
 5137.95       1.6947       3.1664
 5138.99       1.9389       3.1688
 5140.02       0.9309       3.0738
 5141.06       0.6486       3.0815
 5142.10      -1.4154       2.9685
 5143.14      -1.6125       2.8458
 5144.17       1.4442       3.1518
 5145.21       0.3578       3.1347
 5146.25       0.3585       3.0815
 5147.29       0.8418       3.0767
 5148.33       1.7805       3.1654
 5149.36       2.1900       3.2262
 5150.40       1.0211       3.1625
 5151.44       1.5084       3.1890
 5152.48       1.3073       3.0261
 5153.51      -0.7799       2.8918
 5154.55      -0.8149       2.9170
 5155.59       0.9121       3.0742
 5156.63       0.4483       3.0397
 5157.67       0.9758       3.0838
 5158.70       2.5257       3.2446
 5159.74       0.0079       2.9418
 5160.78      -2.6205       2.6587
 5161.82      -1.5340       2.7785
 5162.85       2.8129       3.1556
 5163.89       1.2540       2.9453
 5164.93      -0.7075       2.7474
 5165.97       2.2460       2.9748
 5167.00       1.5431       2.7954
 5168.04       0.6877       2.7343
 5169.08       0.8425       2.8052
 5170.12       0.0196       2.7242
 5171.16      -0.1379       2.6084
 5172.19      -1.0510       2.4607
 5173.23       0.7433       2.6477
 5174.27       3.3746       3.0736
 5175.31       0.5303       2.8622
 5176.34       1.0071       2.9847
 5177.38       0.6889       2.9280
 5178.42       0.3218       2.8360
 5179.46       1.7544       2.9899
 5180.50      -0.2606       2.7112
 5181.53      -2.0657       2.4490
 5182.57      -0.5631       2.5568
 5183.61       1.8102       2.6646
 5184.65       0.3515       2.6037
 5185.68      -1.2602       2.6814
 5186.72       2.5871       3.2239
 5187.76      -1.3448       2.9904
 5188.80      -1.1205       2.9065
 5189.83       1.7109       3.0624
 5190.87      -0.1327       2.8339
 5191.91      -1.7667       2.6235
 5192.95       1.5046       2.8598
 5193.99       1.5550       2.9270
 5195.02       2.2123       3.4016
 5196.06       3.0048       4.4451
 5197.10       3.8989       5.5556
 5198.14       2.3972       5.7539
 5199.17       0.2419       5.2647
 5200.21       1.3425       4.7214
 5201.25       1.2053       4.1890
 5202.29       1.3614       3.5755
 5203.33       1.4067       3.2260
 5204.36      -0.2102       2.8211
 5205.40       1.0859       2.8753
 5206.44       1.8623       2.9159
 5207.48       1.0215       2.8335
 5208.51      -0.4286       2.7106
 5209.55      -0.3373       2.7465
 5210.59      -0.1863       2.8325
 5211.63       0.6774       2.8450
 5212.67       1.7620       2.9906
 5213.70       0.8143       2.8909
 5214.74       1.3814       2.9134
 5215.78       3.2703       3.1330
 5216.82       2.1756       3.0931
 5217.85       0.4140       2.9243
 5218.89      -1.6584       2.6000
 5219.93      -0.1001       2.8053
 5220.97       1.9016       3.0625
 5222.00       2.7115       3.2554
 5223.04       2.2483       3.2927
 5224.08       2.0368       3.3169
 5225.12       2.3286       3.2597
 5226.16      -0.2437       2.7346
 5227.19      -0.4173       2.4295
 5228.23       2.3568       2.8549
 5229.27       1.4904       2.9579
 5230.31       1.1509       2.8945
 5231.34       3.2980       3.1095
 5232.38       3.4466       3.0258
 5233.42       1.9889       2.8534
 5234.46       0.7848       2.7356
 5235.50       1.2112       2.7576
 5236.53       0.8442       3.0201
 5237.57       0.4533       3.0178
 5238.61       1.1284       3.3299
 5239.65       3.4153       5.4330
 5240.68       2.5877       5.0328
 5241.72       5.2280       5.0215
 5242.76       4.9805       2.4571
 5243.80       2.1757       2.9904
 5244.83       2.2336       2.8648
 5245.87       0.9232       2.8288
 5246.91      -1.5711       2.5526
 5247.95       3.7228       3.1231
 5248.99       4.2626       3.1739
 5250.02       0.8700       2.8486
 5251.06       0.5493       2.7728
 5252.10       1.2550       2.7939
 5253.14       2.8361       2.9810
 5254.17       1.9216       3.1105
 5255.21       1.6011       3.2351
 5256.25       2.1670       3.2350
 5257.29       2.6788       3.1773
 5258.33       1.7949       2.9696
 5259.36       0.3482       2.7116
 5260.40       2.5596       2.7951
 5261.44       3.3865       2.8506
 5262.48       2.5153       2.7466
 5263.51       2.1129       2.6578
 5264.55       3.9541       2.7644
 5265.59       2.9357       2.6432
 5266.63       1.4664       2.5815
 5267.67       1.3359       2.5641
 5268.70      -0.8020       2.3209
 5269.74       2.7396       2.6655
 5270.78       3.0078       2.8014
 5271.82       0.0973       2.5601
 5272.85       1.5872       2.7696
 5273.89       1.8063       2.8507
 5274.93       1.9157       2.9041
 5275.97       0.7153       2.8252
 5277.00       1.5528       2.8465
 5278.04       3.1993       2.9483
 5279.08       0.5849       2.7231
 5280.12       1.6730       2.8271
 5281.16       2.3469       2.7304
 5282.19      -0.1832       2.4013
 5283.23       1.5047       2.6417
 5284.27       1.8661       2.6938
 5285.31      -0.5977       2.4323
 5286.34      -0.1666       2.5361
 5287.38       0.7124       2.6323
 5288.42       0.7545       2.6735
 5289.46       3.2673       2.9532
 5290.50       2.8062       2.8829
 5291.53       0.3758       2.6474
 5292.57       1.7072       2.8800
 5293.61       2.1665       2.8982
 5294.65       0.4401       2.7213
 5295.68       0.1971       2.6154
 5296.72       2.5311       2.8023
 5297.76       1.9959       2.7980
 5298.80       2.3830       2.9255
 5299.83       2.4407       2.9196
 5300.87       2.1163       2.8426
 5301.91       2.9066       2.8223
 5302.95       0.9100       2.6117
 5303.99       0.3614       2.5720
 5305.02       2.3595       2.8680
 5306.06       1.2339       2.7352
 5307.10       0.9860       2.7162
 5308.14      -0.5951       2.5215
 5309.17       0.2627       2.5694
 5310.21       1.6748       2.8456
 5311.25       0.8907       2.7573
 5312.29       0.0859       2.7051
 5313.33      -0.6941       2.6159
 5314.36       0.4960       2.6433
 5315.40       2.7369       2.8300
 5316.44       1.7792       2.7202
 5317.48       1.0869       2.6709
 5318.51       2.8964       2.9219
 5319.55       2.6761       2.8494
 5320.59       2.1585       2.8316
 5332.00      -0.2169       2.6177
 5333.04       0.5539       2.6193
 5334.08       1.9184       2.7983
 5335.12       1.5823       2.8410
 5336.16      -1.4615       2.5859
 5337.19      -1.0994       2.4763
 5338.23       0.4339       2.5947
 5339.27       1.3089       2.7416
 5340.31       1.3074       2.6577
 5341.34       1.2395       2.6028
 5342.38       0.8277       2.6054
 5343.42       1.4525       2.6626
 5344.46       3.5210       2.8317
 5345.50       2.1426       2.7356
 5346.53       3.1757       2.8018
 5347.57       5.3180       2.9742
 5348.61       4.1963       2.9593
 5349.65       1.0589       2.6301
 5350.68      -1.3530       2.3309
 5351.72       3.2656       2.8205
 5352.76       0.4141       4.5432
 5362.10       2.0746       2.6014
 5363.14       2.3375       2.6162
 5364.17       2.0691       2.6108
 5365.21       1.1582       2.5666
 5366.25       1.4549       2.6144
 5367.29       0.0767       2.4674
 5368.33       0.3821       2.4813
 5369.36       1.6438       2.5730
 5370.40       0.9597       2.4665
 5371.44       1.4299       2.5178
 5372.48      -0.2889       2.3348
 5373.51      -0.8436       2.3376
 5374.55       0.3528       2.5458
 5375.59       2.3143       2.7238
 5376.63       3.5295       2.7889
 5377.67       2.3013       2.6616
 5378.70       0.7270       2.4940
 5379.74      -0.3218       2.3545
 5380.78       0.7824       2.4539
 5381.82       1.8306       2.5039
 5382.85      -0.3194       2.3019
 5383.89       2.0479       2.6082
 5384.93       3.7736       2.7427
 5385.97       1.0856       2.5025
 5387.01      -0.1245       2.4091
 5388.04       0.0336       2.4123
 5389.08       0.7839       2.5102
 5390.12      -1.2408       2.3051
 5391.16      -2.5088       2.1016
 5392.19       0.6511       2.3594
 5393.23       0.5765       2.4213
 5394.27       1.5429       2.3261
 5395.31       2.1887       2.7339
 5396.34       1.5822       2.9555
 5397.38       2.8691       2.5069
 5398.42       2.1302       2.4915
 5399.46       0.5825       2.4057
 5400.50      -0.1131       2.2854
 5401.53       0.3376       2.3036
 5402.57      -0.0138       2.2856
 5403.61      -0.3273       2.1771
 5404.65       2.3735       2.4562
 5405.68       1.1677       2.3475
 5406.72       0.7578       2.3418
 5407.76       1.5729       2.4271
 5408.80       0.6216       2.2677
 5409.84       1.9182       2.4346
 5410.87       0.0561       2.2483
 5411.91      -0.0407       2.2347
 5412.95      -0.2117       2.3272
 5413.99       1.4821       2.4509
 5415.02       1.9590       2.5372
 5416.06       1.3279       2.4253
 5417.10      -1.1875       2.2123
 5418.14      -0.7327       2.2318
 5419.18       2.5514       2.4936
 5420.21       0.1137       2.2766
 5421.25      -0.5415       2.2757
 5422.29       0.7494       2.3773
 5423.33       1.2838       2.3457
 5424.36       1.5657       2.3220
 5425.40       1.4275       2.3867
 5426.44      -0.8613       2.2654
 5427.48      -2.4880       2.0762
 5428.52      -1.1900       2.1722
 5429.55       0.8539       2.3372
 5430.59       2.0030       2.4004
 5431.63       2.6576       2.4893
 5432.67       0.6604       2.3112
 5433.70      -1.8612       2.0710
 5434.74       0.5850       2.3369
 5435.78       1.1620       2.4757
 5436.82       0.2485       2.3278
 5437.85       1.5234       2.4505
 5438.89       1.9588       2.5144
 5439.93      -1.0700       2.1802
 5440.97      -2.1228       2.0970
 5442.01      -0.6200       2.2821
 5443.04       1.5154       2.3974
 5444.08       1.7651       2.4417
 5445.12      -0.1590       2.2147
 5446.16       0.4655       2.2400
 5447.19       0.3094       2.2485
 5448.23       2.0322       2.3985
 5449.27       2.6926       2.5588
 5450.31       0.6501       2.4074
 5451.35       0.1591       2.3483
 5452.38       0.3266       2.3404
 5453.42       2.3365       2.4025
 5454.46       3.2610       2.4323
 5455.50       2.5964       2.3990
 5456.53       0.5023       2.2471
 5457.57       1.3709       2.3881
 5458.61       2.3746       2.5420
 5459.65       3.2359       2.7883
 5460.69       1.0394       2.5498
 5461.72       1.0834       2.5566
 5462.76       1.3063       2.4592
 5463.80       0.7121       2.2489
 5464.84       1.1074       2.3884
 5465.87      -0.5731       2.2252
 5466.91       0.4603       2.2418
 5467.95      -0.4094       2.1569
 5468.99      -1.9253       2.0155
 5470.02      -1.8983       2.0565
 5471.06       0.7872       2.3789
 5472.10       2.7512       2.5259
 5473.14       1.0452       2.3218
 5474.18       1.0766       2.3645
 5475.21       1.8633       2.4237
 5476.25       1.8463       2.2731
 5477.29       1.6858       2.2421
 5478.33       1.8092       2.3516
 5479.36       1.9609       2.4221
 5480.40       2.5793       2.4232
 5481.44       3.2122       2.5070
 5482.48       0.5435       2.2832
 5483.52      -0.9825       2.1639
 5484.55      -0.0353       2.2526
 5485.59       0.2202       2.2511
 5486.63       0.4710       2.2245
 5487.67       0.0033       2.1934
 5488.70       0.1108       2.2331
 5489.74       0.6275       2.3116
 5490.78       1.5012       2.3719
 5491.82       1.7875       2.3946
 5492.85       0.6230       2.2559
 5493.89       0.1325       2.2135
 5494.93       1.5451       2.3744
 5495.97      -0.5138       2.2266
 5497.01       1.1213       2.3932
 5498.04       3.7265       2.6842
 5499.08       0.5458       2.3904
 5500.12       1.2740       2.4147
 5501.16       0.6305       2.3299
 5502.19       0.1954       2.3449
 5503.23       1.2751       2.5103
 5504.27       2.0737       2.4900
 5505.31      -1.0117       2.0497
 5506.35       2.2779       2.3907
 5507.38       1.8824       2.5259
 5508.42       0.5542       2.3516
 5509.46       1.4563       2.4423
 5510.50       2.8946       2.5534
 5511.53       2.2361       2.4785
 5512.57       0.6804       2.4743
 5513.61       0.9612       2.5253
 5514.65       0.6970       2.3183
 5515.69       0.8929       2.4071
 5516.72       0.1633       2.3357
 5517.76       0.0408       2.3245
 5518.80       2.3707       2.5854
 5519.84       0.0844       2.3326
 5520.87      -0.9896       2.2465
 5521.91       0.6461       2.3785
 5522.95       2.1612       2.4873
 5523.99       1.5190       2.4118
 5525.02       1.8945       2.4896
 5526.06       2.6684       2.5324
 5527.10       1.7525       2.4197
 5528.14       1.0425       2.3955
 5529.18       1.6833       2.4720
 5530.21       2.6409       2.5709
 5531.25       1.8611       2.4648
 5532.29       1.4373       2.5220
 5533.33       1.9765       2.5902
 5534.36       0.8818       2.4239
 5535.40      -0.0490       2.3804
 5536.44       1.1504       2.4851
 5537.48       2.5292       2.5934
 5538.52       0.5366       2.3939
 5539.55       0.2041       2.3700
 5540.59       1.4884       2.6966
 5541.63       1.1561       2.8563
 5542.67       1.9422       2.9968
 5543.70       2.7826       3.0719
 5544.74       3.1119       3.0729
 5545.78       2.6901       2.9716
 5546.82       1.0093       2.7231
 5547.85      -0.3413       2.5435
 5548.89       1.9298       2.8351
 5549.93       3.2871       2.8998
 5550.97       0.6520       2.5756
 5552.01       0.8147       2.6446
 5553.04       1.4880       2.7186
 5554.08       1.4420       2.6169
 5555.12       0.9993       2.5068
 5556.16       0.7971       2.6006
 5557.19      -1.5006       2.4957
 5558.23       0.6080       2.6534
 5559.27       3.0075       2.8008
 5560.31       2.8037       2.8363
 5561.35       1.5893       2.8770
 5562.38       1.4184       3.1461
 5563.42      -0.9777       3.1872
 5564.46       0.7455       3.3374
 5565.50       2.9416       3.2784
 5566.53       2.3785       3.0056
 5567.57       0.4630       2.8001
 5568.61       2.1671       3.0434
 5569.65       0.7609       3.0047
 5570.69      -0.3430       2.9949
 5571.72       0.7263       3.1558
 5572.76       1.9378       3.1960
 5573.80      -3.5674       3.4606
 5574.84      -3.3536      21.4967
 5575.87     -15.4694      66.8601
 5576.91     -27.0614     100.8600
 5577.95       5.8966      95.5760
 5578.99      -1.5159      55.8940
 5580.02       9.6472      14.9913
 5581.06      13.0813       3.5728
 5582.10      -2.8826       3.7983
 5583.14       2.8731       3.4259
 5584.18       0.0194       2.9873
 5585.21      -0.7396       2.7559
 5586.25       0.7189       2.9040
 5587.29       2.0455       3.2437
 5588.33       1.5904       3.3898
 5589.36       1.5382       3.4393
 5590.40       3.3872       3.5132
 5591.44       2.4082       3.1826
 5592.48       1.0230       2.8957
 5593.52       1.2692       2.8496
 5594.55       1.7145       2.8984
 5595.59       1.9416       2.8826
 5596.63       0.9385       2.8615
 5597.67       1.3305       2.9969
 5598.70      -0.5171       2.8775
 5599.74       0.2713       2.8391
 5600.78       1.6620       2.7903
 5601.82      -0.4532       2.6830
 5602.86      -0.5638       2.9529
 5603.89      -0.0017       3.3500
 5604.93       3.0497       3.6512
 5605.97       2.1176       3.3664
 5607.01       0.7992       3.0537
 5608.04       2.7074       3.0228
 5609.08       2.3148       2.8925
 5610.12       0.5796       2.6664
 5611.16       2.4940       2.9326
 5612.19       3.5609       2.9850
 5613.23       0.0850       2.5448
 5614.27      -1.3915       2.4351
 5615.31       1.8282       2.8131
 5616.35       3.2209       2.9863
 5617.38      -0.0933       2.6999
 5618.42       1.2777       2.8451
 5619.46       3.3474       3.0885
 5620.50       2.0078       2.8564
 5621.53       0.8141       2.8482
 5622.57       1.8136       3.3003
 5623.61       2.6271       3.4956
 5624.65       0.2276       3.0567
 5625.69       0.6244       2.8352
 5626.72       1.8626       2.8976
 5627.76      -0.0787       2.6793
 5628.80       1.9751       2.9178
 5629.84       3.8053       2.9829
 5630.87      -0.4163       2.6002
 5631.91       3.3261       2.9897
 5632.95       6.0484       3.2256
 5633.99       1.5756       2.7260
 5635.03      -0.5818       2.5662
 5636.06       1.4732       2.8500
 5637.10       3.0953       3.0561
 5638.14      -0.1388       2.7912
 5639.18       0.5188       2.8781
 5640.21       1.3548       2.9469
 5641.25       0.9822       2.9212
 5642.29       1.1861       2.9478
 5643.33       2.3899       3.0886
 5644.36       0.8496       3.0837
 5645.40       0.1923       3.0761
 5646.44       2.8720       3.2373
 5647.48       3.8373       3.2186
 5648.52       1.4875       2.9166
 5649.55       0.8207       2.8212
 5650.59       1.3632       2.9741
 5651.63       0.3023       2.9011
 5652.67       1.7609       2.9424
 5653.70       2.4976       3.0270
 5654.74       1.2302       2.9485
 5655.78       0.0813       2.8522
 5656.82       0.2959       2.9137
 5657.86       1.3970       2.9506
 5658.89       2.8047       3.0746
 5659.93       2.3011       3.0361
 5660.97       0.2855       2.7921
 5662.01       1.5146       2.9842
 5663.04       1.3585       3.1516
 5664.08      -1.8600       2.6596
 5665.12      -1.6376       2.7231
 5666.16       2.2190       3.2951
 5667.20       3.8093       3.4739
 5668.23       0.3849       3.0759
 5669.27      -1.9833       2.7705
 5670.31      -0.1558       3.0892
 5671.35       1.4527       3.2738
 5672.38       0.8979       3.2201
 5673.42       0.6261       3.2700
 5674.46       1.7219       3.3853
 5675.50       0.3182       3.2873
 5676.53       1.5368       3.3921
 5677.57       1.9083       3.2938
 5678.61       1.4475       4.0418
 5679.65      -0.0444       4.0427
 5680.69      -3.2390       2.5907
 5681.72      -0.3651       3.2081
 5682.76       3.1664       3.6236
 5683.80       0.7428       3.4865
 5684.84      -0.4363       3.3750
 5685.87       2.5189       3.7720
 5686.91       2.9086       3.8841
 5687.95       1.1154       3.6316
 5688.99       2.2100       3.8303
 5690.03       1.6564       3.7076
 5691.06       0.1599       3.5393
 5692.10      -0.2124       3.6347
 5693.14       1.2310       3.6504
 5694.18       2.2301       3.7822
 5695.21       1.6349       3.9030
 5696.25       2.7726       4.0635
 5697.29       1.9171       3.8085
 5698.33       0.5531       3.6664
 5699.37       1.7227       3.8397
 5700.40       0.9069       3.7740
 5701.44       0.6865       3.7843
 5702.48       3.0098       4.0590
 5703.52       1.8863       4.1121
 5704.55      -0.4685       3.8986
 5705.59       0.7095       3.6000
 5706.63       0.5026       4.2652
 5707.67      -1.4972       4.3841
 5708.70      -0.5822       3.6637
 5709.74       0.7037       3.9596
 5710.78      -1.0601       3.7864
 5711.82       2.2120       4.1661
 5712.86       2.3925       4.3369
 5713.89       0.4573       4.1769
 5714.93       5.4187       4.8152
 5715.97       2.2528       4.4882
 5717.01      -1.8671       4.0181
 5718.04       1.7372       4.5573
 5719.08       3.1752       4.7435
 5720.12       2.5661       4.8192
 5721.16       3.2545       4.8333
 5722.20       1.2235       4.6751
 5723.23       0.7710       4.7414
 5724.27       3.0494       5.0861
 5725.31       2.0562       4.8774
 5726.35       0.2767       4.6140
 5727.38       0.0928       4.6741
 5728.42      -1.0429       4.5369
 5729.46      -0.4614       4.7424
 5730.50       0.3131       4.8644
 5731.54       0.1833       4.9760
 5732.57       0.4080       5.0157
 5733.61       1.8782       5.3927
 5734.65       1.4309       5.3173
 5735.69      -2.2242       4.5989
 5736.72      -2.1611       4.7633
 5737.76       0.1401       5.1077
 5738.80      -1.3658       4.8686
 5739.84      -1.8557       4.9696
 5740.87      -2.1593       4.8884
 5741.91      -0.4237       5.1308
 5742.95       1.9626       4.7750
 5743.99       1.6023       5.0886
 5745.03       1.3508       5.2483
 5746.06       1.8617       4.7092
 5747.10       1.7452       4.9141
 5748.14       1.8887       5.0511
 5749.18       2.9874       4.5728
 5750.21       2.9508       4.5850
 5751.25       1.6145       4.6231
 5752.29       1.0827       4.1400
 5753.33       1.0783       3.9813
 5754.37       0.6258       4.1221
 5755.40      -0.0356       3.9035
 5756.44       0.5443       3.8532
 5757.48       2.0932       4.0666
 5758.52       1.1480       3.7611
 5759.55       1.0618       3.6813
 5760.59       4.1417       4.2708
 5761.63       4.5097       4.3245
 5762.67       2.3045       3.8607
 5763.71       0.8073       3.6105
 5764.74       1.0203       3.5487
 5765.78       2.3645       3.6124
 5766.82       2.9416       3.7196
 5767.86       2.7611       3.7259
 5768.89       2.3405       3.6092
 5769.93       2.5768       3.5919
 5770.97       2.3319       3.5275
 5772.01       0.6785       3.2829
 5773.04       1.7401       3.3069
 5774.08       3.5546       3.4109
 5775.12       2.4727       3.2266
 5776.16       0.2612       2.9600
 5777.20      -0.0685       2.8888
 5778.23       0.7756       2.9809
 5779.27       1.6238       3.0436
 5780.31       1.7975       2.9467
 5781.35       0.8227       2.7422
 5782.38       0.1214       2.6553
 5783.42       0.5733       2.7672
 5784.46       1.5098       2.8565
 5785.50       2.0256       2.8208
 5786.54       1.3368       2.7171
 5787.57       0.7368       2.6818
 5788.61       1.0773       2.7441
 5789.65       1.7605       2.7799
 5790.69       1.7315       2.7233
 5791.72       0.7928       2.5987
 5792.76      -0.1673       2.5086
 5793.80      -0.6439       2.4428
 5794.84      -1.1689       2.3141
 5795.88      -0.0733       2.3693
 5796.91       1.3188       2.5159
 5797.95       1.1543       2.5411
 5798.99       0.3730       2.4786
 5800.03       0.3468       2.4269
 5801.06       1.6436       2.4833
 5802.10       2.3475       2.5073
 5803.14       1.1563       2.3904
 5804.18       0.2902       2.3022
 5805.21       0.2005       2.2855
 5806.25       0.1221       2.2841
 5807.29       0.9185       2.3571
 5808.33       1.6268       2.3850
 5809.37       0.4813       2.1865
 5810.40      -0.1556       2.0860
 5811.44       0.9590       2.2190
 5812.48       0.3014       2.1450
 5813.52      -0.6233       2.0259
 5814.55       0.0607       2.0852
 5815.59       1.5561       2.2472
 5816.63       2.1050       2.3107
 5817.67       1.1268       2.1964
 5818.71       0.0731       2.0534
 5819.74       0.2753       2.0463
 5820.78       1.6011       2.1943
 5821.82       1.9784       2.2357
 5822.86       0.7564       2.0812
 5823.89       1.1478       2.0920
 5824.93       2.1216       2.1863
 5825.97       1.8362       2.1666
 5827.01       0.7816       2.0573
 5828.04       0.1207       1.9635
 5829.08       0.7635       2.0062
 5830.12       0.9617       2.0048
 5831.16       0.3154       1.9284
 5832.20      -0.6121       1.9181
 5833.23      -0.3856       1.9677
 5834.27       1.1265       2.0175
 5835.31       1.8144       2.0531
 5836.35       1.5356       2.0247
 5837.38       1.4006       1.9351
 5838.42       1.6238       1.9373
 5839.46       1.8952       2.0041
 5840.50       1.2490       1.9607
 5841.54       1.4273       1.9335
 5842.57       2.4009       1.9679
 5843.61       1.9033       1.9627
 5844.65       1.3004       1.9425
 5845.69       2.0466       1.9566
 5846.72       1.3414       1.8693
 5847.76       0.2261       1.7672
 5848.80       0.8023       1.7849
 5849.84       1.6834       1.8477
 5850.88       1.8277       1.8680
 5851.91       1.8686       1.8653
 5852.95       1.1723       1.7921
 5853.99       0.5517       1.7093
 5855.03      -0.1668       1.6351
 5856.06      -0.2330       1.6201
 5857.10       0.3798       1.6537
 5858.14       0.2831       1.6319
 5859.18      -0.1300       1.6187
 5860.21       0.2807       1.7368
 5861.25       0.1385       1.7959
 5862.29      -0.2079       1.8548
 5863.33       0.6078       2.1051
 5864.37       1.2385       2.4000
 5865.40       0.9563       2.5884
 5866.44       0.5211       2.7001
 5867.48       0.3554       2.6939
 5868.52       0.4169       2.5570
 5869.55       0.8788       2.3574
 5870.59       1.2038       2.1587
 5871.63       0.8347       1.9906
 5872.67       0.3651       1.8761
 5873.71       0.0675       1.7917
 5874.74      -0.2124       1.7531
 5875.78       0.4382       1.7660
 5876.82       1.6676       1.7860
 5877.86       1.7175       1.7520
 5878.89       1.1987       1.6838
 5879.93       1.4218       1.6492
 5880.97       1.5459       1.6631
 5882.01       1.1228       1.6946
 5883.04       0.1822       1.6878
 5884.08      -0.4145       1.8476
 5885.12       0.3699       2.3526
 5886.16       2.1428       3.0286
 5887.20       2.4810       3.6878
 5888.23       0.2613       4.0874
 5889.27      -0.1909       4.2395
 5890.31       1.0492       4.1337
 5891.35       0.7155       3.7525
 5892.38      -0.1055       3.3065
 5893.42      -0.5387       3.0122
 5894.46      -0.6818       2.9314
 5895.50       0.5244       2.9752
 5896.54       2.0799       2.8501
 5897.57       0.3330       2.3909
 5898.61      -1.6955       1.8671
 5899.65       0.1128       1.6854
 5900.69       2.1134       1.7024
 5901.72       2.5516       1.7436
 5902.76       2.3345       1.7746
 5903.80       1.6804       1.7541
 5904.84       1.0793       1.7046
 5905.88       1.1076       1.7240
 5906.91       1.1692       1.7267
 5907.95       0.7661       1.6547
 5908.99       0.8226       1.6041
 5910.03       1.2660       1.6149
 5911.06       1.5223       1.6891
 5912.10       2.0728       1.8977
 5913.14       2.2576       2.1317
 5914.18       1.1084       2.1983
 5915.21       0.4098       2.1865
 5916.25       0.9294       2.1451
 5917.29       1.1050       1.9744
 5918.33       1.4037       1.7840
 5919.37       1.9864       1.6727
 5920.40       2.3195       1.6171
 5921.44       1.9370       1.6062
 5922.48       1.0525       1.6312
 5923.52       1.0902       1.7040
 5924.55       1.7128       1.7508
 5925.59       1.7842       1.7228
 5926.63       1.3393       1.6220
 5927.67       0.9976       1.5614
 5928.71       1.3652       1.6349
 5929.74       1.3507       1.8019
 5930.78       0.2607       1.9537
 5931.82      -0.4008       2.0885
 5932.86       0.1983       2.1726
 5933.89       1.9600       2.1946
 5934.93       1.7771       1.9939
 5935.97       0.3271       1.6682
 5937.01       0.9841       1.4914
 5938.05       1.7577       1.4197
 5939.08       1.2206       1.3551
 5940.12       1.2317       1.3809
 5941.16       1.5286       1.4187
 5942.20       1.3412       1.4081
 5943.23       0.3640       1.3681
 5944.27      -0.2801       1.3866
 5945.31       0.4927       1.5070
 5946.35       1.1764       1.5479
 5947.38       0.8764       1.4625
 5948.42       0.3933       1.3909
 5949.46       1.0317       1.4756
 5950.50       2.1960       1.6869
 5951.54       1.7956       1.8646
 5952.57       1.1863       1.9652
 5953.61       1.8161       1.9857
 5954.65       1.9941       1.8905
 5955.69       1.5228       1.7123
 5956.72       1.1851       1.5071
 5957.76       1.2746       1.3730
 5958.80       1.4564       1.3103
 5959.84       1.2347       1.2595
 5960.88       0.8094       1.2347
 5961.91       0.6329       1.2446
 5962.95       0.8786       1.2510
 5963.99       1.4276       1.2582
 5965.03       1.7773       1.2809
 5966.06       1.4306       1.2999
 5967.10       0.5139       1.2994
 5968.14      -0.1039       1.2829
 5969.18      -0.1033       1.3073
 5970.22       0.4410       1.3742
 5971.25       1.1955       1.3855
 5972.29       1.6699       1.3952
 5973.33       1.6168       1.4505
 5974.37       0.9928       1.4720
 5975.40       0.6118       1.4798
 5976.44       0.9018       1.5011
 5977.48       0.7154       1.4826
 5978.52       0.1326       1.4096
 5979.55       0.4054       1.3297
 5980.59       0.6775       1.2355
 5981.63       0.5080       1.1490
 5982.67       0.3906       1.1215
 5983.71       0.7912       1.1494
 5984.74       1.6397       1.1895
 5985.78       1.5192       1.1806
 5986.82       1.2642       1.1734
 5987.86       2.3174       1.2430
 5988.89       2.1162       1.2428
 5989.93       1.0996       1.1799
 5990.97       1.3282       1.1746
 5992.01       1.9348       1.1891
 5993.05       1.9453       1.1816
 5994.08       2.0289       1.2028
 5995.12       1.6167       1.2084
 5996.16       0.6966       1.1750
 5997.20       0.1918       1.1465
 5998.23       0.7034       1.1768
 5999.27       1.8042       1.2621
 6000.31       1.9267       1.2828
 6001.35       0.8961       1.2239
 6002.39       1.2326       1.2469
 6003.42       1.2539       1.2622
 6004.46       0.1562       1.2057
 6005.50       0.4975       1.2106
 6006.54       1.4847       1.2216
 6007.57       1.5041       1.1591
 6008.61       1.2712       1.1023
 6009.65       1.2184       1.0831
 6010.69       1.1302       1.0699
 6011.72       0.8843       1.0615
 6012.76       0.8507       1.0589
 6013.80       1.1799       1.0531
 6014.84       1.4204       1.0498
 6015.88       1.2008       1.0540
 6016.91       1.1824       1.0506
 6017.95       1.3833       1.0578
 6018.99       1.4716       1.0891
 6020.03       2.2601       1.1388
 6021.06       2.9855       1.1554
 6022.10       2.0380       1.0846
 6023.14       0.6067       0.9947
 6024.18       0.2774       0.9818
 6025.22       1.3536       1.0735
 6026.25       2.1346       1.1444
 6027.29       1.6693       1.1177
 6028.33       1.2741       1.0961
 6029.37       1.6840       1.1296
 6030.40       2.1160       1.1684
 6031.44       1.9158       1.1542
 6032.48       1.2714       1.1102
 6033.52       1.4634       1.1466
 6034.56       1.6337       1.1654
 6035.59       1.1122       1.1022
 6036.63       1.3392       1.0852
 6037.67       1.2589       1.0562
 6038.71       0.1175       0.9578
 6039.74      -0.0561       0.9461
 6040.78       0.7557       1.0085
 6041.82       1.5247       1.0401
 6042.86       1.7116       1.0432
 6043.89       1.6338       1.0433
 6044.93       1.9445       1.0525
 6045.97       2.1212       1.0578
 6047.01       1.7441       1.0468
 6048.05       1.5995       1.0418
 6049.08       1.2687       1.0254
 6050.12       0.9443       1.0040
 6051.16       0.7413       0.9892
 6052.20       1.0918       1.0039
 6053.23       1.7882       1.0447
 6054.27       1.6908       1.0366
 6055.31       0.8587       0.9778
 6056.35       0.8459       0.9654
 6057.39       1.2899       0.9862
 6058.42       1.3735       0.9957
 6059.46       1.4257       1.0154
 6060.50       1.3026       1.0214
 6061.54       0.8662       0.9944
 6062.57       0.6427       0.9865
 6063.61       0.8936       1.0134
 6064.65       1.2071       1.0342
 6065.69       1.0761       1.0216
 6066.73       0.7121       0.9934
 6067.76       1.1866       1.0178
 6068.80       1.7638       1.0488
 6069.84       1.5750       1.0288
 6070.88       1.4791       1.0077
 6071.91       1.1671       0.9848
 6072.95       0.6753       0.9612
 6073.99       1.1594       0.9788
 6075.03       2.0875       1.0127
 6076.06       1.4930       0.9894
 6077.10       0.7674       0.9589
 6078.14       1.0920       0.9623
 6079.18       0.9241       0.9380
 6080.22       0.5192       0.9051
 6081.25       0.6056       0.9012
 6082.29       1.1789       0.9349
 6083.33       1.5693       0.9576
 6084.37       1.2072       0.9251
 6085.40       0.8691       0.8990
 6086.44       1.1670       0.9237
 6087.48       1.7096       0.9669
 6088.52       2.0298       0.9907
 6089.56       2.2570       0.9922
 6090.59       1.7818       0.9636
 6091.63       1.3815       0.9473
 6092.67       1.8498       0.9726
 6093.71       1.8639       0.9844
 6094.74       1.2245       0.9611
 6095.78       0.8320       0.9297
 6096.82       1.1140       0.9373
 6097.86       1.7352       0.9846
 6098.90       1.8304       1.0217
 6099.93       1.3794       1.0007
 6100.97       0.9862       0.9387
 6102.01       0.7398       0.9123
 6103.05       0.9547       0.9396
 6104.08       1.5637       0.9710
 6105.12       1.3003       0.9730
 6106.16       0.5258       0.9527
 6107.20       0.3729       0.9419
 6108.23       1.4893       0.9739
 6109.27       2.9177       1.0210
 6110.31       2.4261       1.0036
 6111.35       0.9642       0.9370
 6112.39       0.4186       0.8849
 6113.42       0.1106       0.8527
 6114.46       0.3557       0.8730
 6115.50       1.3722       0.9447
 6116.54       1.7470       0.9607
 6117.57       1.4411       0.9264
 6118.61       1.7906       0.9602
 6119.65       1.8051       0.9727
 6120.69       1.0237       0.9086
 6121.73       0.5503       0.8520
 6122.76       0.7135       0.8483
 6123.80       1.0611       0.8836
 6124.84       1.2680       0.9195
 6125.88       1.2002       0.9285
 6126.91       0.9627       0.9165
 6127.95       1.3431       0.9220
 6128.99       2.1398       0.9510
 6130.03       2.2921       0.9596
 6131.06       1.9380       0.9560
 6132.10       1.5264       0.9532
 6133.14       1.0929       0.9428
 6134.18       0.6801       0.9223
 6135.22       0.4668       0.9097
 6136.25       0.9640       0.9674
 6137.29       1.6453       1.0563
 6138.33       1.8558       1.0928
 6139.37       1.2114       1.0675
 6140.40       0.4858       1.0434
 6141.44       1.2156       1.0955
 6142.48       2.0310       1.1543
 6143.52       1.5956       1.1394
 6144.56       1.6404       1.1266
 6145.59       1.9135       1.1038
 6146.63       1.8207       1.0485
 6147.67       1.4804       1.0042
 6148.71       1.3220       0.9839
 6149.74       1.4609       0.9615
 6150.78       1.6177       0.9610
 6151.82       1.5554       0.9760
 6152.86       1.1789       0.9488
 6153.90       1.3377       0.9386
 6154.93       2.2571       0.9907
 6155.97       2.5393       1.0192
 6157.01       2.1268       1.0098
 6158.05       1.9482       1.0023
 6159.08       1.8347       0.9803
 6160.12       1.6328       0.9399
 6161.16       1.1249       0.8894
 6162.20       1.1046       0.8723
 6163.23       1.7902       0.8944
 6164.27       2.2427       0.8983
 6165.31       2.1486       0.8973
 6166.35       1.5695       0.9269
 6167.39       1.3443       1.0028
 6168.42       1.2344       1.0871
 6169.46       0.8777       1.1294
 6170.50       0.8897       1.1465
 6171.54       0.8975       1.1321
 6172.57       0.9426       1.0942
 6173.61       1.4024       1.0516
 6174.65       2.0849       1.0150
 6175.69       2.2627       1.0038
 6176.73       2.0901       0.9954
 6177.76       2.0647       0.9660
 6178.80       1.5427       0.9089
 6179.84       1.0904       0.8714
 6180.88       1.7990       0.9136
 6181.91       1.6696       0.9113
 6182.95       0.4498       0.8417
 6183.99       0.5100       0.8489
 6185.03       1.0172       0.8754
 6186.06       1.1213       0.8620
 6187.10       1.2434       0.8765
 6188.14       1.2255       0.8903
 6189.18       1.0694       0.8609
 6190.22       1.0642       0.8652
 6191.25       1.2258       0.9049
 6192.29       1.1830       0.9060
 6193.33       1.0152       0.8829
 6194.37       0.9763       0.8635
 6195.40       1.3107       0.8625
 6196.44       1.8057       0.8742
 6197.48       2.4620       0.9041
 6198.52       1.9382       0.9198
 6199.56       0.7060       0.9347
 6200.59       0.0733       0.9705
 6201.63       0.5567       1.0303
 6202.67       1.5235       1.0813
 6203.71       1.8463       1.0820
 6204.74       1.7198       1.0331
 6205.78       1.7575       0.9721
 6206.82       2.1339       0.9426
 6207.86       2.1760       0.9199
 6208.90       1.4479       0.8732
 6209.93       0.7266       0.8448
 6210.97       0.9350       0.8718
 6212.01       2.1877       0.9574
 6213.05       2.2744       0.9552
 6214.08       1.1146       0.8615
 6215.12       0.8159       0.8393
 6216.16       1.2300       0.8591
 6217.20       1.3595       0.8624
 6218.23       1.1761       0.8926
 6219.27       0.9902       0.9638
 6220.31       1.3038       1.0530
 6221.35       1.3523       1.0944
 6222.39       1.1222       1.0682
 6223.42       1.1332       1.0137
 6224.46       1.4735       0.9475
 6225.50       1.8543       0.8894
 6226.54       1.8519       0.8481
 6227.57       1.8487       0.8379
 6228.61       2.0673       0.8645
 6229.65       2.0032       0.8882
 6230.69       1.4710       0.9660
 6231.73       0.8079       1.1534
 6232.76       1.0023       1.4591
 6233.80       2.0896       1.8073
 6234.84       3.1703       2.0554
 6235.88       2.8294       2.0901
 6236.91       1.4879       1.9392
 6237.95       1.0245       1.7096
 6238.99       1.4070       1.4994
 6240.03       1.5595       1.3400
 6241.07       1.4363       1.2722
 6242.10       1.3827       1.2405
 6243.14       1.7586       1.1906
 6244.18       1.4693       1.0702
 6245.22       0.5217       0.9000
 6246.25       0.1034       0.7813
 6247.29       0.7166       0.7770
 6248.33       1.6531       0.8368
 6249.37       1.6594       0.8664
 6250.40       1.0258       0.8350
 6251.44       0.6768       0.8093
 6252.48       0.6675       0.8171
 6253.52       0.9165       0.9506
 6254.56       0.9930       1.2020
 6255.59       1.1458       1.5078
 6256.63       1.5382       1.7747
 6257.67       1.8594       1.9294
 6258.71       2.2346       1.9058
 6259.74       2.5123       1.7288
 6260.78       2.0582       1.4441
 6261.82       1.0982       1.2111
 6262.86       0.5105       1.1286
 6263.90       1.0144       1.1794
 6264.93       2.0431       1.2351
 6265.97       2.3162       1.2225
 6267.01       1.7335       1.1314
 6268.05       1.1476       1.0176
 6269.08       1.3820       0.9379
 6270.12       1.9616       0.8991
 6271.16       1.8961       0.8710
 6272.20       1.3846       0.8648
 6273.24       0.9765       0.8761
 6274.27       0.9597       0.8920
 6275.31       1.2364       0.9338
 6276.35       1.4640       0.9682
 6277.39       1.4456       0.9429
 6278.42       1.6219       0.9066
 6279.46       1.8269       0.8840
 6280.50       1.2830       0.8245
 6281.54       0.5628       0.7791
 6282.58       0.4721       0.8273
 6283.61       0.4277       0.9659
 6284.65       0.8216       1.2087
 6285.69       1.9831       1.4943
 6286.73       3.0308       1.6954
 6287.76       3.1367       1.7246
 6288.80       2.5571       1.6136
 6289.84       1.8373       1.3791
 6290.88       1.4744       1.1245
 6291.91       0.5920       0.9504
 6292.95       0.6097       0.9108
 6293.99       2.2763       1.2199
 6295.03       1.5714       1.6961
 6296.07      -0.2617       3.1960
 6297.10      -0.1199       5.9965
 6298.14       2.1241       9.5717
 6299.18       3.7850      12.4642
 6300.22       2.5300      13.3812
 6301.25       0.8601      12.1272
 6302.29       0.8748       9.5467
 6303.33       1.3705       6.2560
 6304.37       2.2344       3.6959
 6305.41       2.1078       2.4300
 6306.44       1.8031       2.1161
 6307.48       1.8649       1.8492
 6308.52       1.3500       1.5970
 6309.56       1.0876       1.3005
 6310.59       1.5994       1.0523
 6311.63       2.2583       0.9203
 6312.67       2.1468       0.8419
 6313.71       1.1822       0.7516
 6314.75       0.6085       0.7049
 6315.78       0.7212       0.7046
 6316.82       0.7899       0.7375
 6317.86       1.0488       0.8044
 6318.90       1.5692       0.9061
 6319.93       1.9975       1.0182
 6320.97       1.9974       1.0749
 6322.01       1.5849       1.0477
 6323.05       0.9308       0.9530
 6324.08       0.6635       0.8713
 6325.12       1.2157       0.8954
 6326.16       1.8916       1.0438
 6327.20       2.3526       1.2701
 6328.24       2.4113       1.4557
 6329.27       1.4275       1.5210
 6330.31       0.1938       1.4622
 6331.35       0.6848       1.3762
 6332.39       1.3071       1.1863
 6333.42       0.5885       0.9002
 6334.46       0.2640       0.7376
 6335.50       0.7712       0.7120
 6336.54       1.4595       0.7119
 6337.58       1.8830       0.7358
 6338.61       1.7125       0.7458
 6339.65       1.1571       0.7408
 6340.69       0.8024       0.7382
 6341.73       0.8691       0.7446
 6342.76       1.0561       0.7397
 6343.80       1.1171       0.7433
 6344.84       1.0337       0.7785
 6345.88       0.8792       0.8341
 6346.92       1.1304       0.8997
 6347.95       1.8012       0.9515
 6348.99       2.0282       0.9448
 6350.03       1.4917       0.8918
 6351.07       0.5724       0.8387
 6352.10       0.6610       0.8663
 6353.14       1.7376       0.9862
 6354.18       2.1930       1.1159
 6355.22       2.0876       1.2141
 6356.25       1.8311       1.2774
 6357.29       0.9732       1.2290
 6358.33       0.1696       1.2464
 6359.37      -0.0336       1.5120
 6360.41       0.5725       2.2547
 6361.44       0.9634       3.3250
 6362.48      -0.1479       4.1618
 6363.52       0.3920       4.5833
 6364.56       2.8360       4.4554
 6365.59       1.7014       3.6018
 6366.63       0.1482       2.4581
 6367.67       2.1442       1.5935
 6368.71       2.4450       1.0812
 6369.75       1.1588       0.8297
 6370.78       1.0482       0.7385
 6371.82       1.1591       0.7325
 6372.86       0.9838       0.7065
 6373.90       0.9985       0.7055
 6374.93       1.2389       0.7140
 6375.97       1.5285       0.7484
 6377.01       1.6651       0.8264
 6378.05       1.7055       0.9184
 6379.08       1.6898       0.9729
 6380.12       1.4954       0.9066
 6381.16       1.3784       0.7869
 6382.20       1.5199       0.7918
 6383.24       1.4118       0.8360
 6384.27       1.0553       0.8553
 6385.31       1.4271       0.9130
 6386.35       1.6383       0.9550
 6387.39       1.2459       0.9376
 6388.42       1.3387       0.8817
 6389.46       1.6290       0.8107
 6390.50       1.4501       0.7515
 6391.54       1.4288       0.7288
 6392.58       1.3590       0.7189
 6393.61       0.7070       0.6900
 6394.65       0.6046       0.6838
 6395.69       1.1460       0.7007
 6396.73       1.0234       0.6899
 6397.76       0.6716       0.6617
 6398.80       0.7877       0.6479
 6399.84       1.0892       0.6579
 6400.88       1.3575       0.6773
 6401.92       1.4236       0.6826
 6402.95       1.1312       0.6590
 6403.99       0.8156       0.6308
 6405.03       1.2432       0.6531
 6406.07       1.2580       0.6584
 6407.10       0.6674       0.6303
 6408.14       1.2449       0.6690
 6409.18       1.6377       0.6967
 6410.22       0.9094       0.6565
 6411.25       0.6397       0.6557
 6412.29       0.9639       0.6964
 6413.33       0.8668       0.7053
 6414.37       1.1078       0.7143
 6415.41       1.6140       0.7324
 6416.44       1.6795       0.7375
 6417.48       1.3865       0.7385
 6418.52       1.0903       0.7453
 6419.56       1.1636       0.7685
 6420.59       1.1687       0.7685
 6421.63       0.6562       0.7208
 6422.67       0.4374       0.6883
 6423.71       0.5491       0.6812
 6424.75       0.4675       0.6619
 6425.78       1.0069       0.6689
 6426.82       1.9379       0.6937
 6427.86       2.1213       0.6920
 6428.90       1.6521       0.6646
 6429.93       1.1952       0.6377
 6430.97       0.9914       0.6289
 6432.01       0.9711       0.6348
 6433.05       0.8300       0.6366
 6434.08       0.9967       0.6490
 6435.12       0.9583       0.6453
 6436.16       0.4430       0.6116
 6437.20      -0.0291       0.5829
 6438.24       0.1072       0.5875
 6439.27       0.7015       0.6144
 6440.31       0.8911       0.6224
 6441.35       0.4336       0.6021
 6442.39       0.5773       0.6106
 6443.42       1.1867       0.6484
 6444.46       1.6933       0.6820
 6445.50       1.4747       0.6762
 6446.54       0.7905       0.6472
 6447.58       0.5712       0.6463
 6448.61       0.6154       0.6574
 6449.65       0.7497       0.6732
 6450.69       1.0398       0.7073
 6451.73       1.4519       0.7404
 6452.76       1.7617       0.7522
 6453.80       1.9411       0.7559
 6454.84       1.8628       0.7539
 6455.88       1.9391       0.7530
 6456.92       1.5944       0.7384
 6457.95       1.0235       0.7229
 6458.99       1.1856       0.7390
 6460.03       1.4055       0.7724
 6461.07       1.0657       0.8251
 6462.10       0.7108       0.9224
 6463.14       0.4197       1.0375
 6464.18       0.2767       1.1255
 6465.22       0.7649       1.1791
 6466.25       1.4506       1.2010
 6467.29       1.5857       1.1891
 6468.33       1.4191       1.1839
 6469.37       1.2074       1.1811
 6470.41       0.6470       1.1274
 6471.44       0.5394       1.0640
 6472.48       1.0320       1.0087
 6473.52       0.6434       0.8753
 6474.56       0.1200       0.7551
 6475.59       0.6984       0.7563
 6476.63       1.1224       0.7745
 6477.67       1.0239       0.7567
 6478.71       1.1364       0.7557
 6479.75       1.1088       0.7319
 6480.78       0.9999       0.6843
 6481.82       1.3594       0.6656
 6482.86       1.3374       0.6454
 6483.90       0.5112       0.6016
 6484.93       0.9124       0.6213
 6485.97       1.7328       0.6610
 6487.01       1.5633       0.6522
 6488.05       1.1142       0.6323
 6489.08       0.9351       0.6251
 6490.12       1.1148       0.6286
 6491.16       1.1543       0.6268
 6492.20       1.0013       0.6427
 6493.24       1.2451       0.6882
 6494.27       1.4354       0.8204
 6495.31       1.2858       1.0527
 6496.35       1.4376       1.3320
 6497.39       1.8326       1.5752
 6498.42       1.8931       1.6942
 6499.46       1.4423       1.6371
 6500.50       0.8959       1.4469
 6501.54       0.6873       1.1988
 6502.58       0.9967       1.0395
 6503.61       1.2804       0.9879
 6504.65       0.9688       0.9596
 6505.69       0.3371       0.8986
 6506.73       0.3090       0.8238
 6507.76       0.6824       0.7570
 6508.80       0.9610       0.7020
 6509.84       0.8110       0.6629
 6510.88       0.6972       0.6534
 6511.92       0.9787       0.6675
 6512.95       1.5034       0.7034
 6513.99       1.4130       0.7023
 6515.03       0.6795       0.6550
 6516.07       0.9577       0.6405
 6517.10       1.5646       0.6613
 6518.14       1.3735       0.6822
 6519.18       1.0395       0.7090
 6520.22       0.7562       0.7402
 6521.26       0.2783       0.7642
 6522.29       0.3779       0.7941
 6523.33       0.9847       0.8137
 6524.37       0.7170       0.7693
 6525.41       0.6549       0.7114
 6526.44       1.5034       0.7033
 6527.48       1.2418       0.6762
 6528.52       0.3513       0.7128
 6529.56       0.3324       0.8848
 6530.59       1.7321       1.1505
 6531.63       3.1642       1.3829
 6532.67       2.7941       1.4663
 6533.71       1.6012       1.3965
 6534.75       1.0017       1.2345
 6535.78       0.6661       1.0014
 6536.82       0.6530       0.7972
 6537.86       0.7686       0.6865
 6538.90       0.7920       0.6713
 6539.93       0.7308       0.7069
 6540.97       0.5362       0.7500
 6542.01       1.3686       0.8567
 6543.05       2.5814       0.9745
 6544.09       2.2251       0.9820
 6545.12       1.6505       0.9176
 6546.16       1.8690       0.8524
 6547.20       1.6660       0.7656
 6548.24       0.8769       0.7047
 6549.27       0.2036       0.7326
 6550.31       0.3051       0.9258
 6551.35       0.5147       1.1957
 6552.39      -0.2657       1.3584
 6553.43      -0.5215       1.4260
 6554.46       0.0723       1.3917
 6555.50      -0.0558       1.2001
 6556.54       0.2623       0.9634
 6557.58       1.4957       0.8317
 6558.61       1.5183       0.8305
 6559.65       0.7375       0.9661
 6560.69       0.5562       1.1588
 6561.73       1.1112       1.3529
 6562.76       1.8235       1.4457
 6563.80       2.1003       1.4021
 6564.84       2.0768       1.2299
 6565.88       2.0533       1.0319
 6566.92       1.8870       0.9136
 6567.95       1.5483       0.8734
 6568.99       1.2226       0.8408
 6570.03       1.1847       0.8188
 6571.07       1.3222       0.7841
 6572.10       1.2033       0.7462
 6573.14       0.8602       0.7575
 6574.18       0.6432       0.8784
 6575.22       1.1345       1.0416
 6576.26       1.2619       1.1675
 6577.29       0.7018       1.1962
 6578.33       0.6120       1.1549
 6579.37       0.8529       1.0263
 6580.41       0.8971       0.8381
 6581.44       0.9074       0.6979
 6582.48       0.8255       0.6359
 6583.52       0.5896       0.6090
 6584.56       0.4504       0.6015
 6585.60       0.4591       0.5873
 6586.63       0.3567       0.5772
 6587.67       0.8540       0.5974
 6588.71       1.7141       0.6350
 6589.75       1.5715       0.6308
 6590.78       0.9629       0.6095
 6591.82       1.0947       0.6232
 6592.86       0.9590       0.6244
 6593.90       0.6269       0.6372
 6594.93       0.6532       0.6887
 6595.97       0.9757       0.7238
 6597.01       1.1660       0.7152
 6598.05       1.1217       0.6908
 6599.09       1.2027       0.6856
 6600.12       1.4081       0.7045
 6601.16       1.0270       0.7296
 6602.20       0.3341       0.7653
 6603.24       0.0641       0.8135
 6604.27       0.5782       0.8627
 6605.31       1.2885       0.8652
 6606.35       1.3101       0.7954
 6607.39       1.1509       0.6986
 6608.43       1.1998       0.6264
 6609.46       1.1449       0.5926
 6610.50       0.9020       0.5758
 6611.54       0.4910       0.5476
 6612.58       0.1669       0.5271
 6613.61       0.1512       0.5278
 6614.65       0.3798       0.5501
 6615.69       0.8451       0.5692
 6616.73       1.2387       0.5746
 6617.77       1.1622       0.5737
 6618.80       0.7256       0.5571
 6619.84       0.3325       0.5362
 6620.88       0.3599       0.5365
 6621.92       0.6277       0.5512
 6622.95       0.7362       0.5620
 6623.99       0.5595       0.5570
 6625.03       0.3896       0.5628
 6626.07       0.6439       0.6076
 6627.10       1.1144       0.6375
 6628.14       1.4005       0.6328
 6629.18       1.1408       0.6169
 6630.22       0.9354       0.6149
 6631.26       1.3137       0.6406
 6632.29       1.6530       0.6723
 6633.33       1.7089       0.6926
 6634.37       1.5176       0.6928
 6635.41       0.7920       0.6645
 6636.44       0.3329       0.6291
 6637.48       0.9118       0.6128
 6638.52       1.4169       0.6013
 6639.56       1.3610       0.5890
 6640.60       1.7279       0.6029
 6641.63       1.6795       0.5938
 6642.67       0.8434       0.5438
 6643.71       0.3713       0.5173
 6644.75       0.5162       0.5295
 6645.78       0.6785       0.5485
 6646.82       0.5383       0.5461
 6647.86       0.2112       0.5271
 6648.90       0.2274       0.5255
 6649.94       0.6809       0.5504
 6650.97       1.2187       0.5804
 6652.01       1.5626       0.5870
 6653.05       1.2167       0.5632
 6654.09       0.5137       0.5357
 6655.12       0.9498       0.5488
 6656.16       1.5769       0.5734
 6657.20       1.0194       0.5633
 6658.24       0.2747       0.5386
 6659.27       0.1724       0.5312
 6660.31       0.4095       0.5499
 6661.35       0.9245       0.5767
 6662.39       1.3398       0.5901
 6663.43       1.2019       0.5864
 6664.46       1.0038       0.5839
 6665.50       1.1926       0.5964
 6666.54       1.1630       0.6073
 6667.58       0.9342       0.6077
 6668.61       0.8178       0.5976
 6669.65       0.8102       0.5788
 6670.69       0.7648       0.5549
 6671.73       0.5208       0.5317
 6672.77       0.6012       0.5223
 6673.80       0.9692       0.5221
 6674.84       0.9529       0.5194
 6675.88       0.6495       0.5150
 6676.92       0.5749       0.5191
 6677.95       0.9942       0.5459
 6678.99       1.6424       0.5760
 6680.03       1.9999       0.5801
 6681.07       1.8037       0.5608
 6682.10       1.2070       0.5365
 6683.14       0.6976       0.5221
 6684.18       0.9076       0.5356
 6685.22       1.3919       0.5588
 6686.26       1.4175       0.5694
 6687.29       1.4632       0.5733
 6688.33       1.7441       0.5745
 6689.37       1.9305       0.5707
 6690.41       1.5741       0.5545
 6691.44       0.6507       0.5238
 6692.48       0.4256       0.5162
 6693.52       1.0505       0.5341
 6694.56       1.2464       0.5352
 6695.60       0.9088       0.5310
 6696.63       0.6167       0.5439
 6697.67       1.0356       0.5703
 6698.71       1.6883       0.5989
 6699.75       1.6752       0.6137
 6700.78       1.5695       0.6090
 6701.82       1.5489       0.5924
 6702.86       1.2949       0.5764
 6703.90       1.0962       0.5705
 6704.94       1.0309       0.5688
 6705.97       0.8360       0.5613
 6707.01       0.7289       0.5475
 6708.05       0.7727       0.5340
 6709.09       1.2575       0.5499
 6710.12       1.5194       0.5661
 6711.16       1.0278       0.5463
 6712.20       0.6331       0.5299
 6713.24       0.7056       0.5308
 6714.27       0.6293       0.5168
 6715.31       0.6840       0.5215
 6716.35       1.0798       0.5557
 6717.39       1.3900       0.5704
 6718.43       1.5425       0.5672
 6719.46       1.5242       0.5640
 6720.50       1.3316       0.5519
 6721.54       1.1431       0.5397
 6722.58       1.0641       0.5380
 6723.61       1.2435       0.5387
 6724.65       1.4161       0.5338
 6725.69       1.0335       0.5246
 6726.73       0.7045       0.5199
 6727.77       0.9670       0.5266
 6728.80       1.4058       0.5441
 6729.84       1.4302       0.5550
 6730.88       0.9188       0.5472
 6731.92       0.4607       0.5194
 6732.95       0.5410       0.5019
 6733.99       0.9332       0.5182
 6735.03       1.1610       0.5389
 6736.07       1.1579       0.5425
 6737.10       1.3440       0.5455
 6738.14       1.4846       0.5473
 6739.18       1.2651       0.5444
 6740.22       0.7509       0.5307
 6741.26       0.4917       0.5254
 6742.29       0.8602       0.5437
 6743.33       0.9738       0.5561
 6744.37       0.8675       0.5572
 6745.41       1.1672       0.5625
 6746.44       1.4171       0.5639
 6747.48       1.1893       0.5502
 6748.52       0.4739       0.5122
 6749.56       0.1848       0.4905
 6750.60       0.7165       0.5071
 6751.63       1.0025       0.5117
 6752.67       0.8424       0.5001
 6753.71       0.7652       0.5027
 6754.75       0.7612       0.5033
 6755.78       0.8138       0.5008
 6756.82       0.8520       0.5085
 6757.86       0.9209       0.5189
 6758.90       1.0621       0.5241
 6759.94       1.4094       0.5335
 6760.97       1.3328       0.5273
 6762.01       0.6585       0.5001
 6763.05       0.7567       0.4937
 6764.09       1.5193       0.5136
 6765.12       1.6271       0.5254
 6766.16       1.3982       0.5262
 6767.20       1.2560       0.5231
 6768.24       1.2731       0.5254
 6769.27       1.2906       0.5245
 6770.31       1.2326       0.5148
 6771.35       1.2044       0.5005
 6772.39       1.3431       0.5001
 6773.43       1.6436       0.5219
 6774.46       1.3074       0.5107
 6775.50       0.7496       0.4851
 6776.54       1.3300       0.5141
 6777.58       1.9523       0.5348
 6778.61       1.8494       0.5177
 6779.65       1.7377       0.5197
 6780.69       1.3060       0.5173
 6781.73       0.6194       0.4965
 6782.77       1.0310       0.5202
 6783.80       1.5584       0.5470
 6784.84       0.8416       0.5177
 6785.88       0.7303       0.5127
 6786.92       1.3218       0.5397
 6787.95       1.1563       0.5325
 6788.99       0.9242       0.5229
 6790.03       1.1127       0.5261
 6791.07       1.0341       0.5049
 6792.11       0.8317       0.4777
 6793.14       0.8203       0.4719
 6794.18       1.0243       0.4877
 6795.22       1.1263       0.5025
 6796.26       0.8910       0.4970
 6797.29       0.9018       0.4898
 6798.33       1.1572       0.4917
 6799.37       1.0447       0.4918
 6800.41       0.8159       0.4915
 6801.44       0.7332       0.4923
 6802.48       0.6614       0.4949
 6803.52       0.6240       0.4942
 6804.56       0.6041       0.4863
 6805.60       0.5259       0.4794
 6806.63       0.3842       0.4734
 6807.67       0.2576       0.4629
 6808.71       0.5905       0.4742
 6809.75       1.1399       0.5007
 6810.78       1.2054       0.5109
 6811.82       0.7328       0.4894
 6812.86       0.2654       0.4576
 6813.90       0.5117       0.4706
 6814.94       1.1357       0.5037
 6815.97       1.3617       0.5064
 6817.01       0.9056       0.4819
 6818.05       0.5468       0.4726
 6819.09       1.2362       0.5163
 6820.12       1.3057       0.5242
 6821.16       0.3464       0.4870
 6822.20       0.4017       0.5025
 6823.24       1.0611       0.5768
 6824.28       1.2254       0.7108
 6825.31       0.6489       0.9121
 6826.35       0.2022       1.2055
 6827.39       0.7678       1.5351
 6828.43       1.1426       1.7564
 6829.46       1.0337       1.8485
 6830.50       1.3918       1.8669
 6831.54       1.7572       1.8519
 6832.58       1.7765       1.8237
 6833.61       1.7574       1.7783
 6834.65       1.0033       1.6568
 6835.69      -0.3961       1.4299
 6836.73      -0.6117       1.1562
 6837.77       0.3234       0.9208
 6838.80       1.0353       0.7966
 6839.84       1.4520       0.8010
 6840.88       1.5322       0.8311
 6841.92       1.4473       0.8265
 6842.95       1.3362       0.7754
 6843.99       1.3146       0.7039
 6845.03       1.6402       0.6289
 6846.07       1.7293       0.5666
 6847.11       1.2510       0.5257
 6848.14       1.2354       0.5255
 6849.18       1.4898       0.5420
 6850.22       1.1296       0.5465
 6851.26       1.1336       0.5444
 6852.29       1.5562       0.5388
 6853.33       1.3398       0.5212
 6854.37       0.9212       0.5042
 6855.41       0.9550       0.5041
 6856.45       1.2058       0.5133
 6857.48       1.0782       0.5261
 6858.52       0.3314       0.6144
 6859.56       0.0422       0.7905
 6860.60       0.7566       1.3558
 6861.63       1.8860       2.3972
 6862.67       1.7147       3.1510
 6863.71       0.7675       3.3662
 6864.75       1.7777       3.7608
 6865.78       2.4784       3.5765
 6866.82       1.0094       2.4677
 6867.86       0.0176       1.6057
 6868.90      -0.0272       1.4288
 6869.94       0.1615       1.5543
 6870.97       0.3988       1.5544
 6872.01       0.4998       1.2607
 6873.05       0.6711       1.0918
 6874.09       1.1284       0.9586
 6875.12       1.8185       0.7954
 6876.16       1.3242       0.7363
 6877.20       0.8138       0.7400
 6878.24       1.4381       0.7384
 6879.28       0.7709       0.8002
 6880.31      -0.0368       0.8889
 6881.35       1.4133       0.9106
 6882.39       2.6932       0.8815
 6883.43       2.3681       0.8333
 6884.46       1.7317       0.7669
 6885.50       1.7462       0.8070
 6886.54       2.1962       0.9757
 6887.58       1.4331       1.0859
 6888.62       0.5717       1.1558
 6889.65       1.1711       1.2386
 6890.69       1.3586       1.1881
 6891.73       1.1796       1.0065
 6892.77       1.2657       0.8075
 6893.80       1.5828       0.7167
 6894.84       1.9073       0.7378
 6895.88       1.7072       0.7327
 6896.92       1.2964       0.7751
 6897.95       1.2774       0.9113
 6898.99       1.9022       1.0984
 6900.03       2.1203       1.2187
 6901.07       1.3605       1.1924
 6902.11       1.3870       1.0702
 6903.14       2.0371       0.8956
 6904.18       1.4991       0.7109
 6905.22       0.9750       0.5946
 6906.26       1.2591       0.5632
 6907.29       1.7397       0.6072
 6908.33       1.8033       0.6674
 6909.37       1.4236       0.7545
 6910.41       1.7651       0.9493
 6911.45       2.0773       1.2025
 6912.48       1.2194       1.3514
 6913.52       0.6596       1.2796
 6914.56       0.9806       1.0425
 6915.60       1.3954       0.8203
 6916.63       1.5663       0.6692
 6917.67       1.4212       0.6155
 6918.71       1.4279       0.6600
 6919.75       1.6499       0.9169
 6920.79       1.8038       1.3517
 6921.82       1.7378       1.6507
 6922.86       1.3298       1.7598
 6923.90       0.5902       1.8176
 6924.94       0.6398       1.5621
 6925.97       1.1807       1.0872
 6927.01       1.0824       0.7590
 6928.05       0.8480       0.6083
 6929.09       1.0960       0.5307
 6930.12       0.9685       0.5337
 6931.16       0.9866       0.5537
 6932.20       1.7310       0.5636
 6933.24       1.8160       0.5419
 6934.28       1.2135       0.5279
 6935.31       0.9775       0.5698
 6936.35       0.8086       0.7230
 6937.39       0.7058       0.9473
 6938.43       0.4791       1.0984
 6939.46       0.5042       1.1823
 6940.50       1.1363       1.1956
 6941.54       2.0080       1.0172
 6942.58       2.3086       0.7597
 6943.62       1.6303       0.6424
 6944.65       1.1045       0.6856
 6945.69       1.0953       0.9231
 6946.73       0.9001       1.2562
 6947.77       0.9174       1.7230
 6948.80       0.9816       2.0781
 6949.84       0.4858       1.9626
 6950.88       0.4792       1.5165
 6951.92       1.3993       1.0975
 6952.96       1.9357       0.7917
 6953.99       1.5892       0.6315
 6955.03       1.0095       0.5481
 6956.07       0.7262       0.5341
 6957.11       1.0171       0.5336
 6958.14       1.4538       0.5549
 6959.18       1.2732       0.5508
 6960.22       0.7320       0.5260
 6961.26       1.0508       0.5308
 6962.29       1.7573       0.5534
 6963.33       1.9349       0.5638
 6964.37       1.6411       0.5662
 6965.41       1.2709       0.5900
 6966.45       1.2591       0.6502
 6967.48       1.4903       0.7346
 6968.52       1.5753       0.8034
 6969.56       1.2931       0.8184
 6970.60       1.2768       0.8007
 6971.63       1.6605       0.7720
 6972.67       1.4978       0.6736
 6973.71       1.0188       0.6204
 6974.75       1.0275       0.7187
 6975.79       0.9406       0.9055
 6976.82       0.7505       1.0851
 6977.86       0.8185       1.1841
 6978.90       0.6037       1.1803
 6979.94       0.2392       1.0755
 6980.97       0.4744       0.8734
 6982.01       0.9565       0.6898
 6983.05       1.1074       0.5929
 6984.09       1.1866       0.5553
 6985.12       1.0048       0.5296
 6986.16       0.4764       0.4952
 6987.20       0.5888       0.4899
 6988.24       1.1719       0.5035
 6989.28       1.2355       0.5035
 6990.31       1.1793       0.4977
 6991.35       1.2776       0.4968
 6992.39       1.2564       0.4996
 6993.43       1.3474       0.5063
 6994.46       1.5586       0.5132
 6995.50       1.2865       0.5094
 6996.54       0.8207       0.5060
 6997.58       0.8001       0.5192
 6998.62       1.0066       0.5312
 6999.65       0.9199       0.5375
 7000.69       0.3359       0.5438
 7001.73       0.1437       0.5759
 7002.77       0.7526       0.6260
 7003.80       1.2082       0.6473
 7004.84       1.4885       0.6310
 7005.88       1.6467       0.6018
 7006.92       1.2959       0.5647
 7007.96       0.6997       0.5681
 7008.99       0.6228       0.6363
 7010.03       0.4037       0.7093
 7011.07       0.2402       0.7419
 7012.11       1.2039       0.7596
 7013.14       1.8229       0.7099
 7014.18       1.3371       0.6001
 7015.22       1.2651       0.5174
 7016.26       1.5371       0.4831
 7017.29       1.5650       0.4683
 7018.33       0.9492       0.4436
 7019.37       0.4210       0.4200
 7020.41       0.9969       0.4437
 7021.45       1.5359       0.4660
 7022.48       1.3915       0.4613
 7023.52       1.2617       0.4576
 7024.56       1.0217       0.4499
 7025.60       0.7072       0.4395
 7026.63       0.4852       0.4328
 7027.67       0.5609       0.4443
 7028.71       0.8236       0.4689
 7029.75       1.1978       0.4835
 7030.79       1.3585       0.4803
 7031.82       1.0105       0.4704
 7032.86       0.4435       0.4457
 7033.90       0.0897       0.4174
 7034.94       0.1895       0.4148
 7035.97       0.5801       0.4345
 7037.01       0.8592       0.4585
 7038.05       0.9801       0.4811
 7039.09       1.1812       0.5076
 7040.12       1.6213       0.5431
 7041.16       2.3752       0.5912
 7042.20       2.6676       0.6236
 7043.24       1.5319       0.5990
 7044.28       0.8155       0.5969
 7045.31       1.2062       0.6636
 7046.35       1.2245       0.7423
 7047.39       0.7966       0.7917
 7048.43       0.5134       0.7984
 7049.46       0.5729       0.7822
 7050.50       0.8381       0.7481
 7051.54       0.9613       0.6897
 7052.58       1.4101       0.6539
 7053.62       1.7737       0.6285
 7054.65       1.0509       0.5667
 7055.69       0.8247       0.5286
 7056.73       1.7728       0.5406
 7057.77       2.1895       0.5431
 7058.80       1.8093       0.5285
 7059.84       1.2579       0.5210
 7060.88       0.8781       0.5267
 7061.92       0.9082       0.5509
 7062.96       1.1162       0.5828
 7063.99       1.1210       0.6041
 7065.03       0.8915       0.6074
 7066.07       0.8625       0.5991
 7067.11       0.8337       0.5916
 7068.14       0.6898       0.5881
 7069.18       0.3856       0.5615
 7070.22       0.2403       0.5422
 7071.26       0.5034       0.5599
 7072.29       0.5676       0.5709
 7073.33       0.5951       0.5497
 7074.37       2.1990       0.3819
 7075.41       1.2534       0.6148
 7076.45       1.3565       0.6268
 7077.48       0.9494       0.6005
 7078.52       0.5311       0.6004
 7079.56       0.7386       0.6231
 7080.60       1.3014       0.6535
 7081.63       1.4814       0.6631
 7082.67       0.8641       0.6458
 7083.71       0.4711       0.6190
 7084.75       0.6835       0.6077
 7085.79       0.7011       0.6183
 7086.82       0.6028       0.6374
 7087.86       0.5629       0.6471
 7088.90       0.5244       0.6413
 7089.94       1.0582       0.5971
 7090.97       1.8235       0.6006
 7092.01       1.5359       0.5676
 7093.05       0.5389       0.4849
 7094.09       0.2377       0.4598
 7095.13       0.4305       0.4636
 7096.16       0.7372       0.4647
 7097.20       0.8700       0.4631
 7098.24       1.0054       0.4645
 7099.28       1.2371       0.4709
 7100.31       1.1404       0.4651
 7101.35       0.7536       0.4523
 7102.39       0.6235       0.4514
 7103.43       0.7963       0.4604
 7104.46       1.0832       0.4692
 7105.50       1.1992       0.4694
 7106.54       1.1048       0.4624
 7107.58       1.0364       0.4580
 7108.62       1.1737       0.4648
 7109.65       0.9747       0.4604
 7110.69       0.3266       0.4383
 7111.73       0.2258       0.4364
 7112.77       0.8063       0.4528
 7113.80       1.2469       0.4598
 7114.84       0.8944       0.4470
 7115.88       0.4513       0.4358
 7116.92       1.0482       0.4553
 7117.96       1.4022       0.4643
 7118.99       1.1448       0.4504
 7120.03       0.8769       0.4393
 7121.07       0.7416       0.4366
 7122.11       0.5824       0.4395
 7123.14       0.4315       0.4446
 7124.18       0.5050       0.4656
 7125.22       0.9518       0.5077
 7126.26       0.9832       0.5212
 7127.30       0.7971       0.5156
 7128.33       1.0824       0.5372
 7129.37       1.0315       0.5387
 7130.41       0.4142       0.5068
 7131.45       0.7155       0.5094
 7132.48       1.0799       0.5214
 7133.52       0.5657       0.5035
 7134.56       0.8653       0.4998
 7135.60       1.5336       0.4998
 7136.63       1.2869       0.4789
 7137.67       0.8074       0.4560
 7138.71       0.6860       0.4590
 7139.75       0.7077       0.4926
 7140.79       0.9719       0.5499
 7141.82       1.3444       0.6121
 7142.86       1.3640       0.6631
 7143.90       1.3064       0.6860
 7144.94       1.5637       0.6838
 7145.97       1.8156       0.6945
 7147.01       1.7156       0.6957
 7148.05       1.4193       0.6689
 7149.09       1.4371       0.6373
 7150.13       1.4644       0.5849
 7151.16       0.7456       0.5099
 7152.20       0.3486       0.4657
 7153.24       0.8265       0.4652
 7154.28       0.9373       0.4857
 7155.31       0.5553       0.4963
 7156.35       0.2549       0.4899
 7157.39       0.3407       0.4911
 7158.43       0.6644       0.5132
 7159.47       0.7784       0.5432
 7160.50       0.7357       0.5527
 7161.54       0.7842       0.5458
 7162.58       0.8790       0.5791
 7163.62       1.0088       0.5883
 7164.65       1.2040       0.5444
 7165.69       1.4298       0.5402
 7166.73       1.6040       0.5805
 7167.77       1.5732       0.6074
 7168.80       1.3574       0.5969
 7169.84       1.2055       0.5690
 7170.88       1.2287       0.5753
 7171.92       1.3488       0.5801
 7172.96       1.2756       0.5649
 7173.99       0.9534       0.5434
 7175.03       0.5500       0.5577
 7176.07       0.2244       0.6092
 7177.11       0.4033       0.5957
 7178.14       0.7431       0.5460
 7179.18       0.7668       0.5540
 7180.22       0.6211       0.5498
 7181.26       0.5486       0.5237
 7182.30       0.4257       0.5293
 7183.33       0.3713       0.5182
 7184.37       0.4568       0.4826
 7185.41       0.7408       0.5128
 7186.45       0.9060       0.5513
 7187.48       0.9351       0.5365
 7188.52       0.8498       0.5136
 7189.56       0.8947       0.5007
 7190.60       1.1936       0.4844
 7191.64       1.2692       0.4908
 7192.67       0.9376       0.4992
 7193.71       0.5890       0.4608
 7194.75       0.6513       0.4399
 7195.79       1.1587       0.4766
 7196.82       1.3349       0.4909
 7197.86       1.3635       0.4903
 7198.90       1.5984       0.5072
 7199.94       1.1572       0.5077
 7200.97       0.4067       0.4833
 7202.01       0.7815       0.4824
 7203.05       1.1689       0.4751
 7204.09       0.9839       0.4648
 7205.13       1.1269       0.5017
 7206.16       1.1344       0.5129
 7207.20       0.7318       0.4606
 7208.24       0.7876       0.4406
 7209.28       1.3097       0.4515
 7210.31       1.7341       0.4497
 7211.35       1.5608       0.4366
 7212.39       0.9404       0.4194
 7213.43       0.6698       0.4189
 7214.47       0.5983       0.4107
 7215.50       0.4630       0.3927
 7216.54       0.4090       0.4047
 7217.58       0.4554       0.4263
 7218.62       0.7854       0.4410
 7219.65       0.9048       0.4672
 7220.69       0.9138       0.4936
 7221.73       1.2222       0.5083
 7222.77       1.1222       0.4983
 7223.81       0.5988       0.4911
 7224.84       0.5132       0.5222
 7225.88       0.7056       0.5553
 7226.92       0.7928       0.5496
 7227.96       0.6760       0.5198
 7228.99       0.3590       0.4910
 7230.03       0.2227       0.4981
 7231.07       0.4066       0.5417
 7232.11       0.7829       0.6026
 7233.14       1.2661       0.6884
 7234.18       1.5273       0.7419
 7235.22       1.7199       0.9962
 7236.26       1.8674       1.6350
 7237.30       2.2877       2.4346
 7238.33       2.4989       3.1616
 7239.37       0.8076       3.9018
 7240.41      -0.9342       4.4259
 7241.45      -0.7342       4.5168
 7242.48       1.4017       4.7664
 7243.52       2.6729       4.9686
 7244.56       0.5582       4.8269
 7245.60      -0.8386       4.1186
 7246.64       0.3516       2.9196
 7247.67       0.4590       2.0133
 7248.71       0.4267       1.5211
 7249.75       1.0731       1.1612
 7250.79       1.6106       1.1445
 7251.82       1.5823       1.2876
 7252.86       0.7327       1.2717
 7253.90       0.2579       1.2662
 7254.94       0.3309       1.1803
 7255.98       0.4999       0.9314
 7257.01       0.4885       0.7735
 7258.05       0.4036       0.6791
 7259.09       0.0295       0.6411
 7260.13       0.2506       0.6088
 7261.16       1.1797       0.5776
 7262.20       1.0782       0.5938
 7263.24       0.7931       0.6543
 7264.28       2.0035       0.7130
 7265.31       2.2238       0.7212
 7266.35       1.2260       0.6952
 7267.39       1.0113       0.7245
 7268.43       1.3564       0.7294
 7269.47       1.3483       0.7294
 7270.50       1.5962       0.7927
 7271.54       1.3212       1.0180
 7272.58       0.5113       1.5783
 7273.62       1.3252       3.2828
 7274.65       2.3906       5.5840
 7275.69       1.3602       6.6045
 7276.73      -1.2973       6.3958
 7277.77      -1.7233       5.6733
 7278.81       0.5908       3.9722
 7279.84       2.4464       2.2436
 7280.88       1.3384       1.4979
 7281.92       0.2156       1.5369
 7282.96       0.1057       1.9946
 7283.99       0.2979       2.2250
 7285.03      -0.0534       2.2234
 7286.07      -0.4274       1.9461
 7287.11       0.2861       1.5374
 7288.15       0.9043       1.0970
 7289.18       1.2055       0.8007
 7290.22       0.7386       0.6921
 7291.26       0.2364       0.7262
 7292.30       0.5402       0.8123
 7293.33       1.6934       1.0386
 7294.37       2.2251       1.1963
 7295.41       1.3396       1.1011
 7296.45       0.9592       0.9362
 7297.48       1.7404       0.8600
 7298.52       2.0640       0.7613
 7299.56       3.2271       0.8705
 7300.60       4.6873       1.1899
 7301.64       4.2209       1.5492
 7302.67       4.1031       1.8725
 7303.71       4.7569       1.9036
 7304.75       4.2413       1.8151
 7305.79       2.3506       1.5031
 7306.82      -0.1979       0.9273
 7307.86      -0.4536       0.6027
 7308.90       1.1839       0.6360
 7309.94       1.4067       0.6956
 7310.98       1.1168       0.7334
 7312.01       1.0282       1.0573
 7313.05       0.6000       1.8404
 7314.09       0.0939       3.2652
 7315.13       0.8862       4.8251
 7316.16       0.0858       5.6659
 7317.20      -1.3733       5.2165
 7318.24      -0.3406       3.6848
 7319.28       1.3026       2.0136
 7320.31       1.6162       0.9982
 7321.35       1.1154       0.5650
 7322.39       0.6023       0.5197
 7323.43       0.8801       0.5001
 7324.47       1.3113       0.5999
 7325.50       1.3067       0.8814
 7326.54       0.5153       1.3119
 7327.58      -0.1234       1.7225
 7328.62      -0.0708       1.9544
 7329.65       0.2164       2.0432
 7330.69       0.7405       1.8286
 7331.73       1.3176       1.3301
 7332.77       2.0067       0.9027
 7333.81       2.1560       0.6479
 7334.84       1.6805       0.5772
 7335.88       0.2883       0.6077
 7336.92      -0.6171       1.1818
 7337.96       0.2893       2.3904
 7338.99       1.0953       3.5411
 7340.03       0.9121       4.2029
 7341.07       0.2219       4.5232
 7342.11      -0.5010       4.0734
 7343.15      -0.2430       2.9512
 7344.18       0.8844       1.7476
 7345.22       1.7304       1.0142
 7346.26       2.0392       0.7485
 7347.30       1.2232       0.6992
 7348.33       0.2301       0.6015
 7349.37       0.2415       0.5377
 7350.41       0.4740       0.5598
 7351.45       0.5724       0.6202
 7352.48       0.9441       0.6228
 7353.52       1.2450       0.6154
 7354.56       1.2786       0.7221
 7355.60       0.8324       0.9544
 7356.64       0.4698       1.2543
 7357.67       0.6467       1.4763
 7358.71       0.6925       1.5539
 7359.75       0.4562       1.4372
 7360.79       0.3668       1.1743
 7361.82       0.9033       0.8806
 7362.86       1.4282       0.6855
 7363.90       0.6089       0.5929
 7364.94      -0.3934       0.7745
 7365.98      -0.3650       1.2942
 7367.01      -0.0950       2.0389
 7368.05      -0.1706       2.6747
 7369.09      -0.6206       2.8999
 7370.13       0.6177       2.8006
 7371.16       1.8838       2.3619
 7372.20       0.1487       1.5601
 7373.24      -0.2056       0.9386
 7374.28       2.0282       0.7067
 7375.32       1.9818       0.5946
 7376.35       0.9644       0.5329
 7377.39       1.1148       0.5001
 7378.43       1.0133       0.4913
 7379.47       0.8044       0.4769
 7380.50       0.8350       0.4575
 7381.54       0.8514       0.4463
 7382.58       0.9134       0.4501
 7383.62       1.3130       0.4651
 7384.65       1.0815       0.4573
 7385.69       0.2189       0.4408
 7386.73       0.2532       0.4525
 7387.77       0.9057       0.5513
 7388.81       1.1784       0.7363
 7389.84       1.2698       0.9512
 7390.88       1.1159       1.1220
 7391.92       0.7883       1.1912
 7392.96       0.6632       1.1407
 7393.99       0.7807       0.9889
 7395.03       0.8262       0.7771
 7396.07       0.5833       0.5906
 7397.11       0.2695       0.5798
 7398.15       0.3857       0.8317
 7399.18       0.7278       1.2907
 7400.22       0.8734       1.7347
 7401.26       1.0321       2.0155
 7402.30       1.0898       2.0131
 7403.33       0.8240       1.7634
 7404.37       0.9503       1.3154
 7405.41       1.2551       0.8466
 7406.45       0.9234       0.5485
 7407.49       0.3549       0.4419
 7408.52       0.1613       0.4060
 7409.56       0.6122       0.4358
 7410.60       1.0653       0.4614
 7411.64       0.7598       0.4708
 7412.67       0.4501       0.4748
 7413.71       0.4531       0.4749
 7414.75       0.4668       0.4620
 7415.79       0.5870       0.4530
 7416.82       0.6781       0.4487
 7417.86       0.5955       0.4308
 7418.90       0.3627       0.4135
 7419.94       0.3701       0.4154
 7420.98       0.9576       0.4354
 7422.01       1.3254       0.4439
 7423.05       0.8017       0.4288
 7424.09       0.5313       0.4179
 7425.13       0.8568       0.4524
 7426.16       1.0663       0.5272
 7427.20       0.9564       0.6334
 7428.24       0.5235       0.7313
 7429.28       0.4724       0.7893
 7430.32       0.6577       0.7900
 7431.35       0.7306       0.7466
 7432.39       1.0752       0.6346
 7433.43       1.5428       0.5589
 7434.47       1.8329       0.6153
 7435.50       1.5315       0.7985
 7436.54       1.1104       1.0240
 7437.58       1.5363       1.1926
 7438.62       1.5770       1.2309
 7439.66       0.8299       1.1318
 7440.69       0.8545       0.9181
 7441.73       1.3481       0.6867
 7442.77       1.3265       0.5185
 7443.81       0.8050       0.4324
 7444.84       0.3595       0.3998
 7445.88       0.4890       0.3989
 7446.92       0.7921       0.4080
 7447.96       0.8128       0.4045
 7448.99       0.3207       0.3836
 7450.03       0.4447       0.3886
 7451.07       1.3809       0.4290
 7452.11       1.3655       0.4385
 7453.15       0.6069       0.4138
 7454.18       0.2660       0.3943
 7455.22       0.6340       0.4040
 7456.26       1.1277       0.4353
 7457.30       1.0081       0.4560
 7458.33       0.8200       0.4793
 7459.37       0.8635       0.5141
 7460.41       0.6623       0.5379
 7461.45       0.7160       0.5687
 7462.49       1.2196       0.6208
 7463.52       1.3448       0.6693
 7464.56       1.0062       0.7026
 7465.60       0.6643       0.7226
 7466.64       0.3083       0.7253
 7467.67       0.3630       0.7518
 7468.71       1.1116       0.8205
 7469.75       1.5351       0.9266
 7470.79       1.2195       1.0452
 7471.83       1.0666       1.1541
 7472.86       1.0401       1.1814
 7473.90       0.8586       1.1090
 7474.94       0.1893       0.9715
 7475.98      -0.0059       0.8931
 7477.01       1.0484       0.9453
 7478.05       0.9200       0.9923
 7479.09      -0.2528       1.0333
 7480.13       0.6258       1.2159
 7481.16       1.6751       1.3675
 7482.20       1.1134       1.3481
 7483.24       0.2226       1.2526
 7484.28       0.1728       1.1340
 7485.32       1.1070       1.0039
 7486.35       1.0726       0.7870
 7487.39       0.5872       0.5706
 7488.43       1.4630       0.5171
 7489.47       1.6732       0.5231
 7490.50       0.7975       0.5158
 7491.54       0.5216       0.5650
 7492.58       1.2301       0.6396
 7493.62       1.9912       0.6783
 7494.66       1.0646       0.6288
 7495.69      -0.2153       0.5390
 7496.73       0.2149       0.4921
 7497.77       0.9275       0.4659
 7498.81       1.0515       0.4436
 7499.84       0.7615       0.4296
 7500.88       0.7410       0.4325
 7501.92       1.1789       0.4422
 7502.96       1.2108       0.4394
 7504.00       0.9560       0.4237
 7505.03       0.7789       0.4072
 7506.07       0.6946       0.3960
 7507.11       0.7400       0.3941
 7508.15       0.8724       0.3984
 7509.18       0.9846       0.3998
 7510.22       1.0254       0.3989
 7511.26       1.0097       0.4046
 7512.30       1.0510       0.4185
 7513.33       1.2129       0.4464
 7514.37       1.4795       0.4850
 7515.41       1.5660       0.5291
 7516.45       1.2648       0.5808
 7517.49       1.2870       0.6137
 7518.52       1.0905       0.6685
 7519.56      -0.0834       0.7908
 7520.60      -0.1661       1.2386
 7521.64       0.6982       1.9473
 7522.67       0.1785       2.4611
 7523.71      -0.4184       2.6715
 7524.75       0.0816       2.5873
 7525.79       1.2556       2.1798
 7526.83       1.2731       1.6132
 7527.86      -0.4365       1.1218
 7528.90      -0.7607       0.9884
 7529.94       0.6190       1.0750
 7530.98       1.5156       1.0754
 7532.01       1.7215       0.9719
 7533.05       1.4887       0.7942
 7534.09       1.5615       0.6219
 7535.13       1.3314       0.5072
 7536.17       0.6122       0.4620
 7537.20       0.7389       0.4944
 7538.24       1.3467       0.5507
 7539.28       1.4474       0.5823
 7540.32       1.1663       0.5886
 7541.35       0.9819       0.5713
 7542.39       1.2108       0.5370
 7543.43       1.4345       0.4973
 7544.47       1.3155       0.4605
 7545.50       1.0404       0.4313
 7546.54       0.6870       0.4136
 7547.58       0.4567       0.4081
 7548.62       0.7301       0.4235
 7549.66       1.1641       0.4404
 7550.69       1.3004       0.4479
 7551.73       1.0222       0.4410
 7552.77       0.6279       0.4598
 7553.81       0.4172       0.5264
 7554.84       0.7175       0.6415
 7555.88       1.0816       0.7584
 7556.92       0.7173       0.8169
 7557.96       0.4221       0.8142
 7559.00       0.8981       0.7715
 7560.03       0.8315       0.6484
 7561.07       0.3130       0.5083
 7562.11       0.2160       0.4393
 7563.15       0.5435       0.4401
 7564.18       1.0189       0.4712
 7565.22       1.2284       0.5114
 7566.26       1.5140       0.5614
 7567.30       1.7813       0.7245
 7568.33       0.7129       1.0585
 7569.37       0.1467       1.5033
 7570.41       1.5432       1.8922
 7571.45       2.1568       2.3552
 7572.49       1.3980       2.4608
 7573.52       0.9160       1.9246
 7574.56       1.1048       1.2485
 7575.60       1.7355       0.8513
 7576.64       1.6700       0.6033
 7577.67       1.2590       0.4945
 7578.71       1.1505       0.4388
 7579.75       1.3508       0.4339
 7580.79       1.1794       0.4473
 7581.83       0.5382       0.5058
 7582.86       0.1738       0.6088
 7583.90       0.4973       0.7513
 7584.94       0.9915       0.9029
 7585.98       1.2766       1.0131
 7587.01       0.9115       0.9910
 7588.05       0.0384       0.8164
 7589.09      -0.0635       0.6067
 7590.13       0.9056       0.5076
 7591.17       1.5379       0.5221
 7592.20       1.7867       0.6053
 7593.24       1.8797       0.7653
 7594.28       1.2427       0.8188
 7595.32       0.8417       1.5331
 7596.35       1.8718       3.4659
 7597.39       2.8255       5.8068
 7598.43       2.7936       7.2455
 7599.47       3.1694       7.2472
 7600.50       3.0662       6.8445
 7601.54       2.0007       7.0307
 7602.58       1.9507       6.0021
 7603.62       1.9454       4.8945
 7604.66       1.0493       5.1202
 7605.69       0.3553       5.0272
 7606.73       0.9952       3.9634
 7607.77       1.2124       4.1678
 7608.81       0.7998       4.3900
 7609.84       0.3571       3.2266
 7610.88      -0.0014       2.1964
 7611.92       0.5470       1.9200
 7612.96       0.4866       1.6803
 7614.00       0.8383       1.5294
 7615.03       1.8035       1.3766
 7616.07       2.7187       1.3774
 7617.11       2.4143       1.2931
 7618.15       1.2902       1.1087
 7619.18       0.8364       1.0871
 7620.22       1.3225       1.2321
 7621.26       1.7905       1.3951
 7622.30       1.5784       1.4033
 7623.33       0.5527       1.4095
 7624.37      -0.1549       1.6687
 7625.41       0.0500       2.3053
 7626.45       0.5060       2.8919
 7627.49       0.1442       2.8274
 7628.52       0.0270       2.7763
 7629.56       0.6193       2.9924
 7630.60       0.7221       2.8309
 7631.64       0.6500       2.2351
 7632.67       0.6872       1.6355
 7633.71       1.0437       1.3853
 7634.75       0.8642       1.3009
 7635.79       0.7124       1.1623
 7636.83       0.5725       1.0946
 7637.86       0.5692       1.0927
 7638.90       1.2672       1.0770
 7639.94       1.9642       1.0649
 7640.98       2.0387       1.0501
 7642.01       1.5105       0.9857
 7643.05       0.6781       0.9087
 7644.09       0.4204       0.8757
 7645.13       0.6058       0.8887
 7646.17       0.9647       0.8738
 7647.20       1.1661       0.7802
 7648.24       0.7872       0.7036
 7649.28       0.1767       0.7549
 7650.32       0.1678       0.9558
 7651.35       0.8833       1.0701
 7652.39       1.5619       0.9869
 7653.43       1.0482       0.9394
 7654.47       0.7983       0.8992
 7655.50       1.9318       0.7839
 7656.54       2.1700       0.6771
 7657.58       1.2329       0.6395
 7658.62       0.5796       0.6835
 7659.66       0.4800       0.8112
 7660.69       0.9406       0.9592
 7661.73       0.9505       1.0240
 7662.77       1.1104       1.1209
 7663.81       1.6054       1.0743
 7664.84       1.6510       0.8709
 7665.88       1.3482       0.5914
 7666.92       1.2922       0.4678
 7667.96       1.3544       0.4570
 7669.00       1.2967       0.4618
 7670.03       1.2182       0.4525
 7671.07       1.3011       0.4690
 7672.11       1.3382       0.4961
 7673.15       1.1102       0.4625
 7674.18       0.8813       0.4100
 7675.22       1.0367       0.4201
 7676.26       0.9971       0.4272
 7677.30       0.7970       0.4284
 7678.33       0.6400       0.4472
 7679.37       0.5456       0.4867
 7680.41       0.6189       0.5317
 7681.45       0.7332       0.5543
 7682.49       0.7570       0.5783
 7683.52       0.7434       0.6226
 7684.56       0.7066       0.6122
 7685.60       1.0071       0.6056
 7686.64       1.7425       0.6659
 7687.67       1.6932       0.6694
 7688.71       0.9006       0.6115
 7689.75       0.3979       0.6070
 7690.79       0.6324       0.6414
 7691.83       1.0761       0.6592
 7692.86       1.5623       0.6374
 7693.90       1.2723       0.5795
 7694.94       0.5145       0.5429
 7695.98       0.2496       0.5696
 7697.01       0.5818       0.6336
 7698.05       1.0084       0.6799
 7699.09       1.1429       0.7325
 7700.13       1.1888       0.7540
 7701.17       1.8488       0.7193
 7702.20       1.7690       0.6069
 7703.24       0.8891       0.4904
 7704.28       0.4199       0.4522
 7705.32       0.6287       0.4495
 7706.35       1.1743       0.5059
 7707.39       2.1796       0.5984
 7708.43       2.0504       1.0552
 7709.47       0.2407       2.0189
 7710.50      -0.1513       3.0578
 7711.54       1.4301       4.0199
 7712.58       2.5205       4.7864
 7713.62       1.1059       5.4675
 7714.66      -0.8793       5.9132
 7715.69       0.4802       5.4370
 7716.73       1.9781       4.6579
 7717.77       0.8328       4.1656
 7718.81      -0.0998       3.2764
 7719.84       0.2169       2.1433
 7720.88       1.1892       1.3916
 7721.92       1.7386       1.1874
 7722.96       1.6237       1.2987
 7724.00       1.3214       1.4576
 7725.03       1.0766       1.4944
 7726.07       0.8016       1.3848
 7727.11       0.4372       1.1947
 7728.15       0.2676       0.9722
 7729.18       0.5090       0.7692
 7730.22       0.8186       0.6308
 7731.26       0.9478       0.5819
 7732.30       1.1921       0.6306
 7733.34       0.5859       0.6516
 7734.37       0.0001       0.6236
 7735.41       0.9776       0.6615
 7736.45       1.8872       0.6847
 7737.49       1.5028       0.6329
 7738.52       0.8836       0.5687
 7739.56       0.6605       0.5307
 7740.60       0.9776       0.5319
 7741.64       0.6875       0.5365
 7742.68       0.3013       0.5286
 7743.71       1.1300       0.5928
 7744.75       1.3425       0.5882
 7745.79       0.8146       0.9976
 7746.83       1.1028       2.1728
 7747.86       0.9127       3.9185
 7748.90      -0.4813       5.6579
 7749.94      -0.8220       6.9191
 7750.98       0.2046       6.9338
 7752.01       1.4230       5.6022
 7753.05       1.7931       3.6426
 7754.09       1.5537       2.0171
 7755.13       2.1919       1.1588
 7756.17       1.6604       1.2301
 7757.20       0.1572       1.6473
 7758.24       0.4489       2.1027
 7759.28       1.3328       2.3345
 7760.32       1.3766       2.3797
 7761.35       1.8739       2.0994
 7762.39       1.9304       1.5337
 7763.43       0.6689       0.9151
 7764.47      -0.0058       0.5568
 7765.51       0.5725       0.4771
 7766.54       1.5028       0.4932
 7767.58       1.9766       0.5336
 7768.62       1.6294       0.6169
 7769.66       1.0741       0.8081
 7770.69       1.0614       1.1048
 7771.73       1.5379       1.3970
 7772.77       0.8545       1.5243
 7773.81      -0.4384       1.4512
 7774.85      -0.6631       1.2949
 7775.88       0.4330       1.1292
 7776.92       1.7715       1.1014
 7777.96       1.9831       1.2599
 7779.00       1.5580       1.4874
 7780.03       1.4056       1.5980
 7781.07       1.2265       1.5864
 7782.11       1.2165       1.3875
 7783.15       1.4028       1.0638
 7784.18       1.2615       0.7752
 7785.22       1.0883       0.6340
 7786.26       1.4298       0.6439
 7787.30       1.8012       0.6925
 7788.34       1.1870       0.7832
 7789.37      -1.2860       0.9121
 7790.41      -2.2193       1.5966
 7791.45       0.0320       2.9113
 7792.49       2.2680       4.1325
 7793.52       3.0797       4.7709
 7794.56       2.7861       4.7025
 7795.60       1.6975       3.8712
 7796.64       0.7981       2.6223
 7797.68       0.4951       1.4131
 7798.71       0.2549       0.7191
 7799.75      -0.0776       0.4910
 7800.79       0.6616       0.4902
 7801.83       1.3506       0.4970
 7802.86       1.3219       0.5115
 7803.90       1.3917       0.6115
 7804.94       0.9097       0.9169
 7805.98      -0.1781       1.3959
 7807.02      -0.0575       1.8416
 7808.05       0.8656       2.0652
 7809.09       0.6564       2.0424
 7810.13       0.5173       1.7411
 7811.17       1.2541       1.3078
 7812.20       1.7971       0.9428
 7813.24       1.6774       0.7410
 7814.28       1.0978       0.6848
 7815.32       0.8647       0.6645
 7816.35       1.2927       0.8447
 7817.39       1.8220       1.4182
 7818.43       1.4410       2.5717
 7819.47       0.4082       4.0438
 7820.51      -0.1500       5.1129
 7821.54       0.7754       5.4659
 7822.58       2.1386       5.0044
 7823.62       0.9300       3.6146
 7824.66      -0.4787       2.0566
 7825.69       0.6584       1.0749
 7826.73       1.9522       0.7350
 7827.77       1.8332       0.6678
 7828.81       1.2283       0.6094
 7829.85       0.8428       0.5654
 7830.88       0.9250       0.5321
 7831.92       1.0976       0.5193
 7832.96       1.1557       0.5066
 7834.00       1.0985       0.4955
 7835.03       0.9815       0.4834
 7836.07       1.0781       0.5220
 7837.11       1.4236       0.6694
 7838.15       0.7445       0.9782
 7839.19      -0.4181       1.3795
 7840.22      -0.4051       1.6779
 7841.26       0.3597       1.7971
 7842.30       0.9664       1.6902
 7843.34       1.0128       1.3387
 7844.37       0.5919       0.9194
 7845.41       0.3702       0.6632
 7846.45       0.8480       0.6689
 7847.49       1.4050       0.8476
 7848.52       1.0537       1.1186
 7849.56       0.4240       1.9075
 7850.60       0.3187       3.2543
 7851.64       1.0975       4.5339
 7852.68       1.4193       5.2638
 7853.71       0.9777       5.2269
 7854.75       1.7628       4.5926
 7855.79       2.2392       3.5059
 7856.83       1.1101       2.3728
 7857.86       0.4674       2.0318
 7858.90       0.9727       2.3028
 7859.94       1.7721       2.4202
 7860.98       1.5508       2.3208
 7862.02       0.5181       1.9446
 7863.05       0.5033       1.4301
 7864.09       1.1953       1.0643
 7865.13       1.7942       1.0534
 7866.17       2.3191       1.2710
 7867.20       1.2734       1.7255
 7868.24      -1.3104       2.3069
 7869.28      -1.9674       2.7480
 7870.32      -0.4366       2.8547
 7871.35       0.7212       2.6565
 7872.39       1.7830       2.1447
 7873.43       2.6855       1.5314
 7874.47       2.6969       1.0486
 7875.51       2.3575       0.9623
 7876.54       2.1670       1.2178
 7877.58       1.6725       1.5364
 7878.62       1.0565       1.7819
 7879.66       0.8364       1.9690
 7880.69       0.4234       1.9122
 7881.73       0.1941       1.6656
 7882.77       0.9749       1.4503
 7883.81       1.2076       1.1905
 7884.85       0.5887       1.0203
 7885.88       0.9816       1.1798
 7886.92       0.8795       1.7071
 7887.96      -0.4807       2.3434
 7889.00      -0.5128       2.7896
 7890.03       0.8592       2.8794
 7891.07       2.2847       2.6918
 7892.11       1.7346       2.0767
 7893.15       0.1641       1.3170
 7894.19       0.6105       0.8773
 7895.22       1.5971       0.7378
 7896.26       1.5409       0.6504
 7897.30       1.0644       0.6014
 7898.34       0.7773       0.5525
 7899.37       1.1646       0.5388
 7900.41       1.1917       0.5281
 7901.45       0.9563       0.5181
 7902.49       1.1301       0.5277
 7903.52       1.0857       0.5537
 7904.56       0.8187       0.5785
 7905.60       0.8112       0.5954
 7906.64       0.9672       0.5814
 7907.68       1.2713       0.7424
 7908.71       1.9024       1.0439
 7909.75       2.5545       2.0582
 7910.79       2.5052       3.8533
 7911.83       1.9672       5.7022
 7912.86       1.3187       6.9001
 7913.90       0.8146       7.1575
 7914.94       0.6078       6.1322
 7915.98       0.8265       4.4228
 7917.02       1.4071       2.8883
 7918.05       2.2458       2.3874
 7919.09       2.7201       2.7118
 7920.13       1.6508       3.0799
 7921.17       0.3898       3.0418
 7922.20       0.4724       2.7617
 7923.24       0.3243       2.0855
 7924.28       0.0014       1.2862
 7925.32       0.7252       0.8123
 7926.35       0.8990       0.7022
 7927.39       0.1211       0.8597
 7928.43       0.1870       1.2971
 7929.47       0.6978       1.7694
 7930.51       0.8334       2.0418
 7931.54       0.8001       2.1079
 7932.58       0.7703       1.9015
 7933.62       0.8367       1.4659
 7934.66       1.1317       0.9990
 7935.69       1.2610       0.6653
 7936.73       1.0275       0.5117
 7937.77       0.5630       0.4827
 7938.81       0.4931       0.4673
 7939.85       0.9171       0.4940
 7940.88       1.1442       0.5151
 7941.92       0.8153       0.5348
 7942.96       0.6760       0.5631
 7944.00       1.2799       0.6568
 7945.03       2.3645       0.8300
 7946.07       2.0776       1.1047
 7947.11       0.7198       1.4225
 7948.15       0.5571       1.6346
 7949.19       0.9971       1.7120
 7950.22       0.9581       1.6256
 7951.26       0.3533       1.2913
 7952.30       0.3339       0.8902
 7953.34       1.3947       0.6255
 7954.37       1.1583       0.4843
 7955.41       0.1356       0.4146
 7956.45       0.5543       0.4158
 7957.49       0.9282       0.4206
 7958.52       0.7498       0.4725
 7959.56       1.4363       0.5626
 7960.60       1.1192       1.1341
 7961.64      -0.3049       2.3734
 7962.68       1.0035       3.8772
 7963.71       3.1714       5.0228
 7964.75       2.9423       5.3239
 7965.79       2.8592       4.8306
 7966.83       3.3122       3.7186
 7967.86       2.8266       2.2219
 7968.90       1.7650       1.1668
 7969.94       0.8089       0.7643
 7970.98       0.9481       0.6308
 7972.02       1.2396       0.5788
 7973.05       0.8527       0.5819
 7974.09       0.7131       0.6610
 7975.13       0.6970       0.8929
 7976.17       0.3901       1.2896
 7977.20       0.1224       1.7756
 7978.24       0.6092       2.1875
 7979.28       2.1818       2.3597
 7980.32       2.8008       2.2059
 7981.36       1.8013       1.7903
 7982.39       1.0528       1.2345
 7983.43       1.0687       0.7878
 7984.47       1.3924       0.5716
 7985.51       0.7821       0.5205
 7986.54       0.4911       0.5321
 7987.58       2.2463       0.6733
 7988.62       1.8278       0.9060
 7989.66      -0.1011       1.6859
 7990.69       1.2342       3.2391
 7991.73       2.8858       4.7772
 7992.77       2.0396       5.4808
 7993.81      -0.0492       5.4668
 7994.85      -0.9006       4.5959
 7995.88       0.5818       3.1294
 7996.92       1.0213       1.7556
 7997.96       0.1306       0.9409
 7999.00       0.2933       0.6613
 8000.03       0.5917       0.6684
 8001.07       0.5405       0.5913
 8002.11       0.5606       0.5666
 8003.15       0.7320       0.5433
 8004.19       0.9546       0.5216
 8005.22       0.8607       0.4952
 8006.26       0.5786       0.4640
 8007.30       0.5518       0.4591
 8008.34       0.9293       0.4641
 8009.37       1.4858       0.5700
 8010.41       1.9260       0.8223
 8011.45       1.6529       1.1596
 8012.49       0.9110       1.4582
 8013.53       0.5089       1.6073
 8014.56       1.0880       1.6114
 8015.60       2.0009       1.5069
 8016.64       1.4109       1.1941
 8017.68       0.2677       0.8655
 8018.71       0.6664       0.7649
 8019.75       1.1983       0.7349
 8020.79       1.1949       0.8388
 8021.83       0.9205       1.1968
 8022.86       0.9119       1.9706
 8023.90       0.9794       2.9602
 8024.94       0.0569       3.6332
 8025.98      -0.2525       3.7829
 8027.02       0.9772       3.5528
 8028.05       1.4940       2.8939
 8029.09       2.0968       1.9297
 8030.13       1.7773       1.2304
 8031.17       1.4016       0.9120
 8032.20       0.0720       0.5365
 8033.24       0.9167       0.6774
 8034.28       0.5016       0.5789
 8035.32       0.7280       0.4983
 8036.36       1.0130       0.4748
 8037.39       1.1595       0.4774
 8038.43       1.3346       0.4696
 8039.47       1.1279       0.4635
 8040.51       0.8511       0.4578
 8041.54       0.9934       0.4510
 8042.58       1.2917       0.4497
 8043.62       1.3504       0.4495
 8044.66       1.1525       0.4437
 8045.70       0.6558       0.4298
 8046.73       0.1930       0.4563
 8047.77       0.3674       0.5652
 8048.81       1.0654       0.7762
 8049.85       1.6285       1.0148
 8050.88       1.2260       1.1458
 8051.92       0.6702       1.1504
 8052.96       1.4227       1.1199
 8054.00       1.6563       0.9549
 8055.04       0.8293       0.6851
 8056.07       0.9723       0.4657
 8057.11       1.1980       0.5637
 8058.15       0.8676       0.7333
 8059.19       0.6551       1.1721
 8060.22       0.7695       1.6922
 8061.26       0.8844       2.0051
 8062.30       0.8893       2.0959
 8063.34       1.1492       1.9420
 8064.37       2.0826       1.5495
 8065.41       2.1748       1.0525
 8066.45       1.1089       0.6530
 8067.49       0.7119       0.4921
 8068.53       0.9734       0.4353
 8069.56       0.5728       0.4076
 8070.60       0.5654       0.4152
 8071.64       0.7401       0.4250
 8072.68       0.4265       0.4371
 8073.71       0.5767       0.4641
 8074.75       1.1010       0.4998
 8075.79       1.0732       0.5204
 8076.83       0.7135       0.5123
 8077.87       0.4719       0.4871
 8078.90       0.5907       0.4760
 8079.94       0.8086       0.4703
 8080.98       0.6978       0.4560
 8082.02       0.5727       0.4763
 8083.05       0.5994       0.5242
 8084.09       0.7545       0.5587
 8085.13       0.7503       0.5577
 8086.17       0.5877       0.5218
 8087.21       0.6420       0.4788
 8088.24       0.5318       0.4370
 8089.28       0.2530       0.4271
 8090.32       0.6332       0.4976
 8091.36       1.1588       0.6143
 8092.39       1.0491       0.6984
 8093.43       0.4816       0.7269
 8094.47       0.2201       0.7031
 8095.51       0.7348       0.6608
 8096.54       1.1191       0.5719
 8097.58       0.9664       0.5082
 8098.62       0.9932       0.5762
 8099.66       0.9398       0.7527
 8100.70       0.7134       0.9311
 8101.73       1.3551       1.0736
 8102.77       1.8797       1.1074
 8103.81       1.1366       1.0205
 8104.85       0.8010       0.8983
 8105.88       1.2894       0.7737
 8106.92       1.3983       0.6102
 8107.96       1.3004       0.5299
 8109.00       1.1404       0.5396
 8110.04       1.1982       0.5421
 8111.07       0.7334       0.5054
 8112.11      -0.3772       0.4659
 8113.15      -0.3155       0.4450
 8114.19       0.7017       0.4489
 8115.22       1.1974       0.4604
 8116.26       1.0699       0.4557
 8117.30       0.6375       0.4319
 8118.34       0.4132       0.4065
 8119.38       0.5932       0.4169
 8120.41       1.1555       0.4758
 8121.45       1.2730       0.5013
 8122.49       0.8553       0.4789
 8123.53       0.5429       0.4452
 8124.56       0.5042       0.4687
 8125.60       0.6576       0.5133
 8126.64       0.8971       0.5027
 8127.68       1.2275       0.5032
 8128.71       1.4797       0.5401
 8129.75       1.2452       0.5782
 8130.79       1.0237       0.5908
 8131.83       0.9884       0.5725
 8132.87       0.7226       0.5715
 8133.90       0.4543       0.5926
 8134.94       0.3878       0.6132
 8135.98       0.6418       0.6281
 8137.02       0.9006       0.6575
 8138.05       1.0454       0.7241
 8139.09       0.8018       0.7448
 8140.13       0.3749       0.6895
 8141.17       0.3936       0.6235
 8142.21       0.9332       0.5633
 8143.24       1.3644       0.5309
 8144.28       0.7305       0.5536
 8145.32      -0.3143       0.6418
 8146.36      -0.4582       0.7539
 8147.39       0.0091       0.8351
 8148.43       0.2851       0.8040
 8149.47      -0.0771       0.6518
 8150.51      -0.0475       0.5346
 8151.54       0.7560       0.5260
 8152.58       0.7594       0.4856
 8153.62       0.6304       0.4615
 8154.66       1.0652       0.4974
 8155.70       0.8160       0.4601
 8156.73       0.0747       0.3928
 8157.77       0.1057       0.4319
 8158.81       0.8168       0.5065
 8159.85       1.4048       0.5450
 8160.88       1.0388       0.5416
 8161.92       0.6655       0.5816
 8162.96       0.7997       0.6635
 8164.00       0.5734       0.6250
 8165.04       0.1949       0.5132
 8166.07       0.3914       0.4640
 8167.11       0.7987       0.4748
 8168.15       0.6560       0.4844
 8169.19      -0.0479       0.4570
 8170.22      -0.1987       0.4406
 8171.26       0.4605       0.4530
 8172.30       1.1588       0.4675
 8173.34       0.7572       0.4531
 8174.38      -0.3632       0.4223
 8175.41       0.0361       0.4365
 8176.45       1.0239       0.4829
 8177.49       0.6642       0.5156
 8178.53       0.6594       0.5584
 8179.56       1.1160       0.5714
 8180.60       0.7981       0.5097
 8181.64       0.7083       0.4777
 8182.68       1.1007       0.5106
 8183.71       1.1954       0.5240
 8184.75       1.0145       0.5098
 8185.79       0.8557       0.4973
 8186.83       0.7379       0.5484
 8187.87       0.6923       0.6039
 8188.90       0.6922       0.5838
 8189.94       0.8471       0.5776
 8190.98       0.9395       0.5978
 8192.02       0.8330       0.5765
 8193.05       0.2859       0.5590
 8194.09      -0.2450       0.5803
 8195.13       0.2821       0.6237
 8196.17       0.9588       0.6377
 8197.21       0.7463       0.5936
 8198.24       0.2059       0.5365
 8199.28       0.2550       0.5180
 8200.32       1.0187       0.5206
 8201.36       0.8419       0.5216
 8202.39      -0.1126       0.5058
 8203.43       0.2939       0.5001
 8204.47       1.1761       0.5017
 8205.51       1.2656       0.5006
 8206.54       0.3200       0.4868
 8207.58      -0.3103       0.4750
 8208.62       0.7101       0.4846
 8209.66       1.1806       0.4821
 8210.70       0.8882       0.4621
 8211.73       0.9488       0.4554
 8212.77       1.1740       0.4642
 8213.81       1.0707       0.4723
 8214.85       0.2641       0.4586
 8215.88      -0.1893       0.4516
 8216.92       0.3510       0.4668
 8217.96       1.0489       0.4753
 8219.00       1.3237       0.4749
 8220.04       0.9121       0.4720
 8221.07       0.7090       0.4625
 8222.11       0.7588       0.4647
 8223.15       0.4485       0.5006
 8224.19       0.2873       0.5137
 8225.22       0.6491       0.5330
 8226.26       1.1081       0.6419
 8227.30       0.9344       0.7194
 8228.34       0.2036       0.6738
 8229.38      -0.2915       0.6329
 8230.41       0.0723       0.6172
 8231.45       0.8509       0.5868
 8232.49       0.9620       0.5513
 8233.53       0.4108       0.5151
 8234.56       0.1142       0.4851
 8235.60       0.1662       0.4567
 8236.64       0.3532       0.4334
 8237.68       0.4157       0.4328
 8238.71       0.6058       0.4599
 8239.75       1.1582       0.5032
 8240.79       1.0562       0.5365
 8241.83       0.5194       0.5499
 8242.87       0.3832       0.5462
 8243.90       0.3345       0.5319
 8244.94       0.3214       0.5238
 8245.98       0.5118       0.5207
 8247.02       0.5718       0.5189
 8248.05       0.3166       0.5139
 8249.09      -0.0668       0.5142
 8250.13      -0.0384       0.5245
 8251.17       0.3980       0.5377
 8252.21       0.4826       0.5234
 8253.24       0.3093       0.5028
 8254.28       0.3720       0.5216
 8255.32       0.4369       0.5344
 8256.36       0.3499       0.5161
 8257.39       0.1279       0.4841
 8258.43       0.5075       0.4533
 8259.47       1.3812       0.4390
 8260.51       1.2767       0.4547
 8261.54       0.6910       0.4784
 8262.58       0.5836       0.4798
 8263.62       0.5268       0.4502
 8264.66       0.4018       0.4147
 8265.70       0.3942       0.4062
 8266.73       0.4361       0.4201
 8267.77       0.2247       0.4259
 8268.81       0.2055       0.4173
 8269.85       0.4159       0.4243
 8270.88       0.8599       0.4728
 8271.92       1.1730       0.4771
 8272.96       1.1820       0.5270
 8274.00       0.5016       0.7251
 8275.04      -0.2427       0.9992
 8276.07      -0.8489       1.4299
 8277.11       0.4703       2.2487
 8278.15       0.9621       2.8322
 8279.19      -0.1355       3.0124
 8280.22       0.1371       3.3942
 8281.26       0.9802       3.5593
 8282.30       0.7759       3.2173
 8283.34      -0.0225       2.7475
 8284.38      -0.3650       2.9576
 8285.41       0.1170       3.8310
 8286.45       0.4334       5.1575
 8287.49      -0.1482       6.0994
 8288.53      -0.5699       6.1206
 8289.56      -0.0369       5.0882
 8290.60       0.8290       3.6739
 8291.64       0.7054       2.5256
 8292.68       0.4215       2.1199
 8293.71       0.8061       2.4365
 8294.75       0.2558       3.2032
 8295.79      -0.6699       4.1783
 8296.83      -0.3355       5.1816
 8297.87       0.7691       5.5893
 8298.90       1.9286       5.5391
 8299.94       2.9001       4.8088
 8300.98       1.8753       3.5810
 8302.02      -0.4029       2.2802
 8303.05      -0.2847       1.3942
 8304.09       0.7551       0.9631
 8305.13       0.0410       0.7937
 8306.17       0.0545       0.8294
 8307.21       1.0169       1.0579
 8308.24       1.4083       1.5748
 8309.28       0.9555       1.8985
 8310.32       0.0307       1.8452
 8311.36      -0.3130       1.7650
 8312.39       0.1198       1.5365
 8313.43       0.7095       1.1020
 8314.47       0.9078       0.8095
 8315.51       0.5474       0.6931
 8316.54       0.0793       0.6269
 8317.58      -0.1824       0.6190
 8318.62       0.2333       0.6223
 8319.66       0.6378       0.6503
 8320.70       0.9076       0.6415
 8321.73       1.0941       0.5795
 8322.77       0.5336       0.5222
 8323.81       0.2570       0.4773
 8324.85       0.8137       0.4563
 8325.88       0.8607       0.4427
 8326.92       0.6878       0.4321
 8327.96       1.1965       0.4371
 8329.00       1.0777       0.4413
 8330.04       0.5122       0.4463
 8331.07       0.8751       0.4606
 8332.11       1.3666       0.4878
 8333.15       1.0515       0.5209
 8334.19       0.0578       0.5330
 8335.22      -0.3508       0.5663
 8336.26       0.4659       0.6855
 8337.30       1.0332       0.7882
 8338.34       0.6247       0.8677
 8339.38       0.1853       0.9427
 8340.41       0.0312       3.5035
 8341.45       1.2431       8.1175
 8342.49       3.4695      11.0293
 8343.53       3.7236      12.4791
 8344.56       1.7637      13.3262
 8345.60       1.6919      12.1332
 8346.64       2.4232       8.8393
 8347.68       1.3170       4.8729
 8348.71       0.4238       2.9254
 8349.75      -0.0336       3.1954
 8350.79      -0.6755       3.9919
 8351.83      -1.5285       4.4390
 8352.87      -2.2788       4.2432
 8353.90      -1.6176       3.8981
 8354.94       0.0810       3.0626
 8355.98       1.8284       1.7794
 8357.02       2.1978       0.9562
 8358.05       1.5256       0.7288
 8359.09       1.3630       0.7152
 8360.13       1.2280       0.8776
 8361.17       1.0555       1.1296
 8362.21       0.9234       1.4957
 8363.24       0.8083       1.7917
 8364.28       0.8131       1.8928
 8365.32       0.7875       1.8335
 8366.36       1.2669       1.5845
 8367.39       2.2018       1.1978
 8368.43       2.5085       0.8282
 8369.47       1.7589       0.5773
 8370.51       0.6866       0.4581
 8371.55       0.2161       0.4414
 8372.58       0.5428       0.4387
 8373.62       0.9030       0.4571
 8374.66       0.8873       0.4636
 8375.70       0.5932       0.4998
 8376.73       0.6907       0.5459
 8377.77       0.5817       0.7748
 8378.81      -0.3423       1.2822
 8379.85      -0.5106       2.0514
 8380.88       0.1360       2.7789
 8381.92       1.0883       3.0818
 8382.96       1.5361       2.9800
 8384.00       1.3380       2.5186
 8385.04       1.0793       1.6629
 8386.07       0.8745       0.9201
 8387.11       0.7471       0.5962
 8388.15       0.6462       0.5313
 8389.19       0.6456       0.5476
 8390.22       0.7417       0.5649
 8391.26       1.0792       0.5997
 8392.30       1.3510       0.5986
 8393.34       1.1368       0.5863
 8394.38       1.2217       0.9691
 8395.41       1.6623       2.4873
 8396.45       1.0411       5.0907
 8397.49       0.4567       7.8606
 8398.53       0.7638       9.4932
 8399.56       0.6115       9.7709
 8400.60      -0.0169       8.2308
 8401.64      -0.3349       5.2810
 8402.68       0.7030       2.5975
 8403.72       1.8330       1.1179
 8404.75       0.9054       0.5505
 8405.79       0.2489       0.5478
 8406.83       0.9933       0.4799
 8407.87       0.8882       0.4933
 8408.90       0.7609       0.4669
 8409.94       1.3958       0.5493
 8410.98       1.1877       0.8162
 8412.02       0.4085       1.4904
 8413.05       0.2603       2.4573
 8414.09      -0.0025       3.2181
 8415.13       0.0200       3.4603
 8416.17       1.3515       3.3214
 8417.21       2.7103       2.6486
 8418.24       3.0417       1.6711
 8419.28       2.5073       0.9292
 8420.32       1.4153       0.6127
 8421.36       0.5544       0.5420
 8422.39      -0.3352       0.6098
 8423.43      -0.5377       0.6291
 8424.47       0.7067       0.7533
 8425.51       0.8026       1.2779
 8426.55      -0.3968       3.0152
 8427.58       0.6635       6.0342
 8428.62       0.6679       8.9494
 8429.66      -2.1131      10.2931
 8430.70      -3.2656      10.3507
 8431.73      -2.3797       8.6151
 8432.77      -1.3498       5.3874
 8433.81      -0.2116       2.6213
 8434.85       0.6365       1.2198
 8435.89       1.1623       0.6909
 8436.92       0.8343       0.6503
 8437.96       0.2744       0.4941
 8439.00       0.6858       0.4739
 8440.04       1.2838       0.4681
 8441.07       1.2627       0.4645
 8442.11       1.0848       0.4727
 8443.15       0.9508       0.5135
 8444.19       0.9804       0.5981
 8445.22       1.0713       0.6542
 8446.26       1.1849       0.6982
 8447.30       1.5407       0.7691
 8448.34       1.1823       1.0742
 8449.38       0.2649       1.6962
 8450.41      -0.1042       2.3780
 8451.45       1.0236       2.9110
 8452.49       2.9302       3.0878
 8453.53       2.9639       2.7466
 8454.56       1.8552       2.0074
 8455.60       2.0205       1.2120
 8456.64       1.8274       0.7162
 8457.68       1.1749       0.5558
 8458.72       1.7447       0.5820
 8459.75       1.8495       0.5920
 8460.79       0.5796       0.9736
 8461.83      -0.9716       2.2722
 8462.87      -0.5954       4.3416
 8463.90       1.8944       6.2383
 8464.94       2.1597       7.2819
 8465.98       0.9941       7.0271
 8467.02       2.5918       5.7703
 8468.06       2.5251       3.6650
 8469.09       0.5079       1.6324
 8470.13       0.7042       0.7307
 8471.17       1.2227       0.6543
 8472.21       0.3560       0.5589
 8473.24       0.3866       0.6074
 8474.28       0.9953       0.6283
 8475.32       1.0489       0.6284
 8476.36       0.9308       0.5791
 8477.39       0.8362       0.5050
 8478.43       0.7340       0.4527
 8479.47       0.9203       0.4320
 8480.51       1.2457       0.4278
 8481.55       1.3699       0.4350
 8482.58       1.0979       0.4322
 8483.62       0.6636       0.4179
 8484.66       0.6294       0.4159
 8485.70       0.9685       0.4270
 8486.73       1.2039       0.4560
 8487.77       1.4143       0.4488
 8488.81       1.3635       0.5434
 8489.85       0.8234       0.8422
 8490.89       0.8480       1.3293
 8491.92       1.8497       1.8268
 8492.96       2.6408       2.1040
 8494.00       3.0745       2.0976
 8495.04       3.3917       1.8845
 8496.07       2.4482       1.3890
 8497.11       1.2047       0.8768
 8498.15       1.0740       0.6717
 8499.19       1.4631       0.6268
 8500.23       1.3859       0.8379
 8501.26       0.5768       1.4734
 8502.30       0.1038       2.4572
 8503.34       0.6144       3.4072
 8504.38       1.4686       3.9109
 8505.41       1.2028       3.7491
 8506.45      -0.2707       3.0847
 8507.49       0.4972       2.0619
 8508.53       2.4296       1.1305
 8509.56       2.0379       0.6237
 8510.60       1.2547       0.5003
 8511.64       1.1026       0.4506
 8512.68       0.5268       0.4283
 8513.72       0.3696       0.4031
 8514.75       0.8397       0.4132
 8515.79       1.2313       0.4316
 8516.83       1.0810       0.4442
 8517.87       0.8450       0.4611
 8518.90       0.7915       0.4835
 8519.94       0.9654       0.5052
 8520.98       1.1293       0.5146
 8522.02       1.0944       0.4987
 8523.06       0.8885       0.4657
 8524.09       0.9297       0.4459
 8525.13       1.0724       0.4335
 8526.17       1.1057       0.4195
 8527.21       0.9372       0.4164
 8528.24       0.6410       0.4160
 8529.28       0.4439       0.4096
 8530.32       0.6878       0.4151
 8531.36       1.0403       0.4218
 8532.40       0.7820       0.4058
 8533.43       0.6679       0.4080
 8534.47       1.0407       0.4964
 8535.51       1.0982       0.6718
 8536.55       0.8278       0.8693
 8537.58       0.5521       0.9992
 8538.62       0.4290       1.0474
 8539.66       0.8234       1.0150
 8540.70       1.4290       0.9206
 8541.73       1.4104       0.7350
 8542.77       0.7862       0.5547
 8543.81      -0.0780       0.4776
 8544.85      -0.2988       0.6637
 8545.89       0.1795       1.0819
 8546.92       0.3463       1.5064
 8547.96       0.1625       1.7710
 8549.00       0.1590       1.8213
 8550.04       0.6114       1.6617
 8551.07       0.8172       1.3154
 8552.11       0.0340       0.8493
 8553.15      -0.2778       0.5486
 8554.19       0.3113       0.4675
 8555.23       0.5546       0.4439
 8556.26       0.5452       0.4315
 8557.30       0.6584       0.4178
 8558.34       0.7757       0.4153
 8559.38       0.8511       0.4146
 8560.41       0.7740       0.4103
 8561.45       0.6917       0.4109
 8562.49       0.6467       0.4109
 8563.53       0.6541       0.4018
 8564.57       0.7273       0.4040
 8565.60       0.6463       0.4131
 8566.64       0.2805       0.3990
 8567.68       0.2147       0.3951
 8568.72       0.7241       0.4292
 8569.75       0.6496       0.4496
 8570.79       0.3298       0.4694
 8571.83       0.6502       0.5148
 8572.87       0.8371       0.5406
 8573.90       0.7538       0.5476
 8574.94       0.8623       0.5663
 8575.98       1.2679       0.5796
 8577.02       1.5639       0.5638
 8578.06       1.0546       0.5140
 8579.09       0.4769       0.4639
 8580.13       0.8547       0.4503
 8581.17       1.1502       0.4424
 8582.21       1.1270       0.4336
 8583.24       1.1333       0.4434
 8584.28       0.6366       0.4828
 8585.32       0.3178       0.5813
 8586.36       1.1695       0.7303
 8587.40       2.4379       0.8685
 8588.43       2.8726       0.9179
 8589.47       2.1220       0.8568
 8590.51       1.0601       0.7015
 8591.55       0.7515       0.5474
 8592.58       1.1320       0.5284
 8593.62       1.3492       0.6543
 8594.66       0.7413       0.8033
 8595.70       0.0628       0.9156
 8596.74       0.0573       0.9620
 8597.77       1.0704       0.9888
 8598.81       1.5175       0.9015
 8599.85       0.8308       0.7036
 8600.89       1.1786       0.5693
 8601.92       1.7123       0.5190
 8602.96       0.9326       0.4787
 8604.00       0.1843       0.4610
 8605.04       0.1734       0.4542
 8606.07       0.5996       0.4655
 8607.11       1.2483       0.5023
 8608.15       1.4386       0.5500
 8609.19       1.0186       0.5748
 8610.23       1.0106       0.6189
 8611.26       1.6631       0.7191
 8612.30       1.6249       0.8209
 8613.34       1.1184       0.9296
 8614.38       0.9339       1.0598
 8615.41       1.1406       1.1997
 8616.45       1.4644       1.3714
 8617.49       1.5479       1.5458
 8618.53       1.0836       1.7138
 8619.57       0.4561       1.9158
 8620.60       0.6118       2.1230
 8621.64       1.0500       2.3607
 8622.68       1.0050       2.6294
 8623.72       1.3296       2.8528
 8624.75       1.5104       3.0421
 8625.79       1.0231       3.2081
 8626.83       1.4106       3.3399
 8627.87       2.1643       3.4625
 8628.91       0.9641       3.5469
 8629.94       0.1050       3.5667
 8630.98       0.8116       3.5217
 8632.02       0.5324       3.4490
 8633.06       0.0865       3.3648
 8634.09       0.6738       3.2377
 8635.13       1.0188       3.0137
 8636.17       0.8018       2.7278
 8637.21       0.4539       2.5008
 8638.24       0.8372       2.3200
 8639.28       1.7759       2.0908
 8640.32       2.1431       1.8525
 8641.36       1.2889       1.5598
 8642.40      -0.1566       1.2542
 8643.43      -0.4837       1.0938
 8644.47       0.2675       1.1021
 8645.51       0.8194       1.2463
 8646.55       0.8922       1.5567
 8647.58       0.7034       2.0272
 8648.62       0.8001       2.5509
 8649.66       0.3908       2.8560
 8650.70      -0.0455       2.9958
 8651.74       0.2537       3.1965
 8652.77       1.3614       3.4057
 8653.81       2.2180       3.5000
 8654.85       0.1858       3.4134
 8655.89      -1.5984       3.3874
 8656.92       0.3692       3.5877
 8657.96       2.1904       3.6632
 8659.00       1.9926       3.5189
 8660.04       1.2171       3.3785
 8661.08       1.3669       3.3392
 8662.11       2.1240       3.3392
 8663.15       0.4755       3.2013
 8664.19      -0.9141       3.0350
 8665.23       0.2112       2.9667
 8666.26       0.9982       2.9013
 8667.30       0.4794       2.7733
 8668.34      -0.3744       2.6047
 8669.38      -0.1955       2.5077
 8670.42       0.9760       2.4392
 8671.45       1.4978       2.2947
 8672.49       1.3192       2.1081
 8673.53       1.0298       1.9461
 8674.57       0.6951       1.8631
 8675.60       0.9714       1.8192
 8676.64       1.7238       1.7376
 8677.68       1.9037       1.6007
 8678.72       1.4734       1.4467
 8679.75       1.1086       1.3556
 8680.79       1.4049       1.3468
 8681.83       1.7193       1.3153
 8682.87       0.8113       1.1806
 8683.91       0.0586       1.0266
 8684.94       0.5431       0.9517
 8685.98       0.8187       0.9401
 8687.02       0.7922       0.9293
 8688.06       0.8484       0.8724
 8689.09       0.9542       0.8028
 8690.13       0.8333       0.7432
 8691.17       0.2882       0.7042
 8692.21      -0.1049       0.7041
 8693.25       0.0785       0.7185
 8694.28       0.6769       0.7174
 8695.32       0.9527       0.6875
 8696.36       0.6488       0.6646
 8697.40       0.5597       0.7121
 8698.43       0.8724       0.8007
 8699.47       1.2283       0.8507
 8700.51       1.1520       0.8299
 8701.55       0.6384       0.7556
 8702.58       0.2489       0.6798
 8703.62       0.7203       0.6926
 8704.66       1.5998       0.7854
 8705.70       1.4760       0.8442
 8706.74       0.9520       0.8629
 8707.77       1.0773       0.8672
 8708.81       1.2889       0.8265
 8709.85       1.3464       0.7411
 8710.89       1.2905       0.6429
 8711.92       1.0635       0.5728
 8712.96       0.8882       0.5429
 8714.00       0.9271       0.5415
 8715.04       1.4222       0.5565
 8716.08       1.9464       0.5634
 8717.11       1.5703       0.5461
 8718.15       0.8124       0.5252
 8719.19       0.6059       0.5258
 8720.23       0.4329       0.5117
 8721.26       0.3015       0.4966
 8722.30       0.4885       0.5162
 8723.34       0.6593       0.5515
 8724.38       0.6368       0.5819
 8725.42       0.4553       0.5974
 8726.45       0.6724       0.6160
 8727.49       1.2756       0.6336
 8728.53       0.9937       0.5847
 8729.57       0.4817       0.5274
 8730.60       1.0296       0.5387
 8731.64       1.3360       0.5433
 8732.68       1.2720       0.5346
 8733.72       1.1155       0.5506
 8734.75       1.0838       0.5751
 8735.79       1.0953       0.5982
 8736.83       0.8065       0.6149
 8737.87       0.8005       0.6501
 8738.91       1.1362       0.6963
 8739.94       0.8096       0.6903
 8740.98       0.1575       0.6495
 8742.02       0.0379       0.6257
 8743.06       0.2571       0.6034
 8744.09       0.3732       0.5764
 8745.13       0.0973       0.5513
 8746.17       0.3364       0.5716
 8747.21       1.1178       0.6242
 8748.25       1.2909       0.6420
 8749.28       1.0130       0.6360
 8750.32       0.8096       0.6414
 8751.36       0.4221       0.6346
 8752.40       0.2647       0.6185
 8753.43       0.7706       0.6639
 8754.47       0.8338       0.7793
 8755.51       0.6210       1.2342
 8756.55       1.3944       2.0408
 8757.58       1.8891       3.3841
 8758.62       1.5374       5.0971
 8759.66       1.8400       6.6043
 8760.70       1.8264       7.2164
 8761.74       0.6716       6.9277
 8762.77       1.3752       6.2353
 8763.81       2.2313       6.1150
 8764.85       0.1708       6.7419
 8765.89      -0.6362       8.1722
 8766.92       1.2288       9.4599
 8767.96       3.2989       9.7910
 8769.00       3.2990       8.4581
 8770.04       1.4207       5.9774
 8771.08       0.9707       3.4517
 8772.11       1.1523       2.0898
 8773.15       0.0871       2.3377
 8774.19       0.2540       4.1064
 8775.23       1.8557       6.8848
 8776.26       3.7968       9.9016
 8777.30       1.8458      11.4523
 8778.34      -1.5084      10.9110
 8779.38       2.6654       9.3525
 8780.42       5.2941       6.6729
 8781.45       0.2714       3.4036
 8782.49      -1.5585       1.4588
 8783.53       0.4802       0.9031
 8784.57       0.4324       0.6975
 8785.60       0.6772       0.7392
 8786.64       1.2052       0.9633
 8787.68       0.7604       1.6237
 8788.72       0.4571       2.5658
 8789.75       1.0099       3.4330
 8790.79       1.8328       3.8992
 8791.83       1.7456       3.7386
 8792.87       0.6148       3.0664
 8793.91       0.7752       2.0560
 8794.94       1.5646       1.1741
 8795.98       1.0310       0.7289
 8797.02       0.0875       0.6195
 8798.06      -0.2116       0.5769
 8799.09       0.4706       0.6275
 8800.13       0.8210       0.6426
 8801.17       0.4283       0.6081
 8802.21       0.2600       0.5977
 8803.25       0.3918       0.5996
 8804.28       0.4310       0.5927
 8805.32       0.4676       0.6024
 8806.36       0.5270       0.6771
 8807.40       0.7517       0.8187
 8808.43       0.7118       0.9568
 8809.47       0.5276       1.0317
 8810.51       0.7471       1.0509
 8811.55       1.1275       0.9903
 8812.58       1.2303       0.8694
 8813.62       0.9634       0.7384
 8814.66       0.6569       0.6566
 8815.70       0.7190       0.6449
 8816.74       0.7695       0.6634
 8817.77       0.4995       0.6708
 8818.81      -0.0606       0.7421
 8819.85      -0.0800       0.7388
 8820.89       0.1924       1.1279
 8821.92      -1.0807       1.5882
 8822.96      -1.1736       4.8639
 8824.00       0.5821      11.9082
 8825.04       0.6037      19.7335
 8826.08      -0.9825      25.3573
 8827.11      -1.9143      26.9341
 8828.15      -1.2566      24.0164
 8829.19       0.0787      17.6968
 8830.23      -0.0280       9.7505
 8831.26      -0.1405       4.6055
 8832.30       0.5332       3.8633
 8833.34      -0.6145       5.6761
 8834.38      -1.3888       8.0687
 8835.42      -0.2323       9.4908
 8836.45      -0.0353       9.7959
 8837.49      -0.8469       8.6557
 8838.53      -1.0143       6.4495
 8839.57       0.0659       3.8496
 8840.60       1.1399       1.7949
 8841.64       0.2052       0.9537
 8842.68      -0.6087       0.9376
 8843.72       0.0778       0.9568
 8844.75       0.4269       1.0700
 8845.79       0.5904       1.4128
 8846.83       1.0771       2.1370
 8847.87       1.3107       2.8716
 8848.91       0.9529       3.3351
 8849.94       0.0944       3.4305
 8850.98      -0.6926       3.0894
 8852.02      -0.8104       2.4229
 8853.06      -0.0806       1.6087
 8854.09       0.8595       1.0517
 8855.13       1.1084       0.8567
 8856.17       0.6875       0.8173
 8857.21       0.1159       0.8045
 8858.25       0.0531       0.8456
 8859.28      -0.1324       0.9247
 8860.32      -0.5185       1.0165
 8861.36      -0.6180       1.1510
 8862.40       1.0764       1.3720
 8863.43       2.8431       2.1131
 8864.47       0.9602       3.5450
 8865.51      -1.5264       5.2099
 8866.55      -1.0916       6.3771
 8867.58       0.3813       6.9981
 8868.62       1.0936       6.5251
 8869.66       0.4622       4.8905
 8870.70       0.3246       2.9199
 8871.74       0.8509       1.4862
 8872.77       0.3886       0.8848
 8873.81      -0.1223       0.8486
 8874.85       0.0494       0.7852
 8875.89       0.6642       0.7940
 8876.92       0.8163       0.7844
 8877.96       0.1054       0.8584
 8879.00      -0.8012       0.8169
 8880.04      -1.0618       0.9384
 8881.08      -0.4203       1.8410
 8882.11       0.2388       5.2549
 8883.15       0.3029      11.5832
 8884.19       0.1429      18.2021
 8885.23       1.1270      22.4971
 8886.26       2.1198      22.7315
 8887.30      -1.9459      19.2676
 8888.34      -5.0352      13.0776
 8889.38      -1.6923       6.3754
 8890.42       0.5471       2.5006
 8891.45      -0.0690       1.4490
 8892.49      -0.1252       1.1030
 8893.53       0.2534       1.2000
 8894.57       0.7962       1.1619
 8895.60       0.6765       1.2020
 8896.64       0.6336       1.1533
 8897.68       0.9739       1.3239
 8898.72      -0.8085       1.6152
 8899.75      -1.4312       3.1869
 8900.79       1.6556       6.1898
 8901.83       3.8996       8.6170
 8902.87       3.5556       9.5040
 8903.91       2.4439       9.4164
 8904.94       2.0793       7.6961
 8905.98       2.5351       4.9683
