 
TRANSIENT_NAME:     DES15X3dyu 
SNID:               1302523    
OBS_DATE:           2015-09-16
MJD:                57281. 
PHASE:              -6.    
MJD_MAX:            57289.1
TYPE:               1  
SPEC_EVAL:          SNIa
REDSHIFT:           0.4250  
REDSHIFT_ERR:       0.0005  
REDSHIFT_SOURCE:    Z_GAL
TELESCOPE:          AAT
INSTRUMENT:         AAOmega-2dF
 
======================================
 
# WAVE  FLUX  FLUX_ERR
 3756.72      23.4988     484.1280
 3757.75       2.5325     462.1040
 3758.79       6.4862     400.2390
 3759.83     -19.3168     368.0440
 3760.87     -27.6721     364.2860
 3761.90       1.8254     427.6920
 3762.94      12.5857     407.3430
 3763.98      29.1787     435.6850
 3765.02      -4.2239     384.3180
 3766.06       9.5892     447.9870
 3767.09     -11.1684     386.5260
 3768.13      -0.9020     406.1900
 3769.17     -21.6987     374.4210
 3770.21     -35.3689     326.3890
 3771.24     -23.5998     314.6600
 3772.28      19.3063     418.2240
 3773.32       2.5616     384.3600
 3774.36       5.5208     388.3650
 3775.40      33.6128     431.2570
 3776.43      27.6556     475.1820
 3777.47      20.1214     431.2690
 3778.51       1.3505     367.3150
 3779.55      21.9812     442.3160
 3780.58      15.6164     406.0110
 3781.62      10.6967     384.7360
 3782.66      21.7406     388.3320
 3783.70      23.6954     428.9340
 3784.73      14.9851     419.5870
 3785.77     -10.8778     328.7920
 3786.81     -10.1762     323.1970
 3787.85     -15.0798     317.8950
 3788.89     -18.8416     285.3690
 3789.92      15.5771     355.9240
 3790.96       0.6803     341.9500
 3792.00      -1.5337     343.7590
 3793.04      23.7217     393.8780
 3794.07      20.5668     390.7680
 3795.11       8.1744     345.4780
 3796.15      13.7646     348.4690
 3797.19     -14.4254     299.7880
 3798.23     -19.4597     281.0090
 3799.26     -14.7616     268.5960
 3800.30      -3.1109     288.1030
 3801.34      16.7850     310.1750
 3802.38       0.8534     313.4220
 3803.41      27.8037     359.4130
 3804.45      15.8563     313.2300
 3805.49      16.0465     315.0070
 3806.53       5.9979     277.9570
 3807.57      -3.8479     253.9240
 3808.60      -5.2397     271.5330
 3809.64      -3.8417     263.0600
 3810.68      13.5640     256.0870
 3811.72      27.1879     301.5030
 3812.75      19.2700     299.4420
 3813.79      25.1692     300.7880
 3814.83      29.0266     298.7470
 3815.87      -8.8228     257.3380
 3816.90       1.0663     269.6890
 3817.94      31.3087     303.4230
 3818.98      38.4071     297.7460
 3820.02      15.2239     261.1750
 3821.06      -6.4920     222.7150
 3822.09      12.3157     243.0490
 3823.13      20.9280     251.8640
 3824.17       1.2982     206.6270
 3825.21       6.9970     199.4540
 3826.24      22.2007     234.5270
 3827.28      28.7587     238.6780
 3828.32      -9.5501     209.3720
 3829.36      -5.6156     239.5130
 3830.40      16.5731     253.8090
 3831.43     -20.3805     210.0410
 3832.47     -24.7240     194.8310
 3833.51      19.0685     237.7480
 3834.55      30.5503     251.8190
 3835.58      25.1148     243.1280
 3836.62      19.9349     224.6110
 3837.66      12.2401     203.4060
 3838.70      22.9750     209.5440
 3839.74     -16.4059     164.1120
 3840.77     -15.5923     153.5050
 3841.81       8.1504     177.9350
 3842.85      -0.4022     164.8040
 3843.89      -0.9517     168.2030
 3844.92      -4.2052     166.6620
 3845.96       2.6990     180.1770
 3847.00      13.4763     181.7790
 3848.04      19.8824     193.9170
 3849.07      17.5779     179.3600
 3850.11       8.0731     168.4370
 3851.15       3.7686     149.5250
 3852.19       6.6756     154.0330
 3853.23       8.6839     158.4870
 3854.26      20.9814     165.2960
 3855.30      13.6879     163.6940
 3856.34       4.3045     160.8300
 3857.38      -1.4948     146.0500
 3858.41      16.5093     154.5200
 3859.45       6.8462     134.5910
 3860.49     -19.4297     107.2670
 3861.53      -9.6968     138.8670
 3862.57       7.7465     159.2170
 3863.60      -8.0535     126.1380
 3864.64       4.2904     138.8270
 3865.68       4.8097     148.5280
 3866.72     -15.8655     125.4730
 3867.75       2.8953     135.1910
 3868.79       8.2160     151.2640
 3869.83      11.4208     148.7690
 3870.87       4.7142     137.8240
 3871.91       8.3885     137.3840
 3872.94      -4.1750     116.1190
 3873.98      -2.4812     144.3880
 3875.02      16.6257     215.4540
 3876.06       0.7252     150.9300
 3877.09      -3.2385     117.1470
 3878.13       6.3667     139.7020
 3879.17      13.3026     148.6460
 3880.21       8.4113     133.0610
 3881.24     -12.8328     104.4410
 3882.28      -8.1404     111.9890
 3883.32       2.1467     115.4930
 3884.36      -2.8860     109.6890
 3885.40      -6.0301      97.9011
 3886.43      -3.9599      92.9183
 3887.47       4.0875     104.0650
 3888.51      -4.4177     101.5630
 3889.55       4.0868     111.1040
 3890.58       4.6778     112.3900
 3891.62      18.4058     122.2940
 3892.66       7.2470     112.5460
 3893.70     -11.0510      84.1000
 3894.74     -12.6674      98.9947
 3895.77      -7.5171     137.4380
 3896.81      -3.5655     108.0100
 3897.85      -8.4100      86.3595
 3898.89      -9.5492      97.1496
 3899.92      -0.2559     107.9910
 3900.96       2.0346     153.0170
 3902.00       7.7766     127.6290
 3903.04      -3.3937      95.3572
 3904.07     -12.7282      93.2795
 3905.11      -3.7517     108.2740
 3906.15       0.7710     122.0530
 3907.19      -9.6239     111.2310
 3908.23       1.4345     123.7810
 3909.26       6.2166     128.6000
 3910.30      -8.7364     106.9230
 3911.34      10.5634     120.0930
 3912.38       4.0644     112.7030
 3913.41      -9.2180      97.4149
 3914.45       7.0973     102.9350
 3915.49      23.1286     118.9800
 3916.53       6.5704     102.8310
 3917.57      -1.5806      95.8924
 3918.60       3.3555      99.2759
 3919.64      11.5583     102.2350
 3920.68      14.7481      97.1657
 3921.72       2.0602      87.0333
 3922.75      -1.0730      82.3900
 3923.79       1.5533      80.9345
 3924.83     -14.4006      70.5483
 3925.87     -10.2780      68.7007
 3926.91       2.1931      76.1639
 3927.94      13.8399      81.4717
 3928.98       9.5276      77.0061
 3930.02      -6.2912      60.0527
 3931.06       0.7098      61.0345
 3932.09       2.6741      59.2536
 3933.13      -6.2460      51.0337
 3934.17      -6.0102      50.5241
 3935.21      -3.8724      50.0299
 3936.24      -2.1302      51.6656
 3937.28      -5.2012      52.8374
 3938.32      -6.1456      58.8652
 3939.36      -3.5662      61.1280
 3940.40       4.9672      68.5462
 3941.43       8.0776      69.3467
 3942.47      -3.2737      65.1281
 3943.51      -2.0010      67.0941
 3944.55       8.4381      72.5773
 3945.58      11.0200      68.0773
 3946.62       7.6147      67.1387
 3947.66      -1.6422      62.0778
 3948.70       1.2112      61.1694
 3949.74       9.8609      66.1839
 3950.77      -2.3235      56.0490
 3951.81      -1.6195      61.8815
 3952.85      10.9168      68.5988
 3953.89      12.8661      64.9322
 3954.92       2.0366      61.1079
 3955.96      -3.7970      57.4541
 3957.00       7.0962      64.5158
 3958.04      13.5140      68.4822
 3959.08       4.5815      59.7986
 3960.11      -7.1932      52.0138
 3961.15      -1.3280      56.6500
 3962.19       5.2133      59.8624
 3963.23      -1.5489      54.9706
 3964.26      -3.3038      49.9435
 3965.30      -1.0011      48.9162
 3966.34       0.8820      50.0860
 3967.38       4.6624      49.3953
 3968.41       6.5581      51.4949
 3969.45       4.5486      48.1109
 3970.49       4.7687      50.3808
 3971.53       3.2916      49.9411
 3972.57      -1.6023      45.7614
 3973.60      -1.0818      47.5798
 3974.64      -0.2884      52.9915
 3975.68      -6.5958      56.0670
 3976.72     -16.1154      51.8873
 3977.75       0.8319      57.2223
 3978.79      14.5478      65.1809
 3979.83       8.9813      66.4983
 3980.87       6.3935      64.2073
 3981.91       9.7965      59.7830
 3982.94       6.1685      65.3303
 3983.98       9.5335      69.4679
 3985.02       5.5514      61.9740
 3986.06      -5.2290      57.8003
 3987.09      -4.9117      58.8590
 3988.13       4.0070      63.0962
 3989.17      -4.5401      54.7632
 3990.21      -3.9983      57.2649
 3991.25       8.5790      63.3794
 3992.28       3.2706      60.6749
 3993.32       4.5011      62.4777
 3994.36       8.0206      63.7023
 3995.40       2.3426      58.5973
 3996.43      -0.3877      54.7751
 3997.47      -0.0087      56.1774
 3998.51       6.0111      64.8548
 3999.55       0.9140      66.2403
 4000.58     -10.8031      58.0053
 4001.62      -6.6696      58.0193
 4002.66       2.7424      65.9692
 4003.70      10.2004      71.9863
 4004.74      -3.2889      61.2330
 4005.77      -7.1417      59.0043
 4006.81       0.9443      71.9508
 4007.85      -3.4875      73.9667
 4008.89      -6.0048      68.0279
 4009.92      -6.1778      63.1791
 4010.96      -9.1515      64.6681
 4012.00      -1.3614      72.4730
 4013.04       1.1873      71.2473
 4014.08       6.7863      71.8033
 4015.11      15.8113      77.7195
 4016.15       7.9085      73.9897
 4017.19       2.5415      67.5150
 4018.23       3.2299      68.9400
 4019.26       1.6436      69.6403
 4020.30      -3.9270      65.0831
 4021.34       4.6769      71.4571
 4022.38       3.7991      71.3356
 4023.42       5.5532      67.8868
 4024.45       7.9294      65.7810
 4025.49      -2.7712      60.3297
 4026.53       1.2077      64.7187
 4027.57       5.9261      68.9451
 4028.60      13.2543      71.8644
 4029.64      11.9702      69.0274
 4030.68      -4.5987      59.3551
 4031.72      -0.1703      60.2874
 4032.75       6.2511      63.0714
 4033.79       9.2863      61.4013
 4034.83      -1.9857      57.3796
 4035.87      -2.9770      59.6932
 4036.91       1.5686      62.9161
 4037.94       4.8700      67.1292
 4038.98       5.5887      65.3460
 4040.02      11.3357      69.5035
 4041.06       4.5948      67.2819
 4042.09       0.7954      69.9742
 4043.13      17.7397      79.3047
 4044.17      -2.3043      65.9930
 4045.21       3.3791      66.9461
 4046.25       3.9096      65.2478
 4047.28     -13.1212      55.2743
 4048.32      -5.2260      60.2233
 4049.36      -2.4637      62.2268
 4050.40       8.0955      69.1534
 4051.43      11.7761      69.7127
 4052.47      10.5398      63.5753
 4062.85      -3.4425      54.2020
 4063.89      13.5983      67.7896
 4064.92      11.3662      68.8782
 4065.96       4.4241      64.3809
 4067.00       6.3127      63.3975
 4068.04      -4.8838      56.0640
 4069.08       3.9280      61.3717
 4070.11      -2.1377      59.5314
 4071.15      -1.3143      54.8370
 4072.19      -1.8385      55.5997
 4073.23       6.8010      57.0866
 4074.26      -3.0691      50.4090
 4075.30      -5.2175      50.8204
 4076.34      -7.0083      53.6425
 4077.38      -4.6408      52.5476
 4078.42      -8.8320      47.2861
 4079.45      -1.0137      53.0508
 4080.49      -5.6673      52.5619
 4081.53      -0.0282      54.7785
 4082.57       9.4079      61.6679
 4083.60       3.3660      55.7524
 4084.64      -0.7409      51.1556
 4085.68      -3.9516      53.7020
 4086.72       0.5297      56.2638
 4087.75       4.5390      56.6641
 4088.79       0.5253      50.6074
 4089.83      -6.2568      45.5419
 4090.87       4.9341      53.8617
 4091.91      11.9862      59.6229
 4092.94      18.9332      60.5602
 4093.98       6.8262      53.3292
 4095.02      -5.7953      44.2418
 4096.06     -15.8956      41.5606
 4097.09     -10.2374      44.6029
 4098.13       3.7086      48.8360
 4099.17       4.2006      47.3293
 4100.21      12.6747      54.2563
 4101.25       5.5163      49.0262
 4102.28      -3.5951      42.7619
 4103.32      10.0274      47.0424
 4104.36       4.4339      45.4015
 4105.40       2.1979      44.6641
 4106.43       4.4630      47.0600
 4107.47       3.0412      45.3835
 4108.51      -3.9879      41.5824
 4109.55       4.3954      47.8967
 4110.58       1.5324      43.4071
 4111.62      -4.7742      36.5360
 4112.66      -7.1843      35.9150
 4113.70      -4.9118      41.4860
 4114.74      10.1987      48.5058
 4115.77       8.4650      48.1904
 4116.81       8.2239      46.9888
 4117.85       9.7425      46.1829
 4118.89       7.8547      44.1310
 4119.92       7.7415      46.1502
 4120.96       4.7672      43.4566
 4122.00      -2.4645      41.2217
 4123.04      -1.8131      42.2493
 4124.08       6.0242      46.2696
 4125.11      11.9861      49.0391
 4126.15      -7.2070      38.5850
 4127.19       9.5898      47.7238
 4128.23       3.9303      45.4705
 4129.26       3.7178      46.4313
 4130.30       9.3958      47.7494
 4131.34      -1.1890      42.2320
 4132.38      -7.5314      37.3823
 4133.42       5.5256      45.3088
 4134.45      -1.4901      42.7420
 4135.49      -0.3930      45.5784
 4136.53       1.2773      44.9621
 4137.57       2.6893      44.5463
 4138.60       3.8790      46.8100
 4139.64       0.4252      43.3259
 4140.68      -0.2326      43.8254
 4141.72      14.0889      47.3304
 4142.75       5.6916      41.1323
 4143.79      -0.4712      38.7932
 4144.83       8.2616      43.9273
 4145.87      -1.6056      39.1471
 4146.91      -2.5446      39.3964
 4147.94     -13.8379      33.7755
 4148.98       4.2736      42.0233
 4150.02       5.6424      42.7100
 4151.06       1.6651      38.9259
 4152.09     -13.3959      33.6575
 4153.13      -6.4095      37.1408
 4154.17      19.7740      50.4957
 4155.21       8.1391      47.0658
 4156.25     -10.0828      38.9872
 4157.28      -2.4334      44.3332
 4158.32      -2.3315      42.7629
 4159.36       6.8477      48.2737
 4160.40     -12.7650      37.9337
 4161.43       4.1767      44.0081
 4162.47      -1.1123      42.4278
 4163.51       2.4377      45.7916
 4164.55       2.7217      47.3636
 4165.59       0.4926      49.0723
 4166.62       0.6143      46.7931
 4167.66       9.5231      49.6955
 4168.70      10.2660      51.4182
 4169.74       0.2258      47.0044
 4170.77       4.4622      48.3662
 4171.81       1.6566      44.7593
 4172.85     -14.4828      36.0284
 4173.89       4.3764      44.4035
 4174.92      -1.4593      39.8167
 4175.96       3.7528      40.8412
 4177.00       3.2523      41.0912
 4178.04       2.2574      41.7712
 4179.08      -0.3854      39.1786
 4180.11       7.0202      41.8537
 4181.15      -5.5435      37.7919
 4182.19      -8.1780      35.5333
 4183.23       0.2861      36.6907
 4184.26      -2.1802      34.8722
 4185.30       8.6803      40.4070
 4186.34      13.9522      40.4370
 4187.38       0.0644      34.9839
 4188.42       3.5239      37.1599
 4189.45       8.9991      38.7854
 4190.49      11.5410      38.8494
 4191.53       4.9414      38.0538
 4192.57      -7.7098      32.9919
 4193.60      -0.3128      35.3874
 4194.64       3.2263      34.4591
 4195.68       8.6256      36.7354
 4196.72      -0.6484      31.7055
 4197.76       4.1913      34.6301
 4198.79      -1.2604      31.2801
 4199.83      -3.3910      28.6637
 4200.87      -4.9349      27.3595
 4201.91       7.1593      33.6461
 4202.94      11.5626      36.4840
 4203.98       3.1472      30.8470
 4205.02      -0.3321      30.4276
 4206.06      -4.6537      31.5341
 4207.09      -2.5136      33.2515
 4208.13       3.0219      36.3403
 4209.17       3.8668      34.4466
 4210.21      12.6035      37.1297
 4211.25       3.6064      33.0527
 4212.28       0.1774      32.7891
 4213.32       7.7555      36.0779
 4214.36       3.5667      32.5025
 4215.40       6.8092      34.0143
 4216.43      -1.9157      30.8401
 4217.47       3.8527      33.9514
 4218.51       2.9087      32.9956
 4219.55      -1.4877      28.7848
 4220.59      -5.1013      28.4601
 4221.62       0.2678      30.6752
 4222.66       2.4545      31.7771
 4223.70       5.6967      32.3094
 4224.74       4.1839      31.4033
 4225.77       0.7073      28.0845
 4226.81       3.6427      29.4213
 4227.85      14.2594      33.2332
 4228.89      10.7722      33.6758
 4229.93       6.7843      31.7808
 4230.96       1.6116      29.4862
 4232.00      -0.5880      29.6755
 4233.04      -0.9406      28.5831
 4234.08       4.5452      29.9514
 4235.11       4.9967      29.9965
 4236.15       0.7092      28.3220
 4237.19       1.2480      28.5272
 4238.23       1.4262      27.3388
 4239.26       1.0255      27.8115
 4240.30      10.5639      31.0967
 4241.34       5.9947      29.2853
 4242.38       4.5246      28.7556
 4243.42       2.5801      28.6136
 4244.45      -3.1251      25.7182
 4245.49       1.3984      28.5694
 4246.53       1.9137      30.4164
 4247.57       2.4339      30.8445
 4248.60      10.4196      32.9494
 4249.64       3.3990      29.1971
 4250.68       7.8412      31.6540
 4251.72       8.3706      31.9900
 4252.76       4.5618      31.3982
 4253.79       1.1575      29.0582
 4254.83       2.7523      29.4918
 4255.87      -0.6942      28.8055
 4256.91       9.0408      32.2128
 4257.94       8.2721      31.4717
 4258.98      -1.7358      27.4007
 4260.02      -4.1824      25.2678
 4261.06      -4.9099      25.2239
 4262.10      -0.9673      25.8001
 4263.13       0.7819      27.6532
 4264.17      -0.2221      28.3860
 4265.21       3.1051      29.3206
 4266.25       4.4500      29.2695
 4267.28      -0.3388      28.1052
 4268.32       3.8641      29.3552
 4269.36       7.5237      30.0604
 4270.40       1.5560      26.8299
 4271.43       0.5137      25.4136
 4272.47      -2.9724      24.8039
 4273.51      -6.3508      24.3086
 4274.55      -7.7760      22.7810
 4275.59      -5.3945      24.4060
 4276.62      -2.0387      25.6010
 4277.66      -3.4596      24.6454
 4278.70       3.1849      27.3339
 4279.74       5.2917      27.6518
 4280.77      -2.9264      24.5661
 4281.81      -4.5240      23.5596
 4282.85      -2.5294      23.7059
 4283.89      -6.9653      22.6739
 4284.93      -9.5708      21.6266
 4285.96      -1.4987      23.9241
 4287.00       4.1838      26.1741
 4288.04       2.4062      24.4687
 4289.08       2.7530      23.0499
 4290.11       2.7221      23.1036
 4291.15      -2.5295      21.6660
 4292.19      -4.0073      22.1815
 4293.23       5.2625      25.7305
 4294.27       3.7002      25.7892
 4295.30       3.8104      25.7676
 4296.34       3.3744      24.5101
 4297.38      -4.2143      20.8195
 4298.42      -4.7834      20.6913
 4299.45      -3.4731      19.0295
 4300.49      -4.0217      18.4181
 4301.53       2.1520      20.9234
 4302.57       5.4702      21.8415
 4303.60       3.4265      20.9626
 4304.64       7.6953      21.8227
 4305.68       3.4053      20.3675
 4306.72      -4.4866      18.1829
 4307.76       0.5387      21.1333
 4308.79       0.7940      20.3852
 4309.83      -2.4182      19.0908
 4310.87      -0.4410      19.8150
 4311.91      -1.5233      19.3956
 4312.94       3.4804      21.8086
 4313.98       5.1410      23.5225
 4315.02       8.1178      25.7050
 4316.06       2.9390      25.5417
 4317.10      -1.2354      23.7367
 4318.13       0.1620      24.2220
 4319.17      -2.1373      22.5775
 4320.21      -0.2985      23.6252
 4321.25       6.2591      25.2108
 4322.28       8.3505      23.9712
 4323.32       4.6915      22.5981
 4324.36       5.4839      23.3523
 4325.40       4.4884      21.8355
 4326.44       4.8365      22.3830
 4327.47       1.6558      22.9314
 4328.51       1.1336      23.3823
 4329.55       9.2467      24.8604
 4330.59       2.1286      22.8370
 4331.62      -1.7456      21.6412
 4332.66       2.3082      23.1901
 4333.70      -0.1864      21.6357
 4334.74      -5.0587      21.1001
 4335.77       2.2756      22.9530
 4336.81       7.1622      23.9054
 4337.85       4.8621      23.0855
 4338.89      -2.6249      18.8331
 4339.93       1.7149      19.4844
 4340.96       4.4913      21.3551
 4342.00       4.7805      21.7288
 4343.04      -1.1818      20.3883
 4344.08       0.1497      21.9788
 4345.11      -1.0590      23.2067
 4346.15       1.3306      21.8999
 4347.19      11.7038      25.5497
 4348.23       8.7928      25.4899
 4349.27       1.6043      22.7607
 4350.30       4.0224      22.9150
 4351.34       8.9860      23.5877
 4352.38       2.6819      21.1412
 4353.42       4.6695      20.9412
 4354.45      -1.9021      19.8984
 4355.49      -2.1661      20.7403
 4356.53       3.1756      22.1020
 4357.57       1.2823      23.1879
 4358.60      -0.8500      21.7925
 4359.64      -4.9696      19.8703
 4360.68      -1.2842      21.1315
 4361.72       3.0970      22.6877
 4362.76       4.0086      22.6037
 4363.79       2.2904      22.2988
 4364.83       4.8522      22.3422
 4365.87       0.0320      21.4617
 4366.91      -3.9645      20.3470
 4367.94      -0.5103      20.3991
 4368.98       0.9023      21.2032
 4370.02      -1.2877      19.9415
 4371.06       2.0343      19.2974
 4372.10       7.8681      21.6781
 4373.13       4.9911      22.3062
 4374.17       5.8985      22.4764
 4375.21      10.3996      23.9643
 4376.25       7.4423      23.5601
 4377.28       5.2818      24.2581
 4378.32       5.9515      24.0260
 4379.36       2.3379      21.9609
 4380.40       4.3114      22.2003
 4381.44       0.6238      20.9667
 4382.47      -6.0010      18.3430
 4383.51      -1.4706      19.0822
 4384.55      -0.6732      18.5205
 4385.59       1.9344      19.6482
 4386.62      -3.5480      19.2441
 4387.66       1.9353      21.0074
 4388.70       1.9553      20.3866
 4389.74       2.2687      20.8203
 4390.77      -0.7619      18.8382
 4391.81      -3.0472      19.7828
 4392.85      -6.4524      18.6548
 4393.89      -0.3008      19.5666
 4394.93       0.6387      20.1924
 4395.96       1.7552      20.3334
 4397.00       5.2403      21.7480
 4398.04       3.2238      20.8344
 4399.08       2.3266      20.7417
 4400.11       3.7273      21.3594
 4401.15       5.0237      21.6033
 4402.19       5.3867      22.2716
 4403.23       5.3039      22.9527
 4404.27       0.3021      22.0277
 4405.30      -1.7778      21.9821
 4406.34       7.6367      25.6358
 4407.38       4.3870      24.9395
 4408.42       6.9403      26.0367
 4409.45      -2.8012      22.6217
 4410.49       0.1191      23.5997
 4411.53       0.8909      24.2450
 4412.57       7.0508      25.1076
 4413.61      -1.0722      22.2507
 4414.64       3.0352      23.1859
 4415.68       8.4831      25.2161
 4416.72       6.9222      25.1924
 4417.76      -8.8339      19.8590
 4418.79      -7.9061      20.4551
 4419.83       4.0904      25.1719
 4420.87      -5.2212      22.3280
 4421.91      -8.5639      22.3244
 4422.94      -1.7025      23.0678
 4423.98       1.4996      23.0471
 4425.02       2.0709      23.5816
 4426.06      -1.4569      22.8012
 4427.10      -1.9427      22.6940
 4428.13       3.9280      23.6737
 4429.17       8.8927      24.6559
 4430.21      -0.6368      21.1202
 4431.25       2.8230      22.4450
 4432.28       4.6417      23.4596
 4433.32      -0.8900      21.4177
 4434.36       2.2685      20.7876
 4435.40       0.9615      19.9899
 4436.44      -2.0851      19.9593
 4437.47       3.1106      22.9800
 4438.51       0.6122      22.5563
 4439.55       2.4395      22.2187
 4440.59       1.0468      22.0635
 4441.62      -3.5085      18.6638
 4442.66       0.7931      19.6162
 4443.70       3.8305      20.6691
 4444.74      -0.4407      20.5764
 4445.78       3.7365      21.8734
 4446.81      -1.1114      21.3494
 4447.85      -0.6962      20.3831
 4448.89      -1.9721      19.0314
 4449.93      -0.0787      19.4707
 4450.96       5.5091      20.6534
 4452.00       2.7914      19.9612
 4453.04      -1.6861      18.1917
 4454.08      -2.2057      17.7884
 4455.11      -0.7618      18.2478
 4456.15      -1.3934      17.2245
 4457.19       2.2121      18.5004
 4458.23       0.7941      19.0309
 4459.27       0.6970      17.9164
 4460.30       1.6279      17.6143
 4461.34      -1.6249      18.1120
 4462.38       6.6849      18.9687
 4463.42       0.8860      17.6267
 4464.45      -4.3152      17.7116
 4465.49       2.8804      19.6019
 4466.53       6.3320      20.6944
 4467.57       1.5740      18.8942
 4468.61      -0.8386      17.6318
 4469.64      -4.0670      16.7860
 4470.68      -0.4785      17.1895
 4471.72       5.7105      18.9137
 4472.76       3.7030      18.8523
 4473.79      -2.3975      17.9055
 4474.83       6.4549      19.5054
 4475.87       5.9602      18.6260
 4476.91       2.3990      18.6691
 4477.95       5.6773      19.4502
 4478.98       0.9100      19.1660
 4480.02      -1.3034      17.3250
 4481.06       3.2453      17.2595
 4482.10       0.8010      17.4335
 4483.13      -5.4724      16.1221
 4484.17      -7.8311      16.3188
 4485.21      -4.5497      17.9820
 4486.25       0.9878      18.9951
 4487.28       1.7713      18.4032
 4488.32       2.3738      19.4140
 4489.36       5.7246      19.3874
 4490.40       0.7543      17.3703
 4491.44      -0.3276      17.8366
 4492.47       6.7594      20.2315
 4493.51      -2.4982      17.6632
 4494.55      -3.4469      17.8971
 4495.59      -0.7740      18.7997
 4496.62      -7.5998      16.5262
 4497.66      -2.6670      17.7794
 4498.70      -1.1173      18.0356
 4499.74       3.0512      19.3488
 4500.78      -1.3579      17.6854
 4501.81     -10.9898      15.7576
 4502.85      -4.9836      17.8549
 4503.89       1.6893      18.9846
 4504.93       6.3186      19.9683
 4505.96       3.1431      20.2785
 4507.00       6.1565      21.3104
 4508.04       0.9023      19.1137
 4509.08      -1.8184      18.5295
 4510.12      -3.9614      17.7779
 4511.15      -4.1268      18.0984
 4512.19       1.3813      19.2406
 4513.23       0.1198      18.1337
 4514.27      -1.1689      17.9395
 4515.30       0.5840      18.6548
 4516.34       4.6326      19.8578
 4517.38      -2.3847      18.1050
 4518.42      -0.9980      18.2726
 4519.45       1.1377      18.2929
 4520.49      -5.9826      17.1240
 4521.53      -4.1375      18.5648
 4522.57       2.3378      19.9809
 4523.61       0.1619      19.1133
 4524.64       2.0689      19.3783
 4525.68       0.6658      18.3751
 4526.72      -2.5092      16.9133
 4527.76       0.6230      17.8888
 4528.79       3.3255      19.2476
 4529.83       2.3932      19.4366
 4530.87      -1.4113      18.6649
 4531.91       2.4089      20.6315
 4532.95       4.6030      21.1167
 4533.98       1.7220      19.2634
 4535.02       1.6506      18.5283
 4536.06       7.3510      19.7915
 4537.10       7.3309      19.9147
 4538.13       4.2629      19.8705
 4539.17       2.3486      19.5594
 4540.21       3.6919      19.7610
 4541.25       4.7522      20.0554
 4542.29       0.7813      18.7332
 4543.32      -0.6396      18.5202
 4544.36      -1.6187      17.9910
 4545.40      -7.0741      16.5855
 4546.44      -5.4570      16.8898
 4547.47       0.6004      18.2743
 4548.51       2.7438      17.9157
 4549.55       0.6765      17.3230
 4550.59       2.2623      17.8510
 4551.62      -0.3015      17.7058
 4552.66      -0.5030      17.5979
 4553.70       2.8073      18.5036
 4554.74       3.0668      18.4247
 4555.78       5.7896      18.2460
 4556.81       8.5003      18.8204
 4557.85       2.2106      18.2666
 4558.89      -0.0877      17.6899
 4559.93       3.8215      18.3548
 4560.96       2.0870      18.0005
 4562.00       1.2220      17.4485
 4563.04       9.6305      19.3380
 4564.08      10.1177      19.4699
 4565.12       3.2558      17.5925
 4566.15       0.2882      16.4281
 4567.19       3.7238      17.4162
 4568.23       3.0725      17.2752
 4569.27      -2.4495      16.5541
 4570.30       0.6605      16.3732
 4571.34      -1.6931      15.0648
 4572.38      -4.8859      14.3143
 4573.42       2.0493      16.4992
 4574.46       6.1680      18.2433
 4575.49       7.2511      18.4565
 4576.53       4.1403      17.2844
 4577.57       4.8347      18.3477
 4578.61      10.1869      19.5640
 4579.64       6.8360      18.3863
 4580.68       7.7367      18.6445
 4581.72       8.7571      18.8504
 4582.76       2.3625      17.8466
 4583.79       1.7758      17.3184
 4584.83       5.5804      17.8961
 4585.87       7.3627      18.4676
 4586.91       3.2517      17.5169
 4587.95       8.3477      18.3099
 4588.98       1.2622      16.8738
 4590.02      -4.1562      15.2060
 4591.06       6.2894      17.4422
 4592.10       3.5553      16.0363
 4593.13      -6.7303      13.4936
 4594.17      -5.9495      14.4063
 4595.21       2.1921      16.0111
 4596.25      -1.6485      14.6241
 4597.29      -3.4432      14.6288
 4598.32       1.9823      15.7852
 4599.36       4.8501      15.7487
 4600.40       2.1352      15.2990
 4601.44      -0.9930      14.8973
 4602.47       2.8610      16.0039
 4603.51      10.4552      17.8284
 4604.55       6.0069      17.1888
 4605.59      -5.2929      14.2164
 4606.62      -2.9246      14.0399
 4607.66       0.5233      15.4468
 4608.70       0.3687      15.4520
 4609.74       5.8341      16.7286
 4610.78       5.6009      17.0885
 4611.81      -0.4002      15.3771
 4612.85       3.1234      15.5164
 4613.89       1.2332      15.0836
 4614.93      -2.9594      14.7408
 4615.96       1.0097      16.0670
 4617.00       2.2459      15.7806
 4618.04      -0.0278      15.4226
 4619.08      -2.5047      14.7988
 4620.12       0.1422      15.2429
 4621.15      -0.7131      15.5135
 4622.19       1.6762      16.4927
 4623.23       8.7475      17.9594
 4624.27       5.8313      16.8597
 4625.30       3.1030      15.9842
 4626.34       3.0909      15.3791
 4627.38       0.5947      15.1615
 4628.42       4.1092      16.3799
 4629.46       3.9781      16.5641
 4630.49       2.3532      15.8124
 4631.53       1.1975      15.5194
 4632.57      -0.1753      15.6667
 4633.61      -4.5828      14.3062
 4634.64      -4.8669      13.6692
 4635.68       1.2459      15.1048
 4636.72       1.4289      15.2949
 4637.76      -0.9383      14.3991
 4638.79       3.8621      15.2463
 4639.83       3.7593      15.3036
 4640.87       4.8523      15.6693
 4641.91       1.9240      14.8759
 4642.95      -1.0340      13.9282
 4643.98      -1.8856      14.1833
 4645.02       6.3117      16.2732
 4646.06       8.9808      16.2111
 4647.10       7.2332      15.2142
 4648.13      -0.5325      13.2803
 4649.17      -2.7367      12.8948
 4650.21       1.4358      14.2707
 4651.25       1.8358      15.1225
 4652.29       4.5691      14.9405
 4653.32       3.1596      14.3570
 4654.36       1.3355      14.2695
 4655.40       0.8389      14.3549
 4656.44       1.7554      14.8610
 4657.47       3.4771      15.8691
 4658.51       2.9925      16.8737
 4659.55       1.0557      15.9365
 4660.59      -3.4911      14.5485
 4661.62      -1.8295      15.3281
 4662.66       0.6925      15.0352
 4663.70       0.0524      14.3210
 4664.74       0.8626      13.8856
 4665.78       8.5455      16.0515
 4666.81       9.8120      30.4295
 4667.85       8.8126      43.8468
 4668.89      10.3948      31.8849
 4669.93       8.4094      19.8280
 4670.96       3.8194      14.8303
 4672.00       0.2722      15.4921
 4673.04      -5.6631      13.8743
 4674.08       4.2449      15.8503
 4675.12       7.8437      16.3452
 4676.15       2.0697      15.5472
 4677.19       1.7335      14.8697
 4678.23       1.5866      14.4973
 4679.27       0.2888      14.1574
 4680.30       2.5451      14.6070
 4681.34       6.8144      15.9027
 4682.38       5.1551      16.4136
 4683.42       1.0690      14.2238
 4684.46      -2.2786      13.5530
 4685.49       0.0249      14.1382
 4686.53       0.5865      14.6250
 4687.57       5.9407      15.7930
 4688.61      10.0651      15.8647
 4689.64       6.7269      15.0040
 4690.68       2.4062      14.3761
 4691.72       2.0939      14.1481
 4692.76       1.1217      13.7584
 4693.79      -0.6307      13.5079
 4694.83      -2.8719      12.9328
 4695.87       1.2533      14.0452
 4696.91      -3.3337      13.5213
 4697.95       1.5458      13.7048
 4698.98       0.2916      13.0259
 4700.02       3.6601      13.4524
 4701.06       1.1986      13.0825
 4702.10       0.1893      13.1956
 4703.13       0.1558      13.4921
 4704.17      -3.9855      12.1862
 4705.21       1.7478      13.2091
 4706.25      -0.2612      13.0672
 4707.29       3.8858      13.6470
 4708.32      -0.7783      12.8625
 4709.36      -2.6816      12.5687
 4710.40      -0.3459      13.3202
 4711.44       0.7336      13.6295
 4712.47      -0.7086      12.9038
 4713.51      -0.2460      13.5339
 4714.55      -0.7329      12.5825
 4715.59       0.9800      12.9569
 4716.62       2.4435      14.0552
 4717.66       3.9372      14.1932
 4718.70      -0.0964      13.3704
 4719.74      -2.5337      12.7683
 4720.78       0.8091      12.8620
 4721.81       3.6802      13.2938
 4722.85       7.7692      14.4513
 4723.89      -0.6493      12.8573
 4724.93       0.2755      13.3756
 4725.96       1.4825      13.3307
 4727.00       2.7106      13.4912
 4728.04       4.8952      13.4010
 4729.08       3.3230      13.0858
 4730.12      -2.5177      11.9476
 4731.15      -0.8228      12.1403
 4732.19       1.3382      13.3130
 4733.23       0.2072      12.9305
 4734.27       2.4957      12.8256
 4735.30       0.4546      12.6179
 4736.34      -1.5929      12.2799
 4737.38       0.4771      12.1921
 4738.42      -2.2043      12.2512
 4739.46       2.0245      12.8827
 4740.49       3.6244      12.6316
 4741.53       2.5205      12.9041
 4742.57       4.4475      13.8586
 4743.61      -0.4868      12.4039
 4744.64      -1.1228      12.1485
 4745.68       5.6977      13.6719
 4746.72       5.9293      13.5168
 4747.76       7.4883      13.9368
 4748.80      -1.1966      11.9991
 4749.83       0.5973      12.4845
 4750.87       4.7908      13.3370
 4751.91       5.6849      13.6986
 4752.95      -3.6328      11.6020
 4753.98       0.8973      12.6229
 4755.02       2.1212      12.4593
 4756.06      -4.4767      10.4714
 4757.10      -1.9915      11.5020
 4758.13      -0.9740      12.0333
 4759.17      -0.0401      11.9117
 4760.21       2.4842      12.6129
 4761.25       5.1596      13.6734
 4762.29       8.4755      13.9457
 4763.32       0.1899      11.5395
 4764.36      -4.1698      11.0149
 4765.40      -1.3257      11.2077
 4766.44      -6.3715      10.1222
 4767.47      -3.2035      11.1233
 4768.51      -3.9188      11.2433
 4769.55       1.8664      12.5869
 4770.59      -0.3944      11.5168
 4771.63       0.0079      12.1134
 4772.66       1.3709      11.9788
 4773.70      -3.8332      11.2149
 4774.74      -2.0386      11.9966
 4775.78       1.1814      12.4625
 4776.81      -1.4350      11.6194
 4777.85      -2.7614      11.7849
 4778.89       1.5037      12.5653
 4779.93      -1.2875      11.9695
 4780.97      -0.7372      12.0967
 4782.00       1.4809      12.3999
 4783.04      -2.3909      11.2561
 4784.08       2.9547      12.3064
 4785.12      -1.5416      11.4530
 4786.15       1.8082      11.9976
 4787.19       7.8037      13.4919
 4788.23      -2.2751      11.9524
 4789.27      -0.9300      11.3388
 4790.30      -0.9226      11.5714
 4791.34      -1.4401      11.5598
 4792.38       0.2205      11.9080
 4793.42       0.2492      12.6414
 4794.46       2.2871      12.4947
 4795.49       2.0653      12.5468
 4796.53       7.5607      14.3408
 4797.57       5.5641      13.0908
 4798.61      -1.0047      11.8288
 4799.64      -0.3136      11.8660
 4800.68       7.0306      13.1499
 4801.72       6.9866      13.3413
 4802.76       1.7167      12.6688
 4803.80       3.6796      13.4135
 4804.83      -5.9966      10.6259
 4805.87      -4.7922      10.4407
 4806.91       0.0311      11.6657
 4807.95       1.1339      12.0537
 4808.98      -1.9560      11.3114
 4810.02       3.2662      12.2630
 4811.06      -3.9158      10.8776
 4812.10       0.6663      12.2549
 4813.14       0.3024      12.3441
 4814.17       3.8795      12.8154
 4815.21      -0.3507      12.1684
 4816.25       9.4737      14.8912
 4817.29       4.2880      13.8887
 4818.32      -2.2990      12.7581
 4819.36      -0.7835      13.4933
 4820.40       8.4446      14.8842
 4821.44       9.0040      14.9177
 4822.47      -0.2072      12.8911
 4823.51       1.1272      12.9237
 4824.55       7.8992      14.3244
 4825.59       1.9242      13.1286
 4826.63       1.2810      13.2660
 4827.66      -0.7239      12.8991
 4828.70      -0.9570      12.2708
 4829.74      -1.1610      12.5317
 4830.78       1.7129      12.7091
 4831.81       0.5518      13.1279
 4832.85       1.2510      13.2119
 4833.89       2.5670      13.2072
 4834.93       2.8287      13.4485
 4835.97      -0.9196      12.3335
 4837.00       2.0310      13.0691
 4838.04       1.4991      12.5788
 4839.08       0.5080      12.8941
 4840.12       5.5884      14.8295
 4841.15       5.5974      22.9335
 4842.19       6.1668      29.4054
 4843.23       8.8936      16.8271
 4844.27      11.4242      18.0402
 4845.31       5.2215      12.5314
 4846.34      -2.2741      12.0202
 4847.38      -0.6449      11.9219
 4848.42      -1.4717      11.2245
 4849.46       9.9238      12.9766
 4850.49       1.6532      11.4952
 4851.53      -3.2354      10.6551
 4852.57       1.9752      12.1529
 4853.61       1.2781      11.6111
 4854.64      -0.0912      10.3653
 4855.68      -0.8719      10.3005
 4856.72       1.7047      10.4366
 4857.76      -0.7638       9.5791
 4858.80       1.6414      10.0420
 4859.83       0.6345       9.9051
 4860.87      -0.1066       9.7836
 4861.91       3.7489      10.2640
 4862.95       0.9068      10.0128
 4863.98       1.6019      10.0317
 4865.02      -2.7301       9.0187
 4866.06       1.3066       9.9203
 4867.10       3.8582      10.6334
 4868.14      -0.2614       9.7355
 4869.17      -9.3465       8.1177
 4870.21      -1.8238       9.2304
 4871.25      -0.0130       9.4035
 4872.29       0.6216       9.0821
 4873.32       5.5312       9.9436
 4874.36       3.9412       9.8384
 4875.40      -0.1554       9.0223
 4876.44       1.5769       9.7982
 4877.48       3.6714       9.7484
 4878.51      -0.5404       8.9706
 4879.55       1.3863       9.9399
 4880.59       1.1072       9.7527
 4881.63       3.5633      10.5508
 4882.66      -2.4898       9.9790
 4883.70       2.1756      10.2792
 4884.74       4.6049      10.8370
 4885.78      -4.3644       8.7526
 4886.81       0.7397       9.6535
 4887.85       1.8315       9.9220
 4888.89      -1.6487       9.4882
 4889.93      -4.4569       8.8586
 4890.97       0.2510       9.8115
 4892.00       4.0464      10.5530
 4893.04       1.3978      10.2248
 4894.08      -0.4432      10.1705
 4895.12       8.5449      11.7022
 4896.15       1.1712      10.0588
 4897.19      -2.3816       9.8958
 4898.23      -0.7191      10.1156
 4899.27       6.1626      10.9020
 4900.31       3.2260      10.4931
 4901.34       3.4411      10.5506
 4902.38       0.9047      10.3714
 4903.42       7.3463      11.5310
 4904.46       1.5493      10.4834
 4905.49      -4.0138       9.9405
 4906.53       5.6678      11.3904
 4907.57       2.7973      10.5497
 4908.61      -0.5807       9.4411
 4909.65      -4.6842       8.6962
 4910.68       1.8469      10.0106
 4911.72       6.4062      11.2368
 4912.76       2.9042      10.6280
 4913.80      -0.5345      10.1184
 4914.83       0.4005      10.0363
 4915.87       0.0937       9.8254
 4916.91      -3.2839       9.5205
 4917.95       1.9522       9.9966
 4918.98       4.5196      10.3306
 4920.02       0.7495       9.4837
 4921.06       2.9765       9.8581
 4922.10      -0.5668       9.1729
 4923.14      -4.3722       8.9037
 4924.17      -5.7652       8.9029
 4925.21       1.1875      10.2964
 4926.25      -0.6013      10.0759
 4927.29       1.3289       9.9582
 4928.32       4.9848      10.4965
 4929.36      -1.8741       9.4229
 4930.40       0.1534       9.9381
 4931.44       4.8111      10.8896
 4932.48      -1.1572       9.5530
 4933.51       1.3526       9.8291
 4934.55       4.8682      10.3616
 4935.59       4.3209      10.1318
 4936.63      -2.6717       9.4900
 4937.66      -2.4955       9.4301
 4938.70      -0.0054       9.7892
 4939.74       1.8370       9.7291
 4940.78       4.3101      10.1792
 4941.81       2.2110      10.1259
 4942.85      -0.5052       9.6245
 4943.89       1.2296       9.9689
 4944.93      -0.9858       9.3752
 4945.97      -0.3099       9.7381
 4947.00       2.5232      10.0880
 4948.04       4.2533      10.3954
 4949.08      -3.2111       9.2866
 4950.12       2.1838      10.3037
 4951.15       4.9627      10.6911
 4952.19      -3.8746       9.0249
 4953.23       4.2431      11.0390
 4954.27      -0.1952      10.0090
 4955.31       0.5797       9.5982
 4956.34       9.0778      10.9229
 4957.38       5.9311      10.5126
 4958.42      -1.8153       9.1646
 4959.46       3.3450      10.3464
 4960.49      -1.5121       9.2379
 4961.53       4.6472      10.3207
 4962.57       3.4838      10.7816
 4963.61      -3.6483       9.2088
 4964.65      -0.8250       9.7203
 4965.68      -1.9527       9.4413
 4966.72       3.7929      10.6254
 4967.76      -0.3607       9.6178
 4968.80       0.9736      10.1181
 4969.83      -0.1043      10.0702
 4970.87       7.1571      11.2107
 4971.91       4.1968      10.5021
 4972.95       2.1764      10.1376
 4973.98      -0.2249       9.9625
 4975.02       0.2491       9.9357
 4976.06       4.3957      10.5134
 4977.10       2.8843      10.2461
 4978.14       1.1302      10.2215
 4979.17       1.4793       9.7781
 4980.21      -0.7742       9.0220
 4981.25       0.6609       9.3277
 4982.29       1.3528       9.2229
 4983.32      -1.5427       8.5464
 4984.36       3.2382       9.1601
 4985.40       5.5831       9.5655
 4986.44       1.1234       9.3599
 4987.48       5.5262      10.3804
 4988.51       3.6447       9.8132
 4989.55       1.3209       9.5263
 4990.59       0.4203       9.8217
 4991.63       1.0729       9.8178
 4992.66      -1.4656       9.4082
 4993.70       0.5170       9.3597
 4994.74       1.5214       9.8323
 4995.78       2.2054       9.8770
 4996.81       4.2323       9.7992
 4997.85       6.7619      10.3270
 4998.89      -0.0727       9.2404
 4999.93      -1.6353       8.7471
 5000.97       8.0603      10.3264
 5002.00      -7.7328       7.8382
 5003.04      -5.4535       8.4339
 5004.08       3.4744      10.1456
 5005.12       2.8963       9.4442
 5006.15       0.5681       8.9015
 5007.19      -0.4756       8.8173
 5008.23      -5.0216       8.0145
 5009.27      -3.8178       8.3996
 5010.31       0.0365       8.9151
 5011.34       1.0294       8.8307
 5012.38       2.1637       8.8484
 5013.42       0.9316       8.6260
 5014.46       5.7490       9.6168
 5015.49       6.3818       9.5770
 5016.53       2.2732       8.7840
 5017.57      -0.0188       8.0545
 5018.61      -1.8765       7.8537
 5019.65       1.4795       8.5945
 5020.68      -0.8240       8.5459
 5021.72      -2.9022       7.7330
 5022.76       4.0668       8.8106
 5023.80       0.9216       8.3215
 5024.83      -0.8645       8.4783
 5025.87       7.6848       9.5439
 5026.91       6.2238       9.1477
 5027.95      -0.3289       8.1555
 5028.98      -3.5080       7.9035
 5030.02      -4.6485       8.0061
 5031.06      -1.0451       8.6365
 5032.10      -0.5086       8.6401
 5033.14       1.7769       8.7097
 5034.17       6.3245       9.2846
 5035.21       2.3276       8.5638
 5036.25      -2.8870       7.5955
 5037.29       1.6638       8.4484
 5038.32      -4.0994       7.6410
 5039.36      -1.8879       7.6707
 5040.40      -0.8358       7.5626
 5041.44       0.2303       8.0547
 5042.48       3.2949       8.6393
 5043.51      -3.2828       7.6465
 5044.55      -2.7826       8.0881
 5045.59       3.1044       8.8937
 5046.63       1.1258       8.5536
 5047.66      -1.8545       8.3070
 5048.70      -0.7762       8.2015
 5049.74      -2.2634       7.7639
 5050.78      -1.2588       7.9012
 5051.82      -0.0274       8.0607
 5052.85       0.1150       8.1813
 5053.89      -2.4394       7.6976
 5054.93       2.7626       8.7924
 5055.97      -1.1409       7.9093
 5057.00       0.7481       8.7017
 5058.04       4.7559       9.7555
 5059.08      -1.1157       8.5973
 5060.12       2.8465       9.1367
 5061.16       3.3592       8.8567
 5062.19      -2.6977       8.1135
 5063.23      -1.9636       7.9177
 5064.27       5.1488       8.7364
 5065.31       6.3496       9.2672
 5066.34       3.3687       8.6667
 5067.38       5.8495       9.3548
 5068.42       1.6539       8.6877
 5069.46       1.4247       8.7765
 5070.49      -2.2468       7.8736
 5071.53       1.3039       8.4563
 5072.57      -0.7373       8.1678
 5073.61       3.7462       9.0719
 5074.65       0.0725       8.1438
 5075.68       0.3324       8.0932
 5076.72       4.0446       8.8315
 5077.76      -0.5949       8.0148
 5078.80      -2.7654       7.5666
 5079.83      -2.1700       7.7188
 5080.87       4.3950       8.6797
 5081.91       0.3286       7.9255
 5082.95       3.3402       8.5265
 5083.99       3.2728       8.6428
 5085.02       0.8066       8.3185
 5086.06       0.0010       8.5022
 5087.10       2.2936       8.7064
 5088.14       1.1398       8.1573
 5089.17       3.9229       8.7665
 5090.21      -2.6981       7.7292
 5091.25       0.5999       8.4171
 5092.29       4.8004       9.0276
 5093.33       0.4255       8.0325
 5094.36      -3.9425       7.4300
 5095.40       2.6473       8.7151
 5096.44       0.2660       8.3518
 5097.48      -1.5508       7.7606
 5098.51      -1.0543       7.7359
 5099.55      -0.4014       7.7987
 5100.59      -3.1641       7.4443
 5101.63      -0.9760       8.0940
 5102.66       1.4222       8.5105
 5103.70       0.7664       8.5624
 5104.74      -4.0010       7.7628
 5105.78       0.8835       7.9648
 5106.82       2.0812       8.2469
 5107.85      -1.4760       7.5170
 5108.89       0.5545       7.9105
 5109.93       3.3139       8.3717
 5110.97       1.5545       7.8817
 5112.00       3.1480       8.4898
 5113.04       2.0891       8.4184
 5114.08       4.6283       8.5721
 5115.12       2.4832       8.0708
 5116.16       2.8664       8.3372
 5117.19       6.9230       8.9609
 5118.23      -2.9273       7.4853
 5119.27       1.1079       8.3414
 5120.31       4.1503       8.9063
 5121.34      -0.8122       7.8143
 5122.38      -1.9910       7.5609
 5123.42       1.9800       7.8074
 5124.46       2.6396       7.9521
 5125.50       7.9060       8.8078
 5126.53       6.3726       9.7795
 5127.57      -2.3559      10.2023
 5128.61      -1.6698       8.5131
 5129.65       0.7898       7.9597
 5130.68       2.7724       8.4997
 5131.72       1.4837       7.8069
 5132.76      -2.0008       7.5260
 5133.80      -3.4252       7.7430
 5134.83      -2.2824       7.6771
 5135.87       2.9417       8.3862
 5136.91       2.4737       8.3718
 5137.95       2.6032       8.2877
 5138.99       2.2365       8.2224
 5140.02      -1.2535       7.6415
 5141.06       0.6895       7.9450
 5142.10       3.6464       8.5832
 5143.14      -1.0058       7.5572
 5144.17      -2.0506       7.4560
 5145.21       1.2606       8.1338
 5146.25       0.6107       8.0465
 5147.29       4.3827       8.4044
 5148.33       4.4410       8.3141
 5149.36      -1.5031       7.8815
 5150.40       0.0642       8.1795
 5151.44       2.4554       8.4975
 5152.48       1.5871       7.8774
 5153.51       1.4245       8.0305
 5154.55      -0.2197       7.5830
 5155.59       3.2256       7.8099
 5156.63       6.5845       8.5891
 5157.67       1.5650       7.9266
 5158.70      -2.3900       7.2764
 5159.74       0.2018       7.6291
 5160.78       1.5338       7.6154
 5161.82      -0.7715       7.3445
 5162.85       3.9053       8.0641
 5163.89       4.9021       7.8938
 5164.93       1.8636       7.1209
 5165.97       0.1538       6.7520
 5167.00       1.6671       6.8234
 5168.04       0.2936       6.5042
 5169.08      -1.6292       6.4275
 5170.12       1.0946       6.8412
 5171.16       1.0420       6.7119
 5172.19      -2.0766       6.1001
 5173.23      -2.9620       6.0043
 5174.27      -0.9051       6.3405
 5175.31       1.4675       6.9813
 5176.34       1.6633       7.5144
 5177.38       1.6787       7.1403
 5178.42      -2.6668       6.7580
 5179.46      -2.2788       8.6283
 5180.50       1.5427       8.4218
 5181.53      -1.9179       5.6929
 5182.57       0.7703       6.1666
 5183.61       2.7145       6.2945
 5184.65       0.2805       6.1206
 5185.68       2.6333       6.8480
 5186.72       2.5671       7.4502
 5187.76       3.2459       7.9650
 5188.80       2.9727       8.0327
 5189.83       0.9448       7.4590
 5190.87       0.5368       7.3795
 5191.91       1.8052       7.3808
 5192.95      -1.8323       6.5385
 5193.99      -2.0528       6.4296
 5195.02       0.0410       6.9139
 5196.06       2.4764       7.5553
 5197.10       2.9942       8.0371
 5198.14      -0.6122       8.0304
 5199.17       0.3353       8.5136
 5200.21       2.3609       8.5503
 5201.25       3.9031       8.6013
 5202.29       3.6950       8.3749
 5203.33      -1.9630       7.3480
 5204.36      -2.6311       7.2959
 5205.40       1.4047       7.3750
 5206.44       2.8616       7.0036
 5207.48       2.6879       7.1491
 5208.51       2.1844       7.3184
 5209.55       3.1962       7.6261
 5210.59       6.9293       8.2054
 5211.63       5.2674       7.9041
 5212.67      -0.4258       6.9531
 5213.70      -1.6766       6.8886
 5214.74       3.2843       7.3153
 5215.78      -0.2900       6.8841
 5216.82      -1.3640       6.9407
 5217.85       2.3239       7.5878
 5218.89       4.3456       8.1051
 5219.93       5.9893       8.1229
 5220.97       2.6614       7.5552
 5222.00       1.9718       7.5392
 5223.04       1.0028       7.8142
 5224.08      -2.0830       7.4695
 5225.12       1.7838       7.8371
 5226.16       3.0652       7.5844
 5227.19       2.0486       7.1508
 5228.23       2.0873       7.0500
 5229.27       0.4695       6.8335
 5230.31      -3.1394       6.5079
 5231.34      -1.7801       6.9608
 5232.38       3.8340       7.6163
 5233.42       0.9121       7.2952
 5234.46      -1.4554       6.7647
 5235.50      -1.2852       6.7126
 5236.53      -0.7568       7.1074
 5237.57       0.7206       7.7908
 5238.61      -1.2450       8.0019
 5239.65      -1.3011       8.0667
 5240.68       0.8540       8.0642
 5241.72       1.0314       7.4416
 5242.76       2.5453       7.4321
 5243.80       2.3107       7.1234
 5244.83       2.3111       7.3176
 5245.87       4.4559       7.7762
 5246.91       1.6686       7.3304
 5247.95      -0.6272       6.8732
 5248.99       0.8231       7.1166
 5250.02       1.5612       7.5558
 5251.06       0.1930       7.3368
 5252.10       5.1142       7.8934
 5253.14       5.5742       7.8376
 5254.17       1.7174       7.4508
 5255.21       0.4086       7.8986
 5256.25      -1.6526       8.0983
 5257.29       4.8156       8.9747
 5258.33       4.5398       8.2287
 5259.36      -2.7693       6.6320
 5260.40      -0.0213       6.9387
 5261.44       5.1575       7.6340
 5262.48       4.4196       7.2443
 5263.51       3.7184       7.0853
 5264.55       2.3061       6.8323
 5265.59      -1.5895       6.0297
 5266.63      -0.4615       5.9755
 5267.67      -1.0536       5.9976
 5268.70       2.3704       6.5451
 5269.74       5.8417       7.2211
 5270.78       1.0438       6.5946
 5271.82       1.3570       6.7039
 5272.85       4.2629       7.1868
 5273.89       0.4049       6.8715
 5274.93      -1.8266       6.8313
 5275.97       0.2244       7.5403
 5277.00       3.6902       7.9746
 5278.04      -0.5365       7.1606
 5279.08       4.1344       7.4085
 5280.12      -0.0297       6.5651
 5281.16      -7.0503       5.5975
 5282.19      -0.5385       6.2131
 5283.23       5.2062       7.0042
 5284.27       0.9862       6.7575
 5285.31       1.9845       6.9149
 5286.34       2.6423       7.0365
 5287.38       1.1321       7.1616
 5288.42       0.8258       7.2561
 5289.46       0.8476       6.7865
 5290.50       3.9017       7.3644
 5291.53       3.5378       7.5504
 5292.57       1.9510       7.3464
 5293.61      -2.4246       6.5297
 5294.65       0.5036       7.2673
 5295.68       1.3951       7.3541
 5296.72       5.0887       7.5757
 5297.76       4.6747       7.6529
 5298.80       4.7848       7.9953
 5299.83       2.8315       7.8523
 5300.87      -2.2301       6.8160
 5301.91      -0.7853       7.0433
 5302.95      -1.0013       6.9740
 5303.99       2.4385       7.4655
 5305.02       2.3490       7.6977
 5306.06       0.7593       7.3043
 5307.10      -1.8982       6.8947
 5308.14       1.8973       7.6150
 5309.17       5.9085       8.1167
 5310.21       5.4430       8.0590
 5311.25       6.2371       8.5082
 5312.29       6.7892       8.6244
 5313.33       2.5310       7.8997
 5314.36       1.7614       7.6510
 5315.40       4.2391       7.6312
 5316.44       3.6323       7.5156
 5317.48      -0.4736       6.8304
 5318.51      -2.0291       7.0403
 5319.55       0.5944       7.4994
 5320.59      -0.6354       7.1414
 5321.63       2.2135       7.6293
 5322.67       5.3896       8.0775
 5323.70       0.4510       7.1706
 5324.74       3.1261       7.4402
 5325.78       2.3812       7.3338
 5326.82      -2.6142       6.5900
 5327.85      -1.0074       6.5598
 5328.89      -1.7571       6.2835
 5329.93       2.0069       7.2357
 5330.97       1.4405       7.5347
 5332.00       5.2189       8.0509
 5333.04       6.3586       8.2183
 5334.08       5.1595       7.6816
 5335.12       2.3311       7.0109
 5336.16       0.7338       7.0142
 5337.19      -0.7122       7.1334
 5338.23      -0.5221       6.9195
 5339.27       0.7080       6.7186
 5340.31       3.1213       6.8887
 5341.34       1.2992       6.8373
 5342.38       0.0032       7.0805
 5343.42       0.0807       7.0595
 5344.46      -2.1151       6.6747
 5345.50       2.6658       7.3651
 5346.53       5.2303       7.6923
 5347.57       2.6032       7.3349
 5348.61      -0.1932       6.9883
 5349.65       3.3947       7.3727
 5350.68       3.1387       7.4192
 5351.72      -1.3558       6.9067
 5352.76      -1.0543       6.6945
 5353.80      -1.4446       6.6018
 5354.84       1.2146       7.3074
 5355.87       6.3033       7.9387
 5356.91       3.3687       7.4630
 5357.95      -0.6382       6.9096
 5358.99      -0.8983       6.9214
 5360.02       3.1915       7.4251
 5361.06       3.1189       7.3311
 5362.10       0.2979       6.8062
 5363.14      -1.3570       6.5721
 5364.17      -1.6852       6.4879
 5365.21       1.4820       6.9809
 5366.25       4.4607       7.4100
 5367.29       1.9840       7.2291
 5368.33       0.6723       7.0525
 5369.36       4.3127       7.3043
 5370.40       4.3383       7.4347
 5371.44       2.9172       7.1522
 5372.48       5.5678       7.4753
 5373.51       5.1677       7.8045
 5374.55      -2.9617       6.6630
 5375.59      -2.9356       6.5710
 5376.63       2.1245       7.3832
 5377.67      -1.3636       6.9282
 5378.70      -0.1285       6.9383
 5379.74       4.5017       7.3408
 5380.78       3.1446       7.1414
 5381.82       0.2112       6.8291
 5382.85       1.3223       6.8896
 5383.89       0.8890       6.8080
 5384.93      -0.5053       6.6374
 5385.97       2.7684       7.1766
 5387.01       2.0202       6.9976
 5388.04       0.8075       6.8173
 5389.08       2.4667       7.0386
 5390.12       1.2902       6.7284
 5391.16       0.4365       6.6637
 5392.19      -0.5395       6.4112
 5393.23       1.8724       6.6681
 5394.27       2.9779       6.7422
 5395.31      -1.9312       6.8143
 5396.34      -3.2339       8.0173
 5397.38       0.9360       6.9953
 5398.42       5.1196       6.9944
 5399.46       3.8593       7.1052
 5400.50       2.3678       6.9998
 5401.53       0.7167       6.6288
 5402.57      -3.2206       6.0565
 5403.61      -1.0784       6.0754
 5404.65       1.8401       6.3469
 5405.68       0.0981       6.4613
 5406.72       2.8442       6.7249
 5407.76       3.0445       6.4758
 5408.80       2.0129       6.5671
 5409.84       0.0406       6.3893
 5410.87      -3.6084       5.9448
 5411.91      -0.9733       6.5010
 5412.95       0.4726       6.7733
 5413.99       1.7036       6.7472
 5415.02       7.2281       7.6764
 5416.06       6.1247       7.5316
 5417.10       3.1618       6.8885
 5418.14      -0.1920       6.5795
 5419.18       5.0957       7.1603
 5420.21       0.9499       6.7417
 5421.25       0.6138       6.6674
 5422.29       5.6749       7.3120
 5423.33       1.6973       6.6528
 5424.36       2.3314       6.9092
 5425.40       3.0103       6.8567
 5426.44       0.4415       6.6502
 5427.48       3.9908       7.1121
 5428.52       1.3308       6.5268
 5429.55      -0.9845       6.3449
 5430.59       0.3236       6.5530
 5431.63       2.9745       6.8221
 5432.67       3.4736       6.9946
 5433.70       6.7683       7.5220
 5434.74       1.8047       6.6375
 5435.78       2.1965       6.8812
 5436.82       0.8070       6.7771
 5437.85       2.0022       6.9469
 5438.89       1.3368       6.6955
 5439.93      -0.5640       6.4591
 5440.97       0.8574       8.6054
 5442.01       0.3639       9.4530
 5443.04       0.3486       6.2850
 5444.08       3.0671       7.3941
 5445.12      -2.2210       6.3995
 5446.16       2.3682       7.0474
 5447.19       6.3166       7.4406
 5448.23       1.4286       6.8311
 5449.27       1.9181       7.1934
 5450.31       2.8351       7.2635
 5451.35       2.7906       7.3591
 5452.38       2.9831       7.4634
 5453.42       3.6448       7.4844
 5454.46       2.7767       7.0053
 5455.50       4.0809       7.0126
 5456.53       0.7464       6.7092
 5457.57       1.2611       7.1862
 5458.61       4.3853       7.6680
 5459.65       3.3123       7.7236
 5460.69       1.7114       7.6766
 5461.72      -0.5315       7.2288
 5462.76       1.2511       7.3567
 5463.80      -0.9357       6.7501
 5464.84      -3.5766       6.0770
 5465.87      -0.3674       6.5651
 5466.91       1.1116       6.9668
 5467.95       0.5403       6.8549
 5468.99       1.9873       6.8764
 5470.02       2.7573       7.0800
 5471.06       1.4132       6.9855
 5472.10       2.7844       7.0239
 5473.14       2.7741       7.1069
 5474.18       2.4755       7.2927
 5475.21       3.2092       7.1559
 5476.25       1.1829       6.8048
 5477.29       2.7562       6.9717
 5478.33       1.1301       6.7688
 5479.36      -0.7882       6.5799
 5480.40       2.5381       7.0645
 5481.44       3.2342       7.0558
 5482.48       1.9073       6.7921
 5483.52      -0.1272       6.8356
 5484.55      -1.3144       6.8924
 5485.59       3.1751       7.2390
 5486.63       1.6873       6.8807
 5487.67       1.3914       6.9055
 5488.70       4.7097       7.3292
 5489.74       2.5400       6.9953
 5490.78      -0.3975       6.8699
 5491.82       1.8721       7.2775
 5492.85      -1.3369       6.9042
 5493.89       1.1792       7.0127
 5494.93       9.5174       7.7559
 5495.97       6.2035       7.5962
 5497.01       3.4087       7.4234
 5498.04       4.7680       7.5101
 5499.08       4.4939       7.7890
 5500.12       4.7797       7.8135
 5501.16       1.8159       7.2316
 5502.19       1.4893       7.1324
 5503.23       1.6232       7.3863
 5504.27       1.5869       7.4102
 5505.31       3.8095       7.4791
 5506.35       2.2339       7.2650
 5507.38       2.1053       7.2685
 5508.42       3.8643       7.6063
 5509.46       6.3453       7.8462
 5510.50       3.3372       7.6559
 5511.53       3.1136       7.6439
 5512.57       1.9380       7.1218
 5513.61       1.6868       6.8919
 5514.65      -0.2089       6.8429
 5515.69      -1.0638       7.0375
 5516.72       2.9413       7.6732
 5517.76       7.1277       8.1022
 5518.80       3.5830       7.5318
 5519.84       2.2681       7.2379
 5520.87       4.6203       7.8383
 5521.91       0.1258       7.1862
 5522.95       0.1212       7.2364
 5523.99      -1.0421       7.1526
 5525.02      -0.0808       7.0539
 5526.06       3.8294       7.6394
 5527.10       3.5537       7.2951
 5528.14      -4.5423       5.9834
 5529.18      -0.0808       6.7957
 5530.21       3.1953       7.2676
 5531.25       2.3950       7.3208
 5532.29       2.7951       7.6715
 5533.33       0.1561       7.2272
 5534.36       2.6140       7.2591
 5535.40       4.5500       7.7538
 5536.44       0.4108       7.0433
 5537.48       2.7715       7.3009
 5538.52       0.1970       7.0758
 5539.55       1.6269       7.3462
 5540.59       3.6943       7.7579
 5541.63       0.5996       7.7969
 5542.67      -1.9923       7.8367
 5543.70       0.5764       8.5143
 5544.74       4.1370       9.0856
 5545.78      -3.4525       7.9216
 5546.82      -1.5664       7.3941
 5547.85       1.3258       7.5623
 5548.89      -0.1261       7.7526
 5549.93       2.7005       7.9950
 5550.97       0.4022       7.4555
 5552.01      -0.3108       7.2937
 5553.04      -0.9942       7.0459
 5554.08      -0.3220       7.2219
 5555.12       1.9363       7.7355
 5556.16       4.8294       8.2537
 5557.19       2.8223       7.7613
 5558.23       3.4339       7.8603
 5559.27       2.8763       7.8931
 5560.31       5.4197       8.2703
 5561.35       2.4925       7.9921
 5562.38      -1.3360       8.1713
 5563.42       0.4997       9.2561
 5564.46       2.1531       9.6664
 5565.50      -3.0127       8.4583
 5566.53       0.8999       8.2744
 5567.57       5.5502       8.8704
 5568.61       4.3914       8.7893
 5569.65       3.4564       8.9406
 5570.69       2.4200       8.9163
 5571.72       3.9762       8.9722
 5572.76       6.3967       9.6143
 5573.80       1.9866       7.9693
 5574.84      -0.1915      43.3910
 5575.87       2.8499     176.4880
 5576.91       2.4395     327.7400
 5577.95       0.9895     356.4100
 5578.99       0.2589     234.3490
 5580.02       3.0628      74.4691
 5581.06      -0.6810      12.4848
 5582.10      -1.9422      11.0015
 5583.14       6.0189      10.1475
 5584.18       6.7452       8.9538
 5585.21      -1.6154       7.2413
 5586.25      -2.9801       7.3833
 5587.29       3.2570       8.6915
 5588.33       0.6601       8.7064
 5589.36       0.1124       9.1365
 5590.40       4.4379       9.6685
 5591.44       2.9690       8.5730
 5592.48      -2.6234       7.0500
 5593.52      -0.7316       7.2471
 5594.55       0.9663       7.5551
 5595.59       1.9607       7.7679
 5596.63       2.0890       8.2593
 5597.67      -1.4853       7.8853
 5598.70      -2.8134       7.5232
 5599.74      -0.0908       7.8218
 5600.78       4.1932       8.1021
 5601.82       2.6072       7.7590
 5602.86       0.3713       7.6967
 5603.89       4.2396       9.2160
 5604.93       5.1915      10.1313
 5605.97       1.2296       9.8422
 5607.01       2.0053       9.2171
 5608.04      -0.7874       7.8222
 5609.08       5.1845       8.5547
 5610.12       4.1414       8.1354
 5611.16      -1.8386       7.4254
 5612.19      -1.1860       7.8032
 5613.23       0.6424       7.5657
 5614.27       2.9823       7.7064
 5615.31       3.5773       8.2095
 5616.35       3.7730       8.1227
 5617.38       4.6635       8.5223
 5618.42       5.7055       8.6495
 5619.46       4.8587       8.6752
 5620.50       1.4998       8.1930
 5621.53       1.9288       8.3425
 5622.57       8.2015      10.0440
 5623.61       1.0087       9.3434
 5624.65      -1.4761       8.9172
 5625.69       1.6093       8.9388
 5626.72       0.3633       8.2041
 5627.76       1.1732       8.4335
 5628.80      -1.3603       7.9746
 5629.84       1.0618       8.0759
 5630.87       2.4861       8.6475
 5631.91       0.5150       8.3458
 5632.95      -0.3748       7.7276
 5633.99      -0.4591       8.0574
 5635.03      -0.2001       8.3527
 5636.06      -2.5205       7.9520
 5637.10      -1.7539       7.9738
 5638.14       1.1836       8.7778
 5639.18       3.3337       9.4427
 5640.21       4.0306       9.4171
 5641.25       4.4125       9.2611
 5642.29       3.8128       9.4941
 5643.33      -0.1339       8.9504
 5644.36       1.0428       9.2067
 5645.40       3.8718      10.1831
 5646.44       2.1938       9.9701
 5647.48      -1.5442       9.0675
 5648.52      -1.1238       8.7561
 5649.55      -0.4671       8.7412
 5650.59      -1.4946       8.3924
 5651.63       0.0621       8.7296
 5652.67       3.0314       9.2060
 5653.70       1.6298       9.2820
 5654.74       1.1941       9.0042
 5655.78       0.2446       8.6257
 5656.82      -2.0671       8.4698
 5657.86       1.3517       9.2128
 5658.89       2.8281       9.4617
 5659.93       3.7263       9.4099
 5660.97       1.2386       9.0387
 5662.01      -2.4057       8.7841
 5663.04      -0.5360       9.0124
 5664.08       0.3618       9.3468
 5665.12      -1.4290       9.5064
 5666.16       0.3987       9.5779
 5667.20      -0.4560       9.2955
 5668.23       2.1681      10.1107
 5669.27       2.6499      10.5357
 5670.31       1.8416      10.5374
 5671.35       4.0636      10.6280
 5672.38       9.3087      11.5856
 5673.42      -0.1423       9.9767
 5674.46      -3.3491       9.3892
 5675.50       5.2444      10.9939
 5676.53       6.3409      11.2682
 5677.57       9.5897      12.0620
 5678.61       1.8329      10.5280
 5679.65      -2.4442       9.8270
 5680.69       5.6683      11.5248
 5681.72       1.1574      10.6868
 5682.76      -1.3710      10.9763
 5683.80       6.8753      12.2550
 5684.84       1.3012      10.9594
 5685.87       1.1244      11.3867
 5686.91       3.1453      11.7034
 5687.95       4.2808      11.6441
 5688.99      -2.1406      10.6754
 5690.03       2.2156      11.9813
 5691.06       3.1476      12.2856
 5692.10       2.9401      12.3686
 5693.14       3.8391      12.5205
 5694.18       6.0652      13.0428
 5695.21      -3.5750      11.0018
 5696.25      -2.0723      11.3327
 5697.29       1.0761      12.1235
 5698.33      -0.1704      11.8480
 5699.37      -0.3672      11.9216
 5700.40      -1.3283      11.7882
 5701.44       2.7605      12.2639
 5702.48       2.1060      11.9658
 5703.52       4.7475      12.6720
 5704.55       9.3338      13.7803
 5705.59       1.5039      12.1027
 5706.63       0.2879      11.7721
 5707.67       4.5022      12.8360
 5708.70       0.8267      12.3023
 5709.74       4.6268      12.8443
 5710.78       6.0605      13.1847
 5711.82       0.5696      12.4946
 5712.86      -1.1374      12.1964
 5713.89       5.1761      13.2779
 5714.93       4.6958      13.0423
 5715.97      -2.2358      12.0317
 5717.01       0.8138      12.7388
 5718.04       4.9762      14.1373
 5719.08       0.1254      12.9809
 5720.12       0.7343      13.5824
 5721.16       3.7138      14.5279
 5722.20       2.8285      14.2665
 5723.23       5.3053      15.2763
 5724.27       6.0108      15.2099
 5725.31       5.7495      15.0498
 5726.35       3.9440      15.0436
 5727.38       1.1884      14.7789
 5728.42       2.5537      14.8307
 5729.46       4.7376      15.3254
 5730.50       3.7943      14.8943
 5731.54       1.4773      14.8442
 5732.57      -0.1189      14.5991
 5733.61      -3.4018      13.7341
 5734.65      -1.1729      14.6473
 5735.69       2.3156      15.1163
 5736.72       2.4305      14.3543
 5737.76       0.7978      14.9072
 5738.80      -5.6413      13.5717
 5739.84      -4.3157      14.1911
 5740.87       8.7693      16.9162
 5741.91       4.6095      15.6031
 5742.95      -1.4570      16.1311
 5743.99       4.0143      16.7096
 5745.03       4.4526      16.1616
 5746.06       2.4279      15.5559
 5747.10      -0.1659      14.5716
 5748.14      -1.1651      13.1183
 5749.18      -0.6223      13.0371
 5750.21       0.6985      13.9523
 5751.25       1.8795      13.9833
 5752.29       3.0909      13.9734
 5753.33       3.6066      14.3130
 5754.37       1.5775      13.9738
 5755.40      -0.4425      13.6523
 5756.44      -0.3010      13.9739
 5757.48       0.2895      14.3127
 5758.52      -0.3751      14.2976
 5759.55      -2.3507      13.9840
 5760.59      -1.5603      13.9847
 5761.63       1.2483      14.1738
 5762.67       1.3926      13.8732
 5763.71      -0.3619      13.2518
 5764.74      -1.1116      12.9266
 5765.78       0.3401      13.2560
 5766.82       3.7068      14.2141
 5767.86       6.6631      15.1081
 5768.89       5.8349      14.9524
 5769.93       4.1415      14.0477
 5770.97       6.1318      13.4872
 5772.01       6.9885      13.5402
 5773.04       4.2524      13.6861
 5774.08       0.7580      13.1453
 5775.12      -0.8480      12.7133
 5776.16       0.3363      12.9939
 5777.20       2.6932      13.3969
 5778.23       3.8335      13.3802
 5779.27       3.0159      12.8779
 5780.31       3.9699      13.1447
 5781.35       4.6763      13.4054
 5782.38       0.6461      12.0706
 5783.42      -1.0319      11.5581
 5784.46       1.7551      12.4016
 5785.50       3.1681      12.2902
 5786.54       1.7493      11.6048
 5787.57      -0.1588      11.4230
 5788.61       3.6272      12.2406
 5789.65       7.0063      12.8859
 5790.69       2.6248      12.1969
 5791.72      -1.1591      11.0822
 5792.76      -0.2593      10.8022
 5793.80       2.0847      11.7582
 5794.84       2.9833      12.2684
 5795.88       1.7734      11.5858
 5796.91       3.1649      11.5082
 5797.95       1.8025      11.2099
 5798.99      -4.3289      10.1155
 5800.03      -5.0802       9.9119
 5801.06      -0.3672      10.5205
 5802.10       2.9937      10.8492
 5803.14       3.9499      11.1113
 5804.18       3.4752      11.3390
 5805.21       3.8692      11.4286
 5806.25       3.8012      11.1836
 5807.29       2.1642      10.6529
 5808.33       0.1931      10.1360
 5809.37      -1.3682       9.9188
 5810.40      -2.0976       9.9880
 5811.44      -1.6246      10.0405
 5812.48      -0.5549      10.0020
 5813.52       0.3067      10.0788
 5814.55      -0.1565       9.8949
 5815.59      -1.5672       9.5423
 5816.63      -2.5673       9.5093
 5817.67      -2.0777       9.7317
 5818.71      -0.5026       9.9317
 5819.74       0.5854       9.9653
 5820.78       0.8335       9.9714
 5821.82       0.8265      10.1054
 5822.86       0.2276       9.8407
 5823.89      -0.5970       9.4329
 5824.93      -1.1667       9.5133
 5825.97      -0.9566       9.6208
 5827.01      -0.3535       9.4126
 5828.04      -0.8758       9.0246
 5829.08       0.2275       9.1387
 5830.12       3.6303       9.8518
 5831.16       4.9882      10.2095
 5832.20       3.0346       9.8471
 5833.23       0.0723       9.2091
 5834.27       0.2061       9.2128
 5835.31       2.9648       9.7227
 5836.35       3.6676       9.6928
 5837.38       3.4875       9.3731
 5838.42       2.8652       8.7658
 5839.46      -0.5398       7.2403
 5840.50      -2.7175       6.2848
 5841.54      -1.4122       6.7843
 5842.57      -2.3654       7.2091
 5843.61      -4.6632       7.0002
 5844.65      -4.2461       6.7077
 5845.69      -1.6061       6.9199
 5846.72      -0.5021       7.3555
 5847.76      -4.2398       7.0809
 5848.80      -7.7407       6.4770
 5849.84      -6.7957       6.2079
 5850.88      -4.3396       6.3319
 5851.91      -2.3065       6.7535
 5852.95      -1.4254       7.1820
 5853.99      -0.2311       7.5729
 5855.03       1.2301       7.8469
 5856.06       1.5640       7.9471
 5857.10       1.4745       8.0549
 5858.14       1.3394       8.1527
 5859.18       0.5452       7.9285
 5860.21       0.2685       7.7776
 5861.25       0.7503       8.0291
 5862.29      -0.6681       8.1517
 5863.33      -0.7008       8.7147
 5864.37       3.1105      10.0733
 5865.40       2.3411      10.8278
 5866.44      -1.0516      11.1369
 5867.48       1.0172      11.9721
 5868.52       4.2806      12.5230
 5869.55       4.5200      12.0481
 5870.59       2.1489      10.5981
 5871.63       0.8585       9.3500
 5872.67       2.6855       9.0739
 5873.71       3.3352       9.1456
 5874.74       2.5216       8.9650
 5875.78       2.2496       8.4599
 5876.82       2.4073       8.1274
 5877.86       2.3102       7.9831
 5878.89       1.1592       7.6251
 5879.93       0.8399       7.5757
 5880.97       1.7501       7.8751
 5882.01       1.8598       7.8920
 5883.04       1.0238       7.5971
 5884.08       0.0015       7.9819
 5885.12      -2.4014       8.8225
 5886.16      -3.3523      12.4964
 5887.20      -0.7776      19.6541
 5888.23       5.1466      29.3802
 5889.27       7.7009      38.0061
 5890.31       0.5494      41.3606
 5891.35      -6.9054      39.1081
 5892.38      -6.1689      34.6601
 5893.42      -2.0466      30.2379
 5894.46       2.8175      28.2544
 5895.50       5.5783      27.7247
 5896.54       0.9950      26.6289
 5897.57      -5.5268      23.2545
 5898.61      -5.4538      19.0631
 5899.65      -0.7839      14.7207
 5900.69       3.0766      10.8998
 5901.72       3.1667       8.5720
 5902.76       1.5931       7.7199
 5903.80       1.5374       7.5089
 5904.84       1.4774       7.8537
 5905.88       0.8803       7.9843
 5906.91      -0.0450       7.7611
 5907.95       0.8628       7.6192
 5908.99       3.0945       7.6470
 5910.03       4.1147       7.5671
 5911.06       4.2319       7.5456
 5912.10       3.5778       7.7478
 5913.14       1.1929       8.0500
 5914.18      -0.1722       8.6109
 5915.21       1.1320       9.2934
 5916.25       4.4579       9.7301
 5917.29       5.0700       9.4425
 5918.33       0.6594       8.4785
 5919.37      -1.0879       7.4944
 5920.40       1.2916       7.0311
 5921.44       1.9047       7.0293
 5922.48       1.5813       7.3124
 5923.52       1.2478       7.4859
 5924.55       0.2579       7.4178
 5925.59      -0.5162       7.3074
 5926.63      -0.3011       7.4042
 5927.67       0.7392       7.4341
 5928.71       1.8673       7.4064
 5929.74       2.3190       7.4826
 5930.78       3.8701       8.1525
 5931.82       5.3600       9.1727
 5932.86       3.7362       9.6731
 5933.89       0.8106       9.5969
 5934.93      -0.7719       9.1289
 5935.97      -0.4686       8.3109
 5937.01      -0.0230       7.3363
 5938.05      -0.9951       6.4650
 5939.08      -1.5797       6.0596
 5940.12      -0.7216       6.0811
 5941.16       0.9984       6.2756
 5942.20       2.3437       6.5980
 5943.23       2.1726       6.9009
 5944.27       0.5327       7.0513
 5945.31      -0.6698       7.0588
 5946.35      -0.3171       7.0333
 5947.38      -0.2318       6.9341
 5948.42       0.0046       6.9146
 5949.46       1.2789       7.1035
 5950.50       1.0654       7.2841
 5951.54       0.8497       7.6871
 5952.57       3.5325       8.5254
 5953.61       5.9626       9.2080
 5954.65       5.7542       9.1937
 5955.69       3.8710       8.5558
 5956.72       2.7499       7.6916
 5957.76       3.4811       7.0299
 5958.80       3.4174       6.5567
 5959.84       2.4387       6.2931
 5960.88       1.9419       6.2188
 5961.91       1.8613       6.1783
 5962.95       1.3781       6.0117
 5963.99      -0.3211       5.8110
 5965.03      -0.6216       5.7106
 5966.06       0.6811       5.7976
 5967.10      -0.6337       5.9450
 5968.14      -1.2538       6.2213
 5969.18       1.5375       6.5986
 5970.22       1.8544       6.6828
 5971.25       0.5568       6.6322
 5972.29       1.8147       6.8190
 5973.33       1.3379       6.6997
 5974.37      -0.6521       6.4641
 5975.40       0.6126       6.8252
 5976.44       1.4393       7.3075
 5977.48      -0.1219       7.4000
 5978.52      -0.0842       7.2908
 5979.55       1.9509       7.1736
 5980.59       3.9600       7.1057
 5981.63       4.5539       6.7071
 5982.67       3.0790       6.0642
 5983.71       0.7435       5.6466
 5984.74      -1.0604       5.4595
 5985.78      -0.9766       5.4314
 5986.82       1.1602       5.6097
 5987.86       2.8994       5.7470
 5988.89       2.2557       5.6778
 5989.93      -0.2640       5.4637
 5990.97      -1.9722       5.3145
 5992.01      -1.0429       5.3739
 5993.05       1.4071       5.5589
 5994.08       2.7323       5.6912
 5995.12       1.5484       5.6672
 5996.16       0.5818       5.7200
 5997.20       1.6714       5.9232
 5998.23       2.8187       5.9728
 5999.27       3.5698       5.9884
 6000.31       3.9080       6.1120
 6001.35       3.9279       6.1585
 6002.39       3.8154       6.1927
 6003.42       3.6395       6.3085
 6004.46       3.1598       6.3949
 6005.50       2.8405       6.3408
 6006.54       3.5817       6.1748
 6007.57       3.1043       5.8407
 6008.61       1.2234       5.4646
 6009.65       1.2304       5.3495
 6010.69       2.4385       5.3664
 6011.72       2.9406       5.3031
 6012.76       3.7736       5.3942
 6013.80       3.9634       5.5013
 6014.84       2.5232       5.4011
 6015.88       2.1465       5.4078
 6016.91       3.1955       5.5021
 6017.95       3.2801       5.3541
 6018.99       2.3981       5.0780
 6020.03       1.4424       4.8884
 6021.06       0.6323       4.7906
 6022.10       1.3190       4.9063
 6023.14       3.3832       5.1903
 6024.18       2.9289       5.1398
 6025.22       1.1876       5.0038
 6026.25       2.2733       5.3547
 6027.29       2.1260       5.5067
 6028.33      -0.2918       5.2149
 6029.37      -1.2203       4.9996
 6030.40      -0.3781       5.0346
 6031.44       0.9281       5.2474
 6032.48       2.1370       5.4877
 6033.52       1.8914       5.5182
 6034.56       0.3153       5.3264
 6035.59      -0.4376       5.2375
 6036.63       0.5368       5.3454
 6037.67       1.9663       5.4384
 6038.71       2.4520       5.3427
 6039.74       1.7756       5.1144
 6040.78       1.5364       5.0882
 6041.82       1.3063       5.0886
 6042.86       0.5123       4.9266
 6043.89      -0.5085       4.8228
 6044.93      -0.5055       4.8665
 6045.97       1.1704       5.0099
 6047.01       1.7701       5.0116
 6048.05       1.6676       4.9657
 6049.08       3.6649       5.1900
 6050.12       5.3404       5.3655
 6051.16       4.4500       5.2125
 6052.20       1.2649       4.8234
 6053.23      -0.8114       4.5575
 6054.27       0.3572       4.6374
 6055.31       1.8996       4.7356
 6056.35       2.3044       4.8013
 6057.39       2.1868       4.9842
 6058.42       1.1434       4.9368
 6059.46      -0.4523       4.6794
 6060.50      -2.3362       4.5459
 6061.54      -1.5561       4.7006
 6062.57       1.5212       4.9764
 6063.61       2.0157       5.0007
 6064.65       0.4171       4.8117
 6065.69      -0.0110       4.7175
 6066.73       0.4537       4.7279
 6067.76       2.1126       4.9385
 6068.80       4.6151       5.3259
 6069.84       4.6562       5.3792
 6070.88       2.1769       5.0109
 6071.91       0.5891       4.6924
 6072.95       1.1474       4.6307
 6073.99       2.6143       4.7361
 6075.03       3.0192       4.7818
 6076.06       1.5983       4.6860
 6077.10      -0.1510       4.5856
 6078.14       0.1157       4.5871
 6079.18       2.4766       4.7236
 6080.22       4.5588       4.8948
 6081.25       4.7789       4.9339
 6082.29       3.4176       4.8009
 6083.33       2.6332       4.6328
 6084.37       1.8445       4.5482
 6085.40       0.3637       4.5561
 6086.44       0.1198       4.5818
 6087.48       0.6760       4.5355
 6088.52       0.6608       4.4295
 6089.56       1.4725       4.4416
 6090.59       2.6009       4.5628
 6091.63       2.2269       4.6132
 6092.67       1.4494       4.5518
 6093.71       1.4503       4.4775
 6094.74       2.0812       4.5729
 6095.78       1.9451       4.6540
 6096.82       0.6095       4.5552
 6097.86       0.7025       4.5518
 6098.90       2.3643       4.6964
 6099.93       3.6528       4.8354
 6100.97       2.6019       4.6805
 6102.01       0.1102       4.3466
 6103.05      -0.8298       4.2433
 6104.08       0.2298       4.4765
 6105.12       1.6934       4.7814
 6106.16       1.9583       4.7917
 6107.20       1.0951       4.5433
 6108.23       0.5710       4.3705
 6109.27       0.9273       4.4481
 6110.31       1.8596       4.6570
 6111.35       2.3831       4.7085
 6112.39       2.1260       4.5720
 6113.42       1.5579       4.4047
 6114.46       1.7412       4.4190
 6115.50       1.4594       4.4358
 6116.54       0.3900       4.3082
 6117.57       1.5044       4.3206
 6118.61       3.1002       4.3883
 6119.65       2.4272       4.3282
 6120.69       1.5483       4.2321
 6121.73       1.4529       4.1887
 6122.76       1.4503       4.2248
 6123.80       1.2301       4.2458
 6124.84       0.8617       4.2257
 6125.88       1.4196       4.3188
 6126.91       1.2304       4.3368
 6127.95      -0.3617       4.1793
 6128.99      -0.5657       4.0756
 6130.03       0.8771       4.1566
 6131.06       2.2226       4.3535
 6132.10       2.2906       4.4553
 6133.14       1.7042       4.4248
 6134.18       2.1977       4.4280
 6135.22       3.1155       4.5013
 6136.25       3.1081       4.6349
 6137.29       1.7552       4.7827
 6138.33       0.0788       4.8815
 6139.37      -0.6723       4.8915
 6140.40      -1.2980       4.6939
 6141.44      -1.5905       4.5272
 6142.48      -0.9318       4.6493
 6143.52       0.3825       4.8531
 6144.56       1.6293       4.9273
 6145.59       1.8270       4.8953
 6146.63       2.9956       4.8142
 6147.67       4.9368       4.7222
 6148.71       2.1119       4.4862
 6149.74      -0.9138       4.3083
 6150.78       1.1613       4.3516
 6151.82       2.6367       4.3882
 6152.86       1.4271       4.2579
 6153.90      -0.0046       4.0307
 6154.93       0.1048       4.0200
 6155.97       1.6472       4.2133
 6157.01       2.3909       4.2249
 6158.05       1.4576       4.0850
 6159.08       0.0214       3.9867
 6160.12       0.6621       4.0292
 6161.16       2.2905       4.0784
 6162.20       2.2884       3.9629
 6163.23       2.0781       3.9435
 6164.27       1.8843       3.9854
 6165.31       0.9405       3.8442
 6166.35       0.1188       3.8155
 6167.39       0.2525       4.0944
 6168.42       1.5272       4.4956
 6169.46       2.3829       4.7909
 6170.50       1.7732       4.8710
 6171.54       1.3371       4.9189
 6172.57       1.0067       4.9130
 6173.61       0.0364       4.7376
 6174.65      -0.0999       4.5289
 6175.69       0.9856       4.4253
 6176.73       2.3756       4.4837
 6177.76       2.4941       4.4297
 6178.80       1.1529       4.1436
 6179.84      -0.0372       3.9195
 6180.88      -0.2461       3.8514
 6181.91       0.2660       3.8960
 6182.95       1.5179       4.0958
 6183.99       2.1066       4.2517
 6185.03       1.0678       4.1889
 6186.06       0.6014       4.1203
 6187.10       1.2272       4.1251
 6188.14       0.8507       4.0192
 6189.18       0.3374       3.9296
 6190.22       0.4706       3.9550
 6191.25       0.1605       3.9836
 6192.29       0.0913       4.0504
 6193.33       0.9918       4.1837
 6194.37       2.1436       4.2929
 6195.40       2.7625       4.2857
 6196.44       2.7698       4.1697
 6197.48       1.1315       3.9825
 6198.52      -0.8441       3.8789
 6199.56      -0.5454       3.9356
 6200.59       1.1854       4.2375
 6201.63       2.2005       4.6325
 6202.67       2.3443       4.7785
 6203.71       1.7210       4.6972
 6204.74       1.1294       4.6515
 6205.78       0.4689       4.5608
 6206.82       0.5954       4.4315
 6207.86       2.1275       3.9693
 6208.90       4.0515       6.1087
 6209.93       5.2599      10.3018
 6210.97       5.2105      11.3520
 6212.01       5.8202      10.8002
 6213.05       7.6725      11.0819
 6214.08       7.1305       8.5349
 6215.12       4.3045       4.9226
 6216.16       2.0289       3.8496
 6217.20       1.0373       4.0246
 6218.23       1.0744       4.1106
 6219.27       1.3698       4.3880
 6220.31       1.3569       4.6083
 6221.35       1.2987       4.7906
 6222.39       2.0689       4.9798
 6223.42       3.3653       5.0833
 6224.46       4.0805       4.9734
 6225.50       2.9257       4.5479
 6226.54       0.9232       4.0358
 6227.57       0.1214       3.7862
 6228.61       0.9297       3.8010
 6229.65       2.1604       3.9902
 6230.69       2.1719       4.2265
 6231.73       2.0687       4.7890
 6232.76       2.9142       5.8610
 6233.80       3.5567       6.9693
 6234.84       3.5100       8.0528
 6235.88       2.8543       8.9712
 6236.91       0.8917       9.1207
 6237.95      -0.7627       8.4764
 6238.99      -0.1072       7.5192
 6240.03       1.1495       6.6511
 6241.07       1.5524       6.0914
 6242.10       2.0395       5.8794
 6243.14       2.1663       5.7674
 6244.18       1.4598       5.4452
 6245.22      -1.8940       4.7634
 6246.25      -3.3719       4.2727
 6247.29       0.6233       4.4884
 6248.33       2.7218       4.5682
 6249.37       0.9463       4.1885
 6250.40       0.4779       3.9329
 6251.44      -0.3641       3.7408
 6252.48      -1.5625       3.6981
 6253.52      -0.2671       3.9189
 6254.56       1.8480       4.5431
 6255.59       2.4558       5.5329
 6256.63       3.2529       6.7791
 6257.67       3.5254       7.8138
 6258.71       2.1224       8.1544
 6259.74       0.0733       7.7330
 6260.78      -1.0310       6.8694
 6261.82      -0.3861       5.9079
 6262.86       0.2633       5.2910
 6263.90      -0.1349       5.1016
 6264.93       0.5216       5.2468
 6265.97       1.1593       5.3916
 6267.01       0.4846       5.3088
 6268.05      -0.5656       4.9866
 6269.08      -0.8563       4.5871
 6270.12      -0.1310       4.3416
 6271.16       1.0478       4.2027
 6272.20       1.5795       4.0840
 6273.24       0.8154       4.0237
 6274.27       0.4950       4.0961
 6275.31       1.5456       4.2938
 6276.35       1.8527       4.5052
 6277.39       1.4574       4.5759
 6278.42       1.4138       4.4705
 6279.46       1.5863       4.3392
 6280.50       1.9522       4.2154
 6281.54       2.3123       4.0340
 6282.58       2.7522       3.9630
 6283.61       2.7859       4.2059
 6284.65       1.4224       4.6586
 6285.69       0.5620       5.4798
 6286.73       1.3412       6.4674
 6287.76       1.5128       6.9631
 6288.80       1.0238       6.8423
 6289.84       1.0910       6.4356
 6290.88       0.2777       5.5844
 6291.91      -0.4743       4.6428
 6292.95       0.8569       4.2253
 6293.99       2.5546       4.1303
 6295.03       3.0635       4.6961
 6296.07       3.3395       5.8425
 6297.10       2.9289       9.4872
 6298.14       1.6640      16.0125
 6299.18      -1.6481      22.8294
 6300.22      -2.7023      27.7083
 6301.25       2.1115      29.4791
 6302.29       2.3089      26.2106
 6303.33      -2.4792      19.6197
 6304.37      -1.3807      13.3617
 6305.41       1.5620       9.6919
 6306.44       1.4540       8.1263
 6307.48      -0.6655       7.7694
 6308.52      -0.6433       7.4286
 6309.56       3.2957       6.8506
 6310.59       3.9765       5.7902
 6311.63       0.8120       4.4834
 6312.67      -1.0067       3.6342
 6313.71      -0.8457       3.4062
 6314.75       0.7751       3.4903
 6315.78       2.7368       3.6281
 6316.82       3.2986       3.6700
 6317.86       2.3434       3.7492
 6318.90       2.1784       4.0479
 6319.93       1.7842       4.4501
 6320.97      -0.2982       4.6794
 6322.01      -0.0055       4.8895
 6323.05       1.7123       4.9044
 6324.08       0.9058       4.4907
 6325.12      -0.8176       4.0451
 6326.16      -1.3974       4.0954
 6327.20      -0.7525       4.6488
 6328.24       0.1822       5.5622
 6329.27       0.3459       6.3911
 6330.31       0.0568       6.8783
 6331.35       0.1394       6.7703
 6332.39       1.0404       6.1451
 6333.42       0.6719       5.1105
 6334.46      -0.2845       4.1408
 6335.50       0.7810       3.6988
 6336.54       1.8432       3.6237
 6337.58       1.3308       3.5206
 6338.61       0.2292       3.3951
 6339.65       0.1688       3.4198
 6340.69       1.4199       3.6854
 6341.73      -0.1030       3.6391
 6342.76      -1.7902       3.4646
 6343.80       0.9284       3.6727
 6344.84       1.6870       3.7730
 6345.88      -0.8113       3.7451
 6346.92      -1.3464       4.0279
 6347.95       0.2965       4.3965
 6348.99       2.1820       4.5726
 6350.03       2.7663       4.6557
 6351.07       1.3715       4.4794
 6352.10      -0.5831       4.1029
 6353.14       0.0089       4.0965
 6354.18       1.8514       4.5325
 6355.22       1.2084       4.9286
 6356.25       0.5540       5.3753
 6357.29       1.1356       5.7270
 6358.33       1.1987       5.6223
 6359.37       0.9403       5.3603
 6360.41       0.7491       5.6623
 6361.44       1.0423       6.8874
 6362.48       0.4467       8.6741
 6363.52      -1.6016      10.0212
 6364.56      -1.1837      10.7476
 6365.59       1.5771      10.4840
 6366.63       3.0616       9.1809
 6367.67       2.7859       7.0523
 6368.71       1.7809       4.9098
 6369.75       1.3010       3.7580
 6370.78       1.4719       3.5551
 6371.82       1.4761       3.5385
 6372.86       0.8806       3.5277
 6373.90       0.0233       3.3572
 6374.93      -0.2501       3.2905
 6375.97      -0.1072       3.3744
 6377.01       0.4134       3.6139
 6378.05       1.2899       3.8976
 6379.08       2.2707       4.1003
 6380.12       2.8035       4.1524
 6381.16       2.5212       4.0537
 6382.20       1.2440       3.9137
 6383.24      -0.2084       3.8798
 6384.27       0.1119       4.0262
 6385.31       1.6290       4.3230
 6386.35       2.3427       4.6038
 6387.39       1.8823       4.7129
 6388.42       1.4954       4.5847
 6389.46       2.9239       4.3215
 6390.50       3.7225       3.9905
 6391.54       2.5934       3.6813
 6392.58       2.2557       3.4788
 6393.61       2.8615       3.4436
 6394.65       3.2250       3.5253
 6395.69       2.7718       3.5457
 6396.73       2.0636       3.4877
 6397.76       2.2561       3.5081
 6398.80       2.2312       3.4695
 6399.84       1.5846       3.3516
 6400.88       1.2360       3.3020
 6401.92       1.6492       3.3088
 6402.95       2.4792       3.3085
 6403.99       2.8349       3.3025
 6405.03       2.3650       3.2716
 6406.07       1.6309       3.2332
 6407.10       1.1810       3.1862
 6408.14       1.5714       3.2108
 6409.18       2.7678       3.3760
 6410.22       2.6411       3.4388
 6411.25       0.9977       3.3535
 6412.29       0.4374       3.3861
 6413.33       0.7901       3.4821
 6414.37       1.1206       3.5198
 6415.41       2.7882       3.5925
 6416.44       3.7286       3.6185
 6417.48       2.0266       3.5237
 6418.52       1.2411       3.5369
 6419.56       2.3396       3.7218
 6420.59       2.7566       3.9056
 6421.63       2.3749       3.9207
 6422.67       1.6747       3.7483
 6423.71       0.8934       3.5521
 6424.75       1.0384       3.4481
 6425.78       2.0845       3.4201
 6426.82       2.3582       3.3710
 6427.86       1.4501       3.2572
 6428.90       0.4782       3.1530
 6429.93       0.2896       3.1251
 6430.97       1.0256       3.1481
 6432.01       1.9081       3.1168
 6433.05       2.2048       3.1471
 6434.08       1.8357       3.2599
 6435.12       1.2814       3.2219
 6436.16       1.3116       3.1493
 6437.20       1.9781       3.2085
 6438.24       1.5459       3.1509
 6439.27       0.7813       3.0280
 6440.31       1.7574       3.0717
 6441.35       1.7897       3.0798
 6442.39       0.2729       3.0068
 6443.42       0.0049       3.0713
 6444.46       0.3449       3.1553
 6445.50       0.1650       3.1227
 6446.54       0.2530       3.0135
 6447.58       0.0840       2.9310
 6448.61      -0.6295       2.9676
 6449.65       0.2108       3.2005
 6450.69       2.2287       3.4948
 6451.73       3.1275       3.6385
 6452.76       2.5245       3.5491
 6453.80       1.3447       3.3647
 6454.84       0.4494       3.2605
 6455.88       0.9904       3.3206
 6456.92       2.4718       3.4556
 6457.95       2.7928       3.5062
 6458.99       1.8770       3.5075
 6460.03       1.2724       3.6215
 6461.07       1.6757       3.8135
 6462.10       2.4793       4.1348
 6463.14       2.3188       4.5481
 6464.18       1.4913       5.0041
 6465.22       0.7273       5.3997
 6466.25       0.4659       5.6038
 6467.29      -0.1911       5.5280
 6468.33      -1.4919       5.2765
 6469.37       0.1443       5.2842
 6470.41       2.5562       5.3771
 6471.44       1.6278       5.0938
 6472.48      -0.4007       4.6942
 6473.52      -0.7834       4.3254
 6474.56       0.7863       3.9526
 6475.59       2.2737       3.6799
 6476.63       1.9868       3.5344
 6477.67       1.0793       3.4872
 6478.71       0.9633       3.5330
 6479.75       1.9468       3.6272
 6480.78       1.8736       3.4932
 6481.82       0.6167       3.1811
 6482.86       0.0167       3.0099
 6483.90      -0.1246       2.9424
 6484.93       0.2407       2.9199
 6485.97       1.5673       2.9996
 6487.01       2.6956       3.0454
 6488.05       2.6796       2.9721
 6489.08       1.9424       2.8252
 6490.12       1.1564       2.7534
 6491.16       0.8360       2.8538
 6492.20       0.9901       2.9467
 6493.24       1.5001       3.0316
 6494.27       2.1025       3.2201
 6495.31       3.1125       3.7110
 6496.35       3.9358       4.6003
 6497.39       3.6664       5.6341
 6498.42       1.4100       6.3874
 6499.46      -1.5028       6.5948
 6500.50      -0.3000       6.5081
 6501.54       2.3589       6.0547
 6502.58       1.1932       5.1440
 6503.61       0.7393       4.4292
 6504.65       1.7462       4.1602
 6505.69       0.4552       4.0877
 6506.73      -0.5346       4.0533
 6507.76       0.5936       3.8702
 6508.80       2.3537       3.5960
 6509.84       2.7043       3.2833
 6510.88       1.2264       3.0596
 6511.92       1.8780       3.1721
 6512.95       3.2094       3.3432
 6513.99       1.3057       3.1895
 6515.03      -0.3419       3.0609
 6516.07      -0.0046       3.1155
 6517.10       0.2316       3.1250
 6518.14       0.7217       3.0680
 6519.18       1.3748       3.0496
 6520.22       0.2829       3.1263
 6521.26      -0.0110       3.4751
 6522.29       2.5305       4.0056
 6523.33       3.6873       4.1632
 6524.37       2.5184       3.8822
 6525.41       1.5463       3.5891
 6526.44       1.3331       3.3875
 6527.48       1.7708       3.3124
 6528.52       2.0417       3.2661
 6529.56       2.1590       3.4451
 6530.59       2.0974       3.9785
 6531.63       0.8914       4.6947
 6532.67      -0.3002       5.3687
 6533.71      -0.0973       5.7489
 6534.75      -0.7663       5.5363
 6535.78      -1.9539       4.8370
 6536.82      -1.2348       4.0662
 6537.86       0.1945       3.5142
 6538.90       1.2208       3.2779
 6539.93       2.8664       3.3329
 6540.97       2.8489       3.5316
 6542.01       0.5438       3.7418
 6543.05      -0.3213       3.9917
 6544.09       0.6356       4.1977
 6545.12       1.1022       4.2536
 6546.16       2.1133       4.1401
 6547.20       2.9783       3.8505
 6548.24       2.3648       3.4406
 6549.27       0.3581       3.1002
 6550.31      -1.2868       3.2108
 6551.35      -0.5110       4.0755
 6552.39       1.3525       5.2216
 6553.43       1.8708       5.9060
 6554.46       2.5383       6.2857
 6555.50       2.1722       6.0370
 6556.54      -0.6352       4.9559
 6557.58      -0.8802       3.8596
 6558.61       2.4416       3.3563
 6559.65       4.9630       3.3128
 6560.69       4.6433       3.4920
 6561.73       2.4266       3.5826
 6562.76       1.3002       3.6818
 6563.80       1.7010       3.7073
 6564.84       1.8577       3.6351
 6565.88       1.2844       3.4868
 6566.92      -0.1247       3.3663
 6567.95      -1.4029       3.3528
 6568.99      -2.0757       3.3991
 6570.03      -1.6403       3.4457
 6571.07       0.0142       3.5610
 6572.10       2.0392       3.5204
 6573.14       3.0745       3.3373
 6574.18       1.8801       3.3244
 6575.22      -0.0991       3.7206
 6576.26      -0.6511       4.3645
 6577.29      -0.5555       4.8870
 6578.33      -0.0591       5.0187
 6579.37       1.3005       4.8643
 6580.41       1.7544       4.3037
 6581.44       0.8514       3.5348
 6582.48       0.1081       2.9849
 6583.52       0.2850       2.7878
 6584.56       1.0808       2.7555
 6585.60       1.8204       2.7578
 6586.63       1.8147       2.6781
 6587.67       1.1828       2.6090
 6588.71       0.6261       2.6263
 6589.75       0.6592       2.7058
 6590.78       0.9849       2.7322
 6591.82       1.3598       2.7237
 6592.86       1.6395       2.7679
 6593.90       1.8331       2.8907
 6594.93       2.3523       3.0806
 6595.97       3.1425       3.2506
 6597.01       2.7169       3.3138
 6598.05       1.5466       3.2618
 6599.09       1.1895       3.1791
 6600.12       1.7373       3.0868
 6601.16       2.5174       3.1465
 6602.20       2.9480       3.4866
 6603.24       2.3765       3.8571
 6604.27       1.4141       3.9937
 6605.31       1.3819       3.9697
 6606.35       2.7000       3.8438
 6607.39       4.1688       3.6520
 6608.43       3.1812       3.2845
 6609.46       0.3329       2.8251
 6610.50      -1.3216       2.5111
 6611.54      -0.7238       2.4848
 6612.58       0.9932       2.6101
 6613.61       1.6863       2.6403
 6614.65       1.4965       2.6305
 6615.69       1.6317       2.7004
 6616.73       2.4734       2.7333
 6617.77       2.8200       2.6924
 6618.80       1.5171       2.6142
 6619.84       1.8194       2.6647
 6620.88       3.2044       2.7753
 6621.92       2.2076       2.7255
 6622.95       0.6005       2.6088
 6623.99       0.1984       2.5688
 6625.03       0.5382       2.6054
 6626.07       0.6064       2.6957
 6627.10      -0.0224       2.7947
 6628.14       0.4554       2.9311
 6629.18       1.7077       3.0670
 6630.22       2.2296       3.1489
 6631.26       1.5155       3.0618
 6632.29       0.7114       2.9825
 6633.33       1.5884       3.1866
 6634.37       2.2220       3.3885
 6635.41       1.2595       3.3183
 6636.44       0.4425       3.1543
 6637.48       0.2218       2.9544
 6638.52       0.3886       2.7702
 6639.56       1.8798       2.7604
 6640.60       3.0540       2.8098
 6641.63       2.1280       2.7350
 6642.67      -0.1082       2.5645
 6643.71      -1.1258       2.4549
 6644.75       1.1079       2.5776
 6645.78       2.6558       2.6563
 6646.82       1.0951       2.5301
 6647.86       0.8811       2.5247
 6648.90       2.1237       2.6582
 6649.94       2.6842       2.7622
 6650.97       0.9859       2.6700
 6652.01      -0.7941       2.5243
 6653.05       0.9766       2.6241
 6654.09       2.0849       2.6592
 6655.12       0.9037       2.5426
 6656.16       1.8857       2.6521
 6657.20       2.6549       2.7480
 6658.24       1.0598       2.6219
 6659.27      -0.0378       2.5445
 6660.31      -0.1308       2.5853
 6661.35      -0.2321       2.6499
 6662.39       0.1793       2.6951
 6663.43       0.6380       2.7030
 6664.46       0.4924       2.7048
 6665.50      -0.1321       2.7336
 6666.54      -0.4548       2.7912
 6667.58       0.2103       2.8369
 6668.61       1.1199       2.8364
 6669.65       1.2809       2.7864
 6670.69       1.0651       2.6822
 6671.73       0.8531       2.6101
 6672.77       0.8213       2.6409
 6673.80       0.6005       2.5786
 6674.84       0.2396       2.4306
 6675.88       0.2843       2.4443
 6676.92       0.3928       2.4886
 6677.95       0.3045       2.4465
 6678.99       0.4181       2.4445
 6680.03       0.5781       2.4593
 6681.07       0.4967       2.4422
 6682.10      -0.2975       2.3867
 6683.14      -0.9645       2.3644
 6684.18      -0.4195       2.4425
 6685.22       0.2840       2.5096
 6686.26       0.4426       2.5306
 6687.29       0.6920       2.6143
 6688.33       0.6308       2.6368
 6689.37       0.1222       2.5419
 6690.41      -0.8510       2.4519
 6691.44      -0.8782       2.4687
 6692.48       0.7379       2.5774
 6693.52       1.9387       2.5863
 6694.56       2.1201       2.5160
 6695.60       2.3514       2.5561
 6696.63       2.6443       2.6306
 6697.67       2.5322       2.6648
 6698.71       1.3389       2.6894
 6699.75      -0.0865       2.6676
 6700.78      -0.4884       2.6186
 6701.82       0.7302       2.6652
 6702.86       2.3746       2.7540
 6703.90       2.8403       2.7544
 6704.94       1.0700       2.6619
 6705.97      -1.1621       2.5435
 6707.01      -1.2106       2.4719
 6708.05       0.5150       2.5293
 6709.09       2.1651       2.6496
 6710.12       2.5856       2.6349
 6711.16       2.7573       2.6195
 6712.20       3.7084       2.7359
 6713.24       2.4129       2.6677
 6714.27       0.7515       2.5319
 6715.31       2.0619       2.6137
 6716.35       1.9508       2.6331
 6717.39      -0.0420       2.5072
 6718.43       0.6683       2.4555
 6719.46       1.5299       2.4833
 6720.50       0.7452       2.5250
 6721.54       1.0516       2.4957
 6722.58       2.2443       2.5077
 6723.61       2.8624       2.6375
 6724.65       2.1632       2.5990
 6725.69       0.8647       2.4130
 6726.73       0.4685       2.3265
 6727.77       0.2533       2.3625
 6728.80      -0.0976       2.4336
 6729.84       0.0903       2.4199
 6730.88       0.8844       2.4200
 6731.92       1.8513       2.5160
 6732.95       1.9226       2.5579
 6733.99       2.0162       2.5680
 6735.03       3.1783       2.6186
 6736.07       3.7252       2.6440
 6737.10       3.3308       2.6326
 6738.14       3.0669       2.6172
 6739.18       2.5076       2.5981
 6740.22       1.4434       2.5634
 6741.26       0.2680       2.4992
 6742.29      -0.3560       2.4542
 6743.33      -0.0696       2.4738
 6744.37       1.5704       2.5808
 6745.41       2.5992       2.6640
 6746.44       1.4645       2.6232
 6747.48       0.7284       2.5347
 6748.52       1.4474       2.4846
 6749.56       2.1714       2.4970
 6750.60       1.6441       2.4409
 6751.63       0.2757       2.3100
 6752.67       0.3631       2.3330
 6753.71       1.4950       2.4307
 6754.75       2.0707       2.4458
 6755.78       2.4415       2.4360
 6756.82       2.0473       2.4185
 6757.86       0.6531       2.3961
 6758.90       0.2570       2.3818
 6759.94       1.2557       2.3988
 6760.97       1.9608       2.4684
 6762.01       1.8901       2.4914
 6763.05       1.5162       2.4310
 6764.09       2.1940       2.4019
 6765.12       2.5242       2.4062
 6766.16       1.1711       2.3952
 6767.20      -0.2526       2.3363
 6768.24      -0.0775       2.3068
 6769.27       1.8644       2.4046
 6770.31       2.5045       2.4452
 6771.35       1.1699       2.3798
 6772.39       1.0021       2.3972
 6773.43       1.4568       2.4112
 6774.46       1.3966       2.3530
 6775.50       1.5226       2.3505
 6776.54       1.5102       2.3915
 6777.58       1.0505       2.4029
 6778.61       0.5138       2.3667
 6779.65       0.4325       2.3359
 6780.69       1.1808       2.3961
 6781.73       0.6106       2.3681
 6782.77      -0.8669       2.2633
 6783.80       0.2350       2.3519
 6784.84       2.6581       2.5336
 6785.88       3.6128       2.6046
 6786.92       2.2548       2.5443
 6787.95       0.5674       2.4538
 6788.99       0.9918       2.4554
 6790.03       1.6563       2.4520
 6791.07       1.4748       2.4184
 6792.11       1.3276       2.4416
 6793.14       1.1578       2.4246
 6794.18       0.9374       2.3343
 6795.22       0.6026       2.2752
 6796.26       0.3830       2.2776
 6797.29       0.5379       2.3147
 6798.33       1.2385       2.4023
 6799.37       2.0703       2.4450
 6800.41       2.4768       2.3731
 6801.44       1.8676       2.3021
 6802.48       0.8908       2.3222
 6803.52       0.8728       2.3925
 6804.56       1.0492       2.4419
 6805.60       0.4984       2.4025
 6806.63      -0.6079       2.2400
 6807.67      -0.8271       2.1505
 6808.71       0.5677       2.2686
 6809.75       1.0379       2.3176
 6810.78       0.5959       2.2815
 6811.82       1.2287       2.3545
 6812.86       1.5683       2.4235
 6813.90       1.0329       2.3962
 6814.94       0.4661       2.2764
 6815.97       0.6791       2.2342
 6817.01       1.5233       2.3332
 6818.05       0.8883       2.3125
 6819.09       0.5857       2.2717
 6820.12       2.6236       2.3992
 6821.16       2.1707       2.4043
 6822.20      -0.5422       2.2950
 6823.24      -0.9454       2.3437
 6824.28      -0.4237       2.5001
 6825.31      -0.6828       3.0186
 6826.35      -1.4022       4.0324
 6827.39      -1.5378       5.5920
 6828.43      -0.4542       7.2562
 6829.46      -0.3242       8.1169
 6830.50       0.1968       8.2670
 6831.54       2.9346       8.2988
 6832.58       4.3457       8.2039
 6833.61       3.3995       7.9897
 6834.65       2.0993       7.6134
 6835.69       2.7090       7.0962
 6836.73       4.6566       6.2766
 6837.77       4.1997       5.0479
 6838.80       1.8733       3.8824
 6839.84       0.3769       3.3012
 6840.88      -0.0248       3.2968
 6841.92       0.7685       3.4823
 6842.95       2.0392       3.5721
 6843.99       2.8846       3.4330
 6845.03       2.5684       3.0729
 6846.07       1.4795       2.6708
 6847.11      -0.2825       2.3285
 6848.14      -1.6460       2.1351
 6849.18      -1.4040       2.1976
 6850.22       0.9098       2.4410
 6851.26       3.8303       2.6700
 6852.29       4.0338       2.7013
 6853.33       1.7886       2.5133
 6854.37       0.2345       2.2760
 6855.41       0.6762       2.1921
 6856.45       1.9072       2.2605
 6857.48       1.2193       2.2612
 6858.52      -0.0930       2.2256
 6859.56       0.4476       2.6588
 6860.60       3.5054       3.5147
 6861.63       6.5637       5.7873
 6862.67       6.6498       9.4064
 6863.71       3.9248      12.8398
 6864.75       0.7012      14.5433
 6865.78      -1.0084      14.1782
 6866.82       0.1614      11.6426
 6867.86       2.2841       8.3945
 6868.90       1.8946       5.9971
 6869.94       0.8184       5.4563
 6870.97       1.7279       5.9122
 6872.01       2.0387       5.8626
 6873.05       1.9847       4.9449
 6874.09       2.8798       4.3486
 6875.12       2.2485       3.7939
 6876.16       0.7039       3.3401
 6877.20       1.5275       3.3814
 6878.24       1.8151       3.4851
 6879.28       0.2712       3.4227
 6880.31       0.3773       3.7140
 6881.35       2.0347       4.0646
 6882.39       3.2564       4.0455
 6883.43       2.7170       3.6893
 6884.46       1.0714       3.2644
 6885.50       0.2536       3.0752
 6886.54       0.6834       3.3378
 6887.58       1.5317       4.0006
 6888.62       1.6893       4.8182
 6889.65       1.0773       5.1657
 6890.69       0.5159       4.8516
 6891.73       0.5989       4.3827
 6892.77       1.3253       3.9886
 6893.80       1.9613       3.6137
 6894.84       1.2822       3.1606
 6895.88       0.1091       2.7229
 6896.92       0.2395       2.5628
 6897.95       1.0848       3.0020
 6898.99       1.4855       3.7684
 6900.03       1.3086       4.1845
 6901.07       0.1825       4.1796
 6902.11      -1.1523       4.0237
 6903.14      -0.9329       3.8591
 6904.18       0.0657       3.5206
 6905.22       0.0878       2.8629
 6906.26       0.8859       2.5795
 6907.29       2.0540       2.6676
 6908.33       1.7063       2.5550
 6909.37       0.5191       2.6622
 6910.41      -0.1822       3.3170
 6911.45       0.2617       4.1912
 6912.48       0.5848       5.0280
 6913.52      -0.1291       5.4977
 6914.56       0.2897       5.3904
 6915.60       1.5430       4.6258
 6916.63       1.9269       3.4994
 6917.67       0.7519       2.6237
 6918.71      -1.1711       2.3833
 6919.75      -2.2777       2.5020
 6920.79      -1.7798       3.5679
 6921.82      -0.5912       5.4047
 6922.86      -0.8196       6.8628
 6923.90      -1.0321       7.4604
 6924.94       0.5613       7.3085
 6925.97       2.3450       6.1768
 6927.01       2.8060       4.6331
 6928.05       1.8232       3.4272
 6929.09      -0.2859       2.7322
 6930.12      -1.5523       2.3329
 6931.16      -0.3735       2.2298
 6932.20       1.6342       2.2122
 6933.24       2.2580       2.1858
 6934.28       1.5955       2.1768
 6935.31       0.8916       2.3316
 6936.35       1.2884       2.7680
 6937.39       2.7352       3.6611
 6938.43       3.3480       4.5918
 6939.46       1.5470       4.8806
 6940.50       0.0309       4.7760
 6941.54       0.4562       4.5470
 6942.58       1.1299       4.0842
 6943.62       1.3941       3.3542
 6944.65       1.2023       2.7367
 6945.69       1.7814       2.7733
 6946.73       1.7989       3.9421
 6947.77      -0.0823       5.8052
 6948.80      -0.7058       7.5909
 6949.84       0.3132       8.1789
 6950.88       0.3790       7.1865
 6951.92       0.5420       5.5848
 6952.96       1.2680       4.3582
 6953.99       1.3609       3.2812
 6955.03       0.7814       2.6193
 6956.07       0.2143       2.3836
 6957.11       0.8259       2.3851
 6958.14       1.5645       2.3674
 6959.18       0.8466       2.3700
 6960.22      -0.2291       2.2736
 6961.26      -0.3014       2.1670
 6962.29       0.6691       2.2450
 6963.33       2.3139       2.3763
 6964.37       3.1384       2.4226
 6965.41       1.3448       2.3758
 6966.45      -0.7306       2.4553
 6967.48      -0.4474       2.8025
 6968.52       1.0461       3.2855
 6969.56       1.3627       3.6384
 6970.60      -0.8026       3.6557
 6971.63      -0.1837       3.6310
 6972.67       3.0765       3.5794
 6973.71       2.2164       3.0514
 6974.75       0.0384       2.7257
 6975.79      -0.0032       3.1795
 6976.82      -0.7530       4.0436
 6977.86      -1.1321       4.9710
 6978.90       0.2406       5.5849
 6979.94       2.1527       5.5641
 6980.97       2.9449       4.9039
 6982.01       2.0810       3.9445
 6983.05       0.8938       3.0903
 6984.09       0.8287       2.5651
 6985.12       2.0510       2.4162
 6986.16       2.0027       2.3506
 6987.20      -0.1687       2.1709
 6988.24      -0.8842       2.2046
 6989.28       0.8054       2.3760
 6990.31       3.0057       2.4600
 6991.35       3.7765       2.4041
 6992.39       2.8979       2.2913
 6993.43       2.2002       2.2629
 6994.46       1.8410       2.2974
 6995.50       1.6773       2.3258
 6996.54       1.7619       2.3437
 6997.58       1.7566       2.3351
 6998.62       1.6007       2.3373
 6999.65       1.6016       2.3606
 7000.69       2.2873       2.5025
 7001.73       3.6428       2.7756
 7002.77       2.8155       2.9855
 7003.80       0.3196       3.0517
 7004.84      -0.1403       3.0873
 7005.88       0.3453       2.9759
 7006.92       0.3138       2.7611
 7007.96       1.1930       2.6170
 7008.99       1.6456       2.7637
 7010.03       0.6964       3.1588
 7011.07      -0.5735       3.4427
 7012.11      -0.4974       3.5188
 7013.14       1.3887       3.5723
 7014.18       2.0589       3.3357
 7015.22       0.6687       2.8009
 7016.26       0.0447       2.2863
 7017.29       0.0470       2.0116
 7018.33      -0.0249       1.9630
 7019.37       0.3423       2.0041
 7020.41       0.5289       2.0157
 7021.45       0.0925       2.0138
 7022.48      -0.4797       1.9727
 7023.52      -0.4533       1.9434
 7024.56       0.3929       1.9843
 7025.60       0.9698       2.0403
 7026.63       0.9535       2.0720
 7027.67       1.5310       2.1065
 7028.71       1.9373       2.1458
 7029.75       1.4647       2.1724
 7030.79       0.8885       2.1511
 7031.82       0.5869       2.0916
 7032.86       0.4574       2.0332
 7033.90       0.5426       2.0199
 7034.94       0.4396       2.0180
 7035.97      -0.2781       1.9545
 7037.01      -0.0293       1.9593
 7038.05       1.4143       2.1044
 7039.09       2.0322       2.2721
 7040.12       1.5064       2.3995
 7041.16       0.8944       2.4942
 7042.20       1.6630       2.6130
 7043.24       2.9897       2.7547
 7044.28       2.9081       2.8509
 7045.31       2.5345       2.9812
 7046.35       2.5454       3.2242
 7047.39       2.6837       3.5229
 7048.43       1.5342       3.6852
 7049.46      -0.3745       3.6335
 7050.50       0.2185       3.5434
 7051.54       2.5605       3.4224
 7052.58       3.8580       3.2060
 7053.62       2.4700       2.8876
 7054.65       0.3462       2.5851
 7055.69       0.7691       2.4755
 7056.73       2.0092       2.4024
 7057.77       2.4080       2.2860
 7058.80       2.7040       2.3030
 7059.84       2.2945       2.3724
 7060.88       1.5802       2.4193
 7061.92       2.4071       2.5146
 7062.96       3.6480       2.6244
 7063.99       3.3755       2.6869
 7065.03       2.2459       2.6767
 7066.07       1.6313       2.6662
 7067.11       2.5864       2.7452
 7068.14       1.8735       2.7051
 7069.18      -0.2074       2.5604
 7070.22       2.0452       2.6682
 7071.26       4.2394       2.7666
 7072.29       2.1367       2.6059
 7073.33       0.7261       2.5207
 7074.37       0.3831       2.5047
 7075.41      -0.8691       2.4018
 7076.45      -0.7410       2.3579
 7077.48       0.3922       2.3924
 7078.52       0.3321       2.4090
 7079.56      -0.3034       2.4230
 7080.60      -0.3105       2.4761
 7081.63       0.8506       2.6017
 7082.67       1.2940       2.6745
 7083.71      -0.0169       2.6228
 7084.75       0.3816       2.6114
 7085.79       2.0591       2.6791
 7086.82       2.1844       2.7293
 7087.86       1.8260       2.7894
 7088.90       1.6709       2.8465
 7089.94       1.2625       2.8634
 7090.97       0.9994       2.8045
 7092.01       1.1638       2.6782
 7093.05       1.9589       2.5638
 7094.09       2.3088       2.4466
 7095.13       1.5569       2.3024
 7096.16       0.8297       2.1768
 7097.20       0.9597       2.1316
 7098.24       1.7587       2.2103
 7099.28       1.9690       2.2185
 7100.31       1.5225       2.1327
 7101.35       2.0935       2.1859
 7102.39       2.4652       2.2610
 7103.43       1.6304       2.2255
 7104.46       0.7714       2.1667
 7105.50       0.4649       2.1274
 7106.54       0.6380       2.1202
 7107.58       0.5417       2.1257
 7108.62       0.5563       2.1637
 7109.65       1.7574       2.2742
 7110.69       2.2592       2.2752
 7111.73       1.2571       2.1350
 7112.77      -0.0008       2.0304
 7113.80       0.1285       2.0690
 7114.84       1.6182       2.1917
 7115.88       2.2953       2.2187
 7116.92       1.1652       2.1135
 7117.96      -0.6673       2.0036
 7118.99      -1.1413       1.9883
 7120.03      -0.0625       2.0483
 7121.07       0.5587       2.0583
 7122.11       0.8087       2.0491
 7123.14       1.0214       2.0719
 7124.18       0.6423       2.0605
 7125.22       0.8791       2.1595
 7126.26       2.2203       2.4097
 7127.30       2.4713       2.5114
 7128.33       1.6779       2.4605
 7129.37       1.3810       2.4538
 7130.41       1.9655       2.5036
 7131.45       2.4815       2.5414
 7132.48       1.2892       2.4532
 7133.52       0.6146       2.4003
 7134.56       1.7477       2.4527
 7135.60       2.2896       2.4084
 7136.63       1.9643       2.2800
 7137.67       1.6432       2.1975
 7138.71       1.1308       2.1523
 7139.75       0.8408       2.1869
 7140.79       1.1336       2.3053
 7141.82       1.3981       2.5943
 7142.86       1.2982       2.9340
 7143.90       1.2431       3.0399
 7144.94       1.3799       2.9850
 7145.97       1.4527       2.9330
 7147.01       0.9856       2.8431
 7148.05      -0.1414       2.6904
 7149.09      -1.3205       2.4811
 7150.13      -0.6710       2.4062
 7151.16       1.0520       2.4114
 7152.20       1.3238       2.3110
 7153.24       1.2410       2.2201
 7154.28       1.6046       2.2123
 7155.31       1.0854       2.1937
 7156.35       0.8879       2.2180
 7157.39       1.5795       2.3011
 7158.43       0.9422       2.2823
 7159.47      -0.5935       2.2082
 7160.50      -1.1066       2.2181
 7161.54      -0.6974       2.3738
 7162.58       0.2478       2.5375
 7163.62       1.4012       2.4855
 7164.65       1.8055       2.4116
 7165.69       1.5009       2.4760
 7166.73       1.5556       2.4768
 7167.77       1.9521       2.5289
 7168.80       2.1200       2.6947
 7169.84       2.2487       2.6150
 7170.88       2.2328       2.4199
 7171.92       1.9526       2.4767
 7172.96       1.5141       2.5643
 7173.99       1.0505       2.6089
 7175.03       0.4641       2.7435
 7176.07       0.8283       2.9966
 7177.11       1.8947       3.1892
 7178.14       1.0330       2.8747
 7179.18       0.0226       2.5280
 7180.22       1.1742       2.6903
 7181.26       1.2693       2.7192
 7182.30       0.1813       2.5461
 7183.33       0.2780       2.5998
 7184.37       0.7105       2.6887
 7185.41       1.0245       2.6463
 7186.45       2.0183       2.5270
 7187.48       2.2644       2.4134
 7188.52       1.3172       2.3537
 7189.56       1.5737       2.2294
 7190.60       2.3006       2.1397
 7191.64       1.6737       2.2059
 7192.67       1.0265       2.2406
 7193.71       0.8593       2.1688
 7194.75       0.6071       2.0982
 7195.79       0.6432       2.1045
 7196.82       0.9807       2.1930
 7197.86       1.1790       2.2590
 7198.90       1.2597       2.3099
 7199.94       1.4281       2.3883
 7200.97       1.7811       2.4908
 7202.01       2.0217       2.5702
 7203.05       1.8177       2.5734
 7204.09       1.3627       2.4461
 7205.13       1.0170       2.2986
 7206.16       1.0573       2.3114
 7207.20       0.7872       2.3141
 7208.24       0.0367       2.1575
 7209.28      -0.4822       1.9459
 7210.31       0.1126       1.8561
 7211.35       1.6382       1.9518
 7212.39       2.8636       2.0259
 7213.43       2.6267       1.9956
 7214.47       1.0745       1.9569
 7215.50       0.5695       1.9521
 7216.54       1.4932       1.9640
 7217.58       1.7104       1.9174
 7218.62       0.5966       1.8544
 7219.65      -0.8407       1.8785
 7220.69      -0.8769       2.0566
 7221.73       0.4833       2.2859
 7222.77       1.7257       2.4025
 7223.81       3.4239       2.5111
 7224.84       3.6110       2.5050
 7225.88       0.4154       2.2166
 7226.92      -1.2946       2.0632
 7227.96       0.3438       2.1851
 7228.99       1.3759       2.2378
 7230.03       1.0359       2.1760
 7231.07       0.2042       2.1494
 7232.11      -0.6350       2.3200
 7233.14      -0.0635       2.6071
 7234.18       2.0164       2.9522
 7235.22       2.5343       3.4585
 7236.26       1.4606       4.7631
 7237.30       1.9434       6.5950
 7238.33       0.7495      10.7055
 7239.37      -2.6426      16.0813
 7240.41      -3.8611      18.1592
 7241.45      -3.0725      17.9761
 7242.48      -2.0583      18.1356
 7243.52       0.1951      16.7795
 7244.56       2.2052      15.4078
 7245.60       2.3910      15.6172
 7246.64       1.9104      14.9272
 7247.67       1.8913      11.8719
 7248.71       2.0027       8.2843
 7249.75       1.9389       5.5461
 7250.79       1.5248       4.2700
 7251.82       1.5273       4.1512
 7252.86       1.1827       4.4509
 7253.90       0.0927       4.6270
 7254.94      -0.4984       4.7558
 7255.98       0.3672       4.5391
 7257.01       2.3377       3.8795
 7258.05       3.0132       3.1616
 7259.09       1.7632       2.6945
 7260.13       0.6657       2.4471
 7261.16       0.1662       2.4909
 7262.20       0.2080       2.6431
 7263.24       0.8973       2.5612
 7264.28       1.7259       2.3982
 7265.31       2.1706       2.4996
 7266.35       2.5807       2.7242
 7267.39       2.5687       2.9252
 7268.43       1.5227       3.0512
 7269.47       0.8833       2.9690
 7270.50       1.2010       2.8613
 7271.54       1.4648       2.7063
 7272.58       1.0412       3.5463
 7273.62       0.3745       6.2681
 7274.65       1.1860      10.2763
 7275.69       2.7959      15.0739
 7276.73       3.3425      19.1387
 7277.77       3.3430      18.9184
 7278.81       2.8470      14.5560
 7279.84       1.4230       9.6416
 7280.88       1.0993       6.2245
 7281.92       2.3506       5.0092
 7282.96       3.3668       5.7526
 7283.99       2.9371       7.1854
 7285.03       1.5300       8.0918
 7286.07       1.7004       9.0502
 7287.11       2.5663       8.8141
 7288.15       1.7253       6.5282
 7289.18       0.3018       4.1344
 7290.22      -0.1504       3.0056
 7291.26       1.1654       2.6884
 7292.30       1.4628       3.2205
 7293.33      -0.0253       3.9317
 7294.37       0.7282       0.1488
 7295.41       2.7485       2.8245
 7296.45       2.8050      18.3036
 7297.48      -2.6200      37.6535
 7298.52      -8.9372      44.5756
 7299.56      -8.9523      32.3723
 7300.60      -3.3684      15.0759
 7301.64       2.9308       6.7772
 7302.67       6.2664       5.5192
 7303.71       5.5430       7.4082
 7304.75       3.4669       6.8165
 7305.79       2.1789       6.0975
 7306.82       2.3175       5.0283
 7307.86       2.3945       3.8010
 7308.90       2.0752       3.5025
 7309.94       1.6566       3.6683
 7310.98       2.2019       3.2924
 7312.01       1.3828       2.6796
 7313.05      -0.6448       3.7254
 7314.09      -0.9776       7.5192
 7315.13       1.3780      12.9960
 7316.16       4.3624      17.2851
 7317.20       3.8280      19.0456
 7318.24       1.1123      17.0694
 7319.28       0.3929      12.2850
 7320.31       0.2060       7.2104
 7321.35       0.1333       3.8253
 7322.39       1.2883       2.2530
 7323.43       0.6865       1.8878
 7324.47      -1.3820       1.7707
 7325.50      -0.6128       2.2790
 7326.54       2.8683       3.6202
 7327.58       5.7364       5.6339
 7328.62       4.4014       7.3340
 7329.65       1.0812       8.1246
 7330.69       0.6627       8.0485
 7331.73       1.4972       6.7661
 7332.77       1.9758       4.8478
 7333.81       2.6119       3.3387
 7334.84       1.7856       2.4140
 7335.88      -0.2651       2.1486
 7336.92      -1.0063       2.4728
 7337.96      -0.4297       4.5192
 7338.99       0.0427       8.5711
 7340.03      -0.3004      13.9806
 7341.07      -0.4566      17.7987
 7342.11       1.0507      17.4880
 7343.15       1.7979      14.3783
 7344.18       0.6967      10.5630
 7345.22      -1.0801       6.3604
 7346.26      -0.4723       3.6807
 7347.30       2.5673       2.7815
 7348.33       2.8103       2.5646
 7349.37       1.1247       2.3719
 7350.41       1.1138       2.4729
 7351.45       2.2504       2.6869
 7352.48       2.9628       2.7644
 7353.52       1.9076       2.6829
 7354.56       0.9939       2.5665
 7355.60       1.6294       3.1938
 7356.64       3.3203       5.2297
 7357.67       2.9524       7.2397
 7358.71      -0.2081       7.8080
 7359.75      -1.2742       8.1572
 7360.79      -0.1157       7.6545
 7361.82       0.2743       5.5491
 7362.86       0.6894       3.6456
 7363.90       1.0313       2.8356
 7364.94       0.6319       2.4508
 7365.98       0.6879       3.2079
 7367.01       1.1949       5.4200
 7368.05      -0.3364       8.5361
 7369.09      -1.2144      11.2153
 7370.13       0.7085      12.2495
 7371.16       2.4336      11.7347
 7372.20       1.9960       9.6460
 7373.24      -0.0697       6.3713
 7374.28       0.1018       3.8877
 7375.32       2.4588       2.8313
 7376.35       2.5926       2.3822
 7377.39       1.1906       2.2209
 7378.43       0.3386       2.0693
 7379.47       0.4370       2.0771
 7380.50       1.3830       2.1196
 7381.54       2.1201       2.1241
 7382.58       1.8916       2.0730
 7383.62       0.7031       1.9762
 7384.65      -0.5499       1.8897
 7385.69      -0.5510       1.8645
 7386.73       0.5305       1.9449
 7387.77       1.2234       2.0456
 7388.81       0.8857       2.3897
 7389.84       0.2700       3.1748
 7390.88       1.2217       4.3621
 7391.92       2.5347       5.4139
 7392.96       2.1852       5.7329
 7393.99       1.2207       5.3730
 7395.03       0.8200       4.5242
 7396.07       1.0835       3.4343
 7397.11       2.2472       2.6176
 7398.15       2.8510       2.6770
 7399.18       1.1536       3.6979
 7400.22      -1.6406       5.5223
 7401.26      -3.0118       7.4330
 7402.30      -1.8126       8.9623
 7403.33       0.4045       9.1994
 7404.37       1.0998       7.8964
 7405.41       1.7509       5.6675
 7406.45       1.9682       3.5579
 7407.49      -0.4107       2.1848
 7408.52      -0.9026       1.8144
 7409.56       1.7773       1.8838
 7410.60       2.4109       2.0274
 7411.64       1.4533       2.0507
 7412.67       1.2762       2.1216
 7413.71       0.7648       2.1790
 7414.75       0.4848       2.2026
 7415.79       1.2588       2.1880
 7416.82       0.8045       2.0792
 7417.86      -0.4896       1.9577
 7418.90       0.3869       1.9830
 7419.94       1.6641       2.0298
 7420.98       1.6035       1.9800
 7422.01       1.2813       1.9361
 7423.05       1.5785       1.9322
 7424.09       2.4698       1.9757
 7425.13       1.9868       1.9463
 7426.16       0.3857       2.0011
 7427.20      -0.2984       2.3101
 7428.24      -0.6881       2.8894
 7429.28      -0.9126       3.5069
 7430.32       0.0679       3.8508
 7431.35       0.7141       3.7608
 7432.39       0.2863       3.3836
 7433.43       0.8931       2.8386
 7434.47       1.9175       2.5195
 7435.50       1.8347       2.6825
 7436.54       1.1648       3.5638
 7437.58       0.9527       4.8226
 7438.62       1.8141       5.7758
 7439.66       2.0319       5.9754
 7440.69       1.1952       5.3877
 7441.73       1.4654       4.3178
 7442.77       1.9780       3.1889
 7443.81       1.5736       2.3130
 7444.84       1.0826       1.8859
 7445.88       1.0416       1.7946
 7446.92       1.4382       1.8498
 7447.96       1.5063       1.8942
 7448.99       1.1253       1.8464
 7450.03       1.0544       1.8383
 7451.07       0.9714       1.8385
 7452.11       0.7428       1.8262
 7453.15       1.0636       1.8389
 7454.18       1.0518       1.8214
 7455.22       0.2363       1.7674
 7456.26       0.8156       1.8576
 7457.30       1.9651       2.0233
 7458.33       1.5134       2.0724
 7459.37       0.5328       2.0946
 7460.41       0.0929       2.2086
 7461.45       0.0766       2.3820
 7462.49       0.4921       2.5948
 7463.52       0.9115       2.8165
 7464.56       1.5970       3.0485
 7465.60       0.9229       3.1667
 7466.64      -1.5056       3.1302
 7467.67      -2.6911       3.1086
 7468.71      -1.5296       3.2707
 7469.75       0.4774       3.5506
 7470.79       0.5859       3.9949
 7471.83      -0.7559       4.5394
 7472.86       0.3853       5.0421
 7473.90       2.0915       5.1178
 7474.94       1.9768       4.7191
 7475.98       2.0346       4.2291
 7477.01       1.7863       3.9688
 7478.05       0.4325       3.9855
 7479.09       0.5468       4.3458
 7480.13       1.6290       4.8995
 7481.16       0.7772       5.4004
 7482.20       1.1244       5.6586
 7483.24       2.9508       5.5351
 7484.28       1.3522       4.9801
 7485.32      -0.3348       4.3164
 7486.35       1.1371       3.7732
 7487.39       1.3414       3.1089
 7488.43       0.3229       2.4320
 7489.47       0.4948       2.0878
 7490.50       0.5888       2.0802
 7491.54      -0.0194       2.2109
 7492.58      -0.7264       2.3582
 7493.62      -1.2948       2.4518
 7494.66      -1.4455       2.4784
 7495.69      -1.1293       2.4336
 7496.73      -0.3718       2.2954
 7497.77       0.4854       2.0955
 7498.81       0.5643       1.9370
 7499.84       0.2984       1.8743
 7500.88       0.6786       1.8875
 7501.92       0.5372       1.8749
 7502.96      -0.1159       1.8141
 7504.00       0.1211       1.8262
 7505.03       0.4474       1.8444
 7506.07       0.2270       1.7987
 7507.11       0.6184       1.7243
 7508.15       0.8313       1.6605
 7509.18       0.0658       1.6422
 7510.22       0.4931       1.7396
 7511.26       1.3321       1.8378
 7512.30       0.1492       1.7871
 7513.33       0.2632       1.7625
 7514.37       2.4408       1.9270
 7515.41       3.4515       2.2024
 7516.45       2.4070       2.4358
 7517.49       0.7764       2.5725
 7518.52       1.3468       2.6325
 7519.56       3.2089       2.8301
 7520.60       3.4972       3.3875
 7521.64       2.3060       4.6908
 7522.67       0.5674       6.7171
 7523.71      -0.5545       8.6449
 7524.75      -0.6699       9.6189
 7525.79      -0.0146       9.2063
 7526.83       1.7978       7.6585
 7527.86       1.9142       5.6862
 7528.90      -0.4913       4.1181
 7529.94      -1.2807       3.6387
 7530.98       0.1500       3.8519
 7532.01       1.3176       3.9339
 7533.05       2.1161       3.6604
 7534.09       2.3642       3.0303
 7535.13       2.1182       2.4325
 7536.17       1.6838       2.0893
 7537.20       1.1207       2.0033
 7538.24      -0.3817       2.0409
 7539.28      -1.0407       2.1607
 7540.32       0.2557       2.3425
 7541.35       1.2257       2.4293
 7542.39       0.9567       2.3534
 7543.43       0.3871       2.1947
 7544.47       0.6586       2.0588
 7545.50       1.7432       1.9883
 7546.54       2.2833       1.9412
 7547.58       1.5758       1.8628
 7548.62       0.3301       1.7696
 7549.66       0.5649       1.8166
 7550.69       1.2175       1.8988
 7551.73       0.5269       1.8903
 7552.77       0.0107       1.8521
 7553.81       0.3639       1.9672
 7554.84       0.9901       2.2886
 7555.88       1.9061       2.7645
 7556.92       2.4909       3.1909
 7557.96       1.9740       3.3551
 7559.00       1.0618       3.2756
 7560.03       0.5967       3.0621
 7561.07      -0.4830       2.5928
 7562.11      -0.7331       2.1444
 7563.15       1.0588       2.0143
 7564.18       0.6950       1.9552
 7565.22      -1.1578       1.9474
 7566.26      -0.1023       2.2415
 7567.30       1.9173       2.5942
 7568.33       2.1620       3.0954
 7569.37      -0.0885       3.9388
 7570.41      -1.3943       5.2213
 7571.45       0.3933       6.5514
 7572.49       0.6514       7.3762
 7573.52      -0.9323       7.2444
 7574.56      -1.5358       6.2566
 7575.60      -1.0442       4.6707
 7576.64      -0.0267       3.1464
 7577.67       0.4427       2.2636
 7578.71       1.0759       2.0393
 7579.75       2.0164       1.9674
 7580.79       1.6227       1.8650
 7581.83       0.7466       1.7278
 7582.86       0.6603       1.8657
 7583.90      -0.2223       2.4000
 7584.94      -0.8415       3.2057
 7585.98       0.6109       3.8747
 7587.01       1.0821       4.1322
 7588.05      -0.4574       3.8464
 7589.09      -1.9406       3.0728
 7590.13      -0.9474       2.3817
 7591.17       1.8991       2.1693
 7592.20       2.3485       2.2285
 7593.24       0.2297       2.2854
 7594.28      -1.4839       2.6832
 7595.32      -1.4811       4.0716
 7596.35       0.3170       7.6499
 7597.39       2.2971      12.7616
 7598.43       2.5108      18.7810
 7599.47       0.8145      24.0803
 7600.50      -0.1565      25.8641
 7601.54      -2.2866      26.2578
 7602.58      -5.3070      27.3896
 7603.62      -0.9212      25.7801
 7604.66       4.9446      23.7968
 7605.69       3.1393      24.5385
 7606.73      -1.9473      24.1254
 7607.77      -4.0063      22.0632
 7608.81      -1.3130      21.8397
 7609.84       3.5144      21.0002
 7610.88       5.5180      17.5162
 7611.92       2.6250      13.0932
 7612.96      -0.2788       9.5994
 7614.00       1.2353       7.9846
 7615.03       2.0871       6.9650
 7616.07       1.3983       6.2872
 7617.11       1.3860       6.8143
 7618.15       0.9146       6.9504
 7619.18      -0.0091       6.1728
 7620.22      -0.3844       5.7335
 7621.26      -0.1980       5.5014
 7622.30      -0.0451       5.3615
 7623.33      -0.4014       5.4746
 7624.37      -1.0588       6.0196
 7625.41      -1.4770       7.1688
 7626.45      -1.2380       9.0735
 7627.49      -1.4094      11.4808
 7628.52      -3.0080      13.3490
 7629.56      -3.3432      14.9427
 7630.60      -1.5055      14.9971
 7631.64       0.3081      11.3487
 7632.67       1.0687       7.5903
 7633.71       0.6465       6.5141
 7634.75      -0.8780       5.6828
 7635.79      -1.8127       4.8189
 7636.83      -1.1511       4.6360
 7637.86      -0.3451       4.4083
 7638.90      -0.1244       4.0359
 7639.94       0.1414       4.0928
 7640.98       0.1445       4.3389
 7642.01       0.2923       4.4340
 7643.05       1.4661       4.3433
 7644.09       2.1535       4.0866
 7645.13       1.4885       3.8402
 7646.17       1.3175       3.7981
 7647.20       2.1377       3.8280
 7648.24       3.0264       3.7180
 7649.28       2.8737       3.5713
 7650.32       1.8308       3.5655
 7651.35       1.2626       3.7320
 7652.39       1.1417       4.1511
 7653.43       1.1509       4.4935
 7654.47       1.6049       4.2182
 7655.50       1.4771       3.6502
 7656.54       0.3944       3.3478
 7657.58      -0.8680       2.9196
 7658.62      -0.7531       2.7013
 7659.66       1.1622       3.1060
 7660.69       2.5670       4.1411
 7661.73       2.2629       5.1126
 7662.77       1.5872       5.2948
 7663.81       0.8428       4.6637
 7664.84       0.4908       3.7741
 7665.88       1.1916       3.0691
 7666.92       1.8124       2.6140
 7667.96       1.2311       2.1786
 7669.00       0.2456       1.9007
 7670.03      -0.4039       1.7844
 7671.07      -0.5652       1.8551
 7672.11      -0.0460       1.9390
 7673.15       0.5890       1.9056
 7674.18       0.6155       1.8176
 7675.22       0.4272       1.7969
 7676.26       0.6675       1.8830
 7677.30       1.2645       1.9000
 7678.33       1.6762       1.8726
 7679.37       1.5226       1.9209
 7680.41       0.7419       1.9906
 7681.45       0.6932       2.1269
 7682.49       2.5760       2.3780
 7683.52       3.1160       2.4509
 7684.56       1.1159       2.3193
 7685.60      -0.5811       2.3129
 7686.64      -0.6288       2.3771
 7687.67       0.5404       2.3814
 7688.71       1.8655       2.4896
 7689.75       1.7562       2.5637
 7690.79       0.1980       2.4384
 7691.83      -0.7987       2.4213
 7692.86      -0.1412       2.5303
 7693.90       1.1954       2.5225
 7694.94       1.4388       2.2944
 7695.98       0.1173       2.0778
 7697.01      -1.1851       2.3394
 7698.05      -1.1870       2.7223
 7699.09       0.0313       2.7525
 7700.13       0.8829       2.8179
 7701.17       1.1764       2.8867
 7702.20       1.8796       2.7284
 7703.24       1.8061       2.4441
 7704.28       1.3061       2.1595
 7705.32       1.6604       1.9728
 7706.35       2.8042       1.8576
 7707.39       3.2520       1.9939
 7708.43       0.8344       2.1405
 7709.47      -1.7938       3.5016
 7710.50      -1.5183       6.7675
 7711.54       1.0388      10.8338
 7712.58       2.1313      14.6844
 7713.62      -0.8099      17.3423
 7714.66      -3.3421      19.1869
 7715.69      -2.5930      20.4842
 7716.73      -1.3113      20.1532
 7717.77       0.3423      18.7025
 7718.81       1.7321      16.3779
 7719.84       1.0728      12.6221
 7720.88      -0.3639       8.3482
 7721.92      -0.5105       5.2475
 7722.96       0.7140       4.3360
 7724.00       1.5628       4.9179
 7725.03       0.3201       5.8723
 7726.07      -1.0304       6.2506
 7727.11      -0.8807       5.7198
 7728.15      -0.4859       4.8811
 7729.18       0.3711       3.9525
 7730.22       1.5580       3.0881
 7731.26       1.9575       2.5123
 7732.30       1.7302       2.3136
 7733.34       1.7458       2.4472
 7734.37       1.0753       2.6560
 7735.41       0.4143       2.7741
 7736.45       1.1979       2.9481
 7737.49       2.4603       2.9508
 7738.52       2.9069       2.7165
 7739.56       2.3552       2.4250
 7740.60       1.9536       2.2679
 7741.64       2.4401       2.2709
 7742.68       1.5376       2.2500
 7743.71       0.1651       2.1219
 7744.75       0.4825       2.2008
 7745.79       1.3574       2.1206
 7746.83       0.6785       3.3031
 7747.86      -3.1860       6.6371
 7748.90      -3.0330      12.3766
 7749.94       2.4497      18.3775
 7750.98       1.2761      21.4784
 7752.01      -1.8668      20.7056
 7753.05       1.2009      17.5033
 7754.09       2.7676      12.0034
 7755.13       1.0835       6.6012
 7756.17      -0.0688       3.6234
 7757.20       0.1215       3.7263
 7758.24       1.4511       5.4532
 7759.28       2.7182       7.6020
 7760.32       2.7566       9.0171
 7761.35       1.8122       9.2088
 7762.39       1.9499       7.7678
 7763.43       2.2338       5.3945
 7764.47       0.9270       3.2856
 7765.51       0.4033       2.1544
 7766.54       0.5613       1.8178
 7767.58      -0.5158       1.7671
 7768.62      -1.0602       1.8184
 7769.66      -0.0796       2.0249
 7770.69       1.4834       2.5756
 7771.73       1.8958       3.3284
 7772.77       0.5828       3.9680
 7773.81      -1.3077       4.3325
 7774.85      -1.9087       4.2571
 7775.88      -0.7777       3.8491
 7776.92       0.9861       3.4098
 7777.96       1.2535       3.5059
 7779.00      -1.0376       4.2245
 7780.03      -1.6643       5.3409
 7781.07       0.6824       6.1131
 7782.11       0.6662       6.0377
 7783.15      -0.5716       5.0752
 7784.18      -0.1600       3.8393
 7785.22       1.1644       2.9035
 7786.26       1.8444       2.4663
 7787.30       0.7264       2.3361
 7788.34       0.4721       2.3807
 7789.37       1.2297       2.7716
 7790.41      -0.6109       3.4592
 7791.45      -0.1564       5.7782
 7792.49       3.9336       9.8714
 7793.52       4.1102      13.6971
 7794.56       1.7390      15.9213
 7795.60       1.4618      16.0369
 7796.64       1.7737      13.2919
 7797.68       1.5185       8.8412
 7798.71       0.4475       4.7303
 7799.75      -0.1939       2.5007
 7800.79       0.0787       1.8242
 7801.83       0.1654       1.7867
 7802.86       0.3293       1.7548
 7803.90       0.6989       1.8538
 7804.94       0.4236       2.2490
 7805.98      -0.2389       3.4625
 7807.02      -0.4449       5.4094
 7808.05       0.3827       7.2116
 7809.09       1.8840       8.1119
 7810.13       3.0935       8.0401
 7811.17       2.7159       6.7737
 7812.20       1.3902       4.9216
 7813.24       1.4471       3.4560
 7814.28       1.9454       2.7194
 7815.32       1.4785       2.5042
 7816.35       1.3841       2.3886
 7817.39       2.0322       2.9664
 7818.43       2.9255       5.0240
 7819.47       1.1931       8.9197
 7820.51      -1.6342      13.9634
 7821.54      -0.6556      18.2307
 7822.58       0.0496      19.5674
 7823.62      -1.3337      17.3342
 7824.66       1.0618      12.5922
 7825.69       3.9905       7.5740
 7826.73       3.1683       4.0059
 7827.77       1.1782       2.5055
 7828.81       0.2775       2.1658
 7829.85       0.7907       2.1331
 7830.88       1.7789       2.1915
 7831.92       1.7899       2.1295
 7832.96       0.3950       2.0280
 7834.00       0.2321       1.9815
 7835.03       1.9567       2.0493
 7836.07       1.3144       1.9568
 7837.11      -0.4493       1.9758
 7838.15      -0.4094       2.5225
 7839.19       1.6118       3.9429
 7840.22       2.2605       5.7362
 7841.26      -1.6732       6.7807
 7842.30      -2.8780       7.2109
 7843.34       0.7319       6.9670
 7844.37       1.8444       5.5085
 7845.41       1.3596       3.7260
 7846.45       1.5882       2.7379
 7847.49      -0.3664       2.5152
 7848.52      -0.9944       3.1694
 7849.56       2.5788       4.8135
 7850.60       4.8172       8.2507
 7851.64       2.9485      13.3380
 7852.68      -0.5120      18.0832
 7853.71      -1.8414      20.9134
 7854.75      -0.0084      20.8341
 7855.79       1.4703      17.7493
 7856.83       1.5546      13.1159
 7857.86       1.2637       9.1920
 7858.90       2.3613       8.0061
 7859.94       4.2104       8.8208
 7860.98       4.7449       9.3754
 7862.02       2.5558       8.9296
 7863.05      -0.1152       7.2736
 7864.09       0.8846       5.4362
 7865.13       1.2951       4.0478
 7866.17      -0.6449       3.7276
 7867.20       1.6355       4.6769
 7868.24       4.3857       6.7161
 7869.28       2.9580       8.9538
 7870.32       2.7223      10.4311
 7871.35       3.7497      10.5427
 7872.39       2.6963       9.5863
 7873.43       1.3747       7.5208
 7874.47       0.9240       5.1869
 7875.51       0.8824       3.5798
 7876.54       0.5656       3.5529
 7877.58      -0.1141       4.7941
 7878.62       0.3107       6.3971
 7879.66       1.0593       7.6289
 7880.69       0.8587       8.3036
 7881.73      -0.4763       8.0719
 7882.77      -1.3049       7.0723
 7883.81       0.1352       5.8329
 7884.85       0.9333       4.4992
 7885.88       0.4856       3.8690
 7886.92       2.7045       4.6418
 7887.96       3.4023       7.0008
 7889.00       0.4297       9.8664
 7890.03       0.4444      11.9042
 7891.07       2.3661      12.2077
 7892.11       1.7866      11.0503
 7893.15       1.2489       8.4682
 7894.19       1.7071       5.5534
 7895.22       2.1401       3.5344
 7896.26       1.7797       2.7272
 7897.30       0.8754       2.4386
 7898.34       0.8527       2.3981
 7899.37       1.4575       2.2984
 7900.41       1.7376       2.2140
 7901.45       1.8909       2.1419
 7902.49       1.5795       2.0863
 7903.52       0.7481       2.0655
 7904.56      -0.0554       2.1035
 7905.60      -0.1769       2.1652
 7906.64       0.6399       2.2566
 7907.68       0.9337       2.1539
 7908.71       0.2119       2.4562
 7909.75      -0.4479       3.1978
 7910.79       0.8337       6.3868
 7911.83       3.8232      12.2838
 7912.86       2.1478      18.2263
 7913.90      -0.6088      22.0000
 7914.94       3.3227      23.0226
 7915.98       3.4320      19.6192
 7917.02      -1.5237      13.8092
 7918.05      -0.7872       9.0378
 7919.09       4.0746       8.0355
 7920.13       6.8107       9.7321
 7921.17       2.9896      11.3826
 7922.20      -1.9851      11.2747
 7923.24      -0.9983      10.0572
 7924.28       1.1399       7.5928
 7925.32       0.8158       4.7689
 7926.35      -1.3958       2.7523
 7927.39      -1.9985       2.2992
 7928.43       0.1964       3.3371
 7929.47       1.5606       5.3727
 7930.51       1.8898       7.4780
 7931.54       2.0925       8.7784
 7932.58       2.0253       8.9351
 7933.62       1.9079       7.8456
 7934.66       1.7472       5.9804
 7935.69       1.6478       4.0083
 7936.73       1.3845       2.5723
 7937.77       0.6002       1.9529
 7938.81       0.7584       1.9126
 7939.85       1.6457       1.8977
 7940.88       0.7225       1.9548
 7941.92      -0.6153       1.9814
 7942.96      -0.4687       2.0700
 7944.00      -0.6639       2.1293
 7945.03      -0.8954       2.3660
 7946.07       0.0051       2.9239
 7947.11       1.4055       3.9925
 7948.15       2.7824       5.3205
 7949.19       4.1818       6.2281
 7950.22       3.9318       6.4503
 7951.26       1.9716       5.9630
 7952.30       0.4530       4.7621
 7953.34      -0.0450       3.3503
 7954.37      -0.1830       2.2650
 7955.41      -0.1530       1.7821
 7956.45      -0.0449       1.6641
 7957.49       0.3040       1.6460
 7958.52       1.2250       1.6241
 7959.56       1.6565       1.7446
 7960.60      -0.8100       1.7730
 7961.64      -0.8824       3.5252
 7962.68       3.5679       7.7572
 7963.71       6.9891      12.7018
 7964.75       5.3025      16.1894
 7965.79      -0.2072      16.8826
 7966.83      -1.9349      15.3343
 7967.86       0.7270      12.1491
 7968.90       1.3049       7.6354
 7969.94       1.0863       4.3428
 7970.98       1.1825       3.0068
 7972.02       0.8893       2.4881
 7973.05       0.1842       2.2157
 7974.09      -0.1863       2.2318
 7975.13       2.1502       2.8255
 7976.17       4.6659       4.0694
 7977.20       3.8489       5.6299
 7978.24       2.3545       7.5159
 7979.28       1.4563       9.0570
 7980.32       0.0388       9.3232
 7981.36      -0.9427       8.3394
 7982.39      -0.6553       6.6587
 7983.43       1.6895       4.6668
 7984.47       2.8140       3.0666
 7985.51       0.8503       2.1599
 7986.54      -0.2209       1.9952
 7987.58       0.2956       2.0171
 7988.62       0.2399       2.1578
 7989.66       1.5091       3.0934
 7990.69       2.9225       6.1620
 7991.73       1.1034      11.0638
 7992.77       0.1733      16.1875
 7993.81       2.4906      19.2271
 7994.85       4.4087      19.4181
 7995.88       3.5966      16.1100
 7996.92       0.6932      10.6303
 7997.96      -0.2399       5.8451
 7999.00       0.8608       3.2839
 8000.03       0.7164       2.3593
 8001.07       0.3866       2.3993
 8002.11       0.7945       2.2515
 8003.15       2.2216       2.2880
 8004.19       1.7387       2.1845
 8005.22      -0.9620       1.9594
 8006.26      -0.1013       1.8908
 8007.30       2.0452       1.8982
 8008.34       0.8938       1.8532
 8009.37      -0.8694       1.7224
 8010.41      -1.0819       1.9867
 8011.45       0.4084       2.9522
 8012.49       0.5674       4.3325
 8013.53      -0.9437       5.6060
 8014.56       0.0739       6.4640
 8015.60       1.4647       6.5258
 8016.64       0.9156       5.8446
 8017.68       1.9332       4.7240
 8018.71       2.9311       3.6631
 8019.75       1.2052       3.0431
 8020.79       0.3531       2.8002
 8021.83       1.5281       3.2814
 8022.86       2.5842       4.6625
 8023.90       1.9819       7.3957
 8024.94       0.0166      10.9348
 8025.98      -0.8045      13.8031
 8027.02      -0.8050      14.7244
 8028.05      -0.9727      13.4790
 8029.09       0.8880      10.3693
 8030.13       3.1063       6.8596
 8031.17       2.9474       4.2812
 8032.20       1.7384       3.0632
 8033.24       1.1167       2.4959
 8034.28       1.3366       2.2791
 8035.32       1.0989       2.0795
 8036.36       0.0153       1.8604
 8037.39       0.6750       1.8260
 8038.43       1.5214       1.8470
 8039.47       0.5633       1.7886
 8040.51       0.0012       1.7853
 8041.54       0.3666       1.8447
 8042.58       0.6231       1.8882
 8043.62       0.2957       1.8302
 8044.66      -0.2218       1.7053
 8045.70       0.1760       1.6525
 8046.73       0.8632       1.6804
 8047.77       0.9164       1.8642
 8048.81       0.3281       2.2260
 8049.85      -0.1685       2.9684
 8050.88       0.0352       3.9790
 8051.92       1.5578       4.8366
 8052.96       2.3598       5.0903
 8054.00       0.1621       4.6714
 8055.04      -1.7713       3.6881
 8056.07      -1.1793       2.6514
 8057.11      -0.0156       1.9495
 8058.15       0.8746       1.9454
 8059.19       1.0715       2.7318
 8060.22       0.3111       4.3480
 8061.26      -0.2880       6.3039
 8062.30       0.2143       7.7723
 8063.34       0.8059       8.3084
 8064.37       0.6816       7.6065
 8065.41       0.0232       5.7770
 8066.45       0.0154       3.7531
 8067.49       1.0183       2.3701
 8068.53       1.9030       1.8404
 8069.56       1.7271       1.7654
 8070.60       0.7106       1.6206
 8071.64       0.2453       1.6182
 8072.68       0.8068       1.6959
 8073.71       1.6197       1.7912
 8074.75       1.4842       1.8881
 8075.79       0.8858       2.0001
 8076.83       1.8917       2.1290
 8077.87       2.2910       2.1842
 8078.90       0.8851       2.1188
 8079.94      -0.1371       1.9511
 8080.98       0.5054       1.8543
 8082.02       2.1806       1.9359
 8083.05       1.6714       2.0178
 8084.09      -0.2358       2.0959
 8085.13      -0.1388       2.2755
 8086.17       1.0251       2.3687
 8087.21       1.4846       2.2498
 8088.24       0.3681       1.9893
 8089.28      -0.2825       1.7505
 8090.32       1.0942       1.7578
 8091.36       3.1181       2.1638
 8092.39       3.7309       2.7203
 8093.43       2.3589       3.0373
 8094.47       0.3746       3.1251
 8095.51       0.2934       3.0513
 8096.54       2.9857       2.8979
 8097.58       4.4061       2.5234
 8098.62       2.6861       2.1772
 8099.66       0.8916       2.2857
 8100.70       1.1549       3.0103
 8101.73       3.0788       3.9701
 8102.77       3.6449       4.6878
 8103.81       2.2137       4.7761
 8104.85       0.7460       4.3322
 8105.88       0.0580       3.4732
 8106.92       0.4475       2.6615
 8107.96       1.2261       2.2894
 8109.00       1.8889       2.1669
 8110.04       2.1000       1.9597
 8111.07       1.9742       1.8322
 8112.11       1.6397       1.7919
 8113.15       1.2335       1.8125
 8114.19       0.4042       1.7065
 8115.22      -0.1764       1.5383
 8116.26       0.2661       1.5194
 8117.30       1.0764       1.6559
 8118.34       1.5979       1.7929
 8119.38       1.9322       1.7508
 8120.41       1.8392       1.6990
 8121.45       1.3829       1.7750
 8122.49       0.2945       1.7333
 8123.53       0.2055       1.7259
 8124.56       1.8632       1.9082
 8125.60       2.7507       2.0443
 8126.64       2.1555       2.0208
 8127.68       1.6087       1.9275
 8128.71       0.9217       1.8366
 8129.75       0.5339       1.8750
 8130.79       1.4068       2.1071
 8131.83       1.8778       2.2733
 8132.87       0.8914       2.2166
 8133.90       0.0009       2.0836
 8134.94       0.1565       2.1496
 8135.98       1.0441       2.4849
 8137.02       1.0281       2.9079
 8138.05      -0.0821       3.1139
 8139.09      -0.7189       2.9349
 8140.13      -0.9629       2.8579
 8141.17      -0.8920       2.9789
 8142.21      -0.2692       2.6272
 8143.24       0.6210       2.2049
 8144.28       1.2541       2.2660
 8145.32       0.6678       2.6480
 8146.36       0.1190       3.1314
 8147.39       1.0684       3.4675
 8148.43       1.5347       3.4850
 8149.47       0.7601       3.1319
 8150.51       0.0185       2.5371
 8151.54      -0.1917       2.0052
 8152.58       0.1514       1.7441
 8153.62       0.5790       1.7456
 8154.66       0.8036       1.8638
 8155.70       0.8933       1.9355
 8156.73       1.3582       1.9406
 8157.77       1.7711       1.8895
 8158.81       1.3483       1.8479
 8159.85       1.1151       1.8361
 8160.88       1.2689       1.9048
 8161.92       1.1231       2.1116
 8162.96      -0.1606       2.1674
 8164.00      -1.7401       1.9880
 8165.04      -0.4747       1.9584
 8166.07       1.4808       2.0370
 8167.11       0.9104       1.9986
 8168.15       0.3332       1.8865
 8169.19       0.2842       1.7728
 8170.22      -0.4665       1.7370
 8171.26      -0.8531       1.7136
 8172.30      -0.3140       1.6870
 8173.34       0.5284       1.7533
 8174.38       1.3953       1.8391
 8175.41       1.9707       1.8794
 8176.45       1.9677       1.9566
 8177.49       1.3862       2.0133
 8178.53       0.6432       1.9726
 8179.56       0.5778       1.9826
 8180.60       1.2981       2.0299
 8181.64       2.0220       1.9763
 8182.68       2.4369       1.8591
 8183.71       2.3292       1.7883
 8184.75       1.4938       1.8365
 8185.79       0.9411       1.9528
 8186.83       1.2813       2.0482
 8187.87       1.7977       2.0953
 8188.90       1.7041       2.2046
 8189.94       1.0013       2.4573
 8190.98       0.1908       2.3419
 8192.02       0.2487       2.0459
 8193.05       1.7732       2.2853
 8194.09       2.1451       2.5316
 8195.13       0.8015       2.3857
 8196.17       1.3632       2.2871
 8197.21       2.8670       2.3495
 8198.24       2.9841       2.4407
 8199.28       2.1846       2.3027
 8200.32       1.5430       1.9529
 8201.36       1.8563       1.6820
 8202.39       2.2362       1.6544
 8203.43       1.9624       1.8211
 8204.47       1.5445       2.0147
 8205.51       0.9314       1.9954
 8206.54       0.3119       1.7925
 8207.58       0.2219       1.7431
 8208.62       0.3884       1.8437
 8209.66       0.3265       1.8788
 8210.70      -0.3215       1.8016
 8211.73      -0.6952       1.6700
 8212.77       0.2084       1.6102
 8213.81       1.4844       1.6978
 8214.85       1.9677       1.8520
 8215.88       1.3401       1.9038
 8216.92       0.9249       1.8794
 8217.96       1.4396       1.8585
 8219.00       0.8371       1.7456
 8220.04      -0.2793       1.6494
 8221.07      -0.3331       1.6936
 8222.11       1.0296       1.7714
 8223.15       2.1212       1.8527
 8224.19       1.0754       2.0048
 8225.22      -0.8164       2.0570
 8226.26      -1.5212       2.0269
 8227.30      -0.7200       2.1330
 8228.34       0.5515       2.3359
 8229.38       1.0460       2.4616
 8230.41       1.6824       2.5137
 8231.45       2.2069       2.3950
 8232.49       1.9508       2.0944
 8233.53       1.3353       1.8572
 8234.56       0.8400       1.7764
 8235.60       0.6208       1.7435
 8236.64       0.3010       1.6718
 8237.68      -0.0887       1.5753
 8238.71       0.8500       1.6452
 8239.75       1.2370       1.7416
 8240.79      -0.2608       1.7167
 8241.83      -0.3972       1.8589
 8242.87       0.9624       2.0727
 8243.90       1.5689       2.0670
 8244.94       0.7840       1.9901
 8245.98      -0.2161       2.0101
 8247.02       0.6575       2.1292
 8248.05       1.7730       2.1690
 8249.09       1.4867       2.0290
 8250.13       1.6674       1.9205
 8251.17       1.2804       1.8379
 8252.21      -0.5819       1.7150
 8253.24      -0.1177       1.7700
 8254.28       1.6813       1.8975
 8255.32       0.7835       1.8302
 8256.36       0.0294       1.8285
 8257.39       0.8448       1.9615
 8258.43       0.7261       1.9580
 8259.47       0.4208       1.8023
 8260.51       0.8620       1.6454
 8261.54       1.3381       1.6670
 8262.58       1.4535       1.7986
 8263.62       1.2032       1.8364
 8264.66       0.7752       1.7579
 8265.70       0.4033       1.6393
 8266.73       0.1816       1.6009
 8267.77      -0.0088       1.5991
 8268.81       0.0930       1.6114
 8269.85       1.2676       1.7335
 8270.88       2.3156       1.8384
 8271.92       2.1898       1.8705
 8272.96       2.2232       2.0176
 8274.00       2.3213       2.2325
 8275.04       1.5934       2.4688
 8276.07       1.0085       3.7581
 8277.11       0.2704       6.5145
 8278.15      -2.2928       8.9653
 8279.19      -1.6660      13.0770
 8280.22       3.0571      18.0585
 8281.26       5.7936      18.8088
 8282.30       3.9751      15.7454
 8283.34       0.0263      12.6580
 8284.38       0.8914      10.5211
 8285.41       3.8106      10.6621
 8286.45       0.9632      12.5230
 8287.49      -2.9634      16.2830
 8288.53      -3.8208      19.5463
 8289.56      -2.4643      19.9075
 8290.60      -1.0278      16.4225
 8291.64      -0.8246      11.2351
 8292.68       1.3327       7.1287
 8293.71       2.8510       5.6790
 8294.75       0.9508       6.3871
 8295.79       2.8382      10.0403
 8296.83       6.4276      15.0463
 8297.87       3.7677      18.9177
 8298.90       0.5743      20.4869
 8299.94       0.9444      19.5568
 8300.98       1.5158      16.6165
 8302.02       2.0870      12.0988
 8303.05       2.2651       7.1417
 8304.09      -0.1290       4.0972
 8305.13      -2.4082       2.9068
 8306.17      -1.3034       2.3400
 8307.21       0.4524       2.5873
 8308.24       0.6017       3.5264
 8309.28      -0.5164       5.0108
 8310.32      -0.4811       6.8325
 8311.36       1.5121       8.1024
 8312.39       2.7518       7.6897
 8313.43       2.4848       5.8925
 8314.47       1.6188       4.0120
 8315.51       1.3427       2.8080
 8316.54       1.9539       2.4288
 8317.58       2.5787       2.3532
 8318.62       1.9543       2.4745
 8319.66       0.9486       2.4990
 8320.70       2.2188       2.4412
 8321.73       2.4071       2.2479
 8322.77       0.3035       2.0035
 8323.81       0.8476       1.8480
 8324.85       2.5915       1.7689
 8325.88       2.3108       1.6810
 8326.92       0.7228       1.5069
 8327.96      -0.3293       1.4035
 8329.00       0.5719       1.5855
 8330.04       1.1738       1.7183
 8331.07       0.6042       1.6461
 8332.11       0.9297       1.6086
 8333.15       1.4348       1.6186
 8334.19       1.4066       1.6845
 8335.22       1.4516       1.8264
 8336.26       1.9506       2.0634
 8337.30       2.7694       2.4691
 8338.34       1.9070       2.5372
 8339.38       0.7414       2.8613
 8340.41       1.9498       3.6614
 8341.45       4.6674      10.6702
 8342.49       5.9544      23.8967
 8343.53       2.5143      34.0994
 8344.56       1.1478      40.4052
 8345.60       5.6058      43.3547
 8346.64       6.2913      39.0906
 8347.68       2.7152      28.1196
 8348.71       0.4856      15.2616
 8349.75       0.4143       7.8659
 8350.79       1.0551       7.8799
 8351.83      -0.5721      11.0868
 8352.87       0.3384      15.3112
 8353.90       4.0805      17.1501
 8354.94       3.1626      14.7712
 8355.98      -0.7559       9.6587
 8357.02      -2.5541       5.3599
 8358.05      -1.1620       2.9255
 8359.09       1.0118       2.2566
 8360.13       0.6617       2.3784
 8361.17      -1.4616       2.8669
 8362.21      -2.6052       3.6460
 8363.24      -1.0927       5.1445
 8364.28       1.7247       6.6019
 8365.32       3.3371       7.2072
 8366.36       3.0455       6.9587
 8367.39       2.1981       5.8495
 8368.43       2.3705       4.2681
 8369.47       1.9860       2.8263
 8370.51       0.7730       1.9161
 8371.55      -0.2980       1.5505
 8372.58       0.0973       1.5889
 8373.62       1.5924       1.6469
 8374.66       2.2860       1.7113
 8375.70       2.1325       1.7137
 8376.73       1.7180       1.8548
 8377.77       0.7761       1.9384
 8378.81      -0.2237       2.7034
 8379.85      -0.7212       4.5832
 8380.88      -0.8411       7.3551
 8381.92      -0.2424      10.0889
 8382.96       1.7201      11.6208
 8384.00       0.9112      11.0675
 8385.04      -2.5029       8.7393
 8386.07      -3.0768       5.6577
 8387.11      -0.7701       3.2611
 8388.15       1.4459       2.0991
 8389.19       1.7888       1.9526
 8390.22       0.9088       2.0612
 8391.26       0.9632       2.1120
 8392.30       1.4905       2.1184
 8393.34       1.6511       2.0687
 8394.38       0.8426       1.9391
 8395.41       0.5921       2.6320
 8396.45       1.7073       6.6416
 8397.49       4.2651      15.2530
 8398.53       3.0367      25.3001
 8399.56      -3.0679      31.3252
 8400.60      -3.7212      31.8989
 8401.64       1.0757      26.5397
 8402.68       3.5452      17.3977
 8403.72       2.4392       8.5550
 8404.75       0.1207       3.0615
 8405.79       0.7269       1.4740
 8406.83       1.6425       1.8312
 8407.87       0.4780       1.5625
 8408.90       0.0127       1.6234
 8409.94       0.6163       1.5751
 8410.98       1.3506       1.7143
 8412.02       1.4289       2.7442
 8413.05       0.9870       5.3672
 8414.09       1.0814       8.8338
 8415.13      -0.0801      11.7966
 8416.17      -1.9692      12.9959
 8417.21      -2.0747      12.4037
 8418.24       0.3412       9.7673
 8419.28       3.3360       6.1016
 8420.32       3.7024       3.3123
 8421.36       1.9048       2.1140
 8422.39       0.7093       1.8364
 8423.43       1.0729       2.2022
 8424.47       1.4084       2.3830
 8425.51      -0.8911       2.4072
 8426.55      -1.6971       3.5395
 8427.58      -0.1744       8.8460
 8428.62      -0.9863      19.1536
 8429.66      -3.7074      30.2127
 8430.70      -5.4545      36.0705
 8431.73      -3.4084      36.6121
 8432.77      -0.9595      30.3460
 8433.81      -2.6636      18.5191
 8434.85      -3.2573       8.3694
 8435.89      -1.0688       3.4858
 8436.92       0.1840       1.9466
 8437.96       0.0675       2.0288
 8439.00      -0.3392       1.6079
 8440.04       0.4763       1.5603
 8441.07       1.8596       1.5653
 8442.11       2.1965       1.5848
 8443.15       1.1988       1.5287
 8444.19      -0.1116       1.4522
 8445.22      -0.4094       1.5052
 8446.26      -0.3502       1.5078
 8447.30      -0.5268       1.5750
 8448.34      -0.5955       1.7199
 8449.38      -0.5412       3.0192
 8450.41       0.1181       5.9102
 8451.45       2.4876       9.3975
 8452.49       4.4483      11.9555
 8453.53       3.9868      12.4493
 8454.56       3.5385      10.8899
 8455.60       3.6852       7.9718
 8456.64       3.0020       4.6205
 8457.68       2.3511       2.5172
 8458.72       1.9810       1.8721
 8459.75       1.7826       1.8808
 8460.79       0.2149       1.7400
 8461.83      -2.0949       2.7705
 8462.87       0.9301       7.5300
 8463.90       3.8281      15.5402
 8464.94      -0.0245      22.7847
 8465.98      -2.8353      26.9523
 8467.02      -0.6067      26.3270
 8468.06       3.5534      21.5912
 8469.09       4.4632      13.6517
 8470.13       1.4075       5.8424
 8471.17       0.8702       2.2324
 8472.21       1.4643       1.9948
 8473.24       0.4558       1.8674
 8474.28       1.2570       2.1900
 8475.32       2.4998       2.2404
 8476.36       1.4834       2.1516
 8477.39       1.3676       1.9945
 8478.43       2.4566       1.8382
 8479.47       1.9220       1.6214
 8480.51       0.8209       1.4567
 8481.55       0.5055       1.4057
 8482.58       0.7544       1.4418
 8483.62       1.1956       1.4990
 8484.66       1.3219       1.5280
 8485.70       1.2410       1.5518
 8486.73       0.9451       1.5437
 8487.77       0.4929       1.5525
 8488.81       0.0623       1.4319
 8489.85      -0.1759       1.7630
 8490.89      -0.1153       2.9949
 8491.92      -0.0532       5.0769
 8492.96      -0.1644       7.2011
 8494.00      -0.3601       8.5422
 8495.04      -0.0642       8.5306
 8496.07       0.9052       7.3827
 8497.11       0.9849       5.2255
 8498.15       0.8326       3.1678
 8499.19       2.4367       2.3571
 8500.23       0.8978       2.0508
 8501.26      -3.2632       2.5236
 8502.30      -1.8638       5.0267
 8503.34      -1.6971       9.0646
 8504.38      -6.8625      12.8722
 8505.41      -5.7347      15.3286
 8506.45      -0.9387      15.1454
 8507.49      -0.6983      12.4582
 8508.53      -0.6674       8.1180
 8509.56       0.3202       4.1048
 8510.60      -0.1716       1.9169
 8511.64      -0.8096       1.4397
 8512.68      -0.4585       1.3386
 8513.72       0.6013       1.4856
 8514.75       1.2003       1.4759
 8515.79       0.5608       1.4277
 8516.83      -0.5034       1.3582
 8517.87      -1.2437       1.3488
 8518.90      -1.4770       1.4209
 8519.94      -0.6583       1.5628
 8520.98       0.3871       1.6841
 8522.02       0.3709       1.7024
 8523.06      -0.0672       1.6436
 8524.09       0.0784       1.5767
 8525.13       0.8727       1.5208
 8526.17       1.2830       1.4605
 8527.21       0.5522       1.3774
 8528.24      -0.7605       1.2941
 8529.28      -1.1768       1.2701
 8530.32       0.1520       1.3478
 8531.36       0.4763       1.3853
 8532.40      -0.1951       1.3674
 8533.43       2.0306       1.4734
 8534.47       2.3505       1.4837
 8535.51      -1.1020       1.5491
 8536.55      -1.9606       2.2602
 8537.58       0.4608       3.4531
 8538.62       2.8052       4.3815
 8539.66       1.8239       4.6474
 8540.70      -0.5861       4.2400
 8541.73       0.4384       3.5930
 8542.77       1.8346       2.6663
 8543.81       1.5658       1.8655
 8544.85       1.5999       1.6719
 8545.89       2.1331       2.5575
 8546.92       2.7223       4.2980
 8547.96       3.0359       6.2777
 8549.00       2.3231       7.6040
 8550.04       0.6591       7.7983
 8551.07       0.2269       6.8626
 8552.11       1.0501       5.2278
 8553.15       1.1857       3.3726
 8554.19       0.6583       2.1096
 8555.23       0.1605       1.5686
 8556.26       0.1939       1.4529
 8557.30       0.7390       1.4492
 8558.34       1.1812       1.4262
 8559.38       0.8802       1.3899
 8560.41       0.1731       1.3422
 8561.45      -0.1161       1.3299
 8562.49       0.5548       1.3688
 8563.53       1.2599       1.4083
 8564.57       0.4422       1.3792
 8565.60      -0.2639       1.3450
 8566.64       0.3494       1.3679
 8567.68       1.1220       1.4106
 8568.72       1.0080       1.4340
 8569.75       0.0323       1.4413
 8570.79       0.2028       1.5114
 8571.83       1.3017       1.6623
 8572.87       1.5244       1.8172
 8573.90       0.9720       1.8800
 8574.94       0.4310       1.8757
 8575.98       0.7108       1.9218
 8577.02       0.8684       1.9450
 8578.06       0.1637       1.8607
 8579.09      -0.7372       1.7061
 8580.13      -0.6734       1.5758
 8581.17       0.5607       1.5334
 8582.21       1.3972       1.4900
 8583.24       0.7681       1.4054
 8584.28      -0.7720       1.3374
 8585.32      -1.4914       1.5421
 8586.36      -0.8101       2.0980
 8587.40      -0.1347       2.7217
 8588.43      -0.1372       3.1595
 8589.47      -0.6404       3.2345
 8590.51      -1.3850       3.3638
 8591.55      -0.9806       2.3473
 8592.58       0.9583       2.5327
 8594.66      -4.9073      12.3592
 8595.70       4.0171      44.4994
 8596.74     -13.4033     149.9950
 8597.77     -50.9450     269.5070
 8598.81     -40.4106     227.7510
 8599.85      -4.3094     132.9920
 8600.89       8.4510     127.7370
 8601.92       6.5996      77.1237
 8602.96       0.4844       1.3083
 8605.04       0.7609       5.2380
 8606.07       0.4966       1.8678
 8607.11      -0.2049       1.9184
 8608.15      -0.4207       1.9743
 8609.19       0.3158       2.1820
 8610.23       0.7782       2.4661
 8611.26       0.5841       2.8279
 8612.30       0.2382       3.2866
 8613.34       0.8864       3.8370
 8614.38       2.0555       4.5432
 8615.41       2.2758       5.2895
 8616.45       1.6707       5.9601
 8617.49       0.9081       6.7408
 8618.53       0.1340       7.5730
 8619.57       0.9153       8.5896
 8620.60       2.8682       9.8264
 8621.64       2.5657      10.8414
 8622.68       1.3363      11.7508
 8623.72       2.0392      12.7094
 8624.75       2.2511      13.3779
 8625.79       2.2211      14.0309
 8626.83       3.9484      14.8724
 8627.87       3.8153      15.3506
 8628.91       1.0745      15.4019
 8629.94      -0.0162      15.6139
 8630.98      -0.5512      15.6510
 8632.02      -2.1096      15.1570
 8633.06      -3.5415      14.6180
 8634.09      -2.6926      14.1529
 8635.13       1.0057      13.6168
 8636.17       0.0639      12.5319
 8637.21      -3.9173      11.0591
 8638.24      -2.1241      10.2330
 8639.28       0.8412       9.4023
 8640.32       0.5629       7.9725
 8641.36      -0.4895       6.8285
 8642.40      -1.1630       5.7769
 8643.43      -0.7667       4.6830
 8644.47       1.5154       4.1179
 8645.51       2.9598       4.0841
 8646.55       0.9623       4.3935
 8647.58      -1.1089       5.5037
 8648.62      -1.5179       7.4415
 8649.66      -2.2943       9.4438
 8650.70      -2.1416      10.8555
 8651.74      -0.6256      11.7609
 8652.77       0.3077      12.5369
 8653.81       1.6093      13.3245
 8654.85       3.9353      13.8726
 8655.89       3.6680      14.1516
 8656.92       1.1582      14.2849
 8657.96      -0.3504      14.2947
 8659.00      -1.3371      14.2436
 8660.04      -1.9916      14.0995
 8661.08      -1.8670      13.7369
 8662.11      -0.2142      13.5163
 8663.15       2.2338      13.5539
 8664.19       3.6365      13.4716
 8665.23       2.5756      13.1579
 8666.26      -0.1694      12.7491
 8667.30      -3.3412      12.0497
 8668.34      -4.5442      11.2384
 8669.38      -2.8810      10.7714
 8670.42      -0.2140      10.6110
 8671.45       1.7582      10.3614
 8672.49       4.0606       9.9439
 8673.53       4.8248       9.2556
 8674.57       3.2022       8.4822
 8675.60       0.8401       8.1725
 8676.64      -0.9399       7.9600
 8677.68      -1.8665       7.3284
 8678.72      -2.0217       6.5267
 8679.75      -1.5598       5.9140
 8680.79      -0.2563       5.7953
 8681.83       0.7284       5.8127
 8682.87       0.7007       5.4765
 8683.91       0.2729       4.8961
 8684.94      -0.4504       4.3195
 8685.98      -1.2302       4.0053
 8687.02      -1.3149       3.9560
 8688.06      -0.7710       3.8760
 8689.09      -0.2861       3.5947
 8690.13      -0.3357       3.2072
 8691.17      -0.9335       2.9027
 8692.21      -1.8190       2.8116
 8693.25      -1.2885       2.9135
 8694.28       0.4958       2.9717
 8695.32       0.0743       2.7257
 8696.36      -0.4840       2.4493
 8697.40       1.4310       2.5192
 8698.43       0.7575       2.6562
 8699.47      -0.9568       2.8055
 8700.51       1.2122       3.0821
 8701.55       2.0024       3.0345
 8702.58      -0.2097       2.6387
 8703.62      -0.5287       2.3811
 8704.66      -0.0335       2.3314
 8705.70      -0.2695       2.3970
 8706.74       0.6180       2.6650
 8707.77       1.4543       2.8922
 8708.81       0.7848       2.8506
 8709.85       0.0841       2.5917
 8710.89       0.1638       2.2451
 8711.92       0.6593       1.9448
 8712.96       0.1117       1.7114
 8714.00      -1.0379       1.5429
 8715.04      -0.0457       1.5700
 8716.08       1.5693       1.5710
 8717.11       1.7129       1.6084
 8718.15       1.6154       2.2884
 8719.19       1.4138       3.5417
 8720.23       0.8173       4.6067
 8721.26       1.6343       4.2154
 8722.30       2.9760       2.7076
 8723.34       2.2179       1.6862
 8724.38       0.9250       1.4922
 8725.42       0.4780       1.6813
 8726.45      -0.3024       1.8426
 8727.49      -1.0294       1.7981
 8728.53      -1.0944       1.7312
 8729.57       0.0423       1.7222
 8730.60       0.9604       1.7102
 8731.64       0.1477       1.5709
 8732.68       0.2453       1.5384
 8733.72       1.7579       1.6516
 8734.75       1.9318       1.6956
 8735.79       1.9066       1.7082
 8736.83       2.6493       1.7842
 8737.87       3.0401       1.9378
 8738.91       2.5673       2.0773
 8739.94       1.5204       2.1055
 8740.98       1.2156       2.1069
 8742.02       1.4803       2.1057
 8743.06       1.0493       2.0543
 8744.09       0.9090       1.9620
 8745.13       0.9867       1.8391
 8746.17       0.0146       1.7017
 8747.21      -1.0786       1.6365
 8748.25      -1.1719       1.6787
 8749.28      -0.6635       1.7663
 8750.32       0.1144       1.8490
 8751.36       0.7768       1.9096
 8752.40       1.5569       1.9616
 8753.43       1.6931       1.9267
 8754.47       0.1135       1.7609
 8755.51      -0.4095       2.0646
 8756.55       0.2075       3.8698
 8757.58      -2.0170       6.2879
 8758.62      -4.5178      11.3185
 8759.66      -4.0888      18.9614
 8760.70      -2.6693      25.6448
 8761.74      -0.8804      28.5847
 8762.77       1.2717      27.7875
 8763.81      -0.5193      23.5740
 8764.85      -4.0083      20.7941
 8765.89      -3.5158      22.4482
 8766.92       1.4770      28.6806
 8767.96       6.3476      34.3520
 8769.00       6.0500      35.3507
 8770.04       1.3222      29.4863
 8771.08      -2.5166      20.1066
 8772.11      -1.2456      10.7757
 8773.15       2.3638       5.8327
 8774.19       2.3537       6.4587
 8775.23      -1.0738      12.2908
 8776.26      -3.4617      21.1115
 8777.30      -0.5968      31.0191
 8778.34       3.7614      37.3335
 8779.38       4.7173      36.9711
 8780.42       2.9648      30.1791
 8781.45       1.1024      19.9211
 8782.49       1.6641      10.4644
 8783.53       5.7741       4.9429
 8784.57       9.3598       3.4678
 8785.60       7.9034       4.3088
 8786.64       3.8028       6.5139
 8787.68       1.5028       8.2350
 8788.72       2.9300       8.1648
 8789.75       3.9438       8.5542
 8790.79       1.3356      10.9365
 8791.83      -1.2228      12.7591
 8792.87      -0.6120      12.5953
 8793.91       2.9709      10.6940
 8794.94       3.3493       7.0615
 8795.98       0.2844       3.4592
 8797.02      -0.3438       1.8607
 8798.06      -0.2130       1.7125
 8799.09      -0.6642       1.5962
 8800.13      -0.0874       1.7211
 8801.17       0.6166       1.7626
 8802.21       0.5983       1.7519
 8803.25       1.1882       1.7644
 8804.28       1.5149       1.7367
 8805.32       0.3180       1.6161
 8806.36      -0.7367       1.5925
 8807.40      -0.8951       1.8625
 8808.43      -1.2192       2.3375
 8809.47      -0.3352       2.9103
 8810.51       1.3920       3.3027
 8811.55       1.0934       3.2559
 8812.58      -0.1006       2.8466
 8813.62       0.0371       2.3886
 8814.66       0.9167       2.0253
 8815.70       1.5742       1.8297
 8816.74       1.3619       1.7582
 8817.77       0.8181       1.7517
 8818.81       0.8086       1.7737
 8819.85       1.6814       2.0257
 8820.89       1.8281       1.9570
 8821.92       0.6017       2.7414
 8822.96      -1.4500       2.8929
 8824.00      -0.0455      10.3523
 8825.04       5.7018      28.9932
 8826.08       2.7855      53.6410
 8827.11      -4.4487      73.8277
 8828.15      -1.0865      80.8172
 8829.19       1.3553      71.5441
 8830.23      -1.8554      51.5186
 8831.26       0.6875      27.3047
 8832.30       2.4350      11.6060
 8833.34      -1.4049       8.8720
 8834.38      -1.7898      14.7186
 8835.42       0.9860      22.1422
 8836.45       1.8938      27.3994
 8837.49      -1.0938      28.8342
 8838.53      -3.9282      25.7329
 8839.57      -0.3300      19.1681
 8840.60       2.4088      11.1964
 8841.64      -0.0028       4.6383
 8842.68      -1.4671       2.0565
 8843.72      -1.3882       2.1609
 8844.75      -1.0909       2.3082
 8845.79      -0.2252       2.6260
 8846.83      -0.1754       3.4783
 8847.87      -1.7486       5.4516
 8848.91      -2.5726       7.8811
 8849.94      -2.4457       9.7462
 8850.98      -4.2226      10.3307
 8852.02      -2.6893       9.4405
 8853.06       2.5697       7.5154
 8854.09       3.1738       4.8180
 8855.13       0.8140       2.7451
 8856.17       0.5673       2.0528
 8857.21       0.4871       2.0191
 8858.25       0.1540       1.9789
 8859.28      -0.0444       2.1057
 8860.32      -0.3495       2.4326
 8861.36      -0.5731       2.8972
 8862.40      -0.1251       3.2108
 8863.43       0.0715       3.4838
 8864.47      -0.6316       5.0472
 8865.51      -1.9729       9.0407
 8866.55      -2.1925      14.9366
 8867.58      -0.5929      19.9153
 8868.62      -0.7263      21.8758
 8869.66      -2.4314      19.7438
 8870.70      -2.4523      14.7907
 8871.74      -1.8149       8.7471
 8872.77      -1.2961       3.9272
 8873.81      -0.1275       2.0317
 8874.85       0.4385       2.0406
 8875.89      -0.0609       1.8860
 8876.92      -0.0051       1.9560
 8877.96       0.6264       1.9625
 8879.00       0.7075       2.1412
 8880.04       0.8067       2.1762
 8881.08       0.2172       2.4420
 8882.11      -1.2170       2.6636
 8883.15      -5.7062       9.9160
 8884.19      -8.5245      27.5021
 8885.23       2.5660      48.9944
 8886.26      11.1480      64.1264
 8887.30       3.3710      65.6111
 8888.34      -3.6623      55.3464
 8889.38      -3.7328      37.4031
 8890.42      -2.1072      17.1548
 8891.45      -0.0008       5.6471
 8892.49       0.8961       3.2573
 8893.53       1.5223       3.0361
 8894.57       0.9346       3.1657
 8895.60       0.0456       3.1754
 8896.64       1.8829       3.5967
 8897.68       3.7522       3.5589
 8898.72       2.3522       3.5284
 8899.75      -1.0684       4.4803
 8900.79      -3.0503       9.4601
 8901.83      -1.6506      18.3488
 8902.87       1.5860      27.5905
 8903.91       2.1365      32.6904
 8904.94      -3.1560      32.4286
 8905.98      -6.7390      25.8205
 8907.02      -3.3232      16.1956
 8908.06       1.4510       8.8523
 8909.09       3.0074       5.6213
 8910.13       0.8326       4.3395
 8911.17      -2.1914       4.3011
 8912.21      -2.6906       3.9142
 8913.25      -0.6727       4.0871
 8914.28       1.3353       3.1950
 8915.32       1.4733       4.2665
 8916.36       1.7684       6.4458
 8917.40       0.4915      26.0350
 8918.43      -2.1578      60.9815
 8919.47      -1.2584      94.6973
 8920.51       1.6890      85.0321
