 
TRANSIENT_NAME:     DES15S1lyi 
SNID:               1334423    
OBS_DATE:           2015-12-03
MJD:                57359. 
PHASE:              +17.   
MJD_MAX:            57336.0
TYPE:               101
SPEC_EVAL:          SNIa?
REDSHIFT:           0.3590  
REDSHIFT_ERR:       0.0005  
REDSHIFT_SOURCE:    Z_GAL
TELESCOPE:          AAT
INSTRUMENT:         AAOmega-2dF
 
======================================
 
# WAVE  FLUX  FLUX_ERR
 3756.72     -10.9752     149.3170
 3757.75      -2.0956     149.3890
 3758.79      -1.7329     145.7210
 3759.83      -7.4349     140.7340
 3760.87      -4.3673     139.6350
 3761.90       7.7636     144.7550
 3762.94       6.9305     147.9920
 3763.98       1.0393     149.4880
 3765.02       4.4835     144.3150
 3766.06       0.8516     136.6720
 3767.09       1.5055     135.9590
 3768.13       2.5801     132.6380
 3769.17     -22.2392     113.6820
 3770.21     -13.5481     125.3880
 3771.24      10.4180     147.3910
 3772.28      -5.6491     136.5660
 3773.32      -0.3450     140.5910
 3774.36      -0.9927     134.8820
 3775.40      -3.6091     129.1500
 3776.43       3.5647     142.2090
 3777.47      -7.6418     133.1700
 3778.51      14.0642     145.3090
 3779.55      19.6072     151.1320
 3780.58      11.4065     139.9250
 3781.62      14.4166     142.6760
 3782.66       6.2190     134.9120
 3783.70     -15.1215     117.3620
 3784.73     -11.6819     117.8840
 3785.77     -10.5072     119.1250
 3786.81     -11.3820     113.7150
 3787.85       7.0278     130.7370
 3788.89      10.4669     128.8950
 3789.92       5.6880     120.2440
 3790.96      -0.5334     118.0030
 3792.00      -8.1374     120.4540
 3793.04     -14.9204     109.7660
 3794.07      -6.2430     106.1440
 3795.11       0.2814     108.4800
 3796.15      -0.7484     110.8110
 3797.19       3.8858     110.6780
 3798.23      -0.6079     104.5110
 3799.26      -9.4164     110.5810
 3800.30      -1.3245     116.3170
 3801.34      -6.2060      93.7043
 3802.38       2.8095     103.6190
 3803.41      -2.9780      98.4855
 3804.45     -13.0718      90.9190
 3805.49      -2.4310      94.6913
 3806.53       3.4822      96.4291
 3807.57      -5.1204      88.0111
 3808.60       5.4200      93.8032
 3809.64       4.4310      95.7248
 3810.68     -13.4967      81.9750
 3811.72      -7.9774      81.3360
 3812.75      13.1173      95.8382
 3813.79       0.0557      90.2521
 3814.83       2.5071      90.2193
 3815.87       8.0160      98.1158
 3816.90     -10.3190      83.2210
 3817.94     -13.5072      76.0381
 3818.98      -0.4018      79.3812
 3820.02       7.4869      81.6580
 3821.06       5.8477      81.4933
 3822.09      12.4187      86.4663
 3823.13      -7.7998      69.1316
 3824.17       3.8856      75.2721
 3825.21      -2.5790      69.2559
 3826.24     -12.5592      61.8313
 3827.28      -1.7232      69.8399
 3828.32      16.8063      84.7450
 3829.36       9.4861      82.1911
 3830.40       6.5184      76.9010
 3831.43       8.4468      76.0076
 3832.47      -1.8181      68.8457
 3833.51      -7.7700      66.8780
 3834.55      -9.9584      63.5306
 3835.58      -0.9280      64.6592
 3836.62       1.5224      66.1310
 3837.66       0.3557      59.3946
 3838.70      11.5993      63.1628
 3839.74      10.8877      64.4184
 3840.77     -11.2184      52.6554
 3841.81       1.4408      56.5414
 3842.85      -0.0876      55.4598
 3843.89      -5.1075      54.7302
 3844.92       1.6611      57.2765
 3845.96      -8.9805      50.7576
 3847.00       6.7965      60.1770
 3848.04       5.9517      57.2634
 3849.07      -4.9422      51.0373
 3850.11      14.3155      61.0804
 3851.15      11.3494      58.2703
 3852.19      -1.9580      51.0128
 3853.23      -5.4848      49.7364
 3854.26      -0.2871      50.5744
 3855.30       4.3667      53.2104
 3856.34      -5.8740      49.1682
 3857.38      -2.0525      50.1395
 3858.41      -3.1503      48.0685
 3859.45       4.7347      49.1028
 3860.49       8.3943      51.4185
 3861.53       0.0713      48.9066
 3862.57      -3.1271      46.9568
 3863.60      -5.4072      47.2867
 3864.64       2.0704      50.0171
 3865.68      -1.3609      49.6055
 3866.72      -7.2451      44.2461
 3867.75      -6.4912      44.1260
 3868.79       6.6796      51.2527
 3869.83      -1.6838      46.5854
 3870.87      -5.7809      45.3258
 3871.91      -7.9472      39.5681
 3872.94      -0.9212      45.3735
 3873.98       9.6277      52.0356
 3875.02      11.3803      54.2294
 3876.06      -0.2290      47.6073
 3877.09      -1.1414      46.8067
 3878.13       4.0551      47.8402
 3879.17       1.4036      45.0298
 3880.21       6.1088      43.7780
 3881.24       1.9184      40.7137
 3882.28      -0.6435      41.6282
 3883.32      -3.6221      40.9927
 3884.36      -8.9017      37.0594
 3885.40      -2.1943      37.7554
 3886.43      -9.0489      34.6218
 3887.47      -4.9754      36.4909
 3888.51       1.8673      38.1222
 3889.55       4.5876      39.5438
 3890.58       0.4738      38.8042
 3891.62       4.0526      39.6034
 3892.66       9.2223      41.8935
 3893.70       7.7170      42.7954
 3894.74      -8.5677      32.8002
 3895.77      -4.7026      33.4498
 3896.81      -3.4474      33.0078
 3897.85     -10.9329      31.5114
 3898.89      -9.8337      32.0516
 3899.92      -0.2413      36.9587
 3900.96       1.6907      38.0298
 3902.00       0.6867      35.2934
 3903.04       0.8685      35.9986
 3904.07       0.3000      34.7573
 3905.11      -1.3756      36.6382
 3906.15      -1.0522      38.5807
 3907.19       2.2898      38.3196
 3908.23       3.1153      37.1450
 3909.26       1.3798      36.2887
 3910.30       3.2084      38.1217
 3911.34       3.0078      39.2208
 3912.38      -2.3584      36.7702
 3913.41      -6.8394      32.9598
 3914.45       3.5405      36.5560
 3915.49       1.6436      34.7437
 3916.53      -0.8461      31.2722
 3917.57      -2.2989      30.4189
 3918.60      -1.1394      30.0102
 3919.64       0.9212      29.8168
 3920.68       4.7241      31.7233
 3921.72       7.0716      31.1682
 3922.75       0.2498      28.8532
 3923.79      -2.6734      27.3771
 3924.83       4.3963      28.1045
 3925.87       6.0476      28.1997
 3926.91      -4.9162      23.0105
 3927.94       1.7408      23.8880
 3928.98       5.4268      24.3410
 3930.02      -4.6413      19.8589
 3931.06      -2.5527      19.2680
 3932.09       0.7736      19.8363
 3933.13      -1.1969      18.3806
 3934.17      -0.8296      18.2046
 3935.21      -4.2109      18.4363
 3936.24       0.9001      19.5019
 3937.28       1.4876      19.5300
 3938.32       0.1917      20.0060
 3939.36      -0.1662      20.2545
 3940.40       6.9541      23.8438
 3941.43       8.8483      23.0349
 3942.47       2.6707      21.1300
 3943.51       5.7953      22.2365
 3944.55       0.1564      19.5891
 3945.58      -0.8187      18.9152
 3946.62       1.4037      21.2466
 3947.66      -4.4258      19.8868
 3948.70       3.9854      21.4739
 3949.74      -1.9130      19.6423
 3950.77      -0.5374      20.2400
 3951.81       4.8825      21.7262
 3952.85       1.5605      20.5027
 3953.89       2.6271      21.3467
 3954.92       4.1917      21.6610
 3955.96      -1.2940      20.3087
 3957.00      -1.6003      18.6061
 3958.04      -1.3561      18.2173
 3959.08      -4.3497      17.0077
 3960.11      -0.1054      18.6103
 3961.15      -0.1215      19.4081
 3962.19       0.5671      19.0531
 3963.23       0.7016      17.2628
 3964.26      -2.7106      16.4490
 3965.30      -2.1073      16.0097
 3966.34      -1.3465      16.0393
 3967.38      -2.1760      15.3419
 3968.41      -4.8968      13.5487
 3969.45       0.7779      15.9823
 3970.49       1.4056      17.2976
 3971.53       1.4796      16.9184
 3972.57       5.7141      18.7459
 3973.60       4.1330      19.1542
 3974.64       5.7583      20.5740
 3975.68      -0.3919      18.9789
 3976.72      -1.6299      18.6047
 3977.75       1.8386      18.8959
 3978.79      -0.8254      19.1683
 3979.83       3.4754      20.9099
 3980.87       1.2152      19.0741
 3981.91       0.1908      19.9765
 3982.94      -0.2343      20.0008
 3983.98      -0.8487      18.6958
 3985.02       6.8153      20.7437
 3986.06       2.7160      19.8729
 3987.09       0.1632      18.5497
 3988.13       3.3757      20.6813
 3989.17     -11.2640      15.7638
 3990.21      -3.2291      18.0783
 3991.25       4.1291      20.7420
 3992.28       4.4701      20.4631
 3993.32      -0.8739      19.5071
 3994.36      -1.9045      17.8297
 3995.40      -1.8044      17.9011
 3996.43       2.3206      19.3935
 3997.47       1.0799      19.4732
 3998.51      -3.3436      19.2324
 3999.55      -2.2629      19.8451
 4000.58      -5.1900      19.6803
 4001.62      -0.2940      21.0806
 4002.66       2.1111      20.9875
 4003.70       0.6485      20.8691
 4004.74       0.5561      21.4731
 4005.77      -1.4126      20.7663
 4006.81      -1.4212      20.6012
 4007.85      -0.6279      22.5179
 4008.89       5.3599      25.4970
 4009.92       0.0267      23.7224
 4010.96       1.7730      24.1179
 4012.00       7.3674      24.9512
 4013.04       6.0626      25.0331
 4014.08       6.1628      24.9571
 4015.11       4.8407      23.9730
 4016.15       1.2557      22.7944
 4017.19      -3.7396      20.7634
 4018.23       1.3574      22.1226
 4019.26      -2.5360      21.2062
 4020.30      -3.4398      21.3415
 4021.34       1.1395      23.1589
 4022.38       8.2895      24.7249
 4023.42       5.6213      23.4346
 4024.45       1.6115      21.9051
 4025.49       2.9830      21.9092
 4026.53      -2.9488      19.6933
 4027.57      -0.0896      21.8738
 4028.60      -2.5104      20.8895
 4029.64      -0.2475      20.5947
 4030.68       0.3101      20.0850
 4031.72      -1.7890      18.5497
 4032.75       1.0007      20.6442
 4033.79       0.8643      20.3610
 4034.83      -1.6185      20.2539
 4035.87      -0.1176      20.0992
 4036.91      -1.5198      19.6301
 4037.94      -1.7794      19.7776
 4038.98       3.6565      21.1727
 4040.02       1.8723      21.0322
 4041.06      -1.9435      20.2664
 4042.09      -1.5270      21.4094
 4043.13       0.2022      22.0207
 4044.17       2.4129      20.9662
 4045.21       4.9686      21.4335
 4046.25       7.8798      22.7745
 4047.28       6.2304      22.0170
 4048.32       3.5293      21.7423
 4049.36       1.3207      21.0288
 4050.40       8.5154      23.3992
 4051.43       3.6253      21.1487
 4052.47      -1.1613      18.4298
 4053.51       4.4994      19.4582
 4054.55      -3.7362      16.8534
 4055.58       2.7202      18.6603
 4056.62       8.4297      20.1076
 4057.66      -0.3565      16.7014
 4068.04       2.1313      18.2609
 4069.08      -0.3893      17.3423
 4070.11      -1.8963      17.5926
 4071.15      -4.7996      17.0490
 4072.19       0.6760      17.3638
 4073.23      -0.1581      16.8123
 4074.26      -5.2120      15.8269
 4075.30      -1.6664      17.2518
 4076.34       4.3495      19.1808
 4077.38       1.1678      17.2113
 4078.42      -3.6118      16.8619
 4079.45      -1.7500      18.7741
 4080.49       0.1066      18.1100
 4081.53      -1.8861      17.6654
 4082.57       1.1241      17.8078
 4083.60       0.5052      16.9015
 4084.64      -1.9582      15.9408
 4085.68      -0.0336      16.7583
 4086.72       3.8395      18.4404
 4087.75       2.9689      17.5502
 4088.79      -1.6176      15.9368
 4089.83      -3.2319      15.8659
 4090.87       0.2731      16.2279
 4091.91       1.7624      16.9280
 4092.94       2.6077      17.5054
 4093.98      -1.9591      15.2132
 4095.02      -2.3449      14.5060
 4096.06       3.1482      15.8519
 4097.09       1.2970      15.0271
 4098.13       2.2129      15.1106
 4099.17       1.2444      14.4513
 4100.21       1.1377      14.0085
 4101.25       0.8398      14.2201
 4102.28       1.2119      13.9718
 4103.32       0.1900      13.3164
 4104.36      -3.2290      12.7153
 4105.40      -1.7767      13.4697
 4106.43      -1.3469      13.8778
 4107.47       0.8088      14.2690
 4108.51       0.9312      13.7729
 4109.55      -0.5179      13.0522
 4110.58      -1.3711      12.9987
 4111.62       0.0393      13.8830
 4112.66       0.9396      14.1188
 4113.70       0.4088      13.6009
 4114.74      -1.9010      13.1468
 4115.77       2.3463      13.9835
 4116.81       1.1137      13.4403
 4117.85      -2.0979      11.8946
 4118.89       1.8394      13.0712
 4119.92       3.6080      13.9869
 4120.96       3.5703      14.2687
 4122.00       4.2624      14.4274
 4123.04       2.8313      14.1424
 4124.08       4.6393      14.7139
 4125.11       2.4369      13.8624
 4126.15       0.3499      13.2648
 4127.19       1.8540      13.6395
 4128.23       1.3072      13.5515
 4129.26       3.2131      14.0787
 4130.30       0.2363      13.7280
 4131.34      -2.7193      12.5445
 4132.38      -1.8784      12.6554
 4133.42      -0.1247      13.2042
 4134.45      -3.5337      12.3280
 4135.49      -4.0615      12.2680
 4136.53       1.5909      14.0734
 4137.57       3.7880      14.7712
 4138.60       3.3966      14.5283
 4139.64       1.0168      13.4838
 4140.68      -5.3093      11.7274
 4141.72      -3.2308      12.2293
 4142.75       0.2456      12.6478
 4143.79      -1.6623      12.1293
 4144.83      -0.5623      12.4380
 4145.87       2.5933      13.3483
 4146.91       0.9179      13.0992
 4147.94       3.1034      13.4409
 4148.98       2.7627      13.5637
 4150.02      -1.7432      11.7676
 4151.06      -2.7375      10.8915
 4152.09       1.7541      12.3617
 4153.13       4.7954      13.6754
 4154.17       0.9867      13.3007
 4155.21      -1.1306      12.7876
 4156.25       1.7236      13.3129
 4157.28       3.6088      13.8357
 4158.32       3.6822      13.6287
 4159.36       2.0071      12.8969
 4160.40       1.9042      12.9157
 4161.43       0.8076      13.2234
 4162.47      -2.4995      12.9739
 4163.51      -0.5702      13.5117
 4164.55       1.1645      13.7825
 4165.59       2.0637      13.9709
 4166.62       1.8304      14.0754
 4167.66       1.6081      13.8659
 4168.70       3.2394      14.2252
 4169.74       1.1575      13.8426
 4170.77       0.5988      12.9945
 4171.81       3.1622      13.2614
 4172.85       6.5749      13.7510
 4173.89       5.1182      12.8587
 4174.92      -2.4223      11.2153
 4175.96      -4.3404      10.9232
 4177.00       1.2201      12.2661
 4178.04       3.3925      12.5834
 4179.08      -0.2897      11.7956
 4180.11       0.0500      11.7420
 4181.15       2.9746      12.0055
 4182.19       1.6763      11.5791
 4183.23       2.3871      11.8197
 4184.26       0.3480      11.4423
 4185.30      -1.1148      10.7126
 4186.34       3.0294      11.4587
 4187.38       0.1068      10.6718
 4188.42      -1.5795       9.9366
 4189.45       4.9423      11.5794
 4190.49       7.2706      12.0541
 4191.53       2.6021      10.7861
 4192.57      -3.7101       9.6998
 4193.60      -4.6140       9.6755
 4194.64      -2.3735       9.7850
 4195.68      -1.2059       9.4549
 4196.72       1.4078       9.7609
 4197.76       3.0213      10.2763
 4198.79       1.6317       9.8858
 4199.83      -0.3312       9.3700
 4200.87       1.5893       9.9835
 4201.91      -0.0077       9.2867
 4202.94      -4.6089       8.2686
 4203.98      -3.0332       9.0059
 4205.02      -0.0661       9.9565
 4206.06       0.6710      10.3516
 4207.09       1.3028      10.4374
 4208.13       1.6851      10.4756
 4209.17       0.8498      10.1013
 4210.21       0.7874      10.1345
 4211.25      -0.3842       9.9559
 4212.28      -0.2151       9.8518
 4213.32       1.2901       9.9828
 4214.36       0.8646       9.7940
 4215.40       0.5842       9.8059
 4216.43      -0.2617       9.4039
 4217.47      -1.7906       8.9133
 4218.51      -0.2506       9.4261
 4219.55       1.3735       9.7240
 4220.59       2.2876       9.7451
 4221.62      -0.3665       9.1260
 4222.66      -1.1585       8.6607
 4223.70      -0.4247       8.5519
 4224.74      -2.1075       8.2834
 4225.77       2.8432       9.0303
 4226.81       3.5087       8.8275
 4227.85       0.9705       8.4961
 4228.89       2.5763       9.1046
 4229.93       0.8249       9.2379
 4230.96      -2.7217       8.4741
 4232.00      -0.0095       8.6840
 4233.04      -2.1887       8.3278
 4234.08      -2.7350       8.2212
 4235.11       4.4804       9.3051
 4236.15       2.3798       8.7408
 4237.19      -3.3752       7.8447
 4238.23      -0.8412       8.2881
 4239.26       1.6427       8.6277
 4240.30      -0.5864       8.1126
 4241.34       0.1646       8.3416
 4242.38       2.6937       8.9113
 4243.42      -0.3684       8.3869
 4244.45      -0.4185       8.3805
 4245.49       0.9542       9.0964
 4246.53      -1.9034       8.6943
 4247.57       0.8839       8.8748
 4248.60       3.6017       9.1497
 4249.64       1.0028       8.4941
 4250.68      -3.6082       7.7333
 4251.72      -2.8173       8.0460
 4252.76       0.4541       8.5692
 4253.79       1.2165       8.9024
 4254.83       0.0726       8.3599
 4255.87       0.8546       8.6039
 4256.91       1.4027       8.9556
 4257.94      -1.7321       8.0906
 4258.98       1.4426       8.5945
 4260.02       2.7409       8.3295
 4261.06      -0.4186       7.5816
 4262.10       5.0225       8.8574
 4263.13       2.1424       8.5339
 4264.17      -1.8659       8.0745
 4265.21       0.1815       8.5990
 4266.25      -0.9657       8.4117
 4267.28      -0.7238       8.3090
 4268.32       1.9845       8.6813
 4269.36       3.0914       8.7321
 4270.40       4.7320       8.7099
 4271.43       0.8764       8.0720
 4272.47      -1.0122       7.5748
 4273.51       2.0035       8.0063
 4274.55       0.3290       7.7393
 4275.59       2.9078       7.9404
 4276.62       2.8458       8.3637
 4277.66       1.3989       8.4191
 4278.70       4.0095       8.6624
 4279.74       1.8301       7.9826
 4280.77      -0.7152       7.3881
 4281.81      -0.2158       7.3604
 4282.85      -1.2862       7.3239
 4283.89       0.7956       7.5927
 4284.93       0.6973       7.2775
 4285.96      -2.0490       6.8473
 4287.00      -3.9055       6.3831
 4288.04      -0.5196       6.8133
 4289.08       3.0379       7.3189
 4290.11       1.2870       6.9607
 4291.15       2.6190       7.3521
 4292.19       2.3197       7.5400
 4293.23       0.5231       7.2313
 4294.27      -0.3949       7.0815
 4295.30      -1.9993       6.7506
 4296.34       0.8212       6.7422
 4297.38       1.7726       6.4859
 4298.42      -0.1345       6.2392
 4299.45      -1.5639       5.8333
 4300.49       1.0741       6.0272
 4301.53       0.8897       5.8910
 4302.57       2.9717       6.3016
 4303.60       4.5720       6.6380
 4304.64       2.6270       6.3276
 4305.68       0.1429       5.7674
 4306.72      -3.7439       5.3722
 4307.76      -1.5427       6.0160
 4308.79       0.3767       5.9520
 4309.83      -1.3807       5.6508
 4310.87       0.1091       5.8196
 4311.91       0.9880       6.1212
 4312.94       1.7435       6.6034
 4313.98       1.5353       6.7247
 4315.02       0.6149       6.9292
 4316.06       0.2472       7.1586
 4317.10       0.5181       7.0433
 4318.13      -0.8367       6.8640
 4319.17       1.3090       7.3514
 4320.21       2.3560       7.4401
 4321.25       1.9899       7.1286
 4322.28       2.5077       6.9455
 4323.32       2.8798       6.7645
 4324.36       3.4246       6.7301
 4325.40       2.7319       6.9594
 4326.44       3.7880       7.0800
 4327.47      -2.5897       5.9185
 4328.51      -3.8795       5.8904
 4329.55       3.1901       7.3674
 4330.59      -0.0660       7.0163
 4331.62       1.2045       6.9601
 4332.66       1.2122       6.8035
 4333.70      -1.3041       6.5451
 4334.74       0.6469       6.9272
 4335.77      -0.9769       6.5276
 4336.81       1.0078       6.5098
 4337.85       1.9683       6.5903
 4338.89       0.1458       6.1711
 4339.93       1.9669       6.5029
 4340.96      -0.1559       6.1426
 4342.00      -1.2974       5.9947
 4343.04       0.2186       6.2329
 4344.08       2.4489       6.9843
 4345.11       1.1831       7.0787
 4346.15       1.7361       6.8187
 4347.19       2.8810       6.9365
 4348.23       0.2199       6.5594
 4349.27       0.8299       6.5804
 4350.30       1.0361       6.4125
 4351.34      -2.6778       5.7024
 4352.38      -1.0920       5.7780
 4353.42      -0.3470       5.9476
 4354.45       2.9703       6.5916
 4355.49       4.0608       7.0078
 4356.53       4.0412       7.1036
 4357.57       2.0651       7.1242
 4358.60       0.1926       6.9680
 4359.64       3.1293       7.2252
 4360.68       4.0191       7.3375
 4361.72       0.2865       6.6505
 4362.76      -1.2948       6.3214
 4363.79       2.5801       6.8985
 4364.83       1.7788       6.7860
 4365.87       1.0721       6.5686
 4366.91      -0.3331       6.2424
 4367.94      -0.3121       6.4194
 4368.98      -0.8741       6.5192
 4370.02      -2.3209       5.8990
 4371.06       0.4560       6.1372
 4372.10       0.4954       6.1755
 4373.13       0.3890       6.1313
 4374.17       2.1209       6.3829
 4375.21       0.9898       6.3046
 4376.25       1.7791       6.6522
 4377.28       2.3059       6.9854
 4378.32       0.3131       6.6768
 4379.36       1.4059       6.6149
 4380.40      -0.1935       6.3961
 4381.44      -2.1794       5.9308
 4382.47      -1.1652       5.6904
 4383.51       0.1626       5.7783
 4384.55       2.0028       5.9330
 4385.59       1.5158       6.0232
 4386.62       0.1488       6.0986
 4387.66       0.6118       6.1626
 4388.70       0.5622       5.7993
 4389.74      -0.9564       5.4740
 4390.77       0.1076       5.7375
 4391.81       1.1411       5.7730
 4392.85       3.0043       6.1394
 4393.89       3.4421       6.4350
 4394.93       2.3500       6.2507
 4395.96       1.8765       6.1816
 4397.00       0.6297       5.9418
 4398.04       2.4645       6.1102
 4399.08       3.6489       6.3341
 4400.11       1.1821       5.9292
 4401.15       1.1492       5.9570
 4402.19       0.6578       6.1982
 4403.23       0.3205       6.3066
 4404.27       1.3243       6.3848
 4405.30      -0.0209       6.3036
 4406.34      -0.3803       6.5325
 4407.38      -1.4574       6.4092
 4408.42      -0.6897       6.4710
 4409.45      -0.1022       6.6323
 4410.49       3.4025       7.1440
 4411.53       5.2630       7.3369
 4412.57       0.2317       6.6552
 4413.61      -3.3746       6.3608
 4414.64      -0.2164       6.6978
 4415.68       2.2852       6.7855
 4416.72       2.6046       6.9240
 4417.76       2.6687       6.9035
 4418.79       1.7229       6.9208
 4419.83      -0.2411       6.8885
 4420.87      -3.3072       6.4009
 4421.91      -3.0912       6.3114
 4422.94      -0.7150       6.4487
 4423.98      -0.3046       6.5192
 4425.02       1.1330       6.6497
 4426.06       2.6792       6.9014
 4427.10       1.7792       6.8776
 4428.13       0.9718       6.5815
 4429.17      -1.0064       6.1594
 4430.21       0.2080       6.3122
 4431.25       1.6203       6.5109
 4432.28       0.5780       6.3412
 4433.32       0.7452       6.1709
 4434.36       1.1983       6.0279
 4435.40       2.9803       6.1596
 4436.44       1.6300       6.1668
 4437.47      -0.2366       6.2205
 4438.51      -1.5012       6.1779
 4439.55      -0.1951       6.2365
 4440.59       2.6023       6.4309
 4441.62       3.9044       6.3783
 4442.66       2.9975       6.0906
 4443.70       2.4780       6.0268
 4444.74       1.6311       6.0585
 4445.78       0.1048       6.0754
 4446.81       0.8637       6.1996
 4447.85       2.3349       6.1497
 4448.89       1.1261       5.9949
 4449.93       2.4188       6.1885
 4450.96       2.5888       6.0588
 4452.00       0.6516       5.4426
 4453.04      -0.1304       5.1449
 4454.08      -0.1130       5.1018
 4455.11      -0.8826       4.8620
 4456.15      -0.2690       5.0090
 4457.19      -0.6704       5.1919
 4458.23       1.2305       5.2955
 4459.27       2.6780       5.4127
 4460.30       2.2332       5.4721
 4461.34       1.0840       5.2399
 4462.38      -0.2024       5.0929
 4463.42       1.1311       5.3447
 4464.45       0.9632       5.5498
 4465.49      -2.2734       5.4700
 4466.53      -2.4577       5.3388
 4467.57      -0.7653       5.0324
 4468.61      -0.0764       5.2287
 4469.64       1.5066       5.3699
 4470.68       3.3826       5.6137
 4471.72       4.5074       5.8943
 4472.76       2.2343       5.5965
 4473.79      -0.6131       5.2456
 4474.83      -0.1188       5.3390
 4475.87       1.5955       5.5402
 4476.91       1.3604       5.4140
 4477.95       1.4377       5.4607
 4478.98       3.3628       5.7906
 4480.02       4.6740       5.7644
 4481.06       1.4280       5.1795
 4482.10       0.1111       5.0183
 4483.13       3.2445       5.5909
 4484.17       1.8947       5.5556
 4485.21       1.2933       5.6047
 4486.25       3.9085       5.9503
 4487.28       2.1099       5.6299
 4488.32       2.9030       5.6469
 4489.36       2.4480       5.4743
 4490.40       0.1713       5.2980
 4491.44       3.8359       5.8415
 4492.47       1.8254       5.6290
 4493.51      -1.4627       5.1825
 4494.55      -0.2414       5.3041
 4495.59       0.9632       5.4863
 4496.62       3.6259       5.8262
 4497.66       2.8078       5.7957
 4498.70       0.1070       5.5471
 4499.74       1.6432       5.7769
 4500.78       2.7842       5.9184
 4501.81      -2.2469       5.0785
 4502.85      -3.0763       4.8835
 4503.89       0.5077       5.3745
 4504.93       1.2150       5.4842
 4505.96      -0.6831       5.3458
 4507.00      -3.3983       5.1117
 4508.04      -2.0998       5.3324
 4509.08      -0.1979       5.4796
 4510.12       1.7778       5.6018
 4511.15       3.0075       5.8700
 4512.19       0.9922       5.6311
 4513.23      -0.7476       5.1862
 4514.27      -0.6640       5.1595
 4515.30       0.2412       5.2152
 4516.34       1.2371       5.3163
 4517.38      -0.7497       5.0934
 4518.42       0.4396       5.2086
 4519.45       2.8833       5.5927
 4520.49       3.2946       5.8091
 4521.53       2.8176       5.7873
 4522.57       1.5261       5.4196
 4523.61      -0.9362       5.0180
 4524.64       0.4453       5.0847
 4525.68       1.2363       5.2683
 4526.72      -2.6714       4.8948
 4527.76      -2.2564       4.7312
 4528.79       0.6859       5.2629
 4529.83       1.1539       5.4427
 4530.87       5.0949       6.0322
 4531.91       4.2427       6.0351
 4532.95      -0.0533       5.3253
 4533.98       2.0397       5.5208
 4535.02       3.6112       5.6254
 4536.06       0.5770       5.3103
 4537.10      -1.0293       5.1015
 4538.13       2.4479       5.5179
 4539.17       1.0958       5.3988
 4540.21       0.7662       5.1816
 4541.25       2.4676       5.2668
 4542.29      -0.0495       5.1361
 4543.32      -1.0480       5.0371
 4544.36       0.4577       5.1098
 4545.40       1.0248       5.4041
 4546.44       0.3885       5.2894
 4547.47       0.9297       5.0179
 4548.51       2.1338       5.0424
 4549.55       2.9894       5.1720
 4550.59       1.9154       5.0686
 4551.62       1.1392       5.1260
 4552.66       2.0913       5.2136
 4553.70       1.2390       5.0842
 4554.74      -0.9697       4.6495
 4555.78       0.2519       4.4999
 4556.81       1.7827       4.8986
 4557.85       1.5105       4.9502
 4558.89       1.9854       5.0359
 4559.93       1.1137       5.1013
 4560.96      -4.0620       4.3033
 4562.00      -0.6980       4.6431
 4563.04       1.0552       4.8957
 4564.08       0.3914       4.6628
 4565.12      -0.8470       4.3704
 4566.15      -1.6270       4.2900
 4567.19      -0.4560       4.5923
 4568.23       1.8733       5.0252
 4569.27       1.7904       5.0905
 4570.30       1.7265       4.9658
 4571.34       0.8042       4.6730
 4572.38       2.2494       4.8943
 4573.42       1.6420       5.0106
 4574.46       0.8587       4.8303
 4575.49       2.3194       5.0420
 4576.53       1.2043       5.0217
 4577.57       2.0008       5.0083
 4578.61       2.8115       5.1808
 4579.64       3.1861       5.2699
 4580.68       1.6874       5.0553
 4581.72       2.8729       5.0849
 4582.76       0.7099       4.7621
 4583.79       1.1953       4.6840
 4584.83       4.4826       5.7650
 4585.87       0.4057       5.6355
 4586.91       3.8477       5.5785
 4587.95       1.2388       4.6006
 4588.98      -0.7182       4.5846
 4590.02       0.0797       4.3893
 4591.06      -1.0316       4.2414
 4592.10       0.4227       4.4871
 4593.13       0.9967       4.5045
 4594.17       0.8374       4.5459
 4595.21       1.6652       4.5999
 4596.25       4.9278       4.8783
 4597.29       1.1576       4.4596
 4598.32      -0.0587       4.3071
 4599.36       0.5032       4.3852
 4600.40      -0.4516       4.2335
 4601.44       0.0439       4.2769
 4602.47       0.2842       4.3296
 4603.51       2.4244       4.6147
 4604.55      -0.6331       4.2535
 4605.59      -1.3061       4.0564
 4606.62       0.6968       4.3884
 4607.66       0.7732       4.3673
 4608.70      -0.1503       4.4006
 4609.74      -1.3388       4.3864
 4610.78      -2.3001       4.0793
 4611.81      -2.4464       4.0613
 4612.85       0.1297       4.4201
 4613.89       1.8321       4.6316
 4614.93       1.4061       4.5238
 4615.96       0.9877       4.4637
 4617.00      -1.0163       4.1569
 4618.04      -1.5703       3.9459
 4619.08       0.5439       4.2834
 4620.12       1.2478       4.3591
 4621.15      -1.0868       4.2270
 4622.19      -1.6507       4.2877
 4623.23       0.4148       4.3976
 4624.27       1.4631       4.5448
 4625.30       1.9106       4.5539
 4626.34       1.2187       4.4804
 4627.38       1.6866       4.5057
 4628.42       0.4047       4.2568
 4629.46      -0.4657       4.1078
 4630.49      -1.4562       4.0807
 4631.53      -2.6021       4.0532
 4632.57      -1.7832       4.0265
 4633.61       0.5754       4.2975
 4634.64       4.0778       4.7494
 4635.68       3.8693       4.5879
 4636.72      -0.3804       4.0619
 4637.76       1.1851       4.2886
 4638.79       4.2261       4.6151
 4639.83       1.2007       4.2090
 4640.87      -1.2254       3.9478
 4641.91      -0.5825       4.1068
 4642.95       1.5805       4.3692
 4643.98       1.8169       4.2874
 4645.02       0.5741       3.9180
 4646.06       0.3032       3.8215
 4647.10       2.4495       4.0786
 4648.13       1.0683       4.0392
 4649.17       0.4259       3.9498
 4650.21       1.0869       4.0155
 4651.25      -0.1716       4.0710
 4652.29       0.1737       3.9899
 4653.32       1.5992       4.1121
 4654.36       3.9978       4.3853
 4655.40       1.1309       4.0179
 4656.44       0.8972       4.1936
 4657.47       1.1928       4.4435
 4658.51      -1.6613       4.1754
 4659.55      -1.6122       4.1256
 4660.59       0.8126       4.3333
 4661.62       0.9041       4.3244
 4662.66       0.3422       4.2212
 4663.70       0.8342       4.1813
 4664.74       0.1412       4.0337
 4665.78      -0.1777       3.8887
 4666.81       1.1561       3.8539
 4667.85       2.6736       3.9536
 4668.89       3.9442       4.2034
 4669.93       0.4436       3.9690
 4670.96      -0.1822       3.9358
 4672.00       0.0435       4.0457
 4673.04      -0.2528       4.1851
 4674.08      -0.2941       4.0747
 4675.12      -1.4301       3.8888
 4676.15      -0.9218       4.0147
 4677.19      -0.6124       3.9237
 4678.23       1.4448       4.0094
 4679.27      -1.0562       3.7953
 4680.30      -1.4903       3.7903
 4681.34       0.5679       4.0100
 4682.38      -1.1484       3.8491
 4683.42      -0.8275       3.8142
 4684.46       1.7471       4.0603
 4685.49       1.9550       4.1740
 4686.53       2.4457       4.1755
 4687.57       2.4486       4.0616
 4688.61       1.2317       3.9131
 4689.64      -0.3310       3.7718
 4690.68      -1.0987       3.6579
 4691.72       0.0171       3.8260
 4692.76       1.8988       4.0501
 4693.79       1.8112       4.0069
 4694.83       0.2374       3.7928
 4695.87       1.3495       3.8864
 4696.91       0.5999       3.7843
 4697.95       1.6051       3.8440
 4698.98       2.6180       3.8937
 4700.02       1.0622       3.7314
 4701.06      -0.3122       3.6133
 4702.10      -0.1055       3.5726
 4703.13       1.6330       3.7130
 4704.17      -0.4269       3.6156
 4705.21       0.4953       3.7083
 4706.25       1.6341       3.8398
 4707.29       1.7572       3.8693
 4708.32       2.0333       3.9125
 4709.36       1.6810       3.9005
 4710.40       0.1744       3.7187
 4711.44      -0.6709       3.6999
 4712.47       1.0134       3.8192
 4713.51       3.7893       3.9787
 4714.55       3.6187       3.8401
 4715.59       2.1190       3.7515
 4716.62       0.0977       3.6717
 4717.66      -0.5063       3.5477
 4718.70      -1.2838       3.4562
 4719.74      -0.7069       3.4821
 4720.78       3.5000       3.9645
 4721.81       3.5154       4.0101
 4722.85      -0.2741       3.5819
 4723.89      -0.6569       3.5503
 4724.93       0.1940       3.7089
 4725.96       0.8385       3.7068
 4727.00      -1.1360       3.3729
 4728.04      -1.2127       3.3807
 4729.08       0.1215       3.5701
 4730.12       1.7017       3.6058
 4731.15       2.6742       3.7419
 4732.19       1.0373       3.6621
 4733.23       0.8080       3.6027
 4734.27       0.6000       3.4767
 4735.30      -0.5976       3.3568
 4736.34       1.4593       3.6663
 4737.38       1.7742       3.7606
 4738.42       0.7360       3.6168
 4739.46       0.2107       3.4973
 4740.49       3.2782       3.7458
 4741.53       3.8385       3.8333
 4742.57       1.3774       3.6531
 4743.61      -0.6383       3.4692
 4744.64      -1.0088       3.4359
 4745.68       2.0205       3.7140
 4746.72       2.7316       3.7790
 4747.76       0.7203       3.5939
 4748.80       1.0468       3.6041
 4749.83       2.1111       3.5998
 4750.87       0.1474       3.5059
 4751.91      -0.8545       3.4417
 4752.95       0.9684       3.4903
 4753.98       0.6726       3.3848
 4755.02       0.7709       3.3856
 4756.06       2.2427       3.5815
 4757.10       0.4293       3.4047
 4758.13       0.7365       3.5244
 4759.17       2.7796       3.8041
 4760.21       0.7783       3.5182
 4761.25      -0.3047       3.3094
 4762.29       1.1360       3.3730
 4763.32       0.6135       3.3449
 4764.36      -1.3222       3.1538
 4765.40      -0.7268       3.1775
 4766.44       1.7780       3.4725
 4767.47       1.8663       3.4701
 4768.51       1.4769       3.4074
 4769.55       2.7057       3.5874
 4770.59       3.0300       3.6504
 4771.63       1.7685       3.5174
 4772.66       0.7554       3.4536
 4773.70       0.6109       3.4226
 4774.74       0.6976       3.3684
 4775.78       0.6094       3.4145
 4776.81       0.5930       3.4971
 4777.85       0.8400       3.4597
 4778.89      -0.2948       3.4134
 4779.93       1.0756       3.5921
 4780.97       2.4559       3.6160
 4782.00       0.2483       3.3494
 4783.04      -0.1720       3.3617
 4784.08       0.9244       3.4026
 4785.12       2.5866       3.5071
 4786.15       2.4177       3.5629
 4787.19       0.4247       3.3335
 4788.23      -0.9530       3.1746
 4789.27       0.2161       3.3315
 4790.30       1.4450       3.4521
 4791.34       0.1605       3.2989
 4792.38      -0.0226       3.2999
 4793.42       0.1718       3.3758
 4794.46      -0.8616       3.3894
 4795.49      -0.1756       3.4179
 4796.53       0.8409       3.4682
 4797.57       1.9905       3.5591
 4798.61       1.4082       3.4177
 4799.64       0.6215       3.2964
 4800.68      -0.1271       3.3073
 4801.72      -0.1546       3.3029
 4802.76       0.0030       3.2936
 4803.80      -0.7564       3.3175
 4804.83      -1.1715       3.2315
 4805.87       0.7857       3.3351
 4806.91       1.7463       3.4286
 4807.95       1.0587       3.3969
 4808.98       1.2646       3.4767
 4810.02       0.2811       3.2880
 4811.06      -0.0884       3.1953
 4812.10       2.8350       3.5682
 4813.14       3.0056       3.5896
 4814.17       1.0462       3.4614
 4815.21      -0.3159       3.5049
 4816.25       0.0849       3.5542
 4817.29       0.6288       3.5138
 4818.32       0.0493       3.5749
 4819.36       1.6323       3.8153
 4820.40       1.8349       3.7850
 4821.44       0.7766       3.6297
 4822.47       0.6194       3.5574
 4823.51       1.8068       3.6467
 4824.55      -0.1064       3.4373
 4825.59      -0.5209       3.3330
 4826.63       2.6700       3.6449
 4827.66       1.7328       3.6180
 4828.70      -0.3625       3.4678
 4829.74       0.2017       3.5016
 4830.78       0.0763       3.4481
 4831.81      -0.4903       3.3595
 4832.85       0.1502       3.5262
 4833.89       0.0017       3.6110
 4834.93       0.1559       3.5126
 4835.97       1.6269       3.6111
 4837.00       1.4232       3.6159
 4838.04       0.5008       3.5133
 4839.08       2.2299       3.6814
 4840.12       2.3982       3.6916
 4841.15       1.1429       3.4474
 4842.19       0.2293       3.2979
 4843.23       0.7413       3.3699
 4844.27       0.9950       3.3885
 4845.31      -0.8419       3.2172
 4846.34      -1.2257       3.1612
 4847.38      -0.7453       3.1130
 4848.42      -0.8276       3.0327
 4849.46       1.1215       3.2206
 4850.49       2.0370       3.3349
 4851.53       1.3790       3.2491
 4852.57      -0.1765       3.0440
 4853.61       0.2987       2.9854
 4854.64       0.4124       2.9218
 4855.68       0.2304       2.8485
 4856.72       1.2207       2.8890
 4857.76       1.1170       2.8437
 4858.80       2.2786       2.9609
 4859.83       3.0951       3.1385
 4860.87       3.8489       3.2708
 4861.91       2.1361       3.0970
 4862.95      -0.2582       2.7018
 4863.98      -1.4781       2.4374
 4865.02       0.4267       2.6419
 4866.06       2.3123       2.8555
 4867.10       1.1854       2.7300
 4868.14       0.3660       2.7232
 4869.17       2.0791       2.8622
 4870.21       2.4494       2.8268
 4871.25       1.7029       2.6236
 4872.29       1.7636       2.5938
 4873.32      -0.6422       2.4378
 4874.36       0.1830       2.5148
 4875.40       0.9952       2.5936
 4876.44      -0.3076       2.5180
 4877.48       1.4070       2.7236
 4878.51       1.7212       2.7555
 4879.55       1.7282       2.8204
 4880.59       2.0856       2.8796
 4881.63       2.3451       2.8857
 4882.66       1.7478       2.7820
 4883.70       1.4052       2.7353
 4884.74       0.8013       2.7231
 4885.78      -0.9608       2.5768
 4886.81      -0.1619       2.5904
 4887.85       1.2400       2.6983
 4888.89       1.4331       2.7653
 4889.93       0.7509       2.6864
 4890.97       0.7396       2.6712
 4892.00       3.4448       2.9267
 4893.04       3.1755       2.9966
 4894.08       0.8152       2.8219
 4895.12       0.3252       2.8130
 4896.15       1.7107       3.0231
 4897.19       2.4361       3.0540
 4898.23       2.0589       2.9451
 4899.27       1.5766       2.8854
 4900.31       0.6555       2.8401
 4901.34       0.4545       2.7977
 4902.38       0.4701       2.8192
 4903.42       0.8653       2.8599
 4904.46       0.3018       2.7982
 4905.49      -0.2993       2.8095
 4906.53       1.2488       2.9410
 4907.57       0.6990       2.8757
 4908.61      -0.5702       2.6904
 4909.65       0.6249       2.7497
 4910.68       0.9409       2.7558
 4911.72       0.5067       2.7372
 4912.76       0.5433       2.7510
 4913.80       0.7349       2.7968
 4914.83       2.0111       2.9669
 4915.87       0.3970       2.8410
 4916.91      -1.3359       2.5789
 4917.95      -0.2448       2.4940
 4918.98       0.9624       2.5972
 4920.02       1.6992       2.6485
 4921.06       0.2362       2.5299
 4922.10      -1.4909       2.5106
 4923.14      -0.1706       2.7046
 4924.17       0.8407       2.8214
 4925.21       1.0943       2.8165
 4926.25      -0.3440       2.5997
 4927.29      -1.7475       2.4684
 4928.32       0.1814       2.6803
 4929.36       2.8554       2.9223
 4930.40       1.6319       2.8252
 4931.44      -0.1432       2.6589
 4932.48       0.2384       2.6439
 4933.51       0.8948       2.6228
 4934.55      -0.0243       2.6050
 4935.59       0.9652       2.8185
 4936.63       1.2169       2.8500
 4937.66      -1.2226       2.6201
 4938.70      -1.0778       2.5700
 4939.74       0.6504       2.6297
 4940.78       1.3310       2.7058
 4941.81       1.7097       2.8406
 4942.85       0.6758       2.8065
 4943.89      -0.5939       2.6352
 4944.93      -0.3813       2.5683
 4945.97       0.2813       2.6140
 4947.00       1.2322       2.7481
 4948.04       2.1039       2.8407
 4949.08       1.9806       2.8388
 4950.12      -0.0282       2.6993
 4951.15      -0.4969       2.6574
 4952.19       0.5075       2.7420
 4953.23       1.2918       2.8532
 4954.27       0.9684       2.7892
 4955.31       0.3415       2.6502
 4956.34       1.6875       2.6623
 4957.38       2.5589       2.6894
 4958.42       1.3587       2.6258
 4959.46       0.8682       2.6628
 4960.49      -0.1829       2.6618
 4961.53      -0.9534       2.5672
 4962.57       0.0751       2.6483
 4963.61       1.1081       2.7781
 4964.65       1.7394       2.8368
 4965.68       1.3440       2.7871
 4966.72       0.9019       2.8053
 4967.76       2.1747       2.8732
 4968.80       2.5013       2.8041
 4969.83       0.1020       2.6711
 4970.87       0.7350       2.7772
 4971.91       0.7943       2.8084
 4972.95       0.2565       2.7471
 4973.98      -0.8577       2.6012
 4975.02       1.0390       2.7611
 4976.06       1.0160       2.7410
 4977.10       0.1679       2.5928
 4978.14       1.9550       2.7557
 4979.17       0.3701       2.6478
 4980.21      -1.3071       2.3904
 4981.25      -0.3865       2.4257
 4982.29       0.7105       2.4565
 4983.32       1.2613       2.4494
 4984.36       0.4822       2.4179
 4985.40       1.7182       2.5621
 4986.44       2.4168       2.6613
 4987.48       1.1320       2.6044
 4988.51       1.2961       2.6496
 4989.55       0.7336       2.6190
 4990.59       0.8228       2.6088
 4991.63       0.7953       2.6253
 4992.66       1.7258       2.7281
 4993.70       1.0968       2.6445
 4994.74       0.9142       2.6101
 4995.78       2.1221       2.7173
 4996.81       0.4689       2.5610
 4997.85       1.1636       2.5620
 4998.89       1.7268       2.5830
 4999.93       0.8735       2.4673
 5000.97       1.0551       2.4511
 5002.00       0.2527       2.4326
 5003.04       0.7843       2.4696
 5004.08       1.7646       2.4692
 5005.12       1.9904       2.4924
 5006.15       1.3670       2.5179
 5007.19      -0.3109       2.3987
 5008.23      -0.2295       2.3919
 5009.27      -0.4374       2.3833
 5010.31      -2.4804       2.1623
 5011.34      -1.8925       2.1335
 5012.38       1.3874       2.4035
 5013.42       3.0114       2.4854
 5014.46       1.6710       2.3835
 5015.49       1.7581       2.4660
 5016.53       2.2374       2.4402
 5017.57       1.1255       2.2792
 5018.61       0.2449       2.2400
 5019.65      -0.9345       2.2192
 5020.68      -0.9233       2.2154
 5021.72      -0.6509       2.2212
 5022.76       0.3967       2.3099
 5023.80       2.4230       2.4176
 5024.83       1.2526       2.3404
 5025.87      -1.1114       2.1540
 5026.91       0.1375       2.2466
 5027.95       2.5674       2.4394
 5028.98       1.4439       2.3784
 5030.02       0.1793       2.3174
 5031.06       0.8268       2.3016
 5032.10       1.7834       2.4238
 5033.14       2.7185       2.5525
 5034.17       1.5714       2.4433
 5035.21       0.1660       2.2808
 5036.25       1.4302       2.3444
 5037.29       1.2026       2.3527
 5038.32      -0.3555       2.2103
 5039.36       1.5007       2.2763
 5040.40       2.3780       2.3233
 5041.44       0.7140       2.2073
 5042.48       1.6995       2.3149
 5043.51       0.9966       2.3143
 5044.55       0.5352       2.3489
 5045.59       1.4622       2.4704
 5046.63       1.7662       2.4261
 5047.66       1.0929       2.2932
 5048.70       0.2578       2.1908
 5049.74       1.8996       2.3269
 5050.78       1.5424       2.3321
 5051.82       1.1984       2.2656
 5052.85       2.4210       2.3709
 5053.89       2.0431       2.4034
 5054.93       0.7609       2.3064
 5055.97      -0.3179       2.2036
 5057.00       0.3851       2.3121
 5058.04       1.8595       2.4938
 5059.08       0.9928       2.4106
 5060.12       2.6718       2.4838
 5061.16       4.3935       2.6230
 5062.19       5.2609       2.7587
 5063.23       7.2501       2.8904
 5064.27       8.0934       2.9054
 5065.31       8.5978       2.9030
 5066.34       7.5875       2.8294
 5067.38       5.4671       2.7360
 5068.42       4.7327       2.6830
 5069.46       2.0310       2.4103
 5070.49       1.4345       2.3203
 5071.53       2.8831       2.4193
 5072.57       0.5636       2.2227
 5073.61      -0.8329       2.0477
 5074.65       0.0631       2.1136
 5075.68       0.0340       2.1927
 5076.72       0.8915       2.2949
 5077.76       1.4380       2.3465
 5078.80       0.7577       2.2107
 5079.83      -0.8472       2.0348
 5080.87      -1.2869       2.0214
 5081.91       0.0218       2.1360
 5082.95       0.7161       2.2054
 5083.99       0.6637       2.2129
 5085.02       0.9063       2.2683
 5086.06       1.7445       2.3491
 5087.10       1.1909       2.2903
 5088.14       0.7241       2.2586
 5089.17       1.9695       2.3529
 5090.21       1.4815       2.3222
 5091.25       0.6960       2.2614
 5092.29       0.1192       2.2615
 5093.33       0.1851       2.2183
 5094.36      -0.9956       2.0624
 5095.40       0.0362       2.2070
 5096.44       2.8805       2.3698
 5097.48       3.2740       2.3104
 5098.51       2.8186       2.3093
 5099.55       1.6840       2.2335
 5100.59       1.6276       2.2812
 5101.63       1.7549       2.3654
 5102.66       0.9041       2.2528
 5103.70      -0.1513       2.1439
 5104.74      -0.5177       2.1369
 5105.78      -0.6689       2.1114
 5106.82       1.5255       2.2736
 5107.85       4.1933       2.4339
 5108.89       2.2301       2.2505
 5109.93       0.1612       2.1320
 5110.97       0.1889       2.1353
 5112.00      -1.9623       2.0043
 5113.04      -0.2119       2.1661
 5114.08       1.5744       2.2993
 5115.12       0.4634       2.1767
 5116.16       0.8867       2.1870
 5117.19       0.5967       2.1709
 5118.23      -0.1640       2.1768
 5119.27       1.1704       2.2812
 5120.31       1.6027       2.2647
 5121.34       0.0941       2.1385
 5122.38      -0.1748       2.0514
 5123.42       1.8550       2.1702
 5124.46       1.8287       2.1732
 5125.50       0.0593       2.0420
 5126.53       1.6160       2.1468
 5127.57       2.2945       2.2539
 5128.61       0.2160       2.1242
 5129.65       0.0181       2.0834
 5130.68       1.3054       2.2285
 5131.72       1.6254       2.2888
 5132.76       1.8419       2.2823
 5133.80       2.5982       2.3566
 5134.83       2.4957       2.3614
 5135.87       0.7384       2.2200
 5136.91      -0.3849       2.0858
 5137.95       1.5702       2.1821
 5138.99       2.1880       2.2062
 5140.02       0.3211       2.0741
 5141.06       1.1960       2.1903
 5142.10       2.6837       2.2953
 5143.14       1.7213       2.2153
 5144.17       0.4739       2.1469
 5145.21      -0.5005       2.1101
 5146.25       0.1830       2.1362
 5147.29       1.3978       2.1898
 5148.33       2.3518       2.2082
 5149.36       2.5991       2.2088
 5150.40       1.8426       2.1720
 5151.44       0.7368       2.0433
 5152.48      -0.6070       1.9272
 5153.51      -0.5429       1.9977
 5154.55       1.3673       2.1399
 5155.59       1.8569       2.1542
 5156.63       1.1986       2.1168
 5157.67       1.0238       2.1302
 5158.70       0.3735       2.0662
 5159.74      -0.3997       2.0229
 5160.78       0.2179       2.0842
 5161.82       0.3063       2.0307
 5162.85       1.7572       2.0577
 5163.89       1.0497       2.0269
 5164.93      -0.2351       1.9463
 5165.97       1.1141       1.8970
 5167.00       1.3987       1.7815
 5168.04       1.0765       1.7980
 5169.08       2.1735       1.9462
 5170.12       1.3025       1.8853
 5171.16      -0.0952       1.7053
 5172.19       0.9959       1.7069
 5173.23       0.9631       1.6927
 5174.27       1.4095       1.8434
 5175.31       3.5523       2.1315
 5176.34       1.5856       2.0799
 5177.38       0.0529       1.9318
 5178.42       1.4703       1.9669
 5179.46       1.5485       2.0083
 5180.50       1.5131       1.9325
 5181.53       1.0632       1.7702
 5182.57       0.2927       1.6402
 5183.61       1.5140       1.6512
 5184.65       1.5304       1.7050
 5185.68       2.5191       1.9127
 5186.72       2.1198       2.0324
 5187.76       0.6223       2.0442
 5188.80       0.4217       2.0230
 5189.83       0.0441       1.9377
 5190.87       0.5925       1.9242
 5191.91       0.7074       1.9007
 5192.95       1.0031       1.8826
 5193.99       1.8697       1.9141
 5195.02       2.0811       2.0329
 5196.06       1.3877       2.4708
 5197.10       2.1585       3.0386
 5198.14       1.9690       3.3584
 5199.17      -0.6969       3.1900
 5200.21      -1.3085       2.7754
 5201.25       1.4688       2.6632
 5202.29       1.4967       2.4642
 5203.33      -0.5722       2.0769
 5204.36      -0.3307       1.9010
 5205.40       1.3882       1.9313
 5206.44       1.9975       1.9510
 5207.48       1.5657       1.9095
 5208.51       0.8860       1.9088
 5209.55       0.1582       1.9010
 5210.59       0.9201       1.9297
 5211.63      -0.6175       1.8241
 5212.67      -2.9652       1.7024
 5213.70       0.1542       1.9102
 5214.74       2.0911       2.0062
 5215.78       0.2335       1.8544
 5216.82       0.0199       1.8690
 5217.85       1.4581       2.0411
 5218.89       0.8633       2.0232
 5219.93       0.1492       1.9888
 5220.97       1.0554       2.0293
 5222.00       1.7478       2.0752
 5223.04       1.9851       2.1928
 5224.08       0.4169       2.1286
 5225.12      -1.6205       1.8398
 5226.16       0.5350       1.8535
 5227.19       1.7471       1.9001
 5228.23       1.7651       1.9066
 5229.27       1.3827       1.9171
 5230.31      -0.1371       1.8256
 5231.34      -0.1783       1.9551
 5232.38       1.0599       2.0084
 5233.42       1.4351       1.9107
 5234.46       0.4211       1.8353
 5235.50       2.3043       2.0203
 5236.53       0.3049       2.0197
 5237.57       1.0843       2.1874
 5238.61       2.6684       2.3501
 5239.65       0.8726       2.1889
 5240.68       2.7195       2.1700
 5241.72       1.4381       1.9972
 5242.76      -0.4710       1.8423
 5243.80       2.2814       2.0226
 5244.83       3.4160       2.1327
 5245.87       2.4027       2.0544
 5246.91       0.7503       1.9004
 5247.95      -0.0737       1.9083
 5248.99       1.1386       1.9755
 5250.02       2.0914       2.0254
 5251.06       0.3478       1.9244
 5252.10       0.4853       1.8973
 5253.14       2.4751       2.0948
 5254.17       2.6510       2.1946
 5255.21       1.8396       2.2278
 5256.25       2.3374       2.3144
 5257.29       1.9693       2.2193
 5258.33       1.5531       2.0445
 5259.36       0.5619       1.9361
 5260.40      -0.0200       1.8415
 5261.44       1.9978       1.8880
 5262.48       3.0347       1.9121
 5263.51       1.6825       1.7931
 5264.55       0.6525       1.7239
 5265.59       0.6472       1.6770
 5266.63       0.8005       1.6882
 5267.67       1.0266       1.7387
 5268.70       1.0540       1.6982
 5269.74       0.8900       1.7354
 5270.78       0.7035       1.7403
 5271.82       0.6153       1.7580
 5272.85       1.0144       1.8298
 5273.89       0.0230       1.8173
 5274.93      -0.6352       1.8809
 5275.97       1.9277       2.0941
 5277.00       2.9035       2.1072
 5278.04       1.1046       1.9398
 5279.08       1.0684       1.9044
 5280.12       0.8736       1.8028
 5281.16       0.0156       1.6899
 5282.19       0.5740       1.7267
 5283.23       1.7808       1.8296
 5284.27       1.4182       1.7925
 5285.31       1.2813       1.8305
 5286.34       2.4041       1.9541
 5287.38       0.1980       1.8262
 5288.42      -0.1616       1.8393
 5289.46       2.2304       1.9866
 5290.50       2.4998       1.9849
 5291.53       2.1562       1.9764
 5292.57       0.8694       1.9371
 5293.61       0.6762       1.9257
 5294.65       1.8132       2.0066
 5295.68       1.3191       1.9212
 5296.72       1.0475       1.9059
 5297.76       1.4238       1.9552
 5298.80      -0.0631       1.8879
 5299.83      -0.3869       1.8552
 5300.87       0.4645       1.8928
 5301.91       0.7139       1.9072
 5302.95       1.4394       1.9690
 5303.99       2.7246       2.0834
 5305.02       1.8401       2.0344
 5306.06       0.5378       1.9750
 5307.10       1.2823       1.9848
 5308.14       0.5622       1.9006
 5309.17       1.0675       1.9659
 5310.21       1.5494       2.0149
 5311.25       1.1039       2.0212
 5312.29       1.6100       2.1109
 5313.33       3.5567       2.2104
 5314.36       1.6365       2.0136
 5315.40       0.2506       1.9185
 5316.44       1.7916       1.9805
 5317.48       0.7483       1.8876
 5318.51      -0.1489       1.8623
 5319.55      -0.0324       1.9000
 5320.59       0.2084       1.9285
 5321.63       3.3893       2.1260
 5322.67       2.8609       2.1008
 5323.70       0.4708       1.9195
 5324.74       0.3570       1.8804
 5325.78       0.2448       1.8794
 5326.82       0.7473       1.8614
 5327.85       1.8941       1.8889
 5328.89       1.7751       1.9206
 5329.93       2.0820       2.0580
 5330.97       1.8069       2.0997
 5332.00       0.4677       1.9752
 5333.04       2.2435       2.0574
 5334.08       3.6736       2.1112
 5335.12       3.0792       2.0781
 5336.16       1.6867       2.0168
 5337.19       0.0810       1.8901
 5338.23       1.9775       1.9455
 5339.27       2.0853       1.9255
 5340.31       1.5444       1.8241
 5341.34       2.3913       1.8814
 5342.38       1.9090       1.9287
 5343.42       1.1891       1.9169
 5344.46       1.0417       1.8851
 5345.50       0.4522       1.8507
 5346.53       0.6776       1.8674
 5347.57       1.6398       1.9057
 5348.61       2.1177       1.9456
 5349.65       0.5204       1.9033
 5350.68      -0.9082       1.8205
 5351.72       1.5637       1.9062
 5352.76       2.8338       1.9923
 5353.80       2.2913       2.0055
 5354.84       1.3416       1.9562
 5355.87       0.8749       1.9560
 5356.91       0.0453       1.8835
 5357.95       0.0624       1.8208
 5358.99       1.3642       1.9293
 5360.02       2.6066       2.0235
 5361.06       1.9341       1.9306
 5362.10       0.4471       1.7843
 5363.14       1.2539       1.8610
 5364.17       1.6474       1.8747
 5365.21       0.9619       1.8398
 5366.25       1.3035       1.8877
 5367.29       2.3132       1.9305
 5368.33       1.7524       1.9154
 5369.36       1.3583       1.8899
 5370.40       2.1832       1.8791
 5371.44       0.2981       1.7566
 5372.48      -1.0822       1.7152
 5373.51       0.5268       1.8569
 5374.55       0.9023       1.9164
 5375.59       0.0884       1.8841
 5376.63       0.7500       1.9288
 5377.67       1.1981       1.9354
 5378.70      -0.1627       1.8150
 5379.74      -0.2647       1.7884
 5380.78       0.9446       1.8210
 5381.82      -0.1458       1.7631
 5382.85       1.3814       1.9040
 5383.89       2.3533       1.9505
 5384.93       1.5342       1.9179
 5385.97       2.4154       1.9317
 5387.01       2.8469       1.9762
 5388.04       1.0165       1.8791
 5389.08       0.5982       1.8148
 5390.12       1.0390       1.8442
 5391.16       0.8497       1.8007
 5392.19       0.4408       1.7662
 5393.23       1.4944       1.8378
 5394.27       1.2590       1.7884
 5395.31       1.1553       1.8004
 5396.34       1.7820       1.8008
 5397.38       0.1688       1.6947
 5398.42      -0.0840       1.6994
 5399.46       0.8393       1.7836
 5400.50       0.5718       1.7502
 5401.53       0.7478       1.7140
 5402.57       1.7449       1.7692
 5403.61       3.1721       1.8608
 5404.65       2.8026       1.8220
 5405.68       0.1836       1.6378
 5406.72       1.8578       1.8192
 5407.76       0.5293       1.7451
 5408.80      -0.4520       1.6543
 5409.84       1.9501       1.8001
 5410.87       2.8977       1.8276
 5411.91       1.0931       1.7705
 5412.95       1.4830       1.8266
 5413.99       2.2759       1.8642
 5415.02       1.2238       1.7622
 5416.06       1.9071       1.8579
 5417.10       1.3287       1.8435
 5418.14       0.4769       1.7669
 5419.18       1.2777       1.8613
 5420.21       0.0743       1.7382
 5421.25       0.3017       1.7217
 5422.29       1.1989       1.8293
 5423.33      -0.3133       1.6915
 5424.36      -0.1524       1.7023
 5425.40       3.1377       1.9621
 5426.44       2.7035       1.8834
 5427.48       2.0129       2.2362
 5428.52       1.9659       3.1204
 5429.55       1.3109       2.4051
 5430.59       0.7155       1.6340
 5431.63      -1.9417       1.6242
 5432.67      -0.6032       1.7174
 5433.70       2.0576       1.8843
 5434.74      -0.0785       1.7346
 5435.78       0.5639       1.7934
 5436.82       1.9443       1.9108
 5437.85       0.8376       1.8575
 5438.89       1.2082       1.9155
 5439.93      -0.0107       1.7987
 5440.97      -0.9846       1.7379
 5442.01       0.2193       1.8331
 5443.04       1.5970       1.9104
 5444.08       1.7455       1.8792
 5445.12       1.7873       1.8212
 5446.16       2.4705       1.8733
 5447.19       1.7947       1.8443
 5448.23       1.0655       1.8036
 5449.27       1.7341       1.9397
 5450.31       1.5237       1.9565
 5451.35       0.5823       1.8303
 5452.38       0.6343       1.8435
 5453.42      -0.1769       1.7757
 5454.46      -0.7232       1.6990
 5455.50       0.0433       1.7333
 5456.53       1.4921       1.8340
 5457.57       2.6281       1.9665
 5458.61       1.6530       1.9904
 5459.65       0.4343       1.9786
 5460.69       0.9173       2.0505
 5461.72       0.5671       1.9805
 5462.76       0.5779       1.8640
 5463.80       1.0824       1.8325
 5464.84       0.1269       1.7745
 5465.87      -0.0349       1.7864
 5466.91       2.2854       1.9218
 5467.95       2.5669       1.9510
 5468.99       1.1769       1.8655
 5470.02       0.9414       1.8199
 5471.06       0.2962       1.7648
 5472.10       1.2702       1.8096
 5473.14       2.0594       1.8827
 5474.18       2.8313       1.9459
 5475.21       2.1840       1.9141
 5476.25       0.5516       1.7589
 5477.29       0.5399       1.7226
 5478.33       1.4779       1.8376
 5479.36       1.8806       1.8560
 5480.40       1.9297       1.8391
 5481.44       3.1321       1.9228
 5482.48       2.3965       1.8930
 5483.52       0.6197       1.8109
 5484.55       0.7077       1.8374
 5485.59       1.4190       1.8591
 5486.63       1.8638       1.8598
 5487.67       2.9542       1.9571
 5488.70       2.3005       1.9023
 5489.74       0.2118       1.7716
 5490.78       1.2022       1.8736
 5491.82       1.7372       1.8628
 5492.85       0.5714       1.7278
 5493.89       0.6944       1.7629
 5494.93       0.5514       1.8123
 5495.97      -0.4972       1.7457
 5497.01       1.0046       1.8684
 5498.04       1.2859       1.9257
 5499.08       0.6948       1.8808
 5500.12       0.9577       1.9191
 5501.16       1.0033       1.9349
 5502.19       0.4614       1.8586
 5503.23      -0.0492       1.7938
 5504.27      -0.2852       1.8036
 5505.31       2.5761       1.9864
 5506.35       2.6077       1.9471
 5507.38       1.3186       1.8546
 5508.42       1.1105       1.8503
 5509.46      -0.2410       1.7983
 5510.50      -0.0296       1.8309
 5511.53       1.4064       1.8765
 5512.57       2.6804       1.9769
 5513.61       1.0537       1.8824
 5514.65       0.9107       1.8636
 5515.69       0.6176       1.8379
 5516.72       1.8602       1.9382
 5517.76       0.7282       1.8883
 5518.80       1.6449       1.9566
 5519.84       1.3542       1.9022
 5520.87      -0.9300       1.7468
 5521.91      -0.6602       1.7943
 5522.95       1.3259       1.9374
 5523.99       3.2534       2.0365
 5525.02       2.2294       1.9226
 5526.06       1.1306       1.8626
 5527.10       2.1665       1.9262
 5528.14       2.0427       1.8837
 5529.18       0.8782       1.7920
 5530.21       0.5462       1.7941
 5531.25       1.7630       1.9030
 5532.29       1.1512       1.8743
 5533.33       1.4068       1.9040
 5534.36       1.2781       1.8899
 5535.40       1.9630       1.9094
 5536.44       1.8585       1.9341
 5537.48       1.1904       1.9122
 5538.52       0.1228       1.8384
 5539.55       1.5255       1.9442
 5540.59       3.2649       2.1464
 5541.63       1.7989       2.1328
 5542.67       0.9602       2.1772
 5543.70       1.0400       2.2105
 5544.74      -1.4449       1.9811
 5545.78      -0.9135       1.9615
 5546.82       2.6123       2.0922
 5547.85       2.4005       2.0697
 5548.89       1.5232       2.0575
 5549.93       2.2888       2.0813
 5550.97       0.8465       1.9430
 5552.01       0.6614       1.9127
 5553.04       2.6198       2.0166
 5554.08       1.5726       1.9446
 5555.12       0.1772       1.8623
 5556.16       1.7824       1.9776
 5557.19       1.6505       1.9793
 5558.23       0.4771       1.9153
 5559.27       1.8590       2.0358
 5560.31       2.2986       2.0800
 5561.35       0.7418       2.0290
 5562.38      -0.1431       2.1186
 5563.42       0.2971       2.2906
 5564.46       1.4205       2.3842
 5565.50       1.4897       2.2438
 5566.53       1.8890       2.1444
 5567.57       1.3875       2.1150
 5568.61       2.1418       2.2178
 5569.65       1.7028       2.2537
 5570.69       0.0507       2.1256
 5571.72       1.0229       2.2162
 5572.76       1.1689       2.6014
 5573.80       1.1594       2.8033
 5574.84       0.6650      15.7540
 5575.87       0.7058      47.6393
 5576.91       0.6916      72.2109
 5577.95       0.5676      67.6331
 5578.99       0.9685      37.0733
 5580.02       1.5136       9.8700
 5581.06       0.1324       2.3589
 5582.10       0.5284       2.4138
 5583.14       2.5191       2.3479
 5584.18       1.4720       2.1012
 5585.21      -0.0271       1.9540
 5586.25       0.5133       1.9827
 5587.29       1.2083       2.1125
 5588.33       1.5217       2.2767
 5589.36       1.7043       2.3442
 5590.40       1.1179       2.1865
 5591.44       1.2344       2.0306
 5592.48      -0.3695       1.8567
 5593.52      -0.0825       1.8510
 5594.55       1.5705       1.9814
 5595.59       1.6858       2.0414
 5596.63       0.5707       2.0153
 5597.67       2.5990       2.1893
 5598.70       2.4877       2.2225
 5599.74       2.1026       2.1039
 5600.78       2.5652       2.0271
 5601.82       1.2635       1.9791
 5602.86       3.0327       2.1975
 5603.89       2.8709       2.3949
 5604.93      -2.2626       2.1936
 5605.97      -0.8806       2.2958
 5607.01      -1.5423       2.0355
 5608.04       1.9243       2.1201
 5609.08       1.4146       2.0659
 5610.12       0.7989       1.9983
 5611.16       1.2205       2.0266
 5612.19       2.4122       2.1533
 5613.23       0.9500       2.0326
 5614.27      -0.3558       1.9056
 5615.31       1.0275       2.0147
 5616.35       0.0305       2.0056
 5617.38       0.9120       2.1561
 5618.42       1.4771       2.2199
 5619.46       1.0645       2.1228
 5620.50      -0.1382       2.0418
 5621.53      -0.1106       2.0943
 5622.57       0.4516       2.2629
 5623.61       0.5752       2.3989
 5624.65       0.9591       2.3953
 5625.69       1.3285       2.2721
 5626.72      -0.2421       2.0881
 5627.76       0.2188       2.0859
 5628.80       1.7151       2.1795
 5629.84       2.3061       2.3180
 5630.87       2.0561       2.3220
 5631.91       1.6130       2.1906
 5632.95       0.2696       2.0635
 5633.99      -0.3272       2.0748
 5635.03      -0.8602       2.0455
 5636.06       0.4254       2.1312
 5637.10       2.9752       2.3183
 5638.14       1.2161       2.2894
 5639.18       0.3104       2.2503
 5640.21       2.6479       2.3735
 5641.25       1.6669       2.2766
 5642.29       0.8806       2.2116
 5643.33       1.0908       2.2947
 5644.36       0.5614       2.3264
 5645.40       1.4967       2.4439
 5646.44       1.2921       2.4365
 5647.48       1.6365       2.3497
 5648.52       1.1391       2.2952
 5649.55      -0.0373       2.2283
 5650.59       0.8002       2.2891
 5651.63       3.2179       2.4364
 5652.67       2.3992       2.3535
 5653.70       0.0370       2.1851
 5654.74       0.5011       2.2326
 5655.78       0.9786       2.2860
 5656.82       0.0267       2.2219
 5657.86      -0.9628       2.1185
 5658.89       0.3339       2.2449
 5659.93       2.0229       2.3941
 5660.97       1.6977       2.4269
 5662.01       2.5447       2.5114
 5663.04       2.2759       2.5032
 5664.08       1.1714       2.5030
 5665.12       0.5086       2.4632
 5666.16       1.5066       2.5373
 5667.20       1.3281       2.4630
 5668.23      -0.7013       2.3894
 5669.27      -0.0932       2.5048
 5670.31       1.3157       2.6426
 5671.35       1.7356       2.6646
 5672.38       1.2661       2.5937
 5673.42       1.8462       2.6796
 5674.46       0.2902       2.6369
 5675.50       0.3568       2.5741
 5676.53       0.8620       2.6807
 5677.57       0.7348       2.7614
 5678.61       4.0451       3.0133
 5679.65       2.1694       2.8167
 5680.69       3.1033       2.9282
 5681.72       1.4882       2.8496
 5682.76       0.7197       2.7504
 5683.80       1.2379       2.7991
 5684.84       1.3588       2.8996
 5685.87       1.2775       2.9057
 5686.91      -0.1048       2.7978
 5687.95       1.0205       2.8536
 5688.99       1.4711       2.9613
 5690.03       0.3195       2.8774
 5691.06       0.0493       2.8647
 5692.10      -0.2058       2.8871
 5693.14       0.4261       2.9634
 5694.18       1.3916       3.0524
 5695.21       1.6349       3.1661
 5696.25       2.4460       3.3106
 5697.29       3.4008       3.3438
 5698.33       1.3178       3.2007
 5699.37      -0.0588       3.0754
 5700.40       0.3927       3.0593
 5701.44       1.8825       3.1621
 5702.48       1.6081       3.1411
 5703.52       1.3081       3.0844
 5704.55       1.0941       3.1048
 5705.59       0.3254       3.1404
 5706.63       1.5059       3.1865
 5707.67       3.0748       3.1498
 5708.70       1.5880       3.6979
 5709.74       2.5017       3.7169
 5710.78       4.3791       3.8447
 5711.82       2.5247       2.5270
 5712.86      -0.4783       3.1800
 5713.89       1.4078       3.3713
 5714.93       0.8169       3.2983
 5715.97       0.3823       3.2372
 5717.01       1.0983       3.3515
 5718.04       0.5106       3.2945
 5719.08       0.6864       3.3492
 5720.12       0.3351       3.5026
 5721.16       0.6138       3.5718
 5722.20       1.4930       3.6631
 5723.23       1.5652       3.7286
 5724.27      -0.4199       3.4322
 5725.31       0.6092       3.5164
 5726.35      -0.7935       3.5561
 5727.38       0.7286       3.8057
 5728.42       2.3440       3.9029
 5729.46       4.0277       4.0687
 5730.50       2.5747       3.9372
 5731.54       1.2054       3.6734
 5732.57       2.7192       3.9822
 5733.61      -0.5932       3.7345
 5734.65      -0.1571       3.9326
 5735.69       0.2270       4.0050
 5736.72      -0.3446       3.7675
 5737.76       2.0099       4.1186
 5738.80       2.3410       4.2004
 5739.84       2.4222       4.2984
 5740.87       0.3269       4.0051
 5741.91       2.6742       4.3008
 5742.95       1.4452       4.1529
 5743.99      -0.9200       3.9248
 5745.03       0.6618       4.0861
 5746.06      -0.8630       3.9066
 5747.10      -0.6876       3.5682
 5748.14       1.0083       3.4347
 5749.18       1.7532       3.6576
 5750.21       1.6326       3.8178
 5751.25       1.5510       3.7992
 5752.29       1.6235       3.7886
 5753.33       1.4227       3.6945
 5754.37       1.4430       3.6091
 5755.40       1.6437       3.6938
 5756.44       1.0742       3.7377
 5757.48       0.0628       3.6342
 5758.52       0.0977       3.6817
 5759.55       0.6908       3.7621
 5760.59       0.5291       3.6434
 5761.63       0.7336       3.5462
 5762.67       1.0630       3.5238
 5763.71       0.3478       3.4362
 5764.74      -0.6943       3.3866
 5765.78      -0.6171       3.4555
 5766.82       0.5430       3.5866
 5767.86       1.8593       3.7040
 5768.89       2.0481       3.6986
 5769.93       0.4577       3.4434
 5770.97      -1.0984       3.1653
 5772.01      -0.9289       3.1294
 5773.04       0.0898       3.2174
 5774.08       1.2121       3.3150
 5775.12       1.8077       3.4280
 5776.16       2.6283       3.5360
 5777.20       3.1815       3.5593
 5778.23       2.7270       3.4804
 5779.27       1.8687       3.3523
 5780.31       1.0826       3.2218
 5781.35       1.6775       3.1573
 5782.38       2.4192       3.1370
 5783.42       1.4875       3.1014
 5784.46       1.3871       3.1263
 5785.50       2.3687       3.1528
 5786.54       1.8148       3.0256
 5787.57       0.6549       2.9393
 5788.61       0.5541       3.0473
 5789.65       1.0798       3.1697
 5790.69       2.2684       3.2459
 5791.72       3.6023       3.2745
 5792.76       3.0275       3.1205
 5793.80       1.0864       2.8719
 5794.84       0.5022       2.7560
 5795.88       1.0617       2.8042
 5796.91       1.7180       2.8902
 5797.95       1.7656       2.8530
 5798.99       0.5646       2.7544
 5800.03      -0.9979       2.7264
 5801.06      -0.6684       2.7890
 5802.10       0.7586       2.8399
 5803.14       1.1448       2.7729
 5804.18       0.1811       2.6581
 5805.21      -0.7903       2.6080
 5806.25      -0.1825       2.6723
 5807.29       0.4887       2.6600
 5808.33       0.1361       2.5232
 5809.37      -0.8662       2.4532
 5810.40      -1.1077       2.4619
 5811.44      -0.0533       2.4708
 5812.48       0.3146       2.4564
 5813.52       0.1846       2.4594
 5814.55       0.7791       2.5254
 5815.59       1.0092       2.5453
 5816.63       0.3944       2.4641
 5817.67      -0.5489       2.3470
 5818.71      -0.2344       2.3530
 5819.74       1.3498       2.4917
 5820.78       1.9821       2.5893
 5821.82       1.7902       2.5671
 5822.86       1.6828       2.4665
 5823.89       0.8535       2.3718
 5824.93       0.2231       2.3600
 5825.97       0.6875       2.4052
 5827.01       0.7726       2.3235
 5828.04      -0.0228       2.1502
 5829.08       0.5312       2.2207
 5830.12       1.0105       2.3302
 5831.16       0.6928       2.3063
 5832.20       0.5708       2.3048
 5833.23       0.5553       2.3097
 5834.27       0.2441       2.2716
 5835.31       0.5101       2.2583
 5836.35       1.1669       2.2979
 5837.38       1.2738       2.3572
 5838.42       1.2093       2.3282
 5839.46       1.1570       2.2120
 5840.50       1.0499       2.1608
 5841.54       0.2755       2.1228
 5842.57      -0.8157       2.0520
 5843.61      -0.5781       2.0454
 5844.65       0.5171       2.0825
 5845.69       0.9694       2.0930
 5846.72       0.5595       2.0307
 5847.76      -0.2497       1.9266
 5848.80      -0.4444       1.8856
 5849.84       0.3460       1.9560
 5850.88       1.3614       2.0614
 5851.91       1.1000       2.0378
 5852.95       0.7922       1.9597
 5853.99       1.7624       1.9634
 5855.03       1.9049       1.9971
 5856.06       1.2704       1.9906
 5857.10       1.1737       1.9211
 5858.14       1.5265       1.9059
 5859.18       1.6875       1.9334
 5860.21       1.3545       1.8916
 5861.25       0.7094       1.8642
 5862.29       0.4573       1.9642
 5863.33       2.2239       2.2374
 5864.37       2.5001       2.4454
 5865.40      -0.1587       2.4554
 5866.44       0.2084       2.5984
 5867.48       2.3029       2.7597
 5868.52       1.9043       2.6596
 5869.55       0.6088       2.4608
 5870.59       0.4168       2.3132
 5871.63       1.2984       2.1851
 5872.67       1.8734       2.0773
 5873.71       1.0679       1.9639
 5874.74       0.0155       1.8928
 5875.78      -0.2556       1.8553
 5876.82       0.5079       1.8410
 5877.86       0.8073       1.8191
 5878.89       0.5649       1.7632
 5879.93       0.9994       1.7012
 5880.97       1.5446       1.6886
 5882.01       1.7152       1.7386
 5883.04       1.6815       1.7801
 5884.08       1.0280       1.8597
 5885.12      -0.0445       2.1345
 5886.16      -0.0299       2.6518
 5887.20       0.5973       3.4434
 5888.23       0.5601       4.2765
 5889.27       0.5655       4.8042
 5890.31       0.9651       4.8968
 5891.35       2.0013       4.7106
 5892.38       2.1865       4.2249
 5893.42       1.1284       3.6718
 5894.46       0.3809       3.4614
 5895.50      -0.3330       3.4316
 5896.54      -1.0488       3.2234
 5897.57      -0.3162       2.9195
 5898.61       0.9872       2.5243
 5899.65       1.3605       2.1561
 5900.69       1.8395       1.9316
 5901.72       2.1316       1.7823
 5902.76       0.6178       1.6016
 5903.80       0.0833       1.5839
 5904.84       1.3586       1.7389
 5905.88       1.7168       1.8035
 5906.91       0.6949       1.7343
 5907.95      -0.0852       1.6661
 5908.99      -0.7617       1.5701
 5910.03      -0.3807       1.5505
 5911.06       1.1737       1.6674
 5912.10       1.3260       1.7593
 5913.14      -0.0440       1.8010
 5914.18       0.1763       1.9393
 5915.21       1.5293       2.1187
 5916.25       2.3653       2.1896
 5917.29       2.1932       2.0550
 5918.33       1.4827       1.8155
 5919.37       1.1080       1.6469
 5920.40       0.5999       1.5589
 5921.44       0.3706       1.5594
 5922.48       0.6633       1.6192
 5923.52       1.3888       1.7119
 5924.55       1.9467       1.7765
 5925.59       1.1395       1.7381
 5926.63       0.6827       1.6851
 5927.67       1.7955       1.7201
 5928.71       2.7057       1.7722
 5929.74       2.7641       1.8556
 5930.78       2.3583       1.9759
 5931.82       1.7580       2.1092
 5932.86       1.2355       2.1787
 5933.89       0.7012       2.1196
 5934.93       0.7281       1.9758
 5935.97       1.1392       1.8087
 5937.01       1.1020       1.6350
 5938.05       0.9059       1.5072
 5939.08       0.9609       1.4438
 5940.12       1.0223       1.4416
 5941.16       1.0746       1.4612
 5942.20       1.1739       1.4870
 5943.23       1.1655       1.5152
 5944.27       1.1644       1.5655
 5945.31       1.4204       1.6550
 5946.35       1.2260       1.6641
 5947.38       0.6398       1.5800
 5948.42       1.0109       1.5459
 5949.46       1.2695       1.5752
 5950.50       0.4863       1.6339
 5951.54       0.6087       1.7861
 5952.57       1.2655       1.9438
 5953.61       0.9837       1.9764
 5954.65       0.2125       1.8877
 5955.69       0.0286       1.7551
 5956.72       0.5491       1.6246
 5957.76       1.0263       1.5226
 5958.80       1.0064       1.4443
 5959.84       0.4243       1.3870
 5960.88       0.0962       1.3573
 5961.91       0.5341       1.3621
 5962.95       1.1152       1.3893
 5963.99       1.3115       1.4022
 5965.03       1.0763       1.3809
 5966.06       1.1852       1.3990
 5967.10       1.8225       1.4654
 5968.14       1.2544       1.4502
 5969.18       0.6134       1.4353
 5970.22       0.8753       1.4849
 5971.25       0.9417       1.4845
 5972.29       0.9033       1.4561
 5973.33       1.1405       1.4675
 5974.37       1.0144       1.4977
 5975.40       0.6558       1.5413
 5976.44       0.9239       1.6070
 5977.48       0.9315       1.6177
 5978.52       0.3210       1.5431
 5979.55      -0.0643       1.4504
 5980.59      -0.0357       1.3770
 5981.63       0.5069       1.3365
 5982.67       0.9587       1.3078
 5983.71       1.0248       1.2765
 5984.74       1.1901       1.2674
 5985.78       1.4781       1.2830
 5986.82       1.5681       1.2994
 5987.86       1.3170       1.3017
 5988.89       0.9035       1.2882
 5989.93       0.6638       1.2665
 5990.97       1.0564       1.2455
 5992.01       1.0712       1.2194
 5993.05       0.2150       1.1987
 5994.08       0.0605       1.2264
 5995.12       0.5621       1.2723
 5996.16       0.7570       1.2839
 5997.20       0.2963       1.2621
 5998.23       0.1811       1.2736
 5999.27       1.8399       1.3850
 6000.31       2.4067       1.4245
 6001.35       0.6505       1.3240
 6002.39       0.0506       1.2920
 6003.42       0.7024       1.3393
 6004.46       0.7695       1.3530
 6005.50       0.3047       1.3050
 6006.54       0.0309       1.2201
 6007.57       0.8841       1.1770
 6008.61       1.2510       1.1522
 6009.65       0.5971       1.1370
 6010.69       0.5135       1.1815
 6011.72       0.8278       1.2154
 6012.76       1.0386       1.1922
 6013.80       1.2525       1.1695
 6014.84       1.0713       1.1556
 6015.88       0.4838       1.1377
 6016.91       0.8446       1.1636
 6017.95       1.7365       1.1946
 6018.99       1.6145       1.1618
 6020.03       1.0819       1.1251
 6021.06       0.8506       1.1299
 6022.10       0.8303       1.1399
 6023.14       0.8948       1.1482
 6024.18       0.6693       1.1463
 6025.22       0.3289       1.1176
 6026.25       0.4325       1.1089
 6027.29       0.9908       1.1514
 6028.33       1.0433       1.1916
 6029.37       0.5120       1.1918
 6030.40       0.0824       1.1550
 6031.44       1.0469       1.1798
 6032.48       2.8138       1.2733
 6033.52       2.5222       1.2775
 6034.56       1.4877       1.2375
 6035.59       1.7710       1.2433
 6036.63       1.7569       1.2189
 6037.67       1.2099       1.1729
 6038.71       0.8276       1.1562
 6039.74       0.6252       1.1357
 6040.78       0.5281       1.1102
 6041.82       0.7218       1.1430
 6042.86       1.3419       1.1817
 6043.89       2.1584       1.1785
 6044.93       1.7451       1.1287
 6045.97       0.7645       1.0884
 6047.01       0.7003       1.1075
 6048.05       0.9160       1.1426
 6049.08       1.0790       1.1496
 6050.12       1.2123       1.1230
 6051.16       1.2327       1.1039
 6052.20       0.9853       1.1051
 6053.23      -0.0713       1.0671
 6054.27      -0.0770       1.0711
 6055.31       1.5754       1.1463
 6056.35       1.9050       1.1541
 6057.39       1.1264       1.1077
 6058.42       0.8791       1.0895
 6059.46       0.7780       1.0886
 6060.50       0.7732       1.1028
 6061.54       0.9318       1.1265
 6062.57       1.2530       1.1463
 6063.61       1.5207       1.1578
 6064.65       1.6629       1.1699
 6065.69       1.4364       1.1787
 6066.73       0.8894       1.1749
 6067.76       0.6974       1.1516
 6068.80       1.0780       1.1318
 6069.84       1.6299       1.1363
 6070.88       1.6083       1.1306
 6071.91       1.1765       1.1035
 6072.95       1.3339       1.0781
 6073.99       1.2005       1.0737
 6075.03       0.5920       1.0861
 6076.06       0.5309       1.0750
 6077.10       0.8734       1.0534
 6078.14       1.3865       1.0595
 6079.18       1.4390       1.0676
 6080.22       1.2460       1.0743
 6081.25       0.9336       1.0757
 6082.29       0.6716       1.0461
 6083.33       0.7550       1.0169
 6084.37       1.1319       1.0442
 6085.40       1.1869       1.0592
 6086.44       0.6606       1.0163
 6087.48       0.7288       1.0092
 6088.52       1.0018       1.0315
 6089.56       1.2412       1.0548
 6090.59       0.3751       1.0292
 6091.63      -0.5483       0.9902
 6092.67       0.3494       1.0211
 6093.71       0.6257       1.0111
 6094.74      -0.0422       0.9608
 6095.78       0.4085       0.9917
 6096.82       1.3930       1.0652
 6097.86       1.9277       1.1042
 6098.90       1.5281       1.0817
 6099.93       0.7064       1.0336
 6100.97       0.4891       1.0234
 6102.01       0.5791       1.0337
 6103.05       0.6318       1.0355
 6104.08       1.0618       1.0385
 6105.12       1.1390       1.0353
 6106.16       0.8792       1.0408
 6107.20       0.2455       1.0464
 6108.23      -0.2629       1.0568
 6109.27      -0.2118       1.0712
 6110.31       0.3478       1.0698
 6111.35       0.9528       1.0574
 6112.39       1.1461       1.0496
 6113.42       1.0133       1.0357
 6114.46       0.7457       1.0123
 6115.50       0.5278       0.9911
 6116.54       0.5718       0.9961
 6117.57       0.7745       1.0171
 6118.61       1.0859       1.0143
 6119.65       1.2325       0.9913
 6120.69       1.2066       0.9797
 6121.73       1.0904       0.9854
 6122.76       1.0844       1.0028
 6123.80       1.2460       1.0154
 6124.84       1.1673       1.0008
 6125.88       0.8237       0.9728
 6126.91       0.7841       0.9738
 6127.95       0.9980       0.9910
 6128.99       1.2396       0.9952
 6130.03       1.2730       0.9711
 6131.06       1.1210       0.9590
 6132.10       1.0430       0.9944
 6133.14       1.2883       1.0267
 6134.18       1.5268       1.0313
 6135.22       1.5184       1.0317
 6136.25       1.4875       1.0581
 6137.29       1.4145       1.0971
 6138.33       0.5676       1.0690
 6139.37       0.3570       1.0567
 6140.40       1.3359       1.1155
 6141.44       1.3240       1.1305
 6142.48       0.4324       1.1046
 6143.52       0.2358       1.1015
 6144.56       0.8916       1.1280
 6145.59       1.6315       1.1435
 6146.63       1.5037       1.1012
 6147.67       1.5603       1.0617
 6148.71       1.9321       1.0497
 6149.74       1.3512       1.0200
 6150.78       0.6059       0.9829
 6151.82       0.7368       0.9655
 6152.86       1.4299       0.9996
 6153.90       1.8226       1.0345
 6154.93       1.3571       1.0086
 6155.97       0.7403       0.9709
 6157.01       0.6459       0.9663
 6158.05       0.8978       0.9902
 6159.08       1.5532       1.0044
 6160.12       2.1936       0.9842
 6161.16       2.4072       0.9700
 6162.20       1.9532       0.9512
 6163.23       1.2362       0.9199
 6164.27       0.8525       0.8970
 6165.31       0.9072       0.9058
 6166.35       0.9144       0.9460
 6167.39       1.6221       1.0308
 6168.42       2.4696       1.1259
 6169.46       2.0433       1.1687
 6170.50       1.4173       1.1784
 6171.54       1.6353       1.1836
 6172.57       1.5082       1.1397
 6173.61       1.0925       1.0806
 6174.65       0.7513       1.0453
 6175.69       0.6481       1.0239
 6176.73       1.0991       1.0150
 6177.76       1.5898       1.0125
 6178.80       2.1364       1.0120
 6179.84       2.6367       1.0065
 6180.88       2.6593       0.9889
 6181.91       2.5127       0.9831
 6182.95       2.3975       0.9934
 6183.99       1.8988       0.9914
 6185.03       0.9977       0.9611
 6186.06       0.4505       0.9270
 6187.10       1.2107       0.9438
 6188.14       2.1388       0.9764
 6189.18       0.9365       0.9297
 6190.22       0.3414       0.9013
 6191.25       1.6917       0.9499
 6192.29       1.5611       0.9727
 6193.33       1.1565       0.9806
 6194.37       1.9427       0.9980
 6195.40       2.0999       1.0003
 6196.44       1.7650       0.9861
 6197.48       1.8204       0.9673
 6198.52       2.0972       0.9815
 6199.56       2.0563       1.0251
 6200.59       1.1349       1.0378
 6201.63       0.6157       1.0724
 6202.67       1.1546       1.1353
 6203.71       1.6163       1.1345
 6204.74       1.7102       1.0846
 6205.78       1.4190       1.0343
 6206.82       1.1007       0.9905
 6207.86       1.2495       0.9676
 6208.90       1.7365       0.9617
 6209.93       1.8771       0.9769
 6210.97       1.3546       0.9875
 6212.01       0.7239       0.9681
 6213.05       0.3370       0.9451
 6214.08       0.1356       0.9360
 6215.12       0.3559       0.9333
 6216.16       0.8608       0.9304
 6217.20       1.2619       0.9279
 6218.23       1.5018       0.9627
 6219.27       1.7046       1.0354
 6220.31       1.6980       1.0934
 6221.35       1.9078       1.1438
 6222.39       2.2274       1.1704
 6223.42       1.8306       1.1321
 6224.46       1.4274       1.0635
 6225.50       1.6866       1.0101
 6226.54       1.3442       0.9470
 6227.57       1.2368       0.9050
 6228.61       1.9746       0.9157
 6229.65       2.1900       0.9460
 6230.69       1.5925       1.0189
 6231.73       1.2500       1.1565
 6232.76       1.7918       1.4144
 6233.80       2.5661       1.7275
 6234.84       1.6175       1.8924
 6235.88       0.4989       1.9203
 6236.91       0.8584       1.8943
 6237.95       2.2483       1.8000
 6238.99       3.0353       1.6416
 6240.03       2.1755       1.4403
 6241.07       1.6434       1.3263
 6242.10       1.8643       1.2807
 6243.14       1.1418       1.1967
 6244.18       0.2819       1.1153
 6245.22       0.3983       1.0757
 6246.25       0.9246       1.0418
 6247.29       1.3044       0.9976
 6248.33       1.3055       0.9522
 6249.37       1.4450       0.9332
 6250.40       1.4468       0.9122
 6251.44       0.8429       0.8675
 6252.48       0.4853       0.8550
 6253.52       0.5753       0.9509
 6254.56       0.4789       1.1285
 6255.59       0.2706       1.3791
 6256.63       0.3686       1.6348
 6257.67       1.3630       1.8152
 6258.71       2.4720       1.8276
 6259.74       2.5819       1.6751
 6260.78       2.1997       1.4504
 6261.82       1.5587       1.2642
 6262.86       0.6155       1.1451
 6263.90       0.0993       1.1476
 6264.93       0.3704       1.2062
 6265.97       0.8946       1.2392
 6267.01       1.1619       1.1916
 6268.05       1.2371       1.0999
 6269.08       1.5767       1.0377
 6270.12       1.9132       1.0048
 6271.16       1.6959       0.9593
 6272.20       1.4132       0.9330
 6273.24       1.3174       0.9362
 6274.27       1.0547       0.9529
 6275.31       1.4392       1.0077
 6276.35       2.1391       1.0593
 6277.39       0.9975       1.0013
 6278.42       0.2276       0.9245
 6279.46       1.7726       0.9359
 6280.50       2.3933       0.9245
 6281.54       1.6058       0.8861
 6282.58       1.1969       0.9011
 6283.61       0.9197       0.9933
 6284.65       1.0829       1.1859
 6285.69       1.9772       1.4329
 6286.73       2.4484       1.6109
 6287.76       2.3630       1.6457
 6288.80       1.7189       1.5160
 6289.84       1.5547       1.3525
 6290.88       1.9391       1.2452
 6291.91       1.6926       1.1490
 6292.95       1.8511       1.0575
 6293.99       2.6392       1.1158
 6295.03       3.1598       1.3173
 6296.07       3.6904       2.6268
 6297.10       1.9425       4.8010
 6298.14       0.0189       7.7288
 6299.18      -0.1214      10.4699
 6300.22       0.6839      11.9999
 6301.25       1.9580      11.5108
 6302.29       2.9956       9.3283
 6303.33       3.0635       6.3134
 6304.37       2.1764       3.7415
 6305.41       0.8038       2.2768
 6306.44       0.5528       1.9155
 6307.48       1.4751       1.7487
 6308.52       1.5920       1.6348
 6309.56       1.2489       1.3720
 6310.59       1.3679       1.1326
 6311.63       1.4838       0.9748
 6312.67       1.4285       0.8923
 6313.71       1.1896       0.8451
 6314.75       1.2365       0.8242
 6315.78       1.4553       0.8139
 6316.82       1.4997       0.8357
 6317.86       1.2991       0.8825
 6318.90       1.1378       0.9491
 6319.93       1.3853       1.0302
 6320.97       1.7321       1.0859
 6322.01       1.7337       1.0893
 6323.05       1.5046       1.0468
 6324.08       1.1020       0.9831
 6325.12       0.7687       0.9375
 6326.16       0.6735       0.9972
 6327.20       1.0147       1.1844
 6328.24       2.1672       1.4237
 6329.27       2.1770       1.5418
 6330.31       0.9660       1.4812
 6331.35       1.0856       1.3872
 6332.39       1.6101       1.2401
 6333.42       1.0190       1.0152
 6334.46       0.7262       0.8599
 6335.50       0.8357       0.8006
 6336.54       0.9328       0.7838
 6337.58       0.8883       0.8183
 6338.61       1.0384       0.8624
 6339.65       0.9928       0.8488
 6340.69       1.1085       0.8280
 6341.73       1.6429       0.8549
 6342.76       1.2167       0.8361
 6343.80       0.3625       0.8083
 6344.84       0.3212       0.8408
 6345.88       0.8100       0.9086
 6346.92       1.4885       0.9825
 6347.95       1.8916       1.0321
 6348.99       1.7448       1.0216
 6350.03       1.3794       0.9765
 6351.07       1.3168       0.9486
 6352.10       1.4166       0.9584
 6353.14       1.3456       1.0025
 6354.18       1.0631       1.0956
 6355.22       1.0173       1.1871
 6356.25       1.4936       1.2410
 6357.29       1.8102       1.2133
 6358.33       1.7670       1.2555
 6359.37       2.0553       1.4492
 6360.41       1.9685       2.0017
 6361.44       1.4463       2.8788
 6362.48       1.7550       3.7384
 6363.52       2.6740       4.2647
 6364.56       3.3212       4.2653
 6365.59       3.3809       3.6782
 6366.63       2.9573       2.7153
 6367.67       2.5202       1.7391
 6368.71       1.8562       1.1318
 6369.75       1.1034       0.8841
 6370.78       0.5446       0.8034
 6371.82       0.8005       0.8062
 6372.86       1.4952       0.8165
 6373.90       1.5217       0.8183
 6374.93       1.3432       0.8194
 6375.97       1.9497       0.8604
 6377.01       2.1389       0.9040
 6378.05       1.8795       0.9282
 6379.08       2.0094       0.9366
 6380.12       2.1254       0.9310
 6381.16       1.9429       0.9186
 6382.20       1.7869       0.8980
 6383.24       1.0350       0.8807
 6384.27      -0.0190       0.8912
 6385.31       0.6096       0.9792
 6386.35       1.5362       1.0577
 6387.39       1.2700       1.0381
 6388.42       0.8056       0.9523
 6389.46       0.8276       0.8647
 6390.50       0.9957       0.8175
 6391.54       1.1145       0.7986
 6392.58       1.2849       0.7915
 6393.61       1.9136       0.8185
 6394.65       1.6619       0.8284
 6395.69       0.3082       0.7961
 6396.73       0.4445       0.7663
 6397.76       1.4258       0.7566
 6398.80       1.2764       0.7580
 6399.84       1.1228       0.7718
 6400.88       1.3591       0.7854
 6401.92       1.5806       0.7934
 6402.95       1.7685       0.7937
 6403.99       1.7881       0.7947
 6405.03       1.8565       0.8147
 6406.07       1.8115       0.8307
 6407.10       1.5619       0.8257
 6408.14       1.1562       0.7858
 6409.18       0.5983       0.7271
 6410.22       0.2389       0.7194
 6411.25       0.2796       0.7581
 6412.29       0.7380       0.8035
 6413.33       1.3787       0.8302
 6414.37       1.6740       0.8253
 6415.41       1.4698       0.8082
 6416.44       1.1862       0.8007
 6417.48       1.0702       0.8135
 6418.52       1.1525       0.8352
 6419.56       1.0886       0.8445
 6420.59       1.1607       0.8465
 6421.63       1.5677       0.8554
 6422.67       1.9488       0.8436
 6423.71       2.0493       0.8117
 6424.75       2.1577       0.7996
 6425.78       2.0007       0.7913
 6426.82       1.5081       0.7678
 6427.86       1.3139       0.7540
 6428.90       1.5423       0.7552
 6429.93       1.7473       0.7602
 6430.97       1.5438       0.7458
 6432.01       1.0686       0.7258
 6433.05       0.9098       0.7348
 6434.08       1.3468       0.7513
 6435.12       1.8330       0.7512
 6436.16       1.6173       0.7457
 6437.20       1.2497       0.7390
 6438.24       1.3637       0.7357
 6439.27       0.9631       0.7261
 6440.31       0.4549       0.7194
 6441.35       0.7441       0.7315
 6442.39       1.4913       0.7522
 6443.42       1.7648       0.7599
 6444.46       1.5890       0.7625
 6445.50       1.2172       0.7500
 6446.54       1.1584       0.7379
 6447.58       1.0013       0.7421
 6448.61       0.6447       0.7443
 6449.65       0.6721       0.7472
 6450.69       1.2721       0.7809
 6451.73       1.8454       0.8247
 6452.76       1.6733       0.8345
 6453.80       1.0617       0.8185
 6454.84       0.7891       0.8050
 6455.88       1.0770       0.8046
 6456.92       1.5909       0.8166
 6457.95       1.7186       0.8265
 6458.99       1.4285       0.8234
 6460.03       0.9833       0.8208
 6461.07       0.7337       0.8482
 6462.10       0.6859       0.9340
 6463.14       0.6942       1.0602
 6464.18       0.7353       1.1638
 6465.22       1.2824       1.2346
 6466.25       1.7529       1.2598
 6467.29       1.2432       1.2176
 6468.33       0.7871       1.1686
 6469.37       0.9389       1.1508
 6470.41       0.3710       1.1442
 6471.44      -0.0150       1.1149
 6472.48       0.8110       1.0485
 6473.52       1.4329       0.9756
 6474.56       1.3752       0.9078
 6475.59       1.5200       0.8505
 6476.63       1.6472       0.8330
 6477.67       1.7314       0.8435
 6478.71       1.5819       0.8463
 6479.75       1.0614       0.8119
 6480.78       0.6366       0.7593
 6481.82       0.6268       0.7372
 6482.86       0.8619       0.7298
 6483.90       0.7978       0.6961
 6484.93       0.7920       0.6816
 6485.97       0.8232       0.6911
 6487.01       0.6139       0.6945
 6488.05       0.4881       0.6880
 6489.08       0.6707       0.6830
 6490.12       1.0964       0.7013
 6491.16       1.2541       0.7123
 6492.20       1.3500       0.7175
 6493.24       1.6419       0.7231
 6494.27       1.9667       0.8038
 6495.31       1.7502       0.9821
 6496.35       1.2017       1.2217
 6497.39       0.6731       1.4424
 6498.42       0.4401       1.5656
 6499.46       0.7209       1.5478
 6500.50       1.3019       1.4224
 6501.54       1.4524       1.2198
 6502.58       1.0001       1.0515
 6503.61       0.4694       0.9773
 6504.65       0.7794       0.9909
 6505.69       1.6008       0.9973
 6506.73       1.8877       0.9469
 6507.76       1.5083       0.8538
 6508.80       0.8433       0.7682
 6509.84       0.7328       0.7415
 6510.88       0.8729       0.7498
 6511.92       0.7779       0.7439
 6512.95       0.0752       0.7162
 6513.99      -0.4239       0.6921
 6515.03       0.2799       0.7124
 6516.07       1.1070       0.7276
 6517.10       1.4901       0.7298
 6518.14       1.7954       0.7497
 6519.18       1.9243       0.7889
 6520.22       1.5965       0.8298
 6521.26       0.6625       0.8494
 6522.29      -0.0743       0.8537
 6523.33       0.0355       0.8554
 6524.37       1.2098       0.8653
 6525.41       2.1702       0.8503
 6526.44       1.7585       0.7934
 6527.48       1.1066       0.7393
 6528.52       0.8055       0.7599
 6529.56       0.1665       0.8529
 6530.59       0.8307       1.0675
 6531.63       2.3671       1.3149
 6532.67       1.7210       1.4041
 6533.71       0.7168       1.3583
 6534.75       1.4868       1.2782
 6535.78       1.4934       1.0765
 6536.82       0.8489       0.8580
 6537.86       1.3104       0.7756
 6538.90       2.0230       0.7863
 6539.93       1.9709       0.8061
 6540.97       0.6207       0.8105
 6542.01       0.2159       0.8631
 6543.05       1.3161       0.9623
 6544.09       1.3230       0.9888
 6545.12       0.5620       0.9337
 6546.16       0.2607       0.8606
 6547.20       0.4320       0.7920
 6548.24       0.8701       0.7675
 6549.27       1.1830       0.7941
 6550.31       0.8439       0.9127
 6551.35       0.2501       1.1080
 6552.39       0.2683       1.2968
 6553.43       0.6982       1.3999
 6554.46       1.0061       1.3748
 6555.50       0.9195       1.2132
 6556.54       0.6625       0.9886
 6557.58       0.6934       0.8149
 6558.61       0.9195       0.7740
 6559.65       1.0122       0.8672
 6560.69       1.2035       1.0371
 6561.73       0.9269       1.1741
 6562.76       0.4555       1.2047
 6563.80       0.6064       1.1665
 6564.84       1.0884       1.0671
 6565.88       1.6250       0.9547
 6566.92       1.4822       0.8735
 6567.95       1.2338       0.8481
 6568.99       1.7469       0.8593
 6570.03       1.5169       0.8359
 6571.07       0.6625       0.7669
 6572.10       0.6117       0.7256
 6573.14       0.7756       0.7341
 6574.18       0.8246       0.8170
 6575.22       1.4665       0.9860
 6576.26       1.9280       1.1435
 6577.29       1.6115       1.1895
 6578.33       1.3503       1.1452
 6579.37       1.0858       1.0217
 6580.41       0.3312       0.8456
 6581.44       0.3130       0.7220
 6582.48       0.9042       0.6726
 6583.52       0.9929       0.6454
 6584.56       0.7627       0.6404
 6585.60       1.1624       0.6565
 6586.63       1.5484       0.6579
 6587.67       1.7608       0.6495
 6588.71       1.4967       0.6465
 6589.75       1.0409       0.6376
 6590.78       0.5707       0.6208
 6591.82       0.1172       0.6031
 6592.86       0.1167       0.6213
 6593.90       0.5543       0.6781
 6594.93       0.8501       0.7267
 6595.97       0.9741       0.7502
 6597.01       0.9826       0.7498
 6598.05       0.8064       0.7272
 6599.09       0.9990       0.7139
 6600.12       1.8063       0.7344
 6601.16       2.2578       0.7805
 6602.20       2.2692       0.8430
 6603.24       2.5244       0.9067
 6604.27       2.8833       0.9391
 6605.31       2.9503       0.9180
 6606.35       2.5264       0.8546
 6607.39       1.9813       0.7733
 6608.43       1.7043       0.7021
 6609.46       1.5049       0.6553
 6610.50       1.0945       0.6262
 6611.54       0.4483       0.6052
 6612.58       0.2626       0.6025
 6613.61       0.3803       0.6037
 6614.65       0.2793       0.6017
 6615.69       0.1547       0.5986
 6616.73       0.3279       0.6045
 6617.77       0.8427       0.6253
 6618.80       1.4273       0.6487
 6619.84       1.6204       0.6549
 6620.88       1.2527       0.6382
 6621.92       0.8091       0.6208
 6622.95       0.6940       0.6226
 6623.99       0.8873       0.6360
 6625.03       1.2371       0.6558
 6626.07       1.8309       0.6884
 6627.10       1.9895       0.7061
 6628.14       1.4736       0.6970
 6629.18       1.2902       0.6891
 6630.22       1.1847       0.6846
 6631.26       0.7398       0.6809
 6632.29       0.9140       0.7011
 6633.33       1.3739       0.7336
 6634.37       0.9799       0.7416
 6635.41       0.6171       0.7336
 6636.44       0.7672       0.7144
 6637.48       1.0329       0.6814
 6638.52       1.4238       0.6563
 6639.56       1.6756       0.6456
 6640.60       1.8924       0.6540
 6641.63       1.6095       0.6460
 6642.67       0.7036       0.6030
 6643.71       0.3328       0.5964
 6644.75       0.7397       0.6228
 6645.78       1.1585       0.6214
 6646.82       1.1400       0.6097
 6647.86       0.7273       0.6082
 6648.90       0.2428       0.6079
 6649.94       0.4062       0.6157
 6650.97       1.1798       0.6290
 6652.01       1.3513       0.6305
 6653.05       1.0940       0.6277
 6654.09       1.2890       0.6356
 6655.12       1.3572       0.6311
 6656.16       1.1628       0.6161
 6657.20       1.0742       0.6141
 6658.24       1.0000       0.6199
 6659.27       0.8578       0.6220
 6660.31       0.7804       0.6159
 6661.35       0.9082       0.6191
 6662.39       1.1260       0.6396
 6663.43       1.1665       0.6466
 6664.46       0.9035       0.6398
 6665.50       0.5716       0.6400
 6666.54       0.3995       0.6461
 6667.58       0.5419       0.6525
 6668.61       0.8508       0.6514
 6669.65       0.9888       0.6424
 6670.69       0.8347       0.6287
 6671.73       0.9704       0.6194
 6672.77       1.2037       0.6152
 6673.80       1.3600       0.6165
 6674.84       1.1329       0.6115
 6675.88       1.0046       0.6060
 6676.92       1.4939       0.6134
 6677.95       1.5344       0.6114
 6678.99       0.9385       0.5961
 6680.03       0.7573       0.5884
 6681.07       0.7952       0.5903
 6682.10       0.8940       0.6003
 6683.14       1.1325       0.6029
 6684.18       1.3530       0.6122
 6685.22       1.2979       0.6367
 6686.26       1.3568       0.6412
 6687.29       1.4110       0.6246
 6688.33       1.1497       0.6159
 6689.37       1.1663       0.6173
 6690.41       1.4839       0.6177
 6691.44       1.4064       0.6058
 6692.48       1.3196       0.5971
 6693.52       1.5649       0.6034
 6694.56       1.4487       0.5974
 6695.60       1.2066       0.5951
 6696.63       1.6204       0.6280
 6697.67       1.5132       0.6535
 6698.71       1.0048       0.6560
 6699.75       1.2609       0.6560
 6700.78       1.3664       0.6474
 6701.82       0.9279       0.6330
 6702.86       0.8477       0.6202
 6703.90       1.0976       0.6217
 6704.94       1.1875       0.6302
 6705.97       0.9987       0.6156
 6707.01       0.8414       0.5963
 6708.05       1.1081       0.6081
 6709.09       1.3788       0.6171
 6710.12       1.1958       0.6025
 6711.16       0.3671       0.5769
 6712.20      -0.0406       0.5693
 6713.24       0.5469       0.5897
 6714.27       1.0651       0.6044
 6715.31       1.1160       0.6054
 6716.35       0.8826       0.6026
 6717.39       0.6404       0.6047
 6718.43       0.7615       0.6105
 6719.46       1.1903       0.6098
 6720.50       1.5583       0.6081
 6721.54       1.4855       0.6032
 6722.58       0.9177       0.5858
 6723.61       0.6848       0.5785
 6724.65       1.2151       0.5918
 6725.69       1.5249       0.5930
 6726.73       1.5179       0.5901
 6727.77       1.4483       0.6004
 6728.80       1.4306       0.6147
 6729.84       1.2896       0.6152
 6730.88       0.7933       0.5915
 6731.92       0.7730       0.5883
 6732.95       1.3014       0.6114
 6733.99       1.6771       0.6133
 6735.03       2.0776       0.6163
 6736.07       2.7309       0.6425
 6737.10       3.2457       0.6633
 6738.14       3.2146       0.6651
 6739.18       2.6579       0.6554
 6740.22       2.1938       0.6457
 6741.26       1.9333       0.6393
 6742.29       1.7493       0.6342
 6743.33       1.5050       0.6264
 6744.37       1.1940       0.6151
 6745.41       1.0117       0.6066
 6746.44       1.0502       0.6069
 6747.48       1.2110       0.6112
 6748.52       1.1497       0.5951
 6749.56       1.0193       0.5723
 6750.60       1.0225       0.5687
 6751.63       1.4495       0.5796
 6752.67       1.5610       0.5777
 6753.71       0.6472       0.5537
 6754.75      -0.3439       0.5293
 6755.78      -0.3282       0.5295
 6756.82       0.5728       0.5540
 6757.86       1.3632       0.5738
 6758.90       1.3762       0.5716
 6759.94       1.2563       0.5810
 6760.97       1.2818       0.5959
 6762.01       1.2408       0.5870
 6763.05       1.2552       0.5697
 6764.09       1.1163       0.5581
 6765.12       0.8201       0.5551
 6766.16       0.5442       0.5576
 6767.20       0.6273       0.5623
 6768.24       1.0838       0.5767
 6769.27       1.4463       0.5844
 6770.31       1.3356       0.5727
 6771.35       0.8956       0.5553
 6772.39       0.5671       0.5474
 6773.43       0.5855       0.5496
 6774.46       1.0107       0.5678
 6775.50       1.4039       0.5849
 6776.54       1.4768       0.5800
 6777.58       1.0696       0.5624
 6778.61       0.6052       0.5561
 6779.65       0.7066       0.5480
 6780.69       1.0106       0.5560
 6781.73       0.8905       0.5917
 6782.77       1.0014       0.6480
 6783.80       1.2440       0.6771
 6784.84       1.6320       0.6797
 6785.88       1.4228       0.6780
 6786.92       0.7568       0.6881
 6787.95       0.6557       0.6740
 6788.99       0.8415       0.8147
 6790.03       1.0311       0.7471
 6791.07       0.6886       0.6499
 6792.11       0.3696       0.5848
 6793.14       1.0639       0.5670
 6794.18       1.6361       0.5638
 6795.22       1.4891       0.5537
 6796.26       1.1888       0.5675
 6797.29       0.9986       0.5809
 6798.33       1.5204       0.5919
 6799.37       3.2032       0.6365
 6800.41       5.0365       0.6872
 6801.44       5.8774       0.7071
 6802.48       5.7179       0.7009
 6803.52       5.4952       0.6956
 6804.56       5.5591       0.7016
 6805.60       4.6094       0.6721
 6806.63       2.9104       0.6147
 6807.67       1.8090       0.5837
 6808.71       1.3902       0.5812
 6809.75       1.2384       0.5839
 6810.78       1.1630       0.5791
 6811.82       0.8829       0.5613
 6812.86       0.6612       0.5471
 6813.90       0.7668       0.5482
 6814.94       1.1282       0.5615
 6815.97       1.3570       0.5703
 6817.01       1.2133       0.5660
 6818.05       0.8577       0.5535
 6819.09       0.6583       0.5480
 6820.12       0.7964       0.5493
 6821.16       1.0505       0.5584
 6822.20       1.1093       0.5681
 6823.24       1.0779       0.6104
 6824.28       1.1826       0.7171
 6825.31       1.8980       0.9187
 6826.35       2.2451       1.1988
 6827.39       0.8412       1.4446
 6828.43      -0.1415       1.6254
 6829.46       0.4597       1.7393
 6830.50       0.6416       1.7291
 6831.54       0.1259       1.6613
 6832.58      -0.1567       1.6119
 6833.61       0.2770       1.6293
 6834.65       1.3367       1.5635
 6835.69       2.4635       1.3353
 6836.73       1.4779       1.2942
 6837.77       0.8573       1.1913
 6838.80       0.7314       1.0355
 6839.84       1.2394       1.0474
 6840.88       2.1285       1.1197
 6841.92       1.7066       1.1092
 6842.95      -0.1425       0.7498
 6843.99       1.7125       0.6201
 6845.03       1.4061       0.7066
 6846.07      -0.1431       0.5398
 6847.11       0.4380       0.5551
 6848.14       1.2341       0.6057
 6849.18       1.0314       0.6108
 6850.22       1.2183       0.6235
 6851.26       1.1865       0.6133
 6852.29       0.7624       0.5824
 6853.33       1.0898       0.5927
 6854.37       1.4783       0.6120
 6855.41       0.8608       0.5892
 6856.45       0.7438       0.5805
 6857.48       1.1653       0.6045
 6858.52       0.8621       0.6304
 6859.56       0.4262       0.7917
 6860.60       0.3480       1.1719
 6861.63       1.4176       1.6687
 6862.67       2.1055       2.1065
 6863.71       1.2629       2.3376
 6864.75      -0.1215       2.3540
 6865.78      -0.4649       2.1889
 6866.82       0.6300       1.8994
 6867.86       1.1258       1.6376
 6868.90       0.5304       1.4633
 6869.94       0.0673       1.3345
 6870.97       0.3156       1.2996
 6872.01       1.1410       1.2771
 6873.05       1.3668       1.1399
 6874.09       1.0067       0.9286
 6875.12       0.7758       0.7868
 6876.16       0.6556       0.7422
 6877.20       0.6751       0.7586
 6878.24       0.6623       0.7773
 6879.28       1.0103       0.8113
 6880.31       1.5678       0.8412
 6881.35       1.7904       0.8422
 6882.39       1.5790       0.8157
 6883.43       1.2681       0.7921
 6884.46       1.2163       0.7702
 6885.50       1.1724       0.8047
 6886.54       0.7479       0.9014
 6887.58       0.4605       0.9983
 6888.62       0.7373       1.0579
 6889.65       1.4852       1.0824
 6890.69       1.8172       1.0467
 6891.73       1.2874       0.9421
 6892.77       0.3508       0.7984
 6893.80       0.3861       0.6961
 6894.84       1.4474       0.6774
 6895.88       1.7848       0.7095
 6896.92       1.6082       0.7844
 6897.95       1.5887       0.8812
 6898.99       1.0750       0.9583
 6900.03       0.4488       1.0061
 6901.07       0.9279       1.0522
 6902.11       1.3527       1.0299
 6903.14       0.9340       0.9122
 6904.18       0.0452       0.7633
 6905.22       0.1621       0.6604
 6906.26       1.5448       0.6293
 6907.29       1.6529       0.6017
 6908.33       0.7654       0.6157
 6909.37       0.5513       0.7275
 6910.41       0.7745       0.8720
 6911.45       1.1152       0.9771
 6912.48       1.2775       1.0248
 6913.52       1.1421       0.9999
 6914.56       0.8948       0.9136
 6915.60       0.9543       0.7822
 6916.63       0.8004       0.6684
 6917.67       0.2879       0.6429
 6918.71       0.4384       0.7100
 6919.75       0.9899       0.9157
 6920.79       1.2095       1.2234
 6921.82       1.4470       1.4469
 6922.86       1.4657       1.4844
 6923.90       0.8123       1.3959
 6924.94       0.1279       1.2119
 6925.97       0.1973       0.9932
 6927.01       0.9988       0.7837
 6928.05       1.6005       0.6372
 6929.09       1.3065       0.5629
 6930.12       0.9058       0.5293
 6931.16       0.8566       0.5003
 6932.20       0.9248       0.4978
 6933.24       1.0050       0.5040
 6934.28       1.0225       0.5247
 6935.31       1.0735       0.5607
 6936.35       1.4393       0.6622
 6937.39       1.8190       0.8137
 6938.43       1.1964       0.8979
 6939.46       0.2319       0.9140
 6940.50       0.0885       0.9147
 6941.54       0.2024       0.8222
 6942.58       0.4343       0.6797
 6943.62       1.0671       0.6019
 6944.65       1.2325       0.6433
 6945.69       0.7805       0.8195
 6946.73       0.4830       1.0800
 6947.77       0.6188       1.3534
 6948.80       0.9629       1.5328
 6949.84       1.3362       1.5257
 6950.88       1.2690       1.3159
 6951.92       0.5642       1.0062
 6952.96      -0.1934       0.7326
 6953.99      -0.3558       0.5809
 6955.03       0.3575       0.5459
 6956.07       1.2329       0.5776
 6957.11       1.5725       0.5887
 6958.14       1.2431       0.5702
 6959.18       0.7467       0.5410
 6960.22       0.7418       0.5417
 6961.26       1.2114       0.5540
 6962.29       1.3914       0.5563
 6963.33       0.8875       0.5477
 6964.37       0.6323       0.5523
 6965.41       0.8551       0.5917
 6966.45       0.8844       0.6492
 6967.48       0.9691       0.7212
 6968.52       1.3280       0.7902
 6969.56       1.4267       0.8249
 6970.60       1.2451       0.8097
 6971.63       1.0554       0.7639
 6972.67       1.2816       0.6948
 6973.71       1.4861       0.6688
 6974.75       1.0147       0.7260
 6975.79       0.7144       0.8640
 6976.82       0.9130       1.0277
 6977.86       0.8084       1.1532
 6978.90       1.1819       1.1883
 6979.94       2.1738       1.1187
 6980.97       2.3104       0.9336
 6982.01       1.4765       0.7234
 6983.05       0.7754       0.5915
 6984.09       0.9462       0.5581
 6985.12       1.4396       0.5617
 6986.16       1.1357       0.5558
 6987.20       0.7771       0.5452
 6988.24       0.8992       0.5408
 6989.28       1.0844       0.5382
 6990.31       1.5117       0.5457
 6991.35       2.0540       0.5587
 6992.39       1.2678       0.5324
 6993.43       0.2388       0.5038
 6994.46       0.6011       0.5287
 6995.50       0.9496       0.5454
 6996.54       0.7291       0.5397
 6997.58       0.7994       0.5554
 6998.62       1.0166       0.5688
 6999.65       1.1752       0.5767
 7000.69       1.1145       0.6079
 7001.73       1.1261       0.6497
 7002.77       1.2765       0.6714
 7003.80       1.1024       0.6777
 7004.84       0.7562       0.6557
 7005.88       1.0352       0.6152
 7006.92       1.2103       0.5857
 7007.96       1.1970       0.6098
 7008.99       1.2602       0.6846
 7010.03       1.2559       0.7655
 7011.07       1.1484       0.8016
 7012.11       0.9986       0.7919
 7013.14       1.1526       0.7416
 7014.18       1.6519       0.6712
 7015.22       1.5194       0.5738
 7016.26       1.0330       0.4932
 7017.29       1.2640       0.4814
 7018.33       1.1609       0.4906
 7019.37       0.5813       0.4810
 7020.41       0.5472       0.4800
 7021.45       0.7054       0.4812
 7022.48       0.6519       0.4813
 7023.52       0.8013       0.4802
 7024.56       1.0884       0.4804
 7025.60       1.3104       0.4853
 7026.63       1.2668       0.4938
 7027.67       1.0730       0.5040
 7028.71       1.0268       0.5132
 7029.75       1.0378       0.5159
 7030.79       1.1365       0.5141
 7031.82       1.5546       0.5139
 7032.86       1.9432       0.5178
 7033.90       1.9208       0.5196
 7034.94       1.2659       0.5015
 7035.97       0.6509       0.4782
 7037.01       0.6976       0.4749
 7038.05       0.7827       0.4937
 7039.09       0.6974       0.5250
 7040.12       0.9517       0.5558
 7041.16       1.1004       0.5778
 7042.20       0.9490       0.5935
 7043.24       0.9578       0.5913
 7044.28       0.8561       0.6025
 7045.31       0.5038       0.6507
 7046.35       0.9837       0.7332
 7047.39       1.6384       0.8009
 7048.43       1.2739       0.8034
 7049.46       1.5402       0.7985
 7050.50       2.3718       0.7884
 7051.54       1.6865       0.7051
 7052.58       1.0260       0.6316
 7053.62       1.4967       0.6228
 7054.65       2.1302       0.6246
 7055.69       1.7722       0.6218
 7056.73       0.7272       0.6337
 7057.77       0.2983       0.6313
 7058.80       0.7239       0.6378
 7059.84       1.1621       0.6847
 7060.88       0.9975       0.7235
 7061.92       0.5840       0.7424
 7062.96       0.9048       0.7759
 7063.99       1.3404       0.8067
 7065.03       1.1712       0.8064
 7066.07       0.9547       0.7724
 7067.11       0.9680       0.7406
 7068.14       1.0947       0.7382
 7069.18       1.2544       0.7393
 7070.22       1.1122       0.7157
 7071.26       0.8003       0.6822
 7072.29       0.5700       0.6466
 7073.33       0.6696       0.6265
 7074.37       1.0416       0.6455
 7075.41       1.3491       0.6659
 7076.45       1.3844       0.6608
 7077.48       1.7945       0.6718
 7078.52       1.9135       0.6934
 7079.56       1.4024       0.7033
 7080.60       1.0794       0.6954
 7081.63       1.0571       0.6718
 7082.67       0.7113       0.6460
 7083.71       0.4556       0.6241
 7084.75       0.7022       0.6328
 7085.79       1.3868       0.6844
 7086.82       1.5153       0.7757
 7087.86       0.7192       0.8771
 7088.90       0.8573       0.9927
 7089.94       1.8139       1.0729
 7090.97       1.9230       1.0586
 7092.01       1.7006       1.0038
 7093.05       1.3655       0.9628
 7094.09       0.3676       0.9225
 7095.13       0.2438       0.9006
 7096.16       1.1049       0.8827
 7097.20       0.5502       0.8407
 7098.24      -0.1581       0.8094
 7099.28       0.8048       0.8267
 7100.31       1.2552       0.8331
 7101.35       0.9695       0.8307
 7102.39       1.4851       0.8707
 7103.43       1.9305       0.8933
 7104.46       2.0959       0.8751
 7105.50       1.7590       0.8278
 7106.54       1.4240       0.8011
 7107.58       1.2439       0.7998
 7108.62       1.0285       0.7695
 7109.65       0.9841       0.7289
 7110.69       1.2843       0.7252
 7111.73       1.2643       0.7134
 7112.77       0.8996       0.6885
 7113.80       0.7415       0.6833
 7114.84       1.1297       0.7133
 7115.88       1.6972       0.7503
 7116.92       1.9730       0.7500
 7117.96       1.5840       0.7118
 7118.99       0.8209       0.6706
 7120.03       0.9297       0.6451
 7121.07       1.5708       0.6531
 7122.11       1.7386       0.6939
 7123.14       1.6306       0.7394
 7124.18       1.4837       0.8022
 7125.22       1.1128       0.8852
 7126.26       0.9951       0.9927
 7127.30       1.0903       1.1156
 7128.33       0.5335       1.2131
 7129.37       0.2937       1.2687
 7130.41       1.0486       1.2866
 7131.45       1.3421       1.2625
 7132.48       1.1166       1.2345
 7133.52       1.4919       1.2535
 7134.56       1.2974       1.2443
 7135.60       0.9001       1.2042
 7136.63       1.8954       1.2324
 7137.67       2.1235       1.2125
 7138.71       0.7702       1.1221
 7139.75       0.3349       1.1209
 7140.79       0.8182       1.2085
 7141.82       0.9375       1.2955
 7142.86       0.9718       1.3307
 7143.90       1.1216       1.3327
 7144.94       1.0728       1.3341
 7145.97       1.1955       1.3363
 7147.01       1.5067       1.3253
 7148.05       1.8255       1.3004
 7149.09       1.9790       1.2524
 7150.13       1.6436       1.1726
 7151.16       0.8557       1.0814
 7152.20       0.4568       1.0075
 7153.24       0.8167       0.9710
 7154.28       1.4298       0.9551
 7155.31       1.8568       0.9555
 7156.35       2.4692       0.9981
 7157.39       2.2577       1.0436
 7158.43       1.3154       1.0678
 7159.47       1.0862       1.0859
 7160.50       1.3271       1.1139
 7161.54       1.3975       1.1558
 7162.58       1.3560       1.1670
 7163.62       1.1241       1.1629
 7164.65       0.8559       1.1791
 7165.69       0.8961       1.1872
 7166.73       1.2796       1.1875
 7167.77       1.7006       1.2056
 7168.80       1.7598       1.2166
 7169.84       1.5336       1.2105
 7170.88       1.4930       1.1974
 7171.92       1.5091       1.1954
 7172.96       1.4881       1.2200
 7173.99       1.1962       1.2342
 7175.03       0.8939       1.2438
 7176.07       0.9473       1.2681
 7177.11       1.5665       1.2390
 7178.14       2.1655       1.1702
 7179.18       1.9852       1.1604
 7180.22       1.2081       1.1409
 7181.26       0.5966       1.0731
 7182.30       0.7672       1.0665
 7183.33       1.4082       1.0955
 7184.37       1.5032       1.0786
 7185.41       0.8499       1.0090
 7186.45       0.2921       0.9416
 7187.48       0.4566       0.9261
 7188.52       0.5694       0.9329
 7189.56       0.3515       0.9240
 7190.60       1.0279       0.9403
 7191.64       1.3764       0.9336
 7192.67       0.7549       0.8961
 7193.71       0.8241       0.8744
 7194.75       1.0293       0.8730
 7195.79       0.9383       0.9022
 7196.82       0.8051       0.9326
 7197.86       0.9199       0.9853
 7198.90       1.3391       1.0830
 7199.94       1.8457       1.1640
 7200.97       1.8459       1.1806
 7202.01       1.1776       1.1551
 7203.05       0.5553       1.1002
 7204.09       0.6119       1.0456
 7205.13       1.2510       1.0421
 7206.16       1.5681       1.0403
 7207.20       0.8643       0.9714
 7208.24       1.0055       0.9653
 7209.28       1.7908       0.9941
 7210.31       1.3999       0.9242
 7211.35       0.8796       0.8420
 7212.39       1.1142       0.8209
 7213.43       1.2141       0.8062
 7214.47       1.0253       0.8003
 7215.50       0.8268       0.8098
 7216.54       1.2120       0.8088
 7217.58       1.8222       0.8033
 7218.62       1.9760       0.8211
 7219.65       1.3344       0.8329
 7220.69       0.5889       0.8400
 7221.73       0.9601       0.8824
 7222.77       1.4949       0.9277
 7223.81       1.3597       0.9418
 7224.84       1.1059       0.9320
 7225.88       1.2570       0.9137
 7226.92       1.9033       0.9038
 7227.96       1.5505       0.8658
 7228.99       0.5692       0.8351
 7230.03       0.3784       0.8680
 7231.07       0.6498       0.9397
 7232.11       0.9225       1.0118
 7233.14       1.3563       1.0548
 7234.18       1.1874       1.1246
 7235.22       0.4710       1.4107
 7236.26       0.8513       2.0055
 7237.30       1.4188       2.8386
 7238.33       0.5081       3.6433
 7239.37       0.7032       4.1821
 7240.41       1.9757       4.5167
 7241.45       2.1975       4.7575
 7242.48       1.7313       4.9025
 7243.52       1.2133       4.8506
 7244.56       0.8460       4.5050
 7245.60       0.4788       3.9905
 7246.64      -0.1485       3.4037
 7247.67       0.2104       2.6451
 7248.71       1.2072       1.8691
 7249.75       1.0793       1.3829
 7250.79       0.7457       1.3217
 7251.82       0.6404       1.4740
 7252.86       0.0507       1.5860
 7253.90      -0.0066       1.5606
 7254.94       0.8793       1.4292
 7255.98       1.9617       1.2661
 7257.01       2.4590       1.1169
 7258.05       2.1237       0.9809
 7259.09       1.0327       0.8442
 7260.13       0.2724       0.7390
 7261.16       0.4804       0.7290
 7262.20       1.0365       0.7738
 7263.24       1.0502       0.8051
 7264.28       0.8297       0.8245
 7265.31       0.5836       0.8387
 7266.35       0.6126       0.8584
 7267.39       1.3889       0.8835
 7268.43       2.0263       0.8894
 7269.47       1.6936       0.9169
 7270.50       1.4781       0.9187
 7271.54       1.7997       1.2048
 7272.58       2.1186       1.9275
 7273.62       1.9126       3.0381
 7274.65       1.2704       4.1721
 7275.69       0.7972       4.8305
 7276.73       0.1192       4.8197
 7277.77      -0.4685       4.2548
 7278.81       0.0274       3.1425
 7279.84       1.2747       2.1011
 7280.88       2.8433       1.6513
 7281.92       2.5433       1.7760
 7282.96       1.0857       2.0633
 7283.99       0.8685       2.2398
 7285.03       1.9696       2.2417
 7286.07       2.9708       2.0612
 7287.11       2.5173       1.6620
 7288.15       1.4324       1.2287
 7289.18       1.0455       0.9429
 7290.22       1.0658       0.8046
 7291.26       0.9429       0.7787
 7292.30       0.4577       0.8291
 7293.33       1.0688       0.9777
 7294.37       1.9747       1.1011
 7295.41       1.4545       1.0894
 7296.45       0.5414       1.0057
 7297.48       0.5600       0.9464
 7298.52       0.9638       0.8399
 7299.56       1.4842       0.8340
 7300.60       1.7696       1.0140
 7301.64       1.8406       1.2835
 7302.67       1.3843       1.4815
 7303.71       0.8656       1.5283
 7304.75       1.1464       1.4654
 7305.79       2.0214       1.3221
 7306.82       1.8019       1.0506
 7307.86       1.3005       0.8184
 7308.90       1.4173       0.7375
 7309.94       1.8667       0.7262
 7310.98       2.2927       0.7829
 7312.01       2.2445       0.9993
 7313.05       1.4574       1.5672
 7314.09       0.6021       2.3889
 7315.13       0.8643       3.0441
 7316.16       1.5626       3.3755
 7317.20       1.7268       3.2454
 7318.24       1.1260       2.5814
 7319.28       0.5455       1.6955
 7320.31       0.7438       0.9960
 7321.35       0.9095       0.6419
 7322.39       1.1352       0.5508
 7323.43       1.4717       0.5254
 7324.47       1.4126       0.5991
 7325.50       1.2265       0.8047
 7326.54       1.2675       1.1383
 7327.58       1.4183       1.4779
 7328.62       1.3847       1.6767
 7329.65       0.6690       1.6677
 7330.69       0.1040       1.4692
 7331.73       0.5421       1.1902
 7332.77       1.3793       0.8877
 7333.81       1.8118       0.6470
 7334.84       1.7594       0.5648
 7335.88       1.9639       0.6375
 7336.92       2.0497       1.0007
 7337.96       1.1854       1.6930
 7338.99      -0.2861       2.5526
 7340.03      -0.9280       3.2481
 7341.07       0.9785       3.5552
 7342.11       2.8906       3.2539
 7343.15       2.2882       2.4786
 7344.18       1.4066       1.5815
 7345.22       1.2787       0.9379
 7346.26       1.3031       0.6455
 7347.30       1.4351       0.6103
 7348.33       1.5435       0.5902
 7349.37       1.5951       0.6076
 7350.41       1.2287       0.5947
 7351.45       0.8166       0.5735
 7352.48       1.0806       0.5769
 7353.52       1.4445       0.6108
 7354.56       1.0945       0.6854
 7355.60       0.5198       0.9025
 7356.64       0.2966       1.2146
 7357.67       0.7863       1.4377
 7358.71       1.0639       1.5066
 7359.75       0.9195       1.4023
 7360.79       1.6575       1.1592
 7361.82       2.0639       0.8757
 7362.86       1.3826       0.6797
 7363.90       0.9397       0.5986
 7364.94       1.0714       0.7280
 7365.98       1.4878       1.0870
 7367.01       2.5054       1.6675
 7368.05       2.7653       2.2366
 7369.09       1.7086       2.5240
 7370.13       0.5595       2.4501
 7371.16       0.4581       2.0800
 7372.20       0.5419       1.4791
 7373.24       0.8087       0.9457
 7374.28       1.2369       0.6554
 7375.32       1.5557       0.5683
 7376.35       1.6134       0.5434
 7377.39       1.6890       0.5198
 7378.43       1.5106       0.5005
 7379.47       1.1744       0.4836
 7380.50       1.0339       0.4798
 7381.54       0.8413       0.4689
 7382.58       0.6271       0.4489
 7383.62       0.8343       0.4518
 7384.65       1.0808       0.4534
 7385.69       0.9671       0.4468
 7386.73       0.6435       0.4936
 7387.77       0.7938       0.5892
 7388.81       1.6519       0.7280
 7389.84       1.2570       0.8814
 7390.88      -0.2789       1.0087
 7391.92      -0.3051       1.1028
 7392.96       0.6577       1.0896
 7393.99       1.1543       0.9540
 7395.03       1.0660       0.7646
 7396.07       0.8909       0.6051
 7397.11       1.2212       0.5621
 7398.15       1.3323       0.7299
 7399.18       1.3586       1.1009
 7400.22       1.9064       1.5133
 7401.26       2.1613       1.8067
 7402.30       2.0176       1.8535
 7403.33       2.5954       1.6702
 7404.37       2.4230       1.2718
 7405.41       1.1050       0.8152
 7406.45       0.6227       0.5426
 7407.49       0.9850       0.4666
 7408.52       1.0182       0.4396
 7409.56       0.9011       0.4490
 7410.60       0.7969       0.4521
 7411.64       0.9904       0.4720
 7412.67       0.9693       0.4870
 7413.71       0.6908       0.4908
 7414.75       0.9448       0.4970
 7415.79       1.2299       0.4896
 7416.82       1.0025       0.4631
 7417.86       0.6655       0.4482
 7418.90       0.6323       0.4482
 7419.94       0.9782       0.4475
 7420.98       0.8422       0.4342
 7422.01       0.3964       0.4201
 7423.05       0.6914       0.4335
 7424.09       1.0928       0.4497
 7425.13       1.0399       0.4690
 7426.16       0.6865       0.5128
 7427.20       0.2473       0.5969
 7428.24       0.0824       0.6987
 7429.28       0.5763       0.7809
 7430.32       1.2100       0.7985
 7431.35       1.3337       0.7510
 7432.39       0.8658       0.6345
 7433.43       0.4915       0.5476
 7434.47       0.8485       0.5722
 7435.50       1.2769       0.7411
 7436.54       1.2720       0.9662
 7437.58       0.8449       1.1119
 7438.62       0.5614       1.1379
 7439.66       0.8100       1.0877
 7440.69       1.5850       0.9409
 7441.73       2.0572       0.7395
 7442.77       1.7242       0.5577
 7443.81       1.2680       0.4647
 7444.84       1.2354       0.4400
 7445.88       1.5804       0.4440
 7446.92       1.5765       0.4429
 7447.96       1.0827       0.4339
 7448.99       0.8732       0.4339
 7450.03       0.9770       0.4366
 7451.07       0.9249       0.4315
 7452.11       1.1065       0.4331
 7453.15       1.2691       0.4408
 7454.18       0.8627       0.4395
 7455.22       0.7057       0.4455
 7456.26       0.9947       0.4633
 7457.30       0.5314       0.4651
 7458.33       0.4501       0.4762
 7459.37       1.3713       0.5149
 7460.41       0.9466       0.5284
 7461.45       0.1423       0.5464
 7462.49       0.9173       0.6092
 7463.52       1.3825       0.6743
 7464.56       0.8853       0.7100
 7465.60       0.5563       0.7120
 7466.64       0.5610       0.7143
 7467.67       0.9719       0.7559
 7468.71       1.5188       0.8024
 7469.75       1.7800       0.8679
 7470.79       1.6727       0.9553
 7471.83       1.0389       1.0424
 7472.86       0.4793       1.0776
 7473.90       0.5694       1.0350
 7474.94       0.7229       0.9414
 7475.98       0.5705       0.8695
 7477.01       0.3616       0.8586
 7478.05       0.5620       0.9130
 7479.09       0.9752       0.9990
 7480.13       0.6629       1.1056
 7481.16      -0.0132       1.1873
 7482.20      -0.1590       1.2073
 7483.24       0.8659       1.1897
 7484.28       1.9817       1.1107
 7485.32       1.7778       0.9550
 7486.35       0.8009       0.7488
 7487.39       0.1686       0.5612
 7488.43       0.3324       0.4789
 7489.47       0.7898       0.4891
 7490.50       0.8652       0.5229
 7491.54       0.8383       0.5689
 7492.58       0.9411       0.6080
 7493.62       1.0283       0.6346
 7494.66       1.3737       0.6293
 7495.69       1.3491       0.5802
 7496.73       0.5679       0.5012
 7497.77       0.5921       0.4638
 7498.81       1.4754       0.4760
 7499.84       1.3081       0.4713
 7500.88       0.8041       0.4572
 7501.92       0.9939       0.4563
 7502.96       1.1303       0.4512
 7504.00       0.9451       0.4362
 7505.03       0.6143       0.4165
 7506.07       0.8165       0.4175
 7507.11       1.3641       0.4284
 7508.15       1.2617       0.4201
 7509.18       1.1638       0.4018
 7510.22       1.3554       0.4460
 7511.26       1.1186       0.5309
 7512.30       0.6818       0.5536
 7513.33       0.2684       0.5619
 7514.37       0.8196       0.5900
 7515.41       1.4061       0.4918
 7516.45       1.5641       0.5240
 7517.49       1.2193       0.5847
 7518.52       0.9991       0.6009
 7519.56       0.6989       0.7040
 7520.60       0.2868       1.0111
 7521.64      -0.1387       1.5008
 7522.67      -0.0878       1.9805
 7523.71       0.2655       2.2452
 7524.75       0.6478       2.2122
 7525.79       0.5946       1.8614
 7526.83       0.5581       1.4058
 7527.86       1.3099       1.0734
 7528.90       1.7554       0.9606
 7529.94       1.4979       0.9523
 7530.98       1.4903       0.9510
 7532.01       1.3237       0.8718
 7533.05       0.7370       0.7289
 7534.09       0.3871       0.5887
 7535.13       0.5742       0.4987
 7536.17       0.9755       0.4665
 7537.20       0.9411       0.4888
 7538.24       0.6326       0.5281
 7539.28       0.7335       0.5634
 7540.32       1.0782       0.5800
 7541.35       1.2154       0.5701
 7542.39       0.8928       0.5303
 7543.43       0.7262       0.4848
 7544.47       1.0808       0.4553
 7545.50       1.0374       0.4371
 7546.54       0.8442       0.4324
 7547.58       1.0616       0.4412
 7548.62       0.9884       0.4427
 7549.66       0.6312       0.4345
 7550.69       0.7149       0.4370
 7551.73       0.9122       0.4407
 7552.77       0.9934       0.4622
 7553.81       0.8610       0.5204
 7554.84       0.4669       0.6053
 7555.88       0.0538       0.6834
 7556.92      -0.0397       0.7423
 7557.96       0.2793       0.7608
 7559.00       0.7071       0.7295
 7560.03       0.9684       0.6470
 7561.07       0.8718       0.5451
 7562.11       0.5460       0.4681
 7563.15       0.3266       0.4455
 7564.18       0.3748       0.4643
 7565.22       0.2328       0.4835
 7566.26       0.5346       0.5159
 7567.30       1.6015       0.6229
 7568.33       1.5868       0.8402
 7569.37       0.8138       1.1751
 7570.41       0.9847       1.5087
 7571.45       0.9101       1.7241
 7572.49       0.2376       1.7226
 7573.52       0.0543       1.4986
 7574.56       0.4308       1.1416
 7575.60       0.8709       0.7963
 7576.64       0.4808       0.5629
 7577.67       0.1548       0.4595
 7578.71       0.8952       0.4293
 7579.75       1.4364       0.4309
 7580.79       1.2150       0.4280
 7581.83       0.7334       0.4513
 7582.86       0.6032       0.5416
 7583.90       0.9941       0.6881
 7584.94       1.4326       0.8035
 7585.98       1.3598       0.8486
 7587.01       0.9230       0.8315
 7588.05       0.8885       0.7376
 7589.09       1.1927       0.6251
 7590.13       1.2254       0.5627
 7591.17       0.9207       0.5535
 7592.20       0.6165       0.6097
 7593.24       0.7294       0.7289
 7594.28       0.6462       0.9941
 7595.32      -0.0379       1.6999
 7596.35      -0.9466       2.8548
 7597.39      -0.9761       4.3601
 7598.43      -0.3534       5.7708
 7599.47      -0.7666       6.8889
 7600.50      -1.5439       7.2364
 7601.54      -0.1791       6.6838
 7602.58       1.4144       5.9219
 7603.62       2.4888       5.6214
 7604.66       2.4647       5.3278
 7605.69       1.4829       5.1741
 7606.73       0.1506       4.9558
 7607.77      -1.0157       4.3300
 7608.81      -0.8202       3.6663
 7609.84       0.5802       3.4502
 7610.88       1.4138       3.0138
 7611.92       1.2457       2.2805
 7612.96       1.4706       1.7793
 7614.00       0.6939       1.5068
 7615.03      -0.4084       1.3400
 7616.07      -0.3830       1.2459
 7617.11       0.3352       1.2372
 7618.15       0.5171       1.2698
 7619.18       0.5086       1.2609
 7620.22       0.3938       1.1932
 7621.26       0.5371       1.1500
 7622.30       0.9868       1.1454
 7623.33       1.4976       1.2580
 7624.37       1.9076       1.4883
 7625.41       1.7175       1.9402
 7626.45       1.1095       2.5965
 7627.49       1.9445       3.1852
 7628.52       2.3408       3.6474
 7629.56       0.7194       3.8436
 7630.60       0.3919       3.4676
 7631.64       0.9607       2.6891
 7632.67      -0.1154       1.9510
 7633.71       0.2707       1.6133
 7634.75       1.6956       1.5446
 7635.79       1.0774       1.3923
 7636.83      -0.3048       1.2411
 7637.86      -0.4327       1.2047
 7638.90       1.3614       1.2757
 7639.94       2.3262       1.3100
 7640.98       0.6107       1.2252
 7642.01      -0.5941       1.1493
 7643.05       0.0432       1.1192
 7644.09       1.2253       1.0849
 7645.13       1.4214       1.0291
 7646.17       0.8197       0.9601
 7647.20       1.4369       0.9306
 7648.24       1.8008       0.9289
 7649.28       0.9666       0.9422
 7650.32       0.6167       0.9958
 7651.35       0.6858       1.0651
 7652.39       0.4720       1.1039
 7653.43       0.4290       1.1193
 7654.47       0.4154       1.0600
 7655.50       0.1460       0.9081
 7656.54      -0.0857       0.7352
 7657.58       0.0161       0.6685
 7658.62       0.4793       0.7560
 7659.66       0.9660       0.9903
 7660.69       1.0965       1.2636
 7661.73       1.4700       1.4686
 7662.77       1.6109       1.5889
 7663.81       1.0571       1.6529
 7664.84       0.8637       1.5223
 7665.88       1.2279       1.2563
 7666.92       1.3641       1.0476
 7667.96       1.2661       0.9307
 7669.00       1.0814       0.8648
 7670.03       1.1464       0.8482
 7671.07       1.4363       0.8523
 7672.11       1.6796       0.8534
 7673.15       1.5398       0.8215
 7674.18       1.2615       0.7799
 7675.22       1.3895       0.7809
 7676.26       1.0552       0.7563
 7677.30       0.5206       0.7089
 7678.33       1.0139       0.7155
 7679.37       1.4933       0.7411
 7680.41       1.1728       0.7524
 7681.45       0.6393       0.7665
 7682.49       0.4158       0.7885
 7683.52       0.5913       0.8148
 7684.56       0.7842       0.8323
 7685.60       0.8196       0.8389
 7686.64       0.9052       0.8424
 7687.67       1.1548       0.8433
 7688.71       1.4005       0.8468
 7689.75       1.3908       0.8544
 7690.79       0.8310       0.8468
 7691.83       0.1591       0.8225
 7692.86       0.5348       0.7962
 7693.90       1.3675       0.7836
 7694.94       1.4546       0.8011
 7695.98       0.9777       0.8625
 7697.01       0.2851       0.9675
 7698.05      -0.1250       1.0809
 7699.09      -0.0983       1.1677
 7700.13       0.1231       1.1863
 7701.17       0.5140       1.1335
 7702.20       0.5151       1.0042
 7703.24       0.1874       0.8432
 7704.28       0.0327       0.7261
 7705.32       0.5639       0.6670
 7706.35       1.5261       0.6886
 7707.39       2.0076       0.8023
 7708.43       1.3663       1.2113
 7709.47       0.1229       1.9646
 7710.50      -0.1853       2.8299
 7711.54       0.6071       3.5965
 7712.58       0.4091       4.0661
 7713.62      -0.0618       4.4234
 7714.66       0.3882       4.7821
 7715.69       0.5667       4.7790
 7716.73       0.7888       4.4655
 7717.77       1.7127       4.0685
 7718.81       1.7790       3.3374
 7719.84       0.9401       2.3390
 7720.88       0.4918       1.5528
 7721.92       0.9885       1.2472
 7722.96       1.7995       1.3113
 7724.00       1.3534       1.5278
 7725.03       0.2642       1.6187
 7726.07       0.2994       1.5369
 7727.11       1.1566       1.3660
 7728.15       2.0640       1.1577
 7729.18       1.6510       0.9067
 7730.22       0.8725       0.7213
 7731.26       0.4780       0.6447
 7732.30       0.1128       0.6580
 7733.34       0.5638       0.7170
 7734.37       1.6572       0.7612
 7735.41       1.2315       0.7622
 7736.45       0.6290       0.7366
 7737.49       1.3736       0.7171
 7738.52       0.8662       0.6590
 7739.56      -0.1969       0.5976
 7740.60       0.4843       0.5977
 7741.64       1.2886       0.6250
 7742.68       1.1625       0.6371
 7743.71       0.9932       0.6341
 7744.75       1.3553       0.6583
 7745.79       2.0303       0.9923
 7746.83       2.3250       1.8565
 7747.86       1.7444       3.2072
 7748.90       0.4620       4.5231
 7749.94       0.5902       5.3430
 7750.98       1.4026       5.4304
 7752.01       0.2270       4.9265
 7753.05      -0.3474       3.7586
 7754.09       0.6906       2.3603
 7755.13       0.7732       1.3667
 7756.17       0.8839       1.2014
 7757.20       1.6354       1.6007
 7758.24       1.9064       2.1744
 7759.28       1.4155       2.4398
 7760.32       0.9525       2.3969
 7761.35       0.3964       2.1194
 7762.39       0.0143       1.7150
 7763.43       0.1329       1.2071
 7764.47       0.6113       0.8280
 7765.51       0.8621       0.6611
 7766.54       0.9710       0.6374
 7767.58       1.1196       0.6674
 7768.62       1.4631       0.7351
 7769.66       1.5781       0.9064
 7770.69       0.8858       1.1423
 7771.73      -0.6356       1.3222
 7772.77      -0.0991       1.5022
 7773.81       1.7364       1.5970
 7774.85       1.2826       1.4181
 7775.88       0.7996       1.1889
 7776.92       1.8120       1.1590
 7777.96       0.8094       1.2648
 7779.00      -0.2046       1.4736
 7780.03       0.9938       1.6610
 7781.07       0.3671       1.6456
 7782.11      -1.1346       1.4380
 7783.15       0.2101       1.2333
 7784.18       1.4493       1.0215
 7785.22       0.9473       0.8305
 7786.26       0.6398       0.7765
 7787.30       0.6645       0.7811
 7788.34       0.9379       0.8598
 7789.37       2.1729       1.1154
 7790.41       2.3619       1.6924
 7791.45       0.2620       2.4937
 7792.49      -0.6309       3.2823
 7793.52       0.6671       3.7715
 7794.56       1.9503       3.8265
 7795.60       2.0193       3.3444
 7796.64       1.0620       2.4945
 7797.68       0.7003       1.5924
 7798.71       0.7357       0.9522
 7799.75       0.7169       0.6439
 7800.79       0.9702       0.5912
 7801.83       1.2304       0.5731
 7802.86       1.0395       0.5622
 7803.90       0.4007       0.6217
 7804.94      -0.1451       0.8612
 7805.98       0.0622       1.2593
 7807.02       0.5562       1.6116
 7808.05       0.6862       1.7493
 7809.09       0.8391       1.7617
 7810.13       0.6534       1.5856
 7811.17       0.1490       1.2320
 7812.20       0.6460       0.9024
 7813.24       1.5868       0.7165
 7814.28       1.6026       0.6809
 7815.32       1.4448       0.6417
 7816.35       1.3600       0.6991
 7817.39       1.0106       1.0497
 7818.43       0.1787       1.8310
 7819.47      -0.6952       2.8561
 7820.51      -0.8134       3.6724
 7821.54      -0.0436       3.9752
 7822.58       1.0842       3.7529
 7823.62       3.7922       2.9346
 7824.66       5.1297       1.9325
 7825.69       2.7141       1.1604
 7826.73       1.4634       0.7909
 7827.77       1.1836       0.6736
 7828.81       0.7419       0.6662
 7829.85       0.0683       0.6213
 7830.88       0.4236       0.5015
 7831.92       1.4204       0.3997
 7832.96       0.5158       0.4671
 7834.00       0.4681       0.4583
 7835.03       0.6771       0.4349
 7836.07       0.9254       0.4579
 7837.11       1.0142       0.5432
 7838.15       1.2903       0.7758
 7839.19       1.6285       1.1185
 7840.22       1.4136       1.4016
 7841.26       0.7811       1.5039
 7842.30       0.3157       1.4088
 7843.34       0.3835       1.1464
 7844.37       0.6700       0.8364
 7845.41       0.5721       0.6059
 7846.45       0.3665       0.5304
 7847.49       0.6377       0.6476
 7848.52       1.6666       0.8886
 7849.56       1.7068       1.4343
 7850.60       0.5047       2.3454
 7851.64       0.5116       3.3553
 7852.68       1.7727       4.0818
 7853.71       2.7345       4.2279
 7854.75       2.5760       3.7008
 7855.79       1.4791       2.8030
 7856.83       0.5835       1.9657
 7857.86       0.1202       1.6478
 7858.90       0.1012       1.7643
 7859.94       0.5763       1.9368
 7860.98       0.6031       1.9075
 7862.02       0.1656       1.6320
 7863.05       1.2555       1.2655
 7864.09       2.1040       0.9512
 7865.13       1.0487       0.8130
 7866.17       0.8050       0.9456
 7867.20       1.2256       1.3248
 7868.24       0.1045       1.7839
 7869.28      -0.4517       2.1652
 7870.32       0.4439       2.3083
 7871.35       1.1368       2.1682
 7872.39       1.0803       1.7569
 7873.43       0.5215       1.2575
 7874.47       0.2249       0.8550
 7875.51       0.5016       0.7533
 7876.54       1.0131       0.9429
 7877.58       0.9841       1.2391
 7878.62       0.4551       1.4647
 7879.66       0.0135       1.6238
 7880.69       0.6945       1.6358
 7881.73       2.0035       1.5045
 7882.77       1.7346       1.2892
 7883.81       0.8588       1.0374
 7884.85       0.9294       0.8668
 7885.88       1.2249       0.9145
 7886.92       1.4164       1.2739
 7887.96       1.3710       1.8042
 7889.00       1.0559       2.2552
 7890.03       0.6453       2.3884
 7891.07       0.2444       2.2048
 7892.11       0.5038       1.7479
 7893.15       1.2533       1.2174
 7894.19       1.5804       0.8170
 7895.22       1.2343       0.6239
 7896.26       0.6562       0.5411
 7897.30       0.6434       0.5323
 7898.34       0.9632       0.5037
 7899.37       0.7806       0.4834
 7900.41       0.7630       0.5245
 7901.45       1.1691       0.5715
 7902.49       0.8980       0.6297
 7903.52       0.6159       0.6338
 7904.56       0.3665       0.6561
 7905.60       1.1476       0.6974
 7906.64       1.8748       0.7079
 7907.68       1.7734       0.7846
 7908.71       1.1822       0.9145
 7909.75       0.4694       1.1947
 7910.79       1.4487       2.5238
 7911.83       1.1199       3.8461
 7912.86      -0.6489       4.8081
 7913.90      -0.2418       5.1938
 7914.94       0.5989       4.6334
 7915.98      -0.0292       3.4260
 7917.02      -0.2985       2.2337
 7918.05      -0.2441       1.7169
 7919.09      -0.1597       1.8592
 7920.13       1.1216       2.2925
 7921.17       2.1280       2.4230
 7922.20       0.2830       2.2171
 7923.24      -0.4472       1.7154
 7924.28       1.2336       1.1655
 7925.32       1.4010       0.7304
 7926.35       0.7446       0.5680
 7927.39       0.7242       0.6674
 7928.43       0.7301       0.9882
 7929.47       0.6564       1.3627
 7930.51       0.6069       1.6395
 7931.54       0.7071       1.7426
 7932.58       1.0757       1.6283
 7933.62       1.6733       1.3168
 7934.66       1.8368       0.9339
 7935.69       1.3256       0.6217
 7936.73       0.6790       0.4685
 7937.77       0.4247       0.4354
 7938.81       0.6510       0.4232
 7939.85       0.9657       0.4405
 7940.88       1.0992       0.4610
 7941.92       1.1771       0.4924
 7942.96       0.9942       0.5030
 7944.00       0.9123       0.5375
 7945.03       1.2292       0.6252
 7946.07       2.2666       0.8427
 7947.11       3.3057       1.1439
 7948.15       2.7671       1.3501
 7949.19       1.5576       1.3984
 7950.22       1.2871       1.3262
 7951.26       1.2522       1.1076
 7952.30       0.9361       0.8165
 7953.34       0.6485       0.5699
 7954.37       0.4433       0.4392
 7955.41       0.5950       0.3941
 7956.45       0.9447       0.4015
 7957.49       1.2543       0.3915
 7958.52       1.4027       0.4141
 7959.56       1.7050       0.4590
 7960.60       1.2664       0.8084
 7961.64      -0.3801       1.5651
 7962.68      -0.0321       2.6320
 7963.71       1.5961       3.5591
 7964.75       1.0173       3.8561
 7965.79      -0.0933       3.5194
 7966.83      -0.0511       2.8079
 7967.86       0.4762       1.8501
 7968.90       0.8767       1.0821
 7969.94       0.7958       0.6907
 7970.98       0.9273       0.5646
 7972.02       1.2501       0.5078
 7973.05       1.2540       0.5085
 7974.09       1.0423       0.5651
 7975.13       0.7905       0.7440
 7976.17       1.0427       1.0515
 7977.20       1.0599       1.4441
 7978.24       0.6318       1.7889
 7979.28       1.2598       1.9577
 7980.32       1.7572       1.8587
 7981.36       1.2922       1.5514
 7982.39       1.6604       1.1415
 7983.43       2.1909       0.7760
 7984.47       1.7317       0.5495
 7985.51       0.9466       0.4824
 7986.54       0.4786       0.4811
 7987.58       1.2180       0.4983
 7988.62       1.4007       0.6440
 7989.66       0.0540       1.1707
 7990.69      -0.8271       2.1420
 7991.73      -1.5323       3.2905
 7992.77      -2.5977       4.0750
 7993.81      -2.3002       4.2550
 7994.85      -0.7771       3.7215
 7995.88       0.4897       2.6803
 7996.92       1.1056       1.5834
 7997.96       1.3472       0.8309
 7999.00       1.8773       0.5768
 8000.03       1.9453       0.5937
 8001.07       1.1118       0.5423
 8002.11       0.5600       0.5265
 8003.15       0.3086       0.4975
 8004.19       0.0208       0.4624
 8005.22       0.1996       0.4463
 8006.26       0.7513       0.4453
 8007.30       1.2000       0.4433
 8008.34       1.2436       0.4318
 8009.37       1.0806       0.4777
 8010.41       0.7287       0.6156
 8011.45       0.7043       0.8821
 8012.49       1.0965       1.1943
 8013.53       1.1147       1.3919
 8014.56       0.5221       1.3940
 8015.60      -0.0839       1.2574
 8016.64       0.1665       1.0291
 8017.68       1.0399       0.8136
 8018.71       1.3086       0.6904
 8019.75       1.2610       0.6288
 8020.79       1.4361       0.6828
 8021.83       2.0992       0.9282
 8022.86       1.9694       1.4792
 8023.90       0.5198       2.2226
 8024.94      -0.0584       2.8960
 8025.98       0.4966       3.1881
 8027.02       0.8497       2.9999
 8028.05       1.1387       2.3689
 8029.09       1.4115       1.6048
 8030.13       1.5912       1.0213
 8031.17       1.4088       0.7357
 8032.20       0.9119       0.5961
 8033.24       0.5516       0.5494
 8034.28       0.3079       0.4978
 8035.32       0.3097       0.4658
 8036.36       0.3617       0.4389
 8037.39       0.4908       0.4213
 8038.43       0.8217       0.4323
 8039.47       1.0855       0.4514
 8040.51       0.9662       0.4537
 8041.54       0.6028       0.4412
 8042.58       0.3337       0.4241
 8043.62       0.4310       0.4167
 8044.66       0.3388       0.4072
 8045.70       0.4010       0.4090
 8046.73       0.8457       0.4445
 8047.77       1.0061       0.5149
 8048.81       0.8534       0.6515
 8049.85       1.1898       0.8491
 8050.88       1.0283       1.0001
 8051.92       0.2780       1.0311
 8052.96       0.2123       0.9823
 8054.00       0.6726       0.8506
 8055.04       0.9917       0.6759
 8056.07       0.8079       0.5045
 8057.11       0.3805       0.4447
 8058.15       0.2799       0.5530
 8059.19       0.3839       0.8496
 8060.22       0.6523       1.2458
 8061.26       0.9943       1.5815
 8062.30       1.2866       1.7227
 8063.34       1.4081       1.6206
 8064.37       1.2973       1.3003
 8065.41       0.9428       0.9053
 8066.45       0.5367       0.5898
 8067.49       0.5094       0.4528
 8068.53       0.8404       0.4334
 8069.56       1.1828       0.4306
 8070.60       1.0123       0.4193
 8071.64       0.4968       0.4008
 8072.68       0.4423       0.4158
 8073.71       0.3539       0.4394
 8074.75      -0.1086       0.4494
 8075.79       0.1873       0.4734
 8076.83       0.8848       0.4968
 8077.87       0.9948       0.4938
 8078.90       0.7177       0.4714
 8079.94       0.6273       0.4512
 8080.98       1.1901       0.4503
 8082.02       1.2374       0.4592
 8083.05       0.7242       0.4789
 8084.09       1.0453       0.5296
 8085.13       1.4967       0.5602
 8086.17       1.2066       0.5337
 8087.21       0.6010       0.4765
 8088.24       0.3069       0.4271
 8089.28       0.6055       0.4150
 8090.32       0.2474       0.4412
 8091.36      -0.3942       0.5059
 8092.39       0.1266       0.5963
 8093.43       0.7645       0.6590
 8094.47       0.5870       0.6558
 8095.51      -0.0121       0.5955
 8096.54      -0.4418       0.5110
 8097.58      -0.3068       0.4658
 8098.62       0.1222       0.4947
 8099.66       0.6554       0.6238
 8100.70       1.0980       0.8035
 8101.73       1.0601       0.9337
 8102.77       0.7890       0.9561
 8103.81       0.8188       0.9063
 8104.85       0.8254       0.7820
 8105.88       0.5531       0.6262
 8106.92       0.1558       0.5044
 8107.96       0.2820       0.4534
 8109.00       0.9958       0.4468
 8110.04       1.0874       0.4418
 8111.07       0.4855       0.4146
 8112.11       0.0717       0.3978
 8113.15       0.1874       0.3972
 8114.19       0.7004       0.4038
 8115.22       0.7323       0.3951
 8116.26       0.8423       0.3887
 8117.30       1.0924       0.3917
 8118.34       0.8565       0.3869
 8119.38       0.4982       0.3800
 8120.41       0.8795       0.3905
 8121.45       1.1291       0.4052
 8122.49       1.0709       0.4178
 8123.53       0.7570       0.4205
 8124.56       0.6800       0.4215
 8125.60       0.9059       0.4257
 8126.64       0.7830       0.4215
 8127.68       0.5966       0.4196
 8128.71       0.6027       0.4251
 8129.75       0.1598       0.4200
 8130.79      -0.1327       0.4122
 8131.83       0.3301       0.4163
 8132.87       0.9064       0.4201
 8133.90       1.1718       0.4279
 8134.94       1.1362       0.4585
 8135.98       1.2292       0.4437
 8137.02       1.5653       0.4523
 8138.05       1.1710       0.6442
 8139.09       0.7918       0.6755
 8140.13      -0.2073       0.6236
 8141.17      -0.3854       0.5523
 8142.21       0.2048       0.5098
 8143.24       0.5428       0.5076
 8144.28       0.2751       0.5459
 8145.32      -0.0529       0.5983
 8146.36       0.3544       0.6277
 8147.39       0.9684       0.5958
 8148.43       1.2652       0.5486
 8149.47       1.0155       0.4885
 8150.51       0.5308       0.4126
 8151.54       0.4327       0.3662
 8152.58       0.7945       0.3631
 8153.62       1.3184       0.3776
 8154.66       1.6085       0.3815
 8155.70       1.1973       0.3649
 8156.73       0.5519       0.3453
 8157.77       0.4708       0.3461
 8158.81       0.8689       0.3575
 8159.85       1.2335       0.3699
 8160.88       1.0147       0.3870
 8161.92       0.6296       0.4083
 8162.96       0.6239       0.4243
 8164.00       0.8893       0.4224
 8165.04       1.1055       0.4140
 8166.07       1.1990       0.4131
 8167.11       1.0039       0.4024
 8168.15       0.8099       0.3916
 8169.19       0.9523       0.3767
 8170.22       1.1426       0.3981
 8171.26       1.7628       0.4435
 8172.30       1.6405       0.4502
 8173.34       0.6179       0.4168
 8174.38       0.2395       0.3647
 8175.41       0.4209       0.2737
 8176.45       1.1564       0.3875
 8177.49       1.4257       0.4358
 8178.53       1.3421       0.4508
 8179.56       1.1966       0.4569
 8180.60       0.7835       0.4488
 8181.64       0.5781       0.4586
 8182.68       0.8356       0.5044
 8183.71       1.0377       0.5373
 8184.75       1.1244       0.5615
 8185.79       1.2364       0.5967
 8186.83       1.6701       0.6287
 8187.87       2.1547       0.6342
 8188.90       1.9225       0.5933
 8189.94       1.2548       0.5279
 8190.98       0.7867       0.4939
 8192.02       0.4355       0.5023
 8193.05       0.3404       0.5839
 8194.09       0.3775       0.7078
 8195.13       0.5469       0.7877
 8196.17       0.5929       0.7840
 8197.21       0.3574       0.7355
 8198.24       0.3336       0.6376
 8199.28       0.4928       0.5222
 8200.32       0.4748       0.4523
 8201.36       0.5906       0.4184
 8202.39       0.9802       0.3917
 8203.43       1.0830       0.3945
 8204.47       0.8634       0.4094
 8205.51       0.6581       0.4197
 8206.54       0.5845       0.4223
 8207.58       0.7024       0.4228
 8208.62       0.9484       0.4293
 8209.66       0.8099       0.4214
 8210.70       0.3930       0.3986
 8211.73       0.6264       0.3895
 8212.77       0.8473       0.3880
 8213.81       0.6907       0.3861
 8214.85       0.8288       0.3936
 8215.88       1.1047       0.3978
 8216.92       1.0806       0.3876
 8217.96       0.9011       0.3702
 8219.00       0.7320       0.3601
 8220.04       0.8759       0.3701
 8221.07       1.0577       0.3835
 8222.11       1.0273       0.3881
 8223.15       0.9298       0.3947
 8224.19       0.8303       0.4030
 8225.22       0.7582       0.4167
 8226.26       0.7296       0.4421
 8227.30       0.8286       0.4824
 8228.34       0.8835       0.5189
 8229.38       0.7607       0.5242
 8230.41       0.6425       0.4950
 8231.45       0.4280       0.4489
 8232.49       0.7998       0.4206
 8233.53       1.3567       0.4075
 8234.56       0.8568       0.3714
 8235.60       0.0168       0.3405
 8236.64       0.1980       0.3534
 8237.68       0.8005       0.3799
 8238.71       0.9183       0.3968
 8239.75       0.3086       0.4026
 8240.79      -0.2399       0.4073
 8241.83       0.0457       0.4228
 8242.87       0.9469       0.4405
 8243.90       1.3140       0.4395
 8244.94       0.7379       0.4260
 8245.98       0.7478       0.4475
 8247.02       1.1470       0.4838
 8248.05       1.0388       0.4886
 8249.09       0.8635       0.4744
 8250.13       0.7936       0.4495
 8251.17       0.8258       0.4206
 8252.21       0.8276       0.4052
 8253.24       0.7581       0.4038
 8254.28       0.7020       0.3999
 8255.32       0.8347       0.4040
 8256.36       1.0032       0.4154
 8257.39       0.9135       0.4107
 8258.43       0.6918       0.3888
 8259.47       0.5789       0.3683
 8260.51       0.6102       0.3639
 8261.54       0.6408       0.3726
 8262.58       0.5239       0.3788
 8263.62       0.6468       0.3850
 8264.66       0.9813       0.3919
 8265.70       0.7895       0.3904
 8266.73       0.3998       0.3870
 8267.77       0.3760       0.3901
 8268.81       0.4207       0.3958
 8269.85       0.4824       0.3958
 8270.88       0.6932       0.3918
 8271.92       0.6792       0.3907
 8272.96       0.5407       0.4201
 8274.00       0.6659       0.4730
 8275.04       0.7178       0.6233
 8276.07       0.7047       0.9219
 8277.11       1.2685       1.2154
 8278.15       1.4309       1.6040
 8279.19       0.5677       2.0995
 8280.22       0.1186       2.4254
 8281.26       0.4243       2.4692
 8282.30       0.5848       2.3267
 8283.34       0.6514       2.0559
 8284.38       0.8776       1.9411
 8285.41       1.3065       2.1106
 8286.45       2.0423       2.6601
 8287.49       2.6220       3.2626
 8288.53       2.0441       3.4822
 8289.56       0.9858       3.1116
 8290.60       0.5595       2.4159
 8291.64       0.8716       1.6380
 8292.68       1.2761       1.1378
 8293.71       0.8760       1.0590
 8294.75       0.9798       1.5032
 8295.79       1.5417       2.3509
 8296.83       0.7006       3.3909
 8297.87      -0.1556       4.1149
 8298.90       0.2672       4.1849
 8299.94       0.9469       3.6983
 8300.98       1.3565       2.8144
 8302.02       1.5742       1.7980
 8303.05       1.6617       1.0807
 8304.09       1.4028       0.7206
 8305.13       0.5448       0.5572
 8306.17       0.3044       0.5440
 8307.21       0.9346       0.6562
 8308.24       1.3305       0.9634
 8309.28       1.0933       1.2993
 8310.32       0.4110       1.4690
 8311.36       0.4484       1.4587
 8312.39       0.9833       1.2572
 8313.43       1.0185       0.9373
 8314.47       0.5739       0.6409
 8315.51       0.1430       0.4800
 8316.54       0.1386       0.4688
 8317.58       0.6712       0.5267
 8318.62       1.1564       0.5395
 8319.66       0.8571       0.5200
 8320.70       0.7041       0.4843
 8321.73       1.5134       0.4656
 8322.77       1.1558       0.4148
 8323.81       0.1829       0.3635
 8324.85       0.2572       0.3669
 8325.88       0.7440       0.3841
 8326.92       1.0035       0.3852
 8327.96       1.1154       0.3914
 8329.00       0.8511       0.3887
 8330.04       0.4147       0.3745
 8331.07       0.3480       0.3629
 8332.11       0.5163       0.3621
 8333.15       0.4966       0.3730
 8334.19       0.3542       0.3953
 8335.22       0.1422       0.4274
 8336.26       0.0194       0.4792
 8337.30       0.0087       0.4938
 8338.34       0.1241       0.5754
 8339.38       0.0665       0.6298
 8340.41       0.9004       1.4389
 8341.45       2.5171       3.4583
 8342.49       2.0068       6.1047
 8343.53       0.4500       8.4383
 8344.56       0.3870       9.4999
 8345.60       1.2856       8.7864
 8346.64       1.8824       6.5850
 8347.68       1.2258       3.7387
 8348.71       0.9996       1.9111
 8349.75       1.9384       1.6836
 8350.79       1.7621       2.3465
 8351.83       0.9795       3.0516
 8352.87       1.2403       3.2385
 8353.90       1.6161       3.0191
 8354.94       1.7008       2.3726
 8355.98       1.6502       1.4621
 8357.02       1.3041       0.7959
 8358.05       0.9501       0.5529
 8359.09       0.6007       0.5296
 8360.13       0.8663       0.6489
 8361.17       1.5395       0.8354
 8362.21       1.3750       1.1040
 8363.24       0.9789       1.3522
 8364.28       1.2770       1.4748
 8365.32       1.1643       1.4446
 8366.36       0.6898       1.2560
 8367.39       0.6590       0.9642
 8368.43       0.7986       0.6832
 8369.47       0.6268       0.4879
 8370.51       0.1589       0.4033
 8371.55       0.0001       0.3946
 8372.58       0.3230       0.3923
 8373.62       0.6287       0.4046
 8374.66       0.7616       0.4081
 8375.70       0.9722       0.4345
 8376.73       0.8903       0.4415
 8377.77       0.7881       0.5818
 8378.81       1.0375       0.9405
 8379.85       1.2226       1.5093
 8380.88       1.2710       2.0977
 8381.92       1.4960       2.4521
 8382.96       2.3454       2.4202
 8384.00       3.0895       2.0474
 8385.04       1.9066       1.4074
 8386.07       0.2355       0.8199
 8387.11       0.2715       0.5135
 8388.15       0.7873       0.4583
 8389.19       0.7320       0.4683
 8390.22       0.3978       0.4923
 8391.26       0.4034       0.5015
 8392.30       1.0155       0.5208
 8393.34       1.4243       0.4571
 8394.38       1.3610       0.5953
 8395.41       0.9068       1.3710
 8396.45       0.0405       3.0540
 8397.49      -0.6575       5.1698
 8398.53      -0.7541       6.6307
 8399.56      -0.4645       6.9539
 8400.60      -0.0916       6.0193
 8401.64       0.1869       4.1678
 8402.68       0.3497       2.2398
 8403.72       0.4545       0.9149
 8404.75       0.5116       0.4239
 8405.79       0.6617       0.4223
 8406.83       0.6518       0.3961
 8407.87       0.6921       0.4122
 8408.90       0.8793       0.3969
 8409.94       1.1578       0.4109
 8410.98       1.1724       0.5748
 8412.02       0.9646       1.0511
 8413.05       1.0909       1.7551
 8414.09       0.7230       2.4048
 8415.13      -0.1178       2.6984
 8416.17      -0.0056       2.6278
 8417.21       1.0198       2.1440
 8418.24       1.8432       1.3981
 8419.28       1.9822       0.8061
 8420.32       1.1391       0.5311
 8421.36      -0.0216       0.4483
 8422.39      -0.0575       0.4928
 8423.43       1.0936       0.5552
 8424.47       1.4861       0.5749
 8425.51       1.2650       0.8074
 8426.55       1.1289       1.7569
 8427.58       1.6123       3.7141
 8428.62       2.1362       6.0952
 8429.66       2.0684       7.6616
 8430.70       1.6746       7.8751
 8431.73       0.9259       6.6264
 8432.77      -0.2100       4.4201
 8433.81      -1.0207       2.2836
 8434.85      -0.7644       0.9398
 8435.89       0.2976       0.4938
 8436.92       1.0433       0.5014
 8437.96       0.8678       0.4210
 8439.00       0.3926       0.3953
 8440.04       0.3368       0.3779
 8441.07       0.6361       0.3884
 8442.11       0.9201       0.4077
 8443.15       0.8452       0.4322
 8444.19       0.6903       0.4740
 8445.22       0.4100       0.4984
 8446.26       0.1713       0.5267
 8447.30       0.3765       0.5365
 8448.34       0.6150       0.7400
 8449.38       0.4683       1.2276
 8450.41       0.1403       1.8125
 8451.45       0.1591       2.2640
 8452.49       0.7319       2.4238
 8453.53       1.4291       2.2074
 8454.56       1.4460       1.6954
 8455.60       0.2816       1.0342
 8456.64       0.0852       0.5909
 8457.68       1.3828       0.4735
 8458.72       1.0442       0.4411
 8459.75       0.1943       0.4236
 8460.79       0.8448       0.6494
 8461.83       1.4423       1.4480
 8462.87       1.0141       2.8874
 8463.90       0.4527       4.3933
 8464.94       0.7351       5.3728
 8465.98       1.4132       5.3771
 8467.02       0.7906       4.4705
 8468.06      -0.2151       2.9527
 8469.09      -0.4397       1.4504
 8470.13      -0.3029       0.6243
 8471.17       0.1185       0.4503
 8472.21       0.6045       0.4453
 8473.24       0.7519       0.5220
 8474.28       0.6108       0.5193
 8475.32       0.6105       0.5169
 8476.36       0.6935       0.4915
 8477.39       0.7502       0.4524
 8478.43       0.7827       0.4130
 8479.47       0.8341       0.3866
 8480.51       0.8372       0.3736
 8481.55       0.9337       0.3739
 8482.58       0.9184       0.3754
 8483.62       0.5032       0.3703
 8484.66       0.4458       0.3739
 8485.70       0.8266       0.3838
 8486.73       1.0617       0.3928
 8487.77       0.7506       0.3650
 8488.81       0.2163       0.3954
 8489.85       0.1814       0.5995
 8490.89       0.8766       0.9959
 8491.92       1.9049       1.4195
 8492.96       2.8093       1.6931
 8494.00       2.7579       1.6962
 8495.04       1.6709       1.4789
 8496.07       0.7662       1.1030
 8497.11       0.9210       0.7407
 8498.15       1.1093       0.5330
 8499.19       1.1136       0.4724
 8500.23       0.8508       0.5876
 8501.26       0.3675       0.9759
 8502.30       0.0659       1.6788
 8503.34       0.4324       2.4777
 8504.38       0.2810       2.9832
 8505.41      -0.2352       2.9507
 8506.45      -0.0453       2.4989
 8507.49       0.4531       1.7370
 8508.53       0.7428       0.9772
 8509.56       0.8634       0.5309
 8510.60       0.7274       0.3987
 8511.64       0.4614       0.3481
 8512.68       0.2509       0.3575
 8513.72       0.3796       0.3532
 8514.75       0.8139       0.3686
 8515.79       1.2109       0.3794
 8516.83       1.2508       0.3844
 8517.87       0.9421       0.3924
 8518.90       0.7363       0.4074
 8519.94       0.7788       0.4219
 8520.98       0.6256       0.4209
 8522.02       0.7051       0.4121
 8523.06       1.2329       0.4068
 8524.09       0.9899       0.3865
 8525.13       0.5190       0.3667
 8526.17       1.1273       0.3730
 8527.21       1.0746       0.3676
 8528.24       0.5227       0.3517
 8529.28       0.6220       0.3557
 8530.32       0.8506       0.3611
 8531.36       0.7465       0.3549
 8532.40       0.6099       0.3468
 8533.43       0.5635       0.3457
 8534.47       0.7045       0.3804
 8535.51       0.7002       0.4993
 8536.55       0.6065       0.6817
 8537.58       0.7392       0.8331
 8538.62       0.5672       0.8966
 8539.66       0.3594       0.8589
 8540.70       1.1030       0.7614
 8541.73       1.5700       0.6052
 8542.77       1.0893       0.4579
 8543.81       0.9836       0.4060
 8544.85       1.3136       0.5376
 8545.89       1.4547       0.8168
 8546.92       1.5198       1.1371
 8547.96       1.4442       1.3947
 8549.00       1.6363       1.7728
 8550.04       1.3091       1.8196
 8551.07       0.7217       1.4369
 8552.11       0.6309       0.9800
 8553.15       0.6025       0.6569
 8554.19       0.1506       0.5111
 8555.23       0.1305       0.4793
 8556.26       0.5310       0.4766
 8557.30       1.0177       0.4762
 8558.34       1.0105       0.4319
 8559.38       0.6493       0.3542
 8560.41       1.2604       0.3664
 8561.45       1.3646       0.3686
 8562.49       0.5148       0.3493
 8563.53       0.6696       0.3555
 8564.57       1.1659       0.3691
 8565.60       0.9991       0.3647
 8566.64       0.6895       0.3544
 8567.68       0.4635       0.3508
 8568.72       0.2630       0.3579
 8569.75       0.4863       0.3763
 8570.79       0.9094       0.4003
 8571.83       0.9581       0.4186
 8572.87       0.8536       0.4392
 8573.90       0.8712       0.4623
 8574.94       0.8348       0.4685
 8575.98       0.7339       0.4592
 8577.02       0.6775       0.4454
 8578.06       0.7970       0.4335
 8579.09       1.0010       0.4199
 8580.13       1.0346       0.3993
 8581.17       0.9162       0.3780
 8582.21       0.8712       0.3696
 8583.24       1.0945       0.3777
 8584.28       1.3054       0.4221
 8585.32       1.2249       0.5032
 8586.36       0.4744       0.5809
 8587.40       0.2443       0.6502
 8588.43       1.2477       0.7042
 8589.47       1.5149       0.6922
 8590.51       0.8682       0.6083
 8591.55       0.9579       0.5021
 8592.58       1.0009       0.4511
 8593.62       0.9007       0.5100
 8594.66       1.7280       0.6543
 8595.70       1.8276       0.7933
 8596.74       0.4706       0.8428
 8597.77      -0.0555       0.8196
 8598.81       0.2012       0.7271
 8599.85       0.2066       0.5957
 8600.89       0.3741       0.4893
 8601.92       0.7099       0.4355
 8602.96       0.8606       0.4180
 8604.00       0.9965       0.4230
 8605.04       1.3073       0.4319
 8606.07       1.2420       0.4414
 8607.11       0.9969       0.4498
 8608.15       0.8022       0.4678
 8609.19       0.6487       0.4967
 8610.23       0.8265       0.5528
 8611.26       1.3051       0.6326
 8612.30       1.4911       0.7185
 8613.34       1.0499       0.8102
 8614.38       0.1829       0.8871
 8615.41      -0.1904       0.9877
 8616.45       0.3891       1.1494
 8617.49       1.2624       1.3112
 8618.53       1.6464       1.4607
 8619.57       1.3143       1.6104
 8620.60       1.4634       1.7767
 8621.64       1.7040       1.9740
 8622.68       0.9908       2.1489
 8623.72       0.5024       2.2749
 8624.75       0.7819       2.4028
 8625.79       1.4294       2.5617
 8626.83       1.4107       2.6741
 8627.87       0.7474       2.7068
 8628.91       0.8147       2.7334
 8629.94       1.4180       2.7622
 8630.98       1.6380       2.7494
 8632.02       1.4383       2.7033
 8633.06       1.2764       2.6252
 8634.09       1.4461       2.5229
 8635.13       1.2747       2.3924
 8636.17       0.8869       2.1919
 8637.21       2.3227       1.7128
 8638.24       2.0075       1.8544
 8639.28       0.4484       1.8128
 8640.32       0.6149       1.6228
 8641.36       1.5397       1.4362
 8642.40       2.1475       1.2157
 8643.43       1.2835       1.0307
 8644.47      -0.5226       0.4409
 8645.51       0.2642       1.0385
 8646.55       1.3863       1.2212
 8647.58       2.0641       1.5197
 8648.62       1.6624       1.8480
 8649.66       1.1060       2.0892
 8650.70       1.2023       2.2430
 8651.74       0.2364       2.3496
 8652.77      -0.6513       2.4496
 8653.81       0.3131       2.5033
 8654.85       0.4515       2.5025
 8655.89      -0.5441       2.5038
 8656.92      -0.0697       2.5611
 8657.96       0.7026       2.5996
 8659.00       0.7702       2.5674
 8660.04       1.1543       2.5412
 8661.08       1.1276       2.4963
 8662.11       0.3984       2.4088
 8663.15       0.1812       2.3602
 8664.19       0.4356       2.3273
 8665.23       0.3581       2.2555
 8666.26       0.6004       2.1697
 8667.30       0.9331       2.0777
 8668.34       0.4916       1.9917
 8669.38      -0.0711       1.9215
 8670.42       0.0009       1.8454
 8671.45       0.5704       1.7586
 8672.49       1.1561       1.6452
 8673.53       1.4162       1.5258
 8674.57       1.2061       1.4577
 8675.60       0.9085       1.4138
 8676.64       0.9273       1.3516
 8677.68       1.2845       1.2630
 8678.72       1.5749       1.1667
 8679.75       1.2261       1.1164
 8680.79       1.0924       1.0954
 8681.83       1.6017       1.0505
 8682.87       1.6268       0.9688
 8683.91       0.9138       0.8618
 8684.94       0.0976       0.7782
 8685.98       0.1519       0.7708
 8687.02       1.1143       0.7964
 8688.06       1.6837       0.7779
 8689.09       1.4256       0.7076
 8690.13       0.8563       0.6348
 8691.17       0.4514       0.6079
 8692.21       1.1071       0.6324
 8693.25       2.3880       0.6591
 8694.28       1.8269       0.6252
 8695.32       0.3800       0.5636
 8696.36       0.8048       0.5638
 8697.40       0.9961       0.5949
 8698.43       0.1872       0.6254
 8699.47      -0.3244       0.6537
 8700.51      -0.1118       0.6564
 8701.55       0.4929       0.6316
 8702.58       0.5645       0.5902
 8703.62       0.4009       0.5731
 8704.66       0.6185       0.5994
 8705.70       0.6570       0.6494
 8706.74       0.3716       0.6835
 8707.77       0.1342       0.6814
 8708.81       0.1879       0.6454
 8709.85       0.5904       0.5928
 8710.89       1.1912       0.5396
 8711.92       1.3941       0.5021
 8712.96       1.0702       0.4789
 8714.00       0.8252       0.4630
 8715.04       0.9872       0.4575
 8716.08       1.3327       0.4664
 8717.11       0.8450       0.4573
 8718.15       0.1236       0.4367
 8719.19       0.5643       0.4393
 8720.23       1.1124       0.4462
 8721.26       0.9625       0.4454
 8722.30       0.7874       0.4481
 8723.34       0.9543       0.4719
 8724.38       1.3068       0.5089
 8725.42       0.9116       0.5132
 8726.45       0.2138       0.4966
 8727.49       0.5344       0.5024
 8728.53       0.6777       0.4911
 8729.57       0.6252       0.4642
 8730.60       0.8550       0.4494
 8731.64       1.1713       0.4495
 8732.68       1.2862       0.4567
 8733.72       0.9599       0.4585
 8734.75       0.7489       0.4655
 8735.79       1.0059       0.4884
 8736.83       0.7513       0.5051
 8737.87       0.3871       0.5227
 8738.91       0.7998       0.5525
 8739.94       0.9489       0.5690
 8740.98       0.5117       0.5596
 8742.02       0.2957       0.5375
 8743.06       0.2117       0.5153
 8744.09       0.1235       0.5003
 8745.13       0.3576       0.4915
 8746.17       0.7533       0.4914
 8747.21       0.8793       0.4969
 8748.25       0.6568       0.5078
 8749.28       0.1643       0.5090
 8750.32      -0.1497       0.4973
 8751.36      -0.1897       0.4898
 8752.40       0.0863       0.5005
 8753.43       0.8212       0.5147
 8754.47       1.1439       0.5727
 8755.51       0.7338       0.8488
 8756.55       1.0247       1.3199
 8757.58       1.3385       2.2273
 8758.62       0.5620       3.4740
 8759.66      -0.1567       4.6351
 8760.70      -0.2754       5.2140
 8761.74      -0.2801       5.0314
 8762.77       1.2575       4.4007
 8763.81       3.0678       4.1010
 8764.85       2.1361       4.3597
 8765.89       0.8589       5.3385
 8766.92       1.6944       6.3620
 8767.96       2.7365       6.6991
 8769.00       2.8946       5.8097
 8770.04       2.1830       4.1514
 8771.08       1.9132       2.4136
 8772.11       1.9692       1.4149
 8773.15       0.8700       1.3498
 8774.19       0.4766       2.3951
 8775.23       1.1683       4.1367
 8776.26       0.4626       6.0451
 8777.30      -0.0893       7.2562
 8778.34       0.9328       7.2905
 8779.38       1.1489       6.2510
 8780.42       0.4632       4.4575
 8781.45       0.2104       2.4207
 8782.49       0.5189       1.1011
 8783.53       1.0464       0.6109
 8784.57       1.4008       0.5176
 8785.60       1.2036       0.5257
 8786.64       0.8170       0.5988
 8787.68       1.7831       1.0077
 8788.72       2.1027       1.6795
 8789.75       0.4556       2.3089
 8790.79       0.3700       2.7053
 8791.83       1.7844       2.6822
 8792.87       2.0564       2.2678
 8793.91       1.4447       1.5575
 8794.94       0.6901       0.8743
 8795.98       0.2870       0.5356
 8797.02       0.5737       0.4905
 8798.06       1.2601       0.4800
 8799.09       1.5237       0.5024
 8800.13       1.1913       0.4949
 8801.17       0.6939       0.4849
 8802.21       0.5664       0.4813
 8803.25       0.8043       0.4797
 8804.28       0.8659       0.4652
 8805.32       0.6572       0.4644
 8806.36       0.3174       0.5083
 8807.40       0.1251       0.5917
 8808.43       0.1914       0.6780
 8809.47       0.3667       0.7258
 8810.51       0.7092       0.7471
 8811.55       0.9062       0.7199
 8812.58       0.7916       0.6392
 8813.62       0.7936       0.5505
 8814.66       0.9283       0.4962
 8815.70       0.6557       0.4827
 8816.74       0.2020       0.4859
 8817.77       0.0902       0.4843
 8818.81       0.2243       0.5139
 8819.85       0.2673       0.4760
 8820.89       0.4603       0.6363
 8821.92       0.6723       0.8255
 8822.96       0.5468       2.3615
 8824.00      -0.1853       5.7654
 8825.04      -0.3658      10.4691
 8826.08       0.0396      14.5450
 8827.11      -0.4639      16.0812
 8828.15       0.1092      14.4109
 8829.19       2.0452      10.6917
 8830.23       1.9758       6.0746
 8831.26       0.6248       2.8668
 8832.30       0.2343       2.0243
 8833.34       0.7168       3.0716
 8834.38       1.5414       4.5615
 8835.42       1.8992       5.6913
 8836.45       1.8771       6.0457
 8837.49       1.4905       5.4691
 8838.53       0.8247       4.0502
 8839.57       0.3010       2.3963
 8840.60       0.2295       1.1489
 8841.64       0.3899       0.6322
 8842.68       0.6696       0.6029
 8843.72       0.9357       0.6409
 8844.75       1.7303       0.7090
 8845.79       1.9146       0.8618
 8846.83       0.1902       1.2151
 8847.87      -0.2621       1.7045
 8848.91       1.4020       2.1293
 8849.94       1.9081       2.2996
 8850.98       1.2839       2.1008
 8852.02       0.8922       1.6487
 8853.06       0.5535       1.0992
 8854.09       0.3025       0.7026
 8855.13      -0.1376       0.5505
 8856.17      -0.0768       0.5593
 8857.21       0.4179       0.5750
 8858.25       0.7252       0.6040
 8859.28       0.7921       0.6540
 8860.32       0.7250       0.7371
 8861.36       0.3845       0.7667
 8862.40       0.5949       0.8351
 8863.43       1.5829       1.1748
 8864.47       1.7473       1.9811
 8865.51       1.3098       3.1107
 8866.55       1.4464       4.0086
 8867.58       0.8999       4.3908
 8868.62      -0.1081       4.0620
 8869.66       0.2294       3.1104
 8870.70       0.4773       1.9252
 8871.74      -0.1536       0.9819
 8872.77      -0.0987       0.5900
 8873.81       0.1415       0.5601
 8874.85      -0.2639       0.5156
 8875.89      -0.0442       0.5415
 8876.92       0.3461       0.5594
 8877.96      -0.2541       0.5803
 8879.00      -0.0827       0.5359
 8880.04       0.7665       0.6504
 8881.08      -0.0301       0.8036
 8882.11      -1.0502       2.3894
 8883.15      -0.9072       5.9592
 8884.19      -0.6881      10.2076
 8885.23      -0.6560      13.2185
 8886.26      -0.4579      13.6662
 8887.30      -0.2384      11.6374
 8888.34       0.0050       8.0579
 8889.38       0.3067       4.0344
 8890.42       0.0023       1.5450
 8891.45      -0.6868       0.7867
 8892.49      -0.7757       0.7310
 8893.53      -0.3048       0.7910
 8894.57       0.1899       0.8062
 8895.60       0.4217       0.8677
 8896.64       0.2512       0.8523
 8897.68      -0.0842       0.8392
 8898.72       0.0943       1.0244
 8899.75       0.1031       2.0155
 8900.79      -0.9464       3.8560
 8901.83      -0.5214       5.7106
 8902.87       1.7106       6.6541
 8903.91       2.6919       6.6907
 8904.94       1.9557       5.4731
 8905.98       0.8380       3.4446
 8907.02       0.5568       1.9085
 8908.06       0.8037       1.2993
 8909.09       0.4637       1.0876
 8910.13       0.1921       1.1147
 8911.17       0.8834       1.0567
 8912.21       2.8385       1.1174
 8913.25       4.5697       0.9071
 8914.28       4.8380       1.1272
 8915.32       3.5395       2.2885
 8916.36       2.1751       5.7534
 8917.40       2.1116      11.0094
 8918.43       2.1515      19.2524
 8919.47       1.4432      22.7476
 8920.51       0.3555      14.9066
