 
TRANSIENT_NAME:     DES15C2aty 
SNID:               1284587    
OBS_DATE:           2015-09-17
MJD:                57282. 
PHASE:              +9.    
MJD_MAX:            57271.2
TYPE:               1  
SPEC_EVAL:          SNIa
REDSHIFT:           0.1490  
REDSHIFT_ERR:       0.0005  
REDSHIFT_SOURCE:    Z_GAL
TELESCOPE:          AAT
INSTRUMENT:         AAOmega-2dF
 
======================================
 
# WAVE  FLUX  FLUX_ERR
 3756.72       0.9709       4.2082
 3757.75       0.9122       3.7355
 3758.79       0.4276       3.3066
 3759.83      -0.7120       3.4483
 3760.87      -0.4464       3.1459
 3761.90      -0.5935       3.0708
 3762.94      -1.2158       3.0769
 3763.98       0.6388       3.4023
 3765.02       2.4293       3.7276
 3766.06       0.3761       3.3224
 3767.09       1.0460       3.3295
 3768.13      -0.4872       3.0726
 3769.17      -1.3611       2.7948
 3770.21      -0.1058       3.0558
 3771.24      -1.0623       2.7548
 3772.28      -0.7417       2.9368
 3773.32      -0.3574       3.1911
 3774.36       0.0199       3.1361
 3775.40       0.6732       3.1302
 3776.43       0.7878       3.3010
 3777.47      -0.4023       2.9516
 3778.51      -1.5502       2.7780
 3779.55      -3.8704       2.6768
 3780.58      -0.6610       2.8248
 3781.62       1.8957       3.3098
 3782.66       3.3112       3.5515
 3783.70       2.8823       3.3205
 3784.73       2.5303       3.3609
 3785.77       0.9834       3.1897
 3786.81       1.3060       3.2186
 3787.85       1.9330       3.1705
 3788.89       1.3039       2.9171
 3789.92       0.6706       2.7896
 3790.96       1.3419       2.8820
 3792.00       2.8456       3.1235
 3793.04       4.8322       3.3816
 3794.07       2.4376       3.0352
 3795.11       1.1087       2.6371
 3796.15       0.8325       2.5578
 3797.19       0.4291       2.4661
 3798.23       0.2722       2.5233
 3799.26      -1.2837       2.3412
 3800.30       0.6225       2.4058
 3801.34       1.0446       2.5339
 3802.38       1.2112       2.6488
 3803.41       2.9665       2.7373
 3804.45       3.6410       2.8772
 3805.49       2.3241       2.6223
 3806.53       1.5253       2.3224
 3807.57       1.4623       2.4296
 3808.60       3.1154       2.5560
 3809.64       2.5421       2.4703
 3810.68       0.8285       2.2843
 3811.72       1.0960       2.3808
 3812.75       1.9916       2.4515
 3813.79       1.5330       2.2973
 3814.83      -0.7477       1.8874
 3815.87      -0.3899       1.8928
 3816.90       1.0306       2.1540
 3817.94       0.6094       2.0439
 3818.98       1.8812       2.1045
 3820.02       2.1144       2.1919
 3821.06       1.4895       2.0019
 3822.09      -0.0295       1.7045
 3823.13       0.3199       1.7303
 3824.17       1.4489       1.7262
 3825.21       1.6317       1.7349
 3826.24       1.2986       1.7033
 3827.28       0.8832       1.6933
 3828.32       1.4161       1.7796
 3829.36       1.0072       1.8461
 3830.40       1.6905       1.9452
 3831.43       0.9803       1.7967
 3832.47       1.4046       1.8183
 3833.51       0.4939       1.7186
 3834.55      -0.2431       1.4429
 3835.58      -1.4423       1.2903
 3836.62       0.0450       1.4671
 3837.66      -0.3105       1.3470
 3838.70       0.3949       1.4184
 3839.74       1.5789       1.4913
 3840.77       0.8152       1.4390
 3841.81       0.8142       1.4127
 3842.85       0.6877       1.3681
 3843.89       0.8755       1.4099
 3844.92       2.0282       1.4431
 3845.96       3.1857       1.6155
 3847.00       2.6208       1.5213
 3848.04       0.1578       1.3145
 3849.07       0.5700       1.3000
 3850.11       2.2628       1.4939
 3851.15       2.9449       1.5481
 3852.19       0.3394       1.1885
 3853.23      -0.3444       1.2055
 3854.26      -0.4294       1.1768
 3855.30      -0.7543       1.0963
 3856.34       1.3421       1.3523
 3857.38       1.6717       1.3598
 3858.41       1.7319       1.2201
 3859.45       1.6231       1.2487
 3860.49       0.7826       1.1756
 3861.53       0.9128       1.1840
 3862.57       1.5526       1.2871
 3863.60       0.4747       1.1499
 3864.64      -0.0116       1.0392
 3865.68       0.6388       1.1558
 3866.72       0.1566       1.1292
 3867.75      -0.0802       1.0551
 3868.79      -0.7390       0.9732
 3869.83       0.3833       1.0953
 3870.87       1.9847       1.2818
 3871.91       2.7214       1.3321
 3872.94       2.6545       1.2745
 3873.98       1.7514       1.2283
 3875.02      -0.1642       1.0014
 3876.06       0.0887       1.0204
 3877.09       2.6099       1.3304
 3878.13       2.9887       1.3412
 3879.17       0.0422       1.0058
 3880.21       0.2097       0.9709
 3881.24       2.2292       1.1825
 3882.28       0.8892       1.0407
 3883.32       0.2909       0.9577
 3884.36       0.5550       0.9819
 3885.40       0.3793       0.9153
 3886.43       0.0972       0.8374
 3887.47       0.9544       0.8587
 3888.51       0.7766       0.9428
 3889.55      -0.4134       0.8612
 3890.58       0.0440       0.8383
 3891.62       0.0849       0.8366
 3892.66       0.2668       0.8563
 3893.70       0.0382       0.8484
 3894.74       0.5627       0.8560
 3895.77       1.0172       0.9155
 3896.81       1.3247       0.9428
 3897.85       0.6476       0.8509
 3898.89      -0.5906       0.7653
 3899.92       0.8460       0.8779
 3900.96       0.5960       0.8833
 3902.00       0.7459       0.9059
 3903.04       2.0459       0.9735
 3904.07       1.4549       0.8754
 3905.11       1.1009       0.9065
 3906.15       0.5910       0.8861
 3907.19       0.5027       0.8735
 3908.23      -0.4875       0.8358
 3909.26      -0.6481       0.7977
 3910.30      -0.0994       0.7803
 3911.34       0.1828       0.8119
 3912.38       1.2283       0.8770
 3913.41       2.1740       0.9568
 3914.45       0.9291       0.7875
 3915.49       0.5526       0.7354
 3916.53       0.5559       0.7728
 3917.57       0.4861       0.7390
 3918.60      -0.3283       0.6751
 3919.64      -0.1611       0.6883
 3920.68      -0.5827       0.6215
 3921.72      -1.6253       0.5597
 3922.75       0.9000       0.7341
 3923.79       2.4528       0.8028
 3924.83       1.8485       0.7368
 3925.87       0.4701       0.6317
 3926.91       1.3051       0.6389
 3927.94       0.7071       0.6034
 3928.98       0.3036       0.5308
 3930.02       0.4833       0.5298
 3931.06       0.0656       0.4831
 3932.09       0.1530       0.4734
 3933.13       0.9261       0.5167
 3934.17       1.4317       0.5142
 3935.21       0.4755       0.4520
 3936.24      -0.4290       0.4131
 3937.28       0.3165       0.4364
 3938.32       1.7219       0.5423
 3939.36       1.3999       0.5541
 3940.40       0.2264       0.4924
 3941.43       0.4442       0.4972
 3942.47       1.0205       0.5362
 3943.51       1.0045       0.5338
 3944.55      -0.2910       0.4466
 3945.58      -0.2194       0.4270
 3946.62       0.5803       0.4988
 3947.66       0.5177       0.5054
 3948.70       0.7698       0.5075
 3949.74       1.1485       0.5210
 3950.77       1.2934       0.5245
 3951.81       0.3809       0.4800
 3952.85       0.4625       0.4805
 3953.89       1.3191       0.5122
 3954.92       0.1846       0.4686
 3955.96       0.3121       0.4906
 3957.00       0.5736       0.5138
 3958.04       0.5375       0.4855
 3959.08       0.8024       0.4741
 3960.11      -0.7566       0.4112
 3961.15      -0.1279       0.4232
 3962.19       0.8508       0.4371
 3963.23       0.2374       0.4391
 3964.26       0.0043       0.4931
 3965.30      -0.0890       0.4318
 3966.34       0.2617       0.3829
 3967.38       0.1337       0.3984
 3968.41       0.0013       0.3854
 3969.45       0.0326       0.3771
 3970.49       0.4374       0.3954
 3971.53       1.2665       0.4491
 3972.57       0.6823       0.4397
 3973.60       0.0155       0.4245
 3974.64      -0.3767       0.4119
 3975.68      -0.3150       0.4091
 3976.72       0.8819       0.4914
 3977.75       0.4594       0.4777
 3978.79       0.0547       0.4295
 3979.83       1.1911       0.4917
 3980.87       0.9689       0.4895
 3981.91       0.8768       0.5149
 3982.94       1.3842       0.5322
 3983.98       0.2605       0.4491
 3985.02       0.1314       0.4424
 3986.06       1.3445       0.4954
 3987.09       1.2434       0.4807
 3988.13      -0.0105       0.4254
 3989.17      -0.2605       0.4194
 3990.21       0.5118       0.4584
 3991.25       0.4490       0.4543
 3992.28       0.2931       0.4418
 3993.32       0.5738       0.4489
 3994.36       0.3098       0.4226
 3995.40      -0.3928       0.3767
 3996.43       0.0263       0.4261
 3997.47       0.3305       0.4559
 3998.51       0.2052       0.4573
 3999.55       0.3904       0.4780
 4000.58       0.4416       0.4926
 4001.62       1.5684       0.5654
 4002.66       1.8820       0.5798
 4003.70       1.0710       0.5281
 4004.74       1.1481       0.5256
 4005.77       1.0160       0.5150
 4006.81       0.5673       0.4978
 4007.85       1.2731       0.5510
 4008.89       0.9144       0.5613
 4009.92       0.7518       0.5501
 4010.96       1.5720       0.6113
 4012.00       1.3889       0.6071
 4013.04       1.2480       0.5917
 4014.08       1.7224       0.6365
 4015.11       1.0888       0.5435
 4016.15       0.0861       0.4450
 4017.19       0.0818       0.4864
 4018.23       0.6589       0.5389
 4019.26       1.9497       0.5973
 4020.30       0.8135       0.5237
 4021.34      -0.3040       0.4438
 4022.38       0.6539       0.4964
 4023.42       1.0183       0.5246
 4024.45       1.2084       0.5470
 4025.49       0.5885       0.4835
 4026.53       0.5991       0.4601
 4027.57       1.3287       0.5578
 4028.60       0.5657       0.5231
 4029.64       0.0217       0.4487
 4030.68       0.4906       0.4494
 4031.72       0.8440       0.4515
 4032.75       1.1554       0.4727
 4033.79       1.1687       0.4922
 4034.83       0.8850       0.4811
 4035.87       0.1975       0.4348
 4036.91      -0.1087       0.4196
 4037.94       0.6811       0.4733
 4038.98       1.8027       0.5445
 4040.02       2.0405       0.5587
 4041.06       1.0732       0.5406
 4042.09       0.7459       0.5310
 4043.13       0.2240       0.4906
 4044.17       0.3597       0.4809
 4045.21       1.0384       1.1962
 4046.25       0.8336       1.1847
 4047.28       0.4973       1.1751
 4048.32       1.9917       1.3454
 4049.36      -0.0297       1.1784
 4050.40      -2.1287       0.9536
 4051.43       0.9576       1.0913
 4052.47       1.3064       1.1488
 4053.51       0.1346       0.9696
 4054.55       0.6940       0.4381
 4055.58       1.0922       0.4707
 4056.62       0.7942       0.4250
 4057.66       0.9948       0.3998
 4058.70       0.5305       0.4099
 4059.74      -0.6026       0.3831
 4060.77       0.0211       0.4225
 4061.81       1.4096       0.4845
 4062.85       0.7943       0.4266
 4063.89       0.1189       0.3715
 4064.92       0.5364       0.4468
 4065.96       0.5282       0.4418
 4067.00       0.7848       0.4565
 4068.04       1.2615       0.4684
 4069.08       1.5933       0.4696
 4070.11       0.4698       0.4326
 4071.15       0.0495       0.3786
 4072.19      -0.2562       0.3562
 4073.23      -0.1404       0.3722
 4074.26       0.4609       0.3882
 4075.30       0.5981       0.4211
 4076.34       0.3959       0.4343
 4077.38      -0.5848       0.3564
 4078.42      -0.0598       0.4002
 4079.45       1.2964       0.4539
 4080.49       1.1807       0.4366
 4081.53       0.6995       0.4291
 4082.57       0.1593       0.3961
 4083.60       0.4450       0.3824
 4084.64      -0.0366       0.3692
 4085.68      -0.0328       0.3826
 4086.72       0.4351       0.3976
 4087.75       0.4130       0.3919
 4088.79       0.5731       0.4041
 4089.83       1.2920       0.4246
 4090.87       1.1052       0.3979
 4091.91       0.5072       0.3828
 4092.94       0.6269       0.3850
 4093.98       1.5258       0.4077
 4095.02       1.3065       0.4240
 4096.06      -0.4321       0.3394
 4097.09       0.4391       0.3503
 4098.13       1.0642       0.3991
 4099.17       1.0727       0.3997
 4100.21      -0.1696       0.3371
 4101.25      -0.4117       0.3094
 4102.28       0.6249       0.3388
 4103.32       1.0824       0.3505
 4104.36      -0.1061       0.2900
 4105.40       0.1114       0.3261
 4106.43       0.6490       0.3356
 4107.47      -0.7688       0.2740
 4108.51       0.1568       0.3069
 4109.55       1.0810       0.3586
 4110.58       0.7819       0.3469
 4111.62       0.6649       0.3322
 4112.66       0.4341       0.3361
 4113.70       0.6280       0.3405
 4114.74      -0.1016       0.3084
 4115.77       0.3424       0.3247
 4116.81       1.0187       0.3442
 4117.85       0.5375       0.3085
 4118.89       0.3016       0.2922
 4119.92      -0.0570       0.2814
 4120.96       0.2936       0.3061
 4122.00       0.8620       0.3387
 4123.04       1.4157       0.3617
 4124.08       0.3904       0.3098
 4125.11       0.4350       0.3225
 4126.15      -0.0195       0.3062
 4127.19       1.0283       0.3496
 4128.23       0.6914       0.3258
 4129.26       0.9940       0.3347
 4130.30       1.1720       0.3455
 4131.34       0.5008       0.3020
 4132.38       0.5856       0.3191
 4133.42       0.6953       0.3197
 4134.45       0.5385       0.3236
 4135.49       0.7933       0.3290
 4136.53       0.8818       0.3419
 4137.57      -0.0626       0.3059
 4138.60       0.2762       0.3035
 4139.64       0.2430       0.3044
 4140.68       0.9662       0.3458
 4141.72       1.5279       0.3397
 4142.75       0.9521       0.3132
 4143.79       0.7650       0.3048
 4144.83       0.5206       0.3012
 4145.87       0.5207       0.3078
 4146.91       0.2896       0.3062
 4147.94       0.5926       0.3171
 4148.98       0.9166       0.3340
 4150.02       0.8774       0.3206
 4151.06       0.9185       0.3121
 4152.09       0.6982       0.3041
 4153.13       0.6688       0.3132
 4154.17       0.3565       0.3205
 4155.21      -0.1415       0.2913
 4156.25       0.5527       0.3347
 4157.28       1.4035       0.3577
 4158.32       0.9420       0.3389
 4159.36       0.9149       0.3299
 4160.40       0.5048       0.3123
 4161.43       0.8161       0.3183
 4162.47       0.3593       0.3195
 4163.51       0.7771       0.3498
 4164.55       0.3144       0.3235
 4165.59       0.7416       0.3508
 4166.62       1.8541       0.3829
 4167.66       0.8703       0.3339
 4168.70       0.2910       0.3215
 4169.74       0.1833       0.3201
 4170.77       0.7067       0.3284
 4171.81       0.9132       0.3274
 4172.85       0.8773       0.3124
 4173.89       1.1047       0.3223
 4174.92       0.7048       0.2991
 4175.96       0.3390       0.2851
 4177.00       0.2200       0.2840
 4178.04       0.5662       0.2964
 4179.08       0.7310       0.2882
 4180.11       1.3251       0.3052
 4181.15       0.6344       0.2866
 4182.19       0.8881       0.2966
 4183.23       0.6484       0.2765
 4184.26       0.4570       0.2700
 4185.30      -0.3738       0.2347
 4186.34       0.9783       0.2801
 4187.38       1.2253       0.2913
 4188.42       0.6591       0.2599
 4189.45       1.3535       0.2832
 4190.49       1.2377       0.2838
 4191.53       0.4537       0.2617
 4192.57       1.3915       0.2919
 4193.60       0.7775       0.2568
 4194.64       0.8066       0.2545
 4195.68       1.0977       0.2700
 4196.72       1.7113       0.2896
 4197.76       1.0550       0.2546
 4198.79       0.7037       0.2452
 4199.83       0.7875       0.2540
 4200.87       0.8168       0.2513
 4201.91       1.1205       0.2599
 4202.94       0.8897       0.2482
 4203.98       0.4847       0.2354
 4205.02       0.9839       0.2651
 4206.06       0.0667       0.2322
 4207.09       0.7394       0.2481
 4208.13       1.5124       0.2792
 4209.17       1.8575       0.2972
 4210.21       1.2274       0.2694
 4211.25       0.9234       0.2456
 4212.28       0.5402       0.2406
 4213.32       0.6647       0.2416
 4214.36       0.4754       0.2357
 4215.40       0.5023       0.2506
 4216.43       0.7572       0.2470
 4217.47       1.7897       0.2823
 4218.51       0.5872       0.2376
 4219.55       1.0444       0.2415
 4220.59       1.3453       0.2491
 4221.62       0.4874       0.2256
 4222.66       0.6761       0.2356
 4223.70       0.3841       0.2223
 4224.74       0.3227       0.2140
 4225.77       1.0723       0.2316
 4226.81       1.3439       0.2327
 4227.85       1.1289       0.2319
 4228.89       1.2898       0.2543
 4229.93       0.4969       0.2226
 4230.96       0.9620       0.2271
 4232.00       0.8574       0.2232
 4233.04       0.8537       0.2257
 4234.08       1.3230       0.2531
 4235.11       0.9702       0.2245
 4236.15       1.3455       0.2368
 4237.19       1.4451       0.2417
 4238.23       1.2260       0.2331
 4239.26       0.9773       0.2171
 4240.30       0.5198       0.2002
 4241.34       0.8937       0.2164
 4242.38       0.8755       0.2239
 4243.42       0.5266       0.2127
 4244.45       0.5435       0.2164
 4245.49       1.0739       0.2427
 4246.53       1.9268       0.2580
 4247.57       0.5404       0.2090
 4248.60       0.6350       0.2123
 4249.64       1.0348       0.2242
 4250.68       1.0692       0.2400
 4251.72       1.3318       0.2478
 4252.76       0.4732       0.2107
 4253.79       1.2826       0.2331
 4254.83       0.7640       0.2077
 4255.87       0.8678       0.2127
 4256.91       1.1721       0.2297
 4257.94       0.0642       0.1906
 4258.98       0.1564       0.1853
 4260.02       0.7317       0.2090
 4261.06       0.3863       0.1967
 4262.10       0.4383       0.1949
 4263.13       0.4724       0.1939
 4264.17       0.5621       0.2056
 4265.21       0.5830       0.2069
 4266.25       1.2550       0.2231
 4267.28       1.1450       0.2287
 4268.32       0.1774       0.1884
 4269.36       0.6276       0.1978
 4270.40       0.8388       0.2117
 4271.43       0.8571       0.2157
 4272.47       1.1604       0.2132
 4273.51       1.2242       0.2097
 4274.55       0.7784       0.1943
 4275.59       0.1010       0.1808
 4276.62       0.7580       0.2076
 4277.66       0.7687       0.2121
 4278.70       1.1536       0.2114
 4279.74       1.0824       0.2078
 4280.77       1.5926       0.2280
 4281.81       1.5784       0.2161
 4282.85       2.1142       0.2324
 4283.89       2.0891       0.2353
 4284.93       1.7287       0.2183
 4285.96       1.5193       0.2050
 4287.00       0.7375       0.1795
 4288.04       0.3552       0.1735
 4289.08       0.6977       0.1755
 4290.11       0.6481       0.1726
 4291.15       0.2790       0.1564
 4292.19       0.3946       0.1625
 4293.23       0.8329       0.1898
 4294.27       0.9725       0.1871
 4295.30       1.0270       0.1923
 4296.34       0.8642       0.1834
 4297.38       0.5925       0.1727
 4298.42       0.6194       0.1643
 4299.45       0.8807       0.1634
 4300.49       0.2700       0.1487
 4301.53       0.7131       0.1520
 4302.57       1.0060       0.1580
 4303.60       0.5163       0.1472
 4304.64       0.5781       0.1496
 4305.68       0.4153       0.1482
 4306.72       0.8090       0.1559
 4307.76       0.8797       0.1591
 4308.79       0.5518       0.1505
 4309.83       0.5387       0.1518
 4310.87       0.2193       0.1428
 4311.91       0.3969       0.1506
 4312.94       0.6103       0.1567
 4313.98       0.6936       0.1662
 4315.02       0.3189       0.1621
 4316.06       0.1842       0.1619
 4317.10       0.6688       0.1769
 4318.13       1.0178       0.1883
 4319.17       1.0192       0.1839
 4320.21       1.1296       0.1867
 4321.25       0.7197       0.1764
 4322.28       0.6885       0.1759
 4323.32       1.1250       0.1859
 4324.36       1.2441       0.1749
 4325.40       0.5992       0.1561
 4326.44       0.3972       0.1561
 4327.47       0.4254       0.1523
 4328.51       0.6819       0.1696
 4329.55       0.5999       0.1706
 4330.59       0.6489       0.1722
 4331.62       0.5615       0.1702
 4332.66       0.2688       0.1626
 4333.70       0.5040       0.1615
 4334.74       0.0916       0.1518
 4335.77      -0.2023       0.1483
 4336.81       0.3335       0.1559
 4337.85       0.7789       0.1631
 4338.89       1.3930       0.1765
 4339.93       1.4848       0.1849
 4340.96       1.0942       0.1777
 4342.00       0.3456       0.1573
 4343.04       0.3706       0.1507
 4344.08       0.7171       0.1603
 4345.11       0.8768       0.1696
 4346.15       0.8603       0.1683
 4347.19       0.8281       0.1658
 4348.23       0.8523       0.1721
 4349.27       0.6700       0.1645
 4350.30       0.6693       0.1634
 4351.34       1.0494       0.1675
 4352.38       1.1452       0.1650
 4353.42       0.8287       0.1586
 4354.45       0.1846       0.1372
 4355.49       0.4724       0.1509
 4356.53       1.3515       0.1783
 4357.57       0.8758       0.1673
 4358.60       0.6358       0.1648
 4359.64       0.6716       0.1663
 4360.68       0.3806       0.1567
 4361.72       0.5464       0.1590
 4362.76       0.7406       0.1610
 4363.79       0.4311       0.1509
 4364.83       0.4308       0.1503
 4365.87       0.5491       0.1547
 4366.91       0.4947       0.1536
 4367.94       0.5648       0.1539
 4368.98       1.0648       0.1652
 4370.02       0.8140       0.1591
 4371.06       0.2463       0.1492
 4372.10       0.8002       0.1608
 4373.13       1.2532       0.1711
 4374.17       1.0267       0.1690
 4375.21       0.8069       0.1620
 4376.25       0.3613       0.1486
 4377.28       0.5506       0.1587
 4378.32       1.3187       0.1869
 4379.36       1.3425       0.1833
 4380.40       0.8794       0.1643
 4381.44       0.6496       0.1656
 4382.47       0.8328       0.1608
 4383.51       0.4204       0.1376
 4384.55       0.6552       0.1456
 4385.59       0.9699       0.1590
 4386.62       0.8261       0.1535
 4387.66       0.1589       0.1321
 4388.70       0.4567       0.1388
 4389.74       0.5735       0.1462
 4390.77       0.6224       0.1477
 4391.81       0.5955       0.1474
 4392.85       0.3478       0.1403
 4393.89       0.4956       0.1471
 4394.93       1.1744       0.1623
 4395.96       1.2825       0.1661
 4397.00       0.5965       0.1499
 4398.04       0.2506       0.1388
 4399.08       0.8384       0.1554
 4400.11       0.5850       0.1496
 4401.15       0.0042       0.1324
 4402.19       0.4631       0.1531
 4403.23       0.7983       0.1654
 4404.27       0.8101       0.1615
 4405.30       0.5949       0.1575
 4406.34       0.2265       0.1562
 4407.38       0.4421       0.1607
 4408.42       0.4659       0.1642
 4409.45       0.7056       0.1662
 4410.49       0.3701       0.1564
 4411.53       1.1144       0.1800
 4412.57       0.9489       0.1744
 4413.61       0.7717       0.1652
 4414.64       1.0741       0.1690
 4415.68       0.4527       0.1549
 4416.72       1.0142       0.1755
 4417.76       0.8863       0.1703
 4418.79       0.3169       0.1578
 4419.83       0.6002       0.1651
 4420.87       0.3775       0.1536
 4421.91       0.6017       0.1616
 4422.94       0.7544       0.1675
 4423.98       1.2529       0.1802
 4425.02       1.4254       0.1894
 4426.06       1.0179       0.1774
 4427.10       1.0765       0.1803
 4428.13       0.6229       0.1685
 4429.17       0.8341       0.1750
 4430.21       0.4811       0.1640
 4431.25       0.0862       0.1439
 4432.28       0.7425       0.1641
 4433.32       0.8416       0.1599
 4434.36       0.4363       0.1485
 4435.40       1.0159       0.1596
 4436.44       1.0382       0.1634
 4437.47       0.4222       0.1490
 4438.51       1.3804       0.1775
 4439.55       1.6724       0.1819
 4440.59       1.3602       0.1753
 4441.62       1.5339       0.1743
 4442.66       1.4988       0.1670
 4443.70       1.0191       0.1619
 4444.74       0.7425       0.1528
 4445.78       1.1483       0.1667
 4446.81       1.1613       0.1610
 4447.85       0.8509       0.1554
 4448.89       0.7460       0.1538
 4449.93       0.6920       0.1439
 4450.96       0.7360       0.1441
 4452.00       0.9811       0.1510
 4453.04       1.3974       0.1602
 4454.08       1.6178       0.1593
 4455.11       0.7996       0.1410
 4456.15       0.5216       0.1386
 4457.19       0.8445       0.1414
 4458.23       0.7682       0.1378
 4459.27       1.2044       0.1494
 4460.30       1.4456       0.1559
 4461.34       0.5189       0.1276
 4462.38       0.6734       0.1329
 4463.42       0.6455       0.1350
 4464.45       0.8654       0.1383
 4465.49       1.1101       0.1452
 4466.53       0.9418       0.1417
 4467.57       0.6194       0.1353
 4468.61       0.8240       0.1374
 4469.64       1.0099       0.1395
 4470.68       0.2368       0.1228
 4471.72       0.8621       0.1381
 4472.76       1.4044       0.1600
 4473.79       0.9187       0.1525
 4474.83       1.4830       0.1498
 4475.87       1.7157       0.1599
 4476.91       1.4922       0.1623
 4477.95       0.8642       0.1469
 4478.98       0.6244       0.1345
 4480.02       0.7664       0.1323
 4481.06       1.3467       0.1437
 4482.10       0.8906       0.1328
 4483.13       0.4281       0.1294
 4484.17       1.5310       0.1608
 4485.21       1.3434       0.1582
 4486.25       1.2305       0.1532
 4487.28       1.0763       0.1434
 4488.32       1.4054       0.1495
 4489.36       1.1817       0.1458
 4490.40       0.6686       0.1334
 4491.44       0.8716       0.1420
 4492.47       1.2540       0.1559
 4493.51       1.7300       0.1638
 4494.55       1.2735       0.1516
 4495.59       1.2027       0.1567
 4496.62       0.9064       0.1478
 4497.66       0.7436       0.1399
 4498.70       0.2731       0.1285
 4499.74       0.9391       0.1423
 4500.78       1.4876       0.1549
 4501.81       1.1893       0.1501
 4502.85       1.2272       0.1535
 4503.89       1.5886       0.1607
 4504.93       1.2450       0.1482
 4505.96       1.1728       0.1494
 4507.00       0.6693       0.1443
 4508.04       1.0460       0.1509
 4509.08       1.0986       0.1473
 4510.12       0.8839       0.1441
 4511.15       1.3615       0.1590
 4512.19       1.1515       0.1464
 4513.23       1.1703       0.1450
 4514.27       1.3362       0.1558
 4515.30       0.9912       0.1451
 4516.34       1.4085       0.1505
 4517.38       1.8858       0.1626
 4518.42       0.6975       0.1336
 4519.45       0.9689       0.1377
 4520.49       0.6898       0.1429
 4521.53       0.9144       0.1463
 4522.57       0.7424       0.1349
 4523.61       1.1163       0.1460
 4524.64       1.4494       0.1495
 4525.68       1.4085       0.1503
 4526.72       1.0938       0.1476
 4527.76       0.8797       0.1397
 4528.79       0.3042       0.1288
 4529.83       1.0262       0.1420
 4530.87       0.9235       0.1450
 4531.91       1.2303       0.1514
 4532.95       1.3878       0.1480
 4533.98       0.9699       0.1358
 4535.02       0.5039       0.1266
 4536.06       0.4263       0.1284
 4537.10       1.0963       0.1446
 4538.13       1.0271       0.1413
 4539.17       1.1641       0.1450
 4540.21       1.9075       0.1573
 4541.25       1.3720       0.1437
 4542.29       0.7220       0.1305
 4543.32       1.1624       0.1439
 4544.36       1.2463       0.1473
 4545.40       0.8344       0.1322
 4546.44       0.8387       0.1334
 4547.47       0.7375       0.1331
 4548.51       0.8658       0.1326
 4549.55       0.8245       0.1331
 4550.59       1.0345       0.1344
 4551.62       0.7004       0.1329
 4552.66       1.4045       0.1459
 4553.70       1.1804       0.1347
 4554.74       0.4993       0.1192
 4555.78       0.9074       0.1263
 4556.81       0.8714       0.1275
 4557.85       0.8991       0.1288
 4558.89       0.9260       0.1311
 4559.93       0.7615       0.1261
 4560.96       1.0237       0.1273
 4562.00       0.8271       0.1268
 4563.04       0.8059       0.1304
 4564.08       0.9544       0.1308
 4565.12       0.8440       0.1234
 4566.15       0.4873       0.1167
 4567.19       0.4459       0.1173
 4568.23       1.0829       0.1304
 4569.27       0.9629       0.1269
 4570.30       0.8437       0.1238
 4571.34       1.1516       0.1313
 4572.38       1.4334       0.1370
 4573.42       1.2381       0.1343
 4574.46       1.2222       0.1345
 4575.49       1.3551       0.1377
 4576.53       1.1389       0.1341
 4577.57       1.3489       0.1401
 4578.61       1.0849       0.1347
 4579.64       0.7275       0.1240
 4580.68       0.7933       0.1247
 4581.72       1.1037       0.1324
 4582.76       1.2285       0.1354
 4583.79       1.3489       0.1357
 4584.83       0.8223       0.1248
 4585.87       0.4474       0.1177
 4586.91       1.2179       0.1336
 4587.95       1.1019       0.1312
 4588.98       1.1359       0.1282
 4590.02       1.1154       0.1285
 4591.06       0.5705       0.1182
 4592.10       1.0487       0.1255
 4593.13       1.5278       0.1306
 4594.17       1.6655       0.1316
 4595.21       0.9644       0.1188
 4596.25       0.7508       0.1178
 4597.29       1.0923       0.1263
 4598.32       0.8300       0.1188
 4599.36       0.5165       0.1094
 4600.40       0.5514       0.1099
 4601.44       0.6693       0.1100
 4602.47       0.7791       0.1117
 4603.51       1.1923       0.1226
 4604.55       1.0582       0.1209
 4605.59       0.5665       0.1054
 4606.62       0.8734       0.1133
 4607.66       1.2331       0.1264
 4608.70       1.1563       0.1246
 4609.74       1.2597       0.1263
 4610.78       1.1518       0.1254
 4611.81       1.1162       0.1237
 4612.85       1.3374       0.1277
 4613.89       1.1348       0.1244
 4614.93       1.2183       0.1261
 4615.96       1.3630       0.1296
 4617.00       1.5960       0.1374
 4618.04       1.6250       0.1374
 4619.08       0.9823       0.1191
 4620.12       1.3490       0.1254
 4621.15       1.2498       0.1230
 4622.19       1.0468       0.1182
 4623.23       1.0986       0.1230
 4624.27       1.3501       0.1281
 4625.30       1.0951       0.1234
 4626.34       0.8927       0.1190
 4627.38       1.2989       0.1262
 4628.42       1.4703       0.1282
 4629.46       1.4923       0.1282
 4630.49       1.3142       0.1248
 4631.53       0.8388       0.1150
 4632.57       0.3259       0.1014
 4633.61       0.6166       0.1075
 4634.64       1.0693       0.1222
 4635.68       1.1301       0.1215
 4636.72       1.0967       0.1163
 4637.76       1.2103       0.1166
 4638.79       1.3755       0.1231
 4639.83       1.4988       0.1271
 4640.87       1.7691       0.1315
 4641.91       1.4709       0.1270
 4642.95       0.5681       0.1081
 4643.98       0.4934       0.1047
 4645.02       0.7385       0.1057
 4646.06       0.7667       0.1034
 4647.10       0.6982       0.0990
 4648.13       0.8545       0.1041
 4649.17       0.6710       0.1071
 4650.21       1.1014       0.1187
 4651.25       1.7667       0.1326
 4652.29       1.3398       0.1195
 4653.32       0.8423       0.1099
 4654.36       1.1713       0.1163
 4655.40       1.2676       0.1149
 4656.44       0.8868       0.1093
 4657.47       0.7875       0.1101
 4658.51       0.9485       0.1154
 4659.55       1.0719       0.1195
 4660.59       0.9341       0.1162
 4661.62       0.6756       0.1122
 4662.66       0.6881       0.1083
 4663.70       1.0432       0.1118
 4664.74       1.2945       0.1195
 4665.78       0.9598       0.1111
 4666.81       0.8336       0.1056
 4667.85       1.0256       0.1071
 4668.89       1.0771       0.1068
 4669.93       1.2447       0.1161
 4670.96       1.2577       0.1209
 4672.00       1.2641       0.1179
 4673.04       1.4275       0.1207
 4674.08       1.3816       0.1187
 4675.12       0.9241       0.1135
 4676.15       0.8455       0.1119
 4677.19       0.9049       0.1109
 4678.23       1.1891       0.1159
 4679.27       1.1904       0.1142
 4680.30       1.0823       0.1096
 4681.34       1.3905       0.1165
 4682.38       1.4430       0.1185
 4683.42       1.2105       0.1150
 4684.46       1.0847       0.1113
 4685.49       0.7856       0.1058
 4686.53       0.9325       0.1099
 4687.57       1.2754       0.1142
 4688.61       0.9968       0.1085
 4689.64       0.8961       0.1048
 4690.68       1.3908       0.1134
 4691.72       1.4740       0.1143
 4692.76       1.4186       0.1150
 4693.79       1.1500       0.1084
 4694.83       0.9495       0.1078
 4695.87       0.9727       0.1087
 4696.91       0.8851       0.1032
 4697.95       1.1821       0.1086
 4698.98       1.4102       0.1106
 4700.02       1.2224       0.1066
 4701.06       1.1962       0.1058
 4702.10       1.3805       0.1063
 4703.13       1.0066       0.1021
 4704.17       1.1483       0.1028
 4705.21       0.9338       0.1005
 4706.25       0.4780       0.0947
 4707.29       1.1164       0.0996
 4708.32       1.2074       0.1062
 4709.36       0.8561       0.1021
 4710.40       0.9317       0.0994
 4711.44       1.5705       0.1090
 4712.47       1.2306       0.1056
 4713.51       0.9606       0.1032
 4714.55       0.9027       0.1027
 4715.59       0.8235       0.0985
 4716.62       1.0923       0.1042
 4717.66       1.0987       0.1049
 4718.70       1.3333       0.1086
 4719.74       1.4772       0.1100
 4720.78       1.1127       0.1021
 4721.81       0.9817       0.1000
 4722.85       1.1443       0.1036
 4723.89       1.0451       0.1020
 4724.93       0.8854       0.1020
 4725.96       1.0336       0.1040
 4727.00       1.1814       0.1042
 4728.04       1.1630       0.1016
 4729.08       1.2431       0.1011
 4730.12       0.6654       0.0917
 4731.15       0.8323       0.0958
 4732.19       1.0781       0.1001
 4733.23       1.2339       0.1022
 4734.27       1.1605       0.1018
 4735.30       0.9422       0.0983
 4736.34       1.0171       0.0986
 4737.38       1.4595       0.1065
 4738.42       1.5505       0.1098
 4739.46       1.0987       0.1024
 4740.49       0.9985       0.0963
 4741.53       1.0281       0.0937
 4742.57       0.7059       0.0902
 4743.61       1.2450       0.1018
 4744.64       1.7030       0.1112
 4745.68       1.4051       0.1077
 4746.72       1.0480       0.1005
 4747.76       1.1069       0.0990
 4748.80       0.9593       0.0965
 4749.83       0.7331       0.0933
 4750.87       0.6977       0.0920
 4751.91       0.9888       0.0955
 4752.95       1.0466       0.0960
 4753.98       1.6796       0.1099
 4755.02       1.9392       0.1222
 4756.06       1.2118       0.1171
 4757.10       1.5937       0.1153
 4758.13       1.3849       0.1007
 4759.17       1.0807       0.0992
 4760.21       1.1631       0.0996
 4761.25       0.5819       0.0861
 4762.29       0.8192       0.0909
 4763.32       1.2357       0.0978
 4764.36       0.6765       0.0861
 4765.40       0.8539       0.0915
 4766.44       1.1699       0.0969
 4767.47       0.8181       0.0891
 4768.51       1.2355       0.0952
 4769.55       1.1546       0.0958
 4770.59       1.2394       0.0996
 4771.63       1.1884       0.0959
 4772.66       0.9876       0.0931
 4773.70       1.1722       0.0974
 4774.74       1.3810       0.1028
 4775.78       1.2389       0.1006
 4776.81       0.9761       0.0949
 4777.85       1.2057       0.1017
 4778.89       1.6023       0.1069
 4779.93       1.4175       0.1019
 4780.97       0.9499       0.0907
 4782.00       1.2197       0.0964
 4783.04       1.0009       0.0936
 4784.08       1.2725       0.0982
 4785.12       1.3461       0.1023
 4786.15       1.2271       0.0988
 4787.19       0.9277       0.0896
 4788.23       1.2309       0.0964
 4789.27       1.5142       0.1030
 4790.30       0.9088       0.0950
 4791.34       1.0122       0.0944
 4792.38       1.0473       0.0946
 4793.42       0.6474       0.0904
 4794.46       0.8982       0.0921
 4795.49       0.9086       0.0924
 4796.53       0.5460       0.0861
 4797.57       0.8164       0.0902
 4798.61       1.0819       0.0955
 4799.64       0.9439       0.0923
 4800.68       1.2094       0.0962
 4801.72       0.6818       0.0847
 4802.76       0.6125       0.0834
 4803.80       1.4340       0.1016
 4804.83       1.2115       0.0989
 4805.87       1.1011       0.0940
 4806.91       1.0156       0.0960
 4807.95       1.1445       0.0977
 4808.98       1.3068       0.0993
 4810.02       1.0516       0.0920
 4811.06       1.2333       0.0964
 4812.10       1.2003       0.0983
 4813.14       1.0579       0.0942
 4814.17       1.0206       0.0948
 4815.21       1.1800       0.0989
 4816.25       1.6594       0.1102
 4817.29       1.5479       0.1066
 4818.32       1.0510       0.0978
 4819.36       1.3650       0.1059
 4820.40       0.9427       0.0993
 4821.44       0.9184       0.0978
 4822.47       1.3960       0.1065
 4823.51       1.1688       0.1024
 4824.55       0.7464       0.0923
 4825.59       1.2269       0.0999
 4826.63       1.4228       0.1033
 4827.66       0.9112       0.0945
 4828.70       1.0369       0.0957
 4829.74       1.3248       0.1029
 4830.78       1.5767       0.1049
 4831.81       1.9403       0.1117
 4832.85       1.3522       0.1019
 4833.89       0.8686       0.0950
 4834.93       1.1620       0.1023
 4835.97       1.3285       0.1000
 4837.00       1.5000       0.1032
 4838.04       1.3646       0.1009
 4839.08       1.1556       0.0960
 4840.12       1.2042       0.0968
 4841.15       1.4746       0.1016
 4842.19       1.3432       0.1021
 4843.23       1.7509       0.1090
 4844.27       1.3212       0.1004
 4845.31       0.7872       0.0945
 4846.34       1.5189       0.1039
 4847.38       1.4452       0.1015
 4848.42       1.4137       0.1008
 4849.46       1.3617       0.1003
 4850.49       1.0869       0.1003
 4851.53       1.0663       0.0905
 4852.57       0.6557       0.0781
 4853.61       0.9324       0.0840
 4854.64       1.0075       0.0841
 4855.68       0.7425       0.0764
 4856.72       0.8294       0.0764
 4857.76       0.9502       0.0771
 4858.80       1.0870       0.0815
 4859.83       1.5865       0.0938
 4860.87       2.0014       0.1034
 4861.91       1.7050       0.0999
 4862.95       0.9936       0.0845
 4863.98       1.3658       0.0851
 4865.02       1.2345       0.0799
 4866.06       0.8814       0.0753
 4867.10       0.9424       0.0746
 4868.14       0.8829       0.0757
 4869.17       0.7168       0.0753
 4870.21       0.5932       0.0679
 4871.25       1.2946       0.0796
 4872.29       1.4284       0.0793
 4873.32       1.3410       0.0767
 4874.36       1.0925       0.0756
 4875.40       1.2569       0.0783
 4876.44       1.0385       0.0765
 4877.48       1.0056       0.0748
 4878.51       1.4692       0.0837
 4879.55       1.1368       0.0770
 4880.59       0.9149       0.0752
 4881.63       1.1752       0.0793
 4882.66       0.8389       0.0721
 4883.70       1.3083       0.0837
 4884.74       1.1106       0.0787
 4885.78       0.9895       0.0738
 4886.81       1.2919       0.0794
 4887.85       1.2739       0.0810
 4888.89       1.4792       0.0833
 4889.93       0.9342       0.0758
 4890.97       1.2055       0.0805
 4892.00       1.1631       0.0793
 4893.04       0.9147       0.0774
 4894.08       0.9277       0.0783
 4895.12       1.6346       0.0883
 4896.15       1.5194       0.0883
 4897.19       0.9003       0.0798
 4898.23       0.8733       0.0775
 4899.27       1.2735       0.0836
 4900.31       1.1779       0.0817
 4901.34       0.8667       0.0759
 4902.38       1.3811       0.0836
 4903.42       1.4818       0.0871
 4904.46       1.1132       0.0799
 4905.49       1.3975       0.0834
 4906.53       1.1169       0.0826
 4907.57       0.9246       0.0806
 4908.61       1.0042       0.0809
 4909.65       0.8411       0.0769
 4910.68       0.7698       0.0726
 4911.72       0.7922       0.0722
 4912.76       1.3730       0.0840
 4913.80       1.1119       0.0825
 4914.83       0.8745       0.0782
 4915.87       0.8845       0.0785
 4916.91       1.4252       0.0854
 4917.95       1.3757       0.0828
 4918.98       0.7044       0.0723
 4920.02       1.0327       0.0752
 4921.06       0.9919       0.0746
 4922.10       1.0499       0.0757
 4923.14       1.1047       0.0794
 4924.17       1.0096       0.0795
 4925.21       0.9048       0.0754
 4926.25       0.8227       0.0774
 4927.29       1.1922       0.0816
 4928.32       0.9293       0.0752
 4929.36       0.5352       0.0701
 4930.40       1.1766       0.0815
 4931.44       1.3818       0.0839
 4932.48       1.1525       0.0786
 4933.51       1.1920       0.0792
 4934.55       1.0597       0.0766
 4935.59       1.0946       0.0786
 4936.63       1.5340       0.0863
 4937.66       1.4841       0.0867
 4938.70       0.5628       0.0715
 4939.74       0.8138       0.0743
 4940.78       1.0325       0.0773
 4941.81       0.9413       0.0758
 4942.85       0.9305       0.0769
 4943.89       0.6443       0.0709
 4944.93       1.1124       0.0762
 4945.97       1.0472       0.0753
 4947.00       1.0410       0.0759
 4948.04       0.9300       0.0752
 4949.08       0.6999       0.0740
 4950.12       0.9569       0.0762
 4951.15       1.1876       0.0807
 4952.19       0.9994       0.0803
 4953.23       0.7882       0.0769
 4954.27       0.9600       0.0789
 4955.31       0.9174       0.0748
 4956.34       0.7279       0.0707
 4957.38       1.0466       0.0771
 4958.42       1.3533       0.0799
 4959.46       1.2957       0.0804
 4960.49       1.2350       0.0815
 4961.53       1.1305       0.0793
 4962.57       1.2401       0.0799
 4963.61       1.0169       0.0771
 4964.65       1.0635       0.0788
 4965.68       1.3146       0.0826
 4966.72       1.2168       0.0785
 4967.76       1.2070       0.0818
 4968.80       1.0886       0.0788
 4969.83       1.3447       0.0823
 4970.87       1.3643       0.0853
 4971.91       0.9751       0.0788
 4972.95       1.1415       0.0802
 4973.98       1.1674       0.0794
 4975.02       1.3183       0.0791
 4976.06       1.3772       0.0821
 4977.10       0.7903       0.0734
 4978.14       0.9634       0.0765
 4979.17       1.0163       0.0770
 4980.21       0.8188       0.0715
 4981.25       0.6836       0.0702
 4982.29       1.1533       0.0746
 4983.32       1.1540       0.0734
 4984.36       1.0724       0.0697
 4985.40       0.9201       0.0676
 4986.44       1.1451       0.0760
 4987.48       1.0873       0.0761
 4988.51       0.9931       0.0728
 4989.55       1.0897       0.0749
 4990.59       0.7313       0.0697
 4991.63       1.2335       0.0787
 4992.66       1.0162       0.0753
 4993.70       0.9447       0.0738
 4994.74       1.2687       0.0775
 4995.78       0.9146       0.0732
 4996.81       0.9213       0.0722
 4997.85       1.0737       0.0714
 4998.89       0.8783       0.0685
 4999.93       1.1027       0.0719
 5000.97       1.0537       0.0712
 5002.00       0.8782       0.0683
 5003.04       1.2624       0.0729
 5004.08       0.9392       0.0684
 5005.12       0.8509       0.0669
 5006.15       0.8914       0.0694
 5007.19       1.2229       0.0741
 5008.23       0.8354       0.0690
 5009.27       0.7637       0.0684
 5010.31       1.4092       0.0771
 5011.34       1.1504       0.0718
 5012.38       1.0217       0.0683
 5013.42       0.9624       0.0658
 5014.46       1.1019       0.0677
 5015.49       1.2970       0.0718
 5016.53       1.1729       0.0701
 5017.57       1.0074       0.0667
 5018.61       1.0498       0.0676
 5019.65       1.1357       0.0697
 5020.68       0.9736       0.0655
 5021.72       1.3151       0.0714
 5022.76       1.1734       0.0692
 5023.80       1.0812       0.0696
 5024.83       0.8514       0.0657
 5025.87       1.0683       0.0662
 5026.91       1.3105       0.0718
 5027.95       1.0986       0.0690
 5028.98       0.9556       0.0655
 5030.02       0.6842       0.0618
 5031.06       0.9934       0.0663
 5032.10       1.3703       0.0710
 5033.14       1.1946       0.0684
 5034.17       1.0168       0.0647
 5035.21       1.0954       0.0663
 5036.25       0.8029       0.0631
 5037.29       0.8106       0.0636
 5038.32       0.5678       0.0575
 5039.36       0.8648       0.0615
 5040.40       0.7681       0.0604
 5041.44       0.9841       0.0629
 5042.48       0.8542       0.0632
 5043.51       1.2299       0.0688
 5044.55       1.0334       0.0650
 5045.59       0.9989       0.0662
 5046.63       1.2902       0.0722
 5047.66       1.0257       0.0668
 5048.70       0.6792       0.0597
 5049.74       1.2115       0.0676
 5050.78       1.6211       0.0745
 5051.82       1.3349       0.0707
 5052.85       1.3726       0.0700
 5053.89       1.2610       0.0691
 5054.93       0.5762       0.0606
 5055.97       1.2528       0.0700
 5057.00       1.2058       0.0690
 5058.04       0.9903       0.0662
 5059.08       1.4006       0.0738
 5060.12       1.0165       0.0679
 5061.16       0.9724       0.0676
 5062.19       1.1901       0.0709
 5063.23       0.8145       0.0635
 5064.27       0.9560       0.0646
 5065.31       1.2859       0.0689
 5066.34       1.2777       0.0700
 5067.38       0.9153       0.0638
 5068.42       1.2790       0.0700
 5069.46       1.3541       0.0713
 5070.49       1.0160       0.0661
 5071.53       0.9521       0.0669
 5072.57       1.2865       0.0688
 5073.61       1.4720       0.0709
 5074.65       1.0437       0.0637
 5075.68       1.2039       0.0676
 5076.72       1.4417       0.0712
 5077.76       1.3977       0.0706
 5078.80       1.1627       0.0682
 5079.83       1.4239       0.0702
 5080.87       0.7974       0.0603
 5081.91       0.8423       0.0602
 5082.95       1.1597       0.0643
 5083.99       0.8544       0.0610
 5085.02       0.8864       0.0621
 5086.06       1.1403       0.0666
 5087.10       1.0382       0.0655
 5088.14       1.2213       0.0683
 5089.17       1.1309       0.0655
 5090.21       1.3095       0.0676
 5091.25       1.3170       0.0686
 5092.29       1.3549       0.0693
 5093.33       1.1049       0.0656
 5094.36       0.5189       0.0591
 5095.40       0.9885       0.0648
 5096.44       1.5069       0.0702
 5097.48       1.1495       0.0654
 5098.51       1.0898       0.0638
 5099.55       1.1471       0.0638
 5100.59       0.9545       0.0620
 5101.63       0.7079       0.0598
 5102.66       0.5557       0.0579
 5103.70       1.1351       0.0652
 5104.74       1.1334       0.0659
 5105.78       0.8166       0.0603
 5106.82       0.9539       0.0600
 5107.85       1.2682       0.0655
 5108.89       1.4445       0.0692
 5109.93       1.2482       0.0661
 5110.97       1.0461       0.0642
 5112.00       1.3027       0.0684
 5113.04       1.1171       0.0653
 5114.08       1.2152       0.0656
 5115.12       1.3652       0.0684
 5116.16       1.1335       0.0650
 5117.19       0.9900       0.0626
 5118.23       1.5415       0.0707
 5119.27       1.4629       0.0713
 5120.31       0.8292       0.0609
 5121.34       1.0798       0.0640
 5122.38       1.1000       0.0635
 5123.42       0.7624       0.0585
 5124.46       1.1835       0.0653
 5125.50       1.4747       0.0671
 5126.53       1.0746       0.0616
 5127.57       1.2641       0.0653
 5128.61       1.7100       0.0708
 5129.65       1.4632       0.0683
 5130.68       1.1976       0.0657
 5131.72       1.3688       0.0689
 5132.76       1.2795       0.0661
 5133.80       1.0326       0.0640
 5134.83       1.3096       0.0689
 5135.87       1.4553       0.0692
 5136.91       1.2789       0.0672
 5137.95       1.1067       0.0641
 5138.99       1.2644       0.0637
 5140.02       1.3016       0.0661
 5141.06       1.1962       0.0646
 5142.10       1.4773       0.0667
 5143.14       1.2919       0.0655
 5144.17       1.2415       0.0646
 5145.21       1.4392       0.0688
 5146.25       1.3344       0.0669
 5147.29       0.8974       0.0598
 5148.33       0.9743       0.0596
 5149.36       1.0374       0.0601
 5150.40       1.1480       0.0614
 5151.44       1.0364       0.0608
 5152.48       1.0476       0.0616
 5153.51       1.2578       0.0643
 5154.55       1.2527       0.0641
 5155.59       1.4222       0.0669
 5156.63       1.4135       0.0655
 5157.67       1.2855       0.0631
 5158.70       1.3825       0.0646
 5159.74       1.2499       0.0624
 5160.78       1.2198       0.0619
 5161.82       1.5438       0.0662
 5162.85       1.3375       0.0622
 5163.89       0.8966       0.0572
 5164.93       1.2742       0.0614
 5165.97       1.2421       0.0598
 5167.00       0.8969       0.0537
 5168.04       1.1133       0.0550
 5169.08       1.1702       0.0572
 5170.12       1.0801       0.0551
 5171.16       1.2880       0.0562
 5172.19       1.3364       0.0563
 5173.23       1.1128       0.0560
 5174.27       1.3052       0.0584
 5175.31       1.6727       0.0638
 5176.34       1.5668       0.0637
 5177.38       1.2211       0.0593
 5178.42       1.2154       0.0595
 5179.46       0.9721       0.0567
 5180.50       1.1420       0.0569
 5181.53       1.4117       0.0591
 5182.57       1.3171       0.0567
 5183.61       1.2375       0.0546
 5184.65       1.3797       0.0549
 5185.68       1.0111       0.0531
 5186.72       0.9996       0.0578
 5187.76       1.3663       0.0636
 5188.80       1.2945       0.0627
 5189.83       1.3236       0.0621
 5190.87       1.3081       0.0614
 5191.91       1.2307       0.0581
 5192.95       1.2997       0.0582
 5193.99       1.3999       0.0593
 5195.02       1.3619       0.0594
 5196.06       1.4103       0.0631
 5197.10       1.0413       0.0655
 5198.14       1.0122       0.0702
 5199.17       1.1043       0.0742
 5200.21       1.0404       0.0706
 5201.25       1.1139       0.0687
 5202.29       1.1876       0.0685
 5203.33       1.2987       0.0650
 5204.36       1.3398       0.0629
 5205.40       1.4951       0.0638
 5206.44       1.4127       0.0605
 5207.48       1.1895       0.0574
 5208.51       1.2827       0.0596
 5209.55       1.2627       0.0584
 5210.59       1.2020       0.0582
 5211.63       1.1178       0.0573
 5212.67       1.0593       0.0571
 5213.70       1.5783       0.0635
 5214.74       1.6424       0.0627
 5215.78       1.2420       0.0604
 5216.82       0.9521       0.0581
 5217.85       1.1799       0.0600
 5218.89       1.4937       0.0647
 5219.93       1.4837       0.0634
 5220.97       1.3179       0.0611
 5222.00       1.4750       0.0647
 5223.04       1.5419       0.0688
 5224.08       1.0908       0.0647
 5225.12       1.1912       0.0626
 5226.16       1.0323       0.0571
 5227.19       1.1230       0.0576
 5228.23       1.6797       0.0636
 5229.27       1.5948       0.0632
 5230.31       1.2586       0.0599
 5231.34       1.5090       0.0632
 5232.38       1.1054       0.0575
 5233.42       1.0590       0.0565
 5234.46       1.5775       0.0630
 5235.50       1.2733       0.0583
 5236.53       1.0837       0.0573
 5237.57       1.4541       0.0658
 5238.61       1.2774       0.0669
 5239.65       0.9689       0.0635
 5240.68       1.4792       0.0661
 5241.72       1.6094       0.0632
 5242.76       1.5316       0.0625
 5243.80       1.4521       0.0616
 5244.83       1.1405       0.0576
 5245.87       1.0480       0.0563
 5246.91       1.0875       0.0571
 5247.95       1.3633       0.0613
 5248.99       1.4414       0.0633
 5250.02       1.3499       0.0614
 5251.06       1.5295       0.0646
 5252.10       1.5589       0.0624
 5253.14       1.2850       0.0592
 5254.17       1.2221       0.0594
 5255.21       0.8186       0.0575
 5256.25       1.2437       0.0657
 5257.29       1.8024       0.0727
 5258.33       1.3799       0.0653
 5259.36       1.3750       0.0629
 5260.40       1.5855       0.0639
 5261.44       1.3852       0.0593
 5262.48       1.3258       0.0592
 5263.51       1.2200       0.0567
 5264.55       1.1269       0.0544
 5265.59       1.5926       0.0588
 5266.63       1.6112       0.0596
 5267.67       1.7438       0.0617
 5268.70       1.6708       0.0606
 5269.74       1.4701       0.0581
 5270.78       1.2565       0.0555
 5271.82       1.2212       0.0571
 5272.85       1.8145       0.0657
 5273.89       1.7842       0.0647
 5274.93       1.1526       0.0584
 5275.97       1.3947       0.0642
 5277.00       1.4225       0.0640
 5278.04       1.2769       0.0616
 5279.08       1.4714       0.0615
 5280.12       1.5628       0.0620
 5281.16       1.4510       0.0598
 5282.19       1.1817       0.0559
 5283.23       1.3460       0.0586
 5284.27       1.6009       0.0619
 5285.31       1.1504       0.0555
 5286.34       1.3869       0.0595
 5287.38       1.4228       0.0612
 5288.42       1.3751       0.0588
 5289.46       1.5087       0.0606
 5290.50       1.7473       0.0642
 5291.53       1.3943       0.0601
 5292.57       1.1640       0.0587
 5293.61       1.4387       0.0629
 5294.65       1.8253       0.0659
 5295.68       1.5051       0.0616
 5296.72       1.6074       0.0627
 5297.76       1.6119       0.0638
 5298.80       1.6857       0.0658
 5299.83       1.3595       0.0615
 5300.87       1.0697       0.0582
 5301.91       1.4264       0.0612
 5302.95       1.8878       0.0660
 5303.99       1.5526       0.0636
 5305.02       1.3286       0.0617
 5306.06       1.6654       0.0711
 5307.10       1.6681       0.0444
 5308.14       2.0147       0.0411
 5309.17       0.7019       0.1107
 5310.21       1.5443       0.1331
 5311.25       1.7187       0.1365
 5312.29       1.4520       0.0869
 5313.33       1.7075       0.0744
 5314.36       1.6267       0.0671
 5315.40       1.3052       0.0621
 5316.44       1.4077       0.0619
 5317.48       1.2902       0.0596
 5318.51       1.7021       0.0655
 5319.55       1.5449       0.0631
 5320.59       1.2535       0.0599
 5321.63       1.6454       0.0648
 5322.67       1.6144       0.0651
 5323.70       1.2629       0.0596
 5324.74       1.6247       0.0632
 5325.78       1.6223       0.0637
 5326.82       1.6710       0.0620
 5327.85       1.3555       0.0568
 5328.89       1.3063       0.0570
 5329.93       1.3853       0.0602
 5330.97       1.2256       0.0601
 5332.00       1.3882       0.0609
 5333.04       1.3333       0.0605
 5334.08       1.3270       0.0603
 5335.12       1.4994       0.0622
 5336.16       1.3249       0.0611
 5337.19       1.2044       0.0592
 5338.23       1.4249       0.0612
 5339.27       1.3713       0.0583
 5340.31       1.4366       0.0581
 5341.34       1.6084       0.0604
 5342.38       1.4784       0.0604
 5343.42       1.5199       0.0604
 5344.46       1.4520       0.0600
 5345.50       1.2977       0.0596
 5346.53       1.5255       0.0621
 5347.57       1.5530       0.0629
 5348.61       1.0140       0.0559
 5349.65       1.2205       0.0582
 5350.68       1.6585       0.0635
 5351.72       1.3880       0.0598
 5352.76       1.4033       0.0602
 5353.80       1.7486       0.0657
 5354.84       1.5312       0.0627
 5355.87       1.2153       0.0583
 5356.91       1.1562       0.0583
 5357.95       1.0195       0.0561
 5358.99       1.1029       0.0565
 5360.02       1.2811       0.0587
 5361.06       1.2313       0.0575
 5362.10       1.0078       0.0541
 5363.14       1.1636       0.0560
 5364.17       1.3445       0.0566
 5365.21       1.3298       0.0571
 5366.25       1.3044       0.0593
 5367.29       1.2766       0.0586
 5368.33       1.2675       0.0578
 5369.36       0.9765       0.0543
 5370.40       0.8470       0.0521
 5371.44       1.3412       0.0575
 5372.48       1.3885       0.0590
 5373.51       1.2975       0.0583
 5374.55       1.4523       0.0612
 5375.59       1.4680       0.0610
 5376.63       1.4306       0.0603
 5377.67       1.2660       0.0588
 5378.70       1.1694       0.0578
 5379.74       1.0088       0.0560
 5380.78       1.1375       0.0563
 5381.82       1.3438       0.0576
 5382.85       1.3015       0.0577
 5383.89       1.4200       0.0589
 5384.93       1.7202       0.0629
 5385.97       1.7852       0.0641
 5387.01       1.4068       0.0595
 5388.04       1.2315       0.0573
 5389.08       1.4864       0.0596
 5390.12       1.3956       0.0573
 5391.16       1.2627       0.0558
 5392.19       1.1799       0.0552
 5393.23       1.0180       0.0533
 5394.27       0.9961       0.0533
 5395.31       1.4086       0.0581
 5396.34       1.4464       0.0577
 5397.38       1.2217       0.0540
 5398.42       1.3203       0.0560
 5399.46       1.5162       0.0582
 5400.50       1.3429       0.0565
 5401.53       1.1338       0.0543
 5402.57       1.4013       0.0563
 5403.61       1.5564       0.0573
 5404.65       1.2123       0.0540
 5405.68       1.1169       0.0535
 5406.72       1.1031       0.0531
 5407.76       1.1818       0.0546
 5408.80       1.4180       0.0571
 5409.84       1.3521       0.0559
 5410.87       1.2205       0.0537
 5411.91       1.5007       0.0578
 5412.95       1.2675       0.0559
 5413.99       0.9437       0.0516
 5415.02       1.3976       0.0570
 5416.06       1.1077       0.0529
 5417.10       1.0324       0.0524
 5418.14       0.8037       0.0506
 5419.18       1.2325       0.0554
 5420.21       1.4725       0.0580
 5421.25       1.1752       0.0558
 5422.29       1.0575       0.0531
 5423.33       1.3175       0.0558
 5424.36       1.3333       0.0556
 5425.40       1.6293       0.0611
 5426.44       1.5609       0.0608
 5427.48       1.2865       0.0556
 5428.52       1.0821       0.0527
 5429.55       1.3429       0.0561
 5430.59       1.4034       0.0584
 5431.63       0.8379       0.0513
 5432.67       1.0517       0.0531
 5433.70       1.3967       0.0584
 5434.74       1.0566       0.0539
 5435.78       1.1451       0.0541
 5436.82       1.2738       0.0567
 5437.85       1.2656       0.0575
 5438.89       1.2794       0.0576
 5439.93       1.0217       0.0540
 5440.97       1.0273       0.0542
 5442.01       1.2380       0.0584
 5443.04       1.0877       0.0574
 5444.08       1.1129       0.0559
 5445.12       1.3872       0.0576
 5446.16       1.0917       0.0546
 5447.19       1.1714       0.0568
 5448.23       1.5287       0.0596
 5449.27       1.4469       0.0588
 5450.31       1.0362       0.0559
 5451.35       1.2080       0.0580
 5452.38       1.2505       0.0573
 5453.42       1.1634       0.0557
 5454.46       1.2395       0.0558
 5455.50       0.9597       0.0518
 5456.53       1.2161       0.0573
 5457.57       1.3828       0.0604
 5458.61       1.3859       0.0607
 5459.65       1.3168       0.0609
 5460.69       1.2328       0.0609
 5461.72       1.2533       0.0597
 5462.76       1.1253       0.0563
 5463.80       1.2641       0.0574
 5464.84       0.9930       0.0541
 5465.87       1.4817       0.0596
 5466.91       1.5920       0.0616
 5467.95       1.2605       0.0573
 5468.99       1.1512       0.0557
 5470.02       0.9878       0.0544
 5471.06       1.3277       0.0600
 5472.10       1.3492       0.0584
 5473.14       1.1824       0.0553
 5474.18       1.4909       0.0593
 5475.21       1.3980       0.0571
 5476.25       1.1948       0.0542
 5477.29       1.1810       0.0544
 5478.33       1.3122       0.0558
 5479.36       1.3173       0.0570
 5480.40       1.2203       0.0555
 5481.44       1.5818       0.0595
 5482.48       1.4601       0.0590
 5483.52       1.1200       0.0557
 5484.55       1.4299       0.0604
 5485.59       1.3333       0.0585
 5486.63       1.0684       0.0548
 5487.67       1.3130       0.0585
 5488.70       1.4909       0.0599
 5489.74       1.1480       0.0561
 5490.78       0.8116       0.0522
 5491.82       1.0015       0.0538
 5492.85       1.4040       0.0593
 5493.89       1.3431       0.0586
 5494.93       1.2134       0.0556
 5495.97       1.2374       0.0574
 5497.01       1.3413       0.0589
 5498.04       1.0474       0.0555
 5499.08       1.0966       0.0564
 5500.12       1.4183       0.0597
 5501.16       1.2696       0.0583
 5502.19       1.3529       0.0591
 5503.23       1.3633       0.0589
 5504.27       1.4242       0.0608
 5505.31       1.2267       0.0582
 5506.35       1.1628       0.0570
 5507.38       1.3705       0.0593
 5508.42       1.5573       0.0618
 5509.46       1.8397       0.0647
 5510.50       1.4678       0.0609
 5511.53       0.9270       0.0549
 5512.57       1.2513       0.0580
 5513.61       1.6492       0.0621
 5514.65       1.2207       0.0572
 5515.69       0.8622       0.0528
 5516.72       1.1000       0.0570
 5517.76       1.3445       0.0615
 5518.80       1.3147       0.0590
 5519.84       0.8665       0.0526
 5520.87       1.1647       0.0576
 5521.91       1.3133       0.0592
 5522.95       1.1303       0.0575
 5523.99       1.0530       0.0571
 5525.02       1.1336       0.0574
 5526.06       1.4627       0.0611
 5527.10       1.3076       0.0589
 5528.14       1.4232       0.0594
 5529.18       1.4003       0.0586
 5530.21       1.5895       0.0613
 5531.25       1.1562       0.0565
 5532.29       0.9212       0.0550
 5533.33       1.3387       0.0603
 5534.36       1.2965       0.0590
 5535.40       1.1802       0.0572
 5536.44       1.3111       0.0591
 5537.48       1.4413       0.0621
 5538.52       1.4540       0.0607
 5539.55       1.1328       0.0567
 5540.59       0.9907       0.0583
 5541.63       1.3024       0.0639
 5542.67       0.9660       0.0643
 5543.70       0.7745       0.0633
 5544.74       1.0356       0.0636
 5545.78       0.8586       0.0605
 5546.82       1.2702       0.0627
 5547.85       1.4100       0.0630
 5548.89       1.2150       0.0614
 5549.93       1.1975       0.0626
 5550.97       1.4078       0.0651
 5552.01       1.4639       0.0637
 5553.04       1.3728       0.0621
 5554.08       1.2996       0.0612
 5555.12       1.1239       0.0589
 5556.16       0.7206       0.0547
 5557.19       0.9594       0.0583
 5558.23       1.1441       0.0601
 5559.27       1.3259       0.0620
 5560.31       1.3629       0.0624
 5561.35       1.1116       0.0591
 5562.38       1.0194       0.0622
 5563.42       1.3225       0.0700
 5564.46       1.2951       0.0717
 5565.50       1.0583       0.0684
 5566.53       1.1975       0.0658
 5567.57       0.9666       0.0607
 5568.61       1.0745       0.0635
 5569.65       1.3946       0.0681
 5570.69       1.5049       0.0697
 5571.72       1.3804       0.0681
 5572.76       1.2213       0.0689
 5573.80       1.2727       0.0580
 5574.84       1.5398       0.1257
 5575.87       1.3282       0.6036
 5576.91       1.0839       1.3002
 5577.95       1.1513       1.5328
 5578.99       1.2538       1.1195
 5580.02       1.1778       0.4393
 5581.06       0.8251       0.1042
 5582.10       0.9791       0.0726
 5583.14       1.3236       0.0742
 5584.18       1.3855       0.0681
 5585.21       1.3177       0.0638
 5586.25       1.3631       0.0642
 5587.29       1.3227       0.0654
 5588.33       1.3305       0.0693
 5589.36       1.2838       0.0714
 5590.40       1.1056       0.0695
 5591.44       0.8167       0.0494
 5592.48       0.8687       0.0790
 5593.52       1.0454       0.1013
 5594.55       1.2283       0.0768
 5595.59       1.0441       0.0556
 5596.63       0.9080       0.0600
 5597.67       1.2074       0.0648
 5598.70       1.1802       0.0639
 5599.74       0.9858       0.0599
 5600.78       1.1767       0.0599
 5601.82       1.0827       0.0604
 5602.86       0.9124       0.0590
 5603.89       0.8112       0.0620
 5604.93       0.8562       0.0670
 5605.97       1.3759       0.0742
 5607.01       0.9295       0.0669
 5608.04       1.2431       0.0656
 5609.08       1.1334       0.0628
 5610.12       1.1530       0.0623
 5611.16       1.3472       0.0651
 5612.19       1.0202       0.0606
 5613.23       1.0621       0.0604
 5614.27       1.0534       0.0587
 5615.31       1.3697       0.0655
 5616.35       1.2313       0.0662
 5617.38       0.9927       0.0633
 5618.42       1.2053       0.0663
 5619.46       1.3178       0.0671
 5620.50       1.2718       0.0669
 5621.53       1.3292       0.0696
 5622.57       1.1267       0.0707
 5623.61       1.1996       0.0744
 5624.65       1.4532       0.0763
 5625.69       1.5259       0.0749
 5626.72       1.4033       0.0715
 5627.76       1.4833       0.0716
 5628.80       1.3062       0.0674
 5629.84       0.9876       0.0617
 5630.87       1.3092       0.0672
 5631.91       1.5113       0.0722
 5632.95       1.5352       0.0746
 5633.99       1.5903       0.0742
 5635.03       1.2279       0.0692
 5636.06       1.3961       0.0707
 5637.10       1.2053       0.0684
 5638.14       1.0558       0.0679
 5639.18       1.2394       0.0711
 5640.21       1.3873       0.0721
 5641.25       1.1622       0.0681
 5642.29       1.3518       0.0717
 5643.33       1.5028       0.0767
 5644.36       1.2961       0.0763
 5645.40       1.6953       0.0826
 5646.44       1.3915       0.0794
 5647.48       0.9014       0.0711
 5648.52       0.9340       0.0688
 5649.55       1.0570       0.0701
 5650.59       1.1479       0.0718
 5651.63       0.9665       0.0699
 5652.67       1.2568       0.0720
 5653.70       0.8811       0.0688
 5654.74       0.8859       0.0696
 5655.78       1.3712       0.0772
 5656.82       1.7308       0.0802
 5657.86       1.1664       0.0710
 5658.89       0.8826       0.0698
 5659.93       1.1800       0.0743
 5660.97       1.2917       0.0739
 5662.01       1.1621       0.0739
 5663.04       1.3284       0.0788
 5664.08       1.5773       0.0842
 5665.12       1.2472       0.0808
 5666.16       0.9528       0.0745
 5667.20       1.0504       0.0762
 5668.23       0.8699       0.0750
 5669.27       1.0587       0.0779
 5670.31       1.4386       0.0832
 5671.35       1.3224       0.0840
 5672.38       1.4908       0.0848
 5673.42       1.3589       0.0825
 5674.46       1.4131       0.0860
 5675.50       1.3750       0.0859
 5676.53       1.4451       0.0877
 5677.57       1.5104       0.0874
 5678.61       1.2776       0.0846
 5679.65       1.2596       0.0855
 5680.69       1.5651       0.0904
 5681.72       1.8405       0.0955
 5682.76       1.5622       0.0913
 5683.80       1.4222       0.0889
 5684.84       0.8743       0.0808
 5685.87       0.8974       0.0832
 5686.91       1.2708       0.0918
 5687.95       1.1838       0.0888
 5688.99       1.0643       0.0876
 5690.03       1.1260       0.0930
 5691.06       1.3659       0.0973
 5692.10       1.5418       0.0993
 5693.14       1.3970       0.0958
 5694.18       1.2309       0.0961
 5695.21       1.4226       0.1014
 5696.25       1.1731       0.0975
 5697.29       1.5053       0.1048
 5698.33       1.6860       0.1046
 5699.37       1.5286       0.1019
 5700.40       1.7201       0.1064
 5701.44       1.2781       0.0961
 5702.48       0.9565       0.0919
 5703.52       1.1991       0.0971
 5704.55       1.4954       0.1014
 5705.59       0.9870       0.0949
 5706.63       0.6695       0.0885
 5707.67       0.8411       0.0936
 5708.70       1.4815       0.1075
 5709.74       1.6846       0.0928
 5710.78       1.3341       0.1442
 5711.82       1.1549       0.1816
 5712.86       0.9353       0.1910
 5713.89       0.5687       0.1691
 5714.93       1.0782       0.1379
 5715.97       1.4713       0.0905
 5717.01       1.0312       0.1097
 5718.04       1.4351       0.1110
 5719.08       1.1335       0.1082
 5720.12       0.6853       0.0985
 5721.16       0.9626       0.1038
 5722.20       1.1702       0.1115
 5723.23       1.2266       0.1108
 5724.27       0.7470       0.1027
 5725.31       0.9956       0.1087
 5726.35       0.9841       0.1091
 5727.38       0.9180       0.1106
 5728.42       1.2973       0.1197
 5729.46       1.2507       0.1210
 5730.50       1.2573       0.1192
 5731.54       0.8602       0.1114
 5732.57       0.6838       0.1125
 5733.61       1.0402       0.1173
 5734.65       1.0878       0.1217
 5735.69       1.3715       0.1279
 5736.72       1.6121       0.1282
 5737.76       1.4943       0.1295
 5738.80       1.1292       0.1229
 5739.84       1.0426       0.1209
 5740.87       1.3759       0.1295
 5741.91       0.7237       0.1214
 5742.95       0.6110       0.1162
 5743.99       0.9578       0.1177
 5745.03       1.2240       0.1265
 5746.06       1.1790       0.1269
 5747.10       1.2893       0.1273
 5748.14       0.8820       0.1161
 5749.18       0.8330       0.1167
 5750.21       1.4011       0.1324
 5751.25       1.3398       0.1306
 5752.29       1.2055       0.1249
 5753.33       1.2127       0.1271
 5754.37       0.6913       0.0911
 5755.40       0.8698       0.0958
 5756.44       1.3797       0.1073
 5757.48       1.4103       0.1085
 5758.52       1.0642       0.1019
 5759.55       0.9195       0.1003
 5760.59       1.0682       0.1021
 5761.63       1.2680       0.1027
 5762.67       1.1800       0.0981
 5763.71       0.9773       0.0933
 5764.74       0.9751       0.0940
 5765.78       1.1172       0.0972
 5766.82       1.2072       0.0998
 5767.86       1.0748       0.0990
 5768.89       0.9792       0.0975
 5769.93       0.9855       0.0970
 5770.97       0.9697       0.0966
 5772.01       0.8882       0.0935
 5773.04       0.9376       0.0909
 5774.08       1.1685       0.0920
 5775.12       1.1499       0.0908
 5776.16       0.7610       0.0843
 5777.20       0.5928       0.0807
 5778.23       0.7972       0.0834
 5779.27       1.1188       0.0887
 5780.31       1.0839       0.0883
 5781.35       0.8507       0.0834
 5782.38       0.9629       0.0825
 5783.42       1.1394       0.0851
 5784.46       1.1894       0.0878
 5785.50       1.2221       0.0880
 5786.54       1.1324       0.0850
 5787.57       1.0207       0.0824
 5788.61       0.9104       0.0811
 5789.65       0.8332       0.0804
 5790.69       0.8012       0.0791
 5791.72       1.0614       0.0824
 5792.76       1.2803       0.0850
 5793.80       1.0220       0.0792
 5794.84       0.9358       0.0768
 5795.88       1.2122       0.0815
 5796.91       1.2370       0.0821
 5797.95       1.1746       0.0806
 5798.99       1.1974       0.0804
 5800.03       0.9680       0.0765
 5801.06       0.8186       0.0744
 5802.10       1.1258       0.0792
 5803.14       1.3734       0.0831
 5804.18       1.3810       0.0823
 5805.21       1.4314       0.0803
 5806.25       1.3005       0.0773
 5807.29       0.9996       0.0739
 5808.33       0.8940       0.0713
 5809.37       0.8941       0.0697
 5810.40       0.8499       0.0691
 5811.44       0.9086       0.0698
 5812.48       1.0675       0.0717
 5813.52       1.2372       0.0741
 5814.55       1.1854       0.0727
 5815.59       1.0338       0.0697
 5816.63       1.0925       0.0709
 5817.67       1.1805       0.0729
 5818.71       1.1659       0.0723
 5819.74       1.2177       0.0720
 5820.78       1.2017       0.0709
 5821.82       1.0900       0.0689
 5822.86       0.9764       0.0664
 5823.89       1.0156       0.0659
 5824.93       1.2097       0.0686
 5825.97       1.2225       0.0694
 5827.01       1.0227       0.0667
 5828.04       0.9402       0.0648
 5829.08       1.0761       0.0663
 5830.12       1.2338       0.0689
 5831.16       1.0458       0.0661
 5832.20       0.8604       0.0626
 5833.23       1.0642       0.0642
 5834.27       1.0050       0.0629
 5835.31       0.7556       0.0594
 5836.35       0.8737       0.0601
 5837.38       1.0256       0.0613
 5838.42       1.0887       0.0617
 5839.46       1.4416       0.0658
 5840.50       1.4478       0.0662
 5841.54       0.9149       0.0604
 5842.57       0.9210       0.0604
 5843.61       1.1725       0.0626
 5844.65       0.9457       0.0594
 5845.69       0.8636       0.0580
 5846.72       1.0544       0.0598
 5847.76       1.1125       0.0596
 5848.80       1.1147       0.0599
 5849.84       1.1191       0.0608
 5850.88       1.0606       0.0587
 5851.91       0.9933       0.0563
 5852.95       1.0025       0.0567
 5853.99       1.1322       0.0580
 5855.03       1.2446       0.0589
 5856.06       1.1599       0.0582
 5857.10       1.0585       0.0568
 5858.14       1.0493       0.0560
 5859.18       1.0997       0.0563
 5860.21       1.1190       0.0566
 5861.25       1.0761       0.0565
 5862.29       1.0639       0.0570
 5863.33       1.1122       0.0599
 5864.37       1.1820       0.0652
 5865.40       1.1260       0.0696
 5866.44       0.9540       0.0721
 5867.48       0.8838       0.0741
 5868.52       0.8154       0.0719
 5869.55       0.7573       0.0664
 5870.59       0.9766       0.0637
 5871.63       1.1225       0.0615
 5872.67       0.9877       0.0581
 5873.71       0.9148       0.0570
 5874.74       0.9737       0.0571
 5875.78       1.0623       0.0563
 5876.82       1.1018       0.0548
 5877.86       1.1362       0.0542
 5878.89       1.2539       0.0556
 5879.93       1.3221       0.0552
 5880.97       1.2324       0.0520
 5882.01       1.0201       0.0498
 5883.04       0.8699       0.0495
 5884.08       0.9031       0.0538
 5885.12       1.1475       0.0633
 5886.16       1.2467       0.0825
 5887.20       0.9738       0.1104
 5888.23       1.0244       0.1484
 5889.27       1.3052       0.1845
 5890.31       1.1174       0.2002
 5891.35       1.1518       0.1962
 5892.38       1.5152       0.1813
 5893.42       1.4084       0.1565
 5894.46       1.0044       0.1386
 5895.50       0.8566       0.1339
 5896.54       0.7578       0.1332
 5897.57       0.9120       0.1247
 5898.61       1.3303       0.1075
 5899.65       1.2380       0.0828
 5900.69       0.7760       0.0602
 5901.72       0.8455       0.0519
 5902.76       1.0570       0.0513
 5903.80       0.9850       0.0490
 5904.84       0.7385       0.0487
 5905.88       0.6733       0.0499
 5906.91       0.9676       0.0518
 5907.95       1.2121       0.0529
 5908.99       1.1747       0.0517
 5910.03       0.9785       0.0486
 5911.06       0.9941       0.0485
 5912.10       1.1968       0.0520
 5913.14       1.0888       0.0539
 5914.18       0.9383       0.0556
 5915.21       1.0312       0.0587
 5916.25       1.2404       0.0615
 5917.29       1.3490       0.0613
 5918.33       1.2440       0.0575
 5919.37       1.0769       0.0522
 5920.40       1.0177       0.0486
 5921.44       1.1194       0.0484
 5922.48       1.2047       0.0506
 5923.52       1.1915       0.0524
 5924.55       1.2576       0.0532
 5925.59       1.1949       0.0517
 5926.63       1.0116       0.0495
 5927.67       1.1774       0.0502
 5928.71       1.5042       0.0532
 5929.74       1.5596       0.0552
 5930.78       1.2473       0.0556
 5931.82       0.8812       0.0560
 5932.86       0.8847       0.0579
 5933.89       1.0080       0.0592
 5934.93       1.0071       0.0578
 5935.97       1.0978       0.0545
 5937.01       1.0628       0.0494
 5938.05       0.8358       0.0441
 5939.08       0.9323       0.0431
 5940.12       1.0741       0.0435
 5941.16       0.7872       0.0408
 5942.20       0.6937       0.0398
 5943.23       0.9157       0.0421
 5944.27       0.9764       0.0444
 5945.31       0.9340       0.0460
 5946.35       0.9424       0.0471
 5947.38       1.0572       0.0479
 5948.42       1.2010       0.0480
 5949.46       1.2546       0.0476
 5950.50       1.1572       0.0481
 5951.54       1.0017       0.0500
 5952.57       0.9477       0.0527
 5953.61       1.0010       0.0549
 5954.65       1.0316       0.0549
 5955.69       0.9777       0.0527
 5956.72       0.9032       0.0484
 5957.76       0.8915       0.0438
 5958.80       0.8982       0.0412
 5959.84       0.9953       0.0415
 5960.88       1.2216       0.0435
 5961.91       1.2414       0.0442
 5962.95       1.1416       0.0435
 5963.99       1.2412       0.0443
 5965.03       1.2916       0.0442
 5966.06       1.2117       0.0430
 5967.10       1.2532       0.0441
 5968.14       1.3317       0.0462
 5969.18       1.2951       0.0471
 5970.22       1.1910       0.0470
 5971.25       1.0893       0.0461
 5972.29       1.0506       0.0448
 5973.33       1.0752       0.0440
 5974.37       1.1628       0.0450
 5975.40       1.3347       0.0478
 5976.44       1.2764       0.0493
 5977.48       1.0210       0.0483
 5978.52       1.0338       0.0482
 5979.55       1.1724       0.0479
 5980.59       1.1359       0.0456
 5981.63       1.0842       0.0426
 5982.67       1.0324       0.0400
 5983.71       0.9481       0.0388
 5984.74       1.0625       0.0401
 5985.78       1.3049       0.0422
 5986.82       1.3740       0.0427
 5987.86       1.3102       0.0420
 5988.89       1.2477       0.0415
 5989.93       1.2173       0.0412
 5990.97       1.1673       0.0405
 5992.01       1.0839       0.0392
 5993.05       1.1251       0.0400
 5994.08       1.2715       0.0417
 5995.12       1.3640       0.0415
 5996.16       1.3656       0.0408
 5997.20       1.3062       0.0412
 5998.23       1.2523       0.0418
 5999.27       1.1552       0.0415
 6000.31       1.0560       0.0405
 6001.35       1.2149       0.0412
 6002.39       1.3997       0.0431
 6003.42       1.3258       0.0438
 6004.46       1.2292       0.0428
 6005.50       1.2346       0.0413
 6006.54       1.2863       0.0412
 6007.57       1.2530       0.0403
 6008.61       1.1289       0.0382
 6009.65       1.0619       0.0370
 6010.69       1.1098       0.0372
 6011.72       1.2232       0.0381
 6012.76       1.2616       0.0385
 6013.80       1.2801       0.0386
 6014.84       1.3995       0.0394
 6015.88       1.4440       0.0398
 6016.91       1.3544       0.0390
 6017.95       1.2607       0.0375
 6018.99       1.1983       0.0365
 6020.03       1.1461       0.0361
 6021.06       0.9952       0.0349
 6022.10       1.0047       0.0348
 6023.14       1.2687       0.0368
 6024.18       1.3618       0.0374
 6025.22       1.2851       0.0372
 6026.25       1.2568       0.0380
 6027.29       1.2672       0.0388
 6028.33       1.2598       0.0386
 6029.37       1.2515       0.0381
 6030.40       1.0880       0.0362
 6031.44       0.8657       0.0341
 6032.48       0.9690       0.0353
 6033.52       1.1347       0.0376
 6034.56       1.1230       0.0382
 6035.59       1.1004       0.0376
 6036.63       1.1247       0.0365
 6037.67       1.1798       0.0362
 6038.71       1.2476       0.0366
 6039.74       1.2801       0.0370
 6040.78       1.2132       0.0367
 6041.82       1.2062       0.0364
 6042.86       1.3086       0.0367
 6043.89       1.3079       0.0368
 6044.93       1.2036       0.0364
 6045.97       1.0708       0.0351
 6047.01       1.0267       0.0346
 6048.05       1.0760       0.0349
 6049.08       1.0510       0.0346
 6050.12       1.0957       0.0346
 6051.16       1.1920       0.0350
 6052.20       1.0980       0.0344
 6053.23       1.0608       0.0344
 6054.27       1.2303       0.0356
 6055.31       1.2253       0.0356
 6056.35       1.1186       0.0349
 6057.39       1.1638       0.0353
 6058.42       1.1889       0.0356
 6059.46       1.1245       0.0351
 6060.50       1.0329       0.0340
 6061.54       1.0789       0.0345
 6062.57       1.2821       0.0366
 6063.61       1.4323       0.0377
 6064.65       1.3322       0.0366
 6065.69       1.0842       0.0346
 6066.73       1.0811       0.0350
 6067.76       1.2985       0.0369
 6068.80       1.4076       0.0371
 6069.84       1.3586       0.0362
 6070.88       1.2262       0.0350
 6071.91       1.1407       0.0339
 6072.95       1.1340       0.0337
 6073.99       1.1699       0.0343
 6075.03       1.2012       0.0344
 6076.06       1.1426       0.0338
 6077.10       1.1082       0.0338
 6078.14       1.2160       0.0345
 6079.18       1.3301       0.0348
 6080.22       1.2304       0.0339
 6081.25       1.1946       0.0333
 6082.29       1.3175       0.0340
 6083.33       1.3742       0.0351
 6084.37       1.3288       0.0350
 6085.40       1.2471       0.0338
 6086.44       1.2554       0.0339
 6087.48       1.2806       0.0346
 6088.52       1.2219       0.0339
 6089.56       1.2487       0.0335
 6090.59       1.3053       0.0335
 6091.63       1.2297       0.0333
 6092.67       1.1684       0.0334
 6093.71       1.2240       0.0336
 6094.74       1.2810       0.0338
 6095.78       1.3136       0.0342
 6096.82       1.3371       0.0349
 6097.86       1.2561       0.0345
 6098.90       1.1535       0.0335
 6099.93       1.1812       0.0335
 6100.97       1.2667       0.0338
 6102.01       1.3253       0.0342
 6103.05       1.3818       0.0349
 6104.08       1.2620       0.0342
 6105.12       1.0340       0.0323
 6106.16       1.0425       0.0321
 6107.20       1.1748       0.0330
 6108.23       1.1887       0.0329
 6109.27       1.1824       0.0325
 6110.31       1.1890       0.0322
 6111.35       1.2179       0.0324
 6112.39       1.1376       0.0318
 6113.42       1.0252       0.0308
 6114.46       1.0985       0.0313
 6115.50       1.2213       0.0321
 6116.54       1.2380       0.0319
 6117.57       1.2889       0.0326
 6118.61       1.3123       0.0332
 6119.65       1.2761       0.0327
 6120.69       1.2482       0.0315
 6121.73       1.2743       0.0312
 6122.76       1.3261       0.0329
 6123.80       1.2212       0.0329
 6124.84       1.0905       0.0311
 6125.88       1.3384       0.0323
 6126.91       1.5652       0.0337
 6127.95       1.4312       0.0328
 6128.99       1.2194       0.0313
 6130.03       1.0913       0.0303
 6131.06       1.0737       0.0302
 6132.10       1.1780       0.0306
 6133.14       1.2598       0.0311
 6134.18       1.2151       0.0319
 6135.22       1.1513       0.0323
 6136.25       1.1559       0.0326
 6137.29       1.1917       0.0333
 6138.33       1.1842       0.0340
 6139.37       1.1208       0.0342
 6140.40       1.1185       0.0342
 6141.44       1.1791       0.0343
 6142.48       1.2276       0.0342
 6143.52       1.2110       0.0338
 6144.56       1.1297       0.0331
 6145.59       1.0535       0.0328
 6146.63       1.0543       0.0325
 6147.67       1.1457       0.0320
 6148.71       1.2484       0.0316
 6149.74       1.3036       0.0317
 6150.78       1.3190       0.0322
 6151.82       1.3896       0.0327
 6152.86       1.4301       0.0323
 6153.90       1.3500       0.0312
 6154.93       1.1561       0.0299
 6155.97       1.0206       0.0295
 6157.01       1.1580       0.0307
 6158.05       1.3032       0.0315
 6159.08       1.2922       0.0309
 6160.12       1.2352       0.0304
 6161.16       1.2253       0.0302
 6162.20       1.2420       0.0300
 6163.23       1.2200       0.0297
 6164.27       1.2270       0.0298
 6165.31       1.2846       0.0298
 6166.35       1.3766       0.0305
 6167.39       1.3971       0.0319
 6168.42       1.3521       0.0332
 6169.46       1.2470       0.0345
 6170.50       1.1359       0.0353
 6171.54       1.1243       0.0355
 6172.57       1.1862       0.0351
 6173.61       1.2249       0.0342
 6174.65       1.2348       0.0333
 6175.69       1.2227       0.0326
 6176.73       1.1998       0.0320
 6177.76       1.2193       0.0317
 6178.80       1.2478       0.0314
 6179.84       1.1348       0.0298
 6180.88       1.0222       0.0284
 6181.91       1.0733       0.0287
 6182.95       1.1407       0.0295
 6183.99       1.1645       0.0302
 6185.03       1.1732       0.0308
 6186.06       1.2253       0.0312
 6187.10       1.2837       0.0314
 6188.14       1.2850       0.0313
 6189.18       1.2743       0.0312
 6190.22       1.2755       0.0310
 6191.25       1.2306       0.0303
 6192.29       1.1665       0.0302
 6193.33       1.1434       0.0309
 6194.37       1.1679       0.0313
 6195.40       1.2436       0.0310
 6196.44       1.3275       0.0310
 6197.48       1.3196       0.0306
 6198.52       1.2117       0.0301
 6199.56       1.1170       0.0301
 6200.59       1.1696       0.0315
 6201.63       1.2845       0.0335
 6202.67       1.2289       0.0345
 6203.71       1.1417       0.0342
 6204.74       1.2241       0.0333
 6205.78       1.1984       0.0313
 6206.82       1.0864       0.0296
 6207.86       1.1188       0.0294
 6208.90       1.0520       0.0290
 6209.93       0.9521       0.0287
 6210.97       1.2319       0.0316
 6212.01       1.3503       0.0326
 6213.05       1.0580       0.0297
 6214.08       1.0005       0.0290
 6215.12       1.0990       0.0297
 6216.16       0.9964       0.0281
 6217.20       1.0574       0.0282
 6218.23       1.2629       0.0306
 6219.27       1.3100       0.0326
 6220.31       1.2439       0.0335
 6221.35       1.2116       0.0339
 6222.39       1.2999       0.0349
 6223.42       1.3514       0.0352
 6224.46       1.2666       0.0338
 6225.50       1.3205       0.0327
 6226.54       1.4210       0.0318
 6227.57       1.3443       0.0304
 6228.61       1.3050       0.0295
 6229.65       1.3274       0.0298
 6230.69       1.2325       0.0304
 6231.73       1.2440       0.0331
 6232.76       1.3451       0.0384
 6233.80       1.2539       0.0435
 6234.84       1.0824       0.0483
 6235.88       1.0575       0.0526
 6236.91       1.1566       0.0540
 6237.95       1.2347       0.0518
 6238.99       1.1824       0.0471
 6240.03       1.1117       0.0424
 6241.07       1.1267       0.0393
 6242.10       1.1969       0.0384
 6243.14       1.2879       0.0383
 6244.18       1.3188       0.0370
 6245.22       1.1738       0.0343
 6246.25       1.0698       0.0320
 6247.29       1.2036       0.0318
 6248.33       1.3269       0.0316
 6249.37       1.3353       0.0307
 6250.40       1.3040       0.0303
 6251.44       1.2417       0.0293
 6252.48       1.2515       0.0288
 6253.52       1.4513       0.0307
 6254.56       1.5031       0.0343
 6255.59       1.2513       0.0384
 6256.63       1.0911       0.0432
 6257.67       1.1170       0.0474
 6258.71       1.1841       0.0494
 6259.74       1.2244       0.0477
 6260.78       1.2328       0.0435
 6261.82       1.2857       0.0396
 6262.86       1.3449       0.0377
 6263.90       1.3532       0.0373
 6264.93       1.2158       0.0365
 6265.97       1.1899       0.0364
 6267.01       1.3727       0.0371
 6268.05       1.3527       0.0357
 6269.08       1.1843       0.0328
 6270.12       1.1992       0.0314
 6271.16       1.2065       0.0306
 6272.20       1.1658       0.0300
 6273.24       1.2172       0.0306
 6274.27       1.2930       0.0313
 6275.31       1.3149       0.0315
 6276.35       1.2885       0.0319
 6277.39       1.2406       0.0320
 6278.42       1.1951       0.0312
 6279.46       1.0611       0.0294
 6280.50       0.9771       0.0277
 6281.54       1.0760       0.0274
 6282.58       1.1782       0.0280
 6283.61       1.1378       0.0295
 6284.65       1.0077       0.0320
 6285.69       0.9057       0.0359
 6286.73       0.9322       0.0403
 6287.76       1.0086       0.0435
 6288.80       1.0617       0.0434
 6289.84       1.0597       0.0398
 6290.88       1.0868       0.0352
 6291.91       1.1324       0.0317
 6292.95       1.1044       0.0300
 6293.99       1.0690       0.0284
 6295.03       1.0331       0.0323
 6296.07       0.9496       0.0433
 6297.10       0.8899       0.0779
 6298.14       0.9264       0.1380
 6299.18       1.0020       0.2013
 6300.22       1.1564       0.2455
 6301.25       1.3682       0.2562
 6302.29       1.3805       0.2248
 6303.33       1.1427       0.1654
 6304.37       0.7512       0.1011
 6305.41       0.7567       0.0631
 6306.44       1.1806       0.0524
 6307.48       1.2075       0.0499
 6308.52       1.0302       0.0461
 6309.56       1.0906       0.0416
 6310.59       1.1420       0.0364
 6311.63       1.1284       0.0311
 6312.67       1.0854       0.0279
 6313.71       1.0553       0.0264
 6314.75       1.0625       0.0256
 6315.78       1.0603       0.0255
 6316.82       1.1349       0.0263
 6317.86       1.2484       0.0280
 6318.90       1.2584       0.0299
 6319.93       1.1518       0.0312
 6320.97       0.9998       0.0313
 6322.01       0.9752       0.0322
 6323.05       1.1190       0.0333
 6324.08       1.2646       0.0326
 6325.12       1.3137       0.0306
 6326.16       1.2653       0.0300
 6327.20       1.2273       0.0325
 6328.24       1.1820       0.0372
 6329.27       1.1185       0.0413
 6330.31       1.1477       0.0433
 6331.35       1.2209       0.0425
 6332.39       1.2290       0.0395
 6333.42       1.1458       0.0344
 6334.46       1.0650       0.0294
 6335.50       1.1221       0.0274
 6336.54       1.1256       0.0266
 6337.58       1.0380       0.0255
 6338.61       1.0890       0.0257
 6339.65       1.2328       0.0267
 6340.69       1.3019       0.0276
 6341.73       1.2386       0.0279
 6342.76       1.1623       0.0277
 6343.80       1.1752       0.0273
 6344.84       1.2243       0.0278
 6345.88       1.1966       0.0286
 6346.92       1.0297       0.0284
 6347.95       0.9271       0.0287
 6348.99       0.9731       0.0297
 6350.03       0.9836       0.0297
 6351.07       1.0023       0.0288
 6352.10       1.0852       0.0286
 6353.14       1.1093       0.0288
 6354.18       1.0907       0.0304
 6355.22       1.1016       0.0335
 6356.25       1.1837       0.0365
 6357.29       1.2493       0.0375
 6358.33       1.1420       0.0358
 6359.37       1.1204       0.0354
 6360.41       1.3101       0.0431
 6361.44       1.5354       0.0601
 6362.48       1.3831       0.0799
 6363.52       0.9012       0.0924
 6364.56       1.0563       0.0974
 6365.59       1.4673       0.0906
 6366.63       1.1234       0.0711
 6367.67       0.9410       0.0507
 6368.71       1.1944       0.0370
 6369.75       1.1210       0.0286
 6370.78       0.9810       0.0255
 6371.82       1.0506       0.0248
 6372.86       1.0427       0.0254
 6373.90       1.0456       0.0255
 6374.93       1.1836       0.0260
 6375.97       1.3127       0.0267
 6377.01       1.3685       0.0277
 6378.05       1.3978       0.0288
 6379.08       1.2743       0.0289
 6380.12       1.0626       0.0280
 6381.16       1.0144       0.0275
 6382.20       1.0228       0.0270
 6383.24       1.0141       0.0267
 6384.27       1.1247       0.0283
 6385.31       1.2978       0.0308
 6386.35       1.4122       0.0320
 6387.39       1.3054       0.0314
 6388.42       1.0954       0.0298
 6389.46       1.0602       0.0283
 6390.50       1.0959       0.0267
 6391.54       1.1031       0.0252
 6392.58       1.2098       0.0258
 6393.61       1.2534       0.0264
 6394.65       1.1202       0.0251
 6395.69       1.0787       0.0248
 6396.73       1.0954       0.0251
 6397.76       0.9852       0.0241
 6398.80       0.9993       0.0236
 6399.84       1.1615       0.0244
 6400.88       1.2676       0.0256
 6401.92       1.2159       0.0256
 6402.95       1.0753       0.0242
 6403.99       1.0344       0.0235
 6405.03       1.1036       0.0238
 6406.07       1.1576       0.0241
 6407.10       1.1289       0.0237
 6408.14       1.0726       0.0231
 6409.18       1.1143       0.0238
 6410.22       1.1755       0.0248
 6411.25       1.2277       0.0255
 6412.29       1.2511       0.0255
 6413.33       1.2413       0.0256
 6414.37       1.2300       0.0261
 6415.41       1.2609       0.0265
 6416.44       1.2746       0.0264
 6417.48       1.2101       0.0258
 6418.52       1.1973       0.0258
 6419.56       1.2137       0.0263
 6420.59       1.1348       0.0264
 6421.63       1.0903       0.0259
 6422.67       1.1054       0.0251
 6423.71       1.0411       0.0244
 6424.75       1.0061       0.0243
 6425.78       1.0645       0.0245
 6426.82       1.1613       0.0249
 6427.86       1.1862       0.0247
 6428.90       1.1209       0.0236
 6429.93       1.0467       0.0228
 6430.97       1.0583       0.0228
 6432.01       1.1049       0.0230
 6433.05       1.1343       0.0232
 6434.08       1.1129       0.0232
 6435.12       1.0532       0.0232
 6436.16       1.0620       0.0233
 6437.20       1.1651       0.0234
 6438.24       1.1988       0.0235
 6439.27       1.1600       0.0233
 6440.31       1.1730       0.0231
 6441.35       1.2194       0.0237
 6442.39       1.2649       0.0246
 6443.42       1.2799       0.0244
 6444.46       1.2298       0.0236
 6445.50       1.1540       0.0233
 6446.54       1.1666       0.0238
 6447.58       1.1874       0.0242
 6448.61       1.1295       0.0238
 6449.65       1.1017       0.0236
 6450.69       1.1039       0.0240
 6451.73       1.0641       0.0240
 6452.76       1.1152       0.0244
 6453.80       1.2130       0.0249
 6454.84       1.0847       0.0243
 6455.88       1.0192       0.0241
 6456.92       1.1724       0.0249
 6457.95       1.0664       0.0240
 6458.99       0.8814       0.0227
 6460.03       0.9887       0.0238
 6461.07       1.0810       0.0254
 6462.10       1.0515       0.0272
 6463.14       1.0343       0.0291
 6464.18       1.0733       0.0321
 6465.22       1.1621       0.0356
 6466.25       1.2224       0.0370
 6467.29       1.2349       0.0366
 6468.33       1.2411       0.0358
 6469.37       1.2361       0.0353
 6470.41       1.2239       0.0350
 6471.44       1.2276       0.0340
 6472.48       1.1254       0.0315
 6473.52       1.0218       0.0285
 6474.56       1.1078       0.0267
 6475.59       1.2308       0.0261
 6476.63       1.2279       0.0258
 6477.67       1.1524       0.0255
 6478.71       1.0750       0.0250
 6479.75       1.0788       0.0245
 6480.78       1.1403       0.0245
 6481.82       1.2246       0.0246
 6482.86       1.3107       0.0244
 6483.90       1.1918       0.0229
 6484.93       0.9900       0.0211
 6485.97       1.0967       0.0218
 6487.01       1.2291       0.0228
 6488.05       1.1450       0.0222
 6489.08       1.0515       0.0216
 6490.12       1.0463       0.0215
 6491.16       1.1331       0.0219
 6492.20       1.1919       0.0221
 6493.24       1.1651       0.0222
 6494.27       1.0833       0.0226
 6495.31       1.1868       0.0264
 6496.35       1.3859       0.0332
 6497.39       1.3046       0.0384
 6498.42       1.1233       0.0415
 6499.46       1.0728       0.0427
 6500.50       0.9825       0.0403
 6501.54       0.9865       0.0361
 6502.58       1.1959       0.0325
 6503.61       1.1983       0.0301
 6504.65       1.0503       0.0289
 6505.69       1.1593       0.0293
 6506.73       1.2503       0.0290
 6507.76       1.1651       0.0267
 6508.80       1.0797       0.0246
 6509.84       1.1039       0.0236
 6510.88       1.2114       0.0236
 6511.92       1.1891       0.0234
 6512.95       1.0734       0.0230
 6513.99       1.0430       0.0231
 6515.03       1.0901       0.0236
 6516.07       1.1256       0.0237
 6517.10       1.0899       0.0228
 6518.14       1.0623       0.0221
 6519.18       1.1080       0.0227
 6520.22       1.1596       0.0240
 6521.26       1.2374       0.0259
 6522.29       1.3151       0.0277
 6523.33       1.3082       0.0287
 6524.37       1.2101       0.0281
 6525.41       1.0846       0.0259
 6526.44       1.1177       0.0243
 6527.48       1.2103       0.0237
 6528.52       1.1047       0.0230
 6529.56       0.9813       0.0241
 6530.59       1.0060       0.0281
 6531.63       1.1122       0.0329
 6532.67       1.1493       0.0365
 6533.71       1.0629       0.0378
 6534.75       1.0177       0.0363
 6535.78       1.0682       0.0325
 6536.82       1.1266       0.0277
 6537.86       1.1312       0.0242
 6538.90       1.1247       0.0231
 6539.93       1.2194       0.0237
 6540.97       1.2897       0.0253
 6542.01       1.2116       0.0266
 6543.05       1.1708       0.0281
 6544.09       1.1757       0.0290
 6545.12       1.1427       0.0290
 6546.16       1.0925       0.0277
 6547.20       1.0841       0.0259
 6548.24       1.1701       0.0245
 6549.27       1.2121       0.0241
 6550.31       1.1592       0.0256
 6551.35       1.1669       0.0299
 6552.39       1.1435       0.0349
 6553.43       1.0428       0.0392
 6554.46       1.0215       0.0421
 6555.50       1.0085       0.0402
 6556.54       0.8116       0.0344
 6557.58       0.8024       0.0282
 6558.61       0.9815       0.0230
 6559.65       1.0141       0.0218
 6560.69       1.0192       0.0266
 6561.73       1.0544       0.0298
 6562.76       0.9728       0.0365
 6563.80       0.8696       0.0258
 6564.84       0.8798       0.0084
 6565.88       0.9547       0.0259
 6566.92       1.0220       0.0519
 6567.95       1.0686       0.0515
 6568.99       1.1200       0.0527
 6570.03       1.1069       0.0468
 6571.07       1.0090       0.0494
 6572.10       1.0425       0.0286
 6573.14       1.0381       0.0221
 6574.18       0.9971       0.0240
 6575.22       0.9674       0.0258
 6576.26       0.9485       0.0288
 6577.29       0.9755       0.0315
 6578.33       1.0466       0.0323
 6579.37       1.1329       0.0311
 6580.41       1.0935       0.0279
 6581.44       1.0003       0.0247
 6582.48       1.0992       0.0230
 6583.52       1.2174       0.0227
 6584.56       1.1807       0.0225
 6585.60       1.1382       0.0219
 6586.63       1.1358       0.0209
 6587.67       1.1551       0.0203
 6588.71       1.1369       0.0199
 6589.75       1.1244       0.0199
 6590.78       1.2032       0.0203
 6591.82       1.2277       0.0205
 6592.86       1.1523       0.0205
 6593.90       1.1315       0.0214
 6594.93       1.1298       0.0224
 6595.97       1.1029       0.0226
 6597.01       1.2434       0.0238
 6598.05       1.3267       0.0244
 6599.09       1.1046       0.0225
 6600.12       0.9196       0.0208
 6601.16       0.9834       0.0215
 6602.20       1.1608       0.0238
 6603.24       1.2030       0.0256
 6604.27       1.0500       0.0258
 6605.31       0.9944       0.0262
 6606.35       1.0148       0.0257
 6607.39       1.0036       0.0232
 6608.43       1.0331       0.0211
 6609.46       1.1649       0.0207
 6610.50       1.3807       0.0214
 6611.54       1.3938       0.0218
 6612.58       1.1905       0.0210
 6613.61       1.0517       0.0198
 6614.65       1.0634       0.0196
 6615.69       1.1492       0.0205
 6616.73       1.1903       0.0208
 6617.77       1.1335       0.0201
 6618.80       1.0522       0.0196
 6619.84       1.0623       0.0197
 6620.88       1.1355       0.0201
 6621.92       1.1174       0.0201
 6622.95       1.1396       0.0202
 6623.99       1.2027       0.0206
 6625.03       1.1414       0.0205
 6626.07       1.0234       0.0203
 6627.10       0.9638       0.0204
 6628.14       0.9921       0.0208
 6629.18       1.0752       0.0212
 6630.22       1.1123       0.0212
 6631.26       1.0940       0.0211
 6632.29       1.0823       0.0214
 6633.33       1.1090       0.0225
 6634.37       1.1292       0.0233
 6635.41       1.1257       0.0231
 6636.44       1.1169       0.0224
 6637.48       1.0795       0.0214
 6638.52       1.0366       0.0202
 6639.56       1.0210       0.0194
 6640.60       1.0499       0.0193
 6641.63       1.0996       0.0195
 6642.67       1.1010       0.0199
 6643.71       1.0588       0.0201
 6644.75       1.0353       0.0200
 6645.78       1.0491       0.0196
 6646.82       1.0826       0.0193
 6647.86       1.1087       0.0196
 6648.90       1.0814       0.0198
 6649.94       0.9975       0.0191
 6650.97       0.9890       0.0187
 6652.01       1.0319       0.0189
 6653.05       0.9750       0.0192
 6654.09       1.0926       0.0202
 6655.12       1.2768       0.0209
 6656.16       1.2061       0.0202
 6657.20       1.1971       0.0200
 6658.24       1.3764       0.0212
 6659.27       1.1104       0.0199
 6660.31       0.8418       0.0185
 6661.35       1.1416       0.0201
 6662.39       1.3665       0.0218
 6663.43       1.2904       0.0218
 6664.46       1.1961       0.0207
 6665.50       1.1411       0.0203
 6666.54       1.1942       0.0214
 6667.58       1.3493       0.0227
 6668.61       1.3815       0.0229
 6669.65       1.2140       0.0216
 6670.69       1.0812       0.0203
 6671.73       1.0910       0.0198
 6672.77       1.1932       0.0201
 6673.80       1.1780       0.0199
 6674.84       1.0848       0.0194
 6675.88       1.1608       0.0200
 6676.92       1.2391       0.0205
 6677.95       1.2008       0.0200
 6678.99       1.0828       0.0190
 6680.03       0.9956       0.0183
 6681.07       1.0215       0.0185
 6682.10       1.0761       0.0190
 6683.14       1.1393       0.0195
 6684.18       1.2243       0.0199
 6685.22       1.2126       0.0198
 6686.26       1.1496       0.0194
 6687.29       1.1637       0.0198
 6688.33       1.2153       0.0203
 6689.37       1.2455       0.0203
 6690.41       1.2430       0.0203
 6691.44       1.2042       0.0199
 6692.48       1.1448       0.0193
 6693.52       1.0953       0.0189
 6694.56       1.0593       0.0188
 6695.60       1.0552       0.0189
 6696.63       1.1180       0.0195
 6697.67       1.2020       0.0203
 6698.71       1.2012       0.0202
 6699.75       1.2025       0.0203
 6700.78       1.2529       0.0210
 6701.82       1.1745       0.0207
 6702.86       1.0579       0.0198
 6703.90       1.0617       0.0195
 6704.94       1.1291       0.0199
 6705.97       1.2170       0.0205
 6707.01       1.3093       0.0207
 6708.05       1.3103       0.0204
 6709.09       1.2398       0.0200
 6710.12       1.1819       0.0195
 6711.16       1.1899       0.0195
 6712.20       1.2229       0.0200
 6713.24       1.1287       0.0194
 6714.27       1.0624       0.0190
 6715.31       1.2519       0.0207
 6716.35       1.2492       0.0214
 6717.39       1.0752       0.0206
 6718.43       1.1103       0.0203
 6719.46       1.2054       0.0202
 6720.50       1.2089       0.0198
 6721.54       1.1660       0.0196
 6722.58       1.1635       0.0196
 6723.61       1.2308       0.0197
 6724.65       1.1492       0.0189
 6725.69       1.0491       0.0181
 6726.73       1.1579       0.0187
 6727.77       1.2479       0.0193
 6728.80       1.1887       0.0194
 6729.84       1.0555       0.0195
 6730.88       1.0457       0.0198
 6731.92       1.1903       0.0202
 6732.95       1.2665       0.0204
 6733.99       1.2208       0.0201
 6735.03       1.1518       0.0193
 6736.07       1.1150       0.0186
 6737.10       1.1315       0.0183
 6738.14       1.2010       0.0188
 6739.18       1.1635       0.0189
 6740.22       1.1012       0.0190
 6741.26       1.1936       0.0198
 6742.29       1.2904       0.0205
 6743.33       1.2244       0.0201
 6744.37       1.0471       0.0188
 6745.41       0.9245       0.0179
 6746.44       0.9760       0.0182
 6747.48       1.0535       0.0187
 6748.52       1.1029       0.0189
 6749.56       1.1858       0.0191
 6750.60       1.2541       0.0194
 6751.63       1.2814       0.0197
 6752.67       1.2592       0.0192
 6753.71       1.2448       0.0186
 6754.75       1.2637       0.0186
 6755.78       1.2751       0.0191
 6756.82       1.2178       0.0192
 6757.86       1.0741       0.0181
 6758.90       1.0951       0.0181
 6759.94       1.2338       0.0192
 6760.97       1.1713       0.0187
 6762.01       1.0269       0.0177
 6763.05       0.9681       0.0175
 6764.09       1.0104       0.0177
 6765.12       1.0353       0.0178
 6766.16       0.9780       0.0176
 6767.20       1.1351       0.0183
 6768.24       1.3059       0.0189
 6769.27       1.1536       0.0180
 6770.31       1.0591       0.0177
 6771.35       1.1201       0.0182
 6772.39       1.0464       0.0180
 6773.43       1.0244       0.0179
 6774.46       1.1312       0.0184
 6775.50       1.1831       0.0183
 6776.54       1.1156       0.0179
 6777.58       1.0174       0.0179
 6778.61       1.0956       0.0184
 6779.65       1.2428       0.0189
 6780.69       1.1624       0.0184
 6781.73       1.1239       0.0183
 6782.77       1.1991       0.0187
 6783.80       1.1367       0.0185
 6784.84       1.0321       0.0181
 6785.88       1.0063       0.0182
 6786.92       1.0546       0.0186
 6787.95       1.0955       0.0188
 6788.99       1.1082       0.0187
 6790.03       1.1598       0.0189
 6791.07       1.2292       0.0192
 6792.11       1.2461       0.0192
 6793.14       1.2535       0.0190
 6794.18       1.2578       0.0188
 6795.22       1.2139       0.0188
 6796.26       1.1521       0.0186
 6797.29       1.1181       0.0183
 6798.33       1.2042       0.0185
 6799.37       1.2988       0.0189
 6800.41       1.2563       0.0187
 6801.44       1.1938       0.0186
 6802.48       1.1738       0.0188
 6803.52       1.1521       0.0188
 6804.56       1.1132       0.0185
 6805.60       1.1006       0.0183
 6806.63       1.2445       0.0188
 6807.67       1.3562       0.0192
 6808.71       1.2706       0.0186
 6809.75       1.1986       0.0183
 6810.78       1.1687       0.0184
 6811.82       1.1026       0.0184
 6812.86       1.0601       0.0182
 6813.90       1.0859       0.0180
 6814.94       1.1820       0.0183
 6815.97       1.1964       0.0183
 6817.01       1.1122       0.0178
 6818.05       1.1344       0.0179
 6819.09       1.2163       0.0185
 6820.12       1.2227       0.0190
 6821.16       1.1562       0.0186
 6822.20       1.0714       0.0178
 6823.24       1.0543       0.0180
 6824.28       1.0668       0.0193
 6825.31       1.1042       0.0232
 6826.35       1.2612       0.0300
 6827.39       1.2806       0.0370
 6828.43       1.0859       0.0421
 6829.46       1.0309       0.0457
 6830.50       1.1486       0.0477
 6831.54       1.2403       0.0479
 6832.58       1.1961       0.0467
 6833.61       1.0532       0.0450
 6834.65       0.9730       0.0429
 6835.69       1.0441       0.0403
 6836.73       1.1847       0.0361
 6837.77       1.2135       0.0302
 6838.80       1.1134       0.0250
 6839.84       1.0158       0.0228
 6840.88       0.9923       0.0230
 6841.92       1.0689       0.0240
 6842.95       1.1778       0.0245
 6843.99       1.1893       0.0233
 6845.03       1.1388       0.0209
 6846.07       1.1772       0.0193
 6847.11       1.1619       0.0187
 6848.14       1.0754       0.0184
 6849.18       1.0532       0.0184
 6850.22       1.0706       0.0184
 6851.26       1.0555       0.0182
 6852.29       1.0695       0.0181
 6853.33       1.1256       0.0182
 6854.37       1.1881       0.0185
 6855.41       1.1343       0.0182
 6856.45       1.0538       0.0176
 6857.48       1.1785       0.0181
 6858.52       1.2793       0.0187
 6859.56       1.1726       0.0207
 6860.60       1.0421       0.0260
 6861.63       1.0242       0.0361
 6862.67       1.1134       0.0483
 6863.71       1.1415       0.0571
 6864.75       1.1326       0.0610
 6865.78       1.2639       0.0626
 6866.82       1.1658       0.0563
 6867.86       0.8368       0.0443
 6868.90       0.6974       0.0359
 6869.94       0.8857       0.0356
 6870.97       1.1650       0.0389
 6872.01       1.2698       0.0398
 6873.05       1.1277       0.0356
 6874.09       0.9304       0.0302
 6875.12       0.9168       0.0261
 6876.16       1.0613       0.0244
 6877.20       1.1000       0.0237
 6878.24       1.0146       0.0234
 6879.28       0.9489       0.0233
 6880.31       1.0285       0.0242
 6881.35       1.0811       0.0248
 6882.39       0.9913       0.0241
 6883.43       1.0453       0.0239
 6884.46       1.2063       0.0240
 6885.50       1.2600       0.0235
 6886.54       1.1457       0.0242
 6887.58       1.0232       0.0268
 6888.62       1.1174       0.0297
 6889.65       1.1873       0.0319
 6890.69       1.1270       0.0324
 6891.73       1.2295       0.0310
 6892.77       1.3437       0.0280
 6893.80       1.2804       0.0247
 6894.84       1.1171       0.0222
 6895.88       1.0250       0.0212
 6896.92       1.1262       0.0218
 6897.95       1.2032       0.0235
 6898.99       1.1438       0.0257
 6900.03       1.0757       0.0280
 6901.07       1.0372       0.0291
 6902.11       1.0590       0.0283
 6903.14       1.1838       0.0272
 6904.18       1.2628       0.0252
 6905.22       1.1819       0.0219
 6906.26       0.9792       0.0188
 6907.29       0.8242       0.0174
 6908.33       0.8774       0.0181
 6909.37       0.9339       0.0205
 6910.41       0.9278       0.0243
 6911.45       1.0933       0.0293
 6912.48       1.1960       0.0324
 6913.52       1.0896       0.0317
 6914.56       0.9679       0.0293
 6915.60       0.9801       0.0261
 6916.63       1.1085       0.0226
 6917.67       1.1373       0.0195
 6918.71       1.0247       0.0185
 6919.75       0.9401       0.0204
 6920.79       0.9667       0.0262
 6921.82       1.1041       0.0339
 6922.86       1.2976       0.0399
 6923.90       1.3179       0.0417
 6924.94       1.1113       0.0392
 6925.97       0.8764       0.0329
 6927.01       0.8565       0.0261
 6928.05       1.0684       0.0213
 6929.09       1.2263       0.0193
 6930.12       1.2334       0.0187
 6931.16       1.1906       0.0182
 6932.20       1.0981       0.0176
 6933.24       1.0203       0.0173
 6934.28       1.0833       0.0177
 6935.31       1.1505       0.0186
 6936.35       1.0869       0.0200
 6937.39       1.0410       0.0226
 6938.43       1.0991       0.0261
 6939.46       1.2005       0.0290
 6940.50       1.1755       0.0298
 6941.54       1.0707       0.0283
 6942.58       1.0773       0.0254
 6943.62       1.1037       0.0219
 6944.65       1.0778       0.0201
 6945.69       1.1609       0.0221
 6946.73       1.2910       0.0286
 6947.77       1.3238       0.0364
 6948.80       1.2640       0.0423
 6949.84       1.1338       0.0436
 6950.88       0.9530       0.0401
 6951.92       0.9085       0.0334
 6952.96       1.0632       0.0268
 6953.99       1.1654       0.0217
 6955.03       1.1454       0.0189
 6956.07       1.0734       0.0176
 6957.11       1.0172       0.0177
 6958.14       0.9853       0.0177
 6959.18       0.9334       0.0172
 6960.22       0.9464       0.0173
 6961.26       1.0291       0.0178
 6962.29       1.0962       0.0178
 6963.33       1.1638       0.0178
 6964.37       1.2096       0.0183
 6965.41       1.1660       0.0183
 6966.45       1.0810       0.0187
 6967.48       1.0300       0.0204
 6968.52       1.0133       0.0226
 6969.56       0.9848       0.0240
 6970.60       0.9076       0.0237
 6971.63       1.0312       0.0234
 6972.67       1.2192       0.0229
 6973.71       1.1022       0.0203
 6974.75       0.9704       0.0195
 6975.79       1.0275       0.0227
 6976.82       1.0291       0.0269
 6977.86       0.9901       0.0304
 6978.90       0.9946       0.0322
 6979.94       1.0308       0.0319
 6980.97       1.0678       0.0292
 6982.01       1.0735       0.0242
 6983.05       1.0892       0.0204
 6984.09       1.0930       0.0187
 6985.12       1.0666       0.0178
 6986.16       0.9770       0.0172
 6987.20       0.8729       0.0166
 6988.24       0.8922       0.0166
 6989.28       0.9983       0.0169
 6990.31       1.0651       0.0171
 6991.35       1.1026       0.0172
 6992.39       1.1085       0.0172
 6993.43       1.0828       0.0170
 6994.46       0.9925       0.0167
 6995.50       0.8968       0.0165
 6996.54       0.8934       0.0165
 6997.58       0.9996       0.0170
 6998.62       1.1199       0.0177
 6999.65       1.1557       0.0180
 7000.69       1.0828       0.0182
 7001.73       0.9936       0.0185
 7002.77       0.9244       0.0187
 7003.80       0.9481       0.0190
 7004.84       1.0485       0.0199
 7005.88       1.0865       0.0197
 7006.92       1.0390       0.0187
 7007.96       1.0762       0.0184
 7008.99       1.1171       0.0196
 7010.03       1.0548       0.0213
 7011.07       0.9701       0.0226
 7012.11       0.9567       0.0231
 7013.14       1.0379       0.0230
 7014.18       1.0594       0.0214
 7015.22       0.9756       0.0187
 7016.26       0.9436       0.0164
 7017.29       0.9240       0.0152
 7018.33       0.9182       0.0151
 7019.37       1.0292       0.0161
 7020.41       1.0611       0.0163
 7021.45       0.9360       0.0152
 7022.48       0.9878       0.0153
 7023.52       1.1371       0.0163
 7024.56       1.0796       0.0161
 7025.60       0.9469       0.0153
 7026.63       0.8809       0.0149
 7027.67       0.8913       0.0152
 7028.71       0.9023       0.0155
 7029.75       0.8724       0.0151
 7030.79       0.8920       0.0154
 7031.82       0.9639       0.0161
 7032.86       1.0273       0.0164
 7033.90       0.9589       0.0158
 7034.94       0.8219       0.0147
 7035.97       0.7757       0.0144
 7037.01       0.9314       0.0152
 7038.05       1.1360       0.0165
 7039.09       1.1250       0.0171
 7040.12       1.0366       0.0174
 7041.16       1.0464       0.0180
 7042.20       1.0467       0.0184
 7043.24       1.0101       0.0183
 7044.28       0.9850       0.0182
 7045.31       0.9978       0.0189
 7046.35       0.9747       0.0201
 7047.39       0.8471       0.0207
 7048.43       0.7896       0.0216
 7049.46       0.8614       0.0228
 7050.50       0.8435       0.0222
 7051.54       0.8255       0.0205
 7052.58       0.9116       0.0192
 7053.62       0.9522       0.0183
 7054.65       0.9162       0.0177
 7055.69       0.8825       0.0170
 7056.73       0.8891       0.0166
 7057.77       0.9362       0.0164
 7058.80       0.9371       0.0161
 7059.84       1.0069       0.0165
 7060.88       1.1429       0.0175
 7061.92       1.1581       0.0182
 7062.96       1.0275       0.0179
 7063.99       0.8820       0.0173
 7065.03       0.9039       0.0177
 7066.07       1.0425       0.0187
 7067.11       1.0974       0.0191
 7068.14       1.1147       0.0191
 7069.18       1.0739       0.0187
 7070.22       0.8904       0.0174
 7071.26       0.8143       0.0169
 7072.29       0.9757       0.0180
 7073.33       0.9376       0.0174
 7074.37       0.8079       0.0164
 7075.41       0.8653       0.0170
 7076.45       0.9318       0.0176
 7077.48       0.9182       0.0173
 7078.52       0.8767       0.0165
 7079.56       0.8888       0.0167
 7080.60       0.9598       0.0180
 7081.63       1.0216       0.0186
 7082.67       0.9871       0.0183
 7083.71       0.8755       0.0175
 7084.75       0.8447       0.0172
 7085.79       0.8755       0.0174
 7086.82       0.8589       0.0176
 7087.86       0.8730       0.0180
 7088.90       0.9142       0.0184
 7089.94       0.8958       0.0183
 7090.97       0.9616       0.0185
 7092.01       1.1026       0.0186
 7093.05       1.1081       0.0179
 7094.09       1.0124       0.0167
 7095.13       0.9585       0.0159
 7096.16       0.9308       0.0158
 7097.20       0.9319       0.0159
 7098.24       0.9572       0.0159
 7099.28       0.9978       0.0160
 7100.31       1.0222       0.0161
 7101.35       1.0324       0.0163
 7102.39       0.9885       0.0161
 7103.43       0.9168       0.0156
 7104.46       0.8962       0.0152
 7105.50       0.9360       0.0154
 7106.54       0.9855       0.0158
 7107.58       0.9423       0.0158
 7108.62       0.8570       0.0155
 7109.65       0.8705       0.0154
 7110.69       0.9709       0.0157
 7111.73       1.0634       0.0162
 7112.77       1.0858       0.0163
 7113.80       0.9981       0.0159
 7114.84       0.8711       0.0151
 7115.88       0.8465       0.0148
 7116.92       0.8990       0.0150
 7117.96       0.8908       0.0150
 7118.99       0.9536       0.0154
 7120.03       1.0290       0.0158
 7121.07       0.9539       0.0152
 7122.11       0.9179       0.0149
 7123.14       0.9768       0.0155
 7124.18       0.9595       0.0156
 7125.22       0.8969       0.0157
 7126.26       0.8729       0.0161
 7127.30       0.9128       0.0166
 7128.33       0.9599       0.0168
 7129.37       0.9715       0.0170
 7130.41       0.9915       0.0173
 7131.45       1.0182       0.0175
 7132.48       0.9811       0.0172
 7133.52       0.9549       0.0167
 7134.56       0.9730       0.0165
 7135.60       0.9411       0.0163
 7136.63       0.9384       0.0162
 7137.67       1.0149       0.0162
 7138.71       1.0962       0.0163
 7139.75       1.0817       0.0164
 7140.79       0.9608       0.0164
 7141.82       0.8827       0.0169
 7142.86       0.9201       0.0179
 7143.90       1.0036       0.0189
 7144.94       1.0040       0.0194
 7145.97       0.8998       0.0192
 7147.01       0.8608       0.0187
 7148.05       0.8944       0.0182
 7149.09       0.9180       0.0176
 7150.13       0.9461       0.0173
 7151.16       0.9575       0.0168
 7152.20       0.9489       0.0162
 7153.24       0.8963       0.0156
 7154.28       0.8725       0.0155
 7155.31       0.9645       0.0159
 7156.35       1.1088       0.0166
 7157.39       1.1668       0.0171
 7158.43       1.1570       0.0172
 7159.47       1.0756       0.0172
 7160.50       0.9963       0.0171
 7161.54       1.0277       0.0173
 7162.58       1.0696       0.0174
 7163.62       0.9647       0.0168
 7164.65       0.8862       0.0168
 7165.69       0.9352       0.0176
 7166.73       1.0008       0.0182
 7167.77       0.9860       0.0182
 7168.80       0.9022       0.0180
 7169.84       0.9168       0.0181
 7170.88       1.0058       0.0185
 7171.92       1.0361       0.0190
 7172.96       1.0366       0.0193
 7173.99       0.9949       0.0191
 7175.03       0.9130       0.0190
 7176.07       0.9085       0.0190
 7177.11       1.0008       0.0192
 7178.14       1.0977       0.0197
 7179.18       1.0821       0.0196
 7180.22       0.9525       0.0186
 7181.26       0.9094       0.0178
 7182.30       0.9026       0.0175
 7183.33       0.7632       0.0169
 7184.37       0.7796       0.0175
 7185.41       0.9483       0.0188
 7186.45       0.9472       0.0185
 7187.48       0.8955       0.0174
 7188.52       0.9367       0.0171
 7189.56       0.9774       0.0172
 7190.60       0.9902       0.0174
 7191.64       0.9908       0.0173
 7192.67       0.9795       0.0170
 7193.71       1.0035       0.0167
 7194.75       1.0692       0.0167
 7195.79       1.0960       0.0167
 7196.82       1.0538       0.0166
 7197.86       1.0298       0.0167
 7198.90       1.0210       0.0172
 7199.94       1.0048       0.0177
 7200.97       0.9692       0.0179
 7202.01       0.9715       0.0179
 7203.05       1.0414       0.0180
 7204.09       1.0713       0.0178
 7205.13       1.0060       0.0171
 7206.16       0.8639       0.0163
 7207.20       0.8604       0.0162
 7208.24       1.0230       0.0165
 7209.28       1.0712       0.0161
 7210.31       1.0643       0.0155
 7211.35       1.1134       0.0155
 7212.39       1.0527       0.0151
 7213.43       0.9816       0.0147
 7214.47       1.0313       0.0150
 7215.50       1.0820       0.0153
 7216.54       1.0839       0.0153
 7217.58       1.1023       0.0156
 7218.62       1.0626       0.0154
 7219.65       0.9582       0.0146
 7220.69       0.9199       0.0146
 7221.73       0.9534       0.0155
 7222.77       0.9749       0.0164
 7223.81       0.9600       0.0164
 7224.84       0.9241       0.0158
 7225.88       0.9288       0.0159
 7226.92       0.9725       0.0165
 7227.96       1.0378       0.0172
 7228.99       1.0779       0.0175
 7230.03       1.0076       0.0172
 7231.07       0.8863       0.0170
 7232.11       0.9068       0.0179
 7233.14       1.0495       0.0193
 7234.18       1.1637       0.0211
 7235.22       1.0915       0.0227
 7236.26       0.9919       0.0279
 7237.30       1.1698       0.0385
 7238.33       1.2366       0.0525
 7239.37       1.0948       0.0672
 7240.41       1.1299       0.0793
 7241.45       1.1336       0.0857
 7242.48       1.0164       0.0876
 7243.52       1.1251       0.0860
 7244.56       1.2176       0.0851
 7245.60       1.0145       0.0845
 7246.64       0.8972       0.0776
 7247.67       0.9832       0.0626
 7248.71       1.0459       0.0467
 7249.75       1.1549       0.0351
 7250.79       1.2559       0.0292
 7251.82       1.2099       0.0285
 7252.86       1.0408       0.0305
 7253.90       0.8866       0.0318
 7254.94       0.8823       0.0317
 7255.98       1.0093       0.0292
 7257.01       1.1121       0.0254
 7258.05       1.1361       0.0220
 7259.09       1.0975       0.0195
 7260.13       1.0687       0.0179
 7261.16       1.0524       0.0173
 7262.20       1.0455       0.0176
 7263.24       1.0383       0.0181
 7264.28       1.0934       0.0188
 7265.31       1.2218       0.0201
 7266.35       1.2968       0.0212
 7267.39       1.2299       0.0213
 7268.43       1.0716       0.0206
 7269.47       1.0027       0.0201
 7270.50       0.9940       0.0205
 7271.54       0.9392       0.0206
 7272.58       1.0089       0.0264
 7273.62       1.2581       0.0434
 7274.65       1.1449       0.0667
 7275.69       0.9077       0.0902
 7276.73       0.9913       0.1056
 7277.77       1.0310       0.1029
 7278.81       0.9537       0.0832
 7279.84       0.9018       0.0581
 7280.88       1.0285       0.0396
 7281.92       1.1961       0.0332
 7282.96       1.0762       0.0366
 7283.99       0.9302       0.0441
 7285.03       1.0653       0.0484
 7286.07       1.2752       0.0483
 7287.11       1.3112       0.0424
 7288.15       1.1174       0.0336
 7289.18       0.8784       0.0252
 7290.22       0.8471       0.0206
 7291.26       1.0379       0.0203
 7292.30       1.2139       0.0220
 7293.33       1.2017       0.0231
 7294.37       1.1204       0.0248
 7295.41       1.0709       0.0263
 7296.45       1.0711       0.0266
 7297.48       0.9454       0.0249
 7298.52       0.8475       0.0221
 7299.56       0.9725       0.0204
 7300.60       1.0354       0.0212
 7301.64       0.9460       0.0249
 7302.67       0.8818       0.0302
 7303.71       0.9287       0.0350
 7304.75       1.0286       0.0366
 7305.79       0.9970       0.0336
 7306.82       0.9290       0.0278
 7307.86       0.9727       0.0228
 7308.90       1.0086       0.0198
 7309.94       1.0340       0.0190
 7310.98       1.1109       0.0201
 7312.01       1.0681       0.0213
 7313.05       0.9191       0.0273
 7314.09       0.8203       0.0416
 7315.13       0.9146       0.0608
 7316.16       1.0945       0.0755
 7317.20       1.0412       0.0791
 7318.24       0.9754       0.0713
 7319.28       1.1639       0.0579
 7320.31       1.2284       0.0402
 7321.35       1.1057       0.0244
 7322.39       1.0270       0.0169
 7323.43       1.1441       0.0159
 7324.47       1.3032       0.0166
 7325.50       1.1426       0.0183
 7326.54       0.9648       0.0234
 7327.58       1.0266       0.0325
 7328.62       1.0127       0.0395
 7329.65       0.8972       0.0421
 7330.69       0.8641       0.0414
 7331.73       0.9713       0.0372
 7332.77       1.1043       0.0305
 7333.81       1.0727       0.0231
 7334.84       1.0562       0.0176
 7335.88       1.1502       0.0170
 7336.92       1.1361       0.0198
 7337.96       1.0358       0.0310
 7338.99       0.9118       0.0507
 7340.03       0.9361       0.0720
 7341.07       1.0432       0.0863
 7342.11       1.0359       0.0881
 7343.15       1.0967       0.0776
 7344.18       1.2259       0.0594
 7345.22       1.2371       0.0385
 7346.26       1.1000       0.0236
 7347.30       0.9931       0.0177
 7348.33       0.9889       0.0171
 7349.37       1.0302       0.0217
 7350.41       0.9712       0.0273
 7351.45       0.9950       0.0310
 7352.48       1.1220       0.0327
 7353.52       1.1170       0.0318
 7354.56       1.1214       0.0297
 7355.60       1.1453       0.0277
 7356.64       1.1004       0.0283
 7357.67       1.0596       0.0338
 7358.71       1.0524       0.0384
 7359.75       0.9679       0.0393
 7360.79       0.9522       0.0356
 7361.82       1.0913       0.0302
 7362.86       1.1412       0.0241
 7363.90       1.0854       0.0195
 7364.94       1.0377       0.0183
 7365.98       1.1092       0.0238
 7367.01       1.1996       0.0363
 7368.05       1.0898       0.0519
 7369.09       0.8918       0.0634
 7370.13       0.8127       0.0662
 7371.16       0.9605       0.0623
 7372.20       1.0717       0.0514
 7373.24       0.8991       0.0355
 7374.28       0.8399       0.0233
 7375.32       0.9935       0.0180
 7376.35       1.0550       0.0166
 7377.39       1.0830       0.0169
 7378.43       1.1133       0.0162
 7379.47       1.1066       0.0158
 7380.50       1.0609       0.0153
 7381.54       1.0122       0.0149
 7382.58       1.0148       0.0150
 7383.62       1.0192       0.0151
 7384.65       0.9539       0.0149
 7385.69       0.9564       0.0149
 7386.73       1.0490       0.0154
 7387.77       1.1309       0.0161
 7388.81       1.0717       0.0177
 7389.84       0.9116       0.0210
 7390.88       0.9511       0.0261
 7391.92       1.1310       0.0308
 7392.96       1.2165       0.0323
 7393.99       1.2195       0.0307
 7395.03       1.1665       0.0267
 7396.07       1.1024       0.0217
 7397.11       1.1062       0.0181
 7398.15       1.1106       0.0189
 7399.18       1.0285       0.0246
 7400.22       0.8298       0.0333
 7401.26       0.6519       0.0413
 7402.30       0.8001       0.0474
 7403.33       1.0851       0.0482
 7404.37       1.1629       0.0425
 7405.41       1.1957       0.0324
 7406.45       1.2065       0.0226
 7407.49       1.1165       0.0167
 7408.52       1.0191       0.0148
 7409.56       0.9717       0.0141
 7410.60       0.9265       0.0142
 7411.64       0.9549       0.0148
 7412.67       1.0513       0.0158
 7413.71       1.0489       0.0161
 7414.75       0.9883       0.0157
 7415.79       1.0017       0.0156
 7416.82       1.0570       0.0156
 7417.86       1.0908       0.0157
 7418.90       1.0698       0.0154
 7419.94       0.9787       0.0147
 7420.98       0.8935       0.0141
 7422.01       1.0146       0.0150
 7423.05       1.0748       0.0154
 7424.09       0.8853       0.0141
 7425.13       0.9478       0.0142
 7426.16       1.1262       0.0157
 7427.20       1.0503       0.0171
 7428.24       0.9599       0.0195
 7429.28       0.9786       0.0225
 7430.32       0.9973       0.0236
 7431.35       1.0718       0.0234
 7432.39       1.1753       0.0224
 7433.43       1.1538       0.0194
 7434.47       1.1553       0.0176
 7435.50       1.3264       0.0197
 7436.54       1.2707       0.0240
 7437.58       1.0698       0.0288
 7438.62       1.0977       0.0328
 7439.66       1.1518       0.0336
 7440.69       1.1180       0.0305
 7441.73       1.1034       0.0248
 7442.77       1.1351       0.0196
 7443.81       1.1802       0.0166
 7444.84       1.1527       0.0151
 7445.88       1.0460       0.0144
 7446.92       0.9707       0.0140
 7447.96       0.9733       0.0140
 7448.99       1.0423       0.0142
 7450.03       1.1091       0.0147
 7451.07       1.0928       0.0148
 7452.11       1.0179       0.0145
 7453.15       0.9789       0.0142
 7454.18       1.0347       0.0142
 7455.22       1.1183       0.0146
 7456.26       1.1353       0.0147
 7457.30       1.1110       0.0149
 7458.33       1.1041       0.0154
 7459.37       1.0468       0.0159
 7460.41       1.0055       0.0167
 7461.45       1.0945       0.0180
 7462.49       1.1324       0.0189
 7463.52       1.0277       0.0194
 7464.56       0.9001       0.0199
 7465.60       0.9058       0.0210
 7466.64       1.0343       0.0223
 7467.67       1.0656       0.0224
 7468.71       0.9608       0.0221
 7469.75       0.8442       0.0226
 7470.79       0.8489       0.0248
 7471.83       0.9379       0.0278
 7472.86       0.9172       0.0296
 7473.90       0.8989       0.0299
 7474.94       0.9939       0.0291
 7475.98       1.1701       0.0277
 7477.01       1.2832       0.0265
 7478.05       1.2330       0.0264
 7479.09       1.1891       0.0278
 7480.13       1.1209       0.0302
 7481.16       0.9567       0.0324
 7482.20       0.8644       0.0335
 7483.24       0.9166       0.0331
 7484.28       1.0322       0.0316
 7485.32       1.1377       0.0289
 7486.35       1.1780       0.0250
 7487.39       1.1397       0.0208
 7488.43       1.0533       0.0175
 7489.47       0.9825       0.0156
 7490.50       1.0012       0.0158
 7491.54       1.0955       0.0171
 7492.58       1.1825       0.0186
 7493.62       1.1908       0.0195
 7494.66       1.1385       0.0195
 7495.69       1.1399       0.0188
 7496.73       1.1512       0.0176
 7497.77       1.1118       0.0162
 7498.81       1.0690       0.0150
 7499.84       1.0269       0.0145
 7500.88       0.9865       0.0146
 7501.92       0.9634       0.0149
 7502.96       0.9818       0.0149
 7504.00       1.0648       0.0151
 7505.03       1.0825       0.0150
 7506.07       1.0082       0.0144
 7507.11       0.9944       0.0143
 7508.15       1.0281       0.0144
 7509.18       1.0434       0.0144
 7510.22       1.0963       0.0148
 7511.26       1.1253       0.0151
 7512.30       1.0555       0.0146
 7513.33       1.0302       0.0144
 7514.37       1.0819       0.0153
 7515.41       1.0612       0.0164
 7516.45       1.1123       0.0178
 7517.49       1.2275       0.0191
 7518.52       1.1262       0.0190
 7519.56       0.9805       0.0193
 7520.60       1.0325       0.0227
 7521.64       1.0255       0.0322
 7522.67       1.0338       0.0460
 7523.71       1.2346       0.0569
 7524.75       1.4110       0.0613
 7525.79       1.3820       0.0576
 7526.83       1.1696       0.0474
 7527.86       0.9601       0.0359
 7528.90       0.9298       0.0283
 7529.94       1.0658       0.0268
 7530.98       1.2242       0.0284
 7532.01       1.2667       0.0281
 7533.05       1.1917       0.0257
 7534.09       1.0643       0.0216
 7535.13       0.9466       0.0177
 7536.17       1.0293       0.0161
 7537.20       1.3274       0.0172
 7538.24       1.6053       0.0194
 7539.28       1.7721       0.0212
 7540.32       1.8686       0.0220
 7541.35       1.9792       0.0224
 7542.39       1.9642       0.0220
 7543.43       1.6905       0.0202
 7544.47       1.3842       0.0178
 7545.50       1.1951       0.0160
 7546.54       1.1042       0.0153
 7547.58       1.0549       0.0149
 7548.62       0.9959       0.0144
 7549.66       1.0039       0.0143
 7550.69       1.0919       0.0148
 7551.73       1.1926       0.0158
 7552.77       1.0942       0.0156
 7553.81       0.9582       0.0155
 7554.84       1.0646       0.0177
 7555.88       1.0981       0.0202
 7556.92       0.9676       0.0219
 7557.96       0.9004       0.0227
 7559.00       0.9633       0.0225
 7560.03       1.1232       0.0217
 7561.07       1.2989       0.0203
 7562.11       1.4200       0.0190
 7563.15       1.4707       0.0179
 7564.18       1.5928       0.0182
 7565.22       1.6713       0.0188
 7566.26       1.5057       0.0189
 7567.30       1.3057       0.0190
 7568.33       1.2061       0.0219
 7569.37       1.1098       0.0281
 7570.41       0.9599       0.0365
 7571.45       0.8005       0.0437
 7572.49       0.6790       0.0462
 7573.52       0.8509       0.0446
 7574.56       1.2916       0.0408
 7575.60       1.3097       0.0322
 7576.64       0.9534       0.0218
 7577.67       0.9163       0.0165
 7578.71       1.0096       0.0155
 7579.75       1.0152       0.0152
 7580.79       0.9973       0.0146
 7581.83       0.9522       0.0142
 7582.86       0.9143       0.0155
 7583.90       0.9355       0.0183
 7584.94       0.9740       0.0219
 7585.98       0.9642       0.0249
 7587.01       0.9358       0.0257
 7588.05       0.9275       0.0241
 7589.09       0.9239       0.0214
 7590.13       1.0133       0.0188
 7591.17       1.1480       0.0173
 7592.20       1.1416       0.0170
 7593.24       0.9948       0.0174
 7594.28       0.8828       0.0213
 7595.32       1.0109       0.0301
 7596.35       1.2452       0.0524
 7597.39       1.2612       0.0876
 7598.43       1.3248       0.1226
 7599.47       1.4380       0.1507
 7600.50       1.3251       0.1727
 7601.54       0.9940       0.1719
 7602.58       0.7236       0.1517
 7603.62       0.8691       0.1335
 7604.66       1.1362       0.1295
 7605.69       1.1983       0.1347
 7606.73       1.0984       0.1357
 7607.77       0.9658       0.1259
 7608.81       0.8716       0.1130
 7609.84       0.8255       0.0977
 7610.88       0.8197       0.0810
 7611.92       0.9788       0.0686
 7612.96       1.0523       0.0584
 7614.00       0.9202       0.0479
 7615.03       0.9634       0.0432
 7616.07       1.1004       0.0413
 7617.11       1.0692       0.0385
 7618.15       0.9019       0.0364
 7619.18       0.7973       0.0351
 7620.22       0.9451       0.0348
 7621.26       1.0920       0.0351
 7622.30       1.0419       0.0362
 7623.33       0.9433       0.0372
 7624.37       0.8861       0.0404
 7625.41       0.9280       0.0483
 7626.45       1.0719       0.0607
 7627.49       1.1712       0.0749
 7628.52       1.0656       0.0837
 7629.56       0.8322       0.0850
 7630.60       0.7755       0.0793
 7631.64       0.9378       0.0670
 7632.67       1.2118       0.0553
 7633.71       1.3446       0.0476
 7634.75       1.1728       0.0410
 7635.79       0.9425       0.0361
 7636.83       0.9010       0.0334
 7637.86       0.9034       0.0324
 7638.90       0.8686       0.0314
 7639.94       0.8164       0.0302
 7640.98       0.8750       0.0299
 7642.01       0.9944       0.0299
 7643.05       0.9900       0.0293
 7644.09       1.0062       0.0284
 7645.13       1.1243       0.0279
 7646.17       1.0672       0.0266
 7647.20       0.9701       0.0253
 7648.24       1.0189       0.0250
 7649.28       1.0334       0.0244
 7650.32       0.9615       0.0240
 7651.35       0.8917       0.0252
 7652.39       0.9120       0.0269
 7653.43       0.9915       0.0276
 7654.47       0.9812       0.0271
 7655.50       0.9794       0.0255
 7656.54       1.0524       0.0233
 7657.58       1.0040       0.0205
 7658.62       0.9076       0.0193
 7659.66       0.9062       0.0210
 7660.69       0.9031       0.0249
 7661.73       0.8712       0.0286
 7662.77       0.8778       0.0307
 7663.81       0.9568       0.0307
 7664.84       1.0702       0.0287
 7665.88       1.0995       0.0243
 7666.92       1.0485       0.0198
 7667.96       0.9914       0.0168
 7669.00       0.9938       0.0155
 7670.03       0.9975       0.0151
 7671.07       0.9205       0.0152
 7672.11       0.9884       0.0159
 7673.15       1.1138       0.0163
 7674.18       1.0060       0.0153
 7675.22       0.8429       0.0141
 7676.26       0.8217       0.0141
 7677.30       0.8757       0.0142
 7678.33       0.9619       0.0145
 7679.37       1.0434       0.0160
 7680.41       1.0552       0.0178
 7681.45       0.9976       0.0180
 7682.49       1.0793       0.0151
 7683.52       1.0431       0.0194
 7684.56       0.9940       0.0197
 7685.60       0.8590       0.0194
 7686.64       0.7882       0.0194
 7687.67       0.8637       0.0202
 7688.71       0.9738       0.0209
 7689.75       1.0355       0.0193
 7690.79       0.9767       0.0190
 7691.83       0.8794       0.0187
 7692.86       0.8471       0.0172
 7693.90       0.9104       0.0169
 7694.94       0.9941       0.0170
 7695.98       1.0398       0.0171
 7697.01       1.1048       0.0177
 7698.05       1.0686       0.0185
 7699.09       0.9175       0.0190
 7700.13       0.7614       0.0189
 7701.17       0.7974       0.0188
 7702.20       1.0120       0.0187
 7703.24       1.0606       0.0174
 7704.28       0.9478       0.0154
 7705.32       1.0034       0.0147
 7706.35       1.0677       0.0143
 7707.39       1.0361       0.0148
 7708.43       1.0596       0.0165
 7709.47       0.9831       0.0244
 7710.50       0.7930       0.0407
 7711.54       0.9914       0.0594
 7712.58       1.2573       0.0762
 7713.62       1.0536       0.0883
 7714.66       0.8865       0.0966
 7715.69       0.9774       0.1019
 7716.73       1.0281       0.1009
 7717.77       1.1445       0.0944
 7718.81       1.2820       0.0821
 7719.84       1.1620       0.0633
 7720.88       0.9541       0.0435
 7721.92       0.9158       0.0300
 7722.96       1.0333       0.0269
 7724.00       1.0894       0.0300
 7725.03       0.8985       0.0330
 7726.07       0.7370       0.0339
 7727.11       0.7748       0.0320
 7728.15       0.8901       0.0292
 7729.18       0.9660       0.0248
 7730.22       0.9488       0.0196
 7731.26       0.9292       0.0166
 7732.30       0.9595       0.0162
 7733.34       1.0257       0.0170
 7734.37       1.0773       0.0185
 7735.41       1.0929       0.0194
 7736.45       1.0906       0.0193
 7737.49       1.1229       0.0188
 7738.52       1.1601       0.0182
 7739.56       1.0982       0.0173
 7740.60       1.0088       0.0165
 7741.64       0.9608       0.0158
 7742.68       0.8390       0.0151
 7743.71       0.7508       0.0144
 7744.75       0.8410       0.0153
 7745.79       0.9143       0.0154
 7746.83       0.9297       0.0220
 7747.86       0.9612       0.0398
 7748.90       1.0166       0.0677
 7749.94       1.0539       0.0963
 7750.98       0.9516       0.1137
 7752.01       0.9388       0.1119
 7753.05       1.1180       0.0938
 7754.09       1.0312       0.0632
 7755.13       0.8142       0.0353
 7756.17       0.8643       0.0218
 7757.20       0.9346       0.0237
 7758.24       0.9086       0.0322
 7759.28       0.9370       0.0418
 7760.32       0.9379       0.0473
 7761.35       0.9040       0.0469
 7762.39       0.9760       0.0409
 7763.43       1.0715       0.0314
 7764.47       1.0668       0.0216
 7765.51       0.9804       0.0156
 7766.54       0.8789       0.0135
 7767.58       0.8072       0.0129
 7768.62       0.8306       0.0135
 7769.66       0.9086       0.0150
 7770.69       0.9555       0.0176
 7771.73       0.9022       0.0210
 7772.77       0.8108       0.0243
 7773.81       0.8535       0.0265
 7774.85       0.9564       0.0263
 7775.88       0.9608       0.0242
 7776.92       0.9110       0.0216
 7777.96       0.8610       0.0219
 7779.00       0.8551       0.0258
 7780.03       0.9522       0.0316
 7781.07       1.0652       0.0351
 7782.11       0.9965       0.0344
 7783.15       0.8769       0.0295
 7784.18       0.8849       0.0235
 7785.22       0.9642       0.0190
 7786.26       1.0137       0.0168
 7787.30       0.9684       0.0162
 7788.34       0.8939       0.0160
 7789.37       0.8234       0.0175
 7790.41       0.7336       0.0214
 7791.45       0.7865       0.0344
 7792.49       0.9145       0.0559
 7793.52       0.9658       0.0751
 7794.56       0.8144       0.0847
 7795.60       0.5481       0.0821
 7796.64       0.4593       0.0675
 7797.68       0.6325       0.0469
 7798.71       0.8799       0.0278
 7799.75       1.0222       0.0175
 7800.79       0.9632       0.0140
 7801.83       0.7950       0.0128
 7802.86       0.7269       0.0123
 7803.90       0.8296       0.0133
 7804.94       0.9188       0.0160
 7805.98       0.9011       0.0220
 7807.02       0.8171       0.0308
 7808.05       0.8301       0.0390
 7809.09       0.9050       0.0432
 7810.13       0.8817       0.0426
 7811.17       0.8512       0.0364
 7812.20       0.8525       0.0277
 7813.24       0.8533       0.0206
 7814.28       0.8419       0.0170
 7815.32       0.8410       0.0163
 7816.35       0.9630       0.0164
 7817.39       1.0095       0.0193
 7818.43       0.8290       0.0291
 7819.47       0.6481       0.0500
 7820.51       0.6432       0.0770
 7821.54       0.7659       0.0964
 7822.58       0.8501       0.1008
 7823.62       0.8199       0.0890
 7824.66       0.8098       0.0650
 7825.69       0.7777       0.0399
 7826.73       0.7197       0.0223
 7827.77       0.8070       0.0160
 7828.81       0.9368       0.0157
 7829.85       0.9273       0.0152
 7830.88       0.9722       0.0152
 7831.92       1.0646       0.0152
 7832.96       1.0224       0.0149
 7834.00       0.9078       0.0144
 7835.03       0.8262       0.0141
 7836.07       0.8180       0.0138
 7837.11       0.8251       0.0142
 7838.15       0.7940       0.0168
 7839.19       0.8729       0.0238
 7840.22       0.9441       0.0327
 7841.26       0.8684       0.0382
 7842.30       0.8841       0.0402
 7843.34       1.0212       0.0379
 7844.37       1.0664       0.0307
 7845.41       0.9929       0.0220
 7846.45       0.8865       0.0168
 7847.49       0.8217       0.0166
 7848.52       0.8712       0.0206
 7849.56       0.9900       0.0282
 7850.60       0.9228       0.0438
 7851.64       0.8072       0.0686
 7852.68       0.9427       0.0948
 7853.71       1.0584       0.1096
 7854.75       0.9751       0.1064
 7855.79       0.7866       0.0892
 7856.83       0.7575       0.0665
 7857.86       0.9537       0.0494
 7858.90       0.9731       0.0451
 7859.94       0.9071       0.0495
 7860.98       0.9658       0.0520
 7862.02       0.8547       0.0498
 7863.05       0.6874       0.0414
 7864.09       0.8016       0.0317
 7865.13       0.8074       0.0241
 7866.17       0.6145       0.0226
 7867.20       0.7197       0.0278
 7868.24       0.7981       0.0382
 7869.28       0.6204       0.0492
 7870.32       0.6434       0.0575
 7871.35       0.9173       0.0599
 7872.39       1.1868       0.0561
 7873.43       1.1716       0.0448
 7874.47       0.9831       0.0314
 7875.51       1.0249       0.0233
 7876.54       1.0281       0.0229
 7877.58       0.8693       0.0278
 7878.62       0.9541       0.0355
 7879.66       1.0139       0.0421
 7880.69       0.8043       0.0450
 7881.73       0.7468       0.0432
 7882.77       0.8610       0.0381
 7883.81       0.8970       0.0325
 7884.85       0.8709       0.0263
 7885.88       0.8112       0.0233
 7886.92       0.8082       0.0272
 7887.96       0.9404       0.0389
 7889.00       1.1201       0.0529
 7890.03       1.1213       0.0621
 7891.07       1.0494       0.0627
 7892.11       1.1129       0.0565
 7893.15       1.0592       0.0434
 7894.19       0.9361       0.0295
 7895.22       0.9650       0.0208
 7896.26       0.9268       0.0174
 7897.30       0.7992       0.0156
 7898.34       0.8592       0.0152
 7899.37       0.9463       0.0149
 7900.41       0.9057       0.0144
 7901.45       0.8687       0.0141
 7902.49       0.8677       0.0141
 7903.52       0.8833       0.0144
 7904.56       0.8946       0.0147
 7905.60       0.9079       0.0149
 7906.64       0.9167       0.0156
 7907.68       0.9224       0.0153
 7908.71       0.8880       0.0170
 7909.75       0.7653       0.0215
 7910.79       0.7671       0.0391
 7911.83       0.9777       0.0711
 7912.86       1.0916       0.1048
 7913.90       1.0608       0.1259
 7914.94       1.0323       0.1279
 7915.98       0.8599       0.1076
 7917.02       0.6973       0.0777
 7918.05       0.8663       0.0528
 7919.09       1.0375       0.0463
 7920.13       1.0246       0.0535
 7921.17       1.0247       0.0621
 7922.20       1.0441       0.0633
 7923.24       1.0440       0.0569
 7924.28       1.0839       0.0439
 7925.32       1.0969       0.0293
 7926.35       1.0183       0.0193
 7927.39       0.8695       0.0165
 7928.43       0.8085       0.0208
 7929.47       0.9851       0.0306
 7930.51       1.1142       0.0410
 7931.54       0.9983       0.0469
 7932.58       0.8729       0.0478
 7933.62       0.8928       0.0426
 7934.66       1.0174       0.0333
 7935.69       0.9608       0.0231
 7936.73       0.8336       0.0160
 7937.77       0.9572       0.0139
 7938.81       1.0473       0.0143
 7939.85       0.9657       0.0140
 7940.88       0.9296       0.0143
 7941.92       0.8762       0.0144
 7942.96       0.7920       0.0144
 7944.00       0.8258       0.0149
 7945.03       0.9316       0.0165
 7946.07       0.9847       0.0195
 7947.11       0.9519       0.0251
 7948.15       0.8869       0.0320
 7949.19       0.8879       0.0367
 7950.22       0.8610       0.0377
 7951.26       0.7911       0.0347
 7952.30       0.8257       0.0282
 7953.34       0.8517       0.0208
 7954.37       0.7901       0.0152
 7955.41       0.8101       0.0129
 7956.45       0.9030       0.0127
 7957.49       0.9728       0.0129
 7958.52       1.0063       0.0127
 7959.56       0.9935       0.0129
 7960.60       0.9274       0.0145
 7961.64       0.8846       0.0250
 7962.68       0.8867       0.0474
 7963.71       0.8808       0.0734
 7964.75       0.8552       0.0927
 7965.79       0.8280       0.0979
 7966.83       0.8443       0.0879
 7967.86       0.8646       0.0667
 7968.90       0.8273       0.0417
 7969.94       0.8376       0.0254
 7970.98       0.9239       0.0191
 7972.02       0.9464       0.0167
 7973.05       0.9367       0.0157
 7974.09       0.9311       0.0158
 7975.13       0.8654       0.0176
 7976.17       0.7930       0.0225
 7977.20       0.7958       0.0307
 7978.24       0.9803       0.0419
 7979.28       1.1743       0.0511
 7980.32       1.1330       0.0532
 7981.36       0.9915       0.0479
 7982.39       0.9011       0.0382
 7983.43       0.8286       0.0272
 7984.47       0.8396       0.0190
 7985.51       0.8986       0.0149
 7986.54       0.9355       0.0144
 7987.58       0.9030       0.0144
 7988.62       0.8548       0.0153
 7989.66       0.9540       0.0208
 7990.69       1.0761       0.0379
 7991.73       1.0116       0.0643
 7992.77       0.7697       0.0902
 7993.81       0.5730       0.1046
 7994.85       0.6661       0.1059
 7995.88       0.8577       0.0895
 7996.92       0.8867       0.0613
 7997.96       0.9046       0.0357
 7999.00       0.9111       0.0213
 8000.03       0.8773       0.0157
 8001.07       0.8155       0.0158
 8002.11       0.8175       0.0153
 8003.15       0.9778       0.0161
 8004.19       1.0486       0.0158
 8005.22       0.9431       0.0146
 8006.26       0.9243       0.0140
 8007.30       0.9455       0.0138
 8008.34       0.9008       0.0137
 8009.37       0.8935       0.0136
 8010.41       0.9182       0.0152
 8011.45       0.9118       0.0195
 8012.49       0.9442       0.0268
 8013.53       0.9868       0.0346
 8014.56       0.9231       0.0388
 8015.60       0.9219       0.0387
 8016.64       1.0204       0.0353
 8017.68       0.8678       0.0274
 8018.71       0.6993       0.0201
 8019.75       0.8035       0.0183
 8020.79       0.8603       0.0179
 8021.83       0.8033       0.0198
 8022.86       0.7977       0.0272
 8023.90       0.9011       0.0432
 8024.94       0.9931       0.0635
 8025.98       0.8407       0.0776
 8027.02       0.7394       0.0806
 8028.05       0.8936       0.0732
 8029.09       0.9615       0.0567
 8030.13       0.9249       0.0385
 8031.17       0.9286       0.0253
 8032.20       0.9641       0.0195
 8033.24       0.9971       0.0173
 8034.28       0.9643       0.0159
 8035.32       0.8576       0.0145
 8036.36       0.7633       0.0133
 8037.39       0.8163       0.0132
 8038.43       0.8975       0.0134
 8039.47       0.8790       0.0134
 8040.51       0.8572       0.0134
 8041.54       0.8698       0.0134
 8042.58       0.9028       0.0134
 8043.62       0.9401       0.0135
 8044.66       0.9692       0.0135
 8045.70       1.0235       0.0137
 8046.73       0.9706       0.0133
 8047.77       0.8321       0.0134
 8048.81       0.8310       0.0158
 8049.85       0.9213       0.0204
 8050.88       0.9590       0.0253
 8051.92       0.9152       0.0288
 8052.96       0.8699       0.0295
 8054.00       0.9297       0.0278
 8055.04       0.9969       0.0236
 8056.07       0.9820       0.0186
 8057.11       0.9157       0.0150
 8058.15       0.8677       0.0143
 8059.19       0.8891       0.0180
 8060.22       0.9205       0.0267
 8061.26       0.9892       0.0379
 8062.30       1.0909       0.0461
 8063.34       1.0565       0.0479
 8064.37       0.8993       0.0422
 8065.41       0.7631       0.0324
 8066.45       0.8533       0.0231
 8067.49       1.0462       0.0171
 8068.53       0.9454       0.0136
 8069.56       0.7797       0.0124
 8070.60       0.8373       0.0124
 8071.64       0.9770       0.0131
 8072.68       0.9918       0.0132
 8073.71       0.8040       0.0127
 8074.75       0.7527       0.0133
 8075.79       0.9075       0.0149
 8076.83       1.0273       0.0156
 8077.87       1.0570       0.0156
 8078.90       1.0333       0.0154
 8079.94       1.0522       0.0150
 8080.98       1.0441       0.0145
 8082.02       0.9482       0.0139
 8083.05       0.8686       0.0141
 8084.09       0.8565       0.0150
 8085.13       0.8746       0.0155
 8086.17       0.9361       0.0159
 8087.21       0.9856       0.0158
 8088.24       0.9571       0.0149
 8089.28       0.9358       0.0138
 8090.32       0.9640       0.0138
 8091.36       0.8747       0.0145
 8092.39       0.8634       0.0167
 8093.43       1.0525       0.0199
 8094.47       1.0880       0.0211
 8095.51       0.9791       0.0201
 8096.54       0.9091       0.0185
 8097.58       0.9310       0.0163
 8098.62       0.9889       0.0151
 8099.66       0.9735       0.0163
 8100.70       0.8749       0.0200
 8101.73       0.8140       0.0242
 8102.77       0.9946       0.0277
 8103.81       1.0581       0.0280
 8104.85       0.7279       0.0248
 8105.88       0.6044       0.0205
 8106.92       0.7713       0.0171
 8107.96       0.8125       0.0146
 8109.00       0.8550       0.0138
 8110.04       0.9527       0.0140
 8111.07       0.9987       0.0142
 8112.11       0.9555       0.0137
 8113.15       0.8555       0.0130
 8114.19       0.8805       0.0130
 8115.22       0.9418       0.0133
 8116.26       0.8783       0.0129
 8117.30       0.8283       0.0125
 8118.34       0.8304       0.0124
 8119.38       0.8118       0.0120
 8120.41       0.7828       0.0119
 8121.45       0.7730       0.0123
 8122.49       0.7903       0.0126
 8123.53       0.8288       0.0129
 8124.56       0.8778       0.0136
 8125.60       0.9161       0.0140
 8126.64       0.9143       0.0137
 8127.68       0.8590       0.0132
 8128.71       0.8382       0.0133
 8129.75       0.8885       0.0140
 8130.79       0.9760       0.0144
 8131.83       0.9435       0.0145
 8132.87       0.8086       0.0147
 8133.90       0.8836       0.0155
 8134.94       1.0002       0.0160
 8135.98       0.9488       0.0159
 8137.02       0.8867       0.0165
 8138.05       0.8583       0.0175
 8139.09       0.8095       0.0176
 8140.13       0.8893       0.0182
 8141.17       0.9984       0.0190
 8142.21       0.9136       0.0178
 8143.24       0.7571       0.0160
 8144.28       0.7248       0.0156
 8145.32       0.8173       0.0166
 8146.36       0.9124       0.0186
 8147.39       0.8874       0.0202
 8148.43       0.8442       0.0205
 8149.47       0.8642       0.0192
 8150.51       0.9098       0.0171
 8151.54       0.9522       0.0155
 8152.58       0.9605       0.0147
 8153.62       0.9544       0.0143
 8154.66       0.9078       0.0140
 8155.70       0.8344       0.0137
 8156.73       0.8086       0.0133
 8157.77       0.8503       0.0132
 8158.81       0.8975       0.0137
 8159.85       0.8963       0.0141
 8160.88       0.8498       0.0145
 8161.92       0.8268       0.0152
 8162.96       0.8278       0.0156
 8164.00       0.8323       0.0153
 8165.04       0.8375       0.0147
 8166.07       0.8562       0.0141
 8167.11       0.8917       0.0137
 8168.15       0.8647       0.0137
 8169.19       0.8284       0.0141
 8170.22       0.8634       0.0143
 8171.26       0.9512       0.0144
 8172.30       0.9991       0.0139
 8173.34       0.9204       0.0130
 8174.38       0.8225       0.0125
 8175.41       0.7973       0.0128
 8176.45       0.7244       0.0133
 8177.49       0.7340       0.0141
 8178.53       0.9170       0.0152
 8179.56       0.9081       0.0152
 8180.60       0.7773       0.0146
 8181.64       0.8037       0.0143
 8182.68       0.8507       0.0141
 8183.71       0.8453       0.0136
 8184.75       0.8751       0.0136
 8185.79       0.9165       0.0142
 8186.83       0.9287       0.0150
 8187.87       0.8987       0.0159
 8188.90       0.8613       0.0162
 8189.94       0.8511       0.0162
 8190.98       0.8709       0.0155
 8192.02       0.8606       0.0153
 8193.05       0.8150       0.0165
 8194.09       0.7801       0.0190
 8195.13       0.7460       0.0211
 8196.17       0.8223       0.0228
 8197.21       0.9343       0.0230
 8198.24       0.9570       0.0208
 8199.28       1.0044       0.0176
 8200.32       1.0006       0.0148
 8201.36       0.9011       0.0133
 8202.39       0.8449       0.0129
 8203.43       0.8541       0.0126
 8204.47       0.8545       0.0126
 8205.51       0.7854       0.0124
 8206.54       0.7035       0.0122
 8207.58       0.7573       0.0128
 8208.62       0.8951       0.0136
 8209.66       0.9723       0.0137
 8210.70       0.9317       0.0132
 8211.73       0.8172       0.0125
 8212.77       0.7378       0.0120
 8213.81       0.7782       0.0122
 8214.85       0.8749       0.0128
 8215.88       0.8562       0.0127
 8216.92       0.8754       0.0127
 8217.96       0.9866       0.0130
 8219.00       0.9265       0.0131
 8220.04       0.7989       0.0128
 8221.07       0.7846       0.0128
 8222.11       0.7569       0.0127
 8223.15       0.7167       0.0125
 8224.19       0.7236       0.0130
 8225.22       0.7374       0.0136
 8226.26       0.7222       0.0143
 8227.30       0.6741       0.0149
 8228.34       0.6772       0.0158
 8229.38       0.7764       0.0168
 8230.41       0.8149       0.0169
 8231.45       0.7940       0.0162
 8232.49       0.7819       0.0155
 8233.53       0.7632       0.0145
 8234.56       0.7381       0.0133
 8235.60       0.7603       0.0129
 8236.64       0.8411       0.0129
 8237.68       0.9144       0.0130
 8238.71       0.9017       0.0130
 8239.75       0.8713       0.0131
 8240.79       0.8927       0.0138
 8241.83       0.9036       0.0143
 8242.87       0.8890       0.0145
 8243.90       0.8711       0.0144
 8244.94       0.8189       0.0139
 8245.98       0.7779       0.0135
 8247.02       0.8274       0.0136
 8248.05       0.8467       0.0139
 8249.09       0.7939       0.0138
 8250.13       0.8152       0.0138
 8251.17       0.7940       0.0130
 8252.21       0.6708       0.0116
 8253.24       0.7596       0.0120
 8254.28       0.9654       0.0136
 8255.32       1.0026       0.0144
 8256.36       0.9601       0.0142
 8257.39       0.8906       0.0135
 8258.43       0.7449       0.0131
 8259.47       0.6886       0.0129
 8260.51       0.7755       0.0129
 8261.54       0.8745       0.0131
 8262.58       0.8634       0.0129
 8263.62       0.7543       0.0121
 8264.66       0.6878       0.0115
 8265.70       0.7354       0.0116
 8266.73       0.7475       0.0118
 8267.77       0.7682       0.0119
 8268.81       0.7883       0.0120
 8269.85       0.7591       0.0119
 8270.88       0.7545       0.0121
 8271.92       0.8125       0.0130
 8272.96       0.8861       0.0136
 8274.00       0.9050       0.0142
 8275.04       0.8589       0.0162
 8276.07       0.7895       0.0220
 8277.11       0.7337       0.0312
 8278.15       0.7171       0.0387
 8279.19       0.6908       0.0507
 8280.22       0.6641       0.0661
 8281.26       0.7333       0.0729
 8282.30       0.8179       0.0707
 8283.34       0.8239       0.0651
 8284.38       0.7903       0.0554
 8285.41       0.7678       0.0514
 8286.45       0.7497       0.0579
 8287.49       0.8898       0.0749
 8288.53       0.9695       0.0904
 8289.56       0.6186       0.0927
 8290.60       0.5439       0.0818
 8291.64       0.9460       0.0642
 8292.68       0.8707       0.0409
 8293.71       0.6352       0.0271
 8294.75       0.7904       0.0321
 8295.79       0.8954       0.0470
 8296.83       0.8153       0.0673
 8297.87       0.6946       0.0902
 8298.90       0.5450       0.1060
 8299.94       0.5418       0.1063
 8300.98       0.9134       0.0918
 8302.02       1.2311       0.0680
 8303.05       1.1541       0.0446
 8304.09       0.9142       0.0275
 8305.13       0.7460       0.0185
 8306.17       0.7637       0.0155
 8307.21       0.8729       0.0175
 8308.24       0.9341       0.0225
 8309.28       0.9023       0.0302
 8310.32       0.9082       0.0379
 8311.36       1.0149       0.0421
 8312.39       1.1212       0.0415
 8313.43       1.0656       0.0346
 8314.47       0.8683       0.0247
 8315.51       0.7507       0.0171
 8316.54       0.7727       0.0146
 8317.58       0.8345       0.0152
 8318.62       0.8919       0.0167
 8319.66       0.9178       0.0170
 8320.70       0.9612       0.0171
 8321.73       0.8997       0.0159
 8322.77       0.7666       0.0139
 8323.81       0.8318       0.0131
 8324.85       0.8924       0.0128
 8325.88       0.7691       0.0120
 8326.92       0.7958       0.0123
 8327.96       0.9138       0.0129
 8329.00       0.8919       0.0125
 8330.04       0.9078       0.0126
 8331.07       0.9473       0.0130
 8332.11       0.8182       0.0126
 8333.15       0.7231       0.0120
 8334.19       0.7848       0.0122
 8335.22       0.8147       0.0130
 8336.26       0.7727       0.0138
 8337.30       0.7164       0.0147
 8338.34       0.7129       0.0153
 8339.38       0.8083       0.0168
 8340.41       0.9350       0.0224
 8341.45       0.9667       0.0468
 8342.49       0.8497       0.1001
 8343.53       0.6493       0.1661
 8344.56       0.7215       0.2199
 8345.60       1.0408       0.2364
 8346.64       1.0363       0.2087
 8347.68       0.7622       0.1468
 8348.71       0.6086       0.0809
 8349.75       0.6562       0.0448
 8350.79       0.8365       0.0460
 8351.83       0.9884       0.0635
 8352.87       0.9948       0.0809
 8353.90       0.8646       0.0824
 8354.94       0.7010       0.0742
 8355.98       0.6678       0.0555
 8357.02       0.7713       0.0334
 8358.05       0.8318       0.0194
 8359.09       0.8095       0.0154
 8360.13       0.7874       0.0156
 8361.17       0.8054       0.0189
 8362.21       0.8948       0.0240
 8363.24       1.0198       0.0315
 8364.28       0.9023       0.0370
 8365.32       0.6344       0.0383
 8366.36       0.6671       0.0376
 8367.39       0.8284       0.0332
 8368.43       0.8245       0.0251
 8369.47       0.8370       0.0179
 8370.51       0.8682       0.0139
 8371.55       0.8550       0.0124
 8372.58       0.7653       0.0120
 8373.62       0.6927       0.0115
 8374.66       0.8012       0.0123
 8375.70       0.8658       0.0128
 8376.73       0.7923       0.0132
 8377.77       0.8285       0.0141
 8378.81       0.9130       0.0191
 8379.85       0.9236       0.0294
 8380.88       0.9332       0.0440
 8381.92       0.9224       0.0571
 8382.96       0.8584       0.0623
 8384.00       0.7736       0.0587
 8385.04       0.7187       0.0482
 8386.07       0.7196       0.0333
 8387.11       0.7902       0.0211
 8388.15       0.8755       0.0150
 8389.19       0.8937       0.0138
 8390.22       0.8685       0.0143
 8391.26       0.8772       0.0146
 8392.30       0.9490       0.0153
 8393.34       0.9607       0.0149
 8394.38       0.7712       0.0134
 8395.41       0.6867       0.0172
 8396.45       0.7962       0.0413
 8397.49       0.7470       0.0882
 8398.53       0.7351       0.1388
 8399.56       0.9466       0.1683
 8400.60       1.0762       0.1732
 8401.64       1.0974       0.1462
 8402.68       1.1282       0.0953
 8403.72       1.0393       0.0477
 8404.75       0.9299       0.0209
 8405.79       1.0030       0.0127
 8406.83       0.9867       0.0140
 8407.87       0.8104       0.0123
 8408.90       0.8006       0.0125
 8409.94       0.9080       0.0123
 8410.98       0.9677       0.0138
 8412.02       0.9411       0.0187
 8413.05       0.8866       0.0320
 8414.09       0.9076       0.0515
 8415.13       0.9303       0.0676
 8416.17       0.9150       0.0726
 8417.21       0.8812       0.0677
 8418.24       0.9314       0.0528
 8419.28       1.0361       0.0343
 8420.32       0.9612       0.0203
 8421.36       0.8494       0.0144
 8422.39       0.9278       0.0138
 8423.43       0.9925       0.0157
 8424.47       0.9337       0.0155
 8425.51       0.8037       0.0156
 8426.55       0.8026       0.0241
 8427.58       0.9304       0.0560
 8428.62       1.0090       0.1085
 8429.66       0.9751       0.1613
 8430.70       0.8792       0.1899
 8431.73       0.9441       0.1939
 8432.77       0.9910       0.1612
 8433.81       0.8176       0.0991
 8434.85       0.8350       0.0474
 8435.89       1.0092       0.0236
 8436.92       1.0232       0.0152
 8437.96       0.9155       0.0150
 8439.00       0.8181       0.0124
 8440.04       0.8085       0.0122
 8441.07       0.8419       0.0121
 8442.11       0.8313       0.0117
 8443.15       0.8423       0.0120
 8444.19       0.8735       0.0124
 8445.22       0.9045       0.0127
 8446.26       0.8838       0.0124
 8447.30       0.8298       0.0124
 8448.34       0.7896       0.0138
 8449.38       0.8449       0.0206
 8450.41       0.9127       0.0344
 8451.45       0.8211       0.0498
 8452.49       0.7807       0.0615
 8453.53       0.9114       0.0647
 8454.56       0.9290       0.0569
 8455.60       0.8570       0.0417
 8456.64       0.8657       0.0261
 8457.68       0.8654       0.0165
 8458.72       0.8178       0.0129
 8459.75       0.7280       0.0128
 8460.79       0.7576       0.0128
 8461.83       0.9106       0.0203
 8462.87       1.0525       0.0458
 8463.90       0.9322       0.0842
 8464.94       0.5669       0.1171
 8465.98       0.6900       0.1382
 8467.02       1.0725       0.1363
 8468.06       0.9536       0.1097
 8469.09       0.7661       0.0683
 8470.13       0.8087       0.0320
 8471.17       0.8323       0.0155
 8472.21       0.8511       0.0145
 8473.24       0.8878       0.0142
 8474.28       0.9617       0.0159
 8475.32       0.9897       0.0160
 8476.36       0.9164       0.0153
 8477.39       0.8369       0.0141
 8478.43       0.8177       0.0130
 8479.47       0.8754       0.0123
 8480.51       0.9165       0.0120
 8481.55       0.8762       0.0118
 8482.58       0.8517       0.0117
 8483.62       0.8315       0.0117
 8484.66       0.8000       0.0117
 8485.70       0.7842       0.0117
 8486.73       0.8034       0.0117
 8487.77       0.8532       0.0120
 8488.81       0.8383       0.0116
 8489.85       0.8053       0.0134
 8490.89       0.8738       0.0198
 8491.92       0.9590       0.0298
 8492.96       0.9461       0.0394
 8494.00       0.8007       0.0448
 8495.04       0.7082       0.0441
 8496.07       0.8100       0.0387
 8497.11       1.0361       0.0297
 8498.15       1.1461       0.0210
 8499.19       1.0309       0.0169
 8500.23       0.8017       0.0124
 8501.26       0.8326       0.0166
 8502.30       1.2374       0.0394
 8503.34       1.5668       0.0703
 8504.38       1.8832       0.0976
 8505.41       1.7277       0.1108
 8506.45       1.3683       0.1053
 8507.49       1.2502       0.0867
 8508.53       1.0788       0.0544
 8509.56       0.7449       0.0223
 8510.60       0.7040       0.0112
 8511.64       0.8766       0.0131
 8512.68       0.8674       0.0116
 8513.72       0.8614       0.0117
 8514.75       0.8279       0.0114
 8515.79       0.7987       0.0112
 8516.83       0.7789       0.0112
 8517.87       0.7715       0.0113
 8518.90       0.7683       0.0116
 8519.94       0.7639       0.0120
 8520.98       0.7424       0.0123
 8522.02       0.7131       0.0123
 8523.06       0.7974       0.0124
 8524.09       0.9384       0.0125
 8525.13       0.9055       0.0120
 8526.17       0.8448       0.0114
 8527.21       0.9122       0.0116
 8528.24       0.9629       0.0118
 8529.28       0.9237       0.0116
 8530.32       0.8229       0.0112
 8531.36       0.8983       0.0116
 8532.40       1.0665       0.0123
 8533.43       1.0270       0.0120
 8534.47       0.9362       0.0115
 8535.51       0.9387       0.0129
 8536.55       0.9132       0.0165
 8537.58       0.8672       0.0213
 8538.62       0.8298       0.0249
 8539.66       0.7515       0.0258
 8540.70       0.7201       0.0240
 8541.73       0.8539       0.0214
 8542.77       0.8944       0.0170
 8543.81       0.8097       0.0131
 8544.85       0.8270       0.0126
 8545.89       0.8910       0.0172
 8546.92       0.9017       0.0253
 8547.96       0.9473       0.0340
 8549.00       0.9053       0.0396
 8550.04       0.7218       0.0403
 8551.07       0.7078       0.0363
 8552.11       0.8257       0.0288
 8553.15       0.8056       0.0197
 8554.19       0.7957       0.0139
 8555.23       0.8655       0.0122
 8556.26       0.8658       0.0116
 8557.30       0.8448       0.0113
 8558.34       0.8547       0.0112
 8559.38       0.8481       0.0111
 8560.41       0.8109       0.0110
 8561.45       0.7788       0.0109
 8562.49       0.7767       0.0108
 8563.53       0.8409       0.0111
 8564.57       0.9721       0.0119
 8565.60       1.0171       0.0121
 8566.64       0.9535       0.0117
 8567.68       0.9311       0.0117
 8568.72       0.9022       0.0118
 8569.75       0.8223       0.0116
 8570.79       0.8222       0.0120
 8571.83       0.8908       0.0127
 8572.87       0.9330       0.0131
 8573.90       0.8021       0.0129
 8574.94       0.6326       0.0127
 8575.98       0.7090       0.0131
 8577.02       0.7966       0.0132
 8578.06       0.7514       0.0128
 8579.09       0.7941       0.0128
 8580.13       0.8606       0.0127
 8581.17       0.8498       0.0122
 8582.21       0.8018       0.0114
 8583.24       0.7827       0.0110
 8584.28       0.8300       0.0116
 8585.32       0.9199       0.0133
 8586.36       0.9636       0.0158
 8587.40       0.9182       0.0182
 8588.43       0.8573       0.0197
 8589.47       0.8495       0.0201
 8590.51       0.8701       0.0193
 8591.55       0.8781       0.0171
 8592.58       0.8469       0.0147
 8593.62       0.8352       0.0138
 8594.66       0.8665       0.0156
 8595.70       0.8887       0.0194
 8596.74       0.9192       0.0230
 8597.77       0.9554       0.0244
 8598.81       0.9670       0.0242
 8599.85       0.9184       0.0214
 8600.89       0.8307       0.0171
 8601.92       0.7984       0.0140
 8602.96       0.7860       0.0128
 8604.00       0.7460       0.0122
 8605.04       0.7628       0.0125
 8606.07       0.8306       0.0128
 8607.11       0.9100       0.0131
 8608.15       0.8539       0.0131
 8609.19       0.7261       0.0133
 8610.23       0.6793       0.0139
 8611.26       0.7707       0.0154
 8612.30       0.9030       0.0177
 8613.34       0.9868       0.0199
 8614.38       0.9325       0.0218
 8615.41       0.7778       0.0238
 8616.45       0.7007       0.0260
 8617.49       0.7437       0.0292
 8618.53       0.7772       0.0324
 8619.57       0.8345       0.0357
 8620.60       0.9289       0.0397
 8621.64       1.0105       0.0436
 8622.68       0.9970       0.0472
 8623.72       0.8972       0.0506
 8624.75       0.8726       0.0535
 8625.79       0.9370       0.0566
 8626.83       0.9747       0.0596
 8627.87       0.8970       0.0609
 8628.91       0.7796       0.0614
 8629.94       0.8217       0.0624
 8630.98       0.9195       0.0630
 8632.02       0.9073       0.0619
 8633.06       0.8168       0.0601
 8634.09       0.6755       0.0580
 8635.13       0.5875       0.0556
 8636.17       0.6876       0.0525
 8637.21       0.8468       0.0483
 8638.24       0.8692       0.0442
 8639.28       0.8055       0.0402
 8640.32       0.7794       0.0359
 8641.36       0.9028       0.0328
 8642.40       0.9522       0.0294
 8643.43       0.8031       0.0249
 8644.47       0.7321       0.0219
 8645.51       0.7819       0.0214
 8646.55       0.8537       0.0236
 8647.58       0.9315       0.0289
 8648.62       0.9499       0.0366
 8649.66       0.8659       0.0442
 8650.70       0.7262       0.0486
 8651.74       0.7028       0.0509
 8652.77       0.9754       0.0548
 8653.81       1.1832       0.0578
 8654.85       1.0241       0.0575
 8655.89       0.8003       0.0563
 8656.92       0.6785       0.0564
 8657.96       0.6785       0.0577
 8659.00       0.7361       0.0583
 8660.04       0.7362       0.0573
 8661.08       0.6744       0.0559
 8662.11       0.6808       0.0549
 8663.15       0.8016       0.0544
 8664.19       0.9244       0.0546
 8665.23       0.8922       0.0538
 8666.26       0.7245       0.0512
 8667.30       0.5737       0.0485
 8668.34       0.6473       0.0468
 8669.38       0.9639       0.0462
 8670.42       1.0349       0.0450
 8671.45       0.8202       0.0425
 8672.49       0.8254       0.0407
 8673.53       0.8596       0.0384
 8674.57       0.7617       0.0353
 8675.60       0.7293       0.0341
 8676.64       0.8291       0.0338
 8677.68       0.9868       0.0324
 8678.72       0.9220       0.0298
 8679.75       0.7637       0.0274
 8680.79       0.8192       0.0269
 8681.83       0.9953       0.0275
 8682.87       1.0512       0.0269
 8683.91       0.8228       0.0234
 8684.94       0.6398       0.0203
 8685.98       0.7559       0.0201
 8687.02       0.9040       0.0207
 8688.06       0.9402       0.0203
 8689.09       0.8976       0.0191
 8690.13       0.9018       0.0179
 8691.17       0.9578       0.0173
 8692.21       0.9295       0.0171
 8693.25       0.8972       0.0173
 8694.28       0.9133       0.0173
 8695.32       0.9384       0.0168
 8696.36       0.9758       0.0163
 8697.40       0.9996       0.0164
 8698.43       0.9623       0.0171
 8699.47       0.8800       0.0177
 8700.51       0.8135       0.0177
 8701.55       0.7984       0.0174
 8702.58       0.8332       0.0169
 8703.62       0.8749       0.0161
 8704.66       0.9382       0.0159
 8705.70       0.9932       0.0166
 8706.74       0.9961       0.0178
 8707.77       0.9231       0.0185
 8708.81       0.8033       0.0178
 8709.85       0.7487       0.0165
 8710.89       0.7624       0.0151
 8711.92       0.7599       0.0135
 8712.96       0.7958       0.0129
 8714.00       0.8350       0.0128
 8715.04       0.8119       0.0125
 8716.08       0.7779       0.0122
 8717.11       0.7928       0.0122
 8718.15       0.8160       0.0124
 8719.19       0.8554       0.0127
 8720.23       0.9153       0.0129
 8721.26       0.9718       0.0132
 8722.30       0.9768       0.0133
 8723.34       0.9051       0.0129
 8724.38       0.8118       0.0126
 8725.42       0.7573       0.0130
 8726.45       0.7228       0.0132
 8727.49       0.7821       0.0137
 8728.53       0.8939       0.0142
 8729.57       0.7991       0.0133
 8730.60       0.6862       0.0121
 8731.64       0.8187       0.0123
 8732.68       0.8595       0.0123
 8733.72       0.7538       0.0118
 8734.75       0.7385       0.0121
 8735.79       0.8208       0.0128
 8736.83       0.9378       0.0137
 8737.87       0.9901       0.0144
 8738.91       0.9129       0.0146
 8739.94       0.7578       0.0141
 8740.98       0.6567       0.0139
 8742.02       0.6993       0.0140
 8743.06       0.8409       0.0141
 8744.09       0.8637       0.0138
 8745.13       0.7539       0.0132
 8746.17       0.7404       0.0128
 8747.21       0.8360       0.0131
 8748.25       0.9455       0.0140
 8749.28       0.9920       0.0146
 8750.32       0.9412       0.0147
 8751.36       0.8486       0.0144
 8752.40       0.7799       0.0139
 8753.43       0.7505       0.0133
 8754.47       0.7188       0.0132
 8755.51       0.8331       0.0156
 8756.55       0.9941       0.0246
 8757.58       0.9241       0.0382
 8758.62       0.8598       0.0623
 8759.66       0.9432       0.0950
 8760.70       0.9432       0.1237
 8761.74       0.7177       0.1348
 8762.77       0.3656       0.1273
 8763.81       0.6013       0.1099
 8764.85       0.9912       0.1026
 8765.89       0.5664       0.1105
 8766.92       0.3929       0.1375
 8767.96       0.8111       0.1630
 8769.00       0.8320       0.1662
 8770.04       0.6995       0.1391
 8771.08       0.8210       0.0968
 8772.11       0.9768       0.0545
 8773.15       1.0064       0.0328
 8774.19       0.8825       0.0387
 8775.23       0.8185       0.0678
 8776.26       0.8404       0.1109
 8777.30       0.7742       0.1586
 8778.34       0.8143       0.1857
 8779.38       0.9399       0.1790
 8780.42       0.8257       0.1474
 8781.45       0.6263       0.1004
 8782.49       0.5987       0.0531
 8783.53       0.6095       0.0247
 8784.57       0.6410       0.0150
 8785.60       0.7117       0.0130
 8786.64       0.7707       0.0138
 8787.68       0.8396       0.0172
 8788.72       0.9388       0.0293
 8789.75       0.8804       0.0458
 8790.79       0.7125       0.0600
 8791.83       0.6485       0.0677
 8792.87       0.7774       0.0653
 8793.91       0.9764       0.0545
 8794.94       0.9617       0.0372
 8795.98       0.8291       0.0218
 8797.02       0.8640       0.0148
 8798.06       0.8776       0.0138
 8799.09       0.8243       0.0132
 8800.13       0.8709       0.0139
 8801.17       0.8878       0.0139
 8802.21       0.8003       0.0132
 8803.25       0.7939       0.0133
 8804.28       0.8339       0.0136
 8805.32       0.8133       0.0133
 8806.36       0.7686       0.0130
 8807.40       0.7406       0.0140
 8808.43       0.7668       0.0162
 8809.47       0.7595       0.0185
 8810.51       0.7137       0.0196
 8811.55       0.7224       0.0198
 8812.58       0.8015       0.0187
 8813.62       0.9008       0.0170
 8814.66       0.9498       0.0154
 8815.70       0.9158       0.0142
 8816.74       0.8422       0.0135
 8817.77       0.7944       0.0137
 8818.81       0.7861       0.0141
 8819.85       0.7911       0.0150
 8820.89       0.7592       0.0140
 8821.92       0.6761       0.0182
 8822.96       0.6032       0.0233
 8824.00       0.5638       0.0673
 8825.04       0.5909       0.1644
 8826.08       0.7495       0.2790
 8827.11       0.8871       0.3655
 8828.15       0.8193       0.3916
 8829.19       0.8459       0.3423
 8830.23       0.8973       0.2419
 8831.26       0.5460       0.1285
 8832.30       0.3185       0.0596
 8833.34       0.5505       0.0516
 8834.38       0.7169       0.0808
 8835.42       0.6282       0.1178
 8836.45       0.4312       0.1420
 8837.49       0.6728       0.1493
 8838.53       1.0549       0.1329
 8839.57       0.9007       0.0970
 8840.60       0.6505       0.0557
 8841.64       0.6355       0.0255
 8842.68       0.6969       0.0151
 8843.72       0.7615       0.0167
 8844.75       0.7570       0.0174
 8845.79       0.7589       0.0193
 8846.83       0.7671       0.0246
 8847.87       0.7561       0.0354
 8848.91       0.6628       0.0468
 8849.94       0.5435       0.0542
 8850.98       0.5102       0.0559
 8852.02       0.5909       0.0503
 8853.06       0.7294       0.0395
 8854.09       0.8251       0.0275
 8855.13       0.8750       0.0196
 8856.17       0.8957       0.0164
 8857.21       0.7558       0.0156
 8858.25       0.6315       0.0151
 8859.28       0.7049       0.0158
 8860.32       0.7411       0.0174
 8861.36       0.6358       0.0190
 8862.40       0.5300       0.0204
 8863.43       0.5077       0.0216
 8864.47       0.6019       0.0304
 8865.51       0.8439       0.0536
 8866.55       0.9673       0.0833
 8867.58       0.8298       0.1034
 8868.62       0.6953       0.1109
 8869.66       0.6862       0.1009
 8870.70       0.7246       0.0760
 8871.74       0.6928       0.0461
 8872.77       0.6298       0.0236
 8873.81       0.7431       0.0155
 8874.85       0.8483       0.0163
 8875.89       0.7971       0.0156
 8876.92       0.7132       0.0157
 8877.96       0.6738       0.0154
 8879.00       0.6914       0.0164
 8880.04       0.5944       0.0154
 8881.08       0.4663       0.0157
 8882.11       0.4960       0.0227
 8883.15       0.8001       0.0720
 8884.19       1.0922       0.1678
 8885.23       0.5354       0.2582
 8886.26       0.0724       0.3180
 8887.30       0.4397       0.3294
 8888.34       0.7726       0.2758
 8889.38       0.8399       0.1781
 8890.42       0.8823       0.0821
 8891.45       0.8737       0.0326
 8892.49       0.8321       0.0236
 8893.53       0.7718       0.0212
 8894.57       0.6720       0.0214
 8895.60       0.5616       0.0210
 8896.64       0.5154       0.0222
 8897.68       0.5574       0.0212
 8898.72       0.6624       0.0229
 8899.75       0.7453       0.0318
 8900.79       0.8105       0.0607
 8901.83       0.8911       0.1061
 8902.87       0.7598       0.1461
 8903.91       0.5688       0.1634
 8904.94       0.6627       0.1594
 8905.98       0.8462       0.1275
 8907.02       0.8340       0.0813
 8908.06       0.6730       0.0459
 8909.09       0.5901       0.0311
 8910.13       0.6798       0.0274
 8911.17       0.7571       0.0286
 8912.21       0.7727       0.0267
 8913.25       0.8119       0.0275
 8914.28       0.7700       0.0230
 8915.32       0.6289       0.0292
 8916.36       0.5225       0.0483
 8917.40       0.4259       0.1501
 8918.43       0.2342       0.3115
 8919.47       0.7029       0.5500
 8920.51       0.7136       0.4692
