 
TRANSIENT_NAME:     DES14X3aeb 
SNID:               1294743    
OBS_DATE:           2014-09-17
MJD:                56917. 
PHASE:              +4.    
MJD_MAX:            56912.2
TYPE:               1  
SPEC_EVAL:          SNIa
REDSHIFT:           0.3136  
REDSHIFT_ERR:       0.0005  
REDSHIFT_SOURCE:    Z_GAL
TELESCOPE:          AAT
INSTRUMENT:         AAOmega-2dF
 
======================================
 
# WAVE  FLUX  FLUX_ERR
 3743.23       0.9338      31.0421
 3744.26       0.9680      35.9393
 3745.30       3.9795      34.3823
 3746.34       4.8263      35.3129
 3747.38      -2.0642      29.7625
 3748.41       4.0021      32.1807
 3749.45       1.4559      27.8765
 3750.49      -6.2068      24.7204
 3751.53       3.3277      28.8749
 3752.56       5.8847      29.1822
 3753.60      -0.0853      26.7043
 3754.64      -1.0220      28.1642
 3755.68      -1.8953      27.6439
 3756.72      -0.5876      25.7543
 3757.75       0.0788      24.9881
 3758.79       2.1413      24.2638
 3759.83       1.8991      23.5381
 3760.87       2.1034      24.3343
 3761.90       0.7863      26.1196
 3762.94       2.4072      28.6313
 3763.98      -0.0366      25.7808
 3765.02       3.1258      23.0363
 3766.06       4.1740      25.3424
 3767.09       3.3168      26.4975
 3768.13       4.5349      24.3997
 3769.17       1.4080      24.9058
 3770.21      -5.1099      23.9615
 3771.24      -6.6484      24.1404
 3772.28       7.6591      27.4298
 3773.32      -2.6974      21.9690
 3774.36      -9.7018      21.0573
 3775.40      -0.0944      25.7009
 3776.43      -0.3635      24.3347
 3777.47      -1.8124      24.5971
 3778.51      -5.1049      21.4505
 3779.55       2.0625      22.0029
 3780.58      -7.9117      20.3622
 3781.62      -1.8144      21.9036
 3782.66      -4.5553      20.7277
 3783.70      -3.8272      21.2252
 3784.73       1.9828      25.7663
 3785.77       0.4089      23.7380
 3786.81      -0.9581      18.8669
 3787.85      -2.1106      19.5377
 3788.89      -2.9030      21.4333
 3789.92      -1.1955      19.8367
 3790.96       1.4498      19.8211
 3792.00      -1.4164      19.2620
 3793.04       1.5360      20.4332
 3794.07      -0.6492      17.9267
 3795.11       5.2495      19.8196
 3796.15      -3.3539      16.8726
 3797.19       0.5061      19.3704
 3798.23       5.6289      19.0363
 3799.26       4.0224      18.5214
 3800.30       3.1334      17.6992
 3801.34      -3.1208      15.2143
 3802.38       0.0648      16.0375
 3803.41      -0.4907      16.9618
 3804.45      -0.4285      16.5044
 3805.49      -1.4771      14.7725
 3806.53       3.3164      15.2748
 3807.57       4.5936      15.7024
 3808.60       1.0445      16.4203
 3809.64       3.6917      17.9259
 3810.68       6.5017      18.9513
 3811.72       5.3690      11.2046
 3812.75       9.6269      17.8850
 3813.79       3.5577      16.7397
 3814.83      -1.2490      14.4758
 3815.87       7.3312      16.3476
 3816.90       5.0945      14.8528
 3817.94      -2.5539      13.3296
 3818.98      -0.2396      12.7103
 3820.02       0.5618      12.9238
 3821.06       1.1006      14.8727
 3822.09       0.9426      14.1023
 3823.13      -1.9077      11.6100
 3824.17       1.0319      12.3304
 3825.21       0.6306      11.7721
 3826.24      -3.0842      10.0785
 3827.28      -0.6549      11.1298
 3828.32       2.5270      12.2443
 3829.36       3.3295      13.1240
 3830.40       0.3383      12.9127
 3831.43       5.1480      14.1530
 3832.47       2.4882      13.7925
 3833.51      -0.5073      11.2095
 3834.55       1.2567      11.0919
 3835.58       0.8400      10.2533
 3836.62       2.4097      10.5132
 3837.66       4.9380      10.7815
 3838.70       0.8770      10.3122
 3839.74      -0.1832       9.5680
 3840.77       4.9457      10.8668
 3841.81       6.8297      11.4594
 3842.85       0.8044       9.9893
 3843.89       1.6676       9.3994
 3844.92       1.0794       9.5612
 3845.96      -2.2323       9.1671
 3847.00      -0.9240       9.3462
 3848.04       1.4337       9.4307
 3849.07       0.3697       9.0695
 3850.11       0.0285       8.9206
 3851.15      -1.1180       8.7891
 3852.19       0.3309       8.7563
 3853.23       5.5637      10.3987
 3854.26       1.5211       9.3386
 3855.30       0.4131       9.0697
 3856.34       1.3351       8.8161
 3857.38       0.4643       8.1005
 3858.41       4.6320       8.9513
 3859.45       3.4222       8.6072
 3860.49      -4.8431       6.3927
 3861.53      -2.3965       7.4235
 3862.57       0.7064       8.9901
 3863.60       4.1801       9.8027
 3864.64       2.0694       8.6805
 3865.68       4.1072       9.1293
 3866.72       1.5526       8.6353
 3867.75       0.3222       7.8152
 3868.79      -0.3015       8.1538
 3869.83       0.2863       8.1587
 3870.87       3.2172       8.1055
 3871.91       0.5472       7.1266
 3872.94       1.1883       7.5521
 3873.98       0.9115       7.7507
 3875.02       0.1473       7.8563
 3876.06      -0.3191       7.6516
 3877.09      -2.5562       6.8960
 3878.13      -0.3355       7.2151
 3879.17       4.3367       8.4731
 3880.21       3.6455       8.0714
 3881.24      -2.8105       6.5309
 3882.28      -0.3764       6.4326
 3883.32       2.8088       7.1923
 3884.36       5.7107       7.7067
 3885.40       3.9798       7.0904
 3886.43       3.4503       7.0654
 3887.47       1.4353       6.4683
 3888.51      -0.8424       5.6796
 3889.55      -0.5339       5.7908
 3890.58      -0.9718       5.7946
 3891.62      -0.1553       5.9556
 3892.66       0.6712       6.2492
 3893.70       0.9405       6.4536
 3894.74      -0.8449       6.0400
 3895.77       0.3238       5.9645
 3896.81      -0.7183       5.9666
 3897.85       4.7149       7.3512
 3898.89       4.3073       7.0835
 3899.92      -3.1706       5.1852
 3900.96      -4.0104       5.3009
 3902.00       0.9637       6.1813
 3903.04      -0.5905       5.7200
 3904.07       0.5636       6.1603
 3905.11       1.5395       6.4477
 3906.15       1.3647       6.4450
 3907.19      -1.4949       6.0555
 3908.23       1.6337       6.5922
 3909.26       1.8217       6.7528
 3910.30      -0.2107       6.3494
 3911.34       0.3765       6.3472
 3912.38      -0.3963       6.1147
 3913.41       0.2567       6.0501
 3914.45       3.2369       5.9803
 3915.49       0.3917       5.4164
 3916.53       1.3530       5.7594
 3917.57       2.6680       5.9194
 3918.60       2.8578       5.5570
 3919.64       1.0141       5.1998
 3920.68      -0.7546       4.8761
 3921.72       1.3185       4.8084
 3922.75       0.7731       4.3852
 3923.79       1.2465       4.6950
 3924.83      -0.7874       4.2910
 3925.87      -2.9429       3.7494
 3926.91      -2.7535       3.5854
 3927.94       2.1678       4.0079
 3928.98       4.3667       4.3388
 3930.02       0.8232       3.6064
 3931.06       1.4310       3.5275
 3932.09      -0.1775       3.2950
 3933.13       0.9264       3.2317
 3934.17       2.4033       3.4738
 3935.21      -0.5838       2.9149
 3936.24       2.0113       3.2353
 3937.28       3.3566       3.5143
 3938.32       1.1344       3.4641
 3939.36       2.0059       3.6924
 3940.40       0.8181       3.7321
 3941.43      -0.7392       3.6245
 3942.47       2.0170       3.8259
 3943.51       1.0936       3.6766
 3944.55      -1.6687       3.3040
 3945.58      -0.9198       3.3077
 3946.62       0.8331       3.6279
 3947.66       1.3687       3.7831
 3948.70       1.2322       3.7559
 3949.74       2.7543       3.9146
 3950.77      -0.7635       3.4301
 3951.81      -1.8635       3.0389
 3952.85       1.7476       3.5982
 3953.89       1.5297       3.6326
 3954.92       0.6044       3.4555
 3955.96       0.1440       3.3974
 3957.00       0.2395       3.4305
 3958.04       1.6362       3.6058
 3959.08       0.9760       3.5449
 3960.11      -1.6210       3.0394
 3961.15       0.0061       3.2645
 3962.19       0.5086       3.1489
 3963.23       0.9020       3.0773
 3964.26       1.3324       3.1944
 3965.30      -0.6570       2.8387
 3966.34       0.9216       2.9425
 3967.38       0.5460       2.6866
 3968.41      -1.3078       2.2725
 3969.45      -2.0561       2.3069
 3970.49      -0.4591       2.6457
 3971.53       1.9863       3.0251
 3972.57       1.9287       3.2365
 3973.60       0.8775       3.0522
 3974.64      -0.0790       2.9305
 3975.68       1.1493       3.2847
 3976.72      -0.6632       3.0426
 3977.75       0.6141       3.1200
 3978.79       2.8914       3.3842
 3979.83       0.4645       3.1344
 3980.87       1.5473       3.1982
 3981.91       2.9020       3.4190
 3982.94       3.0267       3.5151
 3983.98       2.0247       3.4081
 3985.02       0.4622       3.0982
 3986.06       0.3200       3.0043
 3987.09       0.6669       3.0960
 3988.13       0.9794       3.3111
 3989.17       0.0614       3.2834
 3990.21       0.2881       3.0989
 3991.25      -0.5345       2.9983
 3992.28      -1.3755       3.0274
 3993.32       0.4857       3.1289
 3994.36      -0.1268       3.4427
 3995.40      -0.9786       3.9444
 3996.43       2.3806       4.3159
 3997.47       2.4838       3.7290
 3998.51       2.0020       3.7253
 3999.55       2.4650       4.0181
 4000.58       0.8608       3.8203
 4001.62       0.0799       3.6316
 4002.66       0.4983       3.7340
 4003.70       0.6550       3.5907
 4004.74       1.5331       3.8263
 4005.77       2.2021       4.1492
 4006.81       2.1409       4.0884
 4007.85       2.0692       4.2813
 4008.89      -0.0407       4.2597
 4009.92      -0.8124       4.0094
 4010.96      -0.8984       4.0259
 4012.00       2.1857       4.4027
 4013.04       1.6594       4.2557
 4014.08       1.1539       4.1622
 4015.11       0.9851       4.2438
 4016.15       0.1511       4.0511
 4017.19      -1.1425       3.6885
 4018.23       0.0254       3.7693
 4019.26       2.0462       4.0109
 4020.30       3.2838       4.1876
 4021.34       3.9492       4.1995
 4022.38       1.6492       3.9243
 4023.42       1.9474       3.8226
 4024.45       0.5712       3.5992
 4025.49      -0.5080       3.5403
 4026.53       2.3127       4.0072
 4027.57       1.6055       4.0191
 4028.60       1.8774       3.9059
 4029.64       2.4044       3.8270
 4030.68       0.6508       3.5276
 4031.72      -0.8559       3.2069
 4032.75       0.1343       3.2251
 4033.79       0.3858       3.4271
 4034.83       0.4743       3.4723
 4035.87       0.0867       3.3681
 4036.91       0.4689       3.5310
 4037.94      -0.5824       3.4870
 4048.32       1.0112       3.6486
 4049.36       1.0686       3.7344
 4050.40       0.4343       3.5950
 4051.43       0.7310       3.4807
 4052.47       0.3750       3.2301
 4053.51      -0.1446       3.1918
 4054.55       1.2818       3.3858
 4055.58       2.5878       3.4834
 4056.62       1.4572       3.2106
 4057.66       0.5582       3.1274
 4058.70       1.0063       3.1786
 4059.74       1.2017       3.2994
 4060.77       0.7437       3.4848
 4061.81      -0.1237       3.2177
 4062.85       0.2131       3.1094
 4063.89       1.6638       3.4357
 4064.92      -0.4550       3.2441
 4065.96      -0.5579       3.2695
 4067.00       0.5551       3.4484
 4068.04       1.4662       3.5641
 4069.08       0.0874       3.2562
 4070.11      -0.2205       3.1479
 4071.15       0.1515       3.1479
 4072.19       0.9966       3.0905
 4073.23      -0.1030       2.9664
 4074.26      -0.7095       2.8228
 4075.30      -1.7322       2.7493
 4076.34      -0.3367       3.0271
 4077.38       1.3404       3.1765
 4078.42       0.9908       2.9917
 4079.45       1.4437       3.0672
 4080.49       1.5350       3.2403
 4081.53       0.6965       3.2288
 4082.57       0.1215       3.0280
 4083.60       1.1908       2.9388
 4084.64       2.0578       3.0856
 4085.68       1.3286       3.0392
 4086.72       1.7369       3.0317
 4087.75       1.4957       3.1163
 4088.79       1.7878       3.0939
 4089.83       1.5181       2.9734
 4090.87       0.0323       2.8857
 4091.91       0.3910       2.9532
 4092.94       0.5718       2.9984
 4093.98      -0.4121       2.8430
 4095.02       0.1787       2.7585
 4096.06       2.3294       2.9366
 4097.09       3.7388       3.0197
 4098.13       0.6512       2.6678
 4099.17      -0.2632       2.5474
 4100.21       2.8752       2.8254
 4101.25       0.2952       2.4343
 4102.28       0.6595       2.4533
 4103.32       1.2931       2.4694
 4104.36      -0.0901       2.4518
 4105.40       0.9716       2.5638
 4106.43       1.5405       2.6142
 4107.47       1.3404       2.6089
 4108.51       1.4269       2.7102
 4109.55       0.5240       2.5249
 4110.58      -0.4777       2.4020
 4111.62       0.7782       2.5433
 4112.66       0.7739       2.5068
 4113.70      -0.2310       2.3933
 4114.74      -0.6259       2.3977
 4115.77       0.5687       2.4839
 4116.81      -0.8138       2.2972
 4117.85      -0.1680       2.2761
 4118.89       0.9324       2.3630
 4119.92       1.8840       2.4171
 4120.96       2.0953       2.4419
 4122.00       1.2873       2.4890
 4123.04       1.9455       2.5969
 4124.08       0.7596       2.4713
 4125.11       0.0787       2.3333
 4126.15       2.0264       2.5740
 4127.19       1.2812       2.4873
 4128.23       1.6598       2.5786
 4129.26       0.3914       2.4325
 4130.30       0.6500       2.3614
 4131.34       0.1308       2.2941
 4132.38       0.7384       2.4022
 4133.42       2.5067       2.5512
 4134.45       0.0471       2.3481
 4135.49      -0.1761       2.4547
 4136.53       0.8320       2.5585
 4137.57       0.3616       2.4913
 4138.60       0.3916       2.4852
 4139.64       1.3607       2.4961
 4140.68       0.4903       2.3389
 4141.72      -0.0792       2.2389
 4142.75      -0.2432       2.1875
 4143.79       1.1393       2.2467
 4144.83       0.0105       2.1605
 4145.87      -0.3986       2.2514
 4146.91       0.7427       2.3203
 4147.94      -1.0078       2.1818
 4148.98       2.0996       2.3733
 4150.02       1.1310       2.2964
 4151.06       1.4282       2.2686
 4152.09      -0.0317       2.0564
 4153.13       1.0775       2.2280
 4154.17       0.0491       2.2109
 4155.21       2.1598       2.4863
 4156.25       2.3713       2.5983
 4157.28       2.2915       2.5870
 4158.32       1.3451       2.3893
 4159.36       0.7084       2.3580
 4160.40       3.2376       2.5973
 4161.43       0.5837       2.3743
 4162.47      -1.2930       2.2870
 4163.51       1.5905       2.5297
 4164.55       2.2888       2.6009
 4165.59       1.6678       2.5622
 4166.62       1.3102       2.5100
 4167.66      -0.2339       2.3450
 4168.70       1.4139       2.5568
 4169.74       0.8540       2.4152
 4170.77      -0.5535       2.2120
 4171.81       1.6944       2.4839
 4172.85       1.7318       2.3878
 4173.89       0.9480       2.2575
 4174.92       0.4345       2.0778
 4175.96      -0.2500       2.0396
 4177.00       1.3848       2.2171
 4178.04       1.4330       2.2687
 4179.08       2.0348       2.3402
 4180.11       1.3022       2.2424
 4181.15       0.4796       2.1730
 4182.19       2.2978       2.1854
 4183.23       4.2454       2.3194
 4184.26       1.7693       2.0776
 4185.30      -0.5358       1.9286
 4186.34      -0.2124       1.8454
 4187.38       0.5107       1.9081
 4188.42       1.7540       1.9539
 4189.45       2.0589       2.0658
 4190.49       1.7890       2.0536
 4191.53       1.9609       2.0641
 4192.57      -0.1689       1.9025
 4193.60      -0.3665       1.8450
 4194.64      -0.1159       1.8608
 4195.68       1.1169       1.8834
 4196.72       0.0348       1.6952
 4197.76       0.0067       1.7092
 4198.79       2.0441       1.8771
 4199.83       0.8312       1.7845
 4200.87       0.7349       1.7925
 4201.91       0.4454       1.7422
 4202.94       0.5730       1.7682
 4203.98       0.7480       1.8218
 4205.02      -0.1280       1.7376
 4206.06       2.0783       1.9735
 4207.09       2.0837       2.0062
 4208.13       1.8147       1.9653
 4209.17       0.9163       1.9061
 4210.21       3.1237       1.9968
 4211.25       2.9522       1.9355
 4212.28       1.7464       1.8701
 4213.32       2.1319       1.9017
 4214.36      -0.9092       1.5762
 4215.40       1.2241       1.8154
 4216.43       2.6370       1.9302
 4217.47      -0.8833       1.6119
 4218.51       0.1844       1.7010
 4219.55       0.4195       1.6782
 4220.59       3.1357       1.9398
 4221.62       2.0500       1.7999
 4222.66      -0.2682       1.7438
 4223.70       0.4521       1.8935
 4224.74      -1.2024       1.5112
 4225.77      -0.5382       1.4122
 4226.81       0.4457       1.5306
 4227.85       1.5847       1.6005
 4228.89       0.8919       1.5828
 4229.93      -0.2190       1.5833
 4230.96       0.4230       1.7400
 4232.00       2.0452       1.8360
 4233.04       1.1787       1.2198
 4234.08      -0.6626       1.8583
 4235.11       2.1047       2.3440
 4236.15       4.4677       2.5128
 4237.19       2.1258       1.9234
 4238.23       0.2603       1.3733
 4239.26       0.8023       1.5707
 4240.30       1.7041       1.5796
 4241.34       1.8971       1.5817
 4242.38       1.6703       1.6371
 4243.42       1.2968       1.6031
 4244.45       2.4873       1.7492
 4245.49       1.6840       1.6983
 4246.53       1.6699       1.7165
 4247.57       0.4725       1.6200
 4248.60       0.9452       1.5897
 4249.64      -0.0442       1.5004
 4250.68       0.1448       1.4883
 4251.72       0.9046       1.6300
 4252.76       0.9153       1.6875
 4253.79       1.4344       1.6728
 4254.83       0.7732       1.6525
 4255.87       0.2336       1.5760
 4256.91       0.8052       1.5886
 4257.94       0.4830       1.5917
 4258.98       0.3484       1.5023
 4260.02       1.1573       1.5174
 4261.06      -0.0323       1.4375
 4262.10       0.6205       1.4632
 4263.13       1.2909       1.6200
 4264.17      -1.5947       1.5206
 4265.21      -0.5019       1.5151
 4266.25       1.8002       1.6474
 4267.28       0.5855       1.5565
 4268.32      -0.1107       1.4612
 4269.36       0.5878       1.4724
 4270.40       1.6815       1.4918
 4271.43       0.9175       1.4606
 4272.47       0.2932       1.4019
 4273.51       0.8461       1.4270
 4274.55       0.7227       1.4420
 4275.59       0.3509       1.4265
 4276.62       0.6903       1.4635
 4277.66      -0.0447       1.4088
 4278.70       0.8561       1.4286
 4279.74       1.6970       1.4552
 4280.77       0.4416       1.4296
 4281.81       0.8739       1.4492
 4282.85       0.3929       1.3905
 4283.89       1.0455       1.4367
 4284.93       2.3056       1.4690
 4285.96       0.7567       1.3485
 4287.00       0.6266       1.3127
 4288.04      -0.2357       1.2450
 4289.08      -0.3573       1.1808
 4290.11       1.1145       1.2888
 4291.15       0.6949       1.3107
 4292.19       0.2425       1.2956
 4293.23       1.2614       1.3598
 4294.27       0.4928       1.3229
 4295.30      -0.2870       1.2404
 4296.34       0.0129       1.2477
 4297.38       0.1596       1.2145
 4298.42       0.2801       1.1688
 4299.45       0.2230       1.1462
 4300.49       0.2159       1.1054
 4301.53       0.5199       1.1004
 4302.57       0.0295       1.0278
 4303.60       0.2945       1.0450
 4304.64       0.6095       1.0996
 4305.68       1.8199       1.1757
 4306.72       1.8606       1.1889
 4307.76       0.6457       1.1282
 4308.79       1.4849       1.1624
 4309.83       1.5129       1.1603
 4310.87       0.8972       1.1371
 4311.91       0.1532       1.1278
 4312.94       0.7248       1.1746
 4313.98       0.9743       1.2666
 4315.02       0.3882       1.2734
 4316.06       0.8221       1.2945
 4317.10       2.4388       1.4498
 4318.13       1.2711       1.4167
 4319.17       0.1262       1.3025
 4320.21       0.2314       1.3232
 4321.25      -0.1466       1.2836
 4322.28       0.0040       1.2575
 4323.32       0.7887       1.1803
 4324.36      -0.2781       1.0742
 4325.40       0.3101       1.1260
 4326.44       1.0918       1.2106
 4327.47       0.1535       1.1736
 4328.51       0.2074       1.2030
 4329.55       1.2296       1.3359
 4330.59       1.3131       1.3180
 4331.62       1.1140       1.3357
 4332.66       0.5207       1.4198
 4333.70       0.0144       1.3030
 4334.74       0.5262       1.2281
 4335.77       0.5473       1.2880
 4336.81       0.0098       1.2363
 4337.85       0.0074       1.1525
 4338.89       0.0914       1.1465
 4339.93       0.6365       1.1299
 4340.96       0.6397       1.1070
 4342.00       1.3141       1.1868
 4343.04       0.9305       1.1857
 4344.08      -0.2070       1.1546
 4345.11      -0.3944       1.1659
 4346.15       0.0057       1.1629
 4347.19       0.0731       1.1909
 4348.23       0.0802       1.2484
 4349.27      -0.2874       1.2045
 4350.30       0.0070       1.1744
 4351.34      -0.0621       1.1528
 4352.38       1.0695       1.2065
 4353.42       0.8176       1.2016
 4354.45       1.4819       1.2003
 4355.49       0.2541       1.1427
 4356.53       1.5670       1.2843
 4357.57       2.0201       1.3491
 4358.60       1.0055       1.2761
 4359.64       1.6374       1.2782
 4360.68       1.3790       1.2696
 4361.72       0.1503       1.2198
 4362.76       0.3295       1.2110
 4363.79       1.2095       1.2473
 4364.83       0.9939       1.2472
 4365.87       0.7925       1.2191
 4366.91       1.9015       1.2482
 4367.94       1.6111       1.2324
 4368.98      -0.1382       1.1199
 4370.02       0.0040       1.1155
 4371.06       1.0964       1.1842
 4372.10       1.8210       1.2063
 4373.13       1.6718       1.2305
 4374.17       1.2807       1.2109
 4375.21       0.9664       1.1901
 4376.25       0.9610       1.2321
 4377.28       0.7576       1.2257
 4378.32       0.3734       1.1891
 4379.36       1.0488       1.2549
 4380.40       1.2404       1.2421
 4381.44      -0.0155       1.1387
 4382.47       0.4797       1.1342
 4383.51       0.1685       1.0506
 4384.55       0.4737       1.0273
 4385.59       1.8033       1.1420
 4386.62       0.9439       1.1393
 4387.66       0.7847       1.1339
 4388.70       0.9781       1.1173
 4389.74       2.3552       1.1993
 4390.77       1.5198       1.1928
 4391.81      -0.5485       1.0498
 4392.85      -0.2391       1.0586
 4393.89       1.7681       1.2119
 4394.93       1.1382       1.1772
 4395.96       1.0319       1.1517
 4397.00       0.0817       1.0959
 4398.04      -0.2987       1.1131
 4399.08       1.9456       1.2291
 4400.11       2.2936       1.2134
 4401.15       2.3531       1.2611
 4402.19       2.0853       1.2869
 4403.23       1.1432       1.2637
 4404.27       0.9545       1.2392
 4405.30       1.0969       1.2706
 4406.34       1.8161       1.3139
 4407.38       0.7581       1.2863
 4408.42       1.1664       1.3322
 4409.45      -0.9249       1.2150
 4410.49      -0.3757       1.2567
 4411.53       1.0335       1.3426
 4412.57       1.2792       1.3253
 4413.61       0.6507       1.2738
 4414.64       1.0157       1.2497
 4415.68       0.5895       1.2423
 4416.72       0.3046       1.2501
 4417.76       0.6508       1.2682
 4418.79       2.1188       1.3817
 4419.83       0.8202       1.3153
 4420.87      -0.0454       1.2932
 4421.91       1.7240       1.3405
 4422.94       0.3869       1.2074
 4423.98       0.8542       1.2391
 4425.02       1.0854       1.2787
 4426.06       1.8080       1.3407
 4427.10       1.3947       1.3270
 4428.13       0.1215       1.2577
 4429.17       0.9518       1.2575
 4430.21       2.5147       1.3206
 4431.25       0.1508       1.2115
 4432.28       0.8033       1.2164
 4433.32       0.7073       1.2207
 4434.36       1.5721       1.1948
 4435.40       1.8516       1.2078
 4436.44       2.0864       1.2510
 4437.47       0.4274       1.2339
 4438.51       1.1590       1.2961
 4439.55       2.3469       1.3346
 4440.59       2.0079       1.2651
 4441.62       0.0153       1.1172
 4442.66       0.3729       1.0705
 4443.70       0.4775       1.1047
 4444.74       1.3895       1.2254
 4445.78       0.5055       1.1689
 4446.81       2.8263       1.2683
 4447.85       2.0576       1.2231
 4448.89       1.6956       1.1777
 4449.93       1.5553       1.1815
 4450.96       0.3287       1.1030
 4452.00       0.3807       1.1070
 4453.04       0.4885       1.0786
 4454.08       0.6109       1.0501
 4455.11      -0.0163       0.9931
 4456.15       0.3226       0.9892
 4457.19       1.0763       1.0146
 4458.23       0.0428       0.9614
 4459.27       1.4837       1.0589
 4460.30       1.4612       1.0633
 4461.34       0.8712       1.0210
 4462.38       0.7299       1.0043
 4463.42       0.5509       1.0370
 4464.45      -0.1970       1.0027
 4465.49       0.4633       1.0576
 4466.53       0.2131       1.0398
 4467.57       0.7545       1.0566
 4468.61       0.8387       1.0503
 4469.64       0.8209       1.0838
 4470.68       0.1635       0.9900
 4471.72       2.0212       1.1027
 4472.76      -0.3443       0.9724
 4473.79      -0.5800       0.9809
 4474.83       1.0836       1.0765
 4475.87       1.6389       1.1065
 4476.91       0.4411       1.0390
 4477.95       1.5103       1.1066
 4478.98       1.1404       1.0863
 4480.02       1.6202       1.0453
 4481.06       1.1935       1.0210
 4482.10      -0.4351       0.9317
 4483.13      -0.5807       0.9375
 4484.17       0.5407       1.0094
 4485.21       0.9379       1.0561
 4486.25       0.2741       1.0517
 4487.28      -0.3994       0.9920
 4488.32       1.9217       1.1266
 4489.36       1.5984       1.0730
 4490.40       0.6979       0.9923
 4491.44       2.0812       1.1200
 4492.47       1.0727       1.0760
 4493.51       0.8675       1.0593
 4494.55       1.0184       1.0501
 4495.59       1.9413       1.1183
 4496.62       1.5600       1.1305
 4497.66       1.5544       1.1012
 4498.70       0.2804       1.0505
 4499.74      -0.2412       1.0282
 4500.78       1.6112       1.0936
 4501.81       1.5896       1.0888
 4502.85       0.8624       1.0881
 4503.89       1.1532       1.1068
 4504.93       1.0856       1.0841
 4505.96       1.0299       1.1010
 4507.00       0.8485       1.0848
 4508.04       0.4197       1.0267
 4509.08      -0.0343       1.0388
 4510.12       0.2871       1.0856
 4511.15      -0.2093       1.0489
 4512.19       0.3044       1.0646
 4513.23       1.1859       1.0913
 4514.27       0.1549       1.0096
 4515.30       0.0365       0.9950
 4516.34       0.4232       1.0512
 4517.38       1.1126       1.0470
 4518.42       0.9180       1.0271
 4519.45       0.8977       1.0402
 4520.49      -0.3751       1.0250
 4521.53       0.5804       1.0374
 4522.57       0.3691       1.0384
 4523.61       0.0070       1.0400
 4524.64       0.4063       1.0202
 4525.68      -0.7523       0.9473
 4526.72      -0.1794       0.9848
 4527.76       1.2789       1.0544
 4528.79       1.1340       1.0608
 4529.83       0.2552       1.0193
 4530.87       0.8183       1.0547
 4531.91       0.1186       1.0421
 4532.95       0.3261       1.0653
 4533.98       0.2173       0.9902
 4535.02       1.0930       1.0361
 4536.06       1.5254       1.0524
 4537.10       0.7836       1.0332
 4538.13       0.0963       1.0177
 4539.17      -0.4300       0.9488
 4540.21      -0.1156       0.9602
 4541.25       1.3796       1.0470
 4542.29       0.4362       1.0001
 4543.32       1.1043       1.0730
 4544.36       1.3771       1.0864
 4545.40       1.6574       1.0547
 4546.44       1.5985       1.0575
 4547.47       0.6985       1.0220
 4548.51       0.4159       0.9819
 4549.55       0.8697       0.9602
 4550.59       1.7464       0.9836
 4551.62       1.8845       1.0400
 4552.66       1.8052       1.0385
 4553.70       1.0423       0.9752
 4554.74       0.6746       0.9203
 4555.78      -0.0756       0.8867
 4556.81       0.1231       0.9330
 4557.85       0.3802       0.9566
 4558.89       0.1950       0.9659
 4559.93       0.8547       1.0202
 4560.96       1.3141       1.0110
 4562.00       0.6698       0.9902
 4563.04       0.2373       0.9501
 4564.08       0.9191       0.9428
 4565.12       0.3569       0.9139
 4566.15       2.0020       1.0034
 4567.19       1.2299       0.9803
 4568.23      -0.2019       0.8882
 4569.27       0.4624       0.9466
 4570.30       0.4540       0.9597
 4571.34       0.0386       0.8940
 4572.38       0.7562       0.9296
 4573.42       0.5623       0.9497
 4574.46       0.3453       0.9315
 4575.49       1.0506       0.9680
 4576.53       1.1018       0.9799
 4577.57       1.7370       1.0091
 4578.61       1.1055       0.9891
 4579.64       1.0983       0.9940
 4580.68       1.0893       0.9710
 4581.72      -0.2544       0.8936
 4582.76      -0.0255       0.9106
 4583.79       0.4023       0.9173
 4584.83       0.2655       0.9029
 4585.87       0.8140       0.9295
 4586.91       1.4096       0.9635
 4587.95       1.2586       0.9543
 4588.98       1.6241       0.9821
 4590.02       1.1830       0.9512
 4591.06       0.2552       0.8899
 4592.10       1.0471       0.9083
 4593.13       1.7576       0.9454
 4594.17       0.7848       0.8942
 4595.21       0.1342       0.8468
 4596.25       1.2706       0.8992
 4597.29       1.1415       0.9053
 4598.32       0.5561       0.8822
 4599.36       0.4531       0.8533
 4600.40       0.4995       0.8434
 4601.44       0.8225       0.8570
 4602.47       1.1268       0.8804
 4603.51       2.7590       0.9537
 4604.55       2.7728       0.9949
 4605.59       2.2839       0.9810
 4606.62       1.3576       0.8936
 4607.66       1.0292       0.8933
 4608.70       0.6969       0.9141
 4609.74       0.2179       0.8871
 4610.78       0.7299       0.9027
 4611.81       0.7697       0.8919
 4612.85       1.8364       0.9078
 4613.89       2.2838       0.9321
 4614.93       0.4817       0.8575
 4615.96      -0.0308       0.8442
 4617.00       1.4203       0.9184
 4618.04       1.0282       0.8980
 4619.08       1.1950       0.8881
 4620.12       1.2781       0.9089
 4621.15       0.8632       0.8877
 4622.19       1.0347       0.8760
 4623.23       0.5082       0.7412
 4624.27       0.9272       1.1379
 4625.30       1.3090       1.2420
 4626.34       0.7816       1.1804
 4627.38       1.0680       0.9488
 4628.42       1.2255       0.8610
 4629.46       1.3024       0.8911
 4630.49       0.8609       0.8687
 4631.53       0.9361       0.8808
 4632.57       1.2195       0.8844
 4633.61       1.0207       0.8587
 4634.64       0.1711       0.8303
 4635.68       0.3728       0.8261
 4636.72       1.4156       0.8649
 4637.76       0.0519       0.7926
 4638.79       0.1608       0.7755
 4639.83       2.2309       0.8944
 4640.87       2.0674       0.9025
 4641.91       0.5069       0.8476
 4642.95       0.6306       0.8421
 4643.98       1.1901       0.8328
 4645.02       0.1784       0.7732
 4646.06      -0.0148       0.7686
 4647.10       1.6156       0.8319
 4648.13       1.4179       0.8165
 4649.17       1.2535       0.8234
 4650.21       1.3808       0.8308
 4651.25       0.4767       0.8082
 4652.29       1.3313       0.8482
 4653.32       0.9415       0.8149
 4654.36       0.2067       0.7652
 4655.40       1.4672       0.8176
 4656.44       0.3950       0.8036
 4657.47       0.7314       0.8506
 4658.51       1.7929       0.9074
 4659.55       1.0477       0.9090
 4660.59       1.0011       0.8988
 4661.62       1.2013       0.8894
 4662.66       1.3234       0.8639
 4663.70       1.5072       0.8742
 4664.74       1.7521       0.8635
 4665.78       0.4264       0.7936
 4666.81       0.7105       0.7785
 4667.85       0.8240       0.7691
 4668.89      -0.4115       0.7176
 4669.93       0.3167       0.7718
 4670.96       1.6583       0.8627
 4672.00       0.7431       0.8225
 4673.04       0.8765       0.8371
 4674.08       1.1747       0.8617
 4675.12       0.7546       0.8547
 4676.15       0.2894       0.8217
 4677.19       0.5447       0.8104
 4678.23       0.4063       0.7959
 4679.27       0.5877       0.7803
 4680.30       0.9812       0.7917
 4681.34       1.0264       0.8142
 4682.38       0.1309       0.8034
 4683.42       0.9446       0.8191
 4684.46       0.8243       0.8068
 4685.49       2.0017       0.8754
 4686.53       1.8385       0.8546
 4687.57       0.2886       0.7791
 4688.61       0.2195       0.7701
 4689.64       0.1753       0.7661
 4690.68       0.9001       0.7978
 4691.72       0.7937       0.7893
 4692.76       1.3761       0.8085
 4693.79       1.4888       0.7999
 4694.83       0.4386       0.7610
 4695.87       0.4599       0.7559
 4696.91      -0.8441       0.7121
 4697.95       0.6964       0.7571
 4698.98       2.1398       0.8100
 4700.02       1.5721       0.8136
 4701.06       1.3281       0.7713
 4702.10       0.6546       0.7241
 4703.13       0.6851       0.7358
 4704.17       0.1908       0.7116
 4705.21      -0.0914       0.6931
 4706.25       0.8322       0.7471
 4707.29       1.4390       0.7604
 4708.32       0.4018       0.7245
 4709.36       0.0152       0.7274
 4710.40       0.6041       0.7502
 4711.44       0.8714       0.7566
 4712.47       0.6298       0.7453
 4713.51       0.7738       0.7420
 4714.55      -0.0236       0.6927
 4715.59       0.6411       0.7653
 4716.62       0.7466       0.7574
 4717.66       0.4837       0.7415
 4718.70       1.3891       0.7863
 4719.74       1.1860       0.7640
 4720.78       0.7233       0.7321
 4721.81       0.4570       0.7130
 4722.85      -0.0906       0.6836
 4723.89       0.0832       0.7164
 4724.93       0.9073       0.8086
 4725.96       0.4818       0.8172
 4727.00      -0.3294       0.6689
 4728.04       0.8103       0.7215
 4729.08       1.6936       0.7586
 4730.12       1.1838       0.7353
 4731.15       1.1316       0.7268
 4732.19       0.5157       0.7093
 4733.23       1.0918       0.7312
 4734.27       1.4882       0.7284
 4735.30       0.1991       0.6799
 4736.34       1.3676       0.7468
 4737.38       0.6518       0.7146
 4738.42      -0.0289       0.6764
 4739.46       0.1298       0.7158
 4740.49       1.6704       0.7631
 4741.53       1.2530       0.7250
 4742.57      -0.6628       0.6474
 4743.61      -0.6095       0.6418
 4744.64       1.0462       0.7217
 4745.68       1.2371       0.7466
 4746.72       1.6248       0.7576
 4747.76       1.3081       0.7333
 4748.80       0.8129       0.7192
 4749.83      -0.1622       0.6720
 4750.87       0.0767       0.6900
 4751.91      -0.2176       0.6552
 4752.95       0.4539       0.6753
 4753.98       0.4193       0.6874
 4755.02      -0.2195       0.6545
 4756.06       1.5835       0.7413
 4757.10       0.8371       0.6839
 4758.13       0.8362       0.6923
 4759.17       0.1570       0.6921
 4760.21       1.0740       0.7059
 4761.25       0.4341       0.6771
 4762.29       1.6469       0.7108
 4763.32       1.0009       0.6823
 4764.36       0.7922       0.6746
 4765.40       0.4893       0.6545
 4766.44       1.2510       0.6853
 4767.47       1.5356       0.6955
 4768.51       1.1141       0.7116
 4769.55       0.9572       0.7070
 4770.59       0.3584       0.6595
 4771.63       2.1421       0.7458
 4772.66       0.8759       0.6909
 4773.70      -0.0750       0.6472
 4774.74       0.7965       0.6932
 4775.78       1.2337       0.7031
 4776.81       0.4219       0.6745
 4777.85       1.1801       0.7243
 4778.89       1.2505       0.6995
 4779.93       1.0866       0.6914
 4780.97       1.0448       0.6958
 4782.00       1.1184       0.6929
 4783.04       0.5784       0.6739
 4784.08       0.5095       0.6766
 4785.12       0.5961       0.6615
 4786.15       1.7033       0.7086
 4787.19       1.2166       0.7009
 4788.23      -0.2680       0.6313
 4789.27       0.0119       0.6381
 4790.30      -0.9878       0.5990
 4791.34       0.6090       0.6776
 4792.38       0.1563       0.6846
 4793.42       1.4356       0.7215
 4794.46       0.9446       0.6921
 4795.49      -0.5407       0.6565
 4796.53       1.8271       0.7507
 4797.57       1.1039       0.7095
 4798.61      -0.1675       0.6393
 4799.64      -0.5820       0.6323
 4800.68      -0.6032       0.6367
 4801.72       1.2397       0.6943
 4802.76       0.6927       0.6768
 4803.80       1.5427       0.7280
 4804.83       0.3216       0.6892
 4805.87      -0.8878       0.6045
 4806.91       0.8016       0.6797
 4807.95      -0.0498       0.6390
 4808.98       0.4452       0.6701
 4810.02       0.8428       0.6777
 4811.06       0.2166       0.6483
 4812.10       0.7229       0.6826
 4813.14       1.1940       0.6945
 4814.17       0.7489       0.6935
 4815.21       0.3845       0.6915
 4816.25      -0.7015       0.6697
 4817.29       0.5773       0.7229
 4818.32      -0.5034       0.6894
 4819.36       0.1132       0.6919
 4820.40       0.6930       0.7303
 4821.44       1.3363       0.7688
 4822.47       1.6116       0.7474
 4823.51       0.9513       0.7140
 4824.55       0.3712       0.7033
 4825.59       2.1071       0.7627
 4826.63       0.5411       0.6908
 4827.66       0.9039       0.7138
 4828.70       0.1081       0.6834
 4829.74       1.1461       0.7159
 4830.78       1.2941       0.7192
 4831.81       0.2503       0.6547
 4832.85       2.5452       0.7591
 4833.89       1.1049       0.7362
 4834.93      -0.2391       0.6731
 4835.97      -0.0829       0.6693
 4837.00       0.0100       0.6778
 4838.04       0.7279       0.6934
 4839.08       1.0156       0.7222
 4840.12      -0.5585       0.6291
 4841.15       1.1965       0.6933
 4842.19       1.2633       0.6919
 4843.23       1.4081       0.6930
 4844.27       1.0423       0.6799
 4845.31       0.1698       0.6436
 4846.34       0.4565       0.6817
 4847.38       0.1969       0.6722
 4848.42       1.2368       0.6697
 4849.46       0.8055       0.6425
 4850.49       2.0442       0.6912
 4851.53       0.6619       0.6443
 4852.57       1.5687       0.6688
 4853.61       1.6608       0.6640
 4854.64       1.9156       0.6619
 4855.68       0.9042       0.5948
 4856.72       0.1365       0.5539
 4857.76       0.9225       0.5676
 4858.80       0.3729       0.5415
 4859.83       0.2025       0.5344
 4860.87       1.3911       0.5766
 4861.91       0.6634       0.5609
 4862.95       0.6370       0.5475
 4863.98       0.7324       0.5469
 4865.02       0.4321       0.5326
 4866.06       0.7646       0.5517
 4867.10       0.1002       0.5359
 4868.14       0.2947       0.5421
 4869.17       0.9011       0.5564
 4870.21       0.6849       0.5384
 4871.25       0.9569       0.5252
 4872.29       0.3927       0.4942
 4873.32       1.2005       0.5400
 4874.36      -0.0688       0.4939
 4875.40       0.7265       0.5290
 4876.44       1.2029       0.5392
 4877.48       0.3406       0.5216
 4878.51       1.2468       0.5623
 4879.55       1.0282       0.5620
 4880.59       0.3991       0.5333
 4881.63       1.2005       0.5720
 4882.66       1.8763       0.5873
 4883.70       1.0776       0.5539
 4884.74       0.1584       0.5193
 4885.78       0.5843       0.5374
 4886.81       1.3134       0.5648
 4887.85       0.7852       0.5501
 4888.89       0.8264       0.5405
 4889.93       1.0562       0.5496
 4890.97      -0.0792       0.5173
 4892.00       0.5265       0.5463
 4893.04       0.4622       0.5492
 4894.08       1.9021       0.6127
 4895.12       2.2952       0.6204
 4896.15       2.9162       0.6472
 4897.19       2.4581       0.6435
 4898.23       4.0685       0.6834
 4899.27       2.8714       0.6542
 4900.31       1.3581       0.5820
 4901.34       0.6802       0.5556
 4902.38      -0.8645       0.5165
 4903.42      -0.1531       0.5397
 4904.46       0.1644       0.5665
 4905.49       0.1987       0.5778
 4906.53       0.2964       0.5813
 4907.57       0.1490       0.5443
 4908.61      -0.0913       0.5437
 4909.65       0.1731       0.5233
 4910.68       2.0213       0.5878
 4911.72       0.9634       0.5782
 4912.76       1.8047       0.6073
 4913.80       1.6008       0.5897
 4914.83       0.6815       0.5714
 4915.87       0.9010       0.5696
 4916.91       0.7442       0.5589
 4917.95      -0.3350       0.4972
 4918.98       0.2426       0.4967
 4920.02      -0.0628       0.5061
 4921.06       0.0954       0.4947
 4922.10       0.3703       0.5301
 4923.14       0.5366       0.5449
 4924.17      -0.0279       0.5391
 4925.21      -0.3249       0.5389
 4926.25       0.1812       0.5453
 4927.29       1.2212       0.5764
 4928.32       0.6170       0.5429
 4929.36       1.3930       0.5738
 4930.40       1.3751       0.5916
 4931.44       0.3685       0.5364
 4932.48       1.7695       0.5718
 4933.51       1.4835       0.5679
 4934.55       1.5684       0.5810
 4935.59       0.9745       0.5621
 4936.63       1.5207       0.5791
 4937.66       1.2458       0.5669
 4938.70       1.2318       0.5461
 4939.74       0.1409       0.5151
 4940.78       1.2960       0.5496
 4941.81       1.4311       0.5691
 4942.85       0.5116       0.5383
 4943.89       1.1134       0.5623
 4944.93       0.7283       0.5346
 4945.97       1.0324       0.5537
 4947.00       1.6469       0.5713
 4948.04       0.6133       0.5505
 4949.08      -0.1872       0.5230
 4950.12       1.2192       0.5916
 4951.15       0.9344       0.5794
 4952.19       0.4956       0.5449
 4953.23       0.7596       0.5671
 4954.27       0.7065       0.5689
 4955.31       0.7860       0.5508
 4956.34       0.7090       0.5134
 4957.38       0.0795       0.4923
 4958.42       1.9646       0.5610
 4959.46       1.1907       0.5396
 4960.49       1.8156       0.5802
 4961.53       1.4974       0.5743
 4962.57       0.2077       0.5378
 4963.61       1.0914       0.5622
 4964.65       0.7997       0.5571
 4965.68       0.9227       0.5690
 4966.72       0.7016       0.5637
 4967.76       0.1864       0.5460
 4968.80       1.1897       0.5813
 4969.83       0.7859       0.5546
 4970.87       0.7107       0.5529
 4971.91       1.7196       0.6059
 4972.95       1.2317       0.5687
 4973.98       0.5163       0.5363
 4975.02       0.8367       0.5454
 4976.06       1.5834       0.5739
 4977.10       0.1073       0.5415
 4978.14       0.6870       0.5299
 4979.17       0.1335       0.5271
 4980.21       0.2401       0.5030
 4981.25       0.0700       0.4792
 4982.29       0.5215       0.4933
 4983.32       0.1283       0.4864
 4984.36       1.3008       0.5126
 4985.40       1.4708       0.5168
 4986.44       0.7552       0.5122
 4987.48       1.2156       0.5251
 4988.51       0.8112       0.5271
 4989.55       1.6243       0.5636
 4990.59       0.6247       0.5264
 4991.63       0.1914       0.5029
 4992.66       0.4727       0.4965
 4993.70       0.9665       0.5313
 4994.74       0.7789       0.5329
 4995.78       0.9538       0.5474
 4996.81       0.6887       0.5281
 4997.85       2.3203       0.5757
 4998.89       0.7129       0.5186
 4999.93       0.0295       0.4720
 5000.97       1.5055       0.5138
 5002.00       1.1286       0.5040
 5003.04       0.9170       0.5042
 5004.08       0.4308       0.4830
 5005.12       1.2448       0.5060
 5006.15       0.0298       0.4583
 5007.19       0.9972       0.5011
 5008.23       1.1777       0.5106
 5009.27      -0.2022       0.4675
 5010.31       1.3806       0.5182
 5011.34       0.4504       0.4736
 5012.38       0.3997       0.4539
 5013.42      -0.4697       0.4250
 5014.46       0.5982       0.4617
 5015.49       1.0286       0.4784
 5016.53       0.5923       0.4559
 5017.57       0.0503       0.4307
 5018.61       0.9986       0.4863
 5019.65       1.3165       0.4886
 5020.68       1.0228       0.4801
 5021.72       0.7073       0.4614
 5022.76       1.2683       0.4861
 5023.80       1.8571       0.4958
 5024.83       1.6071       0.4898
 5025.87       1.4885       0.4868
 5026.91       0.1886       0.4367
 5027.95       1.0157       0.4685
 5028.98       0.7528       0.4669
 5030.02       1.0297       0.4831
 5031.06       1.4255       0.4843
 5032.10       0.2937       0.4708
 5033.14       0.8058       0.4938
 5034.17       0.3340       0.4589
 5035.21       0.3270       0.4500
 5036.25       0.7726       0.4641
 5037.29       1.2830       0.4732
 5038.32       0.4605       0.4478
 5039.36       1.0094       0.4617
 5040.40       0.4667       0.4351
 5041.44       0.5565       0.4413
 5042.48       0.6175       0.4494
 5043.51       0.4332       0.4455
 5044.55       0.7421       0.4618
 5045.59      -0.0394       0.4335
 5046.63       1.3810       0.5023
 5047.66       0.8280       0.4662
 5048.70       1.6845       0.4841
 5049.74       2.1641       0.4964
 5050.78       1.3613       0.4707
 5051.82       1.3697       0.4762
 5052.85       1.0534       0.4767
 5053.89       0.4298       0.4638
 5054.93       0.2858       0.4547
 5055.97       0.5096       0.4633
 5057.00       0.5012       0.4676
 5058.04       1.5650       0.5164
 5059.08       1.0271       0.4855
 5060.12       1.9180       0.5064
 5061.16       0.7457       0.4697
 5062.19       1.2909       0.4944
 5063.23       0.8798       0.4800
 5064.27       0.9456       0.4596
 5065.31       1.4007       0.4757
 5066.34       1.3976       0.4717
 5067.38       1.3803       0.4743
 5068.42       0.7642       0.4689
 5069.46       0.7137       0.4842
 5070.49       0.6505       0.4593
 5071.53       0.7260       0.4517
 5072.57       0.1600       0.4336
 5073.61       1.1319       0.4700
 5074.65       1.6281       0.4826
 5075.68       1.1315       0.4790
 5076.72       1.4989       0.4847
 5077.76       0.7976       0.4627
 5078.80       0.8455       0.4437
 5079.83       0.1365       0.4211
 5080.87       1.0021       0.4569
 5081.91       1.0769       0.4529
 5082.95       1.6503       0.4809
 5083.99       1.3569       0.4781
 5085.02       1.2009       0.4729
 5086.06       0.2773       0.4525
 5087.10       1.5505       0.4997
 5088.14       1.2779       0.4748
 5089.17       1.3135       0.4787
 5090.21       1.1974       0.4742
 5091.25       1.2510       0.4722
 5092.29       1.7979       0.4997
 5093.33       1.6035       0.4880
 5094.36       0.1359       0.4375
 5095.40       1.0275       0.4545
 5096.44       0.8834       0.4489
 5097.48       0.3056       0.4206
 5098.51       0.9543       0.4297
 5099.55       1.7720       0.4616
 5100.59       0.6863       0.4418
 5101.63       1.0021       0.4573
 5102.66       0.6296       0.4605
 5103.70       0.6807       0.4620
 5104.74       0.8299       0.4565
 5105.78       0.7146       0.4562
 5106.82       1.0842       0.4497
 5107.85       1.1062       0.4396
 5108.89       0.9532       0.4367
 5109.93       1.0601       0.4458
 5110.97       0.7957       0.4442
 5112.00       0.6309       0.4290
 5113.04       0.6805       0.4411
 5114.08       1.7195       0.4768
 5115.12       1.1335       0.4593
 5116.16       0.7473       0.4481
 5117.19       1.0765       0.4598
 5118.23       0.3530       0.4329
 5119.27       1.5962       0.4801
 5120.31       1.5646       0.4766
 5121.34       1.0984       0.4446
 5122.38       1.1189       0.4390
 5123.42       1.0184       0.4332
 5124.46       1.4849       0.4398
 5125.50       1.2186       0.4266
 5126.53       0.3398       0.4169
 5127.57       0.1071       0.4111
 5128.61       0.8904       0.4366
 5129.65       0.9929       0.4430
 5130.68       1.4228       0.4515
 5131.72       0.9546       0.4444
 5132.76       1.1377       0.4649
 5133.80       1.8169       0.4730
 5134.83       2.3759       0.4972
 5135.87       0.5131       0.4448
 5136.91       0.4229       0.4274
 5137.95       1.3133       0.4473
 5138.99       1.3682       0.4545
 5140.02       1.5636       0.4557
 5141.06       0.8927       0.4337
 5142.10       1.6078       0.4622
 5143.14       1.6835       0.4583
 5144.17       1.6720       0.4679
 5145.21       1.7955       0.4783
 5146.25       1.2627       0.4507
 5147.29       0.7820       0.4329
 5148.33       0.3933       0.4226
 5149.36       0.8971       0.4308
 5150.40       1.5428       0.4464
 5151.44       1.0305       0.4369
 5152.48       1.6736       0.4593
 5153.51       1.6726       0.4511
 5154.55       2.0314       0.4682
 5155.59       1.9938       0.4595
 5156.63       1.1061       0.4308
 5157.67       1.4275       0.4423
 5158.70       1.4903       0.4457
 5159.74       1.1921       0.4317
 5160.78       1.4397       0.4361
 5161.82       0.8955       0.4208
 5162.85       1.1632       0.4184
 5163.89       1.3882       0.4153
 5164.93       0.8689       0.3978
 5165.97       0.3792       0.3663
 5167.00       0.9278       0.3652
 5168.04       1.0183       0.3690
 5169.08       1.1036       0.3788
 5170.12       1.0895       0.3809
 5171.16       0.5126       0.3454
 5172.19       0.7033       0.3397
 5173.23       1.0501       0.3535
 5174.27       0.4715       0.3516
 5175.31       1.0209       0.3771
 5176.34       1.3042       0.4001
 5177.38       1.0181       0.4018
 5178.42       1.1326       0.3971
 5179.46       1.0131       0.3964
 5180.50       0.9125       0.3907
 5181.53       0.2576       0.3473
 5182.57       0.4661       0.3253
 5183.61       1.3631       0.3486
 5184.65       1.8119       0.3659
 5185.68       1.8254       0.3971
 5186.72       1.4497       0.4157
 5187.76       1.3205       0.4224
 5188.80       1.5221       0.4323
 5189.83       1.3956       0.4220
 5190.87       1.7995       0.4170
 5191.91       1.3758       0.3950
 5192.95       0.2967       0.3623
 5193.99       0.4416       0.3720
 5195.02       1.3674       0.4014
 5196.06       1.6954       0.4409
 5197.10       1.7773       0.4947
 5198.14       1.4626       0.5382
 5199.17       0.8075       0.5339
 5200.21       0.9069       0.5029
 5201.25       0.6534       0.4793
 5202.29       0.5630       0.4624
 5203.33       1.1981       0.4486
 5204.36       0.5742       0.4061
 5205.40       0.2020       0.3694
 5206.44       0.5983       0.3715
 5207.48       0.9796       0.3877
 5208.51       1.0896       0.3958
 5209.55       1.2884       0.4041
 5210.59       1.3168       0.4057
 5211.63       0.3709       0.3825
 5212.67       0.6012       0.3792
 5213.70       0.7591       0.3903
 5214.74       1.6778       0.4114
 5215.78       1.4562       0.4026
 5216.82       0.8326       0.3904
 5217.85       0.6134       0.3944
 5218.89       0.7282       0.3996
 5219.93       0.9402       0.3941
 5220.97       1.2767       0.4159
 5222.00       0.8026       0.4150
 5223.04       1.1973       0.4472
 5224.08       1.4593       0.4493
 5225.12       1.2461       0.4374
 5226.16       0.9025       0.3906
 5227.19       0.7539       0.3657
 5228.23       1.6550       0.3998
 5229.27       1.2828       0.3925
 5230.31       0.7850       0.3970
 5231.34       0.2723       0.3975
 5232.38       1.2890       0.4129
 5233.42       1.5638       0.4030
 5234.46       0.8575       0.3875
 5235.50       0.6965       0.3858
 5236.53      -0.0206       0.3773
 5237.57       0.9032       0.4327
 5238.61       1.5453       0.4696
 5239.65       0.8602       0.4472
 5240.68       0.9754       0.4231
 5241.72       1.4578       0.4104
 5242.76       1.4067       0.4117
 5243.80       1.5927       0.4059
 5244.83       1.5905       0.4033
 5245.87       1.3190       0.3922
 5246.91       1.2974       0.3964
 5247.95       0.5912       0.3816
 5248.99       1.1646       0.4029
 5250.02       1.0807       0.4108
 5251.06       1.7022       0.4240
 5252.10       1.3437       0.4042
 5253.14       1.4160       0.4072
 5254.17       1.5845       0.4289
 5255.21       0.4950       0.4361
 5256.25       1.5619       0.4713
 5257.29       1.7180       0.4636
 5258.33       1.2549       0.4330
 5259.36       1.1194       0.4033
 5260.40       1.0403       0.3932
 5261.44       1.9920       0.3998
 5262.48       1.6200       0.3809
 5263.51       1.0252       0.3664
 5264.55       0.6636       0.3470
 5265.59       1.5481       0.3604
 5266.63       1.3981       0.3646
 5267.67       0.9911       0.3503
 5268.70       1.3052       0.3583
 5269.74       0.9715       0.3621
 5270.78       0.7943       0.3612
 5271.82       1.4853       0.3746
 5272.85       0.5338       0.3656
 5273.89       0.5828       0.3711
 5274.93       0.8440       0.3986
 5275.97       1.0362       0.4184
 5277.00       1.2978       0.4171
 5278.04       1.3494       0.4111
 5279.08       1.6505       0.4085
 5280.12       1.4817       0.3885
 5281.16       1.2357       0.3747
 5282.19       2.0876       0.3968
 5283.23       1.4878       0.3764
 5284.27       1.9426       0.3903
 5285.31       1.3832       0.3712
 5286.34       1.5750       0.3996
 5287.38       0.6956       0.3823
 5288.42       0.7069       0.3846
 5289.46       1.3661       0.3999
 5290.50       1.6963       0.3962
 5291.53       1.4326       0.4075
 5292.57       0.5899       0.3819
 5293.61       1.1915       0.3952
 5294.65       0.7417       0.3917
 5295.68       0.2538       0.3774
 5296.72       1.6759       0.4055
 5297.76       1.3766       0.4003
 5298.80       0.3411       0.3834
 5299.83       1.0130       0.3987
 5300.87       1.7628       0.4155
 5301.91       1.7464       0.4169
 5302.95       0.6620       0.3920
 5303.99       2.3338       0.4398
 5305.02       1.4266       0.4137
 5306.06       0.5991       0.4058
 5307.10       0.3617       0.3994
 5308.14       0.8669       0.4065
 5309.17       0.8824       0.4035
 5310.21       1.1540       0.4123
 5311.25       0.6275       0.3959
 5312.29       0.9135       0.4195
 5313.33       0.2806       0.4102
 5314.36       1.8334       0.4290
 5315.40       1.1238       0.4110
 5316.44       0.3714       0.3824
 5317.48       0.7411       0.3973
 5318.51       1.4963       0.4131
 5319.55       0.5910       0.3974
 5320.59       1.0352       0.4147
 5321.63       1.4342       0.4208
 5322.67       1.6593       0.4244
 5323.70       1.7743       0.4201
 5324.74       0.7084       0.3950
 5325.78       1.3220       0.4009
 5326.82       1.0411       0.3704
 5327.85       1.8559       0.3950
 5328.89       1.1063       0.3869
 5329.93       0.5115       0.3845
 5330.97       1.7166       0.4294
 5332.00       2.4722       0.4451
 5333.04       2.1050       0.4213
 5334.08       1.5726       0.3973
 5335.12       1.5593       0.4020
 5336.16       1.8968       0.4186
 5337.19       1.7169       0.4274
 5338.23       1.5360       0.4024
 5339.27       1.4603       0.3906
 5340.31       1.4198       0.3844
 5341.34       1.3699       0.3826
 5342.38       1.6743       0.4006
 5343.42       1.7507       0.3988
 5344.46       1.5018       0.3945
 5345.50       1.7924       0.4024
 5346.53       1.0555       0.3781
 5347.57       1.4063       0.3939
 5348.61       1.3125       0.3994
 5349.65       0.9840       0.3907
 5350.68       0.5831       0.3851
 5351.72       0.4643       0.3809
 5352.76       0.4372       0.3744
 5353.80       0.6742       0.3795
 5354.84       1.6637       0.4078
 5355.87       0.4396       0.3833
 5356.91      -0.1534       0.3661
 5357.95       0.6758       0.3835
 5358.99       1.3025       0.4000
 5360.02       1.3078       0.3964
 5361.06       0.4106       0.3820
 5362.10       0.8466       0.3851
 5363.14       1.4915       0.3887
 5364.17       1.0846       0.3816
 5365.21       1.0729       0.3790
 5366.25       1.3168       0.3890
 5367.29       1.2622       0.3912
 5368.33       1.3916       0.3922
 5369.36       1.1149       0.3866
 5370.40       1.1803       0.3796
 5371.44       0.2016       0.3539
 5372.48       0.3852       0.3570
 5373.51       1.0190       0.3928
 5374.55       1.3663       0.4039
 5375.59       1.2723       0.3977
 5376.63       1.1920       0.3931
 5377.67       1.1011       0.3842
 5378.70       1.2881       0.3967
 5379.74       1.1574       0.3945
 5380.78       1.0174       0.3861
 5381.82       1.3273       0.3901
 5382.85       0.8458       0.3744
 5383.89       1.0576       0.3817
 5384.93       1.6237       0.3930
 5385.97       1.2083       0.3803
 5387.01       1.3913       0.3968
 5388.04       1.6482       0.3968
 5389.08       1.1780       0.3781
 5390.12       1.0509       0.3766
 5391.16       0.8324       0.3707
 5392.19       0.5344       0.3657
 5393.23       1.3777       0.3840
 5394.27       1.6059       0.3914
 5395.31       0.5230       0.3557
 5396.34       1.5515       0.3822
 5397.38       1.0989       0.3687
 5398.42       1.1132       0.3660
 5399.46       1.4785       0.3839
 5400.50       1.1097       0.3642
 5401.53       1.1699       0.3652
 5402.57       1.1426       0.3743
 5403.61       1.8309       0.3845
 5404.65       1.9055       0.3806
 5405.68       1.7950       0.3676
 5406.72       1.6408       0.3721
 5407.76       0.6411       0.3619
 5408.80       1.6206       0.4669
 5409.84       0.7970       0.5062
 5410.87       1.8808       0.4079
 5411.91       1.2467       0.3665
 5412.95       0.5173       0.3528
 5413.99       1.5717       0.3910
 5415.02       1.7635       0.3821
 5416.06       1.2954       0.3744
 5417.10       1.4613       0.3794
 5418.14       1.5162       0.3815
 5419.18       1.2032       0.3749
 5420.21       0.6143       0.3630
 5421.25       1.7645       0.3913
 5422.29       1.0172       0.3689
 5423.33       0.9694       0.3572
 5424.36       0.9334       0.3564
 5425.40       1.5311       0.3826
 5426.44       0.7034       0.3636
 5427.48       0.5453       0.3612
 5428.52       1.3597       0.3822
 5429.55       1.4118       0.3774
 5430.59       1.4879       0.3803
 5431.63       1.3857       0.3870
 5432.67       1.8372       0.3856
 5433.70       1.3789       0.3769
 5434.74       1.0115       0.3756
 5435.78       1.4425       0.3824
 5436.82       1.3937       0.3883
 5437.85       1.7136       0.4001
 5438.89       0.7974       0.3793
 5439.93       1.3641       0.3960
 5440.97       1.1957       0.3887
 5442.01       1.2305       0.3929
 5443.04       0.7593       0.3698
 5444.08       0.8341       0.3750
 5445.12       1.7938       0.4050
 5446.16       1.4786       0.3877
 5447.19       1.0996       0.3739
 5448.23       1.0769       0.3800
 5449.27       1.0618       0.3898
 5450.31       1.2310       0.3947
 5451.35       1.0503       0.3896
 5452.38       0.6655       0.3704
 5453.42       0.6675       0.3766
 5454.46       1.1356       0.3884
 5455.50       1.4448       0.3864
 5456.53       1.4379       0.3945
 5457.57       0.9406       0.3860
 5458.61       1.0129       0.3969
 5459.65       1.7197       0.4320
 5460.69       2.4565       0.4554
 5461.72       2.4032       0.4494
 5462.76       1.0904       0.4037
 5463.80       0.6788       0.3771
 5464.84       1.3136       0.3893
 5465.87       0.9491       0.3857
 5466.91       1.4862       0.3963
 5467.95       1.9061       0.4090
 5468.99       1.5501       0.3989
 5470.02       1.3892       0.3934
 5471.06       0.6883       0.3702
 5472.10       1.4372       0.3781
 5473.14       1.8794       0.3946
 5474.18       1.8142       0.4063
 5475.21       1.2513       0.3832
 5476.25       1.2702       0.3776
 5477.29       1.7498       0.3908
 5478.33       1.3401       0.3842
 5479.36       1.2549       0.3864
 5480.40       1.3738       0.3870
 5481.44       0.4966       0.3688
 5482.48       0.5160       0.3640
 5483.52       1.1326       0.3889
 5484.55       1.0859       0.3912
 5485.59       1.0644       0.3856
 5486.63       0.8953       0.3703
 5487.67       1.2435       0.3813
 5488.70       1.8994       0.4037
 5489.74       1.5589       0.3979
 5490.78       1.6279       0.4036
 5491.82       1.1470       0.3954
 5492.85       1.0138       0.3823
 5493.89       1.3202       0.3847
 5494.93       0.8642       0.3826
 5495.97       0.5571       0.3786
 5497.01       0.4532       0.3695
 5498.04       0.7296       0.3865
 5499.08       1.5426       0.4075
 5500.12       1.8929       0.4091
 5501.16       1.5259       0.3992
 5502.19       1.5142       0.4017
 5503.23       0.9218       0.3943
 5504.27       1.0045       0.3910
 5505.31       0.6134       0.3755
 5506.35       1.6724       0.4041
 5507.38       1.7870       0.4097
 5508.42       0.5225       0.3815
 5509.46       0.9214       0.3906
 5510.50       1.9039       0.4166
 5511.53       1.3016       0.3979
 5512.57       1.3629       0.3942
 5513.61       1.6343       0.3990
 5514.65       1.6359       0.4004
 5515.69       1.7189       0.4114
 5516.72       1.0297       0.3890
 5517.76       1.1843       0.4006
 5518.80       1.7675       0.4171
 5519.84       1.6489       0.4157
 5520.87       1.3435       0.4058
 5521.91       0.6534       0.3844
 5522.95       1.1207       0.3870
 5523.99       0.3794       0.3752
 5525.02       0.4139       0.3747
 5526.06       1.0720       0.3947
 5527.10       0.9768       0.3736
 5528.14       1.2578       0.3756
 5529.18       1.2617       0.3875
 5530.21       1.0298       0.3804
 5531.25       1.1106       0.3824
 5532.29       1.6264       0.4007
 5533.33       0.8913       0.3760
 5534.36       0.8826       0.3832
 5535.40       1.4094       0.4127
 5536.44       1.4828       0.4073
 5537.48       1.8054       0.4116
 5538.52       0.8960       0.3857
 5539.55       0.7529       0.3901
 5540.59       1.2029       0.4096
 5541.63       1.7388       0.4572
 5542.67       1.6347       0.4728
 5543.70       1.3371       0.4777
 5544.74       1.3443       0.4787
 5545.78       1.5065       0.4547
 5546.82       0.9553       0.4198
 5547.85       0.5461       0.4015
 5548.89       0.3849       0.4018
 5549.93       0.5460       0.4091
 5550.97       0.8365       0.4153
 5552.01       0.3762       0.3903
 5553.04       1.2090       0.4099
 5554.08       1.5508       0.4171
 5555.12       1.0862       0.4127
 5556.16       1.1051       0.4138
 5557.19       1.2944       0.4134
 5558.23       1.4462       0.4228
 5559.27       1.3809       0.4218
 5560.31       1.5141       0.4231
 5561.35       1.1466       0.4213
 5562.38       1.5929       0.4609
 5563.42       1.6427       0.5043
 5564.46       0.6566       0.4910
 5565.50       1.4317       0.4867
 5566.53       1.9772       0.4719
 5567.57       1.3539       0.4464
 5568.61       1.0858       0.4436
 5569.65       1.2020       0.4541
 5570.69       2.1115       0.4842
 5571.72       1.7129       0.4712
 5572.76       1.4841       0.4530
 5573.80       1.1240       0.4081
 5574.84       0.7660       1.3355
 5575.87       1.0286       5.8450
 5576.91       1.1508      11.6819
 5577.95       1.3317      12.8530
 5578.99       1.0493       8.9676
 5580.02       1.4803       3.2032
 5581.06       1.5406       0.8228
 5582.10       0.6459       0.5438
 5583.14       0.9279       0.4694
 5584.18       0.7470       0.4275
 5585.21       1.6688       0.4376
 5586.25       0.3301       0.3985
 5587.29       0.6271       0.4221
 5588.33       0.9421       0.4618
 5589.36       0.8618       0.4765
 5590.40       0.1072       0.4427
 5591.44       1.4539       0.4536
 5592.48       1.2449       0.4147
 5593.52       1.2085       0.4126
 5594.55       1.0917       0.4180
 5595.59       1.3840       0.4237
 5596.63       1.2309       0.4270
 5597.67       0.4840       0.4268
 5598.70       1.3106       0.4460
 5599.74       1.1739       0.4195
 5600.78       0.8585       0.4004
 5601.82       1.4722       0.4130
 5602.86       0.7083       0.4127
 5603.89       0.8844       0.4643
 5604.93       1.1734       0.5168
 5605.97       0.4511       0.5011
 5607.01       1.3349       0.4881
 5608.04       1.6760       0.4674
 5609.08       1.8754       0.4505
 5610.12       1.7044       0.4468
 5611.16       1.1156       0.4204
 5612.19       0.8330       0.4149
 5613.23       1.4240       0.4354
 5614.27       1.1497       0.4276
 5615.31       0.8829       0.4234
 5616.35       1.0949       0.4365
 5617.38       0.8893       0.4467
 5618.42       1.0949       0.4581
 5619.46       0.7158       0.4309
 5620.50       1.0129       0.4370
 5621.53       1.0726       0.4487
 5622.57       1.2574       0.4829
 5623.61       0.4730       0.4880
 5624.65       1.1733       0.5080
 5625.69       1.5470       0.4924
 5626.72       0.6898       0.4427
 5627.76       1.6513       0.4606
 5628.80       2.1706       0.4789
 5629.84       1.6467       0.4628
 5630.87       1.3352       0.4609
 5631.91       0.5537       0.4438
 5632.95       0.4441       0.4411
 5633.99       1.4533       0.4649
 5635.03       1.3905       0.4648
 5636.06       1.5249       0.4684
 5637.10       1.1080       0.4647
 5638.14       0.2957       0.4485
 5639.18       0.5338       0.4747
 5640.21       2.4008       0.5320
 5641.25       1.2197       0.4822
 5642.29       0.4585       0.4469
 5643.33       0.8899       0.4728
 5644.36       0.6536       0.4873
 5645.40       1.3849       0.5350
 5646.44       1.7021       0.5364
 5647.48       1.0649       0.5094
 5648.52       1.1232       0.4949
 5649.55       1.1405       0.4836
 5650.59       0.6179       0.4680
 5651.63       1.4848       0.4872
 5652.67      -0.3204       0.4412
 5653.70       1.0212       0.4917
 5654.74       2.3789       0.5291
 5655.78       1.6948       0.5082
 5656.82       0.7537       0.4748
 5657.86       0.8188       0.4781
 5658.89       1.2613       0.4955
 5659.93       2.2558       0.5443
 5660.97       1.8991       0.5251
 5662.01       0.7892       0.4938
 5663.04       0.2306       0.4911
 5664.08       1.4839       0.5431
 5665.12       0.7413       0.5070
 5666.16       0.7511       0.5230
 5667.20       1.6615       0.5491
 5668.23       1.3159       0.5507
 5669.27       0.8685       0.5401
 5670.31       1.3083       0.5599
 5671.35       1.1692       0.5503
 5672.38       1.7055       0.5682
 5673.42       0.5709       0.5350
 5674.46       0.7897       0.5403
 5675.50       2.1430       0.5917
 5676.53       0.8648       0.5505
 5677.57       1.3370       0.5751
 5678.61       2.4543       0.6167
 5679.65       1.0449       0.5835
 5680.69      -0.0535       0.5347
 5681.72       1.0767       0.5777
 5682.76       1.2462       0.6008
 5683.80       1.2521       0.5891
 5684.84       0.2384       0.5586
 5685.87      -0.7721       0.5429
 5686.91       1.5021       0.6317
 5687.95       1.1769       0.6159
 5688.99       0.7119       0.5903
 5690.03       1.1659       0.6264
 5691.06       0.9314       0.6378
 5692.10       1.0835       0.6358
 5693.14       1.3261       0.6418
 5694.18       1.3659       0.6502
 5695.21       1.2934       0.6457
 5696.25       1.3390       0.6449
 5697.29       1.0738       0.6534
 5698.33       0.7060       0.6475
 5699.37       0.9990       0.6538
 5700.40       1.8952       0.6967
 5701.44       1.7054       0.6848
 5702.48       1.4803       0.6585
 5703.52       0.0042       0.6277
 5704.55      -0.2612       0.6258
 5705.59       0.8547       0.6545
 5706.63       0.3595       0.6332
 5707.67       0.4134       0.6285
 5708.70       0.4716       0.6409
 5709.74       1.7407       0.6914
 5710.78       0.7532       0.6674
 5711.82       0.8365       0.6726
 5712.86       1.6532       0.7073
 5713.89       0.9391       0.7124
 5714.93      -0.0842       0.6669
 5715.97       1.2090       0.7017
 5717.01       1.3073       0.7093
 5718.04       0.5516       0.7034
 5719.08       0.7944       0.7204
 5720.12       0.4910       0.7080
 5721.16       0.3755       0.7211
 5722.20       0.9410       0.7642
 5723.23       1.2020       0.7701
 5724.27       0.9460       0.7812
 5725.31       0.9203       0.7754
 5726.35       2.1269       0.8243
 5727.38       1.5782       0.7851
 5728.42       1.0023       0.7780
 5729.46       0.2241       0.7719
 5730.50       1.7534       0.8126
 5731.54       0.8644       0.7838
 5732.57       0.3959       0.7769
 5733.61       0.5422       0.8060
 5734.65       1.4919       0.8376
 5735.69       1.3234       0.8725
 5736.72       0.9269       0.8088
 5737.76       1.0373       0.8593
 5738.80       1.4343       0.9557
 5739.84       1.0802       0.9749
 5740.87       0.5418       0.9030
 5741.91       0.4015       0.7600
 5742.95       1.2024       0.8853
 5743.99       1.3192       0.8969
 5745.03       0.3948       0.8884
 5746.06       1.5414       0.9050
 5747.10       0.3444       0.8568
 5748.14       0.5781       0.8678
 5749.18       1.2911       0.9031
 5750.21       1.5354       0.9390
 5751.25       1.2756       0.9436
 5752.29       0.7104       0.8927
 5753.33       0.0315       0.8856
 5754.37       0.1295       0.9075
 5755.40       1.5642       0.9802
 5756.44       1.0740       0.9745
 5757.48       0.9437       0.9782
 5758.52       1.1060       0.8030
 5759.55       0.8985       0.7790
 5760.59       0.6887       0.7648
 5761.63       0.6314       0.7693
 5762.67       0.2692       0.7480
 5763.71       0.2501       0.7555
 5764.74       0.8213       0.8008
 5765.78       1.4017       0.8052
 5766.82       1.7545       0.7928
 5767.86       1.9591       0.8077
 5768.89       1.3298       0.7925
 5769.93       0.5099       0.7568
 5770.97       0.1869       0.7344
 5772.01       0.8604       0.7476
 5773.04       1.6856       0.7699
 5774.08       1.4184       0.7531
 5775.12       0.7431       0.7251
 5776.16       0.6627       0.7216
 5777.20       0.7206       0.7333
 5778.23       0.6877       0.7328
 5779.27       0.6417       0.7116
 5780.31       0.9431       0.7101
 5781.35       1.4288       0.7227
 5782.38       1.7457       0.7171
 5783.42       1.3761       0.7006
 5784.46       0.7937       0.6892
 5785.50       0.4337       0.6705
 5786.54       0.3166       0.6550
 5787.57       0.1182       0.6456
 5788.61       0.5824       0.6528
 5789.65       1.3086       0.6710
 5790.69       1.7845       0.6900
 5791.72       1.6714       0.6886
 5792.76       1.0938       0.6627
 5793.80       0.7396       0.6380
 5794.84       0.5584       0.6182
 5795.88       0.6783       0.6157
 5796.91       1.3861       0.6515
 5797.95       1.8580       0.6650
 5798.99       1.8207       0.6393
 5800.03       1.0145       0.6185
 5801.06       0.3197       0.6153
 5802.10       0.0744       0.6023
 5803.14       0.6873       0.6266
 5804.18       1.2947       0.6584
 5805.21       0.9531       0.6369
 5806.25       0.6576       0.6058
 5807.29       1.1398       0.6064
 5808.33       1.3355       0.6011
 5809.37       1.1248       0.5839
 5810.40       0.8630       0.5661
 5811.44       0.6857       0.5631
 5812.48       0.7244       0.5785
 5813.52       0.7585       0.5937
 5814.55       0.5307       0.5852
 5815.59       0.1823       0.5566
 5816.63       0.3255       0.5426
 5817.67       0.5129       0.5419
 5818.71       0.5955       0.5495
 5819.74       0.6854       0.5531
 5820.78       1.0592       0.5612
 5821.82       1.6001       0.5772
 5822.86       1.3557       0.5593
 5823.89       0.7858       0.5322
 5824.93       0.9951       0.5477
 5825.97       1.0720       0.5579
 5827.01       0.8738       0.5470
 5828.04       1.2812       0.5575
 5829.08       1.4942       0.5564
 5830.12       0.9776       0.5259
 5831.16       0.8550       0.5136
 5832.20       1.0384       0.5172
 5833.23       1.0505       0.5144
 5834.27       1.1796       0.5183
 5835.31       1.3872       0.5250
 5836.35       1.5331       0.5245
 5837.38       1.2636       0.5190
 5838.42       0.7730       0.5098
 5839.46       0.6276       0.4917
 5840.50       0.6773       0.4792
 5841.54       0.9501       0.4898
 5842.57       1.0199       0.4936
 5843.61       1.0209       0.4875
 5844.65       1.1303       0.4836
 5845.69       0.9964       0.4768
 5846.72       0.6900       0.4684
 5847.76       0.6508       0.4663
 5848.80       0.7050       0.4601
 5849.84       0.7354       0.4514
 5850.88       1.1374       0.4653
 5851.91       1.5105       0.4833
 5852.95       1.4511       0.4815
 5853.99       1.2733       0.4715
 5855.03       0.8938       0.4530
 5856.06       0.4132       0.4294
 5857.10       0.6017       0.4358
 5858.14       1.1636       0.4581
 5859.18       0.9920       0.4475
 5860.21       0.6667       0.4248
 5861.25       0.8435       0.4266
 5862.29       0.9730       0.4433
 5863.33       0.8549       0.4723
 5864.37       0.6564       0.5077
 5865.40       0.9449       0.5576
 5866.44       1.3820       0.6047
 5867.48       0.9195       0.6095
 5868.52       0.6945       0.6264
 5869.55       1.0776       0.6324
 5870.59       1.3409       0.4879
 5871.63       1.3694       0.4680
 5872.67       1.4240       0.6556
 5873.71       1.2541       0.6615
 5874.74       1.2191       0.6511
 5875.78       1.5669       0.6370
 5876.82       1.5297       0.5941
 5877.86       1.0775       0.5150
 5878.89       0.6468       0.3884
 5879.93       1.0973       0.4242
 5880.97       0.9963       0.4152
 5882.01       1.3257       0.4380
 5883.04       1.5909       0.4417
 5884.08       1.2756       0.4585
 5885.12       0.8179       0.4842
 5886.16       0.4280       0.6342
 5887.20       0.0125       0.9486
 5888.23       0.3380       1.4190
 5889.27       0.9590       1.9240
 5890.31       0.5303       2.2510
 5891.35      -0.0482       2.2803
 5892.38       0.3062       2.0979
 5893.42       1.7443       1.8467
 5894.46       2.0166       1.6488
 5895.50       0.2888       1.5081
 5896.54       0.0314       1.4888
 5897.57       1.1999       1.4268
 5898.61       1.2835       1.2018
 5899.65       1.4718       0.9183
 5900.69       1.9057       0.6755
 5901.72       1.8653       0.5168
 5902.76       1.2679       0.4484
 5903.80       0.8649       0.4214
 5904.84       0.9193       0.4295
 5905.88       1.3462       0.4339
 5906.91       1.6256       0.4292
 5907.95       1.6671       0.4341
 5908.99       1.4259       0.4375
 5910.03       1.1932       0.4222
 5911.06       1.1270       0.4028
 5912.10       1.3127       0.4050
 5913.14       1.6000       0.4350
 5914.18       1.4966       0.4750
 5915.21       1.0029       0.4978
 5916.25       0.8157       0.4944
 5917.29       0.8571       0.4718
 5918.33       0.9728       0.4513
 5919.37       0.9126       0.4227
 5920.40       0.7562       0.3917
 5921.44       0.5087       0.3722
 5922.48       0.5506       0.3767
 5923.52       0.8722       0.3974
 5924.55       0.8924       0.4153
 5925.59       0.9665       0.4239
 5926.63       1.3536       0.4255
 5927.67       1.2721       0.4051
 5928.71       0.9087       0.3869
 5929.74       0.9365       0.3994
 5930.78       1.0769       0.4351
 5931.82       1.2756       0.4807
 5932.86       1.9128       0.5288
 5933.89       1.9529       0.5401
 5934.93       1.1697       0.5058
 5935.97       0.8094       0.4674
 5937.01       0.9731       0.4310
 5938.05       0.9344       0.3867
 5939.08       1.0307       0.3687
 5940.12       1.1179       0.3649
 5941.16       0.9668       0.3502
 5942.20       0.6894       0.3405
 5943.23       0.6486       0.3490
 5944.27       1.1513       0.3744
 5945.31       1.3362       0.3931
 5946.35       0.9594       0.3951
 5947.38       1.0297       0.4014
 5948.42       1.4209       0.4050
 5949.46       1.3748       0.3936
 5950.50       0.8701       0.3638
 5951.54       0.5694       0.3612
 5952.57       1.1049       0.4225
 5953.61       1.7282       0.4863
 5954.65       1.7076       0.4944
 5955.69       1.5346       0.4674
 5956.72       1.3482       0.4249
 5957.76       1.3174       0.3922
 5958.80       1.2496       0.3647
 5959.84       1.1558       0.3462
 5960.88       1.1371       0.3394
 5961.91       1.0930       0.3457
 5962.95       1.0200       0.3516
 5963.99       0.9108       0.3458
 5965.03       1.2310       0.3420
 5966.06       1.7955       0.3508
 5967.10       1.7245       0.3619
 5968.14       1.4169       0.3725
 5969.18       1.5124       0.3811
 5970.22       1.5140       0.3797
 5971.25       1.4001       0.3753
 5972.29       1.3507       0.3776
 5973.33       1.7931       0.3858
 5974.37       2.2094       0.3928
 5975.40       1.6331       0.3894
 5976.44       0.8795       0.3893
 5977.48       0.7680       0.3976
 5978.52       1.0587       0.4009
 5979.55       1.2496       0.3895
 5980.59       1.0560       0.3658
 5981.63       0.7406       0.3379
 5982.67       0.7336       0.3184
 5983.71       1.1417       0.3133
 5984.74       1.3025       0.3158
 5985.78       1.0971       0.3169
 5986.82       1.1413       0.3203
 5987.86       1.1846       0.3165
 5988.89       1.0710       0.3070
 5989.93       1.1198       0.3071
 5990.97       1.3622       0.3153
 5992.01       1.5753       0.3202
 5993.05       1.3420       0.3158
 5994.08       0.9130       0.3099
 5995.12       1.0671       0.3181
 5996.16       1.0460       0.3157
 5997.20       0.8119       0.3046
 5998.23       1.2518       0.3201
 5999.27       1.6074       0.3364
 6000.31       1.2980       0.3303
 6001.35       1.0124       0.3238
 6002.39       1.0239       0.3252
 6003.42       1.1927       0.3309
 6004.46       1.1184       0.3244
 6005.50       0.8946       0.3108
 6006.54       0.9567       0.3107
 6007.57       1.2271       0.3137
 6008.61       1.4071       0.3077
 6009.65       1.3258       0.2964
 6010.69       1.1401       0.2871
 6011.72       1.0571       0.2844
 6012.76       1.0630       0.2858
 6013.80       1.0748       0.2858
 6014.84       1.0567       0.2830
 6015.88       1.0285       0.2798
 6016.91       1.0874       0.2800
 6017.95       1.4692       0.2872
 6018.99       1.6326       0.2887
 6020.03       1.3413       0.2781
 6021.06       1.0434       0.2633
 6022.10       1.0132       0.2611
 6023.14       1.3170       0.2773
 6024.18       1.3737       0.2847
 6025.22       1.2048       0.2804
 6026.25       1.3205       0.2830
 6027.29       1.3526       0.2839
 6028.33       1.1657       0.2814
 6029.37       1.0684       0.2834
 6030.40       1.0737       0.2855
 6031.44       1.0986       0.2844
 6032.48       1.0724       0.2878
 6033.52       0.9351       0.2901
 6034.56       0.8619       0.2863
 6035.59       1.1554       0.2939
 6036.63       1.4595       0.2999
 6037.67       1.2866       0.2821
 6038.71       0.9459       0.2615
 6039.74       0.8184       0.2568
 6040.78       0.9975       0.2664
 6041.82       1.1280       0.2729
 6042.86       0.8989       0.2644
 6043.89       0.9377       0.2625
 6044.93       1.0865       0.2664
 6045.97       1.1558       0.2689
 6047.01       1.2978       0.2702
 6048.05       1.5509       0.2726
 6049.08       1.7681       0.2782
 6050.12       1.6396       0.2772
 6051.16       1.2613       0.2686
 6052.20       1.2069       0.2659
 6053.23       1.2380       0.2664
 6054.27       1.0144       0.2635
 6055.31       1.0781       0.2657
 6056.35       1.2385       0.2663
 6057.39       1.0687       0.2571
 6058.42       1.1956       0.2584
 6059.46       1.6111       0.2692
 6060.50       1.6408       0.2672
 6061.54       1.3134       0.2596
 6062.57       0.9787       0.2579
 6063.61       0.9541       0.2639
 6064.65       1.1179       0.2689
 6065.69       1.1605       0.2636
 6066.73       1.1492       0.2810
 6067.76       1.0676       0.2609
 6068.80       1.3433       0.3199
 6069.84       1.4068       0.3141
 6070.88       1.1089       0.3101
 6071.91       0.8393       0.2999
 6072.95       0.8317       0.2876
 6073.99       1.1765       0.2329
 6075.03       1.1513       0.2178
 6076.06       1.1264       0.2543
 6077.10       1.2111       0.2533
 6078.14       1.1567       0.2496
 6079.18       1.0913       0.2520
 6080.22       1.3145       0.2557
 6081.25       1.4541       0.2569
 6082.29       1.3449       0.2536
 6083.33       1.2638       0.2499
 6084.37       1.3462       0.2482
 6085.40       1.4108       0.2465
 6086.44       1.1992       0.2449
 6087.48       0.9659       0.2436
 6088.52       1.0191       0.2430
 6089.56       1.2479       0.2437
 6090.59       1.3562       0.2446
 6091.63       0.9919       0.2406
 6092.67       0.8107       0.2435
 6093.71       1.0625       0.2531
 6094.74       1.1232       0.2540
 6095.78       1.2365       0.2515
 6096.82       1.5714       0.2541
 6097.86       1.5089       0.2557
 6098.90       1.1348       0.2529
 6099.93       1.1008       0.2487
 6100.97       1.1001       0.2442
 6102.01       1.0832       0.2434
 6103.05       1.2084       0.2486
 6104.08       1.3377       0.2542
 6105.12       1.4247       0.2562
 6106.16       1.5823       0.2577
 6107.20       1.6902       0.2571
 6108.23       1.6190       0.2530
 6109.27       1.5167       0.2481
 6110.31       1.4434       0.2452
 6111.35       1.3357       0.2446
 6112.39       1.1693       0.2434
 6113.42       0.9968       0.2404
 6114.46       1.0534       0.2408
 6115.50       1.0146       0.2389
 6116.54       0.8027       0.2329
 6117.57       0.7674       0.2298
 6118.61       0.8552       0.2283
 6119.65       1.0278       0.2278
 6120.69       0.9204       0.2244
 6121.73       0.7835       0.2210
 6122.76       1.1779       0.2248
 6123.80       1.3660       0.2282
 6124.84       1.0390       0.2260
 6125.88       0.8812       0.2230
 6126.91       0.8434       0.2210
 6127.95       0.7716       0.2216
 6128.99       1.0710       0.2327
 6130.03       1.2483       0.2387
 6131.06       0.8395       0.2254
 6132.10       0.6937       0.2201
 6133.14       1.1365       0.2312
 6134.18       1.3611       0.2370
 6135.22       1.1264       0.2327
 6136.25       0.7540       0.2276
 6137.29       0.7973       0.2377
 6138.33       1.0905       0.2520
 6139.37       1.0954       0.2534
 6140.40       1.0006       0.2505
 6141.44       0.8953       0.2477
 6142.48       0.8660       0.2458
 6143.52       1.0509       0.2500
 6144.56       1.2451       0.2556
 6145.59       1.0458       0.2529
 6146.63       0.8159       0.2465
 6147.67       0.8386       0.2405
 6148.71       0.7886       0.2281
 6149.74       0.8394       0.2194
 6150.78       1.0926       0.2223
 6151.82       1.1813       0.2248
 6152.86       1.0625       0.2228
 6153.90       0.9522       0.2217
 6154.93       0.9526       0.2227
 6155.97       1.0306       0.2238
 6157.01       0.9358       0.2178
 6158.05       0.8626       0.2153
 6159.08       0.9829       0.2214
 6160.12       1.0450       0.2240
 6161.16       1.0517       0.2206
 6162.20       1.1386       0.2168
 6163.23       1.0895       0.2083
 6164.27       0.9724       0.2014
 6165.31       0.9303       0.2039
 6166.35       0.9009       0.2113
 6167.39       0.8424       0.2203
 6168.42       0.7641       0.2317
 6169.46       0.8940       0.2466
 6170.50       1.2634       0.2617
 6171.54       1.4183       0.2688
 6172.57       1.1907       0.2615
 6173.61       0.7846       0.2428
 6174.65       0.8446       0.2355
 6175.69       1.1856       0.2395
 6176.73       1.0419       0.2344
 6177.76       0.9541       0.2285
 6178.80       1.2713       0.2283
 6179.84       1.3097       0.2248
 6180.88       1.1128       0.2186
 6181.91       0.9787       0.2139
 6182.95       0.7939       0.2104
 6183.99       0.7263       0.2113
 6185.03       0.9065       0.2179
 6186.06       1.1818       0.2265
 6187.10       1.3400       0.2304
 6188.14       1.3146       0.2266
 6189.18       1.1813       0.2191
 6190.22       1.1212       0.2158
 6191.25       1.2497       0.2215
 6192.29       1.3139       0.2281
 6193.33       1.1063       0.2260
 6194.37       1.0431       0.2245
 6195.40       1.0837       0.2227
 6196.44       0.9230       0.2146
 6197.48       0.8037       0.2112
 6198.52       0.9514       0.2178
 6199.56       1.2795       0.2253
 6200.59       1.3296       0.2333
 6201.63       0.9693       0.2420
 6202.67       0.6538       0.2470
 6203.71       0.5421       0.2457
 6204.74       0.5508       0.2390
 6205.78       0.6323       0.2293
 6206.82       0.8451       0.2228
 6207.86       1.1864       0.2228
 6208.90       1.1415       0.2198
 6209.93       0.7365       0.2122
 6210.97       0.5863       0.2116
 6212.01       0.8409       0.2203
 6213.05       1.2277       0.2316
 6214.08       1.3707       0.2391
 6215.12       1.3666       0.2381
 6216.16       1.5041       0.2316
 6217.20       1.4741       0.2197
 6218.23       1.2670       0.2147
 6219.27       1.0507       0.2253
 6220.31       0.9126       0.2407
 6221.35       0.7548       0.2472
 6222.39       0.4915       0.2480
 6223.42       0.4087       0.2449
 6224.46       0.7259       0.2407
 6225.50       0.9071       0.2300
 6226.54       0.9492       0.2183
 6227.57       1.2711       0.2166
 6228.61       1.1697       0.2112
 6229.65       0.8427       0.2055
 6230.69       0.9984       0.2148
 6231.73       1.0420       0.2360
 6232.76       0.6253       0.2705
 6233.80       0.6806       0.3262
 6234.84       1.0311       0.3948
 6235.88       1.0940       0.4483
 6236.91       0.9801       0.4564
 6237.95       0.9142       0.4247
 6238.99       0.9158       0.3814
 6240.03       1.0832       0.3443
 6241.07       1.2162       0.3180
 6242.10       0.8604       0.2972
 6243.14       0.5570       0.2835
 6244.18       0.7224       0.2735
 6245.22       1.0808       0.2665
 6246.25       1.1431       0.2516
 6247.29       0.8073       0.2294
 6248.33       0.8123       0.2171
 6249.37       1.1456       0.2170
 6250.40       1.1317       0.2197
 6251.44       0.9986       0.2153
 6252.48       0.9792       0.2083
 6253.52       0.9344       0.2118
 6254.56       0.9570       0.2355
 6255.59       1.0620       0.2783
 6256.63       0.9415       0.3304
 6257.67       0.7821       0.3775
 6258.71       0.9422       0.4045
 6259.74       1.0658       0.3927
 6260.78       1.0152       0.3505
 6261.82       0.9725       0.3022
 6262.86       0.8401       0.2708
 6263.90       0.6859       0.2619
 6264.93       0.5069       0.2649
 6265.97       0.3934       0.2686
 6267.01       0.5235       0.2689
 6268.05       0.9690       0.2649
 6269.08       1.3424       0.2536
 6270.12       1.2456       0.2375
 6271.16       0.8727       0.2217
 6272.20       0.7136       0.2132
 6273.24       0.9493       0.2162
 6274.27       1.3422       0.2272
 6275.31       1.4106       0.2348
 6276.35       1.0423       0.2290
 6277.39       0.8595       0.2242
 6278.42       1.2255       0.2331
 6279.46       1.1677       0.2263
 6280.50       0.8914       0.2084
 6281.54       1.1624       0.2061
 6282.58       1.0794       0.2041
 6283.61       0.6156       0.2074
 6284.65       0.7615       0.2331
 6285.69       1.2928       0.2840
 6286.73       1.7062       0.3398
 6287.76       1.6460       0.3680
 6288.80       1.4170       0.3625
 6289.84       1.5562       0.3416
 6290.88       1.4126       0.2966
 6291.91       0.9736       0.2451
 6292.95       0.7521       0.2185
 6293.99       0.8323       0.2095
 6295.03       1.0515       0.2470
 6296.07       1.3072       0.3239
 6297.10       1.3037       0.5575
 6298.14       1.1267       0.9850
 6299.18       1.5373       1.5000
 6300.22       2.0055       1.9007
 6301.25       1.6697       2.0145
 6302.29       1.0254       1.8012
 6303.33       0.8720       1.3816
 6304.37       1.4556       0.9154
 6305.41       1.7308       0.5913
 6306.44       1.2310       0.4341
 6307.48       0.8826       0.3969
 6308.52       0.8901       0.3809
 6309.56       1.0600       0.3413
 6310.59       1.3003       0.2936
 6311.63       1.3171       0.2441
 6312.67       1.0217       0.2096
 6313.71       0.8584       0.1956
 6314.75       0.9332       0.1913
 6315.78       0.8030       0.1890
 6316.82       0.8788       0.1916
 6317.86       1.2044       0.2025
 6318.90       1.1017       0.2113
 6319.93       0.9137       0.2266
 6320.97       1.1904       0.2524
 6322.01       0.9883       0.2580
 6323.05       0.6377       0.2454
 6324.08       1.1669       0.2424
 6325.12       1.2650       0.2308
 6326.16       0.6433       0.2212
 6327.20       0.5575       0.2457
 6328.24       0.8255       0.2907
 6329.27       0.9188       0.3245
 6330.31       1.1927       0.3483
 6331.35       1.3664       0.3470
 6332.39       1.2645       0.3165
 6333.42       0.8910       0.2669
 6334.46       0.6697       0.2220
 6335.50       0.6816       0.1953
 6336.54       0.9489       0.1916
 6337.58       1.2627       0.1957
 6338.61       1.3215       0.1951
 6339.65       1.2896       0.1931
 6340.69       1.3552       0.1978
 6341.73       1.1222       0.1968
 6342.76       0.8648       0.1935
 6343.80       0.9603       0.1974
 6344.84       0.9331       0.1991
 6345.88       0.6956       0.2003
 6346.92       0.6808       0.2103
 6347.95       0.9572       0.2263
 6348.99       1.2718       0.2378
 6350.03       1.2891       0.2364
 6351.07       1.1510       0.2270
 6352.10       1.1446       0.2224
 6353.14       1.0089       0.2216
 6354.18       0.8634       0.2328
 6355.22       0.9516       0.2575
 6356.25       0.9896       0.2795
 6357.29       0.8985       0.2866
 6358.33       0.9073       0.2804
 6359.37       0.9043       0.2741
 6360.41       0.8612       0.3085
 6361.44       1.0818       0.4098
 6362.48       0.9772       0.5542
 6363.52       0.1795       0.6682
 6364.56       0.1751       0.7252
 6365.59       0.6833       0.6894
 6366.63       0.2204       0.5617
 6367.67       0.1398       0.4049
 6368.71       0.8842       0.2818
 6369.75       1.1696       0.2124
 6370.78       1.0190       0.1923
 6371.82       0.8983       0.1872
 6372.86       1.2053       0.1970
 6373.90       1.4218       0.1971
 6374.93       0.9181       0.1849
 6375.97       0.4774       0.1789
 6377.01       0.4956       0.1875
 6378.05       0.6584       0.1987
 6379.08       0.8871       0.2068
 6380.12       1.0809       0.2098
 6381.16       1.1585       0.2100
 6382.20       1.2143       0.2085
 6383.24       1.3733       0.2093
 6384.27       1.9046       0.2280
 6385.31       2.2348       0.2505
 6386.35       1.8208       0.2531
 6387.39       1.5608       0.2475
 6388.42       1.5577       0.2376
 6389.46       0.9870       0.2156
 6390.50       0.5106       0.1955
 6391.54       0.6277       0.1864
 6392.58       0.6383       0.1798
 6393.61       0.6790       0.1762
 6394.65       0.9508       0.1773
 6395.69       1.0676       0.1784
 6396.73       0.9710       0.1770
 6397.76       0.8835       0.1754
 6398.80       0.9682       0.1778
 6399.84       1.1308       0.1816
 6400.88       1.0704       0.1790
 6401.92       0.8788       0.1730
 6402.95       0.7915       0.1697
 6403.99       0.8098       0.1692
 6405.03       0.8964       0.1705
 6406.07       1.1425       0.1734
 6407.10       1.1976       0.1744
 6408.14       1.0899       0.1734
 6409.18       1.0431       0.1727
 6410.22       1.1781       0.1760
 6411.25       1.3625       0.1828
 6412.29       1.1585       0.1865
 6413.33       0.9713       0.1874
 6414.37       1.0924       0.1872
 6415.41       1.0806       0.1835
 6416.44       0.9866       0.1808
 6417.48       1.0315       0.1831
 6418.52       1.0488       0.1866
 6419.56       1.0256       0.1899
 6420.59       1.0345       0.1938
 6421.63       1.0317       0.1957
 6422.67       0.9535       0.1931
 6423.71       1.0040       0.1879
 6424.75       1.0477       0.1822
 6425.78       1.0143       0.1782
 6426.82       0.8745       0.1715
 6427.86       0.9337       0.1674
 6428.90       1.3836       0.1722
 6429.93       1.4582       0.1752
 6430.97       1.0522       0.1719
 6432.01       0.8818       0.1699
 6433.05       1.0683       0.1716
 6434.08       1.2555       0.1735
 6435.12       1.0867       0.1690
 6436.16       0.9215       0.1651
 6437.20       1.0811       0.1687
 6438.24       1.0915       0.1702
 6439.27       1.0417       0.1680
 6440.31       1.2884       0.1679
 6441.35       1.2785       0.1674
 6442.39       0.9285       0.1656
 6443.42       0.7959       0.1640
 6444.46       0.8869       0.1651
 6445.50       1.0167       0.1688
 6446.54       0.9706       0.1692
 6447.58       0.8429       0.1682
 6448.61       0.8456       0.1706
 6449.65       0.8668       0.1744
 6450.69       0.8836       0.1781
 6451.73       0.9531       0.1808
 6452.76       0.9924       0.1810
 6453.80       0.9752       0.1794
 6454.84       1.0147       0.1774
 6455.88       1.0864       0.1776
 6456.92       1.1109       0.1801
 6457.95       1.0596       0.1830
 6458.99       0.9653       0.1829
 6460.03       0.9313       0.1811
 6461.07       1.1566       0.1889
 6462.10       1.3949       0.2104
 6463.14       1.2895       0.2319
 6464.18       1.1799       0.2595
 6465.22       1.3328       0.2887
 6466.25       1.5430       0.2980
 6467.29       1.5637       0.2895
 6468.33       1.2813       0.2775
 6469.37       1.0493       0.2731
 6470.41       0.8687       0.2704
 6471.44       0.6057       0.2562
 6472.48       0.8016       0.2426
 6473.52       1.2437       0.2296
 6474.56       1.1558       0.2090
 6475.59       0.8699       0.1908
 6476.63       0.8139       0.1823
 6477.67       0.5802       0.1783
 6478.71       0.6701       0.1816
 6479.75       1.2456       0.1898
 6480.78       1.1232       0.1816
 6481.82       0.5417       0.1625
 6482.86       0.5937       0.1561
 6483.90       0.9434       0.1587
 6484.93       1.1636       0.1617
 6485.97       1.1934       0.1628
 6487.01       0.9188       0.1597
 6488.05       0.6260       0.1564
 6489.08       0.7031       0.1566
 6490.12       0.9695       0.1583
 6491.16       1.0571       0.1584
 6492.20       1.0180       0.1576
 6493.24       1.0190       0.1596
 6494.27       1.1632       0.1659
 6495.31       1.4229       0.1920
 6496.35       1.5559       0.2408
 6497.39       1.2882       0.2893
 6498.42       0.9920       0.3253
 6499.46       1.0481       0.3416
 6500.50       1.1208       0.3313
 6501.54       1.1514       0.2988
 6502.58       1.2171       0.2571
 6503.61       1.2342       0.2325
 6504.65       1.1281       0.2256
 6505.69       0.9450       0.2192
 6506.73       0.9327       0.2105
 6507.76       1.1258       0.1987
 6508.80       1.3270       0.1880
 6509.84       1.2074       0.1764
 6510.88       0.8771       0.1654
 6511.92       0.4993       0.1590
 6512.95       0.5479       0.1612
 6513.99       1.1109       0.1711
 6515.03       1.3867       0.1764
 6516.07       1.1437       0.1722
 6517.10       0.9099       0.1653
 6518.14       0.8396       0.1615
 6519.18       0.9235       0.1654
 6520.22       1.1345       0.1750
 6521.26       1.2396       0.1879
 6522.29       1.0944       0.1989
 6523.33       0.9655       0.2015
 6524.37       0.9021       0.1945
 6525.41       0.7292       0.1828
 6526.44       0.6471       0.1708
 6527.48       0.7831       0.1660
 6528.52       1.0492       0.1742
 6529.56       1.1871       0.1833
 6530.59       0.9927       0.2257
 6531.63       0.2586       0.0479
 6532.67       0.4637       0.3542
 6533.71       0.5741       0.4001
 6534.75       1.1884       0.3957
 6535.78       1.6705       0.3609
 6536.82       1.6776       0.3058
 6537.86       1.3698       0.2568
 6538.90       1.0620       0.2285
 6539.93       0.9619       0.2267
 6540.97       0.8341       0.2232
 6542.01       0.7213       0.2123
 6543.05       0.9222       0.2059
 6544.09       1.0628       0.2204
 6545.12       1.2014       0.2230
 6546.16       1.1624       0.2119
 6547.20       1.0524       0.1936
 6548.24       1.1112       0.1783
 6549.27       1.3251       0.1736
 6550.31       1.4441       0.1872
 6551.35       1.1866       0.2209
 6552.39       0.8330       0.2654
 6553.43       0.7766       0.3008
 6554.46       1.1147       0.3175
 6555.50       1.2731       0.3017
 6556.54       0.7354       0.2557
 6557.58       0.6365       0.2053
 6558.61       1.1790       0.1736
 6559.65       1.3648       0.1631
 6560.69       1.2084       0.1687
 6561.73       1.0750       0.1773
 6562.76       1.2309       0.1911
 6563.80       1.5197       0.1992
 6564.84       1.6129       0.1970
 6565.88       1.4810       0.1870
 6566.92       1.2363       0.1796
 6567.95       0.9424       0.1797
 6568.99       0.8872       0.1850
 6570.03       1.0160       0.1876
 6571.07       0.9746       0.1859
 6572.10       0.8867       0.1746
 6573.14       1.0065       0.1644
 6574.18       1.4343       0.1776
 6575.22       1.6331       0.2094
 6576.26       1.2550       0.2355
 6577.29       1.3160       0.2572
 6578.33       1.7500       0.2649
 6579.37       1.3815       0.2475
 6580.41       0.9191       0.2143
 6581.44       0.8860       0.1812
 6582.48       0.9578       0.1574
 6583.52       0.8592       0.1454
 6584.56       0.5802       0.1397
 6585.60       0.7011       0.1408
 6586.63       0.9604       0.1410
 6587.67       0.7856       0.1378
 6588.71       0.8442       0.1393
 6589.75       1.1969       0.1449
 6590.78       1.1918       0.1452
 6591.82       1.0942       0.1437
 6592.86       1.1646       0.1464
 6593.90       1.1028       0.1508
 6594.93       1.0001       0.1569
 6595.97       0.9329       0.1627
 6597.01       0.7931       0.1670
 6598.05       0.6860       0.1689
 6599.09       0.6917       0.1896
 6600.12       0.7801       0.1878
 6601.16       0.7786       0.1909
 6602.20       0.7448       0.2061
 6603.24       0.7345       0.2262
 6604.27       0.7623       0.2378
 6605.31       0.7023       0.2382
 6606.35       0.6553       0.2267
 6607.39       0.8011       0.2099
 6608.43       0.9722       0.1912
 6609.46       1.2867       0.1183
 6610.50       0.8949       0.1643
 6611.54       0.9778       0.1445
 6612.58       1.3358       0.1463
 6613.61       1.3535       0.1464
 6614.65       1.1002       0.1429
 6615.69       0.9007       0.1372
 6616.73       1.0663       0.1384
 6617.77       1.1950       0.1413
 6618.80       0.8427       0.1378
 6619.84       1.0015       0.1422
 6620.88       1.5303       0.1508
 6621.92       1.3532       0.1471
 6622.95       1.2006       0.1428
 6623.99       1.3811       0.1457
 6625.03       1.0788       0.1468
 6626.07       0.8038       0.1487
 6627.10       1.0874       0.1542
 6628.14       1.2015       0.1573
 6629.18       1.0885       0.1572
 6630.22       1.0818       0.1564
 6631.26       1.3412       0.1610
 6632.29       1.6415       0.1699
 6633.33       1.5345       0.1745
 6634.37       1.2304       0.1733
 6635.41       1.0720       0.1693
 6636.44       1.1027       0.1670
 6637.48       1.1288       0.1626
 6638.52       0.9830       0.1529
 6639.56       0.8883       0.1447
 6640.60       0.9086       0.1413
 6641.63       1.0402       0.1424
 6642.67       0.9783       0.1409
 6643.71       0.7812       0.1358
 6644.75       0.8525       0.1361
 6645.78       1.0280       0.1393
 6646.82       1.1010       0.1420
 6647.86       1.2812       0.1482
 6648.90       1.3990       0.1523
 6649.94       1.3048       0.1496
 6650.97       1.2353       0.1457
 6652.01       1.2207       0.1438
 6653.05       1.1718       0.1428
 6654.09       0.9050       0.1401
 6655.12       0.5697       0.1366
 6656.16       0.7229       0.1395
 6657.20       1.0865       0.1438
 6658.24       1.2009       0.1444
 6659.27       1.1406       0.1437
 6660.31       1.0866       0.1451
 6661.35       1.1617       0.1496
 6662.39       1.1167       0.1487
 6663.43       0.9448       0.1440
 6664.46       0.9118       0.1448
 6665.50       0.9219       0.1502
 6666.54       0.9730       0.1560
 6667.58       0.9126       0.1558
 6668.61       0.8774       0.1525
 6669.65       0.9952       0.1513
 6670.69       1.1485       0.1487
 6671.73       1.1989       0.1446
 6672.77       1.1450       0.1423
 6673.80       0.9805       0.1375
 6674.84       0.8376       0.1324
 6675.88       0.8407       0.1339
 6676.92       0.9399       0.1387
 6677.95       0.9961       0.1403
 6678.99       0.9688       0.1358
 6680.03       0.8313       0.1304
 6681.07       0.7376       0.1313
 6682.10       0.9457       0.1375
 6683.14       1.1882       0.1420
 6684.18       1.1770       0.1411
 6685.22       1.1456       0.1401
 6686.26       1.2109       0.1416
 6687.29       1.3216       0.1423
 6688.33       1.0523       0.1384
 6689.37       0.5148       0.1320
 6690.41       0.6595       0.1320
 6691.44       1.1863       0.1370
 6692.48       1.2941       0.1400
 6693.52       1.0534       0.1357
 6694.56       0.7802       0.1294
 6695.60       0.7816       0.1309
 6696.63       0.9910       0.1374
 6697.67       1.1575       0.1433
 6698.71       1.1752       0.1466
 6699.75       1.0553       0.1464
 6700.78       0.9541       0.1451
 6701.82       1.0692       0.1478
 6702.86       1.2119       0.1503
 6703.90       1.1193       0.1464
 6704.94       1.0362       0.1430
 6705.97       1.0612       0.1426
 6707.01       1.0541       0.1420
 6708.05       1.0668       0.1405
 6709.09       1.1113       0.1387
 6710.12       1.1217       0.1403
 6711.16       1.0660       0.1392
 6712.20       0.9761       0.1324
 6713.24       0.8117       0.1281
 6714.27       0.7605       0.1306
 6715.31       0.9255       0.1367
 6716.35       1.0966       0.1413
 6717.39       1.1035       0.1404
 6718.43       1.1116       0.1376
 6719.46       1.2579       0.1363
 6720.50       1.4127       0.1369
 6721.54       1.3806       0.1380
 6722.58       1.1204       0.1352
 6723.61       0.8109       0.1284
 6724.65       0.7443       0.1278
 6725.69       0.9433       0.1332
 6726.73       1.1104       0.1354
 6727.77       1.0479       0.1335
 6728.80       0.8559       0.1311
 6729.84       1.0942       0.1349
 6730.88       1.2706       0.1381
 6731.92       1.1299       0.1361
 6732.95       1.2230       0.1357
 6733.99       1.3640       0.1358
 6735.03       1.1901       0.1328
 6736.07       1.1580       0.1329
 6737.10       1.2753       0.1351
 6738.14       1.1391       0.1331
 6739.18       0.9395       0.1306
 6740.22       0.9061       0.1317
 6741.26       1.0629       0.1356
 6742.29       1.1494       0.1387
 6743.33       1.0274       0.1391
 6744.37       0.9076       0.1375
 6745.41       1.0023       0.1383
 6746.44       1.3144       0.1433
 6747.48       1.3988       0.1435
 6748.52       1.2394       0.1384
 6749.56       1.1288       0.1351
 6750.60       1.2146       0.1345
 6751.63       1.3715       0.1347
 6752.67       1.3056       0.1332
 6753.71       1.1440       0.1313
 6754.75       1.1368       0.1312
 6755.78       1.1755       0.1313
 6756.82       1.2759       0.1321
 6757.86       1.4594       0.1346
 6758.90       1.5821       0.1365
 6759.94       1.5639       0.1365
 6760.97       1.4698       0.1354
 6762.01       1.3589       0.1336
 6763.05       1.3173       0.1322
 6764.09       1.2578       0.1309
 6765.12       1.2872       0.1308
 6766.16       1.4427       0.1322
 6767.20       1.3266       0.1313
 6768.24       1.0594       0.1290
 6769.27       1.0833       0.1294
 6770.31       1.1042       0.1285
 6771.35       0.9245       0.1256
 6772.39       0.6996       0.1246
 6773.43       0.7407       0.1272
 6774.46       1.0662       0.1310
 6775.50       0.9840       0.1277
 6776.54       0.7797       0.1237
 6777.58       1.0347       0.1281
 6778.61       1.2526       0.1327
 6779.65       1.2387       0.1326
 6780.69       1.1931       0.1302
 6781.73       1.0783       0.1275
 6782.77       0.9755       0.1273
 6783.80       1.0553       0.1294
 6784.84       1.1614       0.1325
 6785.88       1.1027       0.1342
 6786.92       1.0354       0.1331
 6787.95       1.0534       0.1318
 6788.99       1.1157       0.1328
 6790.03       1.1175       0.1329
 6791.07       1.0826       0.1321
 6792.11       1.1960       0.1340
 6793.14       1.2395       0.1330
 6794.18       1.0890       0.1273
 6795.22       1.1542       0.1254
 6796.26       1.1957       0.1266
 6797.29       0.9908       0.1271
 6798.33       0.8942       0.1270
 6799.37       1.0017       0.1273
 6800.41       1.1133       0.1288
 6801.44       1.2520       0.1323
 6802.48       1.3623       0.1360
 6803.52       1.3280       0.1368
 6804.56       1.2045       0.1342
 6805.60       1.0930       0.1301
 6806.63       1.0711       0.1262
 6807.67       1.0383       0.1246
 6808.71       0.9075       0.1251
 6809.75       0.7108       0.1254
 6810.78       0.6752       0.1260
 6811.82       0.9740       0.1290
 6812.86       1.2174       0.1303
 6813.90       1.1304       0.1280
 6814.94       0.8843       0.1252
 6815.97       0.8776       0.1250
 6817.01       1.2003       0.1274
 6818.05       1.4365       0.1316
 6819.09       1.4453       0.1331
 6820.12       1.3113       0.1301
 6821.16       1.0681       0.1275
 6822.20       0.9534       0.1292
 6823.24       1.1116       0.1347
 6824.28       1.4101       0.1446
 6825.31       1.6091       0.1765
 6826.35       1.5612       0.2390
 6827.39       1.5375       0.3173
 6828.43       1.6745       0.3831
 6829.46       1.4318       0.4138
 6830.50       0.9575       0.4150
 6831.54       0.8614       0.4067
 6832.58       0.9539       0.3964
 6833.61       0.9389       0.3861
 6834.65       0.6850       0.3701
 6835.69       0.7041       0.3459
 6836.73       1.0301       0.3052
 6837.77       1.0385       0.2493
 6838.80       0.7967       0.1981
 6839.84       0.7922       0.1730
 6840.88       0.9738       0.1775
 6841.92       1.0416       0.1867
 6842.95       0.7199       0.1800
 6843.99       0.8493       0.1695
 6845.03       1.4006       0.1600
 6846.07       1.3281       0.1440
 6847.11       1.0245       0.1330
 6848.14       1.1244       0.1333
 6849.18       1.3013       0.1369
 6850.22       1.4034       0.1390
 6851.26       1.4731       0.1395
 6852.29       1.2541       0.1353
 6853.33       0.9131       0.1284
 6854.37       0.8929       0.1252
 6855.41       0.9544       0.1260
 6856.45       0.8787       0.1273
 6857.48       0.7836       0.1251
 6858.52       1.0318       0.1271
 6859.56       1.5910       0.1558
 6860.60       1.8524       0.2171
 6861.63       1.6558       0.3146
 6862.67       1.3204       0.4216
 6863.71       1.3921       0.5224
 6864.75       1.6624       0.5811
 6865.78       1.4149       0.5668
 6866.82       1.0602       0.4854
 6867.86       0.9282       0.3887
 6868.90       0.7644       0.3251
 6869.94       0.7216       0.3051
 6870.97       0.9668       0.2966
 6872.01       0.7779       0.2819
 6873.05       0.5398       0.2516
 6874.09       1.0075       0.2276
 6875.12       1.2774       0.2032
 6876.16       1.1581       0.1811
 6877.20       1.2899       0.1754
 6878.24       1.3466       0.1790
 6879.28       1.1405       0.1818
 6880.31       1.1326       0.1911
 6881.35       1.0747       0.1950
 6882.39       0.8248       0.1872
 6883.43       0.9250       0.1772
 6884.46       1.2032       0.1714
 6885.50       1.1770       0.1703
 6886.54       0.9872       0.1880
 6887.58       0.9135       0.2189
 6888.62       0.9071       0.2382
 6889.65       1.1165       0.2519
 6890.69       1.3657       0.2611
 6891.73       0.9716       0.2361
 6892.77       0.6323       0.1976
 6893.80       1.0716       0.1781
 6894.84       1.2857       0.1649
 6895.88       1.1351       0.1570
 6896.92       1.1763       0.1625
 6897.95       1.2908       0.1781
 6898.99       1.2417       0.1962
 6900.03       0.9245       0.2114
 6901.07       0.7536       0.2189
 6902.11       0.9313       0.2171
 6903.14       1.2184       0.2086
 6904.18       1.2932       0.1893
 6905.22       1.1217       0.1603
 6906.26       0.8840       0.1400
 6907.29       0.8644       0.1350
 6908.33       1.1280       0.1378
 6909.37       1.4417       0.1563
 6910.41       1.4988       0.1896
 6911.45       1.2071       0.2245
 6912.48       0.9356       0.2485
 6913.52       0.9826       0.2545
 6914.56       0.9481       0.2418
 6915.60       0.8242       0.2098
 6916.63       0.9175       0.1716
 6917.67       1.0466       0.1431
 6918.71       1.1913       0.1414
 6919.75       1.3213       0.1647
 6920.79       1.3470       0.2148
 6921.82       1.2220       0.2782
 6922.86       0.8629       0.3343
 6923.90       0.5459       0.3555
 6924.94       0.5577       0.3347
 6925.97       0.6086       0.2817
 6927.01       0.6517       0.2193
 6928.05       0.8145       0.1670
 6929.09       0.9142       0.1384
 6930.12       0.9768       0.1259
 6931.16       0.9552       0.1205
 6932.20       0.9695       0.1212
 6933.24       1.1498       0.1279
 6934.28       1.5456       0.1324
 6935.31       1.6640       0.1363
 6936.35       1.1729       0.1470
 6937.39       0.9914       0.1727
 6938.43       1.1792       0.2097
 6939.46       1.1039       0.2395
 6940.50       1.0828       0.2494
 6941.54       1.1781       0.2338
 6942.58       1.4032       0.2012
 6943.62       1.3673       0.1648
 6944.65       1.0903       0.1496
 6945.69       1.1020       0.1697
 6946.73       1.3815       0.2310
 6947.77       1.5570       0.3085
 6948.80       1.4037       0.3699
 6949.84       1.0103       0.3877
 6950.88       0.7038       0.3631
 6951.92       0.8453       0.3043
 6952.96       1.1690       0.2351
 6953.99       0.9891       0.1734
 6955.03       0.7104       0.1391
 6956.07       0.8928       0.1308
 6957.11       0.9315       0.1319
 6958.14       0.8772       0.1299
 6959.18       1.0369       0.1310
 6960.22       1.1561       0.1315
 6961.26       1.0894       0.1302
 6962.29       0.9178       0.1285
 6963.33       0.8421       0.1263
 6964.37       0.9115       0.1258
 6965.41       1.1050       0.1313
 6966.45       1.2794       0.1433
 6967.48       1.2650       0.1577
 6968.52       1.0577       0.1752
 6969.56       0.9562       0.1924
 6970.60       1.2034       0.2027
 6971.63       1.3355       0.1968
 6972.67       1.1534       0.1780
 6973.71       1.0094       0.1570
 6974.75       1.1861       0.1547
 6975.79       1.5150       0.1795
 6976.82       1.3532       0.2180
 6977.86       0.8858       0.2553
 6978.90       0.6910       0.2776
 6979.94       0.7780       0.2752
 6980.97       1.0094       0.2463
 6982.01       1.2128       0.2036
 6983.05       1.3309       0.1619
 6984.09       1.2993       0.1444
 6985.12       0.8647       0.1297
 6986.16       0.9050       0.1456
 6987.20       0.6217       0.1414
 6988.24       0.7886       0.1408
 6989.28       1.1564       0.1428
 6990.31       1.1541       0.1446
 6991.35       0.8154       0.1207
 6992.39       1.2051       0.1287
 6993.43       1.2598       0.1269
 6994.46       1.2195       0.1287
 6995.50       1.1933       0.1281
 6996.54       0.8585       0.1249
 6997.58       0.7112       0.1220
 6998.62       0.9902       0.1257
 6999.65       1.0301       0.1264
 7000.69       0.8640       0.1284
 7001.73       0.8692       0.1376
 7002.77       0.9988       0.1516
 7003.80       1.1573       0.1625
 7004.84       1.2006       0.1632
 7005.88       1.2855       0.1557
 7006.92       1.4604       0.1488
 7007.96       1.4468       0.1438
 7008.99       1.2627       0.1496
 7010.03       1.0849       0.1662
 7011.07       0.9729       0.1851
 7012.11       0.9241       0.1930
 7013.14       0.8779       0.1855
 7014.18       0.8727       0.1657
 7015.22       0.9334       0.1436
 7016.26       1.0678       0.1261
 7017.29       1.2627       0.1186
 7018.33       1.3949       0.1166
 7019.37       1.3153       0.1149
 7020.41       1.0979       0.1122
 7021.45       0.9545       0.1126
 7022.48       1.0515       0.1147
 7023.52       1.2330       0.1160
 7024.56       1.2216       0.1148
 7025.60       1.1587       0.1150
 7026.63       1.1855       0.1177
 7027.67       1.2258       0.1188
 7028.71       1.2267       0.1195
 7029.75       1.1956       0.1214
 7030.79       1.2999       0.1241
 7031.82       1.2818       0.1222
 7032.86       0.9193       0.1137
 7033.90       1.0095       0.1121
 7034.94       1.3003       0.1158
 7035.97       0.8733       0.1116
 7037.01       0.7204       0.1100
 7038.05       1.1450       0.1167
 7039.09       1.1869       0.1231
 7040.12       1.0979       0.1302
 7041.16       1.2598       0.1382
 7042.20       1.0171       0.1379
 7043.24       0.7266       0.1343
 7044.28       0.9987       0.1378
 7045.31       1.2864       0.1474
 7046.35       1.3330       0.1634
 7047.39       1.4964       0.1849
 7048.43       1.4251       0.1959
 7049.46       1.0850       0.1905
 7050.50       1.0532       0.1845
 7051.54       1.1350       0.1749
 7052.58       1.0277       0.1570
 7053.62       0.9713       0.1445
 7054.65       1.0677       0.1391
 7055.69       1.0697       0.1334
 7056.73       0.8949       0.1255
 7057.77       0.7533       0.1184
 7058.80       0.8451       0.1196
 7059.84       1.1061       0.1248
 7060.88       1.2609       0.1275
 7061.92       1.1337       0.1284
 7062.96       0.9759       0.1307
 7063.99       1.0906       0.1364
 7065.03       1.1970       0.1405
 7066.07       1.1938       0.1416
 7067.11       1.1948       0.1413
 7068.14       1.2514       0.1419
 7069.18       1.2437       0.1422
 7070.22       1.0965       0.1391
 7071.26       0.9238       0.1355
 7072.29       0.8850       0.1347
 7073.33       1.0735       0.1352
 7074.37       1.3046       0.1363
 7075.41       1.3689       0.1375
 7076.45       1.2925       0.1381
 7077.48       1.1420       0.1369
 7078.52       0.9665       0.1336
 7079.56       0.9326       0.1335
 7080.60       1.0123       0.1378
 7081.63       0.9727       0.1417
 7082.67       0.8038       0.1404
 7083.71       0.7055       0.1355
 7084.75       0.9911       0.1343
 7085.79       1.3833       0.1385
 7086.82       1.3832       0.1427
 7087.86       1.1684       0.1455
 7088.90       1.0961       0.1476
 7089.94       1.2891       0.1514
 7090.97       1.3503       0.1486
 7092.01       1.1874       0.1387
 7093.05       1.2125       0.1325
 7094.09       1.3957       0.1304
 7095.13       1.4810       0.1273
 7096.16       1.4007       0.1236
 7097.20       1.1612       0.1194
 7098.24       0.9171       0.1162
 7099.28       0.8888       0.1154
 7100.31       1.0969       0.1169
 7101.35       1.1752       0.1186
 7102.39       1.0609       0.1189
 7103.43       0.9919       0.1184
 7104.46       1.1913       0.1193
 7105.50       1.3953       0.1203
 7106.54       1.2648       0.1191
 7107.58       1.0476       0.1190
 7108.62       1.0138       0.1183
 7109.65       1.2693       0.1101
 7110.69       1.3990       0.1204
 7111.73       1.3305       0.1321
 7112.77       1.1982       0.1332
 7113.80       1.0862       0.1334
 7114.84       1.0529       0.1326
 7115.88       0.9586       0.1297
 7116.92       0.8889       0.1269
 7117.96       0.9961       0.1194
 7118.99       1.1640       0.1007
 7120.03       1.0813       0.1142
 7121.07       0.9042       0.1127
 7122.11       0.8581       0.1093
 7123.14       1.0842       0.1132
 7124.18       1.2639       0.1171
 7125.22       1.3473       0.1218
 7126.26       1.3901       0.1277
 7127.30       1.2210       0.1290
 7128.33       1.0294       0.1286
 7129.37       1.1090       0.1323
 7130.41       1.1608       0.1314
 7131.45       1.0780       0.1270
 7132.48       1.1220       0.1293
 7133.52       1.2082       0.1326
 7134.56       1.1871       0.1302
 7135.60       0.9805       0.1242
 7136.63       0.8021       0.1177
 7137.67       0.8427       0.1143
 7138.71       1.0849       0.1155
 7139.75       1.2793       0.1208
 7140.79       1.2070       0.1276
 7141.82       1.0146       0.1347
 7142.86       0.8811       0.1421
 7143.90       0.8136       0.1488
 7144.94       1.0331       0.1544
 7145.97       1.3033       0.1556
 7147.01       1.2522       0.1491
 7148.05       1.0138       0.1407
 7149.09       0.9255       0.1362
 7150.13       0.9154       0.1318
 7151.16       0.9625       0.1260
 7152.20       1.1325       0.1235
 7153.24       1.1532       0.1204
 7154.28       1.0335       0.1163
 7155.31       1.1737       0.1169
 7156.35       1.1854       0.1180
 7157.39       0.8699       0.1169
 7158.43       0.8413       0.1204
 7159.47       1.1269       0.1279
 7160.50       1.3595       0.1340
 7161.54       1.3743       0.1334
 7162.58       1.2561       0.1289
 7163.62       1.2085       0.1271
 7164.65       1.1831       0.1279
 7165.69       1.1134       0.1283
 7166.73       1.1582       0.1289
 7167.77       1.1623       0.1290
 7168.80       1.0020       0.1288
 7169.84       0.9252       0.1277
 7170.88       1.0421       0.1276
 7171.92       1.2141       0.1297
 7172.96       1.1380       0.1306
 7173.99       0.8490       0.1296
 7175.03       0.7046       0.1282
 7176.07       0.8973       0.1326
 7177.11       1.2247       0.1407
 7178.14       1.3180       0.1405
 7179.18       1.0693       0.1330
 7180.22       0.7805       0.1273
 7181.26       0.8621       0.1269
 7182.30       1.1919       0.1311
 7183.33       1.3171       0.1353
 7184.37       1.0377       0.1324
 7185.41       0.6667       0.1238
 7186.45       0.9018       0.1212
 7187.48       1.1410       0.1208
 7188.52       0.8619       0.1168
 7189.56       0.8351       0.1149
 7190.60       0.9955       0.1144
 7191.64       1.0568       0.1141
 7192.67       1.2457       0.1149
 7193.71       1.4080       0.1149
 7194.75       1.0654       0.1098
 7195.79       0.8257       0.1074
 7196.82       0.9479       0.1097
 7197.86       0.7937       0.1057
 7198.90       0.7263       0.1059
 7199.94       1.0140       0.1163
 7200.97       0.9533       0.1209
 7202.01       0.7871       0.1183
 7203.05       0.9685       0.1157
 7204.09       1.1052       0.1132
 7205.13       1.0094       0.1108
 7206.16       0.9016       0.1081
 7207.20       0.8396       0.1064
 7208.24       0.9084       0.1066
 7209.28       1.1620       0.1087
 7210.31       1.2878       0.1082
 7211.35       1.0915       0.1037
 7212.39       0.9016       0.1005
 7213.43       0.8818       0.1000
 7214.47       0.9239       0.0996
 7215.50       0.9294       0.0994
 7216.54       0.9366       0.0997
 7217.58       0.9886       0.0996
 7218.62       0.9742       0.0996
 7219.65       0.8819       0.1015
 7220.69       0.8460       0.1062
 7221.73       0.9348       0.1118
 7222.77       1.0672       0.1153
 7223.81       0.9671       0.1152
 7224.84       0.7594       0.1139
 7225.88       0.8270       0.1145
 7226.92       1.0444       0.1168
 7227.96       1.1604       0.1190
 7228.99       1.2635       0.1207
 7230.03       1.1174       0.1203
 7231.07       0.8261       0.1199
 7232.11       0.7513       0.1220
 7233.14       0.9801       0.1274
 7234.18       1.2521       0.1405
 7235.22       1.4581       0.1576
 7236.26       1.2988       0.2081
 7237.30       0.5988       0.2977
 7238.33       0.6000       0.4391
 7239.37       1.3998       0.6012
 7240.41       1.6390       0.7058
 7241.45       1.3286       0.7390
 7242.48       1.0799       0.7402
 7243.52       0.9524       0.7355
 7244.56       1.0199       0.7292
 7245.60       1.0192       0.6918
 7246.64       1.2331       0.6295
 7247.67       1.3950       0.5242
 7248.71       0.9897       0.3790
 7249.75       0.5914       0.2570
 7250.79       0.7410       0.2009
 7251.82       1.1101       0.2072
 7252.86       1.2886       0.2370
 7253.90       1.0811       0.2498
 7254.94       1.0661       0.2496
 7255.98       1.1437       0.2273
 7257.01       0.8661       0.1875
 7258.05       0.8010       0.1528
 7259.09       1.0440       0.1340
 7260.13       1.2446       0.1269
 7261.16       1.1629       0.1246
 7262.20       0.9407       0.1221
 7263.24       0.8674       0.1241
 7264.28       0.9645       0.1291
 7265.31       1.1022       0.1352
 7266.35       1.1875       0.1413
 7267.39       1.1790       0.1454
 7268.43       1.0520       0.1454
 7269.47       0.7743       0.1410
 7270.50       0.6062       0.1439
 7271.54       0.6069       0.1485
 7272.58       1.0728       0.2016
 7273.62       1.8199       0.3454
 7274.65       1.9163       0.5647
 7275.69       1.4242       0.7970
 7276.73       1.0805       0.9419
 7277.77       0.7947       0.9077
 7278.81       0.7295       0.7188
 7279.84       1.0846       0.4919
 7280.88       1.4732       0.3291
 7281.92       1.4614       0.2721
 7282.96       1.2877       0.3015
 7283.99       0.9215       0.3687
 7285.03       0.5242       0.4110
 7286.07       0.5942       0.4031
 7287.11       0.9516       0.3377
 7288.15       1.1126       0.2549
 7289.18       1.0790       0.1873
 7290.22       0.9865       0.1496
 7291.26       1.0996       0.1372
 7292.30       1.0220       0.1416
 7293.33       0.8122       0.1537
 7294.37       0.9429       0.1790
 7295.41       1.3155       0.2020
 7296.45       1.4365       0.2077
 7297.48       1.4550       0.2044
 7298.52       1.3232       0.1870
 7299.56       0.9515       0.1519
 7300.60       0.7876       0.1444
 7301.64       0.8591       0.1832
 7302.67       0.6174       0.2350
 7303.71       0.6168       0.2786
 7304.75       1.0021       0.2936
 7305.79       0.9753       0.2710
 7306.82       0.7765       0.2231
 7307.86       0.8748       0.1759
 7308.90       0.9037       0.1457
 7309.94       0.6971       0.1354
 7310.98       0.3444       0.1413
 7312.01       0.6257       0.1582
 7313.05       1.3964       0.2207
 7314.09       1.4654       0.3516
 7315.13       1.1513       0.5205
 7316.16       1.1254       0.6510
 7317.20       1.1175       0.6984
 7318.24       1.0846       0.6305
 7319.28       1.1177       0.4814
 7320.31       1.1565       0.3124
 7321.35       1.1852       0.1847
 7322.39       1.1588       0.1212
 7323.43       1.1112       0.1061
 7324.47       1.1550       0.1069
 7325.50       1.5327       0.1331
 7326.54       1.7234       0.1873
 7327.58       1.3206       0.2611
 7328.62       0.8028       0.3236
 7329.65       0.5682       0.3548
 7330.69       0.6584       0.3519
 7331.73       0.9604       0.3060
 7332.77       1.1299       0.2341
 7333.81       1.0463       0.1689
 7334.84       0.9028       0.1246
 7335.88       0.9660       0.1171
 7336.92       1.1253       0.1395
 7337.96       1.2806       0.2466
 7338.99       1.2776       0.4441
 7340.03       0.7614       0.6444
 7341.07       0.3622       0.7731
 7342.11       0.7416       0.8051
 7343.15       1.0029       0.7001
 7344.18       0.7412       0.5039
 7345.22       0.5798       0.3044
 7346.26       0.7997       0.1816
 7347.30       1.2273       0.1352
 7348.33       0.9947       0.1284
 7349.37       0.6490       0.1266
 7350.41       1.0485       0.1322
 7351.45       1.3602       0.1375
 7352.48       1.2066       0.1351
 7353.52       0.9280       0.1300
 7354.56       0.8149       0.1305
 7355.60       0.9556       0.1572
 7356.64       0.8200       0.2105
 7357.67       0.7026       0.2784
 7358.71       0.8618       0.3303
 7359.75       0.7937       0.3453
 7360.79       0.6729       0.3139
 7361.82       0.9160       0.2548
 7362.86       1.0995       0.1884
 7363.90       1.1337       0.1445
 7364.94       1.2032       0.1354
 7365.98       1.4189       0.1839
 7367.01       1.6082       0.2968
 7368.05       1.4781       0.4551
 7369.09       0.9908       0.5917
 7370.13       0.5371       0.6435
 7371.16       0.9492       0.6122
 7372.20       1.9512       0.5051
 7373.24       2.5179       0.3515
 7374.28       2.2193       0.2180
 7375.32       1.5678       0.1410
 7376.35       1.3672       0.1185
 7377.39       1.3823       0.1212
 7378.43       1.1760       0.1131
 7379.47       0.7680       0.1049
 7380.50       0.4915       0.0995
 7381.54       0.6654       0.1027
 7382.58       0.9643       0.1068
 7383.62       1.0772       0.1069
 7384.65       0.9927       0.1054
 7385.69       1.0355       0.1048
 7386.73       1.2522       0.1086
 7387.77       1.2753       0.1129
 7388.81       1.0796       0.1285
 7389.84       0.8967       0.1643
 7390.88       1.3579       0.2181
 7391.92       1.5652       0.2615
 7392.96       0.7211       0.2669
 7393.99       0.5550       0.2528
 7395.03       1.1787       0.2226
 7396.07       1.2379       0.1709
 7397.11       1.2440       0.1306
 7398.15       1.3646       0.1378
 7399.18       1.3167       0.1938
 7400.22       0.9741       0.2847
 7401.26       0.5308       0.3709
 7402.30       0.5261       0.4260
 7403.33       0.8153       0.4233
 7404.37       0.9740       0.3684
 7405.41       1.0125       0.2711
 7406.45       0.9440       0.1739
 7407.49       0.9359       0.1193
 7408.52       0.9172       0.1046
 7409.56       0.8740       0.0997
 7410.60       0.8930       0.1035
 7411.64       1.0455       0.1078
 7412.67       1.2741       0.1138
 7413.71       1.2924       0.1172
 7414.75       1.1972       0.1177
 7415.79       1.2275       0.1169
 7416.82       1.2961       0.1148
 7417.86       1.2637       0.1112
 7418.90       1.0316       0.1053
 7419.94       0.8933       0.1021
 7420.98       0.9796       0.1031
 7422.01       0.9418       0.1033
 7423.05       0.8519       0.1015
 7424.09       0.9237       0.1013
 7425.13       1.0398       0.1014
 7426.16       1.1643       0.1100
 7427.20       1.3125       0.1305
 7428.24       1.3391       0.1583
 7429.28       1.1810       0.1817
 7430.32       0.9738       0.1915
 7431.35       0.8205       0.1848
 7432.39       0.7689       0.1682
 7433.43       0.9587       0.1429
 7434.47       1.0169       0.1277
 7435.50       0.6894       0.1375
 7436.54       0.9759       0.1833
 7437.58       1.4594       0.2422
 7438.62       0.9843       0.2768
 7439.66       0.7474       0.2832
 7440.69       1.2293       0.2630
 7441.73       1.3750       0.2124
 7442.77       1.0654       0.1537
 7443.81       0.8200       0.1123
 7444.84       0.9192       0.1003
 7445.88       1.2168       0.1035
 7446.92       1.2381       0.1020
 7447.96       1.2209       0.1023
 7448.99       1.1737       0.1027
 7450.03       0.8716       0.0978
 7451.07       0.9219       0.0978
 7452.11       1.3657       0.1048
 7453.15       1.2551       0.1041
 7454.18       1.0086       0.1001
 7455.22       1.2030       0.1015
 7456.26       1.2083       0.1021
 7457.30       1.0782       0.1032
 7458.33       1.1763       0.1085
 7459.37       1.3031       0.1151
 7460.41       1.2599       0.1217
 7461.45       1.0370       0.1277
 7462.49       0.9610       0.1348
 7463.52       1.1423       0.1450
 7464.56       1.0905       0.1554
 7465.60       0.9313       0.1635
 7466.64       0.9580       0.1686
 7467.67       1.0794       0.1685
 7468.71       1.1240       0.1714
 7469.75       0.9751       0.1828
 7470.79       1.0141       0.2036
 7471.83       1.2752       0.2282
 7472.86       1.3097       0.2480
 7473.90       1.1593       0.2493
 7474.94       1.0031       0.2326
 7475.98       0.8260       0.2096
 7477.01       0.8586       0.1974
 7478.05       1.1204       0.2021
 7479.09       1.2291       0.2206
 7480.13       1.1489       0.2452
 7481.16       1.1848       0.2682
 7482.20       1.2455       0.2777
 7483.24       1.3201       0.2699
 7484.28       1.6594       0.2537
 7485.32       1.6229       0.2271
 7486.35       0.9924       0.1903
 7487.39       0.9472       0.1568
 7488.43       1.3707       0.1323
 7489.47       1.4213       0.1183
 7490.50       1.4135       0.1159
 7491.54       1.3810       0.1202
 7492.58       0.9767       0.1277
 7493.62       0.8659       0.1376
 7494.66       1.1631       0.1440
 7495.69       1.0916       0.1389
 7496.73       0.7562       0.1238
 7497.77       0.5672       0.1081
 7498.81       0.8872       0.1039
 7499.84       1.2481       0.1057
 7500.88       0.9813       0.1007
 7501.92       0.7552       0.0976
 7502.96       1.0174       0.1006
 7504.00       1.2459       0.1024
 7505.03       1.2680       0.1015
 7506.07       1.1083       0.0991
 7507.11       1.1283       0.0994
 7508.15       1.2094       0.1006
 7509.18       1.1023       0.0991
 7510.22       0.9890       0.0968
 7511.26       1.0083       0.0956
 7512.30       1.1537       0.0960
 7513.33       1.1547       0.0976
 7514.37       0.9942       0.1018
 7515.41       0.9381       0.1096
 7516.45       1.0755       0.1206
 7517.49       1.2596       0.1328
 7518.52       1.1415       0.1342
 7519.56       0.8575       0.1378
 7520.60       0.7369       0.1646
 7521.64       0.6744       0.2321
 7522.67       0.6526       0.3364
 7523.71       0.7188       0.4334
 7524.75       1.0841       0.4830
 7525.79       1.4783       0.4623
 7526.83       1.2393       0.3760
 7527.86       0.9247       0.2767
 7528.90       1.1389       0.2142
 7529.94       1.1180       0.1963
 7530.98       0.9550       0.2007
 7532.01       1.1239       0.2010
 7533.05       1.2601       0.1864
 7534.09       1.2027       0.1559
 7535.13       1.1258       0.1268
 7536.17       1.1154       0.1107
 7537.20       1.1778       0.1089
 7538.24       1.1598       0.1156
 7539.28       1.1757       0.1239
 7540.32       1.2909       0.1296
 7541.35       1.3432       0.1340
 7542.39       1.1328       0.1311
 7543.43       0.6191       0.1164
 7544.47       0.5154       0.1051
 7545.50       0.9579       0.1041
 7546.54       1.0382       0.1028
 7547.58       1.1556       0.1042
 7548.62       1.4804       0.1072
 7549.66       1.3285       0.1041
 7550.69       1.0651       0.1007
 7551.73       1.2435       0.1058
 7552.77       1.0745       0.1057
 7553.81       0.7203       0.1068
 7554.84       0.9143       0.1213
 7555.88       1.2440       0.1451
 7556.92       1.2949       0.1665
 7557.96       1.1488       0.1761
 7559.00       1.0577       0.1736
 7560.03       1.1621       0.1635
 7561.07       1.1859       0.1427
 7562.11       1.1532       0.1212
 7563.15       1.1826       0.1097
 7564.18       1.3173       0.1090
 7565.22       1.3459       0.1121
 7566.26       1.0753       0.1158
 7567.30       0.7050       0.1206
 7568.33       0.5787       0.1457
 7569.37       0.9154       0.2016
 7570.41       1.1865       0.2745
 7571.45       1.0889       0.3342
 7572.49       1.0657       0.3724
 7573.52       1.1958       0.3665
 7574.56       1.3244       0.3115
 7575.60       1.2976       0.2370
 7576.64       1.1641       0.1732
 7577.67       1.2493       0.1323
 7578.71       1.2257       0.1127
 7579.75       1.0301       0.1002
 7580.79       0.9223       0.0951
 7581.83       0.9222       0.0964
 7582.86       0.9401       0.1093
 7583.90       0.9913       0.1297
 7584.94       1.1322       0.1592
 7585.98       1.3675       0.1935
 7587.01       1.1405       0.2044
 7588.05       0.6833       0.1865
 7589.09       0.9341       0.1634
 7590.13       1.1246       0.1387
 7591.17       0.7621       0.1177
 7592.20       0.9004       0.1137
 7593.24       1.1926       0.1185
 7594.28       1.1396       0.1456
 7595.32       0.9937       0.1950
 7596.35       0.8211       0.3482
 7597.39       0.5637       0.6288
 7598.43       0.7521       0.9092
 7599.47       1.1994       1.0584
 7600.50       1.1544       1.0488
 7601.54       0.5749       0.9346
 7602.58      -0.3503       0.8168
 7603.62      -0.1541       0.6890
 7604.66       0.7003       0.6645
 7605.69       1.1004       0.7937
 7606.73       1.3549       0.8891
 7607.77       1.4943       0.8805
 7608.81       1.3972       0.8477
 7609.84       1.1479       0.7639
 7610.88       0.9607       0.6483
 7611.92       1.0298       0.5566
 7612.96       1.3788       0.4848
 7614.00       1.5908       0.4129
 7615.03       1.5814       0.3660
 7616.07       1.3014       0.3300
 7617.11       0.9291       0.3013
 7618.15       0.9359       0.2880
 7619.18       1.2816       0.2851
 7620.22       1.3948       0.2925
 7621.26       1.2384       0.2811
 7622.30       1.0515       0.2449
 7623.33       1.0800       0.2185
 7624.37       1.3247       0.2213
 7625.41       1.4285       0.2647
 7626.45       1.2412       0.3799
 7627.49       0.9983       0.5250
 7628.52       1.1581       0.6278
 7629.56       0.8491       0.6641
 7630.60       0.2331       0.6296
 7631.64       0.4886       0.5384
 7632.67       1.0648       0.4290
 7633.71       1.1558       0.3395
 7634.75       0.8218       0.2897
 7635.79       0.7084       0.2643
 7636.83       1.3424       0.2499
 7637.86       1.4616       0.2438
 7638.90       0.9413       0.2351
 7639.94       0.6682       0.2276
 7640.98       0.7787       0.2213
 7642.01       1.0561       0.2174
 7643.05       1.0345       0.2192
 7644.09       0.9419       0.2175
 7645.13       1.0089       0.2058
 7646.17       1.0738       0.1937
 7647.20       1.0889       0.1836
 7648.24       0.9887       0.1754
 7649.28       1.0525       0.1744
 7650.32       1.2384       0.1831
 7651.35       1.3033       0.2000
 7652.39       1.2431       0.2113
 7653.43       1.1151       0.2095
 7654.47       0.9465       0.2054
 7655.50       0.9162       0.1965
 7656.54       1.0569       0.1804
 7657.58       1.2861       0.1562
 7658.62       1.3194       0.1439
 7659.66       1.0272       0.1594
 7660.69       0.7874       0.1942
 7661.73       0.8511       0.2263
 7662.77       1.0401       0.2409
 7663.81       1.1604       0.2339
 7664.84       1.1373       0.2121
 7665.88       1.0590       0.1805
 7666.92       0.9975       0.1471
 7667.96       0.9864       0.1190
 7669.00       0.9593       0.1059
 7670.03       0.9954       0.1049
 7671.07       1.1884       0.1092
 7672.11       1.1831       0.1113
 7673.15       0.9671       0.1081
 7674.18       0.8304       0.1061
 7675.22       0.8754       0.1053
 7676.26       0.9806       0.1041
 7677.30       0.9585       0.1018
 7678.33       0.8596       0.1014
 7679.37       0.8569       0.1053
 7680.41       0.7496       0.1073
 7681.45       0.7574       0.1104
 7682.49       1.1393       0.1202
 7683.52       1.3994       0.1270
 7684.56       1.2502       0.1271
 7685.60       0.7134       0.1250
 7686.64       0.5392       0.1247
 7687.67       1.0049       0.1279
 7688.71       1.1558       0.1302
 7689.75       0.9665       0.1332
 7690.79       0.9443       0.1385
 7691.83       0.9781       0.1411
 7692.86       0.9725       0.1368
 7693.90       0.9297       0.1284
 7694.94       0.8703       0.1204
 7695.98       0.8675       0.1189
 7697.01       0.9215       0.1234
 7698.05       0.8867       0.1342
 7699.09       0.7442       0.1464
 7700.13       0.7940       0.1530
 7701.17       0.8945       0.1488
 7702.20       0.8061       0.1367
 7703.24       0.6756       0.1215
 7704.28       0.6375       0.1081
 7705.32       0.6895       0.1001
 7706.35       0.7398       0.0940
 7707.39       0.6541       0.0988
 7708.43       0.6090       0.1105
 7709.47       0.5664       0.1828
 7710.50       0.4951       0.3393
 7711.54       0.6705       0.5090
 7712.58       0.9746       0.6667
 7713.62       1.0972       0.8016
 7714.66       0.7438       0.8952
 7715.69       0.4265       0.9463
 7716.73       1.0288       0.9391
 7717.77       1.4469       0.8744
 7718.81       0.9265       0.7501
 7719.84       0.6671       0.5702
 7720.88       0.7415       0.3845
 7721.92       0.6597       0.2560
 7722.96       0.8166       0.2178
 7724.00       1.0582       0.2373
 7725.03       0.9507       0.2736
 7726.07       0.9746       0.2938
 7727.11       1.2645       0.2794
 7728.15       1.3583       0.2460
 7729.18       1.1957       0.1976
 7730.22       0.9399       0.1477
 7731.26       0.8338       0.1188
 7732.30       0.8354       0.1135
 7733.34       0.8378       0.1206
 7734.37       0.9193       0.1389
 7735.41       1.0311       0.1521
 7736.45       1.0362       0.1499
 7737.49       0.9652       0.1402
 7738.52       0.9006       0.1338
 7739.56       0.9026       0.1238
 7740.60       0.8085       0.1136
 7741.64       0.6028       0.1075
 7742.68       0.6476       0.1083
 7743.71       0.8909       0.1097
 7744.75       1.0133       0.1147
 7745.79       1.1610       0.1149
 7746.83       1.2205       0.1709
 7747.86       0.9407       0.3094
 7748.90       0.4944       0.5534
 7749.94       0.2696       0.8272
 7750.98       0.5004       1.0067
 7752.01       1.0708       1.0041
 7753.05       1.5373       0.8437
 7754.09       1.3191       0.5743
 7755.13       0.8243       0.3245
 7756.17       0.8457       0.1846
 7757.20       1.4007       0.1917
 7758.24       1.7704       0.2726
 7759.28       1.2979       0.3626
 7760.32       0.5253       0.4068
 7761.35       0.3281       0.3973
 7762.39       0.3753       0.3420
 7763.43       0.6478       0.2582
 7764.47       1.0044       0.1696
 7765.51       1.1556       0.1159
 7766.54       1.0296       0.0981
 7767.58       1.0036       0.0974
 7768.62       0.8312       0.0999
 7769.66       0.5848       0.1068
 7770.69       0.7456       0.1345
 7771.73       0.9826       0.1762
 7772.77       0.9850       0.2132
 7773.81       1.1447       0.2355
 7774.85       1.3013       0.2328
 7775.88       1.1680       0.2111
 7776.92       1.0089       0.1825
 7777.96       0.9620       0.1803
 7779.00       1.0017       0.2181
 7780.03       1.1105       0.2694
 7781.07       1.1518       0.2943
 7782.11       0.9135       0.2904
 7783.15       0.7768       0.2508
 7784.18       1.0986       0.1935
 7785.22       1.2555       0.1483
 7786.26       1.1716       0.1268
 7787.30       1.0631       0.1211
 7788.34       0.8524       0.1197
 7789.37       0.7273       0.1341
 7790.41       0.9573       0.1737
 7791.45       1.3027       0.2902
 7792.49       1.3589       0.4818
 7793.52       1.1532       0.6697
 7794.56       0.9925       0.7718
 7795.60       1.1053       0.7510
 7796.64       0.9557       0.6139
 7797.68       0.7049       0.4211
 7798.71       0.8787       0.2409
 7799.75       1.0240       0.1376
 7800.79       1.0078       0.1000
 7801.83       0.9679       0.0957
 7802.86       0.9344       0.0950
 7803.90       0.9237       0.0989
 7804.94       0.9411       0.1179
 7805.98       1.2140       0.1775
 7807.02       1.7449       0.2724
 7808.05       1.5129       0.3465
 7809.09       0.9277       0.3762
 7810.13       1.2403       0.3812
 7811.17       1.4345       0.3310
 7812.20       1.0176       0.2406
 7813.24       0.9678       0.1678
 7814.28       1.1024       0.1328
 7815.32       1.0006       0.1247
 7816.35       1.1825       0.1244
 7817.39       1.1065       0.1456
 7818.43       0.2782       0.2196
 7819.47       0.3654       0.4160
 7820.51       1.1466       0.6857
 7821.54       0.7086       0.8673
 7822.58       0.4848       0.9074
 7823.62       1.1451       0.8115
 7824.66       1.4239       0.5984
 7825.69       1.1630       0.3601
 7826.73       0.7077       0.1804
 7827.77       0.6757       0.1153
 7828.81       0.9987       0.1164
 7829.85       1.1163       0.1159
 7830.88       1.0881       0.1141
 7831.92       1.0310       0.1101
 7832.96       0.9214       0.1070
 7834.00       0.9159       0.1047
 7835.03       1.0623       0.1046
 7836.07       1.2444       0.1029
 7837.11       1.3633       0.1102
 7838.15       1.4471       0.1397
 7839.19       1.2455       0.1980
 7840.22       0.9899       0.2739
 7841.26       1.0635       0.3340
 7842.30       1.0730       0.3539
 7843.34       0.7723       0.3241
 7844.37       0.3292       0.2537
 7845.41       0.3196       0.1788
 7846.45       0.8198       0.1364
 7847.49       1.1234       0.1338
 7848.52       0.8636       0.1630
 7849.56       0.3811       0.2243
 7850.60       0.0375       0.3607
 7851.64       0.3263       0.5920
 7852.68       1.2848       0.8429
 7853.71       1.6661       1.0072
 7854.75       1.1187       1.0072
 7855.79       0.9566       0.8505
 7856.83       0.8485       0.6156
 7857.86       0.3907       0.4230
 7858.90       0.5332       0.3731
 7859.94       0.8661       0.4199
 7860.98       0.6012       0.4424
 7862.02       0.4430       0.4291
 7863.05       0.6118       0.3644
 7864.09       0.6532       0.2692
 7865.13       0.6130       0.1947
 7866.17       0.6248       0.1842
 7867.20       0.7574       0.2236
 7868.24       0.9606       0.3129
 7869.28       1.0892       0.4225
 7870.32       1.0132       0.5064
 7871.35       0.8888       0.5224
 7872.39       1.0033       0.4729
 7873.43       1.0470       0.3693
 7874.47       0.8557       0.2588
 7875.51       0.5809       0.1790
 7876.54       0.5938       0.1747
 7877.58       0.8948       0.2326
 7878.62       1.0050       0.3045
 7879.66       0.9510       0.3591
 7880.69       0.9336       0.3913
 7881.73       0.5936       0.3768
 7882.77       0.2123       0.3266
 7883.81       0.2632       0.2744
 7884.85       0.7256       0.2224
 7885.88       1.1857       0.1981
 7886.92       1.1678       0.2256
 7887.96       0.8578       0.3237
 7889.00       0.8814       0.4566
 7890.03       1.2403       0.5620
 7891.07       2.1033       0.5888
 7892.11       3.0050       0.5391
 7893.15       3.4683       0.4137
 7894.19       3.0104       0.2794
 7895.22       1.8186       0.1934
 7896.26       1.1313       0.1579
 7897.30       0.6884       0.1401
 7898.34       0.5260       0.1330
 7899.37       0.6858       0.1270
 7900.41       0.9359       0.1253
 7901.45       0.9206       0.1199
 7902.49       0.7944       0.1166
 7903.52       0.6721       0.1131
 7904.56       0.8349       0.1136
 7905.60       1.0889       0.1164
 7906.64       1.1285       0.1208
 7907.68       0.9920       0.1148
 7908.71       0.7956       0.1256
 7909.75       0.6496       0.1570
 7910.79       0.2865       0.3009
 7911.83      -0.3484       0.5720
 7912.86      -0.1845       0.8769
 7913.90       0.2465       1.0791
 7914.94      -0.2127       1.0997
 7915.98       0.2677       0.9353
 7917.02       1.6005       0.6909
 7918.05       1.5625       0.4501
 7919.09       0.9697       0.3735
 7920.13       0.9488       0.4521
 7921.17       0.9351       0.5431
 7922.20       0.9186       0.5518
 7923.24       0.9439       0.4935
 7924.28       1.3454       0.3755
 7925.32       1.5361       0.2438
 7926.35       0.7692       0.1464
 7927.39       0.3500       0.1235
 7928.43       0.7620       0.1695
 7929.47       0.8320       0.2521
 7930.51       0.8315       0.3418
 7931.54       1.1029       0.4074
 7932.58       1.4259       0.4250
 7933.62       1.4543       0.3788
 7934.66       1.0744       0.2879
 7935.69       0.7262       0.1922
 7936.73       0.7398       0.1274
 7937.77       0.9903       0.1019
 7938.81       1.0794       0.1014
 7939.85       0.8784       0.0994
 7940.88       0.7569       0.1019
 7941.92       0.7854       0.1046
 7942.96       0.8498       0.1104
 7944.00       1.0537       0.1165
 7945.03       1.0998       0.1276
 7946.07       0.7808       0.1469
 7947.11       0.7443       0.1944
 7948.15       1.1007       0.2606
 7949.19       1.2860       0.3044
 7950.22       1.1580       0.3168
 7951.26       0.8735       0.2972
 7952.30       0.6417       0.2384
 7953.34       0.6515       0.1688
 7954.37       0.8371       0.1191
 7955.41       1.0383       0.0999
 7956.45       1.0491       0.0955
 7957.49       0.9694       0.0929
 7958.52       0.7394       0.0856
 7959.56       0.6179       0.0878
 7960.60       0.9504       0.1039
 7961.64       1.0988       0.1888
 7962.68       0.7546       0.3697
 7963.71       0.7264       0.6044
 7964.75       0.9486       0.7952
 7965.79       0.9967       0.8525
 7966.83       0.7872       0.7698
 7967.86       0.6891       0.5895
 7968.90       1.1666       0.3736
 7969.94       1.2150       0.2201
 7970.98       0.6116       0.1474
 7972.02       0.4456       0.1202
 7973.05       0.6638       0.1118
 7974.09       0.7999       0.1153
 7975.13       0.7836       0.1345
 7976.17       0.7410       0.1828
 7977.20       0.8218       0.2605
 7978.24       0.9403       0.3538
 7979.28       0.9605       0.4298
 7980.32       0.9666       0.4565
 7981.36       0.8715       0.4183
 7982.39       0.7694       0.3333
 7983.43       0.7417       0.2317
 7984.47       0.8353       0.1528
 7985.51       0.9754       0.1105
 7986.54       1.0967       0.1071
 7987.58       1.0380       0.1098
 7988.62       0.8271       0.1140
 7989.66       0.4105       0.1429
 7990.69       0.2697       0.2790
 7991.73       1.0718       0.5337
 7992.77       1.2541       0.7995
 7993.81       0.3310       0.9433
 7994.85       0.5156       0.9534
 7995.88       1.1687       0.7961
 7996.92       0.9442       0.5289
 7997.96       0.7407       0.2931
 7999.00       0.9144       0.1673
 8000.03       1.2295       0.1248
 8001.07       1.1969       0.1279
 8002.11       0.8450       0.1174
 8003.15       0.8231       0.1143
 8004.19       1.0607       0.1115
 8005.22       1.2211       0.1094
 8006.26       1.1563       0.1047
 8007.30       0.9751       0.0987
 8008.34       0.9387       0.0980
 8009.37       0.9649       0.0973
 8010.41       1.0152       0.1125
 8011.45       1.1001       0.1528
 8012.49       0.9180       0.2201
 8013.53       0.6107       0.2930
 8014.56       0.6963       0.3379
 8015.60       1.0070       0.3376
 8016.64       1.1475       0.3008
 8017.68       0.9181       0.2353
 8018.71       0.6737       0.1758
 8019.75       0.8376       0.1505
 8020.79       1.0487       0.1401
 8021.83       1.1429       0.1582
 8022.86       1.3643       0.2269
 8023.90       0.9955       0.3565
 8024.94       0.2779       0.5212
 8025.98       0.6600       0.6685
 8027.02       1.3758       0.7269
 8028.05       1.3158       0.6689
 8029.09       0.9976       0.5099
 8030.13       0.7934       0.3317
 8031.17       0.7794       0.2083
 8032.20       0.9182       0.1532
 8033.24       0.9504       0.1265
 8034.28       0.7348       0.1150
 8035.32       0.4101       0.1046
 8036.36       0.3172       0.0952
 8037.39       0.7784       0.0975
 8038.43       1.1355       0.1013
 8039.47       0.7864       0.0968
 8040.51       0.3558       0.0922
 8041.54       0.3263       0.0919
 8042.58       0.6146       0.0942
 8043.62       0.7432       0.0942
 8044.66       0.6055       0.0908
 8045.70       0.6595       0.0889
 8046.73       0.8280       0.0901
 8047.77       0.9493       0.1006
 8048.81       0.9899       0.1200
 8049.85       0.9307       0.1565
 8050.88       0.8434       0.2038
 8051.92       0.8240       0.2405
 8052.96       0.8147       0.2501
 8054.00       0.6601       0.2335
 8055.04       0.7018       0.1941
 8056.07       0.9938       0.1493
 8057.11       1.1049       0.1126
 8058.15       1.2187       0.1060
 8059.19       1.4684       0.1422
 8060.22       1.3297       0.2214
 8061.26       1.0559       0.3203
 8062.30       1.0867       0.3968
 8063.34       1.2208       0.4238
 8064.37       1.1838       0.3845
 8065.41       0.9138       0.2892
 8066.45       0.7097       0.1880
 8067.49       0.7490       0.1218
 8068.53       0.8424       0.0963
 8069.56       0.8828       0.0931
 8070.60       0.8874       0.0884
 8071.64       0.9167       0.0892
 8072.68       0.9494       0.0917
 8073.71       0.9587       0.0950
 8074.75       1.0871       0.1015
 8075.79       1.1435       0.1084
 8076.83       0.9386       0.1103
 8077.87       0.6733       0.1084
 8078.90       0.6783       0.1067
 8079.94       0.7414       0.1023
 8080.98       0.8228       0.0985
 8082.02       0.9212       0.0987
 8083.05       0.8453       0.1033
 8084.09       0.7298       0.1106
 8085.13       0.8537       0.1173
 8086.17       0.8701       0.1182
 8087.21       0.7009       0.1120
 8088.24       0.6939       0.1030
 8089.28       0.7054       0.0946
 8090.32       0.6406       0.0933
 8091.36       0.5856       0.1042
 8092.39       0.6367       0.1257
 8093.43       0.8045       0.1473
 8094.47       0.9753       0.1598
 8095.51       1.0569       0.1576
 8096.54       1.0295       0.1449
 8097.58       0.9827       0.1233
 8098.62       1.0046       0.1100
 8099.66       1.0965       0.1194
 8100.70       1.1026       0.1541
 8101.73       1.0026       0.1966
 8102.77       0.8382       0.2297
 8103.81       0.8921       0.2381
 8104.85       1.3118       0.2235
 8105.88       1.5144       0.1867
 8106.92       1.3099       0.1443
 8107.96       1.0446       0.1136
 8109.00       0.9080       0.1018
 8110.04       0.9595       0.0995
 8111.07       1.0848       0.1003
 8112.11       1.0189       0.0980
 8113.15       0.7537       0.0944
 8114.19       0.8121       0.0929
 8115.22       1.0324       0.0922
 8116.26       0.9857       0.0894
 8117.30       0.8687       0.0869
 8118.34       0.9052       0.0871
 8119.38       1.0313       0.0890
 8120.41       1.0519       0.0913
 8121.45       0.9005       0.0925
 8122.49       0.7265       0.0917
 8123.53       0.7735       0.0916
 8124.56       1.0058       0.0938
 8125.60       1.0324       0.0955
 8126.64       0.8545       0.0962
 8127.68       0.8317       0.0974
 8128.71       0.8729       0.0995
 8129.75       0.7956       0.1012
 8130.79       0.5740       0.1008
 8131.83       0.5613       0.1009
 8132.87       0.8851       0.1038
 8133.90       0.8132       0.1034
 8134.94       0.6622       0.1051
 8135.98       0.9640       0.1146
 8137.02       1.2038       0.1269
 8138.05       1.1315       0.1384
 8139.09       0.9249       0.1474
 8140.13       0.9430       0.1507
 8141.17       1.1859       0.1463
 8142.21       1.1365       0.1337
 8143.24       1.0142       0.1218
 8144.28       1.0953       0.1205
 8145.32       1.0025       0.1320
 8146.36       0.8307       0.1491
 8147.39       0.8314       0.1600
 8148.43       1.0840       0.1636
 8149.47       1.2916       0.1548
 8150.51       1.0817       0.1319
 8151.54       0.8168       0.1099
 8152.58       0.8268       0.0995
 8153.62       0.9968       0.0987
 8154.66       1.0265       0.0995
 8155.70       0.8372       0.0967
 8156.73       0.9489       0.0957
 8157.77       1.1010       0.0964
 8158.81       0.7639       0.0961
 8159.85       0.6365       0.0975
 8160.88       0.8380       0.1009
 8161.92       0.8615       0.1039
 8162.96       0.7991       0.1056
 8164.00       0.8230       0.1061
 8165.04       0.7697       0.1027
 8166.07       0.4853       0.0999
 8167.11       0.3728       0.1023
 8168.15       0.7378       0.1015
 8169.19       1.3241       0.0965
 8170.22       1.4539       0.0974
 8171.26       1.1212       0.0966
 8172.30       0.7947       0.0915
 8173.34       0.8400       0.0923
 8174.38       1.0378       0.0951
 8175.41       1.0098       0.0951
 8176.45       0.8547       0.0953
 8177.49       0.7490       0.0960
 8178.53       0.8267       0.0964
 8179.56       1.0095       0.1014
 8180.60       1.1036       0.1058
 8181.64       1.0286       0.1006
 8182.68       0.9556       0.0940
 8183.71       0.9880       0.0937
 8184.75       0.8662       0.0937
 8185.79       0.7342       0.0965
 8186.83       0.7592       0.1038
 8187.87       0.8731       0.1125
 8188.90       0.9828       0.1186
 8189.94       0.9718       0.1200
 8190.98       0.8459       0.1148
 8192.02       0.8134       0.1097
 8193.05       1.1258       0.1119
 8194.09       1.3545       0.1184
 8195.13       1.2866       0.1238
 8196.17       0.8880       0.1236
 8197.21       0.5316       0.1183
 8198.24       0.5060       0.1111
 8199.28       0.8756       0.1047
 8200.32       1.1554       0.0992
 8201.36       0.8976       0.0935
 8202.39       0.6385       0.0902
 8203.43       0.7150       0.0901
 8204.47       0.8285       0.0926
 8205.51       0.9122       0.0959
 8206.54       0.9494       0.0983
 8207.58       0.9009       0.0986
 8208.62       0.7726       0.0964
 8209.66       0.6526       0.0932
 8210.70       0.8544       0.0930
 8211.73       1.1841       0.0946
 8212.77       1.1555       0.0935
 8213.81       1.0904       0.0933
 8214.85       1.0955       0.0948
 8215.88       0.7944       0.0945
 8216.92       0.6140       0.0926
 8217.96       0.7875       0.0907
 8219.00       0.9450       0.0913
 8220.04       0.8496       0.0919
 8221.07       0.6034       0.0902
 8222.11       0.4931       0.0898
 8223.15       0.6722       0.0943
 8224.19       0.9608       0.1020
 8225.22       1.0398       0.1072
 8226.26       0.9522       0.1099
 8227.30       0.8202       0.1134
 8228.34       0.9090       0.1163
 8229.38       1.2000       0.1165
 8230.41       1.2249       0.1142
 8231.45       0.9298       0.1088
 8232.49       0.6424       0.1016
 8233.53       0.6312       0.0975
 8234.56       0.9018       0.0970
 8235.60       1.1880       0.0971
 8236.64       1.2408       0.0949
 8237.68       1.0601       0.0910
 8238.71       0.8886       0.0901
 8239.75       0.9352       0.0936
 8240.79       1.1077       0.0997
 8241.83       1.0299       0.1055
 8242.87       0.7588       0.1081
 8243.90       0.6793       0.1071
 8244.94       0.6438       0.1047
 8245.98       0.6209       0.1040
 8247.02       0.7294       0.1038
 8248.05       0.9205       0.1071
 8249.09       1.0353       0.1109
 8250.13       0.9822       0.1066
 8251.17       0.9463       0.0986
 8252.21       1.1357       0.0973
 8253.24       1.0332       0.0969
 8254.28       0.7258       0.0962
 8255.32       0.7056       0.0984
 8256.36       0.8516       0.1015
 8257.39       0.9790       0.1028
 8258.43       1.1616       0.1027
 8259.47       1.2309       0.1000
 8260.51       1.1019       0.0950
 8261.54       0.8710       0.0910
 8262.58       0.7994       0.0896
 8263.62       0.9527       0.0899
 8264.66       1.0065       0.0901
 8265.70       0.9084       0.0895
 8266.73       0.8642       0.0889
 8267.77       0.9208       0.0903
 8268.81       0.9944       0.0929
 8269.85       1.1691       0.0957
 8270.88       1.1887       0.0961
 8271.92       1.0580       0.0968
 8272.96       1.0467       0.0975
 8274.00       1.0963       0.1038
 8275.04       1.2060       0.1250
 8276.07       1.2413       0.1761
 8277.11       1.2226       0.2685
 8278.15       1.3296       0.3672
 8279.19       1.4090       0.4847
 8280.22       1.3443       0.6110
 8281.26       1.4196       0.6826
 8282.30       1.2703       0.6761
 8283.34       0.6219       0.6189
 8284.38       0.4953       0.5275
 8285.41       0.9128       0.4888
 8286.45       0.8763       0.5350
 8287.49       0.6500       0.6773
 8288.53       0.5635       0.8171
 8289.56       0.8389       0.8540
 8290.60       0.8236       0.7502
 8291.64       0.4590       0.5665
 8292.68       0.9655       0.3637
 8293.71       1.4864       0.2427
 8294.75       1.0218       0.2553
 8295.79       1.0922       0.4014
 8296.83       1.5707       0.6225
 8297.87       1.2770       0.8392
 8298.90       0.6856       0.9611
 8299.94       0.4487       0.9456
 8300.98       0.8426       0.8151
 8302.02       1.0307       0.6073
 8303.05       0.5976       0.3863
 8304.09       0.6430       0.2323
 8305.13       1.0590       0.1578
 8306.17       1.1050       0.1262
 8307.21       0.8239       0.1330
 8308.24       0.6066       0.1692
 8309.28       0.8325       0.2432
 8310.32       1.0998       0.3224
 8311.36       1.1463       0.3675
 8312.39       1.2636       0.3636
 8313.43       1.1210       0.3014
 8314.47       0.5667       0.2109
 8315.51       0.6625       0.1435
 8316.54       1.1037       0.1194
 8317.58       1.0116       0.1176
 8318.62       0.9866       0.1271
 8319.66       1.1588       0.1282
 8320.70       0.9677       0.1235
 8321.73       0.8582       0.1156
 8322.77       1.0514       0.1082
 8323.81       1.0056       0.0973
 8324.85       0.9021       0.0891
 8325.88       1.0147       0.0884
 8326.92       1.0774       0.0894
 8327.96       0.9573       0.0878
 8329.00       0.8100       0.0861
 8330.04       0.8520       0.0878
 8331.07       1.0068       0.0913
 8332.11       1.0419       0.0907
 8333.15       0.9178       0.0880
 8334.19       0.7898       0.0891
 8335.22       0.8419       0.0937
 8336.26       0.9745       0.1030
 8337.30       0.9945       0.1177
 8338.34       0.9812       0.1225
 8339.38       0.9908       0.1279
 8340.41       1.0123       0.1535
 8341.45       0.9843       0.3476
 8342.49       0.8728       0.8249
 8343.53       0.9932       1.4707
 8344.56       1.3290       1.9996
 8345.60       1.5368       2.1444
 8346.64       1.5316       1.9094
 8347.68       1.1213       1.3691
 8348.71       0.3592       0.7322
 8349.75       0.1128       0.3695
 8350.79       0.5046       0.3747
 8351.83       0.6975       0.5458
 8352.87       0.7846       0.7118
 8353.90       0.7497       0.7311
 8354.94       0.3881       0.6645
 8355.98       0.3073       0.5022
 8357.02       0.8660       0.2965
 8358.05       1.0965       0.1605
 8359.09       0.9455       0.1189
 8360.13       1.0066       0.1200
 8361.17       1.0534       0.1481
 8362.21       1.0760       0.1899
 8363.24       1.2812       0.2572
 8364.28       1.6246       0.3214
 8365.32       1.7340       0.3505
 8366.36       0.9716       0.3343
 8367.39       0.3054       0.2780
 8368.43       0.6533       0.2068
 8369.47       0.9821       0.1427
 8370.51       0.9329       0.1023
 8371.55       0.9162       0.0882
 8372.58       0.8926       0.0894
 8373.62       0.8778       0.0886
 8374.66       0.8715       0.0909
 8375.70       0.9125       0.0918
 8376.73       0.9710       0.0978
 8377.77       1.0033       0.1006
 8378.81       0.8342       0.1354
 8379.85       0.4617       0.2240
 8380.88       0.5729       0.3601
 8381.92       1.0690       0.4960
 8382.96       1.1807       0.5660
 8384.00       1.2205       0.5493
 8385.04       1.3104       0.4565
 8386.07       1.1374       0.3031
 8387.11       0.9149       0.1712
 8388.15       0.9195       0.1096
 8389.19       0.9156       0.0999
 8390.22       0.8014       0.1038
 8391.26       0.6153       0.1049
 8392.30       0.7377       0.1070
 8393.34       1.0505       0.1069
 8394.38       1.0369       0.1015
 8395.41       0.9030       0.1309
 8396.45       0.9242       0.3197
 8397.49       0.9577       0.7248
 8398.53       1.3627       1.2127
 8399.56       1.9868       1.5282
 8400.60       0.9472       1.5638
 8401.64      -0.3634       1.2995
 8402.68       0.4570       0.8698
 8403.72       1.3381       0.4479
 8404.75       1.1204       0.1724
 8405.79       0.9404       0.0805
 8406.83       0.8582       0.0923
 8407.87       0.9506       0.0858
 8408.90       0.9706       0.0914
 8409.94       0.9469       0.0853
 8410.98       0.9453       0.0900
 8412.02       0.8777       0.1337
 8413.05       0.7042       0.2567
 8414.09       0.4767       0.4304
 8415.13       0.3539       0.5845
 8416.17       0.4463       0.6490
 8417.21       0.7603       0.6210
 8418.24       0.9395       0.4836
 8419.28       0.8068       0.2933
 8420.32       0.7091       0.1572
 8421.36       0.8930       0.1091
 8422.39       1.0738       0.1026
 8423.43       1.1797       0.1180
 8424.47       1.0679       0.1200
 8425.51       0.7835       0.1274
 8426.55       0.6263       0.1743
 8427.58       0.8535       0.4115
 8428.62       1.5984       0.9113
 8429.66       1.7276       1.4621
 8430.70       0.9326       1.7625
 8431.73       1.1100       1.8002
 8432.77       1.7348       1.5072
 8433.81       1.3046       0.9574
 8434.85       0.8852       0.4566
 8435.89       0.9724       0.1860
 8436.92       1.1031       0.1030
 8437.96       1.1314       0.1135
 8439.00       1.0372       0.0924
 8440.04       1.0908       0.0887
 8441.07       1.0881       0.0852
 8442.11       0.8643       0.0832
 8443.15       0.8034       0.0852
 8444.19       0.9165       0.0896
 8445.22       0.9592       0.0941
 8446.26       0.7702       0.0919
 8447.30       0.5684       0.0923
 8448.34       0.7249       0.0982
 8449.38       1.1186       0.1603
 8450.41       1.3603       0.2961
 8451.45       1.2291       0.4541
 8452.49       0.7102       0.5650
 8453.53       0.1719       0.5816
 8454.56       0.3500       0.5108
 8455.60       0.9304       0.3794
 8456.64       0.9709       0.2213
 8457.68       0.9078       0.1226
 8458.72       0.9339       0.0952
 8459.75       0.5622       0.0931
 8460.79       0.4193       0.0885
 8461.83       0.7306       0.1457
 8462.87       1.0888       0.3479
 8463.90       1.0215       0.7129
 8464.94       0.6354       1.0945
 8465.98       0.0531       1.3010
 8467.02      -0.0871       1.2424
 8468.06       0.6687       1.0155
 8469.09       1.2304       0.6545
 8470.13       1.0446       0.2979
 8471.17       1.1427       0.1244
 8472.21       1.3019       0.1068
 8473.24       0.9762       0.1041
 8474.28       0.8157       0.1184
 8475.32       0.9364       0.1167
 8476.36       1.0380       0.1136
 8477.39       0.9034       0.1043
 8478.43       0.6724       0.0927
 8479.47       0.7636       0.0847
 8480.51       0.9535       0.0815
 8481.55       0.9547       0.0803
 8482.58       0.7954       0.0794
 8483.62       0.7388       0.0799
 8484.66       0.9186       0.0829
 8485.70       0.9564       0.0841
 8486.73       0.8419       0.0827
 8487.77       0.8146       0.0843
 8488.81       0.6945       0.0775
 8489.85       0.5746       0.0895
 8490.89       0.7548       0.1454
 8491.92       0.8250       0.2415
 8492.96       0.6220       0.3397
 8494.00       0.5910       0.4022
 8495.04       0.9766       0.4051
 8496.07       1.5535       0.3578
 8497.11       1.6414       0.2605
 8498.15       1.3206       0.1619
 8499.19       1.2629       0.1167
 8500.23       1.5429       0.1065
 8501.26       1.6915       0.1402
 8502.30       1.1802       0.2431
 8503.34       0.6166       0.4259
 8504.38       0.6189       0.6265
 8505.41       0.9485       0.7448
 8506.45       1.1529       0.7247
 8507.49       0.9832       0.5995
 8508.53       0.9137       0.3983
 8509.56       0.9937       0.2094
 8510.60       0.8519       0.1043
 8511.64       0.6365       0.0796
 8512.68       0.5269       0.0737
 8513.72       0.4443       0.0762
 8514.75       0.4972       0.0738
 8515.79       0.6923       0.0755
 8516.83       0.8502       0.0774
 8517.87       0.9494       0.0807
 8518.90       1.0490       0.0859
 8519.94       1.0391       0.0902
 8520.98       0.9189       0.0918
 8522.02       0.8793       0.0917
 8523.06       0.8979       0.0900
 8524.09       0.8976       0.0865
 8525.13       0.9453       0.0819
 8526.17       0.8628       0.0774
 8527.21       0.6354       0.0744
 8528.24       0.6530       0.0740
 8529.28       0.7917       0.0749
 8530.32       0.7200       0.0755
 8531.36       0.4908       0.0740
 8532.40       0.4356       0.0723
 8533.43       0.7498       0.0739
 8534.47       1.0537       0.0764
 8535.51       1.0705       0.0877
 8536.55       0.8217       0.1184
 8537.58       0.6507       0.1656
 8538.62       0.7980       0.2075
 8539.66       0.7560       0.2250
 8540.70       0.6302       0.2106
 8541.73       0.9286       0.1775
 8542.77       1.0014       0.1317
 8543.81       0.6900       0.0957
 8544.85       0.5044       0.0845
 8545.89       0.5530       0.1192
 8546.92       0.7358       0.1941
 8547.96       0.9114       0.2847
 8549.00       0.9854       0.3536
 8550.04       1.0106       0.3756
 8551.07       0.9528       0.3364
 8552.11       0.9567       0.2554
 8553.15       1.1540       0.1683
 8554.19       1.0945       0.1099
 8555.23       0.7187       0.0832
 8556.26       0.5785       0.0760
 8557.30       0.6805       0.0756
 8558.34       0.7608       0.0755
 8559.38       0.7501       0.0746
 8560.41       0.7249       0.0730
 8561.45       0.9144       0.0745
 8562.49       0.6602       0.0723
 8563.53       0.1747       0.0679
 8564.57       0.4144       0.0705
 8565.60       0.8223       0.0751
 8566.64       0.8361       0.0762
 8567.68       0.8057       0.0795
 8568.72       0.7588       0.0723
 8569.75       0.8109       0.0576
 8570.79       0.8435       0.0799
 8571.83       0.6353       0.1014
 8572.87       0.5400       0.1064
 8573.90       0.5974       0.1116
 8574.94       0.7473       0.1173
 8575.98       0.9167       0.1213
 8577.02       0.8341       0.1194
 8578.06       0.5865       0.1123
 8579.09       0.7280       0.1083
 8580.13       1.0283       0.1056
 8581.17       0.9925       0.0986
 8582.21       0.6953       0.0775
 8583.24       0.6737       0.0710
 8584.28       0.8135       0.0908
 8585.32       0.9103       0.1044
 8586.36       0.8248       0.1330
 8587.40       0.6501       0.1610
 8588.43       0.5277       0.1816
 8589.47       0.5370       0.1901
 8590.51       0.6909       0.1826
 8591.55       0.7450       0.1578
 8592.58       0.5708       0.1269
 8593.62       0.5679       0.1133
 8594.66       0.7384       0.1334
 8595.70       0.6369       0.1746
 8596.74       0.8372       0.2219
 8597.77       1.4055       0.2499
 8598.81       1.4398       0.2438
 8599.85       1.4539       0.2047
 8600.89       1.3938       0.1707
 8601.92       1.5541       0.1288
 8602.96       1.5398       0.1020
 8604.00       1.4889       0.0984
 8605.04       1.1238       0.0926
 8606.07       0.6409       0.0862
 8607.11       0.5455       0.0890
 8608.15       0.7098       0.0955
 8609.19       0.7505       0.1012
 8610.23       0.5175       0.1070
 8611.26       0.3282       0.1161
 8612.30       0.4969       0.1316
 8613.34       0.5931       0.1492
 8614.38       0.5817       0.1720
 8615.41       0.7515       0.2002
 8616.45       1.2500       0.2323
 8617.49       2.3802       0.2755
 8618.53       4.1728       0.3250
 8619.57       5.5740       0.3710
 8620.60       5.9288       0.4116
 8621.64       5.9998       0.4470
 8622.68       5.6266       0.4787
 8623.72       4.4860       0.5034
 8624.75       2.7659       0.5146
 8625.79       1.5177       0.5294
 8626.83       1.7209       0.5596
 8627.87       1.8166       0.5770
 8628.91       1.0360       0.5765
 8629.94       1.0612       0.5914
 8630.98       1.1834       0.5957
 8632.02       0.7398       0.5703
 8633.06       0.6908       0.5512
 8634.09       1.0334       0.5422
 8635.13       1.2270       0.5258
 8636.17       0.7942       0.4910
 8637.21       0.3126       0.4405
 8638.24       0.8247       0.4026
 8639.28       1.0052       0.3648
 8640.32       0.2953       0.3144
 8641.36       0.1438       0.2775
 8642.40       0.4729       0.2445
 8643.43       0.8574       0.2094
 8644.47       1.3500       0.1870
 8645.51       1.9392       0.1857
 8646.55       2.5488       0.2084
 8647.58       2.6111       0.2573
 8648.62       2.1523       0.3261
 8649.66       1.7040       0.3933
 8650.70       1.4181       0.4434
 8651.74       1.2321       0.4787
 8652.77       1.0805       0.4998
 8653.81       0.9272       0.5126
 8654.85       0.8327       0.5194
 8655.89       1.1382       0.5219
 8656.92       1.4500       0.5291
 8657.96       1.2183       0.5412
 8659.00       0.9855       0.5506
 8660.04       0.9035       0.5459
 8661.08       0.2296       0.5214
 8662.11       0.0476       0.5033
 8663.15       0.7498       0.5040
 8664.19       0.6556       0.4936
 8665.23       0.4530       0.4802
 8666.26       1.2731       0.4808
 8667.30       1.1280       0.4630
 8668.34       0.2795       0.4313
 8669.38       0.3924       0.4175
 8670.42       0.5556       0.4100
 8671.45       0.3696       0.3915
 8672.49       0.6985       0.3690
 8673.53       1.1578       0.3445
 8674.57       1.2443       0.3222
 8675.60       1.1562       0.3109
 8676.64       0.8855       0.2994
 8677.68       0.5525       0.2794
 8678.72       0.4627       0.2553
 8679.75       0.5936       0.2346
 8680.79       0.6029       0.2261
 8681.83       0.5553       0.2247
 8682.87       0.5591       0.2163
 8683.91       0.6490       0.1968
 8684.94       0.7475       0.1758
 8685.98       0.7439       0.1650
 8687.02       0.7337       0.1644
 8688.06       0.7286       0.1624
 8689.09       0.6814       0.1516
 8690.13       0.6541       0.1375
 8691.17       0.7656       0.1292
 8692.21       1.0578       0.1311
 8693.25       1.1933       0.1359
 8694.28       1.0081       0.1335
 8695.32       0.6964       0.1239
 8696.36       0.5034       0.1134
 8697.40       0.6213       0.1113
 8698.43       0.8339       0.1188
 8699.47       0.8667       0.1299
 8700.51       0.6425       0.1370
 8701.55       0.5238       0.1359
 8702.58       0.6612       0.1284
 8703.62       0.8149       0.1198
 8704.66       0.8331       0.1158
 8705.70       0.6707       0.1177
 8706.74       0.4875       0.1244
 8707.77       0.4960       0.1310
 8708.81       0.6787       0.1327
 8709.85       0.8827       0.1274
 8710.89       0.9485       0.1152
 8711.92       0.8521       0.1000
 8712.96       0.6345       0.0884
 8714.00       0.4766       0.0829
 8715.04       0.4135       0.0812
 8716.08       0.4606       0.0815
 8717.11       0.5616       0.0821
 8718.15       0.6029       0.0818
 8719.19       0.6807       0.0822
 8720.23       0.9268       0.0852
 8721.26       1.0110       0.0864
 8722.30       0.8986       0.0856
 8723.34       0.8600       0.0862
 8724.38       0.8494       0.0887
 8725.42       0.7917       0.0920
 8726.45       0.7252       0.0939
 8727.49       0.6340       0.0944
 8728.53       0.5784       0.0941
 8729.57       0.6315       0.0921
 8730.60       0.6843       0.0880
 8731.64       0.6473       0.0836
 8732.68       0.7270       0.0817
 8733.72       0.8566       0.0821
 8734.75       0.7437       0.0817
 8735.79       0.5112       0.0822
 8736.83       0.4515       0.0863
 8737.87       0.6271       0.0934
 8738.91       0.9275       0.1017
 8739.94       1.1354       0.1081
 8740.98       1.1254       0.1089
 8742.02       0.9183       0.1048
 8743.06       0.6829       0.0998
 8744.09       0.6588       0.0962
 8745.13       0.8411       0.0943
 8746.17       0.9415       0.0926
 8747.21       0.9497       0.0929
 8748.25       0.9548       0.0956
 8749.28       0.9898       0.0994
 8750.32       0.9432       0.1009
 8751.36       0.7327       0.0986
 8752.40       0.6883       0.0984
 8753.43       0.7645       0.0982
 8754.47       0.6093       0.0946
 8755.51       0.5937       0.1067
 8756.55       0.8297       0.1839
 8757.58       0.8121       0.3005
 8758.62       1.0845       0.5404
 8759.66       1.7945       0.8919
 8760.70       1.3846       1.2009
 8761.74       0.5319       1.3310
 8762.77       0.7267       1.2755
 8763.81       0.8572       1.0771
 8764.85       0.4485       0.9595
 8765.89      -0.0026       1.0321
 8766.92      -0.1225       1.3111
 8767.96       0.0998       1.5711
 8769.00      -0.0895       1.6118
 8770.04      -0.0921       1.3511
 8771.08       0.6682       0.9458
 8772.11       1.2538       0.5221
 8773.15       1.2612       0.2803
 8774.19       1.0294       0.3029
 8775.23       0.9099       0.5835
 8776.26       0.9521       1.0106
 8777.30       0.8866       1.4695
 8778.34       0.4166       1.7426
 8779.38      -0.1793       1.7079
 8780.42      -0.0660       1.4096
 8781.45       0.6465       0.9547
 8782.49       1.2177       0.4988
 8783.53       1.3197       0.2195
 8784.57       1.0272       0.1146
 8785.60       0.7649       0.0919
 8786.64       0.6795       0.0964
 8787.68       0.6914       0.1174
 8788.72       0.5701       0.2110
 8789.75       0.5139       0.3680
 8790.79       0.5554       0.5243
 8791.83       0.1118       0.6067
 8792.87      -0.0942       0.5858
 8793.91       0.6033       0.4961
 8794.94       1.1986       0.3347
 8795.98       1.1836       0.1764
 8797.02       0.8210       0.1023
 8798.06       0.6422       0.0948
 8799.09       0.8452       0.0935
 8800.13       0.9455       0.0970
 8801.17       0.8482       0.0945
 8802.21       0.7022       0.0932
 8803.25       0.7094       0.0929
 8804.28       0.8255       0.0922
 8805.32       0.8398       0.0905
 8806.36       0.7909       0.0920
 8807.40       0.7414       0.1027
 8808.43       0.7693       0.1215
 8809.47       0.7825       0.1416
 8810.51       0.7330       0.1532
 8811.55       0.8479       0.1540
 8812.58       0.8511       0.1414
 8813.62       0.6337       0.1215
 8814.66       0.3663       0.1009
 8815.70       0.2787       0.0886
 8816.74       0.4409       0.0878
 8817.77       0.7483       0.0925
 8818.81       1.0732       0.0965
 8819.85       1.2945       0.1074
 8820.89       1.6724       0.1051
 8821.92       2.0509       0.1480
 8822.96       1.5441       0.1741
 8824.00       0.6275       0.5224
 8825.04       0.2157       1.3550
 8826.08      -0.0565       2.4941
 8827.11      -0.0715       3.4359
 8828.15       0.6638       3.7187
 8829.19       1.0148       3.2575
 8830.23       0.5254       2.3382
 8831.26      -0.0685       1.2470
 8832.30      -0.0082       0.5479
 8833.34       0.6933       0.4280
 8834.38       0.6513       0.6840
 8835.42       0.1190       1.0293
 8836.45       0.1032       1.2972
 8837.49       0.3633       1.3824
 8838.53       0.7902       1.2273
 8839.57       1.2769       0.8928
 8840.60       1.5177       0.5136
 8841.64       1.4624       0.2314
 8842.68       1.3869       0.1215
 8843.72       1.2627       0.1236
 8844.75       1.0231       0.1288
 8845.79       0.8144       0.1399
 8846.83       0.7449       0.1789
 8847.87       0.7947       0.2762
 8848.91       0.8589       0.3879
 8849.94       0.9154       0.4695
 8850.98       0.9619       0.5035
 8852.02       0.8540       0.4587
 8853.06       0.5893       0.3496
 8854.09       0.3425       0.2189
 8855.13       0.3232       0.1307
 8856.17       0.4551       0.1028
 8857.21       0.5602       0.1054
 8858.25       0.5895       0.1062
 8859.28       0.6455       0.1110
 8860.32       0.5978       0.1228
 8861.36       0.4715       0.1413
 8862.40       0.3914       0.1551
 8863.43       0.5264       0.1696
 8864.47       0.6853       0.2449
 8865.51       0.2242       0.4268
 8866.55      -0.1094       0.6930
 8867.58       0.4108       0.9206
 8868.62       0.9425       1.0228
 8869.66       1.0960       0.9361
 8870.70       1.1309       0.6998
 8871.74       0.9480       0.4143
 8872.77       0.6306       0.1973
 8873.81       0.3195       0.1053
 8874.85       0.2566       0.1010
 8875.89       0.4538       0.0983
 8876.92       0.7261       0.1074
 8877.96       0.7877       0.1082
 8879.00       0.5801       0.1120
 8880.04       0.8169       0.1113
 8881.08       1.1043       0.1272
 8882.11       0.4689       0.1501
 8883.15      -0.1192       0.5143
 8884.19       0.1362       1.3536
 8885.23       0.9661       2.3188
 8886.26       1.3219       2.9926
 8887.30       0.7256       3.0812
 8888.34       0.7808       2.5934
 8889.38       1.0532       1.7219
 8890.42       0.3205       0.7805
 8891.45      -0.0590       0.2605
 8892.49       0.2564       0.1565
 8893.53       0.3390       0.1445
 8894.57       0.2234       0.1518
 8895.60       0.1770       0.1547
 8896.64       0.5371       0.1720
 8897.68       0.8018       0.1646
 8898.72       0.5366       0.1639
 8899.75       0.2283       0.2183
 8900.79       0.0217       0.4634
 8901.83      -0.0990       0.8848
 8902.87       0.2192       1.3072
 8903.91       0.7503       1.5298
 8904.94       0.8094       1.5133
 8905.98       0.5982       1.1986
 8907.02       0.5307       0.7362
 8908.06       0.5911       0.3915
 8909.09       0.5395       0.2514
 8910.13       0.2167       0.2032
 8911.17       0.0456       0.2088
 8912.21       0.1385       0.1911
 8913.25       0.2679       0.1953
 8914.28       0.2990       0.1516
 8915.32       0.1644       0.2072
 8916.36      -0.2103       0.3462
 8917.40       0.1691       1.2419
 8918.43       1.1918       2.7696
 8919.47       0.6450       4.3012
 8920.51      -0.3271       3.8692
