 
TRANSIENT_NAME:     DES15E2atw 
SNID:               1283923    
OBS_DATE:           2015-09-19
MJD:                57284. 
PHASE:              +14.   
MJD_MAX:            57268.5
TYPE:               1  
SPEC_EVAL:          SNIa
REDSHIFT:           0.1470  
REDSHIFT_ERR:       0.0005  
REDSHIFT_SOURCE:    Z_GAL
TELESCOPE:          AAT
INSTRUMENT:         AAOmega-2dF
 
======================================
 
# WAVE  FLUX  FLUX_ERR
 3756.72   1.0817e+00   8.3730e-01
 3757.75   1.4380e+00   8.3574e-01
 3758.79   1.2838e+00   7.9376e-01
 3759.83   5.3173e-01   7.1482e-01
 3760.87   2.0739e+00   8.2975e-01
 3761.90   1.5565e+00   8.1701e-01
 3762.94   8.9811e-01   7.4292e-01
 3763.98   1.0325e+00   7.4823e-01
 3765.02   1.0288e+00   7.6309e-01
 3766.06   6.7833e-01   6.8564e-01
 3767.09   4.6648e-01   6.4710e-01
 3768.13   4.0869e-01   6.5187e-01
 3769.17  -2.0327e-01   6.0021e-01
 3770.21  -3.2639e-01   6.0224e-01
 3771.24   1.1397e+00   7.0444e-01
 3772.28   1.6721e+00   7.6820e-01
 3773.32   1.2341e-01   6.6791e-01
 3774.36   2.0314e-02   6.2229e-01
 3775.40   1.2660e-01   6.3372e-01
 3776.43   4.8233e-01   6.9895e-01
 3777.47   8.2894e-01   6.9731e-01
 3778.51   5.3492e-02   6.7701e-01
 3779.55   4.3014e-01   7.6729e-01
 3780.58   1.5104e+00   7.5991e-01
 3781.62   3.5390e-01   6.1758e-01
 3782.66  -1.7030e-01   5.9965e-01
 3783.70   1.1815e+00   6.8430e-01
 3784.73   7.5857e-01   6.5400e-01
 3785.77   2.2220e-01   6.0151e-01
 3786.81  -1.3770e-01   5.6672e-01
 3787.85  -1.0798e-01   5.5759e-01
 3788.89   8.9532e-01   6.0972e-01
 3789.92   1.2001e+00   6.4235e-01
 3790.96   9.7679e-01   6.3820e-01
 3792.00   4.3974e-01   6.0059e-01
 3793.04  -3.5058e-02   5.5433e-01
 3794.07  -5.2771e-01   5.1116e-01
 3795.11  -5.7301e-02   5.3016e-01
 3796.15   9.0238e-01   5.5343e-01
 3797.19   3.0106e-01   4.8941e-01
 3798.23   6.0589e-01   5.3732e-01
 3799.26   1.0619e+00   5.6070e-01
 3800.30  -2.5475e-01   4.8445e-01
 3801.34  -3.3190e-01   4.7099e-01
 3802.38   7.7214e-02   4.8302e-01
 3803.41   1.8720e-01   4.8094e-01
 3804.45  -4.2296e-02   4.5055e-01
 3805.49   2.2122e-01   4.7138e-01
 3806.53   1.4754e+00   5.2548e-01
 3807.57   2.1454e-01   4.4302e-01
 3808.60  -3.3149e-01   4.2324e-01
 3809.64   1.2731e-01   4.4802e-01
 3810.68  -7.0938e-02   4.2240e-01
 3811.72   2.6267e-02   4.3702e-01
 3812.75   5.1176e-01   4.5942e-01
 3813.79   1.3384e+00   5.0266e-01
 3814.83  -1.0199e-01   4.3043e-01
 3815.87   1.1103e-01   4.1645e-01
 3816.90   3.8417e-01   3.9910e-01
 3817.94   4.5581e-02   3.7644e-01
 3818.98   9.0043e-01   4.1602e-01
 3820.02   4.4064e-01   3.8788e-01
 3821.06   2.3716e-01   3.7409e-01
 3822.09   1.2791e-01   3.5828e-01
 3823.13   2.9826e-02   3.4399e-01
 3824.17   3.7288e-01   3.5336e-01
 3825.21   6.6971e-01   3.5257e-01
 3826.24   1.1616e+00   3.6347e-01
 3827.28   5.7369e-01   3.4101e-01
 3828.32   2.1591e-01   3.3725e-01
 3829.36   4.4827e-01   3.5257e-01
 3830.40   3.9939e-01   3.3706e-01
 3831.43   6.7848e-01   3.4204e-01
 3832.47   6.5892e-01   3.4431e-01
 3833.51   5.2983e-01   3.3035e-01
 3834.55   4.8184e-01   3.2184e-01
 3835.58   2.5804e-01   3.0750e-01
 3836.62   3.2356e-01   3.0060e-01
 3837.66   5.6352e-01   2.9690e-01
 3838.70   1.3887e-01   2.6349e-01
 3839.74   1.3482e-01   2.6689e-01
 3840.77   1.0079e+00   3.0857e-01
 3841.81   5.5513e-01   3.0086e-01
 3842.85   1.5665e-01   2.6447e-01
 3843.89  -5.6657e-02   2.3997e-01
 3844.92  -2.8712e-01   2.5083e-01
 3845.96   2.4107e-01   2.8155e-01
 3847.00   1.0484e+00   3.0364e-01
 3848.04   6.9262e-01   2.6806e-01
 3849.07   5.1958e-01   2.6471e-01
 3850.11   3.8351e-01   2.7148e-01
 3851.15  -1.5875e-01   2.4470e-01
 3852.19   2.9528e-01   2.6285e-01
 3853.23   3.8636e-01   2.6025e-01
 3854.26  -1.5628e-01   2.3014e-01
 3855.30   4.3784e-01   2.5583e-01
 3856.34   1.1157e+00   2.8279e-01
 3857.38   1.0971e+00   2.7915e-01
 3858.41   6.7774e-01   2.5255e-01
 3859.45  -2.0566e-01   2.1096e-01
 3860.49  -2.0214e-01   2.0044e-01
 3861.53   2.0212e-01   2.2143e-01
 3862.57   7.2784e-01   2.5214e-01
 3863.60   6.2131e-01   2.5755e-01
 3864.64   2.7059e-01   2.4486e-01
 3865.68   5.8220e-01   2.5433e-01
 3866.72   6.5086e-01   2.6106e-01
 3867.75   3.6383e-01   2.5109e-01
 3868.79  -6.9053e-02   2.2584e-01
 3869.83  -1.9588e-01   2.0173e-01
 3870.87   8.9377e-02   2.1102e-01
 3871.91   4.8867e-01   2.4188e-01
 3872.94   8.6884e-01   2.4122e-01
 3873.98   4.4716e-01   2.3644e-01
 3875.02   5.9537e-01   3.0285e-01
 3876.06   1.2400e+00   3.2018e-01
 3877.09   1.1998e+00   2.6482e-01
 3878.13   6.4741e-01   2.3862e-01
 3879.17   6.6319e-01   2.3445e-01
 3880.21   1.5403e-01   2.0493e-01
 3881.24  -5.4475e-01   1.7247e-01
 3882.28  -3.3470e-01   1.7985e-01
 3883.32   9.2259e-01   2.2653e-01
 3884.36   1.0731e+00   2.3775e-01
 3885.40   2.0874e-01   2.0330e-01
 3886.43   6.7937e-01   2.0367e-01
 3887.47  -9.1327e-02   1.6903e-01
 3888.51   5.5398e-02   1.7892e-01
 3889.55   8.2336e-01   2.0781e-01
 3890.58   6.6951e-01   1.9672e-01
 3891.62   7.2125e-01   2.0087e-01
 3892.66   3.6107e-01   1.8510e-01
 3893.70   4.5283e-01   1.9131e-01
 3894.74   4.1361e-01   1.8247e-01
 3895.77   9.1436e-02   1.7188e-01
 3896.81   4.1871e-01   1.8298e-01
 3897.85   3.1967e-01   1.7299e-01
 3898.89  -1.0072e-01   1.6583e-01
 3899.92  -3.3779e-01   1.5286e-01
 3900.96   5.4395e-01   1.8247e-01
 3902.00   5.4295e-01   1.9158e-01
 3903.04  -1.4466e-01   1.5634e-01
 3904.07   1.6159e-02   1.5293e-01
 3905.11  -1.3781e-01   1.4562e-01
 3906.15   1.6005e-01   1.6961e-01
 3907.19   4.7606e-01   1.8259e-01
 3908.23   3.6583e-01   1.6545e-01
 3909.26   7.0958e-02   1.6406e-01
 3910.30   2.0413e-01   1.7334e-01
 3911.34   3.9934e-01   1.8021e-01
 3912.38   3.9869e-01   1.7763e-01
 3913.41   1.1136e-01   1.6402e-01
 3914.45  -2.9053e-01   1.4291e-01
 3915.49   1.4254e-01   1.4749e-01
 3916.53   5.6857e-01   1.6123e-01
 3917.57   1.7827e-01   1.5325e-01
 3918.60   2.4735e-01   1.5859e-01
 3919.64   5.9624e-01   1.5844e-01
 3920.68   5.6000e-01   1.4359e-01
 3921.72   2.0694e-01   1.3019e-01
 3922.75  -1.0067e-02   1.2243e-01
 3923.79  -2.0749e-01   1.1484e-01
 3924.83  -2.8979e-01   1.0565e-01
 3925.87   3.2811e-02   1.1053e-01
 3926.91   4.3534e-01   1.2259e-01
 3927.94   3.9064e-01   1.1942e-01
 3928.98   3.7694e-01   1.0772e-01
 3930.02   2.9983e-01   1.0273e-01
 3931.06   1.9634e-01   1.0022e-01
 3932.09   2.8718e-01   9.7802e-02
 3933.13  -9.8699e-03   8.4556e-02
 3934.17   3.1932e-01   8.7113e-02
 3935.21   8.1151e-01   9.9690e-02
 3936.24   6.4900e-01   9.7973e-02
 3937.28   1.6439e-01   8.7307e-02
 3938.32   2.8919e-01   9.3055e-02
 3939.36   5.2188e-01   1.0120e-01
 3940.40   2.9397e-01   9.7751e-02
 3941.43   1.5317e-01   9.6694e-02
 3942.47   3.9705e-01   1.0254e-01
 3943.51   4.9538e-01   1.0801e-01
 3944.55  -1.8147e-01   8.6226e-02
 3945.58  -1.7449e-01   8.3044e-02
 3946.62  -1.6474e-01   8.9679e-02
 3947.66   5.0314e-02   9.6990e-02
 3948.70   4.8961e-01   1.0334e-01
 3949.74   5.3233e-01   1.0400e-01
 3950.77   1.7780e-01   9.5411e-02
 3951.81   1.5903e-01   9.2443e-02
 3952.85   7.1211e-01   1.0575e-01
 3953.89   4.2967e-01   1.0345e-01
 3954.92   1.3075e-01   9.7317e-02
 3955.96   2.6936e-01   9.8868e-02
 3957.00   2.3781e-01   9.8623e-02
 3958.04   5.6258e-01   1.0527e-01
 3959.08   1.7166e-01   9.4912e-02
 3960.11   2.7444e-01   9.2593e-02
 3961.15   5.4665e-01   9.6661e-02
 3962.19   2.0896e-01   9.1903e-02
 3963.23   2.5492e-01   8.3700e-02
 3964.26  -4.0513e-01   6.3989e-02
 3965.30  -1.8286e-01   7.0132e-02
 3966.34   4.4490e-01   8.4648e-02
 3967.38   2.2535e-01   7.9347e-02
 3968.41   1.4793e-02   7.2555e-02
 3969.45  -1.9526e-03   7.2103e-02
 3970.49  -1.1823e-01   7.2121e-02
 3971.53  -1.1737e-01   7.2232e-02
 3972.57   2.2251e-01   8.4632e-02
 3973.60   6.4912e-01   9.9738e-02
 3974.64   8.7825e-01   1.0755e-01
 3975.68   4.6842e-01   9.9917e-02
 3976.72   3.3895e-01   9.5022e-02
 3977.75   4.8432e-01   1.0349e-01
 3978.79   5.7066e-02   9.6304e-02
 3979.83   3.2340e-01   1.0114e-01
 3980.87  -2.1371e-01   8.6673e-02
 3981.91  -3.1925e-01   8.2770e-02
 3982.94   3.9108e-01   1.0268e-01
 3983.98   3.3388e-01   9.6065e-02
 3985.02   6.1108e-01   1.0171e-01
 3986.06   6.5980e-01   1.0674e-01
 3987.09   2.8511e-01   9.7869e-02
 3988.13   3.1569e-01   1.0083e-01
 3989.17   3.5273e-01   1.0413e-01
 3990.21   3.1405e-01   9.8616e-02
 3991.25   3.4047e-01   9.9201e-02
 3992.28  -2.4543e-02   9.6532e-02
 3993.32   4.3636e-01   1.0891e-01
 3994.36   3.7972e-01   1.0561e-01
 3995.40  -1.7806e-01   9.2120e-02
 3996.43   4.4417e-03   9.1020e-02
 3997.47   4.4519e-01   1.0491e-01
 3998.51   6.3289e-01   1.1490e-01
 3999.55   4.8231e-01   1.1637e-01
 4000.58   4.4977e-01   1.1806e-01
 4001.62   2.1174e-01   1.1249e-01
 4002.66   9.9320e-02   1.1182e-01
 4003.70   3.0938e-01   1.1580e-01
 4004.74   4.5097e-01   1.1180e-01
 4005.77   1.5281e-01   1.0474e-01
 4006.81   2.1708e-01   1.1267e-01
 4007.85   5.3100e-01   1.2131e-01
 4008.89   1.9538e-01   1.1115e-01
 4009.92  -1.5644e-01   1.0540e-01
 4010.96   2.6351e-01   1.1841e-01
 4012.00   4.8122e-01   1.2252e-01
 4013.04   5.3263e-01   1.1668e-01
 4014.08   4.5957e-01   1.1486e-01
 4015.11   4.1199e-01   1.1515e-01
 4016.15   3.2595e-01   1.1137e-01
 4017.19   3.8536e-01   1.1085e-01
 4018.23   6.0207e-01   1.1919e-01
 4019.26   4.3591e-01   1.1579e-01
 4020.30   5.9972e-01   1.1821e-01
 4021.34   1.0566e+00   1.3146e-01
 4022.38   8.0013e-01   1.2304e-01
 4023.42   6.1995e-01   1.1625e-01
 4024.45   6.1601e-01   1.1679e-01
 4025.49   1.3415e-01   1.0895e-01
 4026.53  -2.2177e-01   9.7455e-02
 4027.57  -5.2361e-02   1.0030e-01
 4028.60   4.4636e-01   1.1300e-01
 4029.64   3.7628e-01   1.0574e-01
 4030.68   1.5960e-01   9.9978e-02
 4031.72   2.5240e-01   1.0463e-01
 4032.75   5.2005e-01   1.0693e-01
 4033.79   4.8918e-01   1.0365e-01
 4034.83   2.4752e-01   9.8461e-02
 4035.87   3.8546e-01   1.0793e-01
 4036.91   1.6156e-01   1.0587e-01
 4037.94  -7.2734e-02   1.0224e-01
 4038.98   2.6902e-01   1.1258e-01
 4040.02   3.0698e-01   1.0885e-01
 4041.06   9.1092e-02   1.0513e-01
 4042.09   4.3805e-01   1.1456e-01
 4043.13   6.6806e-01   1.1541e-01
 4044.17   1.6416e-01   1.0125e-01
 4045.21  -2.9201e-03   9.0929e-02
 4046.25   3.3992e-01   9.7078e-02
 4047.28   3.4606e-01   9.9827e-02
 4048.32   3.9711e-01   1.0317e-01
 4049.36   4.9823e-01   1.0855e-01
 4050.40   1.1787e+00   1.2561e-01
 4051.43   6.7205e-01   1.1212e-01
 4052.47   1.5177e-01   9.5041e-02
 4053.51   6.1369e-01   1.0403e-01
 4054.55   4.6421e-01   1.0047e-01
 4055.58   1.7176e-01   9.1240e-02
 4056.62   5.8387e-01   9.6930e-02
 4057.66   4.8413e-01   9.8940e-02
 4058.70   8.4081e-01   1.0495e-01
 4059.74   5.3739e-01   9.5183e-02
 4060.77  -2.2684e-01   8.0410e-02
 4061.81   2.0736e-01   9.0280e-02
 4062.85   4.4994e-01   9.5097e-02
 4063.89   4.5268e-01   9.6121e-02
 4064.92   1.7654e-01   9.2756e-02
 4065.96   1.0429e-01   9.2029e-02
 4067.00   6.7393e-01   1.0050e-01
 4068.04   3.8788e-01   9.7432e-02
 4069.08   5.2561e-01   9.5304e-02
 4070.11   5.4474e-01   8.9724e-02
 4071.15   3.6021e-01   9.0535e-02
 4072.19   5.4844e-01   9.1729e-02
 4073.23   3.0394e-01   8.2032e-02
 4074.26   3.9948e-01   8.4203e-02
 4075.30   1.9995e-01   8.4594e-02
 4076.34   1.1187e-01   8.2828e-02
 4077.38   3.5664e-01   8.5523e-02
 4078.42   2.7323e-01   8.6454e-02
 4079.45   4.1598e-01   9.1228e-02
 4080.49   5.0921e-01   9.6557e-02
 4081.53   2.5982e-01   8.8465e-02
 4082.57  -6.0219e-02   8.0762e-02
 4083.60   2.2696e-01   8.7475e-02
 4084.64   7.6409e-01   9.5226e-02
 4085.68   6.7450e-01   9.3660e-02
 4086.72   5.7754e-01   9.4396e-02
 4087.75   6.2667e-01   9.4453e-02
 4088.79   2.0721e-01   8.6181e-02
 4089.83   7.8484e-03   8.0013e-02
 4090.87   7.3773e-01   9.5265e-02
 4091.91   7.5120e-01   9.9771e-02
 4092.94   4.0145e-01   8.9229e-02
 4093.98   2.4087e-01   8.3429e-02
 4095.02   4.5598e-01   8.7730e-02
 4096.06   3.9993e-02   7.9084e-02
 4097.09  -1.4452e-01   7.3347e-02
 4098.13   5.6197e-01   8.7376e-02
 4099.17   8.0202e-01   9.0650e-02
 4100.21   6.0174e-01   8.3267e-02
 4101.25   4.9731e-01   7.7743e-02
 4102.28   4.2561e-01   7.5988e-02
 4103.32   4.6212e-01   7.7995e-02
 4104.36   1.6774e-01   7.1422e-02
 4105.40  -6.1619e-02   6.8433e-02
 4106.43   2.7671e-01   7.7762e-02
 4107.47   3.7818e-01   7.8606e-02
 4108.51   2.9210e-01   7.3855e-02
 4109.55   6.0047e-01   7.5876e-02
 4110.58   5.4582e-01   7.4342e-02
 4111.62   3.1268e-01   7.0808e-02
 4112.66   4.2711e-01   7.2471e-02
 4113.70   3.1993e-01   7.1235e-02
 4114.74   2.1788e-01   7.0677e-02
 4115.77   3.8577e-01   7.4430e-02
 4116.81   3.3401e-02   6.7757e-02
 4117.85   5.9556e-02   6.5998e-02
 4118.89   5.1358e-01   7.4211e-02
 4119.92   4.6361e-01   7.4119e-02
 4120.96   5.0256e-01   7.2806e-02
 4122.00   7.8755e-01   7.9114e-02
 4123.04   6.7082e-01   7.8605e-02
 4124.08   2.7984e-01   7.0726e-02
 4125.11   4.6592e-01   7.1177e-02
 4126.15   5.4192e-01   7.4534e-02
 4127.19   1.9806e-01   7.0995e-02
 4128.23   4.0650e-01   7.4176e-02
 4129.26   6.8031e-01   7.9072e-02
 4130.30   3.3523e-01   7.1345e-02
 4131.34   9.9343e-02   6.5688e-02
 4132.38   2.5715e-01   6.6888e-02
 4133.42   2.7668e-01   6.7886e-02
 4134.45   3.4951e-01   7.1941e-02
 4135.49   4.5187e-01   7.5588e-02
 4136.53   3.9603e-01   7.4355e-02
 4137.57   4.1065e-01   7.6081e-02
 4138.60   6.5589e-01   7.9336e-02
 4139.64   3.1826e-02   6.5045e-02
 4140.68  -5.2990e-02   6.1237e-02
 4141.72   2.5304e-01   6.4162e-02
 4142.75   5.3176e-01   7.1034e-02
 4143.79   5.8603e-01   7.1262e-02
 4144.83   3.0084e-01   6.7284e-02
 4145.87   7.7154e-02   6.4325e-02
 4146.91   2.5697e-01   6.7911e-02
 4147.94   4.1495e-01   6.9702e-02
 4148.98   3.4032e-01   6.6864e-02
 4150.02   1.4623e-01   6.5383e-02
 4151.06   1.0685e-02   6.3010e-02
 4152.09   1.7654e-01   6.3317e-02
 4153.13   1.7242e-02   5.9590e-02
 4154.17   3.9162e-03   6.1915e-02
 4155.21   4.0126e-01   6.6871e-02
 4156.25   4.0218e-01   6.9426e-02
 4157.28   2.9188e-01   7.1054e-02
 4158.32   5.2261e-01   7.1543e-02
 4159.36   2.4187e-01   6.6709e-02
 4160.40   3.7046e-01   7.2124e-02
 4161.43   4.9817e-01   7.2298e-02
 4162.47   2.7344e-01   6.6028e-02
 4163.51   2.6835e-01   6.8315e-02
 4164.55   3.1509e-01   6.8905e-02
 4165.59   4.2200e-01   6.9686e-02
 4166.62   2.2245e-01   6.6504e-02
 4167.66  -1.8403e-01   6.4721e-02
 4168.70   3.6190e-02   6.5174e-02
 4169.74   3.9783e-01   6.9128e-02
 4170.77   3.4782e-01   6.7492e-02
 4171.81   2.7062e-01   6.2830e-02
 4172.85   5.6168e-01   6.6431e-02
 4173.89   5.0556e-01   6.4164e-02
 4174.92   1.1379e-01   5.8447e-02
 4175.96   2.7366e-01   6.1556e-02
 4177.00   5.3967e-01   6.6531e-02
 4178.04   8.5571e-01   7.4377e-02
 4179.08   8.2857e-01   7.2555e-02
 4180.11   4.5876e-01   6.3013e-02
 4181.15   2.3071e-01   5.7708e-02
 4182.19   1.8753e-01   5.7813e-02
 4183.23   1.4116e-01   5.7255e-02
 4184.26   1.9883e-01   5.7526e-02
 4185.30   4.7219e-01   6.1031e-02
 4186.34   4.4829e-01   6.0272e-02
 4187.38   4.1331e-01   6.1033e-02
 4188.42   4.7930e-01   6.0655e-02
 4189.45   4.4387e-01   5.8052e-02
 4190.49   4.6916e-01   5.9570e-02
 4191.53   3.8692e-01   5.9075e-02
 4192.57   3.8106e-01   5.7951e-02
 4193.60   4.1002e-01   5.8473e-02
 4194.64   4.5249e-01   5.8861e-02
 4195.68   3.6387e-01   5.5140e-02
 4196.72   6.0703e-01   5.8164e-02
 4197.76   6.4913e-01   5.9311e-02
 4198.79   6.4861e-01   5.8011e-02
 4199.83   6.8383e-01   5.8374e-02
 4200.87   4.3597e-01   5.5222e-02
 4201.91   4.5441e-01   5.6427e-02
 4202.94   5.7116e-01   5.9626e-02
 4203.98   5.3842e-01   5.8308e-02
 4205.02   5.8940e-01   5.9042e-02
 4206.06   4.7810e-01   5.7805e-02
 4207.09   4.8997e-01   5.7857e-02
 4208.13   6.4024e-01   5.9970e-02
 4209.17   5.3199e-01   5.8299e-02
 4210.21   3.9137e-01   5.5367e-02
 4211.25   3.3391e-01   5.4250e-02
 4212.28   3.8723e-01   5.4620e-02
 4213.32   5.1760e-01   5.6227e-02
 4214.36   6.6001e-01   5.9207e-02
 4215.40   4.8673e-01   5.6703e-02
 4216.43   4.6357e-01   5.5080e-02
 4217.47   4.8546e-01   5.3665e-02
 4218.51   2.5680e-01   4.9594e-02
 4219.55   2.6105e-01   5.2480e-02
 4220.59   5.8661e-01   5.7466e-02
 4221.62   7.0619e-01   5.7469e-02
 4222.66   6.6823e-01   5.6976e-02
 4223.70   4.1560e-01   5.1549e-02
 4224.74   1.5228e-01   4.5210e-02
 4225.77   3.0187e-01   4.4465e-02
 4226.81   4.4224e-01   4.5586e-02
 4227.85   3.7276e-01   4.7281e-02
 4228.89   6.7119e-01   5.4058e-02
 4229.93   7.7469e-01   5.8134e-02
 4230.96   5.3513e-01   5.4334e-02
 4232.00   2.1236e-01   4.8507e-02
 4233.04   1.9110e-01   4.7537e-02
 4234.08   6.6236e-01   5.3932e-02
 4235.11   8.6010e-01   5.6843e-02
 4236.15   3.3814e-01   4.6020e-02
 4237.19   3.1224e-01   4.6992e-02
 4238.23   5.6422e-01   5.0428e-02
 4239.26   4.8001e-01   4.8878e-02
 4240.30   4.5751e-01   4.8379e-02
 4241.34   5.6857e-01   4.9403e-02
 4242.38   2.8779e-01   4.6509e-02
 4243.42   6.3452e-01   5.1063e-02
 4244.45   5.7682e-01   5.2862e-02
 4245.49   5.2334e-01   5.2386e-02
 4246.53   2.6489e-01   4.6233e-02
 4247.57   2.6537e-01   4.5372e-02
 4248.60   5.9535e-01   4.9468e-02
 4249.64   3.5138e-01   4.5637e-02
 4250.68   5.0779e-01   4.8134e-02
 4251.72   3.9103e-01   4.9289e-02
 4252.76   3.1927e-01   4.8333e-02
 4253.79   2.4161e-01   4.7160e-02
 4254.83   1.0900e-01   4.4734e-02
 4255.87   4.1517e-01   4.9214e-02
 4256.91   6.1480e-01   5.1231e-02
 4257.94   5.5363e-01   5.0361e-02
 4258.98   4.9789e-01   4.8638e-02
 4260.02   3.4915e-01   4.4932e-02
 4261.06   3.6872e-01   4.4728e-02
 4262.10   4.1856e-01   4.6342e-02
 4263.13   4.2422e-01   4.8534e-02
 4264.17   1.9112e-01   4.5562e-02
 4265.21   2.4425e-01   4.5976e-02
 4266.25   1.6101e-01   4.3377e-02
 4267.28   1.5746e-01   4.4016e-02
 4268.32   2.3334e-01   4.4926e-02
 4269.36   1.2413e-01   4.0857e-02
 4270.40  -4.3839e-02   3.6878e-02
 4271.43   3.1517e-01   4.2292e-02
 4272.47   2.9028e-01   4.2027e-02
 4273.51   2.8652e-01   4.0553e-02
 4274.55   4.1496e-01   4.2304e-02
 4275.59   6.0197e-01   4.6939e-02
 4276.62   5.1868e-01   4.7728e-02
 4277.66   4.1458e-01   4.4881e-02
 4278.70   5.4950e-01   4.6453e-02
 4279.74   6.5954e-01   4.6449e-02
 4280.77   7.7028e-01   4.6636e-02
 4281.81   5.9573e-01   4.5856e-02
 4282.85   1.4864e-01   3.9755e-02
 4283.89   2.1563e-01   3.8969e-02
 4284.93   5.5120e-01   4.3825e-02
 4285.96   2.7788e-01   4.0266e-02
 4287.00   2.9595e-01   3.9995e-02
 4288.04   3.3341e-01   3.9925e-02
 4289.08   2.4678e-01   3.7138e-02
 4290.11   5.3946e-01   4.0330e-02
 4291.15   5.4960e-01   4.1348e-02
 4292.19   4.1234e-01   4.0053e-02
 4293.23   3.8868e-01   4.0760e-02
 4294.27   3.3489e-01   3.9345e-02
 4295.30   4.6161e-01   4.0111e-02
 4296.34   3.5015e-01   3.8535e-02
 4297.38  -1.2054e-01   3.1408e-02
 4298.42   5.4970e-02   3.0920e-02
 4299.45   3.1452e-01   3.2619e-02
 4300.49   1.8486e-01   3.0775e-02
 4301.53   3.0324e-01   3.2822e-02
 4302.57   4.0447e-01   3.4343e-02
 4303.60   2.9355e-01   3.2191e-02
 4304.64   2.5662e-01   3.2531e-02
 4305.68   3.6424e-01   3.3905e-02
 4306.72   3.7453e-01   3.4022e-02
 4307.76   3.7484e-01   3.2929e-02
 4308.79   3.6808e-01   3.2052e-02
 4309.83   5.0711e-01   3.4600e-02
 4310.87   5.6981e-01   3.5026e-02
 4311.91   4.1973e-01   3.3949e-02
 4312.94   5.3352e-01   3.6826e-02
 4313.98   5.6379e-01   3.7881e-02
 4315.02   6.3243e-01   4.1192e-02
 4316.06   3.4881e-01   3.9000e-02
 4317.10   7.8094e-02   3.5358e-02
 4318.13   2.4783e-01   3.8387e-02
 4319.17   3.1824e-01   3.8720e-02
 4320.21   3.3531e-01   3.9419e-02
 4321.25   3.3305e-01   3.9539e-02
 4322.28   2.8940e-01   3.6664e-02
 4323.32   2.8006e-01   3.3814e-02
 4324.36   3.3165e-01   3.4715e-02
 4325.40   4.1531e-01   3.6282e-02
 4326.44   5.0117e-01   3.8726e-02
 4327.47   3.9244e-01   3.8023e-02
 4328.51   5.8315e-01   4.1761e-02
 4329.55   4.0792e-01   4.0438e-02
 4330.59   3.7475e-01   3.9895e-02
 4331.62   4.8393e-01   4.1417e-02
 4332.66   4.5531e-01   3.9564e-02
 4333.70   2.6238e-01   3.7175e-02
 4334.74   3.3033e-01   3.8692e-02
 4335.77   5.5147e-01   4.1064e-02
 4336.81   6.2456e-01   4.0636e-02
 4337.85   8.1996e-01   4.1655e-02
 4338.89   5.9464e-01   3.7667e-02
 4339.93   5.6255e-01   3.5635e-02
 4340.96   4.0274e-01   3.3585e-02
 4342.00   5.3121e-01   3.5974e-02
 4343.04   8.0330e-01   4.0666e-02
 4344.08   7.2377e-01   4.0942e-02
 4345.11   6.0122e-01   3.9217e-02
 4346.15   1.2857e-01   3.4610e-02
 4347.19   6.0702e-02   3.5230e-02
 4348.23   2.6925e-01   3.7005e-02
 4349.27   6.3338e-01   4.0149e-02
 4350.30   5.1478e-01   3.7826e-02
 4351.34   2.7995e-01   3.5685e-02
 4352.38   4.7684e-01   3.5827e-02
 4353.42   4.8237e-01   3.6125e-02
 4354.45   2.8678e-01   3.4465e-02
 4355.49   3.7319e-01   3.7310e-02
 4356.53   3.6795e-01   3.8371e-02
 4357.57   2.0100e-01   3.5235e-02
 4358.60   2.6980e-01   3.5954e-02
 4359.64   5.3683e-01   4.0298e-02
 4360.68   5.5847e-01   3.9917e-02
 4361.72   3.5402e-01   3.7059e-02
 4362.76   5.7894e-01   3.9699e-02
 4363.79   5.3391e-01   3.8647e-02
 4364.83   2.8834e-01   3.6377e-02
 4365.87   6.4955e-01   4.1024e-02
 4366.91   4.5390e-01   3.7784e-02
 4367.94   2.3259e-01   3.3787e-02
 4368.98   5.5430e-01   3.8135e-02
 4370.02   3.2851e-01   3.5517e-02
 4371.06   4.4171e-01   3.6761e-02
 4372.10   5.0513e-01   3.7131e-02
 4373.13   3.2730e-01   3.4547e-02
 4374.17   9.6638e-02   3.2468e-02
 4375.21   1.3361e-01   3.2641e-02
 4376.25   4.0205e-01   3.6276e-02
 4377.28   5.5636e-01   3.8773e-02
 4378.32   5.1373e-01   3.7757e-02
 4379.36   3.9719e-01   3.6720e-02
 4380.40   2.6452e-01   3.6428e-02
 4381.44   3.5587e-01   3.6322e-02
 4382.47   3.0335e-01   3.2180e-02
 4383.51   2.5664e-01   3.0661e-02
 4384.55   2.2006e-01   3.0303e-02
 4385.59   3.7056e-01   3.2652e-02
 4386.62   4.1262e-01   3.5080e-02
 4387.66   2.8924e-01   3.3761e-02
 4388.70   4.4886e-01   3.5331e-02
 4389.74   3.9666e-01   3.4861e-02
 4390.77   4.4740e-02   3.0296e-02
 4391.81   1.6708e-01   3.2749e-02
 4392.85   4.2875e-01   3.5856e-02
 4393.89   4.7087e-01   3.5018e-02
 4394.93   3.1195e-01   3.3880e-02
 4395.96   2.0063e-01   3.2652e-02
 4397.00   2.3848e-01   3.4227e-02
 4398.04   2.5921e-01   3.5076e-02
 4399.08   2.7480e-01   3.3265e-02
 4400.11   1.8658e-01   3.1714e-02
 4401.15   1.9963e-01   3.2589e-02
 4402.19   3.8046e-01   3.5307e-02
 4403.23   3.2538e-01   3.4821e-02
 4404.27   1.5378e-01   3.2790e-02
 4405.30   2.2579e-01   3.4350e-02
 4406.34   3.7611e-01   3.7630e-02
 4407.38   4.8591e-01   3.8243e-02
 4408.42   2.2995e-01   3.5083e-02
 4409.45   3.2469e-01   3.7061e-02
 4410.49   6.1155e-01   4.0674e-02
 4411.53   4.4701e-01   3.8547e-02
 4412.57   3.3775e-01   3.8371e-02
 4413.61   4.9481e-01   4.0104e-02
 4414.64   5.1815e-01   3.8906e-02
 4415.68   4.2094e-01   3.6961e-02
 4416.72   3.5177e-01   3.5747e-02
 4417.76   4.6773e-01   3.7758e-02
 4418.79   5.1524e-01   3.8967e-02
 4419.83   1.9302e-01   3.6353e-02
 4420.87   2.4305e-01   3.7189e-02
 4421.91   1.8107e-01   3.6079e-02
 4422.94   2.8279e-01   3.6399e-02
 4423.98   4.1587e-01   3.7482e-02
 4425.02   4.4183e-01   3.7792e-02
 4426.06   3.4345e-01   3.7647e-02
 4427.10   8.9342e-02   3.4213e-02
 4428.13   2.7494e-01   3.5630e-02
 4429.17   4.7521e-01   3.8219e-02
 4430.21   1.8844e-01   3.5407e-02
 4431.25   3.4789e-01   3.7228e-02
 4432.28   4.2529e-01   3.8504e-02
 4433.32   2.7344e-01   3.5850e-02
 4434.36   2.1818e-01   3.2883e-02
 4435.40   5.7207e-01   3.5614e-02
 4436.44   4.5879e-01   3.5006e-02
 4437.47   3.9250e-01   3.6430e-02
 4438.51   4.5471e-01   3.7830e-02
 4439.55   5.8703e-01   3.8831e-02
 4440.59   3.2941e-01   3.4200e-02
 4441.62   1.2097e-01   3.0980e-02
 4442.66   5.1929e-01   3.5263e-02
 4443.70   2.6887e-01   3.2738e-02
 4444.74   4.4914e-01   3.5732e-02
 4445.78   4.9795e-01   3.6557e-02
 4446.81   5.1065e-01   3.7333e-02
 4447.85   4.1199e-01   3.4561e-02
 4448.89   2.7303e-01   3.2998e-02
 4449.93   4.9618e-01   3.7236e-02
 4450.96   5.5900e-01   3.6203e-02
 4452.00   2.2740e-01   3.1198e-02
 4453.04   3.8763e-01   3.3583e-02
 4454.08   4.2505e-01   3.2499e-02
 4455.11   3.9693e-01   3.0731e-02
 4456.15   1.2500e-01   2.7995e-02
 4457.19   4.2521e-01   3.2112e-02
 4458.23   6.3193e-01   3.2948e-02
 4459.27   2.2797e-01   2.9179e-02
 4460.30   1.5735e-01   2.8877e-02
 4461.34   5.0227e-01   3.2350e-02
 4462.38   4.1197e-01   3.1065e-02
 4463.42   4.9789e-01   3.3192e-02
 4464.45   3.4364e-01   3.2400e-02
 4465.49   4.3308e-01   3.3235e-02
 4466.53   5.2838e-01   3.4052e-02
 4467.57   2.8877e-01   3.0766e-02
 4468.61   5.0484e-01   3.3563e-02
 4469.64   3.1246e-01   3.1144e-02
 4470.68   3.3676e-01   3.0549e-02
 4471.72   5.6244e-01   3.4180e-02
 4472.76   6.6211e-01   3.6139e-02
 4473.79   6.2954e-01   3.4797e-02
 4474.83   5.7999e-01   3.5886e-02
 4475.87   6.6846e-01   3.6098e-02
 4476.91   3.5191e-01   3.2225e-02
 4477.95   3.6859e-01   3.2418e-02
 4478.98   5.1800e-01   3.3241e-02
 4480.02   3.9458e-01   3.1909e-02
 4481.06   3.2344e-01   3.0447e-02
 4482.10   3.1809e-01   3.0307e-02
 4483.13   3.6556e-01   3.1918e-02
 4484.17   7.6931e-01   3.6756e-02
 4485.21   6.5806e-01   3.6069e-02
 4486.25   4.5071e-01   3.4072e-02
 4487.28   4.5356e-01   3.3038e-02
 4488.32   6.5717e-01   3.4327e-02
 4489.36   6.4170e-01   3.4476e-02
 4490.40   5.2925e-01   3.3621e-02
 4491.44   4.4662e-01   3.3093e-02
 4492.47   3.3377e-01   3.2815e-02
 4493.51   2.7402e-01   3.2726e-02
 4494.55   3.3719e-01   3.2842e-02
 4495.59   3.7509e-01   3.2487e-02
 4496.62   4.0339e-01   3.2287e-02
 4497.66   4.3699e-01   3.3187e-02
 4498.70   6.8838e-01   3.6550e-02
 4499.74   6.8702e-01   3.6155e-02
 4500.78   3.4300e-01   3.1566e-02
 4501.81   3.9361e-01   3.2766e-02
 4502.85   5.4781e-01   3.5162e-02
 4503.89   4.1132e-01   3.4066e-02
 4504.93   4.0447e-01   3.3323e-02
 4505.96   2.0621e-01   3.0698e-02
 4507.00   3.0625e-02   2.8367e-02
 4508.04   3.0801e-01   3.1810e-02
 4509.08   5.5520e-01   3.5375e-02
 4510.12   6.4138e-01   3.5682e-02
 4511.15   3.9101e-01   3.2742e-02
 4512.19   2.1093e-01   3.0897e-02
 4513.23   1.7018e-01   2.9764e-02
 4514.27   4.7876e-02   2.8156e-02
 4515.30   1.1071e-03   2.7698e-02
 4516.34   3.4142e-01   3.1284e-02
 4517.38   5.4100e-01   3.3929e-02
 4518.42   2.0815e-01   3.0407e-02
 4519.45   2.2955e-01   3.0057e-02
 4520.49   2.8124e-01   3.1812e-02
 4521.53   1.7518e-01   3.1160e-02
 4522.57   3.3623e-01   3.1465e-02
 4523.61   6.3343e-01   3.4635e-02
 4524.64   5.4105e-01   3.3265e-02
 4525.68   4.3607e-01   3.1197e-02
 4526.72   5.0030e-01   3.1369e-02
 4527.76   5.5156e-01   3.2264e-02
 4528.79   6.8016e-01   3.4325e-02
 4529.83   4.9771e-01   3.2014e-02
 4530.87   5.6956e-01   3.3770e-02
 4531.91   5.7224e-01   3.2785e-02
 4532.95   5.9372e-01   3.3592e-02
 4533.98   4.4522e-01   3.1636e-02
 4535.02   4.0196e-01   3.1088e-02
 4536.06   5.6449e-01   3.2716e-02
 4537.10   4.5787e-01   3.1864e-02
 4538.13   6.3780e-01   3.4249e-02
 4539.17   6.2620e-01   3.4624e-02
 4540.21   6.3668e-01   3.3622e-02
 4541.25   6.6819e-01   3.3380e-02
 4542.29   5.0184e-01   3.2459e-02
 4543.32   4.4579e-01   3.2183e-02
 4544.36   4.0263e-01   3.1317e-02
 4545.40   4.3681e-01   3.1358e-02
 4546.44   4.5295e-01   3.2110e-02
 4547.47   2.8019e-01   2.9908e-02
 4548.51   3.3623e-01   2.9662e-02
 4549.55   2.7598e-01   2.8395e-02
 4550.59   6.3739e-02   2.5957e-02
 4551.62   1.7513e-01   2.7984e-02
 4552.66   1.6839e-01   2.7625e-02
 4553.70   2.1860e-01   2.8372e-02
 4554.74   2.8503e-01   2.8523e-02
 4555.78   3.0897e-01   2.8633e-02
 4556.81   1.9193e-01   2.8148e-02
 4557.85   2.7115e-01   2.9327e-02
 4558.89   4.9962e-01   3.1427e-02
 4559.93   4.6292e-01   3.0991e-02
 4560.96   4.0889e-01   3.1290e-02
 4562.00   6.7575e-01   3.3640e-02
 4563.04   5.1887e-01   3.1427e-02
 4564.08   1.6041e-01   2.7496e-02
 4565.12   4.9128e-01   3.0928e-02
 4566.15   4.8781e-01   3.0778e-02
 4567.19   4.4798e-01   2.9900e-02
 4568.23   4.9806e-01   3.1793e-02
 4569.27   5.5139e-01   3.2088e-02
 4570.30   6.2325e-01   3.2333e-02
 4571.34   4.5434e-01   3.0611e-02
 4572.38   4.6331e-01   2.9659e-02
 4573.42   5.9492e-01   3.1301e-02
 4574.46   5.9558e-01   3.2458e-02
 4575.49   5.8935e-01   3.2545e-02
 4576.53   4.5928e-01   3.1287e-02
 4577.57   5.8771e-01   3.2007e-02
 4578.61   8.0306e-01   3.3953e-02
 4579.64   6.8480e-01   3.2277e-02
 4580.68   5.7695e-01   3.1885e-02
 4581.72   6.2534e-01   3.2478e-02
 4582.76   6.7292e-01   3.2840e-02
 4583.79   4.9917e-01   3.0632e-02
 4584.83   6.2699e-01   3.0659e-02
 4585.87   8.2920e-01   3.2564e-02
 4586.91   7.1841e-01   3.1826e-02
 4587.95   7.1784e-01   3.2307e-02
 4588.98   6.3990e-01   3.1276e-02
 4590.02   4.2194e-01   2.9189e-02
 4591.06   5.3295e-01   3.0376e-02
 4592.10   7.1973e-01   3.1831e-02
 4593.13   7.5079e-01   3.1106e-02
 4594.17   6.7536e-01   3.0235e-02
 4595.21   7.0765e-01   3.0706e-02
 4596.25   8.4360e-01   3.1567e-02
 4597.29   6.2302e-01   2.9401e-02
 4598.32   5.0939e-01   2.8809e-02
 4599.36   5.7558e-01   2.9764e-02
 4600.40   6.7950e-01   3.0487e-02
 4601.44   6.1462e-01   2.9329e-02
 4602.47   5.7183e-01   2.8264e-02
 4603.51   6.4673e-01   2.9538e-02
 4604.55   9.1304e-01   3.2411e-02
 4605.59   8.1121e-01   3.1776e-02
 4606.62   7.8597e-01   3.1350e-02
 4607.66   7.7932e-01   3.1976e-02
 4608.70   6.3289e-01   3.0687e-02
 4609.74   5.8058e-01   2.9979e-02
 4610.78   6.1745e-01   3.0111e-02
 4611.81   6.3258e-01   2.9327e-02
 4612.85   4.6420e-01   2.7669e-02
 4613.89   5.9913e-01   2.9405e-02
 4614.93   6.6483e-01   2.9698e-02
 4615.96   4.6964e-01   2.8026e-02
 4617.00   8.3935e-01   3.2173e-02
 4618.04   1.0316e+00   3.3653e-02
 4619.08   5.4772e-01   2.9434e-02
 4620.12   5.3428e-01   2.9510e-02
 4621.15   8.8761e-01   3.2419e-02
 4622.19   9.1975e-01   3.2656e-02
 4623.23   8.2514e-01   3.2268e-02
 4624.27   8.3725e-01   3.2523e-02
 4625.30   6.5123e-01   3.0180e-02
 4626.34   6.1506e-01   2.9406e-02
 4627.38   7.9031e-01   3.0630e-02
 4628.42   6.2712e-01   2.9258e-02
 4629.46   6.2978e-01   2.8901e-02
 4630.49   6.0164e-01   2.8821e-02
 4631.53   8.0135e-01   3.0920e-02
 4632.57   6.5248e-01   2.9629e-02
 4633.61   5.6012e-01   2.8770e-02
 4634.64   8.7615e-01   3.0687e-02
 4635.68   9.4361e-01   3.1789e-02
 4636.72   5.3365e-01   2.7708e-02
 4637.76   6.6504e-01   2.8353e-02
 4638.79   8.7697e-01   3.0790e-02
 4639.83   5.1593e-01   2.6994e-02
 4640.87   4.7094e-01   2.6845e-02
 4641.91   5.6620e-01   2.7740e-02
 4642.95   4.5390e-01   2.7430e-02
 4643.98   5.1406e-01   2.8197e-02
 4645.02   9.5829e-01   3.1443e-02
 4646.06   8.6961e-01   2.9767e-02
 4647.10   8.6120e-01   2.9381e-02
 4648.13   9.3233e-01   3.0054e-02
 4649.17   7.6702e-01   2.8893e-02
 4650.21   5.4363e-01   2.6196e-02
 4651.25   6.5916e-01   2.7824e-02
 4652.29   7.4530e-01   2.9573e-02
 4653.32   7.4941e-01   2.9305e-02
 4654.36   6.8264e-01   2.8139e-02
 4655.40   7.9863e-01   2.9585e-02
 4656.44   7.6802e-01   2.9952e-02
 4657.47   6.8456e-01   2.9356e-02
 4658.51   8.3823e-01   3.0709e-02
 4659.55   8.1677e-01   3.1716e-02
 4660.59   6.2430e-01   2.9641e-02
 4661.62   6.3174e-01   2.8043e-02
 4662.66   4.9907e-01   2.6944e-02
 4663.70   5.5223e-01   2.6654e-02
 4664.74   5.9270e-01   2.6516e-02
 4665.78   7.0964e-01   2.7442e-02
 4666.81   5.9042e-01   2.6592e-02
 4667.85   6.7190e-01   2.7106e-02
 4668.89   4.3713e-01   2.4967e-02
 4669.93   3.2140e-01   2.4012e-02
 4670.96   7.3139e-01   2.8632e-02
 4672.00   8.4898e-01   2.9797e-02
 4673.04   8.0712e-01   2.9640e-02
 4674.08   6.2428e-01   2.7722e-02
 4675.12   5.9571e-01   2.7090e-02
 4676.15   9.8049e-01   3.0645e-02
 4677.19   8.1895e-01   2.9526e-02
 4678.23   4.9099e-01   2.6195e-02
 4679.27   5.5662e-01   2.5614e-02
 4680.30   6.9076e-01   2.7102e-02
 4681.34   7.1379e-01   2.7164e-02
 4682.38   5.2139e-01   2.5730e-02
 4683.42   6.6768e-01   2.7577e-02
 4684.46   6.2385e-01   2.7369e-02
 4685.49   6.0119e-01   2.6613e-02
 4686.53   8.0574e-01   2.8190e-02
 4687.57   6.1949e-01   2.6603e-02
 4688.61   3.9234e-01   2.4175e-02
 4689.64   6.2982e-01   2.5905e-02
 4690.68   8.3059e-01   2.8340e-02
 4691.72   8.0270e-01   2.8532e-02
 4692.76   5.6272e-01   2.6658e-02
 4693.79   6.8220e-01   2.7199e-02
 4694.83   7.0648e-01   2.6955e-02
 4695.87   8.6355e-01   2.8278e-02
 4696.91   1.1266e+00   3.0885e-02
 4697.95   8.7783e-01   2.7190e-02
 4698.98   6.2542e-01   2.4284e-02
 4700.02   4.2491e-01   2.3216e-02
 4701.06   3.7232e-01   2.3156e-02
 4702.10   4.8955e-01   2.3757e-02
 4703.13   4.5951e-01   2.2929e-02
 4704.17   5.9241e-01   2.4517e-02
 4705.21   7.5206e-01   2.6606e-02
 4706.25   6.3519e-01   2.5339e-02
 4707.29   5.2793e-01   2.3887e-02
 4708.32   3.8932e-01   2.2668e-02
 4709.36   5.4031e-01   2.3996e-02
 4710.40   7.7447e-01   2.6408e-02
 4711.44   5.9266e-01   2.5093e-02
 4712.47   6.4746e-01   2.5186e-02
 4713.51   5.8202e-01   2.4356e-02
 4714.55   5.8465e-01   2.4855e-02
 4715.59   7.3427e-01   2.6405e-02
 4716.62   6.6854e-01   2.5511e-02
 4717.66   6.1529e-01   2.4937e-02
 4718.70   7.9135e-01   2.6992e-02
 4719.74   7.4030e-01   2.6367e-02
 4720.78   5.7743e-01   2.4387e-02
 4721.81   9.0872e-01   2.7400e-02
 4722.85   7.5785e-01   2.6231e-02
 4723.89   6.4655e-01   2.5633e-02
 4724.93   5.3061e-01   2.4525e-02
 4725.96   6.3257e-01   2.4537e-02
 4727.00   7.2194e-01   2.5179e-02
 4728.04   5.5720e-01   2.4018e-02
 4729.08   7.2378e-01   2.5006e-02
 4730.12   4.4327e-01   2.1779e-02
 4731.15   8.3653e-01   2.5993e-02
 4732.19   6.6835e-01   2.5137e-02
 4733.23   8.2255e-01   2.6214e-02
 4734.27   7.7702e-01   2.5086e-02
 4735.30   5.6121e-01   2.3793e-02
 4736.34   6.5716e-01   2.4856e-02
 4737.38   5.7901e-01   2.3548e-02
 4738.42   4.9602e-01   2.3186e-02
 4739.46   6.1872e-01   2.4218e-02
 4740.49   6.2634e-01   2.3680e-02
 4741.53   6.4178e-01   2.4300e-02
 4742.57   6.6676e-01   2.4435e-02
 4743.61   6.6242e-01   2.4300e-02
 4744.64   6.0870e-01   2.4014e-02
 4745.68   4.8581e-01   2.2885e-02
 4746.72   6.9439e-01   2.4385e-02
 4747.76   6.9594e-01   2.4489e-02
 4748.80   7.6740e-01   2.5629e-02
 4749.83   6.6546e-01   2.4994e-02
 4750.87   6.3474e-01   2.4246e-02
 4751.91   7.5244e-01   2.4564e-02
 4752.95   6.3644e-01   2.3110e-02
 4753.98   6.5854e-01   2.3442e-02
 4755.02   6.1815e-01   2.3478e-02
 4756.06   5.9736e-01   2.3193e-02
 4757.10   7.0128e-01   2.4065e-02
 4758.13   8.3442e-01   2.5220e-02
 4759.17   8.0667e-01   2.4548e-02
 4760.21   5.9734e-01   2.2777e-02
 4761.25   6.6955e-01   2.3647e-02
 4762.29   7.3915e-01   2.4204e-02
 4763.32   6.5000e-01   2.2873e-02
 4764.36   5.4913e-01   2.1666e-02
 4765.40   5.1101e-01   2.1392e-02
 4766.44   5.9964e-01   2.2085e-02
 4767.47   7.9766e-01   2.4194e-02
 4768.51   9.2566e-01   2.6209e-02
 4769.55   7.1781e-01   2.4177e-02
 4770.59   6.5186e-01   2.3040e-02
 4771.63   5.1121e-01   2.2284e-02
 4772.66   4.6572e-01   2.1699e-02
 4773.70   7.4360e-01   2.4004e-02
 4774.74   6.9672e-01   2.4078e-02
 4775.78   7.2070e-01   2.4126e-02
 4776.81   7.0654e-01   2.4142e-02
 4777.85   5.6559e-01   2.3477e-02
 4778.89   6.4197e-01   2.3585e-02
 4779.93   5.5739e-01   2.2661e-02
 4780.97   6.3767e-01   2.3469e-02
 4782.00   9.0151e-01   2.4786e-02
 4783.04   9.3237e-01   2.5593e-02
 4784.08   8.0811e-01   2.4818e-02
 4785.12   6.5693e-01   2.3417e-02
 4786.15   7.5349e-01   2.4210e-02
 4787.19   6.6784e-01   2.3109e-02
 4788.23   5.0805e-01   2.1676e-02
 4789.27   5.4793e-01   2.2320e-02
 4790.30   6.1052e-01   2.2844e-02
 4791.34   7.4090e-01   2.3561e-02
 4792.38   7.4856e-01   2.3496e-02
 4793.42   5.7142e-01   2.2870e-02
 4794.46   6.0769e-01   2.3250e-02
 4795.49   7.3807e-01   2.4231e-02
 4796.53   8.5574e-01   2.5505e-02
 4797.57   9.5292e-01   2.5764e-02
 4798.61   9.1945e-01   2.4962e-02
 4799.64   7.4578e-01   2.4106e-02
 4800.68   6.4169e-01   2.3094e-02
 4801.72   6.7283e-01   2.3328e-02
 4802.76   5.8250e-01   2.3156e-02
 4803.80   5.7790e-01   2.2228e-02
 4804.83   5.2797e-01   2.1700e-02
 4805.87   2.5697e-01   2.0028e-02
 4806.91   5.9608e-01   2.2344e-02
 4807.95   8.8188e-01   2.4201e-02
 4808.98   9.5179e-01   2.4929e-02
 4810.02   7.0759e-01   2.3321e-02
 4811.06   6.4691e-01   2.3500e-02
 4812.10   7.6939e-01   2.4062e-02
 4813.14   7.2033e-01   2.3599e-02
 4814.17   7.8653e-01   2.4751e-02
 4815.21   7.6298e-01   2.4170e-02
 4816.25   7.5262e-01   2.4224e-02
 4817.29   8.8714e-01   2.6039e-02
 4818.32   7.0560e-01   2.4814e-02
 4819.36   4.8039e-01   2.2982e-02
 4820.40   5.7220e-01   2.3015e-02
 4821.44   7.7207e-01   2.4861e-02
 4822.47   6.1550e-01   2.3485e-02
 4823.51   3.7631e-01   2.0615e-02
 4824.55   3.9918e-01   2.1066e-02
 4825.59   6.4336e-01   2.3331e-02
 4826.63   7.8996e-01   2.4168e-02
 4827.66   8.9727e-01   2.4637e-02
 4828.70   8.4680e-01   2.4720e-02
 4829.74   7.3520e-01   2.4137e-02
 4830.78   8.1693e-01   2.4490e-02
 4831.81   7.0256e-01   2.3527e-02
 4832.85   8.3465e-01   2.5143e-02
 4833.89   9.4770e-01   2.5677e-02
 4834.93   8.5589e-01   2.4938e-02
 4835.97   6.6427e-01   2.3616e-02
 4837.00   6.8998e-01   2.3534e-02
 4838.04   7.8210e-01   2.4084e-02
 4839.08   6.3691e-01   2.2556e-02
 4840.12   6.7319e-01   2.2515e-02
 4841.15   7.4639e-01   2.2993e-02
 4842.19   5.8789e-01   2.1557e-02
 4843.23   5.9914e-01   2.2044e-02
 4844.27   8.2358e-01   2.3835e-02
 4845.31   6.2665e-01   2.2386e-02
 4846.34   4.9454e-01   2.1666e-02
 4847.38   4.2239e-01   2.0710e-02
 4848.42   4.6397e-01   2.0309e-02
 4849.46   4.8576e-01   2.0289e-02
 4850.49   4.3759e-01   2.0184e-02
 4851.53   6.0863e-01   2.1520e-02
 4852.57   7.7390e-01   2.1659e-02
 4853.61   7.4582e-01   2.1110e-02
 4854.64   8.0375e-01   2.1487e-02
 4855.68   7.3751e-01   2.0590e-02
 4856.72   7.5042e-01   2.0276e-02
 4857.76   7.3838e-01   2.0091e-02
 4858.80   6.6850e-01   1.9189e-02
 4859.83   7.1474e-01   1.9183e-02
 4860.87   7.3806e-01   1.9406e-02
 4861.91   7.6690e-01   1.9701e-02
 4862.95   7.3057e-01   1.9042e-02
 4863.98   7.3365e-01   1.8932e-02
 4865.02   7.1299e-01   1.8888e-02
 4866.06   5.3997e-01   1.8005e-02
 4867.10   4.5006e-01   1.7406e-02
 4868.14   6.3536e-01   1.8745e-02
 4869.17   7.5783e-01   1.9584e-02
 4870.21   6.8387e-01   1.8199e-02
 4871.25   7.5598e-01   1.8469e-02
 4872.29   7.4049e-01   1.8666e-02
 4873.32   5.4705e-01   1.7296e-02
 4874.36   4.6146e-01   1.6670e-02
 4875.40   6.2840e-01   1.7757e-02
 4876.44   5.6296e-01   1.7054e-02
 4877.48   6.9987e-01   1.8557e-02
 4878.51   6.5926e-01   1.8437e-02
 4879.55   4.7357e-01   1.7062e-02
 4880.59   6.8887e-01   1.8772e-02
 4881.63   5.3543e-01   1.7821e-02
 4882.66   5.3465e-01   1.8314e-02
 4883.70   6.1703e-01   1.8381e-02
 4884.74   7.2369e-01   1.9175e-02
 4885.78   5.3225e-01   1.7357e-02
 4886.81   4.5775e-01   1.6864e-02
 4887.85   4.9985e-01   1.7710e-02
 4888.89   5.3812e-01   1.7754e-02
 4889.93   7.3615e-01   1.8963e-02
 4890.97   8.3920e-01   1.9636e-02
 4892.00   7.2501e-01   1.9267e-02
 4893.04   7.6931e-01   1.9370e-02
 4894.08   7.0634e-01   1.9075e-02
 4895.12   7.4551e-01   1.9813e-02
 4896.15   8.1773e-01   2.0431e-02
 4897.19   8.3759e-01   2.0645e-02
 4898.23   6.1621e-01   1.9241e-02
 4899.27   5.6944e-01   1.8939e-02
 4900.31   3.5971e-01   1.7813e-02
 4901.34   5.3397e-01   1.8442e-02
 4902.38   3.7339e-01   1.7283e-02
 4903.42   2.9337e-01   1.6766e-02
 4904.46   5.0879e-01   1.8564e-02
 4905.49   7.2074e-01   2.0407e-02
 4906.53   6.4854e-01   2.0031e-02
 4907.57   5.6481e-01   1.9189e-02
 4908.61   3.6027e-01   1.7279e-02
 4909.65   4.9723e-01   1.8445e-02
 4910.68   6.7053e-01   1.9424e-02
 4911.72   7.1104e-01   1.9482e-02
 4912.76   8.0217e-01   2.0219e-02
 4913.80   6.9100e-01   1.9861e-02
 4914.83   6.8319e-01   1.9777e-02
 4915.87   8.2775e-01   2.0659e-02
 4916.91   7.7739e-01   1.9728e-02
 4917.95   4.5747e-01   1.7094e-02
 4918.98   4.3389e-01   1.6285e-02
 4920.02   6.6741e-01   1.7366e-02
 4921.06   8.1136e-01   1.8670e-02
 4922.10   5.9181e-01   1.8307e-02
 4923.14   5.3962e-01   1.8245e-02
 4924.17   6.5959e-01   1.8690e-02
 4925.21   6.7149e-01   1.8853e-02
 4926.25   7.9711e-01   1.9769e-02
 4927.29   7.3237e-01   1.8990e-02
 4928.32   5.1696e-01   1.7474e-02
 4929.36   5.3898e-01   1.8119e-02
 4930.40   5.1113e-01   1.8465e-02
 4931.44   5.0776e-01   1.8189e-02
 4932.48   4.6754e-01   1.7089e-02
 4933.51   3.8167e-01   1.6083e-02
 4934.55   4.5489e-01   1.6934e-02
 4935.59   5.4262e-01   1.7875e-02
 4936.63   5.3085e-01   1.7838e-02
 4937.66   3.5648e-01   1.6467e-02
 4938.70   3.0372e-01   1.6168e-02
 4939.74   5.4446e-01   1.7990e-02
 4940.78   5.3167e-01   1.7929e-02
 4941.81   3.9016e-01   1.7013e-02
 4942.85   3.7909e-01   1.7032e-02
 4943.89   5.0159e-01   1.7528e-02
 4944.93   5.5415e-01   1.8102e-02
 4945.97   4.6992e-01   1.7102e-02
 4947.00   5.1161e-01   1.7210e-02
 4948.04   6.4915e-01   1.8393e-02
 4949.08   6.7838e-01   1.8770e-02
 4950.12   5.8711e-01   1.8261e-02
 4951.15   8.5750e-01   2.0014e-02
 4952.19   7.7593e-01   1.9867e-02
 4953.23   8.4772e-01   2.0281e-02
 4954.27   8.5177e-01   2.0503e-02
 4955.31   8.6954e-01   1.9782e-02
 4956.34   7.3139e-01   1.8256e-02
 4957.38   8.5201e-01   1.9171e-02
 4958.42   8.2768e-01   1.9077e-02
 4959.46   6.7709e-01   1.8630e-02
 4960.49   8.1620e-01   1.9868e-02
 4961.53   5.3901e-01   1.7413e-02
 4962.57   5.1407e-01   1.7852e-02
 4963.61   7.1691e-01   1.9584e-02
 4964.65   7.8519e-01   2.0027e-02
 4965.68   6.5381e-01   1.8667e-02
 4966.72   5.6941e-01   1.8572e-02
 4967.76   4.3129e-01   1.8016e-02
 4968.80   7.7126e-01   1.9320e-02
 4969.83   8.4465e-01   1.9562e-02
 4970.87   8.7726e-01   1.9820e-02
 4971.91   6.7250e-01   1.8405e-02
 4972.95   7.1998e-01   1.8954e-02
 4973.98   6.7639e-01   1.8582e-02
 4975.02   5.7720e-01   1.7908e-02
 4976.06   5.5502e-01   1.7991e-02
 4977.10   7.3181e-01   1.9103e-02
 4978.14   5.9881e-01   1.8264e-02
 4979.17   6.4508e-01   1.8165e-02
 4980.21   7.0404e-01   1.8241e-02
 4981.25   6.4595e-01   1.7660e-02
 4982.29   7.3826e-01   1.7660e-02
 4983.32   7.0544e-01   1.7150e-02
 4984.36   6.5827e-01   1.7164e-02
 4985.40   6.4921e-01   1.7239e-02
 4986.44   6.2998e-01   1.7054e-02
 4987.48   8.5938e-01   1.9107e-02
 4988.51   8.8681e-01   1.9514e-02
 4989.55   7.6876e-01   1.8590e-02
 4990.59   7.4807e-01   1.8438e-02
 4991.63   6.4897e-01   1.7655e-02
 4992.66   7.1297e-01   1.7974e-02
 4993.70   8.2023e-01   1.8847e-02
 4994.74   6.8904e-01   1.7926e-02
 4995.78   6.3189e-01   1.7606e-02
 4996.81   7.8767e-01   1.8458e-02
 4997.85   8.0945e-01   1.8154e-02
 4998.89   9.5755e-01   1.8997e-02
 4999.93   9.7087e-01   1.9249e-02
 5000.97   8.1589e-01   1.7936e-02
 5002.00   7.3765e-01   1.7590e-02
 5003.04   6.7446e-01   1.6905e-02
 5004.08   7.5193e-01   1.6812e-02
 5005.12   9.0204e-01   1.8120e-02
 5006.15   9.5874e-01   1.8742e-02
 5007.19   8.6423e-01   1.8188e-02
 5008.23   7.8686e-01   1.7809e-02
 5009.27   8.3478e-01   1.7979e-02
 5010.31   7.3854e-01   1.7050e-02
 5011.34   7.0888e-01   1.6587e-02
 5012.38   6.9776e-01   1.6496e-02
 5013.42   9.5457e-01   1.7895e-02
 5014.46   7.8492e-01   1.6773e-02
 5015.49   6.9509e-01   1.6398e-02
 5016.53   6.7736e-01   1.6275e-02
 5017.57   5.5163e-01   1.5392e-02
 5018.61   5.1893e-01   1.4489e-02
 5019.65   7.8106e-01   1.6667e-02
 5020.68   6.5719e-01   1.6379e-02
 5021.72   6.3875e-01   1.6256e-02
 5022.76   6.8441e-01   1.6393e-02
 5023.80   8.2223e-01   1.7262e-02
 5024.83   7.2341e-01   1.6383e-02
 5025.87   5.4062e-01   1.5230e-02
 5026.91   6.3423e-01   1.5823e-02
 5027.95   6.1295e-01   1.5810e-02
 5028.98   5.3489e-01   1.5014e-02
 5030.02   6.0599e-01   1.6061e-02
 5031.06   6.2147e-01   1.5927e-02
 5032.10   6.2238e-01   1.6355e-02
 5033.14   5.5529e-01   1.5985e-02
 5034.17   6.1226e-01   1.5741e-02
 5035.21   7.3615e-01   1.6645e-02
 5036.25   6.7650e-01   1.5963e-02
 5037.29   7.8770e-01   1.6453e-02
 5038.32   7.2764e-01   1.6387e-02
 5039.36   5.2674e-01   1.4749e-02
 5040.40   7.6801e-01   1.5919e-02
 5041.44   7.3582e-01   1.5577e-02
 5042.48   6.0279e-01   1.5264e-02
 5043.51   6.8293e-01   1.6281e-02
 5044.55   6.5747e-01   1.6708e-02
 5045.59   6.6511e-01   1.6608e-02
 5046.63   7.8576e-01   1.7240e-02
 5047.66   7.1728e-01   1.6661e-02
 5048.70   7.4664e-01   1.6869e-02
 5049.74   6.6943e-01   1.6258e-02
 5050.78   6.9957e-01   1.5913e-02
 5051.82   7.5197e-01   1.6271e-02
 5052.85   7.5336e-01   1.6584e-02
 5053.89   4.8633e-01   1.4785e-02
 5054.93   4.4527e-01   1.4664e-02
 5055.97   6.7944e-01   1.5937e-02
 5057.00   6.3755e-01   1.6044e-02
 5058.04   7.8581e-01   1.7094e-02
 5059.08   8.7729e-01   1.7609e-02
 5060.12   7.5037e-01   1.6600e-02
 5061.16   7.6946e-01   1.7139e-02
 5062.19   9.0633e-01   1.8011e-02
 5063.23   9.1192e-01   1.7558e-02
 5064.27   9.6523e-01   1.7902e-02
 5065.31   7.8876e-01   1.6379e-02
 5066.34   7.1572e-01   1.6048e-02
 5067.38   6.9618e-01   1.6489e-02
 5068.42   6.4758e-01   1.5884e-02
 5069.46   7.6515e-01   1.6486e-02
 5070.49   7.3398e-01   1.6270e-02
 5071.53   6.1031e-01   1.5670e-02
 5072.57   6.5885e-01   1.5652e-02
 5073.61   6.1222e-01   1.5614e-02
 5074.65   7.1204e-01   1.6511e-02
 5075.68   8.4472e-01   1.7111e-02
 5076.72   8.6433e-01   1.6960e-02
 5077.76   7.7331e-01   1.6417e-02
 5078.80   7.8693e-01   1.5981e-02
 5079.83   6.8242e-01   1.5435e-02
 5080.87   7.3786e-01   1.5789e-02
 5081.91   9.4505e-01   1.7079e-02
 5082.95   7.5235e-01   1.6011e-02
 5083.99   9.5362e-01   1.7185e-02
 5085.02   9.7668e-01   1.7722e-02
 5086.06   7.8536e-01   1.6899e-02
 5087.10   7.5099e-01   1.6447e-02
 5088.14   8.0757e-01   1.6629e-02
 5089.17   7.5892e-01   1.6205e-02
 5090.21   8.4379e-01   1.6795e-02
 5091.25   8.7470e-01   1.6963e-02
 5092.29   7.6498e-01   1.6173e-02
 5093.33   7.9413e-01   1.6407e-02
 5094.36   7.4465e-01   1.6244e-02
 5095.40   5.9036e-01   1.5006e-02
 5096.44   6.4857e-01   1.5284e-02
 5097.48   7.8598e-01   1.5604e-02
 5098.51   7.5365e-01   1.5347e-02
 5099.55   7.8646e-01   1.6225e-02
 5100.59   8.7919e-01   1.6665e-02
 5101.63   9.4149e-01   1.7114e-02
 5102.66   9.4165e-01   1.7127e-02
 5103.70   8.0454e-01   1.6160e-02
 5104.74   9.9787e-01   1.7381e-02
 5105.78   8.0608e-01   1.6074e-02
 5106.82   7.7859e-01   1.5826e-02
 5107.85   8.4161e-01   1.6036e-02
 5108.89   7.6073e-01   1.5626e-02
 5109.93   7.0739e-01   1.5713e-02
 5110.97   7.4765e-01   1.6217e-02
 5112.00   7.6346e-01   1.6005e-02
 5113.04   7.8936e-01   1.6019e-02
 5114.08   7.7156e-01   1.6133e-02
 5115.12   7.6938e-01   1.5915e-02
 5116.16   8.5165e-01   1.6392e-02
 5117.19   8.0413e-01   1.6379e-02
 5118.23   7.1927e-01   1.5635e-02
 5119.27   7.3363e-01   1.5587e-02
 5120.31   7.1162e-01   1.5359e-02
 5121.34   6.5536e-01   1.4922e-02
 5122.38   7.6233e-01   1.5374e-02
 5123.42   7.5476e-01   1.5309e-02
 5124.46   7.3285e-01   1.5106e-02
 5125.50   7.2839e-01   1.4859e-02
 5126.53   7.6285e-01   1.5073e-02
 5127.57   6.5766e-01   1.4617e-02
 5128.61   6.2032e-01   1.4557e-02
 5129.65   7.2631e-01   1.5159e-02
 5130.68   7.3706e-01   1.5300e-02
 5131.72   8.3471e-01   1.5894e-02
 5132.76   7.1112e-01   1.5212e-02
 5133.80   7.3987e-01   1.5633e-02
 5134.83   7.9117e-01   1.6030e-02
 5135.87   8.0010e-01   1.5768e-02
 5136.91   8.1803e-01   1.5437e-02
 5137.95   8.9293e-01   1.5716e-02
 5138.99   9.5026e-01   1.6425e-02
 5140.02   1.0000e+00   1.6505e-02
 5141.06   8.9611e-01   1.5916e-02
 5142.10   8.2844e-01   1.5688e-02
 5143.14   9.3379e-01   1.6526e-02
 5144.17   9.2356e-01   1.6173e-02
 5145.21   7.4661e-01   1.4915e-02
 5146.25   7.4878e-01   1.5025e-02
 5147.29   7.6757e-01   1.4605e-02
 5148.33   7.2299e-01   1.4746e-02
 5149.36   7.1581e-01   1.4653e-02
 5150.40   8.6612e-01   1.5657e-02
 5151.44   7.9283e-01   1.5397e-02
 5152.48   6.9783e-01   1.4553e-02
 5153.51   8.1493e-01   1.5203e-02
 5154.55   9.3013e-01   1.5892e-02
 5155.59   9.8138e-01   1.6010e-02
 5156.63   7.3953e-01   1.4789e-02
 5157.67   9.1369e-01   1.5866e-02
 5158.70   9.7910e-01   1.5811e-02
 5159.74   7.9325e-01   1.4938e-02
 5160.78   8.6866e-01   1.5356e-02
 5161.82   7.9572e-01   1.4957e-02
 5162.85   8.7549e-01   1.5352e-02
 5163.89   8.7826e-01   1.4852e-02
 5164.93   9.1000e-01   1.4590e-02
 5165.97   8.7405e-01   1.4261e-02
 5167.00   9.2945e-01   1.4246e-02
 5168.04   9.0387e-01   1.3643e-02
 5169.08   8.8870e-01   1.3998e-02
 5170.12   8.0665e-01   1.3665e-02
 5171.16   6.6623e-01   1.2330e-02
 5172.19   9.3277e-01   1.3658e-02
 5173.23   9.2314e-01   1.3767e-02
 5174.27   8.9837e-01   1.4259e-02
 5175.31   9.9850e-01   1.5341e-02
 5176.34   7.4916e-01   1.3895e-02
 5177.38   8.4962e-01   1.4282e-02
 5178.42   8.3278e-01   1.4555e-02
 5179.46   7.7517e-01   1.3945e-02
 5180.50   8.2332e-01   1.3783e-02
 5181.53   8.4367e-01   1.3484e-02
 5182.57   6.7910e-01   1.2114e-02
 5183.61   7.2691e-01   1.2067e-02
 5184.65   8.8956e-01   1.3194e-02
 5185.68   8.3357e-01   1.3695e-02
 5186.72   8.6259e-01   1.4504e-02
 5187.76   8.4867e-01   1.4489e-02
 5188.80   7.3541e-01   1.3678e-02
 5189.83   9.2819e-01   1.4707e-02
 5190.87   8.3596e-01   1.3892e-02
 5191.91   6.4694e-01   1.2551e-02
 5192.95   7.6954e-01   1.3139e-02
 5193.99   7.7433e-01   1.3377e-02
 5195.02   8.1916e-01   1.4034e-02
 5196.06   9.6086e-01   1.5961e-02
 5197.10   9.8164e-01   1.7708e-02
 5198.14   8.0227e-01   1.8118e-02
 5199.17   7.1535e-01   1.7584e-02
 5200.21   7.1937e-01   1.6438e-02
 5201.25   1.0762e+00   1.7658e-02
 5202.29   9.8571e-01   1.6420e-02
 5203.33   8.3590e-01   1.4978e-02
 5204.36   6.7007e-01   1.3870e-02
 5205.40   6.5764e-01   1.2950e-02
 5206.44   1.0187e+00   1.4889e-02
 5207.48   1.1182e+00   1.5504e-02
 5208.51   7.9261e-01   1.3680e-02
 5209.55   7.1926e-01   1.3596e-02
 5210.59   9.9678e-01   1.5345e-02
 5211.63   9.2595e-01   1.5136e-02
 5212.67   9.5038e-01   1.5252e-02
 5213.70   9.7072e-01   1.5221e-02
 5214.74   7.5429e-01   1.3907e-02
 5215.78   6.4058e-01   1.3039e-02
 5216.82   8.7142e-01   1.4479e-02
 5217.85   8.8417e-01   1.4981e-02
 5218.89   8.9071e-01   1.5079e-02
 5219.93   7.9229e-01   1.4410e-02
 5220.97   8.7055e-01   1.4771e-02
 5222.00   9.4924e-01   1.5341e-02
 5223.04   8.8935e-01   1.5310e-02
 5224.08   9.1167e-01   1.5475e-02
 5225.12   7.3777e-01   1.4215e-02
 5226.16   6.9146e-01   1.3213e-02
 5227.19   9.8276e-01   1.4548e-02
 5228.23   9.8635e-01   1.4809e-02
 5229.27   1.0158e+00   1.4975e-02
 5230.31   9.4019e-01   1.5092e-02
 5231.34   8.5655e-01   1.4674e-02
 5232.38   8.6413e-01   1.4279e-02
 5233.42   9.9133e-01   1.4835e-02
 5234.46   1.0955e+00   1.5365e-02
 5235.50   9.9205e-01   1.4601e-02
 5236.53   8.7085e-01   1.4401e-02
 5237.57   8.4325e-01   1.5226e-02
 5238.61   9.8647e-01   1.6004e-02
 5239.65   9.9929e-01   1.5597e-02
 5240.68   1.0000e+00   1.5595e-02
 5241.72   9.6442e-01   1.5055e-02
 5242.76   9.8245e-01   1.5199e-02
 5243.80   1.0791e+00   1.5622e-02
 5244.83   1.0764e+00   1.5484e-02
 5245.87   1.0669e+00   1.5602e-02
 5246.91   9.4617e-01   1.4979e-02
 5247.95   9.3432e-01   1.4976e-02
 5248.99   1.0756e+00   1.5447e-02
 5250.02   1.1158e+00   1.5734e-02
 5251.06   1.1349e+00   1.5975e-02
 5252.10   9.4436e-01   1.4906e-02
 5253.14   9.1215e-01   1.4586e-02
 5254.17   8.0843e-01   1.4469e-02
 5255.21   9.5417e-01   1.5677e-02
 5256.25   7.4815e-01   1.4749e-02
 5257.29   8.3147e-01   1.4759e-02
 5258.33   1.0530e+00   1.5873e-02
 5259.36   8.9267e-01   1.4697e-02
 5260.40   8.4314e-01   1.4105e-02
 5261.44   9.2546e-01   1.4240e-02
 5262.48   7.7004e-01   1.2994e-02
 5263.51   8.0872e-01   1.3046e-02
 5264.55   1.0154e+00   1.4051e-02
 5265.59   9.0579e-01   1.3408e-02
 5266.63   8.8144e-01   1.3744e-02
 5267.67   9.9371e-01   1.4043e-02
 5268.70   8.9467e-01   1.3265e-02
 5269.74   9.6679e-01   1.3751e-02
 5270.78   9.4120e-01   1.3594e-02
 5271.82   7.1173e-01   1.2637e-02
 5272.85   8.5753e-01   1.3861e-02
 5273.89   9.0921e-01   1.4042e-02
 5274.93   9.7988e-01   1.4659e-02
 5275.97   1.0439e+00   1.5358e-02
 5277.00   8.4143e-01   1.4189e-02
 5278.04   7.9271e-01   1.3599e-02
 5279.08   9.2137e-01   1.3808e-02
 5280.12   1.0198e+00   1.4240e-02
 5281.16   8.1452e-01   1.3573e-02
 5282.19   8.3789e-01   1.3331e-02
 5283.23   1.0804e+00   1.4577e-02
 5284.27   1.0215e+00   1.4407e-02
 5285.31   9.3545e-01   1.4156e-02
 5286.34   9.1487e-01   1.4479e-02
 5287.38   9.7835e-01   1.4906e-02
 5288.42   1.0204e+00   1.5002e-02
 5289.46   9.3549e-01   1.4327e-02
 5290.50   7.8302e-01   1.3432e-02
 5291.53   9.4883e-01   1.4545e-02
 5292.57   9.0609e-01   1.4627e-02
 5293.61   8.9363e-01   1.4546e-02
 5294.65   9.5412e-01   1.4644e-02
 5295.68   9.4726e-01   1.4329e-02
 5296.72   1.1194e+00   1.5255e-02
 5297.76   9.7896e-01   1.4736e-02
 5298.80   9.8581e-01   1.4697e-02
 5299.83   1.1115e+00   1.5441e-02
 5300.87   1.0650e+00   1.5415e-02
 5301.91   1.1199e+00   1.5469e-02
 5302.95   9.3717e-01   1.4744e-02
 5303.99   9.0327e-01   1.4754e-02
 5305.02   9.4455e-01   1.4668e-02
 5306.06   8.9432e-01   1.4735e-02
 5307.10   9.2999e-01   1.4878e-02
 5308.14   1.0735e+00   1.5186e-02
 5309.17   1.1605e+00   1.5909e-02
 5310.21   1.0807e+00   1.5799e-02
 5311.25   1.1191e+00   1.6182e-02
 5312.29   1.0679e+00   1.5925e-02
 5313.33   8.9577e-01   1.4749e-02
 5314.36   1.0682e+00   1.5520e-02
 5315.40   8.6774e-01   1.4357e-02
 5316.44   9.1423e-01   1.4527e-02
 5317.48   1.0093e+00   1.5308e-02
 5318.51   9.5845e-01   1.4953e-02
 5319.55   9.9872e-01   1.5004e-02
 5320.59   8.9274e-01   1.4334e-02
 5321.63   1.0824e+00   1.5438e-02
 5322.67   1.2572e+00   1.6337e-02
 5323.70   8.6625e-01   1.4036e-02
 5324.74   9.3549e-01   1.4307e-02
 5325.78   9.7368e-01   1.4396e-02
 5326.82   9.4808e-01   1.4067e-02
 5327.85   8.9652e-01   1.3451e-02
 5328.89   9.9997e-01   1.4113e-02
 5329.93   1.0826e+00   1.4947e-02
 5330.97   9.4293e-01   1.4336e-02
 5332.00   7.4861e-01   1.3381e-02
 5333.04   7.7200e-01   1.3719e-02
 5334.08   8.5738e-01   1.3944e-02
 5335.12   9.2392e-01   1.4062e-02
 5336.16   9.3480e-01   1.4159e-02
 5337.19   1.0051e+00   1.4809e-02
 5338.23   9.3684e-01   1.4290e-02
 5339.27   9.2236e-01   1.3943e-02
 5340.31   8.6954e-01   1.3444e-02
 5341.34   8.2512e-01   1.2997e-02
 5342.38   1.0091e+00   1.4302e-02
 5343.42   1.0706e+00   1.4756e-02
 5344.46   9.9838e-01   1.4471e-02
 5345.50   7.9681e-01   1.3555e-02
 5346.53   8.7085e-01   1.3803e-02
 5347.57   1.0161e+00   1.4214e-02
 5348.61   9.0252e-01   1.3758e-02
 5349.65   1.0853e+00   1.4991e-02
 5350.68   1.0375e+00   1.4871e-02
 5351.72   9.4492e-01   1.4208e-02
 5352.76   8.8772e-01   1.3973e-02
 5353.80   7.0525e-01   1.2984e-02
 5354.84   7.5608e-01   1.3406e-02
 5355.87   8.4338e-01   1.4014e-02
 5356.91   8.6165e-01   1.3798e-02
 5357.95   9.1667e-01   1.4062e-02
 5358.99   1.0096e+00   1.4719e-02
 5360.02   9.2682e-01   1.4400e-02
 5361.06   1.0112e+00   1.4774e-02
 5362.10   9.2758e-01   1.4052e-02
 5363.14   9.6007e-01   1.4117e-02
 5364.17   1.1020e+00   1.5013e-02
 5365.21   1.0527e+00   1.4701e-02
 5366.25   8.9904e-01   1.4046e-02
 5367.29   7.5996e-01   1.3183e-02
 5368.33   8.8320e-01   1.3976e-02
 5369.36   8.1801e-01   1.3286e-02
 5370.40   8.9585e-01   1.3411e-02
 5371.44   8.3772e-01   1.3108e-02
 5372.48   8.4368e-01   1.3349e-02
 5373.51   1.0327e+00   1.4637e-02
 5374.55   1.0870e+00   1.5054e-02
 5375.59   9.8706e-01   1.4543e-02
 5376.63   9.0151e-01   1.4007e-02
 5377.67   8.4787e-01   1.3946e-02
 5378.70   8.9897e-01   1.4032e-02
 5379.74   7.9763e-01   1.3331e-02
 5380.78   6.7397e-01   1.2327e-02
 5381.82   7.1396e-01   1.2591e-02
 5382.85   8.0210e-01   1.3097e-02
 5383.89   8.6746e-01   1.3474e-02
 5384.93   8.4138e-01   1.3543e-02
 5385.97   9.8070e-01   1.4279e-02
 5387.01   1.0747e+00   1.4976e-02
 5388.04   8.7606e-01   1.3721e-02
 5389.08   9.2851e-01   1.3476e-02
 5390.12   9.2292e-01   1.3582e-02
 5391.16   7.2336e-01   1.3032e-02
 5392.19   8.4050e-01   1.3493e-02
 5393.23   7.9162e-01   1.2786e-02
 5394.27   9.2289e-01   1.3689e-02
 5395.31   8.9870e-01   1.3569e-02
 5396.34   8.4920e-01   1.3293e-02
 5397.38   7.9930e-01   1.2979e-02
 5398.42   7.3707e-01   1.2591e-02
 5399.46   9.3796e-01   1.3394e-02
 5400.50   1.1175e+00   1.4426e-02
 5401.53   8.3857e-01   1.3184e-02
 5402.57   8.0045e-01   1.2604e-02
 5403.61   8.6815e-01   1.2749e-02
 5404.65   8.3412e-01   1.2507e-02
 5405.68   8.4188e-01   1.2670e-02
 5406.72   8.2678e-01   1.2556e-02
 5407.76   7.8889e-01   1.2416e-02
 5408.80   8.7206e-01   1.2860e-02
 5409.84   9.2276e-01   1.2874e-02
 5410.87   9.7056e-01   1.3430e-02
 5411.91   1.0267e+00   1.3976e-02
 5412.95   1.0491e+00   1.3994e-02
 5413.99   9.6635e-01   1.3576e-02
 5415.02   1.0481e+00   1.4061e-02
 5416.06   9.3899e-01   1.3459e-02
 5417.10   9.0870e-01   1.3185e-02
 5418.14   8.6478e-01   1.3115e-02
 5419.18   8.1360e-01   1.2937e-02
 5420.21   8.3689e-01   1.3036e-02
 5421.25   9.4146e-01   1.3404e-02
 5422.29   1.1331e+00   1.4326e-02
 5423.33   1.0045e+00   1.3742e-02
 5424.36   9.0533e-01   1.3120e-02
 5425.40   9.0180e-01   1.3337e-02
 5426.44   8.4171e-01   1.3342e-02
 5427.48   9.9942e-01   1.3963e-02
 5428.52   9.0372e-01   1.3288e-02
 5429.55   7.8211e-01   1.2350e-02
 5430.59   9.1493e-01   1.3271e-02
 5431.63   9.4004e-01   1.3693e-02
 5432.67   8.6747e-01   1.3045e-02
 5433.70   9.7602e-01   1.3478e-02
 5434.74   9.9795e-01   1.3568e-02
 5435.78   1.0558e+00   1.3929e-02
 5436.82   1.0219e+00   1.4017e-02
 5437.85   9.5599e-01   1.3462e-02
 5438.89   8.9628e-01   1.3425e-02
 5439.93   8.2630e-01   1.3004e-02
 5440.97   9.8867e-01   1.3773e-02
 5442.01   9.5546e-01   1.3771e-02
 5443.04   9.9588e-01   1.4059e-02
 5444.08   1.0542e+00   1.4397e-02
 5445.12   1.0425e+00   1.3985e-02
 5446.16   8.6160e-01   1.2739e-02
 5447.19   1.0095e+00   1.3702e-02
 5448.23   9.9212e-01   1.3853e-02
 5449.27   8.3180e-01   1.2995e-02
 5450.31   9.1549e-01   1.3713e-02
 5451.35   8.0789e-01   1.3356e-02
 5452.38   8.6897e-01   1.3504e-02
 5453.42   9.4895e-01   1.3826e-02
 5454.46   8.7009e-01   1.3461e-02
 5455.50   8.1998e-01   1.3314e-02
 5456.53   8.6280e-01   1.3247e-02
 5457.57   9.5849e-01   1.3586e-02
 5458.61   9.9688e-01   1.4341e-02
 5459.65   1.0913e+00   1.4961e-02
 5460.69   9.0234e-01   1.3969e-02
 5461.72   8.7814e-01   1.3773e-02
 5462.76   9.7895e-01   1.3823e-02
 5463.80   9.8291e-01   1.3737e-02
 5464.84   9.7115e-01   1.3805e-02
 5465.87   8.2914e-01   1.3241e-02
 5466.91   8.5019e-01   1.3245e-02
 5467.95   8.9012e-01   1.3534e-02
 5468.99   9.5320e-01   1.3924e-02
 5470.02   1.0114e+00   1.4023e-02
 5471.06   1.1090e+00   1.4567e-02
 5472.10   1.0894e+00   1.4087e-02
 5473.14   9.3626e-01   1.3393e-02
 5474.18   9.4033e-01   1.3571e-02
 5475.21   9.0187e-01   1.3013e-02
 5476.25   9.2860e-01   1.2894e-02
 5477.29   7.9474e-01   1.2187e-02
 5478.33   9.8201e-01   1.3385e-02
 5479.36   1.0523e+00   1.3854e-02
 5480.40   8.3670e-01   1.2811e-02
 5481.44   1.0616e+00   1.4034e-02
 5482.48   9.8293e-01   1.3357e-02
 5483.52   8.7726e-01   1.2970e-02
 5484.55   9.6434e-01   1.3706e-02
 5485.59   9.6722e-01   1.3736e-02
 5486.63   1.0611e+00   1.3911e-02
 5487.67   9.9382e-01   1.3686e-02
 5488.70   9.6369e-01   1.3331e-02
 5489.74   1.0111e+00   1.3772e-02
 5490.78   8.1401e-01   1.2950e-02
 5491.82   8.7463e-01   1.3010e-02
 5492.85   8.7678e-01   1.2982e-02
 5493.89   9.2367e-01   1.3330e-02
 5494.93   1.0841e+00   1.4070e-02
 5495.97   9.4061e-01   1.3393e-02
 5497.01   9.5004e-01   1.3448e-02
 5498.04   1.0408e+00   1.4140e-02
 5499.08   9.1769e-01   1.3653e-02
 5500.12   8.8642e-01   1.3407e-02
 5501.16   9.6980e-01   1.3753e-02
 5502.19   8.7298e-01   1.3175e-02
 5503.23   9.0172e-01   1.3539e-02
 5504.27   9.7367e-01   1.3928e-02
 5505.31   1.0509e+00   1.4211e-02
 5506.35   9.9423e-01   1.3674e-02
 5507.38   9.6049e-01   1.3486e-02
 5508.42   1.0761e+00   1.4231e-02
 5509.46   1.0251e+00   1.4012e-02
 5510.50   9.2404e-01   1.3474e-02
 5511.53   9.9930e-01   1.3853e-02
 5512.57   1.0635e+00   1.4051e-02
 5513.61   9.7393e-01   1.3621e-02
 5514.65   9.7702e-01   1.3840e-02
 5515.69   1.1131e+00   1.4365e-02
 5516.72   1.1061e+00   1.4407e-02
 5517.76   1.1087e+00   1.4625e-02
 5518.80   9.3513e-01   1.3497e-02
 5519.84   9.0273e-01   1.3692e-02
 5520.87   9.2836e-01   1.3727e-02
 5521.91   1.0471e+00   1.4321e-02
 5522.95   9.5362e-01   1.3882e-02
 5523.99   1.0341e+00   1.4099e-02
 5525.02   9.9570e-01   1.3599e-02
 5526.06   9.5454e-01   1.3529e-02
 5527.10   8.6007e-01   1.3248e-02
 5528.14   9.9037e-01   1.3622e-02
 5529.18   1.0396e+00   1.3933e-02
 5530.21   1.0592e+00   1.3884e-02
 5531.25   1.0018e+00   1.3641e-02
 5532.29   1.0763e+00   1.4514e-02
 5533.33   9.7300e-01   1.3706e-02
 5534.36   9.5650e-01   1.3520e-02
 5535.40   1.1904e+00   1.4885e-02
 5536.44   1.0832e+00   1.4135e-02
 5537.48   9.5177e-01   1.3518e-02
 5538.52   9.4599e-01   1.3644e-02
 5539.55   9.8309e-01   1.4202e-02
 5540.59   1.0818e+00   1.5209e-02
 5541.63   1.0545e+00   1.4962e-02
 5542.67   9.3944e-01   1.4230e-02
 5543.70   9.1447e-01   1.4579e-02
 5544.74   1.0858e+00   1.5636e-02
 5545.78   1.0738e+00   1.4818e-02
 5546.82   1.0140e+00   1.4525e-02
 5547.85   1.0093e+00   1.4596e-02
 5548.89   9.6325e-01   1.4087e-02
 5549.93   8.9754e-01   1.4350e-02
 5550.97   1.0930e+00   1.5215e-02
 5552.01   9.4439e-01   1.3769e-02
 5553.04   8.7661e-01   1.3683e-02
 5554.08   1.0594e+00   1.4260e-02
 5555.12   1.1142e+00   1.5028e-02
 5556.16   9.3185e-01   1.3773e-02
 5557.19   1.0005e+00   1.4752e-02
 5558.23   8.8459e-01   1.4106e-02
 5559.27   9.5620e-01   1.4265e-02
 5560.31   9.9167e-01   1.4416e-02
 5561.35   1.0167e+00   1.5136e-02
 5562.38   9.3695e-01   1.4627e-02
 5563.42   1.0798e+00   1.5858e-02
 5564.46   1.1141e+00   1.6270e-02
 5565.50   1.0547e+00   1.5840e-02
 5566.53   1.1039e+00   1.5556e-02
 5567.57   8.4760e-01   1.3942e-02
 5568.61   8.8412e-01   1.4207e-02
 5569.65   9.1906e-01   1.4712e-02
 5570.69   8.9290e-01   1.4910e-02
 5571.72   1.0056e+00   1.5391e-02
 5572.76   8.2317e-01   1.5199e-02
 5573.80   1.0836e+00   2.0988e-02
 5574.84   3.8400e+00   7.3799e-02
 5575.87   1.6833e+00   1.7731e-01
 5576.91   6.8353e-01   2.3867e-01
 5577.95   1.2904e+00   2.0233e-01
 5578.99   1.1302e+00   9.7337e-02
 5580.02   9.6085e-01   2.6471e-02
 5581.06   8.5055e-01   1.4003e-02
 5582.10   8.5265e-01   1.4728e-02
 5583.14   7.5361e-01   1.3649e-02
 5584.18   8.1229e-01   1.3810e-02
 5585.21   1.0013e+00   1.4484e-02
 5586.25   9.3288e-01   1.4333e-02
 5587.29   8.5342e-01   1.3424e-02
 5588.33   7.7118e-01   1.4248e-02
 5589.36   5.9983e-01   1.3232e-02
 5590.40   8.5354e-01   1.3877e-02
 5591.44   8.7612e-01   1.4048e-02
 5592.48   8.5789e-01   1.3909e-02
 5593.52   8.6201e-01   1.3822e-02
 5594.55   8.7125e-01   1.3669e-02
 5595.59   9.5549e-01   1.4375e-02
 5596.63   1.0023e+00   1.4923e-02
 5597.67   9.2717e-01   1.4381e-02
 5598.70   9.0595e-01   1.4303e-02
 5599.74   1.0712e+00   1.4547e-02
 5600.78   8.7971e-01   1.3733e-02
 5601.82   9.1556e-01   1.3889e-02
 5602.86   9.2889e-01   1.4039e-02
 5603.89   1.0097e+00   1.4890e-02
 5604.93   9.1917e-01   1.5421e-02
 5605.97   9.4429e-01   1.5658e-02
 5607.01   9.1506e-01   1.4724e-02
 5608.04   9.5243e-01   1.4695e-02
 5609.08   9.7146e-01   1.4423e-02
 5610.12   9.2352e-01   1.4344e-02
 5611.16   8.9863e-01   1.4435e-02
 5612.19   8.6823e-01   1.4260e-02
 5613.23   9.8926e-01   1.4640e-02
 5614.27   9.4098e-01   1.4122e-02
 5615.31   9.2028e-01   1.3889e-02
 5616.35   1.1297e+00   1.5575e-02
 5617.38   1.0673e+00   1.5441e-02
 5618.42   9.4433e-01   1.4690e-02
 5619.46   9.9475e-01   1.4931e-02
 5620.50   9.6619e-01   1.4735e-02
 5621.53   1.0535e+00   1.5572e-02
 5622.57   1.1956e+00   1.6804e-02
 5623.61   1.0185e+00   1.6607e-02
 5624.65   8.4921e-01   1.5353e-02
 5625.69   9.9398e-01   1.5690e-02
 5626.72   1.0230e+00   1.5655e-02
 5627.76   1.1106e+00   1.6083e-02
 5628.80   9.5249e-01   1.5405e-02
 5629.84   9.9141e-01   1.5696e-02
 5630.87   1.0121e+00   1.5317e-02
 5631.91   1.1171e+00   1.6166e-02
 5632.95   1.1645e+00   1.6784e-02
 5633.99   9.9498e-01   1.5676e-02
 5635.03   1.1281e+00   1.6295e-02
 5636.06   1.0641e+00   1.5822e-02
 5637.10   9.8599e-01   1.5746e-02
 5638.14   8.9909e-01   1.5478e-02
 5639.18   9.1723e-01   1.5398e-02
 5640.21   9.7009e-01   1.5901e-02
 5641.25   1.0906e+00   1.6542e-02
 5642.29   9.2774e-01   1.5721e-02
 5643.33   9.0535e-01   1.5877e-02
 5644.36   8.6646e-01   1.5990e-02
 5645.40   9.1781e-01   1.6187e-02
 5646.44   9.9235e-01   1.6786e-02
 5647.48   1.0119e+00   1.6955e-02
 5648.52   9.8677e-01   1.6669e-02
 5649.55   1.0042e+00   1.6554e-02
 5650.59   1.0147e+00   1.6679e-02
 5651.63   1.1406e+00   1.7205e-02
 5652.67   1.0544e+00   1.6911e-02
 5653.70   8.5848e-01   1.6037e-02
 5654.74   9.2259e-01   1.6313e-02
 5655.78   1.0240e+00   1.6561e-02
 5656.82   1.1195e+00   1.7286e-02
 5657.86   1.2179e+00   1.8073e-02
 5658.89   1.0537e+00   1.7055e-02
 5659.93   9.7414e-01   1.6754e-02
 5660.97   1.0880e+00   1.7586e-02
 5662.01   9.0507e-01   1.6845e-02
 5663.04   8.2662e-01   1.6425e-02
 5664.08   9.3449e-01   1.6925e-02
 5665.12   1.0172e+00   1.7703e-02
 5666.16   1.0746e+00   1.7749e-02
 5667.20   1.0239e+00   1.7679e-02
 5668.23   7.1154e-01   1.6570e-02
 5669.27   9.2329e-01   1.7643e-02
 5670.31   9.5468e-01   1.7964e-02
 5671.35   1.1927e+00   1.9599e-02
 5672.38   1.0862e+00   1.8998e-02
 5673.42   9.9301e-01   1.8222e-02
 5674.46   1.0710e+00   1.8651e-02
 5675.50   1.1947e+00   1.9776e-02
 5676.53   1.1807e+00   2.0151e-02
 5677.57   1.1031e+00   1.9624e-02
 5678.61   1.0129e+00   1.9170e-02
 5679.65   1.0574e+00   1.9490e-02
 5680.69   1.1816e+00   2.0369e-02
 5681.72   1.1503e+00   1.9923e-02
 5682.76   1.0591e+00   1.9592e-02
 5683.80   1.0760e+00   1.9795e-02
 5684.84   9.1852e-01   1.8956e-02
 5685.87   8.8696e-01   1.8777e-02
 5686.91   9.7115e-01   1.9617e-02
 5687.95   9.3902e-01   1.9347e-02
 5688.99   8.4739e-01   1.8877e-02
 5690.03   8.4580e-01   1.9994e-02
 5691.06   9.2494e-01   2.0467e-02
 5692.10   1.1142e+00   2.2070e-02
 5693.14   9.0915e-01   2.0337e-02
 5694.18   7.5560e-01   1.8905e-02
 5695.21   1.0415e+00   2.1528e-02
 5696.25   1.1346e+00   2.2218e-02
 5697.29   1.1199e+00   2.2008e-02
 5698.33   1.0990e+00   2.1681e-02
 5699.37   1.0151e+00   2.1280e-02
 5700.40   1.0286e+00   2.1908e-02
 5701.44   1.1059e+00   2.2027e-02
 5702.48   9.7523e-01   2.0835e-02
 5703.52   8.8295e-01   2.0550e-02
 5704.55   9.5509e-01   2.1834e-02
 5705.59   9.0008e-01   2.1898e-02
 5706.63   9.8311e-01   2.2142e-02
 5707.67   1.1507e+00   2.3184e-02
 5708.70   9.4832e-01   2.1933e-02
 5709.74   8.4455e-01   2.1026e-02
 5710.78   8.3222e-01   2.0609e-02
 5711.82   8.9666e-01   2.1522e-02
 5712.86   9.4401e-01   2.2066e-02
 5713.89   9.5975e-01   2.2420e-02
 5714.93   9.2716e-01   2.2351e-02
 5715.97   1.0293e+00   2.3423e-02
 5717.01   9.9351e-01   2.2823e-02
 5718.04   9.0173e-01   2.2896e-02
 5719.08   8.0844e-01   2.2690e-02
 5720.12   7.5658e-01   2.2239e-02
 5721.16   1.1533e+00   2.5603e-02
 5722.20   1.0097e+00   2.4711e-02
 5723.23   9.6482e-01   2.4253e-02
 5724.27   9.8474e-01   2.5293e-02
 5725.31   7.7315e-01   2.3279e-02
 5726.35   8.1802e-01   2.3809e-02
 5727.38   1.0098e+00   2.5568e-02
 5728.42   1.0591e+00   2.5989e-02
 5729.46   7.3755e-01   2.3222e-02
 5730.50   7.8946e-01   2.4545e-02
 5731.54   1.1655e+00   2.7971e-02
 5732.57   8.1768e-01   2.4381e-02
 5733.61   7.8395e-01   2.4099e-02
 5734.65   8.1627e-01   2.5324e-02
 5735.69   8.1968e-01   2.5565e-02
 5736.72   8.8801e-01   2.6584e-02
 5737.76   8.4831e-01   2.6552e-02
 5738.80   8.5696e-01   2.6611e-02
 5739.84   1.0403e+00   2.7443e-02
 5740.87   8.9266e-01   2.6526e-02
 5741.91   8.5131e-01   2.6096e-02
 5742.95   9.4266e-01   2.5744e-02
 5743.99   9.5179e-01   2.5015e-02
 5745.03   8.7044e-01   2.3893e-02
 5746.06   8.3154e-01   2.2619e-02
 5747.10   7.7825e-01   2.0896e-02
 5748.14   7.5500e-01   1.9730e-02
 5749.18   8.4212e-01   2.0583e-02
 5750.21   9.3278e-01   2.1682e-02
 5751.25   9.2467e-01   2.1554e-02
 5752.29   8.2379e-01   2.1045e-02
 5753.33   7.5635e-01   2.0844e-02
 5754.37   8.0873e-01   2.1209e-02
 5755.40   7.9319e-01   2.0495e-02
 5756.44   7.2706e-01   1.9782e-02
 5757.48   7.9854e-01   2.1165e-02
 5758.52   9.2131e-01   2.2830e-02
 5759.55   9.6501e-01   2.2970e-02
 5760.59   8.4642e-01   2.1417e-02
 5761.63   7.4615e-01   1.9866e-02
 5762.67   7.7681e-01   1.9634e-02
 5763.71   7.3629e-01   1.9306e-02
 5764.74   7.3601e-01   1.9526e-02
 5765.78   8.9161e-01   2.0839e-02
 5766.82   1.0198e+00   2.2169e-02
 5767.86   1.0146e+00   2.2352e-02
 5768.89   9.1655e-01   2.1247e-02
 5769.93   8.4164e-01   2.0301e-02
 5770.97   8.5289e-01   2.0238e-02
 5772.01   8.6529e-01   2.0088e-02
 5773.04   8.2623e-01   1.9628e-02
 5774.08   8.4269e-01   1.9554e-02
 5775.12   9.9924e-01   2.0535e-02
 5776.16   1.1245e+00   2.1496e-02
 5777.20   1.0503e+00   2.1147e-02
 5778.23   9.3607e-01   2.0332e-02
 5779.27   8.7565e-01   1.9490e-02
 5780.31   8.5545e-01   1.8594e-02
 5781.35   8.3243e-01   1.8237e-02
 5782.38   7.7538e-01   1.8173e-02
 5783.42   6.8177e-01   1.7275e-02
 5784.46   7.2137e-01   1.7228e-02
 5785.50   9.2649e-01   1.8814e-02
 5786.54   8.8253e-01   1.8678e-02
 5787.57   7.5684e-01   1.7748e-02
 5788.61   8.9829e-01   1.8484e-02
 5789.65   9.4345e-01   1.8456e-02
 5790.69   8.4002e-01   1.7530e-02
 5791.72   8.8434e-01   1.7849e-02
 5792.76   9.4218e-01   1.8430e-02
 5793.80   9.0064e-01   1.8246e-02
 5794.84   8.2302e-01   1.7519e-02
 5795.88   8.0524e-01   1.7207e-02
 5796.91   8.9531e-01   1.7857e-02
 5797.95   9.9404e-01   1.8274e-02
 5798.99   1.0236e+00   1.7938e-02
 5800.03   1.0073e+00   1.7401e-02
 5801.06   9.5104e-01   1.7100e-02
 5802.10   9.2491e-01   1.7292e-02
 5803.14   1.0061e+00   1.7814e-02
 5804.18   1.0129e+00   1.7834e-02
 5805.21   8.9665e-01   1.7275e-02
 5806.25   9.2662e-01   1.7378e-02
 5807.29   1.0206e+00   1.7755e-02
 5808.33   1.0072e+00   1.7568e-02
 5809.37   9.4015e-01   1.6937e-02
 5810.40   9.2397e-01   1.6555e-02
 5811.44   1.0263e+00   1.7035e-02
 5812.48   9.6106e-01   1.6674e-02
 5813.52   7.7325e-01   1.5493e-02
 5814.55   8.4488e-01   1.5591e-02
 5815.59   9.9825e-01   1.6214e-02
 5816.63   9.9557e-01   1.6177e-02
 5817.67   9.3137e-01   1.5671e-02
 5818.71   9.0700e-01   1.5452e-02
 5819.74   9.6284e-01   1.6024e-02
 5820.78   1.0289e+00   1.6437e-02
 5821.82   1.0445e+00   1.6318e-02
 5822.86   1.0330e+00   1.6204e-02
 5823.89   9.7309e-01   1.5969e-02
 5824.93   8.9934e-01   1.5683e-02
 5825.97   8.9896e-01   1.5738e-02
 5827.01   9.1851e-01   1.5670e-02
 5828.04   8.9038e-01   1.5140e-02
 5829.08   8.5313e-01   1.4669e-02
 5830.12   8.1832e-01   1.4299e-02
 5831.16   7.9790e-01   1.3929e-02
 5832.20   8.3138e-01   1.4225e-02
 5833.23   8.9388e-01   1.4922e-02
 5834.27   9.2513e-01   1.5198e-02
 5835.31   9.4682e-01   1.5098e-02
 5836.35   9.7932e-01   1.4947e-02
 5837.38   1.0011e+00   1.4982e-02
 5838.42   9.5442e-01   1.4720e-02
 5839.46   8.6581e-01   1.4062e-02
 5840.50   9.2896e-01   1.4171e-02
 5841.54   1.0351e+00   1.4647e-02
 5842.57   1.0045e+00   1.4611e-02
 5843.61   9.9172e-01   1.4229e-02
 5844.65   9.9815e-01   1.3701e-02
 5845.69   9.3948e-01   1.3366e-02
 5846.72   8.8637e-01   1.3498e-02
 5847.76   8.9899e-01   1.3860e-02
 5848.80   9.5960e-01   1.3903e-02
 5849.84   9.1313e-01   1.3343e-02
 5850.88   7.1757e-01   1.2555e-02
 5851.91   7.5160e-01   1.2844e-02
 5852.95   9.3246e-01   1.3550e-02
 5853.99   9.3009e-01   1.3222e-02
 5855.03   8.3529e-01   1.2394e-02
 5856.06   7.8376e-01   1.1962e-02
 5857.10   8.6438e-01   1.2351e-02
 5858.14   9.5313e-01   1.3040e-02
 5859.18   9.3536e-01   1.3277e-02
 5860.21   8.8463e-01   1.3024e-02
 5861.25   8.5275e-01   1.2629e-02
 5862.29   8.7611e-01   1.2684e-02
 5863.33   8.9013e-01   1.3031e-02
 5864.37   9.1429e-01   1.3787e-02
 5865.40   1.0263e+00   1.5010e-02
 5866.44   1.0354e+00   1.5448e-02
 5867.48   9.1379e-01   1.4832e-02
 5868.52   8.9125e-01   1.4351e-02
 5869.55   9.3544e-01   1.4085e-02
 5870.59   9.2845e-01   1.3623e-02
 5871.63   8.3047e-01   1.2745e-02
 5872.67   7.6778e-01   1.2078e-02
 5873.71   8.6176e-01   1.2267e-02
 5874.74   9.1887e-01   1.2388e-02
 5875.78   8.6082e-01   1.1939e-02
 5876.82   7.6863e-01   1.1260e-02
 5877.86   8.1904e-01   1.1510e-02
 5878.89   9.6636e-01   1.2436e-02
 5879.93   8.5804e-01   1.1946e-02
 5880.97   7.1306e-01   1.0982e-02
 5882.01   8.0229e-01   1.1199e-02
 5883.04   9.0929e-01   1.1638e-02
 5884.08   9.4247e-01   1.2406e-02
 5885.12   9.2159e-01   1.3908e-02
 5886.16   9.3835e-01   1.7143e-02
 5887.20   1.0082e+00   2.2258e-02
 5888.23   1.0501e+00   2.7356e-02
 5889.27   1.0228e+00   3.0265e-02
 5890.31   9.4690e-01   3.0119e-02
 5891.35   8.7200e-01   2.7539e-02
 5892.38   8.4509e-01   2.4239e-02
 5893.42   8.7026e-01   2.1758e-02
 5894.46   8.7005e-01   2.1016e-02
 5895.50   8.4097e-01   2.1074e-02
 5896.54   8.4945e-01   2.0617e-02
 5897.57   8.7553e-01   1.8675e-02
 5898.61   9.0400e-01   1.5550e-02
 5899.65   9.1689e-01   1.2998e-02
 5900.69   8.7776e-01   1.1516e-02
 5901.72   8.2922e-01   1.0877e-02
 5902.76   8.7419e-01   1.1202e-02
 5903.80   9.2461e-01   1.1612e-02
 5904.84   8.7304e-01   1.1598e-02
 5905.88   8.4193e-01   1.1378e-02
 5906.91   8.8051e-01   1.1260e-02
 5907.95   9.3911e-01   1.1374e-02
 5908.99   9.2519e-01   1.1270e-02
 5910.03   8.6106e-01   1.0974e-02
 5911.06   8.3799e-01   1.1010e-02
 5912.10   8.8053e-01   1.1349e-02
 5913.14   9.3879e-01   1.1751e-02
 5914.18   9.4335e-01   1.2335e-02
 5915.21   9.2335e-01   1.2710e-02
 5916.25   9.4857e-01   1.2518e-02
 5917.29   9.6318e-01   1.2058e-02
 5918.33   9.5225e-01   1.1544e-02
 5919.37   9.4530e-01   1.0940e-02
 5920.40   9.0832e-01   1.0534e-02
 5921.44   8.5492e-01   1.0452e-02
 5922.48   8.6628e-01   1.0672e-02
 5923.52   8.9109e-01   1.0871e-02
 5924.55   8.6103e-01   1.0806e-02
 5925.59   8.7652e-01   1.0787e-02
 5926.63   8.7350e-01   1.0594e-02
 5927.67   7.6342e-01   1.0010e-02
 5928.71   6.6124e-01   9.6813e-03
 5929.74   6.4685e-01   1.0037e-02
 5930.78   6.8533e-01   1.0790e-02
 5931.82   7.3989e-01   1.1478e-02
 5932.86   7.5939e-01   1.1695e-02
 5933.89   7.6746e-01   1.1725e-02
 5934.93   7.5473e-01   1.1316e-02
 5935.97   7.2623e-01   1.0446e-02
 5937.01   7.4603e-01   9.8663e-03
 5938.05   8.1869e-01   9.8012e-03
 5939.08   8.7883e-01   9.8999e-03
 5940.12   8.6506e-01   9.8565e-03
 5941.16   8.0746e-01   9.6612e-03
 5942.20   8.0465e-01   9.6916e-03
 5943.23   8.3957e-01   9.9208e-03
 5944.27   8.6013e-01   1.0112e-02
 5945.31   8.6924e-01   1.0035e-02
 5946.35   8.4219e-01   9.8100e-03
 5947.38   7.8403e-01   9.7436e-03
 5948.42   7.4622e-01   9.5486e-03
 5949.46   7.6603e-01   9.5620e-03
 5950.50   8.7419e-01   1.0308e-02
 5951.54   9.5233e-01   1.1206e-02
 5952.57   9.4334e-01   1.1663e-02
 5953.61   9.1886e-01   1.1665e-02
 5954.65   9.2113e-01   1.1396e-02
 5955.69   9.3772e-01   1.1048e-02
 5956.72   8.7536e-01   1.0177e-02
 5957.76   8.1802e-01   9.4797e-03
 5958.80   8.6974e-01   9.6595e-03
 5959.84   9.1944e-01   1.0027e-02
 5960.88   9.2053e-01   1.0097e-02
 5961.91   9.1916e-01   1.0096e-02
 5962.95   9.2579e-01   9.9172e-03
 5963.99   9.3610e-01   9.6662e-03
 5965.03   8.9727e-01   9.4875e-03
 5966.06   8.7600e-01   9.5289e-03
 5967.10   9.2068e-01   9.7413e-03
 5968.14   9.6399e-01   1.0109e-02
 5969.18   9.5038e-01   1.0214e-02
 5970.22   8.9495e-01   9.8422e-03
 5971.25   8.1761e-01   9.3851e-03
 5972.29   7.7947e-01   9.3188e-03
 5973.33   8.2929e-01   9.7761e-03
 5974.37   8.2283e-01   9.8128e-03
 5975.40   7.4294e-01   9.3210e-03
 5976.44   8.0336e-01   9.7250e-03
 5977.48   8.9267e-01   1.0357e-02
 5978.52   8.5632e-01   1.0127e-02
 5979.55   8.3879e-01   9.7185e-03
 5980.59   8.8393e-01   9.5027e-03
 5981.63   9.3611e-01   9.4351e-03
 5982.67   9.7362e-01   9.4282e-03
 5983.71   9.8675e-01   9.3924e-03
 5984.74   9.6611e-01   9.3850e-03
 5985.78   9.5265e-01   9.4005e-03
 5986.82   9.7629e-01   9.4407e-03
 5987.86   1.0180e+00   9.4889e-03
 5988.89   1.0510e+00   9.5717e-03
 5989.93   1.0603e+00   9.6874e-03
 5990.97   1.0474e+00   9.7654e-03
 5992.01   1.0210e+00   9.7026e-03
 5993.05   9.7546e-01   9.4802e-03
 5994.08   9.1037e-01   9.1499e-03
 5995.12   8.6289e-01   8.9579e-03
 5996.16   8.8007e-01   9.1445e-03
 5997.20   9.0997e-01   9.3496e-03
 5998.23   8.9804e-01   9.2287e-03
 5999.27   8.9111e-01   9.0318e-03
 6000.31   8.9405e-01   8.9607e-03
 6001.35   8.9124e-01   9.0643e-03
 6002.39   8.8853e-01   9.1363e-03
 6003.42   9.2559e-01   9.2485e-03
 6004.46   1.0333e+00   9.7234e-03
 6005.50   1.0512e+00   9.7754e-03
 6006.54   9.5107e-01   9.2423e-03
 6007.57   9.0891e-01   9.0093e-03
 6008.61   9.4646e-01   9.1569e-03
 6009.65   1.0038e+00   9.3248e-03
 6010.69   9.1189e-01   8.8088e-03
 6011.72   8.2170e-01   8.2873e-03
 6012.76   9.6493e-01   8.7778e-03
 6013.80   1.0820e+00   9.3513e-03
 6014.84   1.0353e+00   9.2870e-03
 6015.88   9.5015e-01   8.7943e-03
 6016.91   9.2443e-01   8.5471e-03
 6017.95   9.9173e-01   8.8693e-03
 6018.99   9.7672e-01   8.8299e-03
 6020.03   9.4517e-01   8.7734e-03
 6021.06   9.9865e-01   9.1542e-03
 6022.10   1.0334e+00   9.3059e-03
 6023.14   1.0258e+00   9.0627e-03
 6024.18   1.0210e+00   8.7520e-03
 6025.22   1.0330e+00   8.7275e-03
 6026.25   1.0205e+00   8.8811e-03
 6027.29   8.9878e-01   8.6131e-03
 6028.33   8.5892e-01   8.5232e-03
 6029.37   9.8909e-01   8.9913e-03
 6030.40   1.0691e+00   9.3178e-03
 6031.44   1.0564e+00   9.3108e-03
 6032.48   1.0258e+00   9.1673e-03
 6033.52   1.0427e+00   9.1745e-03
 6034.56   1.0900e+00   9.2643e-03
 6035.59   1.0464e+00   9.0132e-03
 6036.63   9.6511e-01   8.6308e-03
 6037.67   9.2263e-01   8.4610e-03
 6038.71   8.7498e-01   8.5182e-03
 6039.74   8.9318e-01   8.6161e-03
 6040.78   9.6310e-01   8.9326e-03
 6041.82   8.8250e-01   9.0810e-03
 6042.86   7.2848e-01   1.1184e-02
 6043.89   6.9601e-01   1.5873e-02
 6044.93   7.3740e-01   1.9193e-02
 6045.97   7.9896e-01   1.8296e-02
 6047.01   8.8776e-01   1.4396e-02
 6048.05   9.0795e-01   1.0418e-02
 6049.08   8.8504e-01   8.7241e-03
 6050.12   9.5051e-01   8.4842e-03
 6051.16   1.0082e+00   8.6979e-03
 6052.20   9.6293e-01   8.5587e-03
 6053.23   9.4073e-01   8.5914e-03
 6054.27   9.7984e-01   8.7182e-03
 6055.31   1.0225e+00   8.7024e-03
 6056.35   1.0799e+00   8.7816e-03
 6057.39   1.1031e+00   8.9058e-03
 6058.42   1.0293e+00   8.7601e-03
 6059.46   9.8824e-01   8.6612e-03
 6060.50   1.0512e+00   8.7863e-03
 6061.54   1.0819e+00   8.7441e-03
 6062.57   1.0710e+00   8.6256e-03
 6063.61   1.0662e+00   8.6469e-03
 6064.65   1.0470e+00   8.7016e-03
 6065.69   1.0235e+00   8.7366e-03
 6066.73   1.0138e+00   8.7731e-03
 6067.76   9.9051e-01   8.6193e-03
 6068.80   9.6742e-01   8.4001e-03
 6069.84   9.9682e-01   8.4692e-03
 6070.88   1.0599e+00   8.6971e-03
 6071.91   1.1202e+00   8.8555e-03
 6072.95   1.1589e+00   8.9438e-03
 6073.99   1.1546e+00   8.8746e-03
 6075.03   1.1259e+00   8.6915e-03
 6076.06   1.0787e+00   8.5018e-03
 6077.10   1.0640e+00   8.4294e-03
 6078.14   1.0866e+00   8.4080e-03
 6079.18   1.1106e+00   8.4636e-03
 6080.22   1.1067e+00   8.4957e-03
 6081.25   1.0872e+00   8.3460e-03
 6082.29   1.0812e+00   8.2006e-03
 6083.33   1.0999e+00   8.2494e-03
 6084.37   1.1056e+00   8.3236e-03
 6085.40   1.0950e+00   8.3867e-03
 6086.44   1.0883e+00   8.4977e-03
 6087.48   1.1350e+00   8.4003e-03
 6088.52   1.1681e+00   8.4020e-03
 6089.56   1.0551e+00   8.3845e-03
 6090.59   1.0005e+00   8.1723e-03
 6091.63   1.0255e+00   8.3931e-03
 6092.67   1.0668e+00   8.5574e-03
 6093.71   1.0869e+00   8.6092e-03
 6094.74   1.0782e+00   8.6262e-03
 6095.78   1.0502e+00   8.4434e-03
 6096.82   1.0358e+00   8.3857e-03
 6097.86   1.0510e+00   8.2287e-03
 6098.90   1.0554e+00   8.2253e-03
 6099.93   1.0556e+00   8.3862e-03
 6100.97   1.0903e+00   8.4737e-03
 6102.01   1.1404e+00   8.5268e-03
 6103.05   1.1498e+00   8.5161e-03
 6104.08   1.0479e+00   8.1397e-03
 6105.12   9.5914e-01   7.7839e-03
 6106.16   9.9773e-01   7.8364e-03
 6107.20   1.0384e+00   8.0511e-03
 6108.23   1.0195e+00   8.1275e-03
 6109.27   9.8832e-01   7.9921e-03
 6110.31   9.3938e-01   7.8159e-03
 6111.35   8.9775e-01   7.7209e-03
 6112.39   9.1661e-01   7.6828e-03
 6113.42   9.5876e-01   7.6984e-03
 6114.46   9.5925e-01   7.7295e-03
 6115.50   9.9852e-01   8.0754e-03
 6116.54   1.0390e+00   8.3317e-03
 6117.57   1.0057e+00   8.0485e-03
 6118.61   9.6927e-01   7.8282e-03
 6119.65   9.7388e-01   7.8751e-03
 6120.69   9.8272e-01   7.8155e-03
 6121.73   1.0009e+00   7.7429e-03
 6122.76   1.0504e+00   7.8425e-03
 6123.80   1.1530e+00   8.2537e-03
 6124.84   1.1974e+00   8.5012e-03
 6125.88   1.1257e+00   8.2702e-03
 6126.91   1.0556e+00   8.0245e-03
 6127.95   1.0363e+00   7.9061e-03
 6128.99   1.0279e+00   7.7713e-03
 6130.03   1.0557e+00   7.7648e-03
 6131.06   1.0729e+00   7.7905e-03
 6132.10   1.0252e+00   7.7029e-03
 6133.14   1.0077e+00   7.7453e-03
 6134.18   1.0472e+00   7.9764e-03
 6135.22   1.0871e+00   8.2733e-03
 6136.25   1.0859e+00   8.3183e-03
 6137.29   1.0453e+00   8.0681e-03
 6138.33   1.0447e+00   8.1001e-03
 6139.37   1.0601e+00   8.3261e-03
 6140.40   1.0306e+00   8.2737e-03
 6141.44   1.0316e+00   8.2919e-03
 6142.48   1.0716e+00   8.3957e-03
 6143.52   1.0492e+00   8.1137e-03
 6144.56   1.0060e+00   7.9402e-03
 6145.59   1.0082e+00   8.2049e-03
 6146.63   1.0484e+00   8.5490e-03
 6147.67   1.0997e+00   8.6328e-03
 6148.71   1.1207e+00   8.3687e-03
 6149.74   1.0986e+00   8.0755e-03
 6150.78   1.0660e+00   7.9013e-03
 6151.82   1.0535e+00   7.7144e-03
 6152.86   1.0578e+00   7.6789e-03
 6153.90   1.0460e+00   7.7217e-03
 6154.93   9.9930e-01   7.6584e-03
 6155.97   9.4934e-01   7.4883e-03
 6157.01   9.3504e-01   7.3427e-03
 6158.05   1.0024e+00   7.4619e-03
 6159.08   1.0600e+00   7.6024e-03
 6160.12   1.0224e+00   7.4753e-03
 6161.16   9.8798e-01   7.3496e-03
 6162.20   9.8940e-01   7.3393e-03
 6163.23   9.7286e-01   7.3447e-03
 6164.27   1.0062e+00   7.4291e-03
 6165.31   1.0694e+00   7.5534e-03
 6166.35   1.0352e+00   7.5069e-03
 6167.39   1.0005e+00   7.6321e-03
 6168.42   1.0559e+00   8.0941e-03
 6169.46   1.0899e+00   8.3937e-03
 6170.50   1.0655e+00   8.4105e-03
 6171.54   1.0421e+00   8.3932e-03
 6172.57   1.0114e+00   8.1944e-03
 6173.61   9.9276e-01   7.9377e-03
 6174.65   1.0264e+00   7.9168e-03
 6175.69   1.0473e+00   7.9349e-03
 6176.73   1.0289e+00   7.8321e-03
 6177.76   1.0251e+00   7.7763e-03
 6178.80   1.0348e+00   7.7835e-03
 6179.84   1.0429e+00   7.8156e-03
 6180.88   1.0681e+00   7.9126e-03
 6181.91   1.0939e+00   7.9548e-03
 6182.95   1.0891e+00   7.8270e-03
 6183.99   1.0871e+00   7.7269e-03
 6185.03   1.0796e+00   7.7083e-03
 6186.06   1.0145e+00   7.6096e-03
 6187.10   9.7473e-01   7.5232e-03
 6188.14   9.9824e-01   7.5017e-03
 6189.18   9.8035e-01   7.3995e-03
 6190.22   9.6425e-01   7.3723e-03
 6191.25   1.0046e+00   7.5143e-03
 6192.29   1.0219e+00   7.5301e-03
 6193.33   1.0048e+00   7.4373e-03
 6194.37   1.0011e+00   7.4754e-03
 6195.40   1.0091e+00   7.5568e-03
 6196.44   1.0222e+00   7.5995e-03
 6197.48   1.0292e+00   7.6047e-03
 6198.52   1.0440e+00   7.6295e-03
 6199.56   1.0616e+00   7.7363e-03
 6200.59   1.0444e+00   7.9599e-03
 6201.63   9.9448e-01   8.0975e-03
 6202.67   9.3916e-01   7.9614e-03
 6203.71   9.5575e-01   8.0475e-03
 6204.74   1.0455e+00   8.3073e-03
 6205.78   1.0876e+00   8.1369e-03
 6206.82   1.0569e+00   7.8132e-03
 6207.86   9.8835e-01   7.5704e-03
 6208.90   9.8046e-01   7.3632e-03
 6209.93   1.0241e+00   7.4017e-03
 6210.97   1.0602e+00   7.6727e-03
 6212.01   1.0794e+00   7.8183e-03
 6213.05   1.0819e+00   7.8048e-03
 6214.08   1.0878e+00   7.8571e-03
 6215.12   1.0612e+00   7.7666e-03
 6216.16   1.0215e+00   7.5730e-03
 6217.20   1.0141e+00   7.4539e-03
 6218.23   1.0494e+00   7.6171e-03
 6219.27   1.0976e+00   8.0255e-03
 6220.31   1.1234e+00   8.4065e-03
 6221.35   1.1375e+00   8.6181e-03
 6222.39   1.1589e+00   8.6415e-03
 6223.42   1.1219e+00   8.3890e-03
 6224.46   1.0642e+00   8.0287e-03
 6225.50   1.0609e+00   7.7838e-03
 6226.54   1.0827e+00   7.6560e-03
 6227.57   1.0784e+00   7.5272e-03
 6228.61   1.0331e+00   7.3284e-03
 6229.65   9.8665e-01   7.2925e-03
 6230.69   9.8726e-01   7.6725e-03
 6231.73   1.0443e+00   8.3473e-03
 6232.76   1.0710e+00   9.1619e-03
 6233.80   1.0169e+00   9.8972e-03
 6234.84   9.8737e-01   1.0523e-02
 6235.88   1.0074e+00   1.0841e-02
 6236.91   1.0216e+00   1.0629e-02
 6237.95   1.0458e+00   1.0170e-02
 6238.99   1.0598e+00   9.6316e-03
 6240.03   1.0064e+00   8.8330e-03
 6241.07   9.9427e-01   8.3664e-03
 6242.10   1.0852e+00   8.4518e-03
 6243.14   1.1341e+00   8.5638e-03
 6244.18   1.0987e+00   8.3648e-03
 6245.22   1.0221e+00   7.9439e-03
 6246.25   1.0252e+00   7.7048e-03
 6247.29   1.1054e+00   7.7480e-03
 6248.33   1.1809e+00   7.9124e-03
 6249.37   1.1687e+00   7.8241e-03
 6250.40   1.0905e+00   7.4705e-03
 6251.44   1.0570e+00   7.2920e-03
 6252.48   1.0715e+00   7.4043e-03
 6253.52   1.0780e+00   7.7483e-03
 6254.56   1.0592e+00   8.2906e-03
 6255.59   1.0299e+00   8.9715e-03
 6256.63   1.0286e+00   9.6158e-03
 6257.67   1.0729e+00   1.0161e-02
 6258.71   1.0958e+00   1.0258e-02
 6259.74   1.0198e+00   9.5629e-03
 6260.78   9.7933e-01   8.7668e-03
 6261.82   1.0733e+00   8.5279e-03
 6262.86   1.1537e+00   8.5726e-03
 6263.90   1.1515e+00   8.6384e-03
 6264.93   1.1107e+00   8.6002e-03
 6265.97   1.0706e+00   8.5827e-03
 6267.01   1.0588e+00   8.4714e-03
 6268.05   1.0674e+00   8.1859e-03
 6269.08   1.0643e+00   7.7461e-03
 6270.12   1.0220e+00   7.2913e-03
 6271.16   9.7841e-01   7.0409e-03
 6272.20   9.9271e-01   7.1465e-03
 6273.24   1.0520e+00   7.4127e-03
 6274.27   1.0997e+00   7.5447e-03
 6275.31   1.0996e+00   7.5389e-03
 6276.35   1.0413e+00   7.5100e-03
 6277.39   1.0089e+00   7.4041e-03
 6278.42   9.9643e-01   7.1866e-03
 6279.46   9.1788e-01   6.8445e-03
 6280.50   9.4848e-01   6.8293e-03
 6281.54   1.0645e+00   7.1072e-03
 6282.58   1.0461e+00   7.0379e-03
 6283.61   9.9791e-01   7.2383e-03
 6284.65   1.0424e+00   8.1498e-03
 6285.69   1.0155e+00   8.9458e-03
 6286.73   9.7718e-01   9.3541e-03
 6287.76   1.0290e+00   9.4716e-03
 6288.80   1.0840e+00   9.1748e-03
 6289.84   1.0963e+00   8.6379e-03
 6290.88   1.0932e+00   8.1487e-03
 6291.91   1.1020e+00   7.8136e-03
 6292.95   1.1230e+00   7.7761e-03
 6293.99   1.1044e+00   7.8036e-03
 6295.03   1.0966e+00   8.7312e-03
 6296.07   1.1280e+00   1.3423e-02
 6297.10   1.1125e+00   2.5160e-02
 6298.14   1.0693e+00   4.2159e-02
 6299.18   1.0823e+00   5.6337e-02
 6300.22   9.5992e-01   6.2980e-02
 6301.25   8.6082e-01   5.9524e-02
 6302.29   1.1406e+00   4.7410e-02
 6303.33   1.3280e+00   3.4078e-02
 6304.37   1.1921e+00   2.6313e-02
 6305.41   1.1819e+00   1.9673e-02
 6306.44   1.1634e+00   1.7653e-02
 6307.48   1.1492e+00   1.6414e-02
 6308.52   1.1532e+00   1.6079e-02
 6309.56   1.1623e+00   1.2653e-02
 6310.59   1.0806e+00   3.8543e-03
 6311.63   1.0707e+00   8.1724e-03
 6312.67   1.1179e+00   7.3627e-03
 6313.71   1.0887e+00   7.4278e-03
 6314.75   1.0166e+00   6.9038e-03
 6315.78   9.7316e-01   6.6455e-03
 6316.82   9.3766e-01   6.4757e-03
 6317.86   9.5570e-01   6.6590e-03
 6318.90   1.0310e+00   7.2147e-03
 6319.93   1.0451e+00   7.5459e-03
 6320.97   9.9127e-01   7.5317e-03
 6322.01   9.6284e-01   7.5304e-03
 6323.05   1.0140e+00   7.5883e-03
 6324.08   1.0964e+00   7.6312e-03
 6325.12   1.0870e+00   7.3917e-03
 6326.16   1.0364e+00   7.4166e-03
 6327.20   1.0212e+00   8.0164e-03
 6328.24   9.9093e-01   8.6201e-03
 6329.27   9.4868e-01   8.9538e-03
 6330.31   9.2926e-01   9.0418e-03
 6331.35   9.7794e-01   8.8331e-03
 6332.39   1.0545e+00   8.3310e-03
 6333.42   1.0754e+00   7.6087e-03
 6334.46   1.0586e+00   7.0463e-03
 6335.50   1.0259e+00   6.7555e-03
 6336.54   9.9176e-01   6.6221e-03
 6337.58   9.8812e-01   6.6029e-03
 6338.61   1.0254e+00   6.7046e-03
 6339.65   1.0439e+00   6.8470e-03
 6340.69   1.0318e+00   6.9510e-03
 6341.73   1.0238e+00   7.0324e-03
 6342.76   1.0020e+00   6.8813e-03
 6343.80   9.9797e-01   6.7601e-03
 6344.84   1.0932e+00   7.1817e-03
 6345.88   1.1401e+00   7.4536e-03
 6346.92   1.0746e+00   7.2435e-03
 6347.95   1.0609e+00   7.3012e-03
 6348.99   1.0514e+00   7.4440e-03
 6350.03   9.8904e-01   7.3428e-03
 6351.07   1.0228e+00   7.3179e-03
 6352.10   1.1046e+00   7.4047e-03
 6353.14   1.0954e+00   7.4262e-03
 6354.18   1.1026e+00   7.8323e-03
 6355.22   1.1581e+00   8.4970e-03
 6356.25   1.1510e+00   8.7910e-03
 6357.29   1.1313e+00   8.4863e-03
 6358.33   1.1394e+00   8.4420e-03
 6359.37   1.1297e+00   9.1366e-03
 6360.41   1.1000e+00   1.1890e-02
 6361.44   1.0679e+00   1.6384e-02
 6362.48   1.0953e+00   2.1209e-02
 6363.52   1.1316e+00   2.4186e-02
 6364.56   1.0895e+00   2.4124e-02
 6365.59   1.0306e+00   2.0608e-02
 6366.63   1.0350e+00   1.5371e-02
 6367.67   1.1114e+00   1.0787e-02
 6368.71   1.1472e+00   8.1469e-03
 6369.75   1.0750e+00   6.8490e-03
 6370.78   9.8744e-01   6.5498e-03
 6371.82   9.8530e-01   6.5914e-03
 6372.86   1.0746e+00   6.9686e-03
 6373.90   1.1371e+00   7.1718e-03
 6374.93   1.1090e+00   7.0082e-03
 6375.97   1.0364e+00   6.7196e-03
 6377.01   9.8973e-01   6.6150e-03
 6378.05   1.0157e+00   6.8274e-03
 6379.08   1.0814e+00   7.1564e-03
 6380.12   1.1166e+00   7.3103e-03
 6381.16   1.0969e+00   7.2378e-03
 6382.20   1.1206e+00   7.2532e-03
 6383.24   1.1602e+00   7.4029e-03
 6384.27   1.1294e+00   7.4666e-03
 6385.31   1.0695e+00   7.5163e-03
 6386.35   1.0131e+00   7.4556e-03
 6387.39   9.6318e-01   7.1909e-03
 6388.42   9.5991e-01   6.9421e-03
 6389.46   9.9743e-01   6.8542e-03
 6390.50   1.0246e+00   6.8502e-03
 6391.54   1.0401e+00   6.8301e-03
 6392.58   1.0644e+00   6.7526e-03
 6393.61   1.0685e+00   6.7196e-03
 6394.65   1.0485e+00   6.6872e-03
 6395.69   1.0405e+00   6.6229e-03
 6396.73   1.0548e+00   6.6363e-03
 6397.76   1.0753e+00   6.7003e-03
 6398.80   1.0556e+00   6.6280e-03
 6399.84   1.0539e+00   6.5786e-03
 6400.88   1.1024e+00   6.6729e-03
 6401.92   1.1134e+00   6.7487e-03
 6402.95   1.0960e+00   6.7146e-03
 6403.99   1.1003e+00   6.6091e-03
 6405.03   1.0804e+00   6.5735e-03
 6406.07   1.0371e+00   6.5650e-03
 6407.10   1.0178e+00   6.4519e-03
 6408.14   1.0086e+00   6.3875e-03
 6409.18   9.8452e-01   6.3644e-03
 6410.22   9.7181e-01   6.2604e-03
 6411.25   9.5611e-01   6.1848e-03
 6412.29   9.5259e-01   6.2797e-03
 6413.33   9.5937e-01   6.2915e-03
 6414.37   9.8975e-01   6.3784e-03
 6415.41   1.0277e+00   6.6744e-03
 6416.44   9.9896e-01   6.6850e-03
 6417.48   9.3041e-01   6.4072e-03
 6418.52   9.1721e-01   6.2587e-03
 6419.56   9.7772e-01   6.4311e-03
 6420.59   1.0440e+00   6.6998e-03
 6421.63   1.0124e+00   6.5686e-03
 6422.67   9.7562e-01   6.3473e-03
 6423.71   1.0225e+00   6.4292e-03
 6424.75   1.0582e+00   6.5041e-03
 6425.78   1.0574e+00   6.5337e-03
 6426.82   1.0431e+00   6.6024e-03
 6427.86   1.0503e+00   6.6037e-03
 6428.90   1.0613e+00   6.4805e-03
 6429.93   1.0212e+00   6.2860e-03
 6430.97   1.0071e+00   6.2527e-03
 6432.01   1.0451e+00   6.3863e-03
 6433.05   1.0790e+00   6.4411e-03
 6434.08   1.0556e+00   6.3124e-03
 6435.12   9.9567e-01   6.1423e-03
 6436.16   9.9348e-01   6.2559e-03
 6437.20   1.0537e+00   6.4954e-03
 6438.24   1.0967e+00   6.4601e-03
 6439.27   1.0986e+00   6.4046e-03
 6440.31   1.0587e+00   6.3969e-03
 6441.35   1.0134e+00   6.2380e-03
 6442.39   9.6894e-01   6.0464e-03
 6443.42   9.4069e-01   5.9995e-03
 6444.46   9.7698e-01   6.2303e-03
 6445.50   9.9955e-01   6.3588e-03
 6446.54   9.6047e-01   6.1323e-03
 6447.58   9.8636e-01   6.2011e-03
 6448.61   1.0571e+00   6.4981e-03
 6449.65   1.0549e+00   6.4443e-03
 6450.69   1.0124e+00   6.3144e-03
 6451.73   9.8962e-01   6.3258e-03
 6452.76   1.0042e+00   6.3569e-03
 6453.80   1.0235e+00   6.3451e-03
 6454.84   1.0237e+00   6.3125e-03
 6455.88   1.0341e+00   6.4031e-03
 6456.92   1.0565e+00   6.5330e-03
 6457.95   1.0744e+00   6.5565e-03
 6458.99   1.1073e+00   6.6862e-03
 6460.03   1.1235e+00   6.8813e-03
 6461.07   1.1226e+00   6.9842e-03
 6462.10   1.0969e+00   7.0732e-03
 6463.14   1.0519e+00   7.2329e-03
 6464.18   9.8038e-01   7.3243e-03
 6465.22   9.6545e-01   7.4879e-03
 6466.25   1.0359e+00   7.7810e-03
 6467.29   1.0816e+00   7.9162e-03
 6468.33   1.0807e+00   7.8933e-03
 6469.37   1.0840e+00   7.8627e-03
 6470.41   1.0744e+00   7.7611e-03
 6471.44   1.0446e+00   7.5231e-03
 6472.48   1.0050e+00   7.2188e-03
 6473.52   9.8193e-01   6.8541e-03
 6474.56   9.8233e-01   6.4964e-03
 6475.59   9.6341e-01   6.2802e-03
 6476.63   9.5572e-01   6.2359e-03
 6477.67   9.9384e-01   6.2989e-03
 6478.71   1.0725e+00   6.5135e-03
 6479.75   1.1142e+00   6.6085e-03
 6480.78   1.0595e+00   6.3869e-03
 6481.82   1.0044e+00   6.1112e-03
 6482.86   1.0055e+00   5.9925e-03
 6483.90   9.9073e-01   5.9405e-03
 6484.93   1.0123e+00   5.9720e-03
 6485.97   1.0744e+00   6.0378e-03
 6487.01   1.0870e+00   6.0919e-03
 6488.05   1.0488e+00   6.0601e-03
 6489.08   1.0188e+00   5.9614e-03
 6490.12   1.0106e+00   5.9568e-03
 6491.16   1.0162e+00   6.0036e-03
 6492.20   1.0155e+00   5.9707e-03
 6493.24   9.8178e-01   5.7889e-03
 6494.27   9.4264e-01   5.8388e-03
 6495.31   9.7790e-01   6.5334e-03
 6496.35   1.0201e+00   7.5891e-03
 6497.39   9.9653e-01   8.3712e-03
 6498.42   9.8029e-01   8.6671e-03
 6499.46   9.8314e-01   8.5195e-03
 6500.50   9.8391e-01   8.1939e-03
 6501.54   9.9908e-01   7.7214e-03
 6502.58   1.0330e+00   7.3069e-03
 6503.61   1.0856e+00   7.1468e-03
 6504.65   1.0973e+00   7.1915e-03
 6505.69   1.0616e+00   7.1520e-03
 6506.73   1.0407e+00   6.9141e-03
 6507.76   1.0535e+00   6.5802e-03
 6508.80   1.0735e+00   6.3545e-03
 6509.84   1.0599e+00   6.2527e-03
 6510.88   1.0331e+00   6.2352e-03
 6511.92   1.0393e+00   6.2367e-03
 6512.95   1.0330e+00   6.1205e-03
 6513.99   9.9406e-01   5.9300e-03
 6515.03   9.5464e-01   5.8990e-03
 6516.07   9.4491e-01   5.8832e-03
 6517.10   9.7325e-01   5.8418e-03
 6518.14   1.0372e+00   6.0449e-03
 6519.18   1.0640e+00   6.3122e-03
 6520.22   1.0206e+00   6.4054e-03
 6521.26   9.8552e-01   6.3816e-03
 6522.29   9.9619e-01   6.4199e-03
 6523.33   1.0280e+00   6.6254e-03
 6524.37   1.0208e+00   6.6465e-03
 6525.41   9.7804e-01   6.4070e-03
 6526.44   9.7814e-01   6.2232e-03
 6527.48   1.0315e+00   6.2205e-03
 6528.52   1.0893e+00   6.4265e-03
 6529.56   1.0619e+00   6.6704e-03
 6530.59   1.0294e+00   7.1226e-03
 6531.63   1.0860e+00   7.8188e-03
 6532.67   1.0508e+00   8.1968e-03
 6533.71   9.6649e-01   8.1223e-03
 6534.75   1.0195e+00   7.9533e-03
 6535.78   1.0848e+00   7.4798e-03
 6536.82   1.0667e+00   6.7798e-03
 6537.86   1.0088e+00   6.2257e-03
 6538.90   1.0022e+00   6.1311e-03
 6539.93   1.0683e+00   6.3854e-03
 6540.97   1.0742e+00   6.5368e-03
 6542.01   1.0206e+00   6.5361e-03
 6543.05   9.9443e-01   6.6399e-03
 6544.09   1.0023e+00   6.7501e-03
 6545.12   1.0144e+00   6.6897e-03
 6546.16   9.9617e-01   6.4121e-03
 6547.20   9.9582e-01   6.0925e-03
 6548.24   1.0383e+00   6.0304e-03
 6549.27   1.0373e+00   6.1679e-03
 6550.31   1.0199e+00   6.6653e-03
 6551.35   1.0256e+00   7.4015e-03
 6552.39   1.0281e+00   7.9580e-03
 6553.43   1.0279e+00   8.1856e-03
 6554.46   1.0351e+00   8.1802e-03
 6555.50   1.0299e+00   7.7371e-03
 6556.54   1.0091e+00   6.9447e-03
 6557.58   9.8917e-01   6.1316e-03
 6558.61   9.9731e-01   5.7633e-03
 6559.65   1.0347e+00   5.9343e-03
 6560.69   1.0538e+00   6.3867e-03
 6561.73   1.0558e+00   6.7333e-03
 6562.76   1.0601e+00   6.7977e-03
 6563.80   1.0474e+00   6.6436e-03
 6564.84   1.0239e+00   6.4176e-03
 6565.88   9.9702e-01   6.1994e-03
 6566.92   1.0104e+00   6.1641e-03
 6567.95   1.0480e+00   6.2389e-03
 6568.99   1.0317e+00   6.1980e-03
 6570.03   1.0430e+00   6.1373e-03
 6571.07   1.1121e+00   6.1167e-03
 6572.10   1.0949e+00   6.8662e-03
 6573.14   1.0647e+00   4.0969e-03
 6574.18   1.0323e+00   7.6174e-03
 6575.22   1.0498e+00   8.0262e-03
 6576.26   1.0571e+00   8.6869e-03
 6577.29   1.1062e+00   9.3397e-03
 6578.33   1.1208e+00   9.4564e-03
 6579.37   1.0700e+00   8.8144e-03
 6580.41   1.0130e+00   7.7888e-03
 6581.44   9.5442e-01   6.9373e-03
 6582.48   9.3150e-01   6.6445e-03
 6583.52   1.0489e+00   7.0948e-03
 6584.56   1.1586e+00   7.1039e-03
 6585.60   1.1255e+00   5.4822e-03
 6586.63   1.1147e+00   5.3239e-03
 6587.67   1.1495e+00   5.7908e-03
 6588.71   1.1285e+00   5.8450e-03
 6589.75   1.0798e+00   5.5805e-03
 6590.78   1.0642e+00   5.5925e-03
 6591.82   1.1166e+00   5.8699e-03
 6592.86   1.1417e+00   6.0575e-03
 6593.90   1.0737e+00   5.8976e-03
 6594.93   1.0008e+00   5.7294e-03
 6595.97   9.7303e-01   5.7267e-03
 6597.01   9.8545e-01   5.8199e-03
 6598.05   1.0453e+00   5.9585e-03
 6599.09   1.0759e+00   5.9418e-03
 6600.12   1.0260e+00   5.6825e-03
 6601.16   9.7337e-01   5.6138e-03
 6602.20   9.8969e-01   5.9808e-03
 6603.24   1.0179e+00   6.4163e-03
 6604.27   1.0580e+00   6.7151e-03
 6605.31   1.1040e+00   6.8020e-03
 6606.35   1.1477e+00   6.6732e-03
 6607.39   1.1375e+00   6.3383e-03
 6608.43   1.0431e+00   5.8573e-03
 6609.46   9.9678e-01   5.5272e-03
 6610.50   1.0312e+00   5.4472e-03
 6611.54   1.0382e+00   5.4962e-03
 6612.58   9.9660e-01   5.4935e-03
 6613.61   9.5537e-01   5.4265e-03
 6614.65   1.0060e+00   5.5827e-03
 6615.69   1.0730e+00   5.7671e-03
 6616.73   1.0505e+00   5.7096e-03
 6617.77   1.0430e+00   5.7158e-03
 6618.80   1.0459e+00   5.7293e-03
 6619.84   1.0187e+00   5.5453e-03
 6620.88   1.0327e+00   5.5505e-03
 6621.92   1.0792e+00   5.7836e-03
 6622.95   1.0448e+00   5.7580e-03
 6623.99   9.8434e-01   5.6009e-03
 6625.03   1.0107e+00   5.6518e-03
 6626.07   1.0313e+00   5.7217e-03
 6627.10   1.0737e+00   5.8432e-03
 6628.14   1.1715e+00   6.0449e-03
 6629.18   1.1528e+00   5.9627e-03
 6630.22   1.0438e+00   5.7269e-03
 6631.26   1.0315e+00   5.8055e-03
 6632.29   1.0402e+00   5.8890e-03
 6633.33   9.9687e-01   5.7719e-03
 6634.37   9.5653e-01   5.7580e-03
 6635.41   9.5135e-01   5.7834e-03
 6636.44   9.8460e-01   5.7276e-03
 6637.48   1.0235e+00   5.6572e-03
 6638.52   1.0362e+00   5.6094e-03
 6639.56   1.0236e+00   5.5864e-03
 6640.60   1.0301e+00   5.6737e-03
 6641.63   1.0592e+00   5.7618e-03
 6642.67   1.0691e+00   5.6767e-03
 6643.71   1.0397e+00   5.5025e-03
 6644.75   1.0011e+00   5.4122e-03
 6645.78   1.0184e+00   5.4741e-03
 6646.82   1.0543e+00   5.5538e-03
 6647.86   1.0521e+00   5.5196e-03
 6648.90   1.0593e+00   5.5637e-03
 6649.94   1.0575e+00   5.6231e-03
 6650.97   1.0117e+00   5.5185e-03
 6652.01   1.0221e+00   5.5886e-03
 6653.05   1.0853e+00   5.8000e-03
 6654.09   1.0997e+00   5.7650e-03
 6655.12   1.0618e+00   5.5692e-03
 6656.16   1.0161e+00   5.4494e-03
 6657.20   1.0272e+00   5.5868e-03
 6658.24   1.0608e+00   5.7394e-03
 6659.27   1.0611e+00   5.6506e-03
 6660.31   1.0385e+00   5.5032e-03
 6661.35   1.0340e+00   5.4947e-03
 6662.39   1.0706e+00   5.6316e-03
 6663.43   1.0601e+00   5.6477e-03
 6664.46   9.9858e-01   5.5013e-03
 6665.50   9.9997e-01   5.5306e-03
 6666.54   1.0276e+00   5.5825e-03
 6667.58   1.0302e+00   5.5111e-03
 6668.61   1.0250e+00   5.5302e-03
 6669.65   1.0599e+00   5.6524e-03
 6670.69   1.1388e+00   5.7410e-03
 6671.73   1.1481e+00   5.7408e-03
 6672.77   1.0779e+00   5.6542e-03
 6673.80   1.0572e+00   5.5966e-03
 6674.84   1.0818e+00   5.6370e-03
 6675.88   1.1035e+00   5.7152e-03
 6676.92   1.1076e+00   5.7235e-03
 6677.95   1.0919e+00   5.6361e-03
 6678.99   1.0761e+00   5.5269e-03
 6680.03   1.0755e+00   5.4786e-03
 6681.07   1.0819e+00   5.4956e-03
 6682.10   1.0750e+00   5.5142e-03
 6683.14   1.0670e+00   5.5110e-03
 6684.18   1.0603e+00   5.4794e-03
 6685.22   1.0395e+00   5.4112e-03
 6686.26   1.0575e+00   5.5356e-03
 6687.29   1.1142e+00   5.8055e-03
 6688.33   1.0986e+00   5.7174e-03
 6689.37   1.0285e+00   5.4480e-03
 6690.41   9.9606e-01   5.4035e-03
 6691.44   1.0503e+00   5.5202e-03
 6692.48   1.1267e+00   5.5978e-03
 6693.52   1.1205e+00   5.4894e-03
 6694.56   1.0883e+00   5.3873e-03
 6695.60   1.0953e+00   5.4789e-03
 6696.63   1.1404e+00   5.7527e-03
 6697.67   1.1148e+00   5.8033e-03
 6698.71   1.0072e+00   5.5263e-03
 6699.75   1.0022e+00   5.4754e-03
 6700.78   1.0802e+00   5.6257e-03
 6701.82   1.1106e+00   5.6487e-03
 6702.86   1.0893e+00   5.6021e-03
 6703.90   1.0673e+00   5.5794e-03
 6704.94   1.0943e+00   5.6444e-03
 6705.97   1.1075e+00   5.6457e-03
 6707.01   1.0811e+00   5.5535e-03
 6708.05   1.0859e+00   5.5638e-03
 6709.09   1.0946e+00   5.6088e-03
 6710.12   1.0763e+00   5.5759e-03
 6711.16   1.0734e+00   5.5027e-03
 6712.20   1.0733e+00   5.4274e-03
 6713.24   1.0480e+00   5.3824e-03
 6714.27   1.0595e+00   5.4092e-03
 6715.31   1.0775e+00   5.4375e-03
 6716.35   1.0292e+00   5.3910e-03
 6717.39   1.0055e+00   5.3769e-03
 6718.43   1.0480e+00   5.4038e-03
 6719.46   1.0469e+00   5.2620e-03
 6720.50   1.0092e+00   5.0849e-03
 6721.54   9.9443e-01   5.0887e-03
 6722.58   1.0397e+00   5.2571e-03
 6723.61   1.0827e+00   5.4032e-03
 6724.65   1.0377e+00   5.3548e-03
 6725.69   9.8564e-01   5.2103e-03
 6726.73   9.9508e-01   5.1662e-03
 6727.77   1.0670e+00   5.3607e-03
 6728.80   1.0787e+00   5.3821e-03
 6729.84   1.0092e+00   5.1376e-03
 6730.88   1.0093e+00   5.2174e-03
 6731.92   1.0330e+00   5.3974e-03
 6732.95   1.0020e+00   5.2975e-03
 6733.99   9.9660e-01   5.1623e-03
 6735.03   1.0236e+00   5.1312e-03
 6736.07   1.0162e+00   5.1455e-03
 6737.10   1.0415e+00   5.2818e-03
 6738.14   1.0960e+00   5.4348e-03
 6739.18   1.0968e+00   5.3834e-03
 6740.22   1.0700e+00   5.3747e-03
 6741.26   1.0548e+00   5.5378e-03
 6742.29   1.0362e+00   5.4938e-03
 6743.33   1.0196e+00   5.3385e-03
 6744.37   1.0127e+00   5.3217e-03
 6745.41   1.0319e+00   5.3411e-03
 6746.44   1.0478e+00   5.2933e-03
 6747.48   1.0242e+00   5.1656e-03
 6748.52   1.0079e+00   5.1575e-03
 6749.56   1.0253e+00   5.2961e-03
 6750.60   1.0468e+00   5.3695e-03
 6751.63   1.0334e+00   5.2702e-03
 6752.67   9.9239e-01   5.0917e-03
 6753.71   9.4166e-01   4.9477e-03
 6754.75   9.0624e-01   4.8821e-03
 6755.78   8.9153e-01   4.8399e-03
 6756.82   8.9713e-01   4.8042e-03
 6757.86   8.8591e-01   4.7568e-03
 6758.90   8.2348e-01   4.7132e-03
 6759.94   8.3916e-01   4.7832e-03
 6760.97   9.3145e-01   4.9018e-03
 6762.01   9.0712e-01   4.8022e-03
 6763.05   8.3531e-01   4.6974e-03
 6764.09   8.5195e-01   4.8336e-03
 6765.12   8.7804e-01   4.9253e-03
 6766.16   9.0408e-01   4.9498e-03
 6767.20   9.4366e-01   5.0251e-03
 6768.24   9.4138e-01   4.9791e-03
 6769.27   9.3396e-01   4.9048e-03
 6770.31   1.0085e+00   5.0760e-03
 6771.35   1.0793e+00   5.1893e-03
 6772.39   1.0809e+00   5.0971e-03
 6773.43   1.0822e+00   5.1786e-03
 6774.46   1.0687e+00   5.3196e-03
 6775.50   1.0245e+00   5.2931e-03
 6776.54   1.0265e+00   5.2132e-03
 6777.58   1.0667e+00   5.1998e-03
 6778.61   1.0831e+00   5.2855e-03
 6779.65   1.0689e+00   5.3347e-03
 6780.69   1.0433e+00   5.2887e-03
 6781.73   1.0505e+00   5.2992e-03
 6782.77   1.0504e+00   5.2669e-03
 6783.80   1.0236e+00   5.1711e-03
 6784.84   1.0171e+00   5.1609e-03
 6785.88   1.0296e+00   5.2467e-03
 6786.92   1.0435e+00   5.3374e-03
 6787.95   1.0258e+00   5.2795e-03
 6788.99   1.0093e+00   5.1436e-03
 6790.03   1.0507e+00   5.1284e-03
 6791.07   1.0998e+00   5.2661e-03
 6792.11   1.0955e+00   5.3838e-03
 6793.14   1.0531e+00   5.3061e-03
 6794.18   1.0010e+00   5.1138e-03
 6795.22   9.9024e-01   5.0366e-03
 6796.26   1.0199e+00   5.0471e-03
 6797.29   1.0534e+00   5.1344e-03
 6798.33   1.0494e+00   5.2262e-03
 6799.37   1.0370e+00   5.2473e-03
 6800.41   1.0557e+00   5.2351e-03
 6801.44   1.1004e+00   5.2756e-03
 6802.48   1.0955e+00   5.2493e-03
 6803.52   1.0339e+00   5.1307e-03
 6804.56   1.0339e+00   5.1066e-03
 6805.60   1.0417e+00   5.1083e-03
 6806.63   9.9729e-01   5.0608e-03
 6807.67   9.8010e-01   5.0224e-03
 6808.71   1.0241e+00   5.1389e-03
 6809.75   1.0953e+00   5.4292e-03
 6810.78   1.1083e+00   5.8435e-03
 6811.82   1.0692e+00   5.9435e-03
 6812.86   1.0485e+00   5.8533e-03
 6813.90   1.0679e+00   5.5821e-03
 6814.94   1.1080e+00   5.2174e-03
 6815.97   1.0648e+00   5.0375e-03
 6817.01   1.0045e+00   5.0848e-03
 6818.05   1.0280e+00   5.0997e-03
 6819.09   1.0563e+00   5.1045e-03
 6820.12   1.0644e+00   5.1337e-03
 6821.16   1.0789e+00   5.2579e-03
 6822.20   1.0691e+00   5.2860e-03
 6823.24   1.0440e+00   5.3010e-03
 6824.28   1.0335e+00   5.4821e-03
 6825.31   1.0506e+00   6.0421e-03
 6826.35   1.0764e+00   6.9579e-03
 6827.39   1.0684e+00   7.8217e-03
 6828.43   1.0517e+00   8.5412e-03
 6829.46   1.0681e+00   9.1336e-03
 6830.50   1.1137e+00   9.4052e-03
 6831.54   1.1465e+00   9.3682e-03
 6832.58   1.1367e+00   9.0711e-03
 6833.61   1.1360e+00   8.8897e-03
 6834.65   1.1278e+00   8.6769e-03
 6835.69   9.9262e-01   7.9316e-03
 6836.73   9.1617e-01   6.9237e-03
 6837.77   1.0325e+00   6.2112e-03
 6838.80   1.1259e+00   5.9304e-03
 6839.84   1.1153e+00   5.9435e-03
 6840.88   1.0582e+00   5.9719e-03
 6841.92   1.0451e+00   6.0021e-03
 6842.95   1.0793e+00   5.8934e-03
 6843.99   1.0708e+00   5.6153e-03
 6845.03   1.0408e+00   5.3000e-03
 6846.07   1.0336e+00   5.1243e-03
 6847.11   1.0447e+00   5.1587e-03
 6848.14   1.0583e+00   5.2072e-03
 6849.18   1.0537e+00   5.1004e-03
 6850.22   1.0390e+00   5.0412e-03
 6851.26   1.0228e+00   5.0504e-03
 6852.29   1.0217e+00   5.0615e-03
 6853.33   1.0276e+00   4.9858e-03
 6854.37   1.0446e+00   4.9107e-03
 6855.41   1.0955e+00   5.0717e-03
 6856.45   1.0886e+00   5.1147e-03
 6857.48   1.0077e+00   4.9620e-03
 6858.52   1.0079e+00   5.0047e-03
 6859.56   1.0171e+00   5.4306e-03
 6860.60   9.3662e-01   6.2455e-03
 6861.63   9.4850e-01   8.0641e-03
 6862.67   1.0132e+00   1.0026e-02
 6863.71   9.8625e-01   1.0643e-02
 6864.75   9.7322e-01   1.0760e-02
 6865.78   1.0177e+00   1.0815e-02
 6866.82   1.0701e+00   1.0004e-02
 6867.86   1.0051e+00   8.7953e-03
 6868.90   8.5047e-01   7.9965e-03
 6869.94   9.2393e-01   8.4029e-03
 6870.97   1.0592e+00   8.9283e-03
 6872.01   1.0083e+00   8.4081e-03
 6873.05   9.5823e-01   7.7066e-03
 6874.09   9.9440e-01   7.2420e-03
 6875.12   1.0241e+00   6.7644e-03
 6876.16   1.0960e+00   6.6575e-03
 6877.20   1.1649e+00   6.7239e-03
 6878.24   1.1118e+00   6.4206e-03
 6879.28   1.0057e+00   6.0045e-03
 6880.31   9.6430e-01   5.8993e-03
 6881.35   1.0076e+00   6.0034e-03
 6882.39   1.0851e+00   6.0793e-03
 6883.43   1.1220e+00   6.0066e-03
 6884.46   1.0704e+00   5.8166e-03
 6885.50   9.8172e-01   5.8092e-03
 6886.54   9.6025e-01   6.1626e-03
 6887.58   1.0265e+00   6.8223e-03
 6888.62   1.1057e+00   7.3684e-03
 6889.65   1.0987e+00   7.2930e-03
 6890.69   1.0521e+00   6.9353e-03
 6891.73   1.0582e+00   6.7913e-03
 6892.77   1.0880e+00   6.5272e-03
 6893.80   1.0936e+00   6.1178e-03
 6894.84   1.0456e+00   5.7770e-03
 6895.88   9.9608e-01   5.5581e-03
 6896.92   9.8720e-01   5.5443e-03
 6897.95   9.9967e-01   5.7768e-03
 6898.99   1.0081e+00   6.1735e-03
 6900.03   1.0038e+00   6.5295e-03
 6901.07   1.0572e+00   6.8435e-03
 6902.11   1.0713e+00   6.7057e-03
 6903.14   9.7779e-01   6.0314e-03
 6904.18   9.6666e-01   5.6041e-03
 6905.22   1.0294e+00   5.5319e-03
 6906.26   1.0189e+00   5.3465e-03
 6907.29   9.8512e-01   5.1658e-03
 6908.33   1.0204e+00   5.2715e-03
 6909.37   1.0510e+00   5.6609e-03
 6910.41   1.0487e+00   6.2035e-03
 6911.45   1.0134e+00   6.6348e-03
 6912.48   9.9249e-01   6.8542e-03
 6913.52   9.9896e-01   6.7642e-03
 6914.56   1.0115e+00   6.4272e-03
 6915.60   1.0233e+00   5.8637e-03
 6916.63   1.0329e+00   5.3363e-03
 6917.67   1.0436e+00   5.1009e-03
 6918.71   1.0532e+00   5.2750e-03
 6919.75   1.0676e+00   5.9118e-03
 6920.79   1.0929e+00   6.9376e-03
 6921.82   1.0982e+00   7.9627e-03
 6922.86   1.0692e+00   8.5258e-03
 6923.90   1.0078e+00   8.3681e-03
 6924.94   9.9037e-01   7.6764e-03
 6925.97   1.0611e+00   6.8834e-03
 6927.01   1.1328e+00   6.1924e-03
 6928.05   1.1265e+00   5.5895e-03
 6929.09   1.0671e+00   5.0809e-03
 6930.12   1.0477e+00   4.9161e-03
 6931.16   1.0880e+00   5.0105e-03
 6932.20   1.0654e+00   5.0190e-03
 6933.24   1.0267e+00   4.9956e-03
 6934.28   1.0438e+00   5.1539e-03
 6935.31   1.0442e+00   5.1910e-03
 6936.35   1.0408e+00   5.3822e-03
 6937.39   1.0716e+00   5.9975e-03
 6938.43   1.0711e+00   6.5479e-03
 6939.46   1.0461e+00   6.7364e-03
 6940.50   1.0774e+00   6.7547e-03
 6941.54   1.1075e+00   6.4815e-03
 6942.58   1.0821e+00   5.9865e-03
 6943.62   1.0181e+00   5.4386e-03
 6944.65   9.9447e-01   5.2519e-03
 6945.69   1.0510e+00   5.6425e-03
 6946.73   1.0176e+00   6.5178e-03
 6947.77   9.5984e-01   7.5694e-03
 6948.80   1.0336e+00   8.3785e-03
 6949.84   1.0916e+00   8.5346e-03
 6950.88   1.0589e+00   7.9231e-03
 6951.92   1.0356e+00   6.7825e-03
 6952.96   1.0127e+00   5.6738e-03
 6953.99   9.8807e-01   5.0444e-03
 6955.03   9.8224e-01   4.9302e-03
 6956.07   1.0200e+00   5.1379e-03
 6957.11   1.1018e+00   5.4160e-03
 6958.14   1.1242e+00   5.4878e-03
 6959.18   1.0685e+00   5.2544e-03
 6960.22   1.0103e+00   4.9198e-03
 6961.26   1.0240e+00   4.8365e-03
 6962.29   1.0894e+00   5.0238e-03
 6963.33   1.0849e+00   5.0552e-03
 6964.37   1.0698e+00   5.0486e-03
 6965.41   1.0994e+00   5.1976e-03
 6966.45   1.0697e+00   5.2885e-03
 6967.48   1.0123e+00   5.4013e-03
 6968.52   1.0481e+00   5.7222e-03
 6969.56   1.1048e+00   6.0024e-03
 6970.60   1.1170e+00   6.0423e-03
 6971.63   1.0523e+00   5.8418e-03
 6972.67   9.8768e-01   5.4229e-03
 6973.71   9.8751e-01   5.1106e-03
 6974.75   1.0041e+00   5.1878e-03
 6975.79   1.0366e+00   5.7534e-03
 6976.82   1.0792e+00   6.4769e-03
 6977.86   1.0515e+00   6.8702e-03
 6978.90   1.0007e+00   6.8747e-03
 6979.94   1.0116e+00   6.7887e-03
 6980.97   1.0030e+00   6.2385e-03
 6982.01   9.5548e-01   5.3881e-03
 6983.05   9.2590e-01   4.8269e-03
 6984.09   9.5945e-01   4.7489e-03
 6985.12   1.0315e+00   4.8884e-03
 6986.16   1.0424e+00   4.8929e-03
 6987.20   9.8478e-01   4.6843e-03
 6988.24   9.5484e-01   4.5661e-03
 6989.28   9.8795e-01   4.6046e-03
 6990.31   1.0280e+00   4.6928e-03
 6991.35   9.9959e-01   4.6897e-03
 6992.39   9.8905e-01   4.7196e-03
 6993.43   1.0272e+00   4.8056e-03
 6994.46   1.0433e+00   4.7933e-03
 6995.50   1.0329e+00   4.7790e-03
 6996.54   1.0078e+00   4.8149e-03
 6997.58   9.5955e-01   4.7047e-03
 6998.62   9.3874e-01   4.5840e-03
 6999.65   9.7772e-01   4.6578e-03
 7000.69   9.7818e-01   4.7201e-03
 7001.73   9.5224e-01   4.7970e-03
 7002.77   9.9564e-01   5.0570e-03
 7003.80   1.0222e+00   5.1692e-03
 7004.84   1.0015e+00   5.0176e-03
 7005.88   9.8473e-01   4.8089e-03
 7006.92   1.0106e+00   4.7870e-03
 7007.96   1.0656e+00   5.0131e-03
 7008.99   1.0697e+00   5.2554e-03
 7010.03   1.0334e+00   5.4414e-03
 7011.07   1.0218e+00   5.6056e-03
 7012.11   1.0074e+00   5.5719e-03
 7013.14   9.8664e-01   5.3187e-03
 7014.18   9.9370e-01   5.0176e-03
 7015.22   9.9046e-01   4.7261e-03
 7016.26   9.6893e-01   4.5001e-03
 7017.29   9.5464e-01   4.3986e-03
 7018.33   9.7558e-01   4.4198e-03
 7019.37   1.0188e+00   4.4852e-03
 7020.41   1.0234e+00   4.5170e-03
 7021.45   1.0090e+00   4.5152e-03
 7022.48   1.0243e+00   4.5360e-03
 7023.52   9.9199e-01   4.4507e-03
 7024.56   9.2281e-01   4.2895e-03
 7025.60   9.1176e-01   4.2043e-03
 7026.63   9.4060e-01   4.2784e-03
 7027.67   9.6254e-01   4.4439e-03
 7028.71   9.7812e-01   4.5468e-03
 7029.75   1.0004e+00   4.5698e-03
 7030.79   1.0320e+00   4.5851e-03
 7031.82   1.0113e+00   4.5307e-03
 7032.86   9.5402e-01   4.4531e-03
 7033.90   9.2629e-01   4.4307e-03
 7034.94   9.2364e-01   4.4042e-03
 7035.97   9.2800e-01   4.3431e-03
 7037.01   9.5717e-01   4.3325e-03
 7038.05   9.4503e-01   4.3486e-03
 7039.09   8.7820e-01   4.3575e-03
 7040.12   9.4818e-01   4.5483e-03
 7041.16   1.0092e+00   4.6801e-03
 7042.20   9.0714e-01   4.5735e-03
 7043.24   9.0575e-01   4.6104e-03
 7044.28   1.0090e+00   4.8597e-03
 7045.31   1.0011e+00   5.0251e-03
 7046.35   9.8745e-01   5.1907e-03
 7047.39   1.0258e+00   5.3876e-03
 7048.43   1.0209e+00   5.4806e-03
 7049.46   1.0153e+00   5.5117e-03
 7050.50   1.0449e+00   5.5048e-03
 7051.54   1.0447e+00   5.3135e-03
 7052.58   1.0146e+00   5.0486e-03
 7053.62   9.9359e-01   4.9001e-03
 7054.65   1.0085e+00   4.8887e-03
 7055.69   1.0251e+00   4.8519e-03
 7056.73   9.9180e-01   4.6684e-03
 7057.77   9.4009e-01   4.4838e-03
 7058.80   9.2254e-01   4.4695e-03
 7059.84   9.5766e-01   4.6177e-03
 7060.88   9.9697e-01   4.7803e-03
 7061.92   9.8816e-01   4.8067e-03
 7062.96   9.5085e-01   4.6685e-03
 7063.99   9.1436e-01   4.5129e-03
 7065.03   8.9670e-01   4.4941e-03
 7066.07   9.4472e-01   4.6917e-03
 7067.11   1.0054e+00   4.9001e-03
 7068.14   9.7266e-01   4.8295e-03
 7069.18   9.2461e-01   4.6767e-03
 7070.22   9.4003e-01   4.6898e-03
 7071.26   9.7492e-01   4.8067e-03
 7072.29   9.6856e-01   4.8331e-03
 7073.33   9.1222e-01   4.6722e-03
 7074.37   8.9886e-01   4.5831e-03
 7075.41   9.3416e-01   4.6392e-03
 7076.45   9.5803e-01   4.7268e-03
 7077.48   9.4942e-01   4.6809e-03
 7078.52   9.2481e-01   4.5471e-03
 7079.56   9.2607e-01   4.5649e-03
 7080.60   9.5137e-01   4.7588e-03
 7081.63   9.7634e-01   4.9583e-03
 7082.67   1.0017e+00   4.9318e-03
 7083.71   1.0052e+00   4.7892e-03
 7084.75   9.7856e-01   4.7785e-03
 7085.79   9.2992e-01   4.8121e-03
 7086.82   8.9598e-01   4.8222e-03
 7087.86   9.1568e-01   4.8299e-03
 7088.90   9.2037e-01   4.7347e-03
 7089.94   9.0049e-01   4.6054e-03
 7090.97   9.3160e-01   4.6337e-03
 7092.01   9.9716e-01   4.7600e-03
 7093.05   1.0359e+00   4.7996e-03
 7094.09   9.9638e-01   4.6220e-03
 7095.13   9.3125e-01   4.4200e-03
 7096.16   9.2597e-01   4.4559e-03
 7097.20   9.5693e-01   4.5181e-03
 7098.24   9.8289e-01   4.4786e-03
 7099.28   9.9379e-01   4.4400e-03
 7100.31   9.7199e-01   4.4263e-03
 7101.35   9.3282e-01   4.4256e-03
 7102.39   9.0081e-01   4.3748e-03
 7103.43   8.9724e-01   4.3157e-03
 7104.46   9.0704e-01   4.2969e-03
 7105.50   9.0646e-01   4.3473e-03
 7106.54   9.0338e-01   4.3955e-03
 7107.58   9.3216e-01   4.3851e-03
 7108.62   9.7055e-01   4.3860e-03
 7109.65   1.0090e+00   4.4866e-03
 7110.69   1.0471e+00   4.6900e-03
 7111.73   1.0342e+00   4.7368e-03
 7112.77   9.7357e-01   4.5535e-03
 7113.80   9.8318e-01   4.5095e-03
 7114.84   1.0027e+00   4.5615e-03
 7115.88   9.3946e-01   4.5111e-03
 7116.92   9.2593e-01   4.5029e-03
 7117.96   9.8165e-01   4.5643e-03
 7118.99   1.0100e+00   4.5788e-03
 7120.03   1.0176e+00   4.5801e-03
 7121.07   9.9924e-01   4.5331e-03
 7122.11   9.3222e-01   4.3246e-03
 7123.14   9.1299e-01   4.2565e-03
 7124.18   9.8354e-01   4.4855e-03
 7125.22   1.0569e+00   4.7283e-03
 7126.26   1.0626e+00   4.8060e-03
 7127.30   1.0033e+00   4.7412e-03
 7128.33   9.5423e-01   4.6703e-03
 7129.37   9.4748e-01   4.6778e-03
 7130.41   9.5672e-01   4.7220e-03
 7131.45   9.4317e-01   4.6855e-03
 7132.48   9.0873e-01   4.5705e-03
 7133.52   9.2526e-01   4.5467e-03
 7134.56   9.5537e-01   4.5924e-03
 7135.60   9.5034e-01   4.6132e-03
 7136.63   9.6244e-01   4.6464e-03
 7137.67   9.7502e-01   4.6261e-03
 7138.71   9.5053e-01   4.5308e-03
 7139.75   9.1871e-01   4.4414e-03
 7140.79   9.0796e-01   4.4788e-03
 7141.82   9.2005e-01   4.6715e-03
 7142.86   9.3426e-01   4.8863e-03
 7143.90   9.3964e-01   5.0044e-03
 7144.94   9.5916e-01   5.0864e-03
 7145.97   9.8463e-01   5.0999e-03
 7147.01   9.8970e-01   5.0197e-03
 7148.05   9.8004e-01   4.9509e-03
 7149.09   9.5535e-01   4.8645e-03
 7150.13   9.1761e-01   4.6907e-03
 7151.16   9.2719e-01   4.6189e-03
 7152.20   9.6121e-01   4.6403e-03
 7153.24   9.2928e-01   4.5506e-03
 7154.28   9.3429e-01   4.5335e-03
 7155.31   1.0194e+00   4.6945e-03
 7156.35   1.0447e+00   4.8490e-03
 7157.39   1.0293e+00   4.9138e-03
 7158.43   1.0334e+00   4.8935e-03
 7159.47   9.7212e-01   4.6817e-03
 7160.50   9.0141e-01   4.5181e-03
 7161.54   9.2889e-01   4.6665e-03
 7162.58   9.8093e-01   4.8558e-03
 7163.62   9.8077e-01   4.8765e-03
 7164.65   9.4823e-01   4.8509e-03
 7165.69   9.1126e-01   4.8506e-03
 7166.73   9.0554e-01   4.9311e-03
 7167.77   9.2834e-01   5.0028e-03
 7168.80   9.6201e-01   5.1269e-03
 7169.84   9.8045e-01   5.3337e-03
 7170.88   9.7914e-01   5.4204e-03
 7171.92   9.6680e-01   5.3689e-03
 7172.96   9.4450e-01   5.2871e-03
 7173.99   9.0520e-01   5.3339e-03
 7175.03   8.7742e-01   5.5006e-03
 7176.07   9.0267e-01   5.5157e-03
 7177.11   9.4933e-01   5.5016e-03
 7178.14   9.5835e-01   5.5657e-03
 7179.18   8.5466e-01   5.1436e-03
 7180.22   7.7423e-01   4.7517e-03
 7181.26   8.7966e-01   5.1303e-03
 7182.30   9.1465e-01   5.3396e-03
 7183.33   8.4230e-01   5.1619e-03
 7184.37   8.8592e-01   5.3126e-03
 7185.41   9.3189e-01   5.5144e-03
 7186.45   9.2007e-01   5.5449e-03
 7187.48   9.5313e-01   5.5784e-03
 7188.52   9.7927e-01   5.4339e-03
 7189.56   9.5181e-01   5.1116e-03
 7190.60   9.4723e-01   5.0900e-03
 7191.64   9.8092e-01   5.3356e-03
 7192.67   1.0154e+00   5.4562e-03
 7193.71   1.0131e+00   5.4239e-03
 7194.75   9.8445e-01   5.2948e-03
 7195.79   9.8051e-01   5.1304e-03
 7196.82   9.9980e-01   5.1411e-03
 7197.86   1.0103e+00   5.3245e-03
 7198.90   9.8033e-01   5.3749e-03
 7199.94   9.5235e-01   5.3283e-03
 7200.97   9.7447e-01   5.3670e-03
 7202.01   9.9458e-01   5.4767e-03
 7203.05   1.0102e+00   5.5421e-03
 7204.09   1.0454e+00   5.4364e-03
 7205.13   1.0661e+00   5.3078e-03
 7206.16   1.0509e+00   5.2094e-03
 7207.20   1.0025e+00   5.0282e-03
 7208.24   1.0063e+00   4.9096e-03
 7209.28   1.0571e+00   4.8623e-03
 7210.31   1.0452e+00   4.7438e-03
 7211.35   9.8105e-01   4.5312e-03
 7212.39   1.0023e+00   4.4461e-03
 7213.43   1.0391e+00   4.5037e-03
 7214.47   1.0469e+00   4.5685e-03
 7215.50   1.0179e+00   4.4549e-03
 7216.54   1.0417e+00   4.4883e-03
 7217.58   1.1039e+00   4.7092e-03
 7218.62   1.1101e+00   4.7857e-03
 7219.65   1.0646e+00   4.6711e-03
 7220.69   1.0209e+00   4.5399e-03
 7221.73   9.9454e-01   4.6421e-03
 7222.77   9.8835e-01   4.8387e-03
 7223.81   9.9097e-01   4.8364e-03
 7224.84   1.0328e+00   4.8675e-03
 7225.88   1.0878e+00   5.0153e-03
 7226.92   1.1077e+00   5.1266e-03
 7227.96   1.0554e+00   5.0622e-03
 7228.99   9.7632e-01   4.8991e-03
 7230.03   9.8241e-01   4.8988e-03
 7231.07   1.0267e+00   5.0871e-03
 7232.11   1.0178e+00   5.3506e-03
 7233.14   9.9896e-01   5.5156e-03
 7234.18   1.0000e+00   5.8236e-03
 7235.22   1.0272e+00   6.5673e-03
 7236.26   1.0186e+00   7.6778e-03
 7237.30   9.7391e-01   9.3396e-03
 7238.33   9.6905e-01   1.1451e-02
 7239.37   1.0169e+00   1.3301e-02
 7240.41   1.0647e+00   1.4514e-02
 7241.45   1.0343e+00   1.5301e-02
 7242.48   9.8544e-01   1.5833e-02
 7243.52   1.0080e+00   1.5951e-02
 7244.56   9.9598e-01   1.5676e-02
 7245.60   9.9751e-01   1.4819e-02
 7246.64   1.0813e+00   1.3336e-02
 7247.67   1.1091e+00   1.0974e-02
 7248.71   1.0172e+00   8.1804e-03
 7249.75   9.3741e-01   6.3116e-03
 7250.79   9.5192e-01   6.0095e-03
 7251.82   1.0263e+00   6.5837e-03
 7252.86   9.9315e-01   7.1068e-03
 7253.90   9.3782e-01   7.0908e-03
 7254.94   1.0120e+00   6.9899e-03
 7255.98   1.0662e+00   6.5246e-03
 7257.01   1.0463e+00   5.8456e-03
 7258.05   1.0356e+00   5.4204e-03
 7259.09   1.0329e+00   5.2749e-03
 7260.13   1.0334e+00   5.2275e-03
 7261.16   1.0588e+00   5.2860e-03
 7262.20   1.0590e+00   5.3307e-03
 7263.24   1.0171e+00   5.3590e-03
 7264.28   1.0358e+00   5.5555e-03
 7265.31   1.0980e+00   5.8235e-03
 7266.35   1.1175e+00   5.9189e-03
 7267.39   1.0976e+00   5.7701e-03
 7268.43   1.0557e+00   5.4720e-03
 7269.47   9.9708e-01   5.2265e-03
 7270.50   9.8540e-01   5.1162e-03
 7271.54   1.0251e+00   5.7599e-03
 7272.58   1.0484e+00   7.2712e-03
 7273.62   1.0354e+00   1.0474e-02
 7274.65   1.0065e+00   1.4707e-02
 7275.69   9.8003e-01   1.7935e-02
 7276.73   9.7553e-01   1.8495e-02
 7277.77   9.8835e-01   1.6545e-02
 7278.81   9.6569e-01   1.2837e-02
 7279.84   9.0785e-01   9.2939e-03
 7280.88   8.7684e-01   7.1779e-03
 7281.92   9.0806e-01   7.1181e-03
 7282.96   9.7954e-01   8.0540e-03
 7283.99   1.0166e+00   8.9820e-03
 7285.03   1.0246e+00   9.2126e-03
 7286.07   1.0400e+00   9.0005e-03
 7287.11   1.0469e+00   7.9955e-03
 7288.15   1.0186e+00   6.6185e-03
 7289.18   9.3207e-01   5.5866e-03
 7290.22   9.3423e-01   5.4404e-03
 7291.26   1.0260e+00   5.8450e-03
 7292.30   1.0283e+00   6.0555e-03
 7293.33   9.9071e-01   6.1355e-03
 7294.37   1.0008e+00   6.3441e-03
 7295.41   1.0280e+00   6.3696e-03
 7296.45   1.0151e+00   6.1274e-03
 7297.48   9.3436e-01   5.7693e-03
 7298.52   9.1407e-01   5.4055e-03
 7299.56   9.6631e-01   5.3150e-03
 7300.60   1.0113e+00   5.6354e-03
 7301.64   1.0427e+00   6.4930e-03
 7302.67   1.0487e+00   7.4713e-03
 7303.71   1.0043e+00   7.9392e-03
 7304.75   9.9590e-01   7.7673e-03
 7305.79   1.0684e+00   7.2736e-03
 7306.82   1.1147e+00   6.4920e-03
 7307.86   1.0938e+00   5.7815e-03
 7308.90   1.0271e+00   5.4282e-03
 7309.94   1.0139e+00   5.3583e-03
 7310.98   1.0533e+00   5.5521e-03
 7312.01   1.0604e+00   5.9664e-03
 7313.05   1.0587e+00   7.5200e-03
 7314.09   1.0871e+00   1.0344e-02
 7315.13   1.1023e+00   1.2874e-02
 7316.16   1.1011e+00   1.4400e-02
 7317.20   1.1304e+00   1.4804e-02
 7318.24   1.1604e+00   1.3071e-02
 7319.28   1.1363e+00   9.8594e-03
 7320.31   1.0285e+00   6.8332e-03
 7321.35   1.0045e+00   5.2370e-03
 7322.39   1.0648e+00   4.7894e-03
 7323.43   1.0335e+00   4.5756e-03
 7324.47   9.8578e-01   4.5797e-03
 7325.50   1.0070e+00   5.1193e-03
 7326.54   1.0476e+00   6.1567e-03
 7327.58   1.0372e+00   7.2737e-03
 7328.62   9.4631e-01   7.9226e-03
 7329.65   1.0063e+00   8.4863e-03
 7330.69   1.1420e+00   8.5541e-03
 7331.73   1.1427e+00   7.6093e-03
 7332.77   1.0888e+00   6.3225e-03
 7333.81   1.0435e+00   5.3262e-03
 7334.84   9.8320e-01   4.6677e-03
 7335.88   9.6816e-01   4.6279e-03
 7336.92   1.0120e+00   5.5924e-03
 7337.96   9.9759e-01   7.9059e-03
 7338.99   9.9989e-01   1.0978e-02
 7340.03   1.1196e+00   1.3488e-02
 7341.07   1.1861e+00   1.4784e-02
 7342.11   1.1185e+00   1.4215e-02
 7343.15   9.8963e-01   1.1781e-02
 7344.18   9.9831e-01   8.8416e-03
 7345.22   1.1418e+00   6.6488e-03
 7346.26   1.1459e+00   5.4507e-03
 7347.30   1.0498e+00   5.0036e-03
 7348.33   1.0135e+00   4.7169e-03
 7349.37   1.0011e+00   4.7445e-03
 7350.41   1.0232e+00   4.8732e-03
 7351.45   1.0728e+00   5.0463e-03
 7352.48   1.0755e+00   4.9566e-03
 7353.52   1.0195e+00   4.7589e-03
 7354.56   9.7010e-01   4.7949e-03
 7355.60   9.6102e-01   5.4160e-03
 7356.64   9.8927e-01   6.4957e-03
 7357.67   1.0365e+00   7.4480e-03
 7358.71   1.0586e+00   7.8958e-03
 7359.75   1.0692e+00   7.8739e-03
 7360.79   1.0417e+00   7.1787e-03
 7361.82   1.0194e+00   6.1163e-03
 7362.86   1.0412e+00   5.2234e-03
 7363.90   1.0535e+00   4.7385e-03
 7364.94   1.0282e+00   4.9623e-03
 7365.98   9.8530e-01   5.8798e-03
 7367.01   9.8269e-01   7.6181e-03
 7368.05   1.0250e+00   9.6125e-03
 7369.09   1.0105e+00   1.0815e-02
 7370.13   9.7429e-01   1.0763e-02
 7371.16   9.9250e-01   9.8026e-03
 7372.20   1.0495e+00   8.1112e-03
 7373.24   1.0833e+00   6.3169e-03
 7374.28   1.0520e+00   4.9862e-03
 7375.32   1.0177e+00   4.4521e-03
 7376.35   1.0272e+00   4.3414e-03
 7377.39   1.0357e+00   4.3175e-03
 7378.43   1.0601e+00   4.3165e-03
 7379.47   1.0947e+00   4.4161e-03
 7380.50   1.1256e+00   4.5099e-03
 7381.54   1.1393e+00   4.4976e-03
 7382.58   1.1254e+00   4.3694e-03
 7383.62   1.0515e+00   4.1602e-03
 7384.65   9.8156e-01   4.0336e-03
 7385.69   1.0278e+00   4.1643e-03
 7386.73   1.0573e+00   4.2109e-03
 7387.77   1.0236e+00   4.2418e-03
 7388.81   1.1085e+00   4.8403e-03
 7389.84   1.1745e+00   5.6538e-03
 7390.88   1.0968e+00   6.0940e-03
 7391.92   1.0288e+00   6.2674e-03
 7392.96   1.0414e+00   6.2359e-03
 7393.99   1.0734e+00   6.0029e-03
 7395.03   1.0891e+00   5.4636e-03
 7396.07   1.0670e+00   4.8270e-03
 7397.11   1.0287e+00   4.4148e-03
 7398.15   1.0302e+00   4.7740e-03
 7399.18   1.0671e+00   5.9021e-03
 7400.22   1.0526e+00   7.1712e-03
 7401.26   9.7941e-01   8.0280e-03
 7402.30   9.2401e-01   8.2810e-03
 7403.33   9.6469e-01   8.0781e-03
 7404.37   1.0483e+00   7.3003e-03
 7405.41   1.0690e+00   5.9021e-03
 7406.45   1.0541e+00   4.7037e-03
 7407.49   1.0496e+00   4.1502e-03
 7408.52   1.0664e+00   4.0885e-03
 7409.56   1.0778e+00   4.2186e-03
 7410.60   1.0522e+00   4.2243e-03
 7411.64   1.0524e+00   4.2894e-03
 7412.67   1.0549e+00   4.3286e-03
 7413.71   1.0382e+00   4.3002e-03
 7414.75   1.0220e+00   4.2616e-03
 7415.79   1.0165e+00   4.2619e-03
 7416.82   1.0369e+00   4.3314e-03
 7417.86   1.0422e+00   4.2858e-03
 7418.90   1.0291e+00   4.1121e-03
 7419.94   1.0714e+00   4.0690e-03
 7420.98   1.1122e+00   4.1484e-03
 7422.01   1.0984e+00   4.2265e-03
 7423.05   1.0804e+00   4.2613e-03
 7424.09   1.0653e+00   4.2089e-03
 7425.13   1.0374e+00   4.1293e-03
 7426.16   1.0391e+00   4.2466e-03
 7427.20   1.0507e+00   4.5878e-03
 7428.24   1.0188e+00   4.8861e-03
 7429.28   1.0097e+00   5.1433e-03
 7430.32   1.0544e+00   5.3349e-03
 7431.35   1.0677e+00   5.3293e-03
 7432.39   1.0511e+00   5.0402e-03
 7433.43   1.0468e+00   4.6808e-03
 7434.47   1.0607e+00   4.6015e-03
 7435.50   1.0673e+00   5.0149e-03
 7436.54   1.0359e+00   5.6747e-03
 7437.58   1.0424e+00   6.3214e-03
 7438.62   1.0865e+00   6.6002e-03
 7439.66   1.0901e+00   6.4474e-03
 7440.69   1.0780e+00   5.8999e-03
 7441.73   1.0828e+00   5.2247e-03
 7442.77   1.0788e+00   4.6541e-03
 7443.81   1.0692e+00   4.3249e-03
 7444.84   1.0580e+00   4.1633e-03
 7445.88   1.0777e+00   4.1868e-03
 7446.92   1.0743e+00   4.1531e-03
 7447.96   1.0204e+00   3.9986e-03
 7448.99   1.0005e+00   3.9684e-03
 7450.03   1.0395e+00   4.1118e-03
 7451.07   1.0497e+00   4.1897e-03
 7452.11   1.0317e+00   4.1240e-03
 7453.15   1.0163e+00   4.0180e-03
 7454.18   1.0198e+00   4.0742e-03
 7455.22   1.0067e+00   4.1394e-03
 7456.26   9.6937e-01   4.0374e-03
 7457.30   9.4898e-01   4.0156e-03
 7458.33   9.7696e-01   4.1549e-03
 7459.37   1.0152e+00   4.2851e-03
 7460.41   1.0420e+00   4.3814e-03
 7461.45   1.0542e+00   4.5086e-03
 7462.49   1.0705e+00   4.7300e-03
 7463.52   1.0805e+00   4.9440e-03
 7464.56   1.0737e+00   5.0434e-03
 7465.60   1.0482e+00   5.0178e-03
 7466.64   1.0023e+00   4.9379e-03
 7467.67   9.6253e-01   4.9255e-03
 7468.71   9.9075e-01   5.1239e-03
 7469.75   1.0576e+00   5.5171e-03
 7470.79   1.0852e+00   5.8924e-03
 7471.83   1.0638e+00   6.1586e-03
 7472.86   1.0260e+00   6.3048e-03
 7473.90   1.0113e+00   6.4975e-03
 7474.94   9.9275e-01   5.9662e-03
 7475.98   9.7039e-01   4.8871e-03
 7477.01   9.9609e-01   6.4553e-03
 7478.05   1.0281e+00   6.9578e-03
 7479.09   1.0352e+00   7.0325e-03
 7480.13   1.0481e+00   7.2733e-03
 7481.16   1.0495e+00   7.9016e-03
 7482.20   1.0772e+00   8.3205e-03
 7483.24   1.0892e+00   8.1548e-03
 7484.28   1.0814e+00   7.6659e-03
 7485.32   1.0698e+00   7.1428e-03
 7486.35   1.0459e+00   6.4991e-03
 7487.39   1.0172e+00   5.6589e-03
 7488.43   1.0126e+00   4.9994e-03
 7489.47   1.0577e+00   4.5989e-03
 7490.50   1.1041e+00   4.7523e-03
 7491.54   1.1241e+00   5.1739e-03
 7492.58   1.1122e+00   5.1743e-03
 7493.62   1.0591e+00   4.9389e-03
 7494.66   1.0441e+00   4.6715e-03
 7495.69   1.1111e+00   4.6862e-03
 7496.73   1.0984e+00   4.4696e-03
 7497.77   1.0477e+00   4.1784e-03
 7498.81   1.0664e+00   4.1757e-03
 7499.84   1.0934e+00   4.2578e-03
 7500.88   1.0819e+00   4.2470e-03
 7501.92   1.0317e+00   4.1518e-03
 7502.96   1.0268e+00   4.0784e-03
 7504.00   1.0852e+00   4.0919e-03
 7505.03   1.1086e+00   4.0976e-03
 7506.07   1.1096e+00   4.1312e-03
 7507.11   1.1224e+00   4.1957e-03
 7508.15   1.1123e+00   4.2067e-03
 7509.18   1.0809e+00   4.1177e-03
 7510.22   1.0502e+00   3.9780e-03
 7511.26   1.0702e+00   3.9878e-03
 7512.30   1.1071e+00   4.0978e-03
 7513.33   1.0829e+00   4.0496e-03
 7514.37   1.0586e+00   4.1059e-03
 7515.41   1.0760e+00   4.3670e-03
 7516.45   1.0731e+00   4.5128e-03
 7517.49   1.0566e+00   4.5137e-03
 7518.52   1.0456e+00   4.6210e-03
 7519.56   1.0266e+00   4.8140e-03
 7520.60   9.9249e-01   5.5992e-03
 7521.64   9.6309e-01   7.0519e-03
 7522.67   9.4924e-01   8.6229e-03
 7523.71   9.5747e-01   9.6416e-03
 7524.75   9.8445e-01   9.8619e-03
 7525.79   9.9967e-01   8.9720e-03
 7526.83   9.8909e-01   7.4431e-03
 7527.86   9.9337e-01   6.1384e-03
 7528.90   9.8956e-01   5.5417e-03
 7529.94   9.4859e-01   5.4113e-03
 7530.98   8.8446e-01   5.4634e-03
 7532.01   8.7825e-01   5.3737e-03
 7533.05   9.6618e-01   5.2706e-03
 7534.09   1.0094e+00   4.9090e-03
 7535.13   9.7999e-01   4.4104e-03
 7536.17   9.7535e-01   4.1459e-03
 7537.20   9.9533e-01   4.1107e-03
 7538.24   1.0121e+00   4.1590e-03
 7539.28   9.5915e-01   4.1969e-03
 7540.32   9.1773e-01   4.2520e-03
 7541.35   9.4932e-01   4.3560e-03
 7542.39   9.6729e-01   4.2909e-03
 7543.43   9.7488e-01   4.1390e-03
 7544.47   1.0111e+00   4.1113e-03
 7545.50   1.0120e+00   4.0341e-03
 7546.54   9.7667e-01   3.8872e-03
 7547.58   9.9057e-01   3.9349e-03
 7548.62   1.0518e+00   4.0785e-03
 7549.66   1.1029e+00   4.1447e-03
 7550.69   1.1021e+00   4.1615e-03
 7551.73   1.0656e+00   4.1517e-03
 7552.77   1.0556e+00   4.1771e-03
 7553.81   1.0912e+00   4.3425e-03
 7554.84   1.1410e+00   4.6830e-03
 7555.88   1.1594e+00   5.0703e-03
 7556.92   1.1367e+00   5.3211e-03
 7557.96   1.1020e+00   5.3334e-03
 7559.00   1.0740e+00   5.1461e-03
 7560.03   1.0601e+00   4.8281e-03
 7561.07   1.0458e+00   4.4800e-03
 7562.11   1.0467e+00   4.2690e-03
 7563.15   1.0408e+00   4.1763e-03
 7564.18   1.0082e+00   4.0972e-03
 7565.22   9.8665e-01   4.1026e-03
 7566.26   9.8964e-01   4.2348e-03
 7567.30   9.9843e-01   4.3792e-03
 7568.33   9.7757e-01   4.9019e-03
 7569.37   9.4335e-01   5.9758e-03
 7570.41   9.5103e-01   7.1162e-03
 7571.45   1.0221e+00   8.0711e-03
 7572.49   1.1042e+00   8.5584e-03
 7573.52   1.0992e+00   7.9994e-03
 7574.56   1.0325e+00   6.6878e-03
 7575.60   1.0025e+00   5.4474e-03
 7576.64   1.0151e+00   4.6389e-03
 7577.67   1.0422e+00   4.2397e-03
 7578.71   1.0311e+00   4.1760e-03
 7579.75   1.0318e+00   4.1760e-03
 7580.79   1.0776e+00   4.2831e-03
 7581.83   1.1110e+00   4.3540e-03
 7582.86   1.0695e+00   4.9441e-03
 7583.90   1.0639e+00   5.7461e-03
 7584.94   1.1094e+00   6.4243e-03
 7585.98   1.1410e+00   6.7054e-03
 7587.01   1.1215e+00   6.5203e-03
 7588.05   1.0797e+00   6.0700e-03
 7589.09   1.0504e+00   4.9068e-03
 7590.13   9.8602e-01   3.4921e-03
 7591.17   9.9580e-01   4.2893e-03
 7592.20   1.0251e+00   4.6961e-03
 7593.24   1.0425e+00   5.1885e-03
 7594.28   1.0338e+00   6.4529e-03
 7595.32   1.0182e+00   9.1566e-03
 7596.35   9.9640e-01   1.3548e-02
 7597.39   1.0125e+00   1.9243e-02
 7598.43   1.0827e+00   2.4217e-02
 7599.47   1.1120e+00   2.7921e-02
 7600.50   1.0515e+00   3.0530e-02
 7601.54   9.8625e-01   3.1111e-02
 7602.58   9.4788e-01   3.0974e-02
 7603.62   9.2747e-01   3.1168e-02
 7604.66   9.4110e-01   3.1447e-02
 7605.69   9.5074e-01   3.1099e-02
 7606.73   9.1913e-01   2.9518e-02
 7607.77   9.5469e-01   2.7532e-02
 7608.81   1.0529e+00   2.5203e-02
 7609.84   1.0653e+00   2.2517e-02
 7610.88   1.0266e+00   1.9463e-02
 7611.92   1.0284e+00   1.6245e-02
 7612.96   9.8812e-01   1.3277e-02
 7614.00   9.1282e-01   1.0110e-02
 7615.03   8.3888e-01   6.6616e-03
 7616.07   8.7962e-01   5.9620e-03
 7617.11   1.0045e+00   7.1707e-03
 7618.15   1.0586e+00   7.6081e-03
 7619.18   1.0717e+00   7.5680e-03
 7620.22   1.0707e+00   7.5105e-03
 7621.26   1.0102e+00   7.6753e-03
 7622.30   9.8674e-01   8.1479e-03
 7623.33   1.0229e+00   8.7128e-03
 7624.37   9.9431e-01   8.9744e-03
 7625.41   9.0183e-01   9.1896e-03
 7626.45   8.1917e-01   9.5275e-03
 7627.49   7.5443e-01   8.3904e-03
 7628.52   6.9597e-01   5.8395e-03
 7629.56   6.6840e-01   5.4207e-03
 7630.60   6.4124e-01   5.6071e-03
 7631.64   6.0728e-01   4.6838e-03
 7632.67   6.2881e-01   4.1699e-03
 7633.71   6.3089e-01   3.5147e-03
 7634.75   6.2275e-01   3.1312e-03
 7635.79   8.2256e-01   5.1329e-03
 7636.83   9.9903e-01   7.3859e-03
 7637.86   1.0425e+00   8.3759e-03
 7638.90   1.0386e+00   8.5616e-03
 7639.94   9.9816e-01   8.1670e-03
 7640.98   9.5931e-01   7.6781e-03
 7642.01   9.5020e-01   7.4295e-03
 7643.05   9.6999e-01   7.3968e-03
 7644.09   9.8943e-01   7.2346e-03
 7645.13   1.0093e+00   7.0364e-03
 7646.17   1.0263e+00   6.9379e-03
 7647.20   1.0332e+00   6.6713e-03
 7648.24   1.0253e+00   6.3522e-03
 7649.28   1.0648e+00   6.4299e-03
 7650.32   1.0248e+00   6.4173e-03
 7651.35   9.1487e-01   6.1917e-03
 7652.39   8.9753e-01   6.2522e-03
 7653.43   9.5515e-01   6.3745e-03
 7654.47   1.0104e+00   6.2896e-03
 7655.50   1.0486e+00   6.1962e-03
 7656.54   1.0355e+00   5.8358e-03
 7657.58   9.9313e-01   5.2329e-03
 7658.62   1.0043e+00   5.2345e-03
 7659.66   1.0692e+00   5.9021e-03
 7660.69   1.1086e+00   6.5314e-03
 7661.73   1.1021e+00   6.7901e-03
 7662.77   1.0668e+00   6.6391e-03
 7663.81   1.0335e+00   6.3948e-03
 7664.84   1.0227e+00   6.0251e-03
 7665.88   1.0198e+00   5.4535e-03
 7666.92   9.9681e-01   4.9016e-03
 7667.96   9.9648e-01   4.5687e-03
 7669.00   1.0296e+00   4.4546e-03
 7670.03   1.0493e+00   4.5150e-03
 7671.07   1.0214e+00   4.5220e-03
 7672.11   9.5762e-01   4.3938e-03
 7673.15   9.4411e-01   4.2990e-03
 7674.18   9.8706e-01   4.2824e-03
 7675.22   9.7437e-01   4.1099e-03
 7676.26   9.4461e-01   3.9820e-03
 7677.30   9.5710e-01   4.0634e-03
 7678.33   9.4095e-01   4.1006e-03
 7679.37   9.4409e-01   4.1287e-03
 7680.41   1.0140e+00   4.2735e-03
 7681.45   1.0459e+00   4.3268e-03
 7682.49   9.9829e-01   4.2268e-03
 7683.52   9.3903e-01   4.1570e-03
 7684.56   9.1669e-01   4.1581e-03
 7685.60   9.3841e-01   4.2588e-03
 7686.64   9.6433e-01   4.4965e-03
 7687.67   9.7060e-01   4.6743e-03
 7688.71   9.6538e-01   4.6780e-03
 7689.75   9.5530e-01   4.6053e-03
 7690.79   9.6553e-01   4.5697e-03
 7691.83   1.0062e+00   4.6127e-03
 7692.86   1.0187e+00   4.5748e-03
 7693.90   9.9219e-01   4.4203e-03
 7694.94   9.7662e-01   4.2603e-03
 7695.98   9.6276e-01   4.2437e-03
 7697.01   9.4593e-01   4.3960e-03
 7698.05   9.4059e-01   4.5096e-03
 7699.09   9.5213e-01   4.6213e-03
 7700.13   9.6973e-01   4.7756e-03
 7701.17   9.5920e-01   4.6800e-03
 7702.20   9.3185e-01   4.3563e-03
 7703.24   9.2158e-01   4.0749e-03
 7704.28   9.6481e-01   3.9808e-03
 7705.32   1.0083e+00   3.9757e-03
 7706.35   9.9384e-01   3.8830e-03
 7707.39   9.3637e-01   3.8363e-03
 7708.43   9.1737e-01   4.4625e-03
 7709.47   9.2550e-01   6.1286e-03
 7710.50   9.3379e-01   8.4833e-03
 7711.54   9.2099e-01   1.0614e-02
 7712.58   9.0337e-01   1.2244e-02
 7713.62   8.7271e-01   1.3651e-02
 7714.66   8.1966e-01   1.4779e-02
 7715.69   7.9171e-01   1.5187e-02
 7716.73   8.3650e-01   1.4682e-02
 7717.77   9.5657e-01   1.3797e-02
 7718.81   1.0353e+00   1.1966e-02
 7719.84   1.0148e+00   9.1737e-03
 7720.88   1.0035e+00   6.8892e-03
 7721.92   1.0079e+00   5.7341e-03
 7722.96   9.8394e-01   5.4921e-03
 7724.00   9.3680e-01   5.9550e-03
 7725.03   9.1121e-01   6.3655e-03
 7726.07   9.6081e-01   6.5761e-03
 7727.11   9.8581e-01   6.2504e-03
 7728.15   9.4424e-01   5.5524e-03
 7729.18   9.5885e-01   4.9288e-03
 7730.22   9.9492e-01   4.5195e-03
 7731.26   9.8606e-01   4.2401e-03
 7732.30   9.6639e-01   4.1590e-03
 7733.34   9.5151e-01   4.2451e-03
 7734.37   9.4474e-01   4.4766e-03
 7735.41   9.0193e-01   4.4979e-03
 7736.45   8.5978e-01   4.3023e-03
 7737.49   9.2028e-01   4.3012e-03
 7738.52   9.8341e-01   4.2874e-03
 7739.56   9.6749e-01   4.0895e-03
 7740.60   9.4374e-01   3.9447e-03
 7741.64   9.3139e-01   3.9027e-03
 7742.68   9.2835e-01   3.9396e-03
 7743.71   9.4733e-01   3.9470e-03
 7744.75   9.7686e-01   4.0150e-03
 7745.79   9.9545e-01   4.3368e-03
 7746.83   9.8429e-01   5.7548e-03
 7747.86   9.4419e-01   8.8488e-03
 7748.90   8.7305e-01   1.2616e-02
 7749.94   8.7918e-01   1.5884e-02
 7750.98   9.7390e-01   1.7288e-02
 7752.01   9.6696e-01   1.6104e-02
 7753.05   9.2566e-01   1.2674e-02
 7754.09   9.9565e-01   8.6224e-03
 7755.13   9.8905e-01   5.7430e-03
 7756.17   9.0969e-01   4.9548e-03
 7757.20   9.2971e-01   5.7449e-03
 7758.24   9.4600e-01   7.1645e-03
 7759.28   9.1929e-01   8.0381e-03
 7760.32   9.4488e-01   8.3901e-03
 7761.35   9.8969e-01   7.9497e-03
 7762.39   1.0023e+00   6.9280e-03
 7763.43   1.0023e+00   5.5614e-03
 7764.47   9.8033e-01   4.3702e-03
 7765.51   9.4626e-01   3.7696e-03
 7766.54   9.1264e-01   3.6370e-03
 7767.58   9.2014e-01   3.6937e-03
 7768.62   9.6601e-01   3.9583e-03
 7769.66   9.6558e-01   4.2209e-03
 7770.69   9.1963e-01   4.5351e-03
 7771.73   9.7737e-01   5.1994e-03
 7772.77   1.0419e+00   5.7406e-03
 7773.81   9.9244e-01   5.6986e-03
 7774.85   9.5747e-01   5.4386e-03
 7775.88   9.4937e-01   5.1634e-03
 7776.92   9.0875e-01   4.8729e-03
 7777.96   9.5107e-01   5.1773e-03
 7779.00   1.0576e+00   6.0068e-03
 7780.03   1.0725e+00   6.5966e-03
 7781.07   1.0453e+00   6.7740e-03
 7782.11   1.0438e+00   6.5287e-03
 7783.15   1.0376e+00   5.7365e-03
 7784.18   1.0042e+00   4.8031e-03
 7785.22   9.4296e-01   4.2001e-03
 7786.26   9.4326e-01   4.0713e-03
 7787.30   9.7670e-01   4.1640e-03
 7788.34   9.5216e-01   4.2832e-03
 7789.37   9.2576e-01   4.4667e-03
 7790.41   9.3546e-01   5.5113e-03
 7791.45   9.6676e-01   7.7724e-03
 7792.49   9.4820e-01   1.0643e-02
 7793.52   8.7859e-01   1.2797e-02
 7794.56   9.3320e-01   1.3664e-02
 7795.60   9.9707e-01   1.2550e-02
 7796.64   9.0684e-01   9.8294e-03
 7797.68   9.0639e-01   6.9146e-03
 7798.71   1.0066e+00   4.9377e-03
 7799.75   9.9186e-01   3.9514e-03
 7800.79   9.8698e-01   3.8279e-03
 7801.83   1.0301e+00   3.8301e-03
 7802.86   9.5375e-01   3.7915e-03
 7803.90   8.9705e-01   3.8293e-03
 7804.94   9.6610e-01   4.3542e-03
 7805.98   9.7855e-01   5.3955e-03
 7807.02   9.2866e-01   6.5860e-03
 7808.05   9.1125e-01   7.2942e-03
 7809.09   8.9501e-01   7.5384e-03
 7810.13   8.9700e-01   7.2673e-03
 7811.17   9.5740e-01   6.3761e-03
 7812.20   1.0074e+00   5.2836e-03
 7813.24   9.9395e-01   4.4533e-03
 7814.28   9.6586e-01   4.1520e-03
 7815.32   9.3899e-01   4.0507e-03
 7816.35   9.2208e-01   4.1309e-03
 7817.39   9.6939e-01   4.9629e-03
 7818.43   1.0260e+00   7.2587e-03
 7819.47   1.0097e+00   1.0528e-02
 7820.51   9.4068e-01   1.3521e-02
 7821.54   8.9605e-01   1.5013e-02
 7822.58   9.4668e-01   1.4878e-02
 7823.62   9.5665e-01   1.2532e-02
 7824.66   8.6609e-01   8.8691e-03
 7825.69   8.4734e-01   5.8823e-03
 7826.73   9.0961e-01   4.4510e-03
 7827.77   9.6452e-01   3.9785e-03
 7828.81   9.5363e-01   3.9806e-03
 7829.85   9.2021e-01   3.8461e-03
 7830.88   9.5942e-01   3.9088e-03
 7831.92   9.7654e-01   3.8990e-03
 7832.96   9.4797e-01   3.8070e-03
 7834.00   9.7867e-01   3.8987e-03
 7835.03   1.0019e+00   3.9053e-03
 7836.07   9.6632e-01   3.8020e-03
 7837.11   9.1713e-01   3.8953e-03
 7838.15   8.9717e-01   4.5522e-03
 7839.19   9.1541e-01   5.6389e-03
 7840.22   9.7273e-01   6.7475e-03
 7841.26   1.0038e+00   7.3387e-03
 7842.30   9.4509e-01   7.2044e-03
 7843.34   9.1960e-01   6.3926e-03
 7844.37   9.7554e-01   5.3676e-03
 7845.41   9.9473e-01   4.5310e-03
 7846.45   9.6058e-01   4.1071e-03
 7847.49   9.1478e-01   4.2285e-03
 7848.52   8.8873e-01   4.7079e-03
 7849.56   8.9946e-01   6.2359e-03
 7850.60   9.2477e-01   9.0082e-03
 7851.64   9.6373e-01   1.2477e-02
 7852.68   9.9209e-01   1.5327e-02
 7853.71   9.8663e-01   1.6304e-02
 7854.75   9.9335e-01   1.5115e-02
 7855.79   1.0212e+00   1.2676e-02
 7856.83   1.0083e+00   9.6667e-03
 7857.86   9.8000e-01   7.9073e-03
 7858.90   9.7521e-01   7.8766e-03
 7859.94   9.2430e-01   8.4284e-03
 7860.98   8.5253e-01   8.3215e-03
 7862.02   8.3587e-01   7.6997e-03
 7863.05   8.4720e-01   6.5366e-03
 7864.09   8.6589e-01   5.4182e-03
 7865.13   8.9542e-01   4.9379e-03
 7866.17   9.1488e-01   5.2519e-03
 7867.20   9.1944e-01   6.1701e-03
 7868.24   9.3168e-01   7.5992e-03
 7869.28   9.4029e-01   9.0269e-03
 7870.32   9.4864e-01   9.9014e-03
 7871.35   9.2141e-01   9.7143e-03
 7872.39   9.0801e-01   8.5477e-03
 7873.43   9.6795e-01   7.0542e-03
 7874.47   9.8981e-01   5.5369e-03
 7875.51   9.4811e-01   4.6531e-03
 7876.54   9.7228e-01   5.0390e-03
 7877.58   1.0117e+00   6.1731e-03
 7878.62   1.0038e+00   7.1090e-03
 7879.66   1.0165e+00   7.7979e-03
 7880.69   1.0133e+00   7.9081e-03
 7881.73   9.5220e-01   7.4310e-03
 7882.77   9.4251e-01   6.6991e-03
 7883.81   9.6838e-01   5.9306e-03
 7884.85   9.2341e-01   5.1145e-03
 7885.88   9.0472e-01   5.0363e-03
 7886.92   9.5821e-01   6.1148e-03
 7887.96   9.7766e-01   7.9156e-03
 7889.00   9.6113e-01   9.5416e-03
 7890.03   9.4791e-01   1.0186e-02
 7891.07   9.2651e-01   9.8293e-03
 7892.11   9.1879e-01   8.5692e-03
 7893.15   9.2461e-01   6.7805e-03
 7894.19   9.7168e-01   5.3403e-03
 7895.22   1.0181e+00   4.5561e-03
 7896.26   9.6356e-01   4.1052e-03
 7897.30   9.0072e-01   3.9359e-03
 7898.34   9.0614e-01   3.8620e-03
 7899.37   9.0359e-01   3.8354e-03
 7900.41   9.2203e-01   3.8163e-03
 7901.45   9.8296e-01   3.8622e-03
 7902.49   9.8422e-01   3.8601e-03
 7903.52   9.5616e-01   3.8701e-03
 7904.56   9.9323e-01   4.0143e-03
 7905.60   9.9853e-01   4.0381e-03
 7906.64   9.5732e-01   3.9553e-03
 7907.68   9.4568e-01   3.9731e-03
 7908.71   9.5275e-01   4.3194e-03
 7909.75   9.6174e-01   5.8272e-03
 7910.79   1.0366e+00   9.1085e-03
 7911.83   1.0959e+00   1.3592e-02
 7912.86   1.0491e+00   1.7269e-02
 7913.90   9.5187e-01   1.8876e-02
 7914.94   8.7940e-01   1.7696e-02
 7915.98   8.6198e-01   1.4411e-02
 7917.02   9.1398e-01   1.0632e-02
 7918.05   1.0007e+00   8.3806e-03
 7919.09   1.0761e+00   8.5017e-03
 7920.13   1.0744e+00   9.7800e-03
 7921.17   1.0081e+00   1.0178e-02
 7922.20   9.7780e-01   9.9591e-03
 7923.24   9.9380e-01   8.6800e-03
 7924.28   9.9790e-01   6.6957e-03
 7925.32   9.8929e-01   4.9932e-03
 7926.35   9.9088e-01   4.2604e-03
 7927.39   1.0330e+00   4.3790e-03
 7928.43   1.0513e+00   5.3095e-03
 7929.47   1.0146e+00   6.5302e-03
 7930.51   9.6846e-01   7.6418e-03
 7931.54   9.7563e-01   8.1676e-03
 7932.58   1.0368e+00   7.9624e-03
 7933.62   1.0428e+00   7.0033e-03
 7934.66   9.8606e-01   5.6764e-03
 7935.69   9.4349e-01   4.4917e-03
 7936.73   9.6371e-01   3.9442e-03
 7937.77   1.0169e+00   3.8652e-03
 7938.81   1.0291e+00   3.8667e-03
 7939.85   9.8234e-01   3.8065e-03
 7940.88   9.1947e-01   3.7205e-03
 7941.92   9.0316e-01   3.7295e-03
 7942.96   9.2214e-01   3.8234e-03
 7944.00   9.3584e-01   4.0140e-03
 7945.03   9.6324e-01   4.2738e-03
 7946.07   9.8443e-01   4.8332e-03
 7947.11   9.9322e-01   5.7444e-03
 7948.15   9.3527e-01   6.4166e-03
 7949.19   8.7818e-01   6.6162e-03
 7950.22   9.5278e-01   6.7101e-03
 7951.26   1.0435e+00   6.3034e-03
 7952.30   1.0371e+00   5.3264e-03
 7953.34   1.0038e+00   4.4120e-03
 7954.37   9.8322e-01   3.8825e-03
 7955.41   9.8315e-01   3.6594e-03
 7956.45   9.8546e-01   3.6675e-03
 7957.49   9.8068e-01   3.6366e-03
 7958.52   9.5661e-01   3.6013e-03
 7959.56   9.5110e-01   3.5425e-03
 7960.60   9.3286e-01   4.2825e-03
 7961.64   8.8793e-01   6.2793e-03
 7962.68   8.9853e-01   9.5943e-03
 7963.71   9.6470e-01   1.2930e-02
 7964.75   9.7011e-01   1.4619e-02
 7965.79   9.4819e-01   1.4155e-02
 7966.83   9.8503e-01   1.2401e-02
 7967.86   1.0004e+00   9.4469e-03
 7968.90   9.8334e-01   6.4886e-03
 7969.94   9.9424e-01   4.8531e-03
 7970.98   9.8293e-01   4.3468e-03
 7972.02   9.4775e-01   4.0326e-03
 7973.05   9.6664e-01   4.0105e-03
 7974.09   9.8518e-01   4.1180e-03
 7975.13   9.5521e-01   4.5700e-03
 7976.17   9.5117e-01   5.4656e-03
 7977.20   9.8278e-01   6.7787e-03
 7978.24   1.0173e+00   8.0698e-03
 7979.28   9.7406e-01   8.6496e-03
 7980.32   9.0794e-01   8.3612e-03
 7981.36   9.8333e-01   7.7476e-03
 7982.39   1.0307e+00   6.5223e-03
 7983.43   9.6634e-01   4.9313e-03
 7984.47   1.0005e+00   4.1150e-03
 7985.51   1.0648e+00   4.0105e-03
 7986.54   1.0149e+00   4.0073e-03
 7987.58   1.0014e+00   3.9725e-03
 7988.62   1.0194e+00   4.3356e-03
 7989.66   9.7920e-01   5.5453e-03
 7990.69   9.7874e-01   8.3872e-03
 7991.73   1.0428e+00   1.2408e-02
 7992.77   1.0977e+00   1.5658e-02
 7993.81   1.0849e+00   1.6700e-02
 7994.85   1.0200e+00   1.5278e-02
 7995.88   9.9887e-01   1.1963e-02
 7996.92   9.9485e-01   8.2867e-03
 7997.96   9.4832e-01   5.5227e-03
 7999.00   9.2486e-01   4.4083e-03
 8000.03   9.4379e-01   4.2286e-03
 8001.07   9.7340e-01   4.1527e-03
 8002.11   1.0062e+00   4.1046e-03
 8003.15   1.0264e+00   4.0571e-03
 8004.19   1.0241e+00   4.0399e-03
 8005.22   9.8790e-01   3.9226e-03
 8006.26   9.3687e-01   3.7139e-03
 8007.30   9.2020e-01   3.6566e-03
 8008.34   9.1992e-01   3.6713e-03
 8009.37   8.8996e-01   3.6437e-03
 8010.41   9.1418e-01   4.0179e-03
 8011.45   9.5476e-01   4.8844e-03
 8012.49   9.3248e-01   5.7569e-03
 8013.53   9.0823e-01   6.4497e-03
 8014.56   9.4630e-01   6.8094e-03
 8015.60   9.6403e-01   6.5809e-03
 8016.64   9.5374e-01   5.8791e-03
 8017.68   9.4434e-01   5.1184e-03
 8018.71   9.2385e-01   4.5741e-03
 8019.75   9.4463e-01   4.4049e-03
 8020.79   1.0336e+00   4.6362e-03
 8021.83   1.0788e+00   5.2360e-03
 8022.86   1.0429e+00   6.6172e-03
 8023.90   1.0121e+00   8.8952e-03
 8024.94   9.8148e-01   1.1097e-02
 8025.98   9.5638e-01   1.2158e-02
 8027.02   9.9688e-01   1.2139e-02
 8028.05   1.0270e+00   1.0644e-02
 8029.09   9.8814e-01   8.0864e-03
 8030.13   9.3805e-01   5.8930e-03
 8031.17   9.2926e-01   4.7422e-03
 8032.20   9.6156e-01   4.3008e-03
 8033.24   1.0200e+00   4.2784e-03
 8034.28   1.0339e+00   4.0963e-03
 8035.32   9.4475e-01   3.8646e-03
 8036.36   8.8791e-01   3.6999e-03
 8037.39   9.3870e-01   3.7147e-03
 8038.43   9.7222e-01   3.7668e-03
 8039.47   9.6737e-01   3.7808e-03
 8040.51   9.6661e-01   3.7673e-03
 8041.54   9.7961e-01   3.7842e-03
 8042.58   9.8743e-01   3.7847e-03
 8043.62   9.6768e-01   3.6982e-03
 8044.66   9.6899e-01   3.6430e-03
 8045.70   9.9418e-01   3.6892e-03
 8046.73   9.6036e-01   3.6826e-03
 8047.77   9.5502e-01   3.8847e-03
 8048.81   1.0263e+00   4.4415e-03
 8049.85   1.0547e+00   5.0876e-03
 8050.88   1.0358e+00   5.6081e-03
 8051.92   1.0272e+00   5.8494e-03
 8052.96   9.5599e-01   5.6576e-03
 8054.00   8.9608e-01   5.1710e-03
 8055.04   9.8121e-01   4.7010e-03
 8056.07   1.0132e+00   4.1525e-03
 8057.11   9.1886e-01   3.7629e-03
 8058.15   8.8399e-01   3.9093e-03
 8059.19   9.5979e-01   4.8828e-03
 8060.22   1.0642e+00   6.3183e-03
 8061.26   1.0666e+00   7.4011e-03
 8062.30   9.8323e-01   7.7402e-03
 8063.34   9.3585e-01   7.5529e-03
 8064.37   9.5187e-01   6.7852e-03
 8065.41   9.9033e-01   5.6760e-03
 8066.45   9.8506e-01   4.5897e-03
 8067.49   9.9192e-01   3.9782e-03
 8068.53   1.0331e+00   3.8019e-03
 8069.56   1.0488e+00   3.8301e-03
 8070.60   1.0340e+00   3.8480e-03
 8071.64   1.0080e+00   3.8395e-03
 8072.68   9.8471e-01   3.7944e-03
 8073.71   9.7663e-01   3.7748e-03
 8074.75   9.7837e-01   3.8270e-03
 8075.79   1.0055e+00   3.9679e-03
 8076.83   1.0313e+00   4.0753e-03
 8077.87   1.0088e+00   3.9916e-03
 8078.90   9.9298e-01   3.8840e-03
 8079.94   1.0224e+00   3.9225e-03
 8080.98   1.0503e+00   3.9948e-03
 8082.02   1.0536e+00   4.0785e-03
 8083.05   1.0393e+00   4.1673e-03
 8084.09   1.0325e+00   4.1794e-03
 8085.13   1.0386e+00   4.1658e-03
 8086.17   1.0482e+00   4.2355e-03
 8087.21   1.0579e+00   4.2542e-03
 8088.24   1.0587e+00   4.1517e-03
 8089.28   1.0660e+00   4.0204e-03
 8090.32   1.0189e+00   3.9662e-03
 8091.36   9.2642e-01   4.0640e-03
 8092.39   9.0915e-01   4.3135e-03
 8093.43   9.5190e-01   4.5545e-03
 8094.47   9.6300e-01   4.6210e-03
 8095.51   9.3929e-01   4.4801e-03
 8096.54   9.0624e-01   4.2009e-03
 8097.58   8.9684e-01   3.8852e-03
 8098.62   9.4766e-01   3.9073e-03
 8099.66   1.0226e+00   4.3731e-03
 8100.70   1.0256e+00   4.9423e-03
 8101.73   9.7698e-01   5.3730e-03
 8102.77   9.5233e-01   5.5484e-03
 8103.81   9.6015e-01   5.4446e-03
 8104.85   9.8526e-01   5.1208e-03
 8105.88   9.9415e-01   4.6919e-03
 8106.92   9.5460e-01   4.1906e-03
 8107.96   9.0568e-01   3.7844e-03
 8109.00   9.2997e-01   3.7433e-03
 8110.04   9.4234e-01   3.7694e-03
 8111.07   8.9821e-01   3.6308e-03
 8112.11   8.9303e-01   3.5914e-03
 8113.15   9.2940e-01   3.6899e-03
 8114.19   9.6899e-01   3.8453e-03
 8115.22   9.5662e-01   3.8022e-03
 8116.26   9.2300e-01   3.6312e-03
 8117.30   9.3207e-01   3.5950e-03
 8118.34   9.3396e-01   3.5851e-03
 8119.38   9.1347e-01   3.5670e-03
 8120.41   9.2892e-01   3.6641e-03
 8121.45   9.5285e-01   3.7630e-03
 8122.49   9.6190e-01   3.7815e-03
 8123.53   9.6943e-01   3.7832e-03
 8124.56   9.7308e-01   3.8066e-03
 8125.60   9.7226e-01   3.8594e-03
 8126.64   9.4730e-01   3.8323e-03
 8127.68   9.2064e-01   3.8009e-03
 8128.71   9.2911e-01   3.9130e-03
 8129.75   9.6045e-01   4.0484e-03
 8130.79   9.7718e-01   4.1184e-03
 8131.83   9.3875e-01   4.1514e-03
 8132.87   9.0701e-01   4.1780e-03
 8133.90   9.3098e-01   4.2433e-03
 8134.94   9.4819e-01   4.3461e-03
 8135.98   9.1437e-01   4.4072e-03
 8137.02   8.4601e-01   4.3716e-03
 8138.05   8.3243e-01   4.3448e-03
 8139.09   8.7388e-01   4.3956e-03
 8140.13   8.8715e-01   4.4979e-03
 8141.17   8.8342e-01   4.4725e-03
 8142.21   8.9112e-01   4.3250e-03
 8143.24   9.1205e-01   4.2803e-03
 8144.28   9.1095e-01   4.3652e-03
 8145.32   8.8545e-01   4.5253e-03
 8146.36   8.9020e-01   4.7951e-03
 8147.39   9.2117e-01   5.0121e-03
 8148.43   9.3769e-01   5.0178e-03
 8149.47   9.6784e-01   4.8317e-03
 8150.51   9.9164e-01   4.5648e-03
 8151.54   9.6433e-01   4.3705e-03
 8152.58   9.2905e-01   4.3068e-03
 8153.62   9.2138e-01   4.2801e-03
 8154.66   9.3233e-01   4.2950e-03
 8155.70   9.1426e-01   4.1640e-03
 8156.73   8.6791e-01   3.9365e-03
 8157.77   8.7347e-01   3.8922e-03
 8158.81   9.1365e-01   4.0325e-03
 8159.85   9.0633e-01   4.1376e-03
 8160.88   8.7341e-01   4.2539e-03
 8161.92   8.5436e-01   4.4010e-03
 8162.96   8.5560e-01   4.4856e-03
 8164.00   8.7712e-01   4.5342e-03
 8165.04   8.9640e-01   4.5363e-03
 8166.07   9.1080e-01   4.4011e-03
 8167.11   9.0881e-01   4.2272e-03
 8168.15   8.8683e-01   4.1275e-03
 8169.19   9.2760e-01   4.2695e-03
 8170.22   9.9300e-01   4.4216e-03
 8171.26   9.8083e-01   4.2662e-03
 8172.30   9.4213e-01   4.0266e-03
 8173.34   9.2175e-01   3.9083e-03
 8174.38   9.1574e-01   3.8213e-03
 8175.41   8.9186e-01   3.8857e-03
 8176.45   8.5603e-01   4.1394e-03
 8177.49   8.8721e-01   4.4386e-03
 8178.53   9.5589e-01   4.6615e-03
 8179.56   9.8058e-01   4.7479e-03
 8180.60   9.4345e-01   4.5101e-03
 8181.64   8.8459e-01   4.1422e-03
 8182.68   8.7367e-01   4.0266e-03
 8183.71   8.9237e-01   4.0209e-03
 8184.75   9.0043e-01   3.9861e-03
 8185.79   9.3464e-01   4.1508e-03
 8186.83   9.3740e-01   4.3080e-03
 8187.87   9.0714e-01   4.3239e-03
 8188.90   8.8640e-01   4.2885e-03
 8189.94   8.7591e-01   4.2194e-03
 8190.98   8.5508e-01   4.1039e-03
 8192.02   8.9785e-01   4.1544e-03
 8193.05   9.7091e-01   4.3531e-03
 8194.09   9.6176e-01   4.4443e-03
 8195.13   9.1880e-01   4.4980e-03
 8196.17   9.1434e-01   4.5784e-03
 8197.21   9.3779e-01   4.5855e-03
 8198.24   9.3843e-01   4.4636e-03
 8199.28   8.8660e-01   4.2369e-03
 8200.32   9.1343e-01   4.1411e-03
 8201.36   9.8509e-01   4.1179e-03
 8202.39   9.8431e-01   3.9759e-03
 8203.43   9.3302e-01   3.7626e-03
 8204.47   8.6738e-01   3.5604e-03
 8205.51   8.0408e-01   3.4652e-03
 8206.54   8.0924e-01   3.4938e-03
 8207.58   8.8882e-01   3.5998e-03
 8208.62   9.3820e-01   3.7209e-03
 8209.66   9.3567e-01   3.7751e-03
 8210.70   9.2059e-01   3.7510e-03
 8211.73   8.9792e-01   3.6889e-03
 8212.77   8.8638e-01   3.6601e-03
 8213.81   8.9905e-01   3.7107e-03
 8214.85   9.3071e-01   3.7562e-03
 8215.88   9.5799e-01   3.7525e-03
 8216.92   9.7003e-01   3.7804e-03
 8217.96   9.5567e-01   3.7919e-03
 8219.00   9.2693e-01   3.7620e-03
 8220.04   9.1079e-01   3.7674e-03
 8221.07   9.0336e-01   3.7868e-03
 8222.11   9.2911e-01   3.8598e-03
 8223.15   9.3273e-01   3.9979e-03
 8224.19   9.2903e-01   4.2743e-03
 8225.22   9.7294e-01   4.6716e-03
 8226.26   9.6054e-01   4.9529e-03
 8227.30   8.9134e-01   5.1424e-03
 8228.34   8.8914e-01   5.4900e-03
 8229.38   9.0744e-01   5.7157e-03
 8230.41   8.7831e-01   5.5225e-03
 8231.45   8.8235e-01   5.1545e-03
 8232.49   9.2034e-01   4.7661e-03
 8233.53   9.4230e-01   4.4064e-03
 8234.56   9.4033e-01   4.1566e-03
 8235.60   9.2582e-01   3.9621e-03
 8236.64   9.0463e-01   3.7950e-03
 8237.68   9.2195e-01   3.7411e-03
 8238.71   9.6502e-01   3.8144e-03
 8239.75   9.7332e-01   3.9259e-03
 8240.79   9.5720e-01   4.0529e-03
 8241.83   9.4670e-01   4.1692e-03
 8242.87   9.0782e-01   4.0970e-03
 8243.90   8.6909e-01   3.9245e-03
 8244.94   8.7532e-01   3.8507e-03
 8245.98   9.2146e-01   3.9486e-03
 8247.02   9.4588e-01   4.0234e-03
 8248.05   8.8709e-01   3.8159e-03
 8249.09   8.5966e-01   3.6230e-03
 8250.13   9.3102e-01   3.6825e-03
 8251.17   9.3943e-01   3.6439e-03
 8252.21   8.9550e-01   3.5584e-03
 8253.24   8.8353e-01   3.6124e-03
 8254.28   8.9879e-01   3.7604e-03
 8255.32   9.2356e-01   3.9346e-03
 8256.36   9.3658e-01   4.0606e-03
 8257.39   9.4189e-01   4.1176e-03
 8258.43   9.4560e-01   4.0819e-03
 8259.47   9.4664e-01   3.8922e-03
 8260.51   9.4411e-01   3.7444e-03
 8261.54   9.4274e-01   3.7671e-03
 8262.58   9.5796e-01   3.8513e-03
 8263.62   9.7969e-01   3.8774e-03
 8264.66   9.8163e-01   3.7985e-03
 8265.70   9.6493e-01   3.6676e-03
 8266.73   9.3847e-01   3.5668e-03
 8267.77   9.2071e-01   3.5372e-03
 8268.81   9.2411e-01   3.6051e-03
 8269.85   9.3210e-01   3.7088e-03
 8270.88   9.0437e-01   3.6968e-03
 8271.92   8.9363e-01   3.7784e-03
 8272.96   9.4010e-01   4.1706e-03
 8274.00   1.0058e+00   4.5425e-03
 8275.04   9.9220e-01   4.9877e-03
 8276.07   8.5003e-01   5.6726e-03
 8277.11   8.6091e-01   6.8211e-03
 8278.15   1.0354e+00   8.5822e-03
 8279.19   1.0613e+00   1.0282e-02
 8280.22   9.6557e-01   1.1502e-02
 8281.26   8.8543e-01   1.1801e-02
 8282.30   8.3446e-01   1.0869e-02
 8283.34   8.5729e-01   9.5377e-03
 8284.38   9.2885e-01   8.7954e-03
 8285.41   8.8751e-01   8.8310e-03
 8286.45   7.4279e-01   1.0197e-02
 8287.49   6.5558e-01   1.2691e-02
 8288.53   7.3757e-01   1.4495e-02
 8289.56   9.0700e-01   1.4041e-02
 8290.60   9.6945e-01   1.1858e-02
 8291.64   9.3941e-01   8.9268e-03
 8292.68   9.1272e-01   6.8416e-03
 8293.71   9.0106e-01   6.4265e-03
 8294.75   8.9011e-01   7.7205e-03
 8295.79   8.5065e-01   9.7425e-03
 8296.83   8.6979e-01   1.2822e-02
 8297.87   9.4517e-01   1.5601e-02
 8298.90   9.9558e-01   1.6232e-02
 8299.94   9.6386e-01   1.5029e-02
 8300.98   8.7767e-01   1.2744e-02
 8302.02   8.4549e-01   9.4212e-03
 8303.05   8.5317e-01   6.5032e-03
 8304.09   8.4844e-01   4.9363e-03
 8305.13   9.2952e-01   4.5307e-03
 8306.17   9.9376e-01   4.4970e-03
 8307.21   9.2897e-01   4.5316e-03
 8308.24   8.7155e-01   5.2020e-03
 8309.28   9.0509e-01   6.3256e-03
 8310.32   9.5191e-01   7.0757e-03
 8311.36   9.8366e-01   7.2552e-03
 8312.39   9.8224e-01   6.8750e-03
 8313.43   9.4124e-01   5.7937e-03
 8314.47   9.0994e-01   4.6945e-03
 8315.51   9.2608e-01   4.1777e-03
 8316.54   9.5084e-01   4.1328e-03
 8317.58   9.6361e-01   4.2728e-03
 8318.62   9.6919e-01   4.4075e-03
 8319.66   9.4739e-01   4.3844e-03
 8320.70   9.2893e-01   4.2430e-03
 8321.73   9.6895e-01   4.1986e-03
 8322.77   1.0064e+00   4.1115e-03
 8323.81   9.8383e-01   3.8660e-03
 8324.85   9.2164e-01   3.5862e-03
 8325.88   8.8910e-01   3.4246e-03
 8326.92   9.2366e-01   3.4456e-03
 8327.96   9.3862e-01   3.5403e-03
 8329.00   9.2162e-01   3.6049e-03
 8330.04   9.2407e-01   3.6432e-03
 8331.07   9.4574e-01   3.6978e-03
 8332.11   9.7963e-01   3.7990e-03
 8333.15   1.0137e+00   3.8987e-03
 8334.19   1.0113e+00   3.9140e-03
 8335.22   9.8392e-01   3.9065e-03
 8336.26   9.5979e-01   4.0270e-03
 8337.30   9.6640e-01   4.1798e-03
 8338.34   9.9812e-01   4.5437e-03
 8339.38   9.7341e-01   4.6826e-03
 8340.41   9.0879e-01   6.4127e-03
 8341.45   8.9310e-01   1.0722e-02
 8342.49   8.3235e-01   1.8225e-02
 8343.53   7.8581e-01   2.6463e-02
 8344.56   9.7505e-01   3.1491e-02
 8345.60   1.1193e+00   3.0748e-02
 8346.64   1.0074e+00   2.5273e-02
 8347.68   9.1809e-01   1.6858e-02
 8348.71   9.3823e-01   1.0102e-02
 8349.75   9.8207e-01   7.6458e-03
 8350.79   1.0196e+00   9.1561e-03
 8351.83   9.9006e-01   1.1346e-02
 8352.87   8.9940e-01   1.2463e-02
 8353.90   8.8404e-01   1.1978e-02
 8354.94   9.6026e-01   1.0355e-02
 8355.98   9.1027e-01   7.5837e-03
 8357.02   8.3876e-01   5.0923e-03
 8358.05   8.8856e-01   3.9600e-03
 8359.09   9.2577e-01   3.8579e-03
 8360.13   9.2912e-01   4.1929e-03
 8361.17   9.4953e-01   4.7409e-03
 8362.21   9.8940e-01   5.6147e-03
 8363.24   1.0039e+00   6.5252e-03
 8364.28   9.4869e-01   6.8764e-03
 8365.32   8.8923e-01   6.7749e-03
 8366.36   8.7829e-01   6.4021e-03
 8367.39   8.6853e-01   5.5386e-03
 8368.43   8.8222e-01   4.5627e-03
 8369.47   9.3573e-01   3.9167e-03
 8370.51   9.7867e-01   3.6712e-03
 8371.55   1.0048e+00   3.6396e-03
 8372.58   1.0393e+00   3.6768e-03
 8373.62   1.0297e+00   3.6761e-03
 8374.66   9.8682e-01   3.6293e-03
 8375.70   9.7421e-01   3.6389e-03
 8376.73   9.5463e-01   3.6305e-03
 8377.77   9.1204e-01   3.8992e-03
 8378.81   9.3621e-01   4.8795e-03
 8379.85   9.8717e-01   6.6392e-03
 8380.88   1.0059e+00   8.4751e-03
 8381.92   1.0157e+00   9.8070e-03
 8382.96   1.0338e+00   1.0046e-02
 8384.00   1.0446e+00   9.1109e-03
 8385.04   1.0439e+00   7.3572e-03
 8386.07   1.0215e+00   5.5224e-03
 8387.11   9.3310e-01   4.1182e-03
 8388.15   9.1786e-01   3.6453e-03
 8389.19   1.0249e+00   3.8016e-03
 8390.22   1.0522e+00   4.0047e-03
 8391.26   9.8206e-01   3.9105e-03
 8392.30   9.3444e-01   3.9441e-03
 8393.34   9.1529e-01   3.6548e-03
 8394.38   9.2175e-01   4.0272e-03
 8395.41   9.3925e-01   5.6127e-03
 8396.45   9.2394e-01   1.0135e-02
 8397.49   9.1118e-01   1.6917e-02
 8398.53   1.0401e+00   2.2548e-02
 8399.56   1.1323e+00   2.4658e-02
 8400.60   1.0335e+00   2.2942e-02
 8401.64   9.4246e-01   1.7674e-02
 8402.68   9.3832e-01   1.1307e-02
 8403.72   9.6241e-01   6.3294e-03
 8404.75   9.7423e-01   4.1160e-03
 8405.79   9.6804e-01   3.5837e-03
 8406.83   1.0000e+00   3.6791e-03
 8407.87   1.0425e+00   3.7816e-03
 8408.90   1.0522e+00   3.8322e-03
 8409.94   1.0266e+00   3.7215e-03
 8410.98   9.8300e-01   3.9539e-03
 8412.02   9.5548e-01   5.0423e-03
 8413.05   9.6707e-01   7.1027e-03
 8414.09   1.0078e+00   9.5475e-03
 8415.13   1.0285e+00   1.1191e-02
 8416.17   1.0858e+00   1.1392e-02
 8417.21   1.1465e+00   1.0095e-02
 8418.24   1.0718e+00   7.6492e-03
 8419.28   9.7163e-01   5.3807e-03
 8420.32   9.7402e-01   4.1720e-03
 8421.36   1.0373e+00   3.9835e-03
 8422.39   1.0749e+00   4.1107e-03
 8423.43   1.0204e+00   4.1622e-03
 8424.47   9.6158e-01   3.8706e-03
 8425.51   9.2442e-01   4.4801e-03
 8426.55   8.5876e-01   6.7015e-03
 8427.58   8.7626e-01   1.2021e-02
 8428.62   9.6272e-01   1.9374e-02
 8429.66   9.4865e-01   2.5033e-02
 8430.70   9.3049e-01   2.6961e-02
 8431.73   1.0011e+00   2.4992e-02
 8432.77   9.9542e-01   1.8751e-02
 8433.81   9.3099e-01   1.1380e-02
 8434.85   9.1075e-01   6.3355e-03
 8435.89   9.4006e-01   4.3940e-03
 8436.92   9.8678e-01   3.8922e-03
 8437.96   1.0153e+00   3.8497e-03
 8439.00   1.0039e+00   3.7405e-03
 8440.04   9.7357e-01   3.5806e-03
 8441.07   9.6837e-01   3.5929e-03
 8442.11   9.9145e-01   3.6371e-03
 8443.15   1.0105e+00   3.5903e-03
 8444.19   1.0164e+00   3.6511e-03
 8445.22   9.9258e-01   3.7228e-03
 8446.26   9.6021e-01   3.7166e-03
 8447.30   9.5393e-01   3.7170e-03
 8448.34   9.7332e-01   4.2921e-03
 8449.38   9.7830e-01   5.5808e-03
 8450.41   9.6684e-01   7.4295e-03
 8451.45   9.6449e-01   9.1772e-03
 8452.49   9.9184e-01   1.0233e-02
 8453.53   1.0244e+00   9.9725e-03
 8454.56   1.0299e+00   8.5272e-03
 8455.60   1.0132e+00   6.4525e-03
 8456.64   1.0011e+00   4.7183e-03
 8457.68   1.0306e+00   3.9696e-03
 8458.72   1.0304e+00   3.8083e-03
 8459.75   9.9475e-01   3.8601e-03
 8460.79   1.0050e+00   4.1396e-03
 8461.83   1.0256e+00   6.0575e-03
 8462.87   1.0163e+00   1.0203e-02
 8463.90   9.8875e-01   1.5080e-02
 8464.94   9.4079e-01   1.8717e-02
 8465.98   8.9689e-01   1.9665e-02
 8467.02   9.5440e-01   1.7896e-02
 8468.06   1.0452e+00   1.3941e-02
 8469.09   1.0300e+00   8.7192e-03
 8470.13   1.0307e+00   5.2242e-03
 8471.17   1.0846e+00   4.1380e-03
 8472.21   1.0295e+00   3.9085e-03
 8473.24   9.6051e-01   3.9226e-03
 8474.28   9.7740e-01   4.0493e-03
 8475.32   1.0335e+00   4.1715e-03
 8476.36   1.0670e+00   4.1016e-03
 8477.39   1.0450e+00   3.8884e-03
 8478.43   1.0585e+00   3.7436e-03
 8479.47   1.0975e+00   3.6957e-03
 8480.51   1.0628e+00   3.5806e-03
 8481.55   1.0161e+00   3.5022e-03
 8482.58   1.0019e+00   3.5000e-03
 8483.62   9.5963e-01   3.4439e-03
 8484.66   9.7382e-01   3.4787e-03
 8485.70   1.0508e+00   3.6496e-03
 8486.73   1.0654e+00   3.7121e-03
 8487.77   1.0332e+00   3.6699e-03
 8488.81   1.0348e+00   3.7159e-03
 8489.85   1.0002e+00   4.0875e-03
 8490.89   9.3552e-01   4.9989e-03
 8491.92   9.0855e-01   6.1840e-03
 8492.96   9.5388e-01   7.2987e-03
 8494.00   1.0329e+00   7.8315e-03
 8495.04   1.0629e+00   7.4672e-03
 8496.07   1.0345e+00   6.3164e-03
 8497.11   1.0027e+00   4.9942e-03
 8498.15   9.7885e-01   4.1275e-03
 8499.19   9.7751e-01   3.8937e-03
 8500.23   9.8907e-01   3.9906e-03
 8501.26   1.0433e+00   5.0827e-03
 8502.30   1.0902e+00   7.2624e-03
 8503.34   1.0340e+00   9.6510e-03
 8504.38   9.6727e-01   1.1445e-02
 8505.41   9.8741e-01   1.2001e-02
 8506.45   1.0409e+00   1.1219e-02
 8507.49   1.0805e+00   9.1120e-03
 8508.53   1.0820e+00   6.3103e-03
 8509.56   1.0348e+00   4.3481e-03
 8510.60   9.8821e-01   3.6229e-03
 8511.64   9.8798e-01   3.4434e-03
 8512.68   1.0112e+00   3.4941e-03
 8513.72   1.0128e+00   3.4199e-03
 8514.75   9.7309e-01   3.3451e-03
 8515.79   9.7658e-01   3.3913e-03
 8516.83   1.0421e+00   3.5808e-03
 8517.87   1.0373e+00   3.6310e-03
 8518.90   9.8280e-01   3.5789e-03
 8519.94   9.8480e-01   3.6316e-03
 8520.98   1.0071e+00   3.6657e-03
 8522.02   1.0200e+00   3.6433e-03
 8523.06   1.0221e+00   3.6343e-03
 8524.09   1.0261e+00   3.6031e-03
 8525.13   1.0419e+00   3.5423e-03
 8526.17   1.0534e+00   3.5062e-03
 8527.21   1.0501e+00   3.4716e-03
 8528.24   1.0359e+00   3.4245e-03
 8529.28   1.0274e+00   3.4566e-03
 8530.32   1.0340e+00   3.5279e-03
 8531.36   1.0479e+00   3.5473e-03
 8532.40   1.0614e+00   3.5260e-03
 8533.43   1.0632e+00   3.5245e-03
 8534.47   1.0596e+00   3.5333e-03
 8535.51   1.0236e+00   3.7645e-03
 8536.55   9.7886e-01   4.2708e-03
 8537.58   1.0037e+00   4.7939e-03
 8538.62   1.0596e+00   5.1627e-03
 8539.66   1.0691e+00   5.2654e-03
 8540.70   1.0681e+00   4.9839e-03
 8541.73   1.0652e+00   4.4009e-03
 8542.77   1.0222e+00   3.7463e-03
 8543.81   1.0107e+00   3.4655e-03
 8544.85   1.0333e+00   3.8168e-03
 8545.89   1.0101e+00   4.5193e-03
 8546.92   9.7701e-01   5.5330e-03
 8547.96   9.7833e-01   6.5566e-03
 8549.00   9.9457e-01   7.0430e-03
 8550.04   1.0096e+00   6.7966e-03
 8551.07   1.0111e+00   6.0891e-03
 8552.11   1.0152e+00   5.0732e-03
 8553.15   1.0272e+00   4.1669e-03
 8554.19   1.0361e+00   3.7331e-03
 8555.23   1.0229e+00   3.5729e-03
 8556.26   9.9177e-01   3.3607e-03
 8557.30   9.7576e-01   3.2910e-03
 8558.34   9.7498e-01   3.2797e-03
 8559.38   9.8131e-01   3.2890e-03
 8560.41   1.0228e+00   3.3827e-03
 8561.45   1.0590e+00   3.4834e-03
 8562.49   1.0357e+00   3.4853e-03
 8563.53   1.0119e+00   3.4504e-03
 8564.57   1.0031e+00   3.4093e-03
 8565.60   9.5208e-01   3.3086e-03
 8566.64   9.1609e-01   3.2315e-03
 8567.68   9.4707e-01   3.2779e-03
 8568.72   1.0207e+00   3.4346e-03
 8569.75   1.0525e+00   3.5616e-03
 8570.79   1.0192e+00   3.5954e-03
 8571.83   1.0410e+00   3.7408e-03
 8572.87   1.0923e+00   3.9160e-03
 8573.90   1.0644e+00   3.8849e-03
 8574.94   1.0430e+00   3.8395e-03
 8575.98   1.0520e+00   3.8616e-03
 8577.02   1.0274e+00   3.8247e-03
 8578.06   9.9353e-01   3.7227e-03
 8579.09   9.8834e-01   3.6159e-03
 8580.13   1.0322e+00   3.6368e-03
 8581.17   1.0658e+00   3.6582e-03
 8582.21   1.0404e+00   3.5607e-03
 8583.24   1.0035e+00   3.4397e-03
 8584.28   1.0088e+00   3.5186e-03
 8585.32   1.0670e+00   3.8835e-03
 8586.36   1.0481e+00   4.2070e-03
 8587.40   9.5547e-01   4.3376e-03
 8588.43   9.5691e-01   4.5106e-03
 8589.47   1.0114e+00   4.5589e-03
 8590.51   1.0302e+00   4.3653e-03
 8591.55   1.0230e+00   4.0189e-03
 8592.58   1.0089e+00   3.7931e-03
 8593.62   1.0145e+00   3.8735e-03
 8594.66   1.0312e+00   4.3054e-03
 8595.70   1.0260e+00   4.8137e-03
 8596.74   9.9078e-01   5.0777e-03
 8597.77   9.6372e-01   5.0426e-03
 8598.81   9.7695e-01   4.8231e-03
 8599.85   1.0286e+00   4.5200e-03
 8600.89   1.0719e+00   4.2091e-03
 8601.92   1.0716e+00   3.9359e-03
 8602.96   1.0480e+00   3.8043e-03
 8604.00   1.0507e+00   3.8084e-03
 8605.04   1.0957e+00   3.8836e-03
 8606.07   1.0928e+00   3.8897e-03
 8607.11   1.0304e+00   3.8174e-03
 8608.15   9.9303e-01   3.8031e-03
 8609.19   9.8363e-01   3.8984e-03
 8610.23   9.7936e-01   4.0918e-03
 8611.26   1.0241e+00   4.3471e-03
 8612.30   1.0682e+00   4.6269e-03
 8613.34   1.0864e+00   4.9698e-03
 8614.38   1.0730e+00   5.2784e-03
 8615.41   1.0677e+00   5.6339e-03
 8616.45   1.1081e+00   6.0765e-03
 8617.49   1.0704e+00   6.4796e-03
 8618.53   9.7696e-01   6.9361e-03
 8619.57   9.9904e-01   7.5017e-03
 8620.60   1.0680e+00   8.0399e-03
 8621.64   1.0809e+00   8.5283e-03
 8622.68   1.0731e+00   9.0767e-03
 8623.72   1.0453e+00   9.5712e-03
 8624.75   1.0199e+00   9.8874e-03
 8625.79   9.8233e-01   1.0309e-02
 8626.83   9.8557e-01   1.0884e-02
 8627.87   1.0785e+00   1.1270e-02
 8628.91   1.0843e+00   1.1303e-02
 8629.94   9.9285e-01   1.1158e-02
 8630.98   1.0090e+00   1.1149e-02
 8632.02   1.0805e+00   1.1181e-02
 8633.06   1.0876e+00   1.0969e-02
 8634.09   9.9400e-01   1.0522e-02
 8635.13   9.0301e-01   9.8980e-03
 8636.17   9.2954e-01   9.2629e-03
 8637.21   9.9685e-01   8.7609e-03
 8638.24   1.0592e+00   8.2832e-03
 8639.28   1.1280e+00   7.7829e-03
 8640.32   1.1235e+00   7.1706e-03
 8641.36   1.0543e+00   6.4003e-03
 8642.40   1.0269e+00   5.7577e-03
 8643.43   1.0307e+00   5.2861e-03
 8644.47   1.0147e+00   5.0379e-03
 8645.51   9.6272e-01   4.9902e-03
 8646.55   9.3542e-01   5.4424e-03
 8647.58   9.9752e-01   6.5392e-03
 8648.62   1.0147e+00   7.6896e-03
 8649.66   9.9569e-01   8.6160e-03
 8650.70   1.0862e+00   9.3585e-03
 8651.74   1.1420e+00   9.8658e-03
 8652.77   1.0874e+00   1.0243e-02
 8653.81   1.0643e+00   1.0450e-02
 8654.85   1.0722e+00   1.0493e-02
 8655.89   1.0561e+00   1.0404e-02
 8656.92   1.0459e+00   1.0504e-02
 8657.96   1.0199e+00   1.0662e-02
 8659.00   9.5828e-01   1.0518e-02
 8660.04   9.8062e-01   1.0282e-02
 8661.08   1.0733e+00   1.0153e-02
 8662.11   1.1181e+00   1.0197e-02
 8663.15   1.0784e+00   1.0136e-02
 8664.19   9.9095e-01   9.7854e-03
 8665.23   9.4525e-01   9.5371e-03
 8666.26   1.0094e+00   9.4287e-03
 8667.30   1.1244e+00   9.2847e-03
 8668.34   1.1385e+00   9.0320e-03
 8669.38   1.0667e+00   8.7185e-03
 8670.42   1.0485e+00   8.5332e-03
 8671.45   1.0744e+00   8.3039e-03
 8672.49   1.0910e+00   7.8621e-03
 8673.53   1.0321e+00   7.3061e-03
 8674.57   9.8568e-01   6.9608e-03
 8675.60   1.0217e+00   6.9072e-03
 8676.64   1.0445e+00   6.8108e-03
 8677.68   1.0319e+00   6.4907e-03
 8678.72   1.0134e+00   6.0918e-03
 8679.75   1.0584e+00   5.9525e-03
 8680.79   1.1146e+00   5.9728e-03
 8681.83   1.0755e+00   5.8218e-03
 8682.87   1.0455e+00   5.5723e-03
 8683.91   1.0607e+00   5.3086e-03
 8684.94   1.0322e+00   5.0783e-03
 8685.98   1.0065e+00   4.9623e-03
 8687.02   1.0125e+00   4.8932e-03
 8688.06   9.9728e-01   4.7262e-03
 8689.09   9.9478e-01   4.5019e-03
 8690.13   1.0478e+00   4.3958e-03
 8691.17   1.0580e+00   4.3967e-03
 8692.21   1.0141e+00   4.4012e-03
 8693.25   1.0035e+00   4.3530e-03
 8694.28   1.0382e+00   4.3033e-03
 8695.32   1.0805e+00   4.3027e-03
 8696.36   1.0954e+00   4.3115e-03
 8697.40   1.0605e+00   4.3352e-03
 8698.43   1.0002e+00   4.3682e-03
 8699.47   9.8582e-01   4.3975e-03
 8700.51   1.0159e+00   4.4038e-03
 8701.55   1.0318e+00   4.3859e-03
 8702.58   1.0199e+00   4.2953e-03
 8703.62   9.9668e-01   4.2016e-03
 8704.66   9.9143e-01   4.2155e-03
 8705.70   1.0143e+00   4.3520e-03
 8706.74   1.0414e+00   4.4950e-03
 8707.77   1.0295e+00   4.5386e-03
 8708.81   9.9907e-01   4.4186e-03
 8709.85   9.9308e-01   4.2012e-03
 8710.89   1.0215e+00   4.0287e-03
 8711.92   1.0376e+00   3.8871e-03
 8712.96   9.9372e-01   3.6780e-03
 8714.00   9.5875e-01   3.6299e-03
 8715.04   9.8200e-01   3.7651e-03
 8716.08   1.0409e+00   3.8822e-03
 8717.11   1.0912e+00   3.9113e-03
 8718.15   1.0932e+00   3.8733e-03
 8719.19   1.0698e+00   3.8307e-03
 8720.23   1.0323e+00   3.7770e-03
 8721.26   9.8935e-01   3.6877e-03
 8722.30   9.6460e-01   3.6508e-03
 8723.34   9.7223e-01   3.7125e-03
 8724.38   1.0052e+00   3.8309e-03
 8725.42   1.0391e+00   3.9423e-03
 8726.45   1.0416e+00   3.9660e-03
 8727.49   9.7571e-01   3.8366e-03
 8728.53   9.3821e-01   3.7167e-03
 8729.57   9.9121e-01   3.7331e-03
 8730.60   1.0236e+00   3.7344e-03
 8731.64   1.0211e+00   3.7132e-03
 8732.68   1.0278e+00   3.7347e-03
 8733.72   1.0303e+00   3.7358e-03
 8734.75   1.0287e+00   3.7311e-03
 8735.79   1.0201e+00   3.7617e-03
 8736.83   1.0219e+00   3.8898e-03
 8737.87   1.0350e+00   4.0585e-03
 8738.91   1.0454e+00   4.1128e-03
 8739.94   1.0258e+00   4.0241e-03
 8740.98   9.7209e-01   3.8883e-03
 8742.02   9.5800e-01   3.8759e-03
 8743.06   9.8226e-01   3.9261e-03
 8744.09   1.0041e+00   3.8811e-03
 8745.13   9.8663e-01   3.7794e-03
 8746.17   9.6085e-01   3.7387e-03
 8747.21   9.9906e-01   3.8421e-03
 8748.25   1.0529e+00   3.9753e-03
 8749.28   1.0738e+00   4.0348e-03
 8750.32   1.0882e+00   4.0812e-03
 8751.36   1.0959e+00   4.1030e-03
 8752.40   1.0930e+00   4.1226e-03
 8753.43   1.0470e+00   3.9272e-03
 8754.47   1.0168e+00   3.9530e-03
 8755.51   1.0718e+00   4.7182e-03
 8756.55   1.0840e+00   6.0062e-03
 8757.58   1.0123e+00   8.3531e-03
 8758.62   9.7345e-01   1.1927e-02
 8759.66   9.5088e-01   1.5811e-02
 8760.70   9.5273e-01   1.8569e-02
 8761.74   1.0391e+00   1.8983e-02
 8762.77   1.0941e+00   1.7445e-02
 8763.81   1.0381e+00   1.5725e-02
 8764.85   9.5275e-01   1.5613e-02
 8765.89   9.5055e-01   1.8113e-02
 8766.92   1.0302e+00   2.1820e-02
 8767.96   1.0338e+00   2.3871e-02
 8769.00   9.3387e-01   2.2119e-02
 8770.04   9.1964e-01   1.7791e-02
 8771.08   9.9212e-01   1.2293e-02
 8772.11   1.0521e+00   7.9628e-03
 8773.15   1.0228e+00   6.5645e-03
 8774.19   9.6392e-01   8.8044e-03
 8775.23   9.6362e-01   1.3200e-02
 8776.26   9.0625e-01   1.9073e-02
 8777.30   8.6452e-01   2.4055e-02
 8778.34   1.0091e+00   2.5967e-02
 8779.38   1.1281e+00   2.3872e-02
 8780.42   1.0800e+00   1.8910e-02
 8781.45   1.0224e+00   1.2631e-02
 8782.49   9.9726e-01   7.5678e-03
 8783.53   9.9879e-01   4.8178e-03
 8784.57   9.9761e-01   4.1421e-03
 8785.60   9.7616e-01   4.0359e-03
 8786.64   9.8033e-01   4.1394e-03
 8787.68   9.4626e-01   4.9330e-03
 8788.72   8.9661e-01   6.7396e-03
 8789.75   9.4602e-01   8.9953e-03
 8790.79   9.9052e-01   1.0519e-02
 8791.83   9.4513e-01   1.0545e-02
 8792.87   8.7315e-01   9.4628e-03
 8793.91   8.5362e-01   7.7369e-03
 8794.94   8.9741e-01   5.8652e-03
 8795.98   9.5971e-01   4.5513e-03
 8797.02   9.7831e-01   3.9298e-03
 8798.06   9.0488e-01   3.6359e-03
 8799.09   8.8266e-01   3.6671e-03
 8800.13   9.5964e-01   3.7811e-03
 8801.17   1.0091e+00   3.8610e-03
 8802.21   9.9297e-01   3.8070e-03
 8803.25   9.5049e-01   3.7231e-03
 8804.28   9.5593e-01   3.7177e-03
 8805.32   9.9340e-01   3.8144e-03
 8806.36   9.9631e-01   3.9421e-03
 8807.40   1.0338e+00   4.2610e-03
 8808.43   1.0780e+00   4.6491e-03
 8809.47   1.0505e+00   4.8009e-03
 8810.51   9.7751e-01   4.7501e-03
 8811.55   9.2906e-01   4.6217e-03
 8812.58   9.3849e-01   4.4373e-03
 8813.62   1.0041e+00   4.2594e-03
 8814.66   1.0666e+00   4.1074e-03
 8815.70   1.0479e+00   3.9795e-03
 8816.74   9.9431e-01   3.9168e-03
 8817.77   9.9891e-01   3.9736e-03
 8818.81   1.0063e+00   4.0327e-03
 8819.85   9.7199e-01   4.0318e-03
 8820.89   9.1510e-01   4.1767e-03
 8821.92   8.7173e-01   4.4040e-03
 8822.96   9.0551e-01   7.7994e-03
 8824.00   1.0812e+00   1.6380e-02
 8825.04   1.1814e+00   3.0577e-02
 8826.08   1.0498e+00   4.5025e-02
 8827.11   1.0233e+00   5.3578e-02
 8828.15   1.0906e+00   5.1757e-02
 8829.19   1.0035e+00   4.1421e-02
 8830.23   9.7434e-01   2.7092e-02
 8831.26   1.0472e+00   1.5506e-02
 8832.30   1.0499e+00   9.8664e-03
 8833.34   9.6781e-01   1.1008e-02
 8834.38   8.5903e-01   1.4797e-02
 8835.42   7.6563e-01   1.8960e-02
 8836.45   7.6604e-01   2.0941e-02
 8837.49   8.6174e-01   2.0745e-02
 8838.53   9.6372e-01   1.7523e-02
 8839.57   1.0013e+00   1.2432e-02
 8840.60   9.8998e-01   7.6214e-03
 8841.64   9.5003e-01   4.9796e-03
 8842.68   9.1582e-01   4.2339e-03
 8843.72   8.9819e-01   4.2717e-03
 8844.75   9.1769e-01   4.4373e-03
 8845.79   9.5836e-01   4.8940e-03
 8846.83   1.0172e+00   6.0070e-03
 8847.87   1.0580e+00   7.6228e-03
 8848.91   1.0535e+00   9.0315e-03
 8849.94   1.0163e+00   9.7161e-03
 8850.98   9.8103e-01   9.4042e-03
 8852.02   9.6628e-01   8.3471e-03
 8853.06   9.4580e-01   6.6991e-03
 8854.09   9.1841e-01   5.0838e-03
 8855.13   9.4534e-01   4.4265e-03
 8856.17   9.7325e-01   4.3465e-03
 8857.21   9.4866e-01   4.1188e-03
 8858.25   9.2790e-01   4.1643e-03
 8859.28   9.2804e-01   4.4055e-03
 8860.32   9.4165e-01   4.7122e-03
 8861.36   9.1593e-01   4.8305e-03
 8862.40   8.8183e-01   5.0822e-03
 8863.43   9.4029e-01   5.6970e-03
 8864.47   1.0220e+00   7.5966e-03
 8865.51   1.0400e+00   1.0895e-02
 8866.55   9.8728e-01   1.4408e-02
 8867.58   9.5162e-01   1.6687e-02
 8868.62   9.8997e-01   1.6748e-02
 8869.66   1.0185e+00   1.4300e-02
 8870.70   1.0062e+00   1.0479e-02
 8871.74   9.9161e-01   6.9543e-03
 8872.77   9.5885e-01   5.1422e-03
 8873.81   9.3016e-01   4.7248e-03
 8874.85   9.2269e-01   9.9085e-04
 8875.89   1.0040e+00   5.6344e-03
 8876.92   9.8595e-01   5.6856e-03
 8877.96   1.0103e+00   5.7641e-03
 8879.00   1.0479e+00   5.4195e-03
 8880.04   9.8631e-01   4.7707e-03
 8881.08   9.4249e-01   4.8831e-03
 8882.11   9.4375e-01   8.3386e-03
 8883.15   7.2226e-01   1.6765e-02
 8884.19   6.4105e-01   2.9496e-02
 8885.23   7.5888e-01   4.1485e-02
 8886.26   7.4456e-01   4.6903e-02
 8887.30   5.4075e-01   4.2959e-02
 8888.34   3.7176e-01   3.2747e-02
 8889.38   7.1066e-01   2.0599e-02
 8890.42   1.1533e+00   1.1417e-02
 8891.45   1.0474e+00   6.5015e-03
 8892.49   8.6667e-01   5.4858e-03
 8893.53   8.9743e-01   5.3502e-03
 8894.57   9.6845e-01   5.6844e-03
 8895.60   9.7107e-01   8.9008e-03
 8896.64   9.3880e-01   9.0543e-03
 8897.68   9.0804e-01   8.5299e-03
