 
TRANSIENT_NAME:     DES14C1qty 
SNID:               1316385    
OBS_DATE:           2014-12-29
MJD:                57020. 
PHASE:              +0.    
MJD_MAX:            57019.6
TYPE:               1  
SPEC_EVAL:          SNIa
REDSHIFT:           0.1483  
REDSHIFT_ERR:       0.0005  
REDSHIFT_SOURCE:    Z_GAL
TELESCOPE:          AAT
INSTRUMENT:         AAOmega-2dF
 
======================================
 
# WAVE  FLUX  FLUX_ERR
 3743.23       1.4917       2.9395
 3744.26       1.5682       2.3337
 3745.30       1.9399       2.6137
 3746.34       0.4127       2.1215
 3747.38      -0.5736       2.0726
 3748.41      -0.1955       1.9487
 3749.45       0.7936       2.0532
 3750.49       0.3374       2.0332
 3751.53       0.8165       2.1739
 3752.56       2.1357       2.4131
 3753.60       2.0163       2.4552
 3754.64       0.6888       2.2934
 3755.68       0.9777       2.2735
 3756.72      -1.9681       1.8771
 3757.75      -0.0173       1.9024
 3758.79       1.0220       1.9345
 3759.83       0.4764       1.9330
 3760.87       1.6315       2.0175
 3761.90       1.1333       1.9823
 3762.94       0.3916       1.8988
 3763.98       0.1451       1.8873
 3765.02       1.1523       2.0347
 3766.06       0.1348       1.7739
 3767.09       1.4082       1.9380
 3768.13       1.7540       1.9713
 3769.17       0.4418       1.9295
 3770.21       0.8799       1.9799
 3771.24       0.4551       1.8467
 3772.28      -2.5941       1.5705
 3773.32       0.7601       1.9779
 3774.36       2.1137       2.0337
 3775.40      -0.6198       1.8699
 3776.43       1.1146       2.0280
 3777.47       1.5504       2.1500
 3778.51       1.4343       2.0465
 3779.55      -0.2719       1.9594
 3780.58       0.1425       1.9269
 3781.62      -0.1386       1.8886
 3782.66       2.0275       2.1942
 3783.70       2.2727       2.2025
 3784.73       1.2627       2.0299
 3785.77       2.0724       1.9988
 3786.81       3.6891       2.0590
 3787.85       1.2709       1.7184
 3788.89       1.5503       1.7588
 3789.92       0.7406       1.7077
 3790.96      -0.7538       1.6049
 3792.00      -0.0989       1.6683
 3793.04      -0.1105       1.6148
 3794.07       1.2627       1.6651
 3795.11      -0.2751       1.5007
 3796.15       0.5692       1.5805
 3797.19      -0.4811       1.3967
 3798.23       2.3084       1.5344
 3799.26       0.7744       1.5549
 3800.30       0.8458       1.4968
 3801.34       0.7358       1.4861
 3802.38       1.0699       1.5581
 3803.41       1.1908       1.5807
 3804.45       0.7299       1.5212
 3805.49       0.4061       1.4610
 3806.53       0.3124       1.4260
 3807.57       0.8340       1.3870
 3808.60      -0.0353       1.3421
 3809.64       1.0653       1.4794
 3810.68       0.1465       1.4321
 3811.72      -0.2854       1.3376
 3812.75       2.1880       1.4863
 3813.79       0.6540       1.2607
 3814.83       0.5030       1.1805
 3815.87      -0.4617       1.0205
 3816.90      -1.5361       1.0189
 3817.94       1.8120       1.2443
 3818.98       0.6288       1.1136
 3820.02      -0.2307       0.9741
 3821.06       0.7097       1.0670
 3822.09       1.0670       1.1447
 3823.13       0.3744       1.0713
 3824.17      -0.5096       0.9068
 3825.21       0.9622       0.9264
 3826.24       0.7955       0.8589
 3827.28       0.9102       0.9061
 3828.32       1.7294       0.9619
 3829.36       1.3896       0.9252
 3830.40      -0.9242       0.7891
 3831.43       0.2041       0.8394
 3832.47       0.1567       0.7935
 3833.51       1.4099       0.8824
 3834.55       0.3874       0.8170
 3835.58       0.1572       0.7883
 3836.62       0.4864       0.8058
 3837.66       0.9817       0.7998
 3838.70       0.4698       0.7086
 3839.74       1.4409       0.7703
 3840.77      -0.2805       0.7148
 3841.81       2.0205       0.8683
 3842.85       0.2476       0.7903
 3843.89       1.9829       0.9242
 3844.92       0.0551       0.7873
 3845.96       0.0539       0.7668
 3847.00       0.9847       0.8427
 3848.04       0.0191       0.7923
 3849.07       0.0259       0.7907
 3850.11      -0.3944       0.7315
 3851.15       1.9856       0.8492
 3852.19       0.5096       0.8007
 3853.23       0.2667       0.7664
 3854.26      -0.3981       0.7151
 3855.30       0.8613       0.7566
 3856.34      -1.0677       0.6238
 3857.38       0.8196       0.6971
 3858.41       1.1439       0.6907
 3859.45       1.2417       0.7358
 3860.49       2.6647       0.8060
 3861.53       0.7357       0.7575
 3862.57      -0.4752       0.7252
 3863.60       1.5368       0.8601
 3864.64       0.0038       0.7870
 3865.68       0.5472       0.8058
 3866.72       1.6282       0.8210
 3867.75       0.8467       0.7992
 3868.79       1.4204       0.8198
 3869.83       1.4672       0.7887
 3870.87       1.0991       0.7284
 3871.91       0.6830       0.6528
 3872.94       0.6442       0.6961
 3873.98       1.0687       0.7549
 3875.02       1.6461       0.8337
 3876.06       0.5014       0.7485
 3877.09       0.3678       0.7083
 3878.13       0.7385       0.7138
 3879.17      -0.3139       0.6731
 3880.21       0.5302       0.7032
 3881.24       1.4042       0.7111
 3882.28       2.1737       0.7564
 3883.32       0.2501       0.6424
 3884.36       0.2796       0.6975
 3885.40       1.4756       0.6879
 3886.43       1.8260       0.7015
 3887.47       1.5742       0.6440
 3888.51       1.0149       0.6189
 3889.55       1.4184       0.6838
 3890.58       1.3911       0.6939
 3891.62       0.2258       0.6195
 3892.66      -0.1936       0.6222
 3893.70       0.6599       0.6633
 3894.74       0.6252       0.6512
 3895.77       0.6909       0.6710
 3896.81      -1.0849       0.5784
 3897.85       0.7405       0.6724
 3898.89       0.5732       0.6296
 3899.92       0.7748       0.6215
 3900.96       0.7685       0.6213
 3902.00       0.9880       0.6259
 3903.04       1.4355       0.6686
 3904.07      -0.2658       0.5335
 3905.11      -0.2529       0.5064
 3906.15       1.2753       0.5703
 3907.19       1.2871       0.6030
 3908.23       1.4941       0.6301
 3909.26       1.1207       0.6313
 3910.30       0.2537       0.6204
 3911.34       0.7274       0.6233
 3912.38       2.1324       0.6846
 3913.41       1.2798       0.6370
 3914.45      -0.2449       0.5714
 3915.49       0.8953       0.5993
 3916.53       1.1784       0.5883
 3917.57       0.4553       0.5310
 3918.60      -0.2878       0.5055
 3919.64       0.2664       0.4785
 3920.68       0.3104       0.4793
 3921.72       0.5247       0.4726
 3922.75       0.7045       0.4703
 3923.79       1.1251       0.4753
 3924.83       0.0929       0.4258
 3925.87       2.2893       0.5005
 3926.91       1.2983       0.4171
 3927.94       0.3837       0.3542
 3928.98       0.5887       0.3337
 3930.02       0.6162       0.3231
 3931.06       0.6581       0.2942
 3932.09       1.3481       0.2972
 3933.13       1.2710       0.2806
 3934.17       1.3439       0.2878
 3935.21       1.1060       0.2688
 3936.24       1.3719       0.3049
 3937.28       1.4031       0.3177
 3938.32       1.5226       0.3434
 3939.36       1.2900       0.3594
 3940.40       1.7080       0.3749
 3941.43       1.4102       0.3689
 3942.47       1.6149       0.3660
 3943.51       1.6142       0.3782
 3944.55       1.5856       0.3897
 3945.58       1.6443       0.3989
 3946.62       0.6973       0.3626
 3947.66       0.0723       0.3467
 3948.70       0.9312       0.3796
 3949.74       1.3916       0.3946
 3950.77       0.5951       0.3742
 3951.81       0.9112       0.4011
 3952.85       2.0109       0.4329
 3953.89       1.8227       0.4110
 3954.92       0.5492       0.3744
 3955.96       1.4591       0.4084
 3957.00       1.5253       0.4209
 3958.04       0.7477       0.3789
 3959.08       0.9183       0.3862
 3960.11       1.1835       0.3754
 3961.15       0.4513       0.3288
 3962.19       0.6070       0.3148
 3963.23       0.5808       0.3122
 3964.26       1.1937       0.3129
 3965.30       1.3132       0.3034
 3966.34       1.4425       0.2836
 3967.38       1.3885       0.2779
 3968.41       1.7132       0.2923
 3969.45       1.5467       0.2720
 3970.49       1.5949       0.2857
 3971.53       1.3669       0.3096
 3972.57       0.8101       0.3044
 3973.60       0.8967       0.3117
 3974.64       1.6369       0.3403
 3975.68       0.9111       0.3404
 3976.72       0.1533       0.3313
 3977.75       1.1173       0.3736
 3978.79       1.3185       0.3976
 3979.83       0.1979       0.3641
 3980.87       0.6996       0.3941
 3981.91       0.8751       0.3873
 3982.94       1.0210       0.4053
 3983.98       1.4610       0.4209
 3985.02       1.1760       0.4070
 3986.06       1.1854       0.4053
 3987.09       0.9595       0.3950
 3988.13       1.1191       0.4209
 3989.17       1.8723       0.4526
 3990.21       1.5994       0.4453
 3991.25       1.0062       0.4192
 3992.28       0.9794       0.4242
 3993.32       0.9138       0.4335
 3994.36       1.6706       0.4537
 3995.40       1.4241       0.4399
 3996.43       1.7280       0.4501
 3997.47       1.8421       0.4607
 3998.51       1.0635       0.4624
 3999.55       1.3417       0.4760
 4000.58       0.7674       0.4822
 4001.62       1.0993       0.5003
 4002.66       1.0244       0.5033
 4003.70       1.8418       0.5073
 4004.74       1.7360       0.4808
 4005.77       1.0867       0.4551
 4006.81       1.6375       0.4933
 4007.85       1.6034       0.5117
 4008.89       1.0291       0.4990
 4009.92       1.8223       0.5322
 4010.96       1.5890       0.5419
 4012.00       1.5889       0.5467
 4013.04       2.0996       0.5522
 4014.08       1.8500       0.5390
 4015.11       2.3339       0.5603
 4016.15       1.5266       0.5198
 4017.19       0.8180       0.4755
 4018.23       1.0732       0.4906
 4019.26       1.6653       0.5268
 4020.30       1.7298       0.5295
 4021.34       1.3705       0.5111
 4022.38       1.6518       0.5097
 4023.42       1.3488       0.4846
 4024.45       1.8518       0.5194
 4025.49       1.6856       0.5161
 4026.53       1.3818       0.5052
 4027.57       1.1385       0.5085
 4028.60       1.6428       0.5156
 4029.64       2.1753       0.5148
 4030.68       2.1176       0.4876
 4031.72       1.2764       0.4502
 4032.75       1.1170       0.4508
 4033.79       2.5439       0.4806
 4034.83       2.0000       0.4753
 4035.87       1.8580       0.4929
 4036.91       1.3730       0.5114
 4037.94       1.0264       0.5017
 4038.98       1.7509       0.5202
 4040.02       2.6393       0.5362
 4041.06       1.6388       0.4946
 4042.09       1.0564       0.4674
 4043.13       1.7800       0.4832
 4044.17       1.3828       0.4387
 4045.21       1.9105       0.4242
 4046.25       1.6745       0.4185
 4047.28       1.4886       0.4342
 4048.32       2.1331       0.4850
 4049.36       1.9391       0.4899
 4050.40       1.7834       0.4807
 4051.43       1.9467       0.4754
 4052.47       2.5930       0.4849
 4053.51       2.5656       0.4830
 4054.55       2.6254       0.4648
 4055.58       2.2417       0.4380
 4056.62       2.2676       0.4298
 4057.66       2.0084       0.4324
 4058.70       0.8570       0.3958
 4059.74       1.6953       0.4269
 4060.77       2.1440       0.4419
 4061.81       1.9995       0.4253
 4062.85       2.1816       0.4143
 4063.89       2.1956       0.4105
 4064.92       1.9633       0.4119
 4065.96       1.4961       0.4160
 4067.00       2.1137       0.4374
 4068.04       1.5898       0.4359
 4069.08       1.6550       0.4265
 4070.11       2.3758       0.4302
 4071.15       1.7385       0.3964
 4072.19       2.3323       0.4046
 4073.23       1.6708       0.4084
 4074.26       1.3554       0.4056
 4075.30       1.8164       0.4089
 4076.34       1.4310       0.3805
 4077.38       1.7376       0.3857
 4078.42       2.5863       0.4115
 4079.45       1.8622       0.4190
 4080.49       2.0424       0.4408
 4081.53       2.3152       0.4552
 4082.57       2.2929       0.4458
 4083.60       1.6685       0.4194
 4084.64       2.1356       0.4241
 4085.68       1.5798       0.4184
 4086.72       1.7211       0.4397
 4087.75       2.2224       0.4522
 4088.79       1.5292       0.4334
 4089.83       1.3850       0.4235
 4090.87       1.0472       0.4187
 4091.91       2.2234       0.4493
 4092.94       2.0238       0.4288
 4093.98       2.0163       0.4300
 4095.02       2.2728       0.4239
 4096.06       1.2463       0.3882
 4097.09       2.3885       0.4149
 4098.13       2.6766       0.4155
 4099.17       1.8354       0.3668
 4100.21       2.1801       0.3644
 4101.25       1.9232       0.3442
 4102.28       1.1262       0.3221
 4103.32       1.4689       0.3453
 4104.36       1.9577       0.3736
 4105.40       1.3529       0.3692
 4106.43       2.1764       0.3972
 4107.47       1.3292       0.3762
 4108.51       1.8934       0.3811
 4109.55       1.8299       0.3745
 4110.58       1.9503       0.3789
 4111.62       1.6954       0.3682
 4112.66       1.2481       0.3720
 4113.70       1.4914       0.3847
 4114.74       2.0727       0.3995
 4115.77       2.4868       0.4063
 4116.81       1.8438       0.3827
 4117.85       1.5158       0.3687
 4118.89       2.1231       0.3806
 4119.92       2.0051       0.3719
 4120.96       2.0171       0.3626
 4122.00       2.0101       0.3727
 4123.04       2.2150       0.3752
 4124.08       2.4114       0.3925
 4125.11       2.2838       0.3903
 4126.15       2.0968       0.3813
 4127.19       2.1082       0.3713
 4128.23       1.9742       0.3701
 4129.26       2.1171       0.3767
 4130.30       1.5472       0.3481
 4131.34       2.0162       0.3566
 4132.38       2.6406       0.3618
 4133.42       1.8272       0.3465
 4134.45       1.3348       0.3402
 4135.49       2.2517       0.3803
 4136.53       2.8208       0.3960
 4137.57       1.8036       0.3789
 4138.60       1.9941       0.3859
 4139.64       2.9302       0.4024
 4140.68       2.6410       0.3905
 4141.72       2.2160       0.3714
 4142.75       1.8002       0.3404
 4143.79       1.9464       0.3452
 4144.83       1.4158       0.3388
 4145.87       2.3686       0.3702
 4146.91       1.9907       0.3723
 4147.94       1.6156       0.3629
 4148.98       1.8004       0.3620
 4150.02       2.1482       0.3679
 4151.06       2.3726       0.3682
 4152.09       2.0772       0.3592
 4153.13       1.5061       0.3369
 4154.17       2.7664       0.3623
 4155.21       2.2842       0.3495
 4156.25       2.7228       0.3703
 4157.28       1.9039       0.3446
 4158.32       2.3814       0.3698
 4159.36       2.3795       0.3658
 4160.40       2.4246       0.3727
 4161.43       2.2024       0.3690
 4162.47       1.6492       0.3627
 4163.51       2.1965       0.3706
 4164.55       2.5895       0.3829
 4165.59       3.0925       0.3840
 4166.62       2.9511       0.3735
 4167.66       2.3432       0.3551
 4168.70       2.8848       0.3706
 4169.74       2.2230       0.3577
 4170.77       1.5105       0.3268
 4171.81       2.3063       0.3399
 4172.85       2.0402       0.3139
 4173.89       2.6999       0.3366
 4174.92       2.5634       0.3360
 4175.96       3.0547       0.3461
 4177.00       2.8622       0.3428
 4178.04       2.1999       0.3280
 4179.08       2.6380       0.3380
 4180.11       2.4056       0.3334
 4181.15       1.7539       0.3155
 4182.19       2.2877       0.3183
 4183.23       2.7165       0.3211
 4184.26       3.0780       0.3351
 4185.30       1.8556       0.3117
 4186.34       2.1202       0.3118
 4187.38       2.5336       0.3024
 4188.42       1.6808       0.2849
 4189.45       1.9049       0.3034
 4190.49       1.8998       0.3083
 4191.53       1.9791       0.3108
 4192.57       1.9904       0.3102
 4193.60       2.2784       0.3206
 4194.64       2.2052       0.3057
 4195.68       2.2664       0.2992
 4196.72       1.3369       0.2757
 4197.76       2.5541       0.2925
 4198.79       1.6447       0.2728
 4199.83       2.3247       0.2892
 4200.87       3.3685       0.3149
 4201.91       2.0964       0.2962
 4202.94       1.6714       0.2762
 4203.98       1.6011       0.2885
 4205.02       2.6362       0.3104
 4206.06       2.0371       0.2990
 4207.09       2.1793       0.3086
 4208.13       2.3261       0.3180
 4209.17       1.8773       0.3046
 4210.21       1.8362       0.2969
 4211.25       2.3083       0.3154
 4212.28       1.3867       0.2970
 4213.32       1.9810       0.3011
 4214.36       1.9731       0.2904
 4215.40       2.0952       0.2865
 4216.43       2.7212       0.3035
 4217.47       1.8554       0.2822
 4218.51       1.5015       0.2914
 4219.55       1.6247       0.2867
 4220.59       2.0924       0.2987
 4221.62       0.9246       0.2710
 4222.66       1.6591       0.2739
 4223.70       0.8207       0.2510
 4224.74       1.4218       0.2456
 4225.77       1.4924       0.2272
 4226.81       1.1622       0.2240
 4227.85       1.9511       0.2557
 4228.89       1.2818       0.2566
 4229.93       2.2413       0.2909
 4230.96       1.6687       0.2852
 4232.00       1.2366       0.2684
 4233.04       1.6239       0.2662
 4234.08       2.6466       0.2908
 4235.11       1.9283       0.2656
 4236.15       1.4310       0.2394
 4237.19       1.9081       0.2483
 4238.23       1.5815       0.2412
 4239.26       1.4690       0.2442
 4240.30       1.7563       0.2545
 4241.34       1.4377       0.2532
 4242.38       1.8647       0.2676
 4243.42       1.6404       0.2595
 4244.45       1.7468       0.2593
 4245.49       1.7152       0.2595
 4246.53       2.2219       0.2631
 4247.57       0.6175       0.2237
 4248.60       1.2745       0.2308
 4249.64       1.4698       0.2271
 4250.68       1.1023       0.2250
 4251.72       0.7936       0.2328
 4252.76       1.6071       0.2532
 4253.79       1.7197       0.2446
 4254.83       1.0342       0.2319
 4255.87       1.0705       0.2344
 4256.91       0.7211       0.2298
 4257.94       1.7988       0.2511
 4258.98       1.3519       0.2318
 4260.02       1.5091       0.2240
 4261.06       1.4972       0.2255
 4262.10       0.9582       0.2260
 4263.13       1.4882       0.2497
 4264.17       2.0285       0.2649
 4265.21       0.9389       0.2407
 4266.25       1.9837       0.2588
 4267.28       1.9703       0.2526
 4268.32       1.5434       0.2390
 4269.36       1.2135       0.2176
 4270.40       1.0619       0.2038
 4271.43       1.3052       0.2071
 4272.47       0.9170       0.2017
 4273.51       1.3428       0.2144
 4274.55       1.4065       0.2136
 4275.59       1.6100       0.2243
 4276.62       2.0635       0.2473
 4277.66       2.1904       0.2507
 4278.70       1.9401       0.2410
 4279.74       2.2883       0.2405
 4280.77       2.1551       0.2327
 4281.81       2.0494       0.2387
 4282.85       2.2573       0.2392
 4283.89       1.9354       0.2269
 4284.93       0.8651       0.2018
 4285.96       1.4303       0.2074
 4287.00       1.9179       0.2142
 4288.04       0.9531       0.1908
 4289.08       0.8463       0.1862
 4290.11       1.2490       0.1882
 4291.15       2.1579       0.2129
 4292.19       1.7691       0.2115
 4293.23       1.7138       0.2131
 4294.27       1.4883       0.2020
 4295.30       1.3992       0.1966
 4296.34       1.2820       0.1905
 4297.38       1.8144       0.1904
 4298.42       1.9170       0.1814
 4299.45       1.9405       0.1708
 4300.49       1.7071       0.1604
 4301.53       1.2770       0.1571
 4302.57       1.3955       0.1601
 4303.60       1.5447       0.1620
 4304.64       1.4228       0.1609
 4305.68       1.2390       0.1544
 4306.72       1.1332       0.1513
 4307.76       1.4896       0.1505
 4308.79       1.5295       0.1502
 4309.83       1.1920       0.1522
 4310.87       1.7426       0.1626
 4311.91       1.2716       0.1631
 4312.94       1.4704       0.1727
 4313.98       1.2444       0.1762
 4315.02       1.0509       0.1878
 4316.06       1.9209       0.2193
 4317.10       1.7151       0.2236
 4318.13       1.4555       0.2167
 4319.17       1.2608       0.2141
 4320.21       1.5882       0.2134
 4321.25       1.7974       0.2097
 4322.28       1.8612       0.2030
 4323.32       1.5988       0.1867
 4324.36       1.8082       0.1815
 4325.40       1.9888       0.1848
 4326.44       1.8821       0.1938
 4327.47       1.4466       0.2034
 4328.51       0.8050       0.2013
 4329.55       1.0636       0.2049
 4330.59       1.7928       0.2196
 4331.62       1.8659       0.2185
 4332.66       1.1065       0.2132
 4333.70       1.6235       0.2242
 4334.74       1.6121       0.2222
 4335.77       1.4497       0.2050
 4336.81       1.7758       0.2010
 4337.85       2.1869       0.2002
 4338.89       1.7714       0.1819
 4339.93       1.9386       0.1785
 4340.96       1.7511       0.1799
 4342.00       1.6593       0.1863
 4343.04       1.7843       0.1962
 4344.08       1.3779       0.1953
 4345.11       1.6967       0.2032
 4346.15       1.9068       0.2101
 4347.19       1.4985       0.2071
 4348.23       1.6656       0.2097
 4349.27       1.3873       0.2025
 4350.30       1.0795       0.1881
 4351.34       1.7275       0.1903
 4352.38       1.6859       0.1901
 4353.42       1.6299       0.1911
 4354.45       1.6031       0.1959
 4355.49       1.6807       0.1972
 4356.53       1.8735       0.1994
 4357.57       2.0764       0.2058
 4358.60       2.1629       0.2081
 4359.64       1.4395       0.1944
 4360.68       1.1945       0.1924
 4361.72       1.8900       0.2050
 4362.76       1.4181       0.1972
 4363.79       0.8304       0.1888
 4364.83       1.1819       0.1954
 4365.87       1.1895       0.1954
 4366.91       1.4676       0.1966
 4367.94       1.7265       0.2010
 4368.98       1.9167       0.2035
 4370.02       1.5711       0.1933
 4371.06       1.5179       0.1916
 4372.10       1.5401       0.1908
 4373.13       1.6613       0.1906
 4374.17       2.0072       0.1954
 4375.21       1.2466       0.1809
 4376.25       1.4296       0.1837
 4377.28       1.5906       0.1964
 4378.32       1.6404       0.2029
 4379.36       1.6236       0.1984
 4380.40       2.1190       0.2044
 4381.44       2.4263       0.1999
 4382.47       1.8558       0.1762
 4383.51       1.7700       0.1647
 4384.55       1.9059       0.1702
 4385.59       1.9112       0.1760
 4386.62       1.7119       0.1802
 4387.66       1.8175       0.1859
 4388.70       1.7327       0.1851
 4389.74       1.9797       0.1844
 4390.77       1.7950       0.1840
 4391.81       2.0717       0.1898
 4392.85       1.7971       0.1891
 4393.89       1.4377       0.1816
 4394.93       1.5696       0.1827
 4395.96       1.7597       0.1858
 4397.00       1.2745       0.1853
 4398.04       1.6875       0.1909
 4399.08       1.6096       0.1893
 4400.11       1.2211       0.1822
 4401.15       0.9570       0.1733
 4402.19       1.5957       0.1819
 4403.23       1.5737       0.1791
 4404.27       1.7637       0.1779
 4405.30       2.1586       0.1816
 4406.34       1.4641       0.1751
 4407.38       1.6259       0.1852
 4408.42       1.1719       0.1794
 4409.45       1.2243       0.1843
 4410.49       1.1460       0.1871
 4411.53       1.7985       0.2017
 4412.57       1.9092       0.2090
 4413.61       1.4645       0.1891
 4414.64       2.0447       0.1902
 4415.68       2.2412       0.1909
 4416.72       2.0016       0.1937
 4417.76       2.2524       0.2073
 4418.79       1.8636       0.2044
 4419.83       2.2945       0.2170
 4420.87       1.9454       0.2088
 4421.91       1.8411       0.1958
 4422.94       2.0598       0.1990
 4423.98       1.7952       0.1936
 4425.02       1.6988       0.1938
 4426.06       1.7899       0.1970
 4427.10       1.8672       0.1960
 4428.13       1.6981       0.1961
 4429.17       2.1803       0.2039
 4430.21       2.1109       0.2036
 4431.25       1.4117       0.1885
 4432.28       1.8189       0.1925
 4433.32       2.0261       0.1933
 4434.36       2.1676       0.1888
 4435.40       2.2089       0.1895
 4436.44       2.1802       0.1944
 4437.47       2.0120       0.1968
 4438.51       1.8676       0.1982
 4439.55       1.7784       0.1977
 4440.59       2.1594       0.1978
 4441.62       2.3188       0.1894
 4442.66       2.4448       0.1894
 4443.70       1.9248       0.1851
 4444.74       1.3877       0.1795
 4445.78       1.5926       0.1889
 4446.81       1.7414       0.1880
 4447.85       2.5624       0.1990
 4448.89       2.3360       0.1931
 4449.93       1.6417       0.1815
 4450.96       1.5830       0.1810
 4452.00       1.8275       0.1814
 4453.04       2.4135       0.1868
 4454.08       1.7849       0.1675
 4455.11       2.0863       0.1685
 4456.15       1.9256       0.1654
 4457.19       1.7851       0.1664
 4458.23       2.0195       0.1709
 4459.27       2.4517       0.1740
 4460.30       2.1213       0.1676
 4461.34       1.6636       0.1610
 4462.38       1.5495       0.1656
 4463.42       1.8413       0.1734
 4464.45       1.9917       0.1775
 4465.49       2.0121       0.1763
 4466.53       1.8020       0.1760
 4467.57       2.1180       0.1740
 4468.61       1.9990       0.1722
 4469.64       2.0916       0.1749
 4470.68       1.9610       0.1731
 4471.72       1.9943       0.1791
 4472.76       1.9484       0.1812
 4473.79       1.4855       0.1722
 4474.83       1.9232       0.1801
 4475.87       1.9767       0.1755
 4476.91       1.9180       0.1800
 4477.95       1.9211       0.1781
 4478.98       2.2305       0.1774
 4480.02       2.1065       0.1693
 4481.06       2.0592       0.1626
 4482.10       2.0363       0.1658
 4483.13       2.4500       0.1803
 4484.17       2.6147       0.1843
 4485.21       1.9399       0.1787
 4486.25       2.0141       0.1837
 4487.28       1.8906       0.1712
 4488.32       2.4393       0.1789
 4489.36       1.8698       0.1671
 4490.40       2.1439       0.1724
 4491.44       2.2980       0.1814
 4492.47       2.2743       0.1829
 4493.51       3.2534       0.1914
 4494.55       2.6258       0.1816
 4495.59       1.6829       0.1684
 4496.62       2.1268       0.1762
 4497.66       1.9919       0.1784
 4498.70       1.5336       0.1718
 4499.74       2.5022       0.1848
 4500.78       2.4635       0.1836
 4501.81       3.0056       0.1936
 4502.85       1.7148       0.1739
 4503.89       2.6945       0.1902
 4504.93       2.0518       0.1872
 4505.96       1.5819       0.1730
 4507.00       2.4117       0.1885
 4508.04       1.7081       0.1747
 4509.08       2.5330       0.1875
 4510.12       1.8041       0.1774
 4511.15       1.9994       0.1823
 4512.19       2.3129       0.1806
 4513.23       1.8104       0.1667
 4514.27       1.6406       0.1675
 4515.30       1.3878       0.1625
 4516.34       1.2791       0.1635
 4517.38       1.3931       0.1656
 4518.42       1.4480       0.1666
 4519.45       1.5728       0.1670
 4520.49       2.7495       0.1850
 4521.53       2.4866       0.1772
 4522.57       1.6412       0.1628
 4523.61       2.3763       0.1717
 4524.64       2.3616       0.1702
 4525.68       2.3224       0.1649
 4526.72       2.3143       0.1609
 4527.76       2.1086       0.1578
 4528.79       2.4774       0.1592
 4529.83       2.2040       0.1570
 4530.87       2.4925       0.1606
 4531.91       2.0508       0.1550
 4532.95       2.6151       0.1623
 4533.98       2.8055       0.1660
 4535.02       2.2069       0.1582
 4536.06       1.6865       0.1533
 4537.10       2.1704       0.1646
 4538.13       2.1942       0.1659
 4539.17       2.1156       0.1640
 4540.21       2.2542       0.1605
 4541.25       2.5516       0.1615
 4542.29       1.8367       0.1552
 4543.32       1.4836       0.1487
 4544.36       1.2140       0.1440
 4545.40       2.3640       0.1587
 4546.44       2.3690       0.1588
 4547.47       2.2355       0.1548
 4548.51       2.3284       0.1515
 4549.55       2.1701       0.1466
 4550.59       1.8477       0.1451
 4551.62       2.0247       0.1527
 4552.66       1.7564       0.1491
 4553.70       1.1269       0.1372
 4554.74       1.7178       0.1461
 4555.78       1.5550       0.1436
 4556.81       1.7570       0.1467
 4557.85       1.8883       0.1501
 4558.89       2.0450       0.1564
 4559.93       2.1748       0.1592
 4560.96       1.8769       0.1541
 4562.00       1.9766       0.1544
 4563.04       2.6874       0.1640
 4564.08       2.2854       0.1550
 4565.12       2.2582       0.1503
 4566.15       2.2176       0.1545
 4567.19       1.9753       0.1554
 4568.23       1.8625       0.1515
 4569.27       2.0129       0.1548
 4570.30       2.1022       0.1530
 4571.34       1.6415       0.1432
 4572.38       2.3608       0.1536
 4573.42       2.2845       0.1539
 4574.46       2.2503       0.1584
 4575.49       2.4066       0.1559
 4576.53       2.0245       0.1503
 4577.57       2.2402       0.1546
 4578.61       2.0019       0.1483
 4579.64       2.1282       0.1467
 4580.68       2.4244       0.1498
 4581.72       2.4141       0.1498
 4582.76       2.5676       0.1525
 4583.79       2.8442       0.1523
 4584.83       1.9630       0.1405
 4585.87       1.9368       0.1417
 4586.91       1.8987       0.1428
 4587.95       2.2120       0.1483
 4588.98       2.3228       0.1518
 4590.02       2.1766       0.1459
 4591.06       2.3569       0.1450
 4592.10       2.6549       0.1475
 4593.13       2.7025       0.1475
 4594.17       2.5814       0.1462
 4595.21       2.2359       0.1425
 4596.25       2.6823       0.1448
 4597.29       2.2730       0.1421
 4598.32       2.5989       0.1447
 4599.36       2.4853       0.1427
 4600.40       2.4107       0.1381
 4601.44       2.2855       0.1392
 4602.47       2.4104       0.1390
 4603.51       2.4507       0.1423
 4604.55       2.4758       0.1424
 4605.59       1.9889       0.1358
 4606.62       2.0962       0.1385
 4607.66       1.9635       0.1384
 4608.70       2.2500       0.1437
 4609.74       2.1691       0.1428
 4610.78       2.0962       0.1428
 4611.81       1.9472       0.1375
 4612.85       2.0114       0.1366
 4613.89       2.3517       0.1411
 4614.93       2.7103       0.1472
 4615.96       2.7996       0.1488
 4617.00       2.4207       0.1446
 4618.04       2.3801       0.1409
 4619.08       2.9370       0.1458
 4620.12       2.2817       0.1417
 4621.15       1.9003       0.1359
 4622.19       2.1257       0.1402
 4623.23       3.0283       0.1500
 4624.27       3.0146       0.1491
 4625.30       2.1038       0.1361
 4626.34       2.7283       0.1453
 4627.38       2.5938       0.1446
 4628.42       2.3381       0.1410
 4629.46       2.5151       0.1441
 4630.49       2.3784       0.1389
 4631.53       2.1700       0.1349
 4632.57       2.0617       0.1345
 4633.61       2.1272       0.1379
 4634.64       2.6548       0.1384
 4635.68       2.7101       0.1395
 4636.72       2.4493       0.1359
 4637.76       2.2156       0.1325
 4638.79       1.9281       0.1276
 4639.83       2.5766       0.1362
 4640.87       2.8191       0.1409
 4641.91       3.0367       0.1461
 4642.95       3.0949       0.1438
 4643.98       2.2260       0.1322
 4645.02       2.0612       0.1258
 4646.06       2.3462       0.1256
 4647.10       2.1250       0.1237
 4648.13       2.1828       0.1235
 4649.17       2.5969       0.1298
 4650.21       2.7280       0.1331
 4651.25       2.5632       0.1331
 4652.29       2.5798       0.1328
 4653.32       2.5620       0.1295
 4654.36       2.5108       0.1296
 4655.40       2.3257       0.1272
 4656.44       2.3582       0.1287
 4657.47       2.1665       0.1267
 4658.51       2.5868       0.1347
 4659.55       2.4040       0.1351
 4660.59       1.9091       0.1287
 4661.62       2.4389       0.1298
 4662.66       2.9756       0.1324
 4663.70       2.6554       0.1281
 4664.74       2.6187       0.1274
 4665.78       2.6639       0.1240
 4666.81       2.2472       0.1146
 4667.85       2.0560       0.1100
 4668.89       2.3799       0.1193
 4669.93       2.8137       0.1277
 4670.96       2.8705       0.1317
 4672.00       2.7467       0.1306
 4673.04       2.6190       0.1277
 4674.08       2.4694       0.1255
 4675.12       2.6384       0.1290
 4676.15       2.7417       0.1304
 4677.19       2.8372       0.1295
 4678.23       2.5464       0.1232
 4679.27       2.2920       0.1199
 4680.30       1.8978       0.1164
 4681.34       2.1125       0.1200
 4682.38       2.4003       0.1260
 4683.42       2.3229       0.1233
 4684.46       2.4030       0.1242
 4685.49       2.6033       0.1266
 4686.53       2.6894       0.1252
 4687.57       2.3080       0.1217
 4688.61       2.4374       0.1240
 4689.64       2.8379       0.1260
 4690.68       2.5349       0.1233
 4691.72       2.3578       0.1199
 4692.76       2.6959       0.1219
 4693.79       2.2775       0.1196
 4694.83       2.3923       0.1200
 4695.87       2.4047       0.1194
 4696.91       2.3637       0.1181
 4697.95       2.3099       0.1159
 4698.98       2.6222       0.1167
 4700.02       2.2673       0.1118
 4701.06       1.9221       0.1084
 4702.10       2.2683       0.1103
 4703.13       1.9383       0.1074
 4704.17       1.9354       0.1079
 4705.21       2.3091       0.1137
 4706.25       2.4831       0.1155
 4707.29       1.9736       0.1085
 4708.32       2.0913       0.1079
 4709.36       2.6497       0.1152
 4710.40       2.3540       0.1146
 4711.44       2.3963       0.1170
 4712.47       2.6989       0.1200
 4713.51       2.0377       0.1092
 4714.55       2.1084       0.1101
 4715.59       2.4798       0.1152
 4716.62       2.6468       0.1176
 4717.66       2.8082       0.1221
 4718.70       2.7580       0.1224
 4719.74       2.6724       0.1205
 4720.78       2.2429       0.1150
 4721.81       1.9871       0.1118
 4722.85       2.3672       0.1158
 4723.89       2.3965       0.1182
 4724.93       2.3419       0.1176
 4725.96       2.2295       0.1137
 4727.00       1.9448       0.1095
 4728.04       2.1145       0.1086
 4729.08       2.0279       0.1067
 4730.12       2.1832       0.1086
 4731.15       2.2710       0.1094
 4732.19       2.3224       0.1117
 4733.23       2.0776       0.1105
 4734.27       1.7954       0.1078
 4735.30       2.2605       0.1114
 4736.34       2.1508       0.1086
 4737.38       2.0983       0.1074
 4738.42       2.1903       0.1113
 4739.46       2.1394       0.1110
 4740.49       2.3835       0.1123
 4741.53       2.7714       0.1172
 4742.57       2.3484       0.1135
 4743.61       2.3208       0.1120
 4744.64       2.4453       0.1134
 4745.68       2.2290       0.1095
 4746.72       2.1859       0.1103
 4747.76       2.2905       0.1134
 4748.80       1.9599       0.1085
 4749.83       2.0105       0.1081
 4750.87       1.9072       0.1068
 4751.91       1.9835       0.1060
 4752.95       2.0462       0.1042
 4753.98       2.0975       0.1047
 4755.02       2.2152       0.1055
 4756.06       2.2122       0.1070
 4757.10       2.4309       0.1101
 4758.13       2.3924       0.1101
 4759.17       2.5243       0.1130
 4760.21       2.0988       0.1079
 4761.25       2.2667       0.1067
 4762.29       2.5065       0.1071
 4763.32       2.5351       0.1056
 4764.36       2.9194       0.1088
 4765.40       2.3154       0.1029
 4766.44       2.1132       0.1013
 4767.47       2.3231       0.1060
 4768.51       2.2663       0.1069
 4769.55       2.0524       0.1040
 4770.59       2.0747       0.1045
 4771.63       2.3642       0.1066
 4772.66       2.1130       0.1055
 4773.70       2.3008       0.1096
 4774.74       2.3758       0.1095
 4775.78       2.4736       0.1112
 4776.81       2.6254       0.1137
 4777.85       2.2937       0.1105
 4778.89       2.0094       0.1061
 4779.93       2.5919       0.1103
 4780.97       2.9362       0.1138
 4782.00       2.5893       0.1093
 4783.04       2.3411       0.1080
 4784.08       2.2362       0.1051
 4785.12       2.4206       0.1066
 4786.15       2.6879       0.1099
 4787.19       2.6155       0.1077
 4788.23       2.5327       0.1048
 4789.27       2.3562       0.1036
 4790.30       2.4599       0.1066
 4791.34       2.4279       0.1059
 4792.38       2.0658       0.1044
 4793.42       2.4021       0.1094
 4794.46       2.1098       0.1071
 4795.49       2.4300       0.1095
 4796.53       2.5755       0.1104
 4797.57       2.0842       0.1031
 4798.61       1.8084       0.0984
 4799.64       2.1714       0.1023
 4800.68       2.2672       0.1050
 4801.72       2.2864       0.1050
 4802.76       1.9412       0.1020
 4803.80       2.1170       0.1036
 4804.83       2.1210       0.1024
 4805.87       2.5613       0.1065
 4806.91       2.1778       0.1017
 4807.95       2.2125       0.1011
 4808.98       2.3680       0.1033
 4810.02       2.3891       0.1042
 4811.06       2.2847       0.1039
 4812.10       2.2688       0.1046
 4813.14       1.8229       0.0984
 4814.17       1.7715       0.0986
 4815.21       2.3503       0.1052
 4816.25       2.1874       0.1041
 4817.29       1.7861       0.0995
 4818.32       2.0986       0.1030
 4819.36       2.1349       0.1056
 4820.40       2.0172       0.1031
 4821.44       1.9129       0.1001
 4822.47       2.1345       0.1011
 4823.51       2.1076       0.1010
 4824.55       2.1981       0.0997
 4825.59       2.3667       0.1023
 4826.63       2.1639       0.1028
 4827.66       1.9544       0.0994
 4828.70       1.8634       0.0970
 4829.74       1.9665       0.0969
 4830.78       2.0809       0.0978
 4831.81       2.3129       0.1007
 4832.85       1.9283       0.0982
 4833.89       1.6565       0.0966
 4834.93       1.7355       0.0954
 4835.97       2.0995       0.0985
 4837.00       2.0186       0.0983
 4838.04       1.9828       0.0963
 4839.08       1.9321       0.0943
 4840.12       1.7083       0.0917
 4841.15       1.6802       0.0919
 4842.19       1.7002       0.0919
 4843.23       1.8390       0.0953
 4844.27       1.8902       0.0954
 4845.31       1.8757       0.0948
 4846.34       1.7691       0.0929
 4847.38       1.7146       0.0923
 4848.42       2.1434       0.0955
 4849.46       1.7613       0.0902
 4850.49       1.3714       0.0877
 4851.53       1.6902       0.0902
 4852.57       1.8583       0.0905
 4853.61       1.4581       0.0843
 4854.64       1.4017       0.0809
 4855.68       1.8469       0.0822
 4856.72       2.0429       0.0837
 4857.76       1.9864       0.0810
 4858.80       1.9681       0.0772
 4859.83       1.8665       0.0724
 4860.87       1.7318       0.0709
 4861.91       1.6395       0.0701
 4862.95       1.6340       0.0708
 4863.98       1.2476       0.0706
 4865.02       1.5114       0.0739
 4866.06       1.4361       0.0742
 4867.10       1.3488       0.0745
 4868.14       1.3064       0.0735
 4869.17       1.5746       0.0755
 4870.21       1.8651       0.0748
 4871.25       1.7588       0.0715
 4872.29       1.8497       0.0726
 4873.32       1.6328       0.0727
 4874.36       1.6865       0.0744
 4875.40       1.8054       0.0767
 4876.44       1.5345       0.0729
 4877.48       1.5062       0.0734
 4878.51       1.7499       0.0765
 4879.55       1.8606       0.0780
 4880.59       1.6313       0.0773
 4881.63       1.7715       0.0772
 4882.66       1.9198       0.0778
 4883.70       1.6160       0.0738
 4884.74       1.7453       0.0745
 4885.78       1.6833       0.0745
 4886.81       1.8908       0.0751
 4887.85       1.7357       0.0744
 4888.89       1.5582       0.0731
 4889.93       1.3632       0.0698
 4890.97       1.6404       0.0706
 4892.00       1.6109       0.0729
 4893.04       1.5225       0.0764
 4894.08       1.8493       0.0813
 4895.12       1.7359       0.0820
 4896.15       1.9763       0.0848
 4897.19       2.1870       0.0867
 4898.23       1.8806       0.0836
 4899.27       1.9842       0.0841
 4900.31       2.0981       0.0846
 4901.34       1.6525       0.0806
 4902.38       1.2258       0.0758
 4903.42       1.4676       0.0769
 4904.46       1.3351       0.0789
 4905.49       1.3351       0.0788
 4906.53       1.6086       0.0814
 4907.57       1.7192       0.0816
 4908.61       1.4740       0.0764
 4909.65       1.7242       0.0792
 4910.68       1.8387       0.0792
 4911.72       1.5211       0.0759
 4912.76       1.6613       0.0792
 4913.80       1.8621       0.0815
 4914.83       1.8877       0.0830
 4915.87       1.6681       0.0810
 4916.91       1.7365       0.0790
 4917.95       1.5497       0.0725
 4918.98       1.2918       0.0683
 4920.02       1.3994       0.0693
 4921.06       1.6964       0.0733
 4922.10       1.5003       0.0736
 4923.14       1.5790       0.0748
 4924.17       1.6327       0.0763
 4925.21       1.3676       0.0757
 4926.25       1.2872       0.0759
 4927.29       1.4283       0.0778
 4928.32       1.5730       0.0785
 4929.36       1.2474       0.0757
 4930.40       1.4031       0.0774
 4931.44       1.8473       0.0808
 4932.48       1.3522       0.0749
 4933.51       1.2828       0.0726
 4934.55       1.0239       0.0702
 4935.59       1.4431       0.0740
 4936.63       1.6738       0.0755
 4937.66       1.4506       0.0710
 4938.70       1.6076       0.0718
 4939.74       1.3372       0.0704
 4940.78       1.5347       0.0752
 4941.81       1.3960       0.0762
 4942.85       1.0986       0.0741
 4943.89       1.3437       0.0764
 4944.93       1.3429       0.0749
 4945.97       1.5026       0.0762
 4947.00       1.8229       0.0788
 4948.04       1.6733       0.0775
 4949.08       1.5466       0.0775
 4950.12       2.0714       0.0835
 4951.15       1.8658       0.0811
 4952.19       1.1979       0.0746
 4953.23       1.5415       0.0772
 4954.27       1.9795       0.0800
 4955.31       1.7951       0.0767
 4956.34       1.3946       0.0707
 4957.38       1.5190       0.0698
 4958.42       1.7873       0.0735
 4959.46       1.6300       0.0762
 4960.49       1.3423       0.0762
 4961.53       1.5332       0.0789
 4962.57       1.9166       0.0812
 4963.61       1.9130       0.0797
 4964.65       1.8008       0.0781
 4965.68       1.7269       0.0766
 4966.72       1.7575       0.0766
 4967.76       1.7823       0.0767
 4968.80       1.8189       0.0771
 4969.83       1.7497       0.0765
 4970.87       1.7640       0.0764
 4971.91       1.8742       0.0783
 4972.95       1.8951       0.0795
 4973.98       1.5813       0.0760
 4975.02       1.3238       0.0730
 4976.06       1.6056       0.0755
 4977.10       1.7393       0.0771
 4978.14       1.6995       0.0760
 4979.17       1.6203       0.0733
 4980.21       1.7588       0.0727
 4981.25       1.6605       0.0701
 4982.29       1.4708       0.0666
 4983.32       1.7836       0.0677
 4984.36       1.9753       0.0705
 4985.40       1.7933       0.0714
 4986.44       1.7343       0.0729
 4987.48       1.4881       0.0723
 4988.51       1.4019       0.0718
 4989.55       1.6980       0.0731
 4990.59       1.9516       0.0736
 4991.63       2.0586       0.0747
 4992.66       2.0698       0.0753
 4993.70       1.6341       0.0717
 4994.74       1.8797       0.0732
 4995.78       1.7745       0.0725
 4996.81       1.5789       0.0708
 4997.85       1.7904       0.0717
 4998.89       1.7400       0.0703
 4999.93       1.6044       0.0673
 5000.97       1.8229       0.0692
 5002.00       1.7565       0.0690
 5003.04       1.7666       0.0681
 5004.08       1.6046       0.0659
 5005.12       1.6509       0.0658
 5006.15       2.0338       0.0690
 5007.19       1.7945       0.0685
 5008.23       1.7290       0.0692
 5009.27       1.8216       0.0694
 5010.31       1.7823       0.0680
 5011.34       1.7953       0.0664
 5012.38       1.9204       0.0668
 5013.42       2.2038       0.0677
 5014.46       2.0877       0.0669
 5015.49       1.7456       0.0648
 5016.53       2.0386       0.0664
 5017.57       1.6749       0.0639
 5018.61       1.7500       0.0651
 5019.65       1.9387       0.0668
 5020.68       1.5896       0.0645
 5021.72       1.6612       0.0651
 5022.76       1.7128       0.0661
 5023.80       2.0842       0.0684
 5024.83       1.7169       0.0658
 5025.87       1.6336       0.0635
 5026.91       1.9009       0.0659
 5027.95       1.9974       0.0671
 5028.98       2.0908       0.0679
 5030.02       1.9556       0.0676
 5031.06       1.9575       0.0683
 5032.10       1.8933       0.0678
 5033.14       1.8259       0.0672
 5034.17       1.6028       0.0648
 5035.21       1.5721       0.0632
 5036.25       1.8643       0.0650
 5037.29       2.1683       0.0669
 5038.32       2.2799       0.0676
 5039.36       2.0640       0.0650
 5040.40       1.7873       0.0615
 5041.44       1.7051       0.0599
 5042.48       2.0936       0.0645
 5043.51       1.9984       0.0672
 5044.55       1.8624       0.0685
 5045.59       1.9813       0.0702
 5046.63       2.1981       0.0710
 5047.66       1.9561       0.0679
 5048.70       1.9542       0.0659
 5049.74       2.1493       0.0677
 5050.78       2.1685       0.0682
 5051.82       1.7312       0.0643
 5052.85       1.8541       0.0666
 5053.89       1.7777       0.0668
 5054.93       2.0420       0.0704
 5055.97       1.7299       0.0669
 5057.00       1.7630       0.0668
 5058.04       1.6532       0.0660
 5059.08       1.7765       0.0675
 5060.12       1.7007       0.0669
 5061.16       2.0436       0.0707
 5062.19       2.1790       0.0715
 5063.23       2.0097       0.0690
 5064.27       2.0344       0.0680
 5065.31       1.7379       0.0639
 5066.34       1.9773       0.0660
 5067.38       2.0274       0.0673
 5068.42       1.7489       0.0664
 5069.46       1.9866       0.0685
 5070.49       1.9323       0.0684
 5071.53       2.1112       0.0679
 5072.57       2.1030       0.0669
 5073.61       1.9462       0.0660
 5074.65       1.6637       0.0630
 5075.68       1.8476       0.0658
 5076.72       1.9306       0.0667
 5077.76       1.8268       0.0648
 5078.80       1.8358       0.0626
 5079.83       2.2672       0.0645
 5080.87       1.9059       0.0629
 5081.91       1.9511       0.0640
 5082.95       1.2114       0.0588
 5083.99       1.6587       0.0617
 5085.02       2.0094       0.0667
 5086.06       2.0206       0.0670
 5087.10       1.7992       0.0653
 5088.14       1.7506       0.0639
 5089.17       1.9478       0.0665
 5090.21       1.5626       0.0634
 5091.25       1.8782       0.0651
 5092.29       2.0379       0.0665
 5093.33       1.9705       0.0666
 5094.36       1.9531       0.0665
 5095.40       1.6698       0.0631
 5096.44       2.3073       0.0664
 5097.48       2.1717       0.0640
 5098.51       2.1903       0.0624
 5099.55       2.3152       0.0643
 5100.59       1.6938       0.0627
 5101.63       1.7722       0.0644
 5102.66       1.5113       0.0620
 5103.70       1.8120       0.0637
 5104.74       1.8893       0.0645
 5105.78       1.9917       0.0637
 5106.82       2.0563       0.0639
 5107.85       1.9289       0.0626
 5108.89       1.7080       0.0602
 5109.93       1.8135       0.0620
 5110.97       2.0375       0.0657
 5112.00       2.3970       0.0674
 5113.04       2.3243       0.0685
 5114.08       1.9445       0.0647
 5115.12       2.2588       0.0671
 5116.16       1.8446       0.0635
 5117.19       2.0832       0.0659
 5118.23       1.7554       0.0642
 5119.27       1.9138       0.0637
 5120.31       2.0129       0.0645
 5121.34       2.0737       0.0642
 5122.38       2.0314       0.0632
 5123.42       2.0669       0.0624
 5124.46       2.1504       0.0629
 5125.50       2.1405       0.0616
 5126.53       1.9345       0.0617
 5127.57       2.1508       0.0613
 5128.61       1.8628       0.0593
 5129.65       1.9954       0.0610
 5130.68       2.0903       0.0620
 5131.72       2.4136       0.0653
 5132.76       2.3241       0.0655
 5133.80       2.6405       0.0674
 5134.83       2.2295       0.0629
 5135.87       2.0047       0.0609
 5136.91       1.9466       0.0597
 5137.95       2.0457       0.0593
 5138.99       2.0248       0.0579
 5140.02       2.0762       0.0597
 5141.06       1.6231       0.0563
 5142.10       2.0003       0.0587
 5143.14       2.0288       0.0583
 5144.17       1.9197       0.0585
 5145.21       1.9190       0.0591
 5146.25       1.6829       0.0569
 5147.29       2.0844       0.0593
 5148.33       1.8857       0.0579
 5149.36       1.7804       0.0571
 5150.40       1.8485       0.0572
 5151.44       2.1344       0.0586
 5152.48       1.9083       0.0574
 5153.51       2.2436       0.0595
 5154.55       1.8188       0.0565
 5155.59       2.0908       0.0591
 5156.63       1.7910       0.0564
 5157.67       2.2732       0.0601
 5158.70       2.1420       0.0599
 5159.74       2.1021       0.0591
 5160.78       1.7554       0.0557
 5161.82       1.8539       0.0561
 5162.85       2.0108       0.0560
 5163.89       2.2784       0.0570
 5164.93       2.2002       0.0550
 5165.97       2.1875       0.0511
 5167.00       2.2447       0.0500
 5168.04       1.9890       0.0489
 5169.08       1.8988       0.0502
 5170.12       2.0708       0.0516
 5171.16       2.0190       0.0487
 5172.19       1.9961       0.0465
 5173.23       2.4660       0.0506
 5174.27       2.0108       0.0516
 5175.31       2.0278       0.0545
 5176.34       2.0489       0.0555
 5177.38       2.1757       0.0569
 5178.42       2.0249       0.0556
 5179.46       2.0445       0.0553
 5180.50       2.0639       0.0539
 5181.53       2.0470       0.0507
 5182.57       1.9409       0.0459
 5183.61       2.1267       0.0450
 5184.65       1.8781       0.0456
 5185.68       1.9965       0.0509
 5186.72       2.1367       0.0542
 5187.76       2.1350       0.0554
 5188.80       1.9389       0.0545
 5189.83       1.9309       0.0541
 5190.87       1.6109       0.0499
 5191.91       1.9673       0.0516
 5192.95       1.7614       0.0502
 5193.99       1.8598       0.0515
 5195.02       1.8713       0.0522
 5196.06       2.2043       0.0566
 5197.10       2.1198       0.0588
 5198.14       2.2450       0.0623
 5199.17       2.2336       0.0629
 5200.21       2.1254       0.0607
 5201.25       1.7846       0.0564
 5202.29       1.8946       0.0564
 5203.33       2.1766       0.0559
 5204.36       1.7510       0.0512
 5205.40       1.7860       0.0505
 5206.44       2.2321       0.0534
 5207.48       1.9495       0.0524
 5208.51       1.9460       0.0525
 5209.55       2.1969       0.0545
 5210.59       2.0754       0.0552
 5211.63       2.0741       0.0558
 5212.67       1.7529       0.0539
 5213.70       1.7578       0.0535
 5214.74       2.1234       0.0545
 5215.78       2.0264       0.0536
 5216.82       2.2006       0.0552
 5217.85       2.6180       0.0582
 5218.89       2.0716       0.0554
 5219.93       1.7409       0.0531
 5220.97       1.8393       0.0555
 5222.00       1.8152       0.0550
 5223.04       1.7452       0.0538
 5224.08       1.5929       0.0529
 5225.12       1.6980       0.0510
 5226.16       1.8400       0.0496
 5227.19       2.0423       0.0508
 5228.23       2.0893       0.0520
 5229.27       2.0479       0.0541
 5230.31       2.1320       0.0559
 5231.34       2.0981       0.0540
 5232.38       2.1808       0.0535
 5233.42       2.3448       0.0545
 5234.46       2.0859       0.0529
 5235.50       1.8658       0.0522
 5236.53       2.0417       0.0554
 5237.57       2.1283       0.0568
 5238.61       1.9673       0.0561
 5239.65       1.7716       0.0550
 5240.68       1.9902       0.0561
 5241.72       2.0289       0.0550
 5242.76       2.2971       0.0552
 5243.80       2.2453       0.0563
 5244.83       2.0885       0.0553
 5245.87       1.9513       0.0548
 5246.91       2.0991       0.0550
 5247.95       2.0701       0.0545
 5248.99       1.9027       0.0529
 5250.02       2.1136       0.0542
 5251.06       1.9432       0.0535
 5252.10       1.9052       0.0529
 5253.14       1.6787       0.0517
 5254.17       1.8603       0.0535
 5255.21       2.0671       0.0556
 5256.25       1.8266       0.0538
 5257.29       2.0824       0.0552
 5258.33       1.9480       0.0542
 5259.36       1.7074       0.0524
 5260.40       1.9700       0.0528
 5261.44       1.9672       0.0511
 5262.48       1.6839       0.0478
 5263.51       1.8056       0.0474
 5264.55       1.9836       0.0476
 5265.59       2.0023       0.0477
 5266.63       1.8720       0.0473
 5267.67       1.9515       0.0478
 5268.70       1.8875       0.0460
 5269.74       1.9597       0.0468
 5270.78       1.9826       0.0479
 5271.82       2.0540       0.0500
 5272.85       2.0545       0.0504
 5273.89       2.0873       0.0503
 5274.93       2.2120       0.0521
 5275.97       1.9180       0.0510
 5277.00       1.8196       0.0504
 5278.04       2.0883       0.0532
 5279.08       2.1631       0.0529
 5280.12       2.0459       0.0516
 5281.16       1.7246       0.0482
 5282.19       1.8100       0.0485
 5283.23       2.0408       0.0503
 5284.27       1.9850       0.0507
 5285.31       1.9217       0.0513
 5286.34       2.1244       0.0536
 5287.38       1.6579       0.0507
 5288.42       1.8945       0.0524
 5289.46       1.7898       0.0520
 5290.50       1.8837       0.0526
 5291.53       1.7719       0.0517
 5292.57       1.9048       0.0519
 5293.61       1.8853       0.0519
 5294.65       2.0757       0.0532
 5295.68       2.1274       0.0521
 5296.72       1.9146       0.0508
 5297.76       1.9405       0.0499
 5298.80       2.4884       0.0552
 5299.83       1.8483       0.0510
 5300.87       1.6687       0.0496
 5301.91       1.7040       0.0498
 5302.95       2.0489       0.0530
 5303.99       2.2815       0.0550
 5305.02       2.0957       0.0547
 5306.06       1.9549       0.0532
 5307.10       1.9519       0.0534
 5308.14       2.2929       0.0554
 5309.17       2.0918       0.0540
 5310.21       1.8662       0.0532
 5311.25       1.9360       0.0539
 5312.29       2.1096       0.0553
 5313.33       2.1320       0.0543
 5314.36       1.7379       0.0516
 5315.40       2.0298       0.0521
 5316.44       1.8645       0.0512
 5317.48       2.1253       0.0523
 5318.51       1.8498       0.0518
 5319.55       1.7427       0.0508
 5320.59       1.9045       0.0516
 5321.63       1.9703       0.0524
 5322.67       1.6930       0.0488
 5323.70       1.8422       0.0496
 5324.74       1.7385       0.0479
 5325.78       2.0385       0.0504
 5326.82       1.8991       0.0482
 5327.85       1.8513       0.0471
 5328.89       1.7776       0.0467
 5329.93       2.0088       0.0501
 5330.97       1.9021       0.0513
 5332.00       1.9556       0.0505
 5333.04       1.8304       0.0501
 5334.08       1.6184       0.0490
 5335.12       1.5439       0.0480
 5336.16       2.1272       0.0518
 5337.19       1.8695       0.0517
 5338.23       1.6006       0.0500
 5339.27       1.6863       0.0467
 5340.31       1.7396       0.0467
 5341.34       1.8732       0.0477
 5342.38       1.8159       0.0483
 5343.42       1.9161       0.0491
 5344.46       1.7984       0.0486
 5345.50       1.6516       0.0475
 5346.53       1.6317       0.0475
 5347.57       1.9587       0.0492
 5348.61       1.8407       0.0490
 5349.65       1.9053       0.0490
 5350.68       1.6024       0.0488
 5351.72       1.5531       0.0484
 5352.76       1.9860       0.0508
 5353.80       1.5809       0.0485
 5354.84       1.5991       0.0488
 5355.87       1.5933       0.0495
 5356.91       1.4562       0.0482
 5357.95       1.5821       0.0493
 5358.99       1.6794       0.0493
 5360.02       1.2753       0.0464
 5361.06       1.3928       0.0463
 5362.10       1.9774       0.0499
 5363.14       1.9404       0.0494
 5364.17       1.6221       0.0470
 5365.21       1.7723       0.0479
 5366.25       1.7587       0.0478
 5367.29       1.6265       0.0469
 5368.33       1.7289       0.0474
 5369.36       1.6847       0.0468
 5370.40       1.7586       0.0460
 5371.44       1.6705       0.0458
 5372.48       1.4229       0.0454
 5373.51       1.3287       0.0454
 5374.55       1.6722       0.0484
 5375.59       1.7714       0.0498
 5376.63       1.6858       0.0486
 5377.67       1.7244       0.0486
 5378.70       1.3663       0.0464
 5379.74       1.3521       0.0460
 5380.78       1.5160       0.0465
 5381.82       1.5732       0.0463
 5382.85       1.7901       0.0474
 5383.89       1.8699       0.0488
 5384.93       1.9258       0.0496
 5385.97       1.7153       0.0479
 5387.01       1.9662       0.0496
 5388.04       1.9576       0.0498
 5389.08       1.7340       0.0480
 5390.12       1.7471       0.0469
 5391.16       1.5606       0.0459
 5392.19       1.7507       0.0466
 5393.23       1.7243       0.0466
 5394.27       1.5578       0.0455
 5395.31       1.6766       0.0457
 5396.34       1.8065       0.0458
 5397.38       1.6979       0.0456
 5398.42       1.5756       0.0446
 5399.46       1.3546       0.0436
 5400.50       1.7432       0.0458
 5401.53       1.8621       0.0472
 5402.57       1.6078       0.0449
 5403.61       1.6437       0.0439
 5404.65       1.9016       0.0451
 5405.68       1.4595       0.0419
 5406.72       1.5459       0.0430
 5407.76       1.7799       0.0449
 5408.80       1.7944       0.0455
 5409.84       1.5685       0.0438
 5410.87       1.6340       0.0442
 5411.91       1.9139       0.0466
 5412.95       1.5760       0.0452
 5413.99       1.4636       0.0437
 5415.02       1.3144       0.0421
 5416.06       1.6612       0.0456
 5417.10       1.8113       0.0467
 5418.14       1.6920       0.0463
 5419.18       1.7222       0.0459
 5420.21       1.7955       0.0463
 5421.25       1.6346       0.0458
 5422.29       1.6158       0.0445
 5423.33       1.7539       0.0462
 5424.36       1.5917       0.0442
 5425.40       1.6318       0.0451
 5426.44       1.4992       0.0455
 5427.48       1.5027       0.0458
 5428.52       1.3843       0.0434
 5429.55       1.6569       0.0448
 5430.59       1.6178       0.0448
 5431.63       1.6389       0.0451
 5432.67       1.7952       0.0455
 5433.70       1.5360       0.0442
 5434.74       1.6610       0.0453
 5435.78       1.6785       0.0456
 5436.82       1.3484       0.0444
 5437.85       1.5366       0.0464
 5438.89       1.5063       0.0462
 5439.93       1.7157       0.0476
 5440.97       1.3739       0.0448
 5442.01       1.2655       0.0451
 5443.04       1.6795       0.0470
 5444.08       1.5418       0.0464
 5445.12       1.6399       0.0450
 5446.16       1.4532       0.0429
 5447.19       1.4251       0.0435
 5448.23       1.5003       0.0447
 5449.27       1.7199       0.0474
 5450.31       1.7201       0.0481
 5451.35       1.6280       0.0469
 5452.38       1.7379       0.0468
 5453.42       1.8324       0.0466
 5454.46       1.6689       0.0449
 5455.50       1.7106       0.0443
 5456.53       1.4540       0.0438
 5457.57       1.5517       0.0452
 5458.61       1.6228       0.0472
 5459.65       1.5984       0.0475
 5460.69       1.8591       0.0492
 5461.72       1.9442       0.0480
 5462.76       1.5265       0.0443
 5463.80       1.6553       0.0444
 5464.84       1.3330       0.0437
 5465.87       1.4225       0.0440
 5466.91       1.6954       0.0459
 5467.95       1.6119       0.0457
 5468.99       1.4129       0.0449
 5470.02       1.4658       0.0449
 5471.06       1.4849       0.0445
 5472.10       1.4840       0.0438
 5473.14       1.3856       0.0434
 5474.18       1.5034       0.0436
 5475.21       1.7605       0.0446
 5476.25       1.6303       0.0438
 5477.29       1.5305       0.0428
 5478.33       1.6003       0.0435
 5479.36       1.5957       0.0443
 5480.40       1.6010       0.0442
 5481.44       2.0182       0.0465
 5482.48       1.9356       0.0464
 5483.52       1.6405       0.0453
 5484.55       1.3642       0.0438
 5485.59       1.3781       0.0438
 5486.63       1.7030       0.0452
 5487.67       1.5555       0.0441
 5488.70       1.6596       0.0448
 5489.74       1.5341       0.0442
 5490.78       1.5843       0.0445
 5491.82       1.6773       0.0450
 5492.85       1.4421       0.0445
 5493.89       1.6501       0.0452
 5494.93       1.4542       0.0435
 5495.97       1.4461       0.0432
 5497.01       1.8448       0.0454
 5498.04       1.4626       0.0436
 5499.08       1.7271       0.0462
 5500.12       1.5928       0.0456
 5501.16       1.6054       0.0448
 5502.19       1.5791       0.0440
 5503.23       1.8126       0.0457
 5504.27       1.5708       0.0444
 5505.31       1.6212       0.0452
 5506.35       1.2866       0.0428
 5507.38       1.8636       0.0458
 5508.42       1.4417       0.0444
 5509.46       1.5869       0.0453
 5510.50       1.6463       0.0449
 5511.53       1.8126       0.0461
 5512.57       1.5411       0.0438
 5513.61       1.5666       0.0438
 5514.65       1.5614       0.0436
 5515.69       1.7120       0.0463
 5516.72       1.8758       0.0470
 5517.76       1.5555       0.0449
 5518.80       1.9077       0.0478
 5519.84       1.5226       0.0448
 5520.87       1.7425       0.0460
 5521.91       1.6108       0.0452
 5522.95       1.7763       0.0468
 5523.99       1.5196       0.0442
 5525.02       1.5824       0.0444
 5526.06       1.5796       0.0428
 5527.10       1.5062       0.0426
 5528.14       1.5304       0.0426
 5529.18       1.7681       0.0442
 5530.21       1.6571       0.0446
 5531.25       1.5452       0.0437
 5532.29       1.3686       0.0430
 5533.33       1.6782       0.0449
 5534.36       1.5036       0.0433
 5535.40       1.4193       0.0435
 5536.44       1.2214       0.0421
 5537.48       1.5695       0.0443
 5538.52       1.2357       0.0419
 5539.55       1.3691       0.0435
 5540.59       1.6342       0.0461
 5541.63       1.5503       0.0460
 5542.67       1.8632       0.0481
 5543.70       1.9145       0.0487
 5544.74       1.6237       0.0467
 5545.78       1.4767       0.0459
 5546.82       1.4362       0.0448
 5547.85       1.6574       0.0454
 5548.89       1.7545       0.0473
 5549.93       1.7300       0.0471
 5550.97       1.6291       0.0461
 5552.01       1.5065       0.0454
 5553.04       1.3853       0.0444
 5554.08       1.3655       0.0440
 5555.12       1.3680       0.0441
 5556.16       1.3895       0.0448
 5557.19       1.4685       0.0459
 5558.23       1.2890       0.0440
 5559.27       1.4623       0.0452
 5560.31       1.6062       0.0459
 5561.35       1.4084       0.0453
 5562.38       1.4760       0.0468
 5563.42       1.2845       0.0464
 5564.46       1.3520       0.0463
 5565.50       1.4290       0.0461
 5566.53       1.2040       0.0437
 5567.57       1.5339       0.0458
 5568.61       1.3528       0.0447
 5569.65       1.1673       0.0442
 5570.69       1.3736       0.0449
 5571.72       1.3274       0.0439
 5572.76       1.4593       0.0458
 5573.80       1.4986       0.0544
 5574.84       1.3290       0.1189
 5575.87       1.5231       0.2499
 5576.91       1.5297       0.3203
 5577.95       1.3338       0.2705
 5578.99       1.4527       0.1485
 5580.02       1.4048       0.0621
 5581.06       1.5739       0.0476
 5582.10       1.5641       0.0471
 5583.14       1.9110       0.0491
 5584.18       1.4959       0.0448
 5585.21       1.3476       0.0430
 5586.25       0.9945       0.0398
 5587.29       1.2799       0.0418
 5588.33       1.2977       0.0436
 5589.36       1.3790       0.0439
 5590.40       1.5050       0.0452
 5591.44       1.1127       0.0416
 5592.48       1.0657       0.0407
 5593.52       1.4173       0.0429
 5594.55       1.1024       0.0411
 5595.59       1.2636       0.0430
 5596.63       1.5612       0.0463
 5597.67       1.5507       0.0451
 5598.70       1.3672       0.0441
 5599.74       1.1170       0.0413
 5600.78       1.0829       0.0409
 5601.82       0.9921       0.0398
 5602.86       1.1163       0.0422
 5603.89       1.2805       0.0453
 5604.93       1.5985       0.0490
 5605.97       1.4309       0.0474
 5607.01       1.4001       0.0463
 5608.04       1.3536       0.0450
 5609.08       1.3874       0.0450
 5610.12       1.3564       0.0446
 5611.16       1.2315       0.0440
 5612.19       1.3485       0.0445
 5613.23       1.2286       0.0433
 5614.27       1.0356       0.0409
 5615.31       1.4747       0.0434
 5616.35       1.6559       0.0457
 5617.38       1.2644       0.0445
 5618.42       1.2104       0.0446
 5619.46       1.2782       0.0451
 5620.50       1.2135       0.0451
 5621.53       1.4320       0.0467
 5622.57       1.4640       0.0482
 5623.61       1.4644       0.0477
 5624.65       1.5233       0.0477
 5625.69       1.4436       0.0469
 5626.72       1.6475       0.0481
 5627.76       1.4006       0.0464
 5628.80       1.2942       0.0459
 5629.84       1.2607       0.0463
 5630.87       1.2562       0.0466
 5631.91       1.2566       0.0462
 5632.95       1.2899       0.0456
 5633.99       1.3873       0.0467
 5635.03       1.3969       0.0478
 5636.06       1.4457       0.0476
 5637.10       1.4762       0.0471
 5638.14       1.1669       0.0459
 5639.18       1.4919       0.0481
 5640.21       1.4019       0.0482
 5641.25       1.4967       0.0484
 5642.29       1.5234       0.0481
 5643.33       1.3922       0.0484
 5644.36       1.4888       0.0496
 5645.40       1.3905       0.0493
 5646.44       1.4424       0.0506
 5647.48       1.5156       0.0510
 5648.52       1.3023       0.0495
 5649.55       1.2074       0.0473
 5650.59       1.2934       0.0487
 5651.63       1.5974       0.0503
 5652.67       1.2487       0.0486
 5653.70       1.3252       0.0484
 5654.74       1.5719       0.0497
 5655.78       1.0598       0.0469
 5656.82       1.0680       0.0464
 5657.86       1.3308       0.0473
 5658.89       1.6209       0.0500
 5659.93       1.5989       0.0511
 5660.97       1.7024       0.0514
 5662.01       1.5115       0.0498
 5663.04       1.3268       0.0496
 5664.08       1.3277       0.0506
 5665.12       1.2287       0.0501
 5666.16       1.4427       0.0522
 5667.20       1.2172       0.0497
 5668.23       1.3568       0.0516
 5669.27       1.5389       0.0540
 5670.31       1.4423       0.0531
 5671.35       1.2548       0.0518
 5672.38       1.6429       0.0562
 5673.42       1.6523       0.0560
 5674.46       1.3930       0.0540
 5675.50       1.3163       0.0542
 5676.53       1.4861       0.0553
 5677.57       1.4832       0.0550
 5678.61       1.4106       0.0544
 5679.65       1.3282       0.0547
 5680.69       1.5568       0.0569
 5681.72       1.5393       0.0565
 5682.76       1.3490       0.0548
 5683.80       1.5193       0.0562
 5684.84       1.4145       0.0553
 5685.87       1.3692       0.0548
 5686.91       1.3293       0.0543
 5687.95       1.3743       0.0561
 5688.99       1.6586       0.0594
 5690.03       1.4743       0.0582
 5691.06       1.3616       0.0580
 5692.10       1.0359       0.0556
 5693.14       1.2821       0.0577
 5694.18       1.3372       0.0574
 5695.21       1.5101       0.0601
 5696.25       1.2081       0.0581
 5697.29       1.2485       0.0585
 5698.33       1.4476       0.0612
 5699.37       1.4800       0.0610
 5700.40       1.2291       0.0579
 5701.44       1.3633       0.0594
 5702.48       1.6697       0.0624
 5703.52       1.0025       0.0567
 5704.55       1.4568       0.0619
 5705.59       1.7733       0.0627
 5706.63       2.0163       0.0669
 5707.67       1.3998       0.0607
 5708.70       1.2929       0.0594
 5709.74       1.1920       0.0582
 5710.78       1.4192       0.0604
 5711.82       1.6104       0.0633
 5712.86       1.5484       0.0640
 5713.89       1.4974       0.0637
 5714.93       1.6149       0.0671
 5715.97       1.1784       0.0631
 5717.01       1.4044       0.0638
 5718.04       1.3509       0.0642
 5719.08       1.4312       0.0651
 5720.12       1.0467       0.0631
 5721.16       1.2272       0.0654
 5722.20       1.4515       0.0690
 5723.23       1.1105       0.0668
 5724.27       1.0624       0.0666
 5725.31       1.3448       0.0675
 5726.35       1.3970       0.0699
 5727.38       1.3055       0.0684
 5728.42       1.6385       0.0737
 5729.46       1.2385       0.0712
 5730.50       1.3010       0.0719
 5731.54       1.4929       0.0737
 5732.57       1.4120       0.0729
 5733.61       1.4864       0.0735
 5734.65       1.1695       0.0730
 5735.69       1.2878       0.0722
 5736.72       1.4772       0.0760
 5737.76       1.3517       0.0743
 5738.80       1.2615       0.0753
 5739.84       1.3456       0.0752
 5740.87       1.2813       0.0751
 5741.91       1.2325       0.0743
 5742.95       1.4616       0.0772
 5743.99       1.7894       0.0810
 5745.03       1.5003       0.0773
 5746.06       1.3272       0.0779
 5747.10       1.3107       0.0769
 5748.14       1.9419       0.0847
 5749.18       1.7427       0.0813
 5750.21       1.4874       0.0816
 5751.25       1.6209       0.0829
 5752.29       1.3915       0.0824
 5753.33       1.2751       0.0783
 5754.37       0.9871       0.0758
 5755.40       1.1257       0.0785
 5756.44       1.4268       0.0848
 5757.48       1.3649       0.0849
 5758.52       1.2711       0.0843
 5759.55       1.6217       0.0865
 5760.59       1.1832       0.0799
 5761.63       1.1616       0.0834
 5762.67       1.2386       0.0594
 5763.71       1.0892       0.0572
 5764.74       1.0306       0.0565
 5765.78       1.2025       0.0592
 5766.82       1.4100       0.0633
 5767.86       1.5510       0.0656
 5768.89       1.5650       0.0647
 5769.93       1.4467       0.0622
 5770.97       1.2250       0.0590
 5772.01       1.0045       0.0559
 5773.04       1.0393       0.0559
 5774.08       1.3065       0.0586
 5775.12       1.5349       0.0614
 5776.16       1.5865       0.0621
 5777.20       1.4938       0.0605
 5778.23       1.4160       0.0585
 5779.27       1.3496       0.0575
 5780.31       1.2542       0.0573
 5781.35       1.2778       0.0563
 5782.38       1.3497       0.0554
 5783.42       1.3546       0.0563
 5784.46       1.2975       0.0563
 5785.50       1.3044       0.0552
 5786.54       1.5396       0.0557
 5787.57       1.6142       0.0560
 5788.61       1.4086       0.0552
 5789.65       1.4204       0.0560
 5790.69       1.4778       0.0552
 5791.72       1.3130       0.0513
 5792.76       1.3019       0.0515
 5793.80       1.4074       0.0546
 5794.84       1.3363       0.0543
 5795.88       1.3387       0.0532
 5796.91       1.4400       0.0527
 5797.95       1.3742       0.0513
 5798.99       1.4153       0.0519
 5800.03       1.6463       0.0545
 5801.06       1.6844       0.0551
 5802.10       1.5658       0.0535
 5803.14       1.4940       0.0520
 5804.18       1.4419       0.0496
 5805.21       1.4440       0.0482
 5806.25       1.4772       0.0493
 5807.29       1.4831       0.0509
 5808.33       1.4591       0.0509
 5809.37       1.5055       0.0497
 5810.40       1.4957       0.0480
 5811.44       1.3821       0.0469
 5812.48       1.4482       0.0475
 5813.52       1.4955       0.0477
 5814.55       1.2377       0.0458
 5815.59       1.2157       0.0456
 5816.63       1.4309       0.0475
 5817.67       1.6194       0.0495
 5818.71       1.6354       0.0488
 5819.74       1.4780       0.0457
 5820.78       1.3971       0.0449
 5821.82       1.3237       0.0454
 5822.86       1.2025       0.0449
 5823.89       1.3378       0.0459
 5824.93       1.5580       0.0467
 5825.97       1.5715       0.0456
 5827.01       1.4746       0.0440
 5828.04       1.4410       0.0438
 5829.08       1.5761       0.0456
 5830.12       1.7629       0.0478
 5831.16       1.8102       0.0480
 5832.20       1.6251       0.0448
 5833.23       1.4768       0.0424
 5834.27       1.5850       0.0440
 5835.31       1.6649       0.0455
 5836.35       1.6450       0.0450
 5837.38       1.6496       0.0437
 5838.42       1.6049       0.0427
 5839.46       1.5408       0.0428
 5840.50       1.5842       0.0435
 5841.54       1.5885       0.0436
 5842.57       1.4979       0.0426
 5843.61       1.5760       0.0424
 5844.65       1.6174       0.0421
 5845.69       1.4247       0.0406
 5846.72       1.4161       0.0403
 5847.76       1.6068       0.0412
 5848.80       1.6553       0.0411
 5849.84       1.5485       0.0402
 5850.88       1.3916       0.0390
 5851.91       1.3029       0.0376
 5852.95       1.3767       0.0375
 5853.99       1.5482       0.0389
 5855.03       1.6315       0.0394
 5856.06       1.6313       0.0390
 5857.10       1.6639       0.0390
 5858.14       1.6025       0.0383
 5859.18       1.4601       0.0370
 5860.21       1.3958       0.0363
 5861.25       1.3758       0.0364
 5862.29       1.3696       0.0370
 5863.33       1.3670       0.0368
 5864.37       1.4637       0.0385
 5865.40       1.6418       0.0424
 5866.44       1.6162       0.0433
 5867.48       1.4676       0.0411
 5868.52       1.4452       0.0390
 5869.55       1.5124       0.0387
 5870.59       1.5716       0.0391
 5871.63       1.5513       0.0379
 5872.67       1.5162       0.0365
 5873.71       1.5352       0.0359
 5874.74       1.5697       0.0359
 5875.78       1.5944       0.0359
 5876.82       1.5891       0.0355
 5877.86       1.6165       0.0355
 5878.89       1.5778       0.0350
 5879.93       1.3796       0.0333
 5880.97       1.3305       0.0328
 5882.01       1.4587       0.0339
 5883.04       1.4827       0.0340
 5884.08       1.3967       0.0332
 5885.12       1.3301       0.0330
 5886.16       1.4010       0.0350
 5887.20       1.5180       0.0384
 5888.23       1.5520       0.0409
 5889.27       1.4684       0.0405
 5890.31       1.3568       0.0380
 5891.35       1.3363       0.0356
 5892.38       1.3736       0.0345
 5893.42       1.4370       0.0348
 5894.46       1.5478       0.0360
 5895.50       1.6709       0.0368
 5896.54       1.7440       0.0364
 5897.57       1.6340       0.0342
 5898.61       1.5015       0.0321
 5899.65       1.5770       0.0320
 5900.69       1.6428       0.0318
 5901.72       1.5873       0.0309
 5902.76       1.4794       0.0308
 5903.80       1.4536       0.0314
 5904.84       1.5026       0.0319
 5905.88       1.3878       0.0311
 5906.91       1.3489       0.0303
 5907.95       1.5334       0.0307
 5908.99       1.4958       0.0303
 5910.03       1.3928       0.0301
 5911.06       1.5860       0.0316
 5912.10       1.5594       0.0319
 5913.14       1.3323       0.0311
 5914.18       1.4401       0.0324
 5915.21       1.5277       0.0334
 5916.25       1.4088       0.0324
 5917.29       1.3692       0.0308
 5918.33       1.4171       0.0296
 5919.37       1.4688       0.0294
 5920.40       1.5146       0.0295
 5921.44       1.5548       0.0299
 5922.48       1.6109       0.0308
 5923.52       1.6192       0.0314
 5924.55       1.5531       0.0311
 5925.59       1.4399       0.0298
 5926.63       1.4144       0.0290
 5927.67       1.4988       0.0293
 5928.71       1.5542       0.0297
 5929.74       1.5096       0.0301
 5930.78       1.4120       0.0308
 5931.82       1.4363       0.0319
 5932.86       1.5157       0.0326
 5933.89       1.4564       0.0321
 5934.93       1.3679       0.0308
 5935.97       1.3360       0.0294
 5937.01       1.2965       0.0284
 5938.05       1.3014       0.0281
 5939.08       1.3405       0.0280
 5940.12       1.4368       0.0280
 5941.16       1.4631       0.0276
 5942.20       1.3346       0.0266
 5943.23       1.3861       0.0272
 5944.27       1.5654       0.0284
 5945.31       1.5382       0.0279
 5946.35       1.4318       0.0270
 5947.38       1.4013       0.0270
 5948.42       1.4548       0.0279
 5949.46       1.5024       0.0287
 5950.50       1.4635       0.0287
 5951.54       1.3743       0.0287
 5952.57       1.3598       0.0294
 5953.61       1.4855       0.0306
 5954.65       1.5377       0.0303
 5955.69       1.4703       0.0285
 5956.72       1.4496       0.0274
 5957.76       1.4250       0.0267
 5958.80       1.3964       0.0262
 5959.84       1.5010       0.0271
 5960.88       1.5697       0.0277
 5961.91       1.4708       0.0268
 5962.95       1.3583       0.0263
 5963.99       1.3519       0.0264
 5965.03       1.4224       0.0264
 5966.06       1.4205       0.0260
 5967.10       1.3346       0.0258
 5968.14       1.3089       0.0260
 5969.18       1.4309       0.0269
 5970.22       1.6016       0.0277
 5971.25       1.5422       0.0272
 5972.29       1.4021       0.0264
 5973.33       1.4455       0.0266
 5974.37       1.4050       0.0267
 5975.40       1.2899       0.0264
 5976.44       1.2750       0.0263
 5977.48       1.3657       0.0266
 5978.52       1.4561       0.0270
 5979.55       1.4162       0.0268
 5980.59       1.3694       0.0261
 5981.63       1.4414       0.0254
 5982.67       1.4884       0.0249
 5983.71       1.4591       0.0247
 5984.74       1.3977       0.0246
 5985.78       1.3606       0.0247
 5986.82       1.4067       0.0249
 5987.86       1.5299       0.0252
 5988.89       1.5576       0.0251
 5989.93       1.4610       0.0247
 5990.97       1.4069       0.0247
 5992.01       1.4197       0.0250
 5993.05       1.4548       0.0252
 5994.08       1.5049       0.0255
 5995.12       1.5596       0.0259
 5996.16       1.6136       0.0259
 5997.20       1.5589       0.0252
 5998.23       1.4611       0.0245
 5999.27       1.4877       0.0250
 6000.31       1.5117       0.0255
 6001.35       1.4455       0.0253
 6002.39       1.3930       0.0250
 6003.42       1.4309       0.0252
 6004.46       1.5518       0.0269
 6005.50       1.3341       0.0168
 6006.54       1.3952       0.0250
 6007.57       1.5208       0.0329
 6008.61       1.4854       0.0327
 6009.65       1.3790       0.0290
 6010.69       1.3551       0.0215
 6011.72       1.4859       0.0234
 6012.76       1.4154       0.0227
 6013.80       1.4252       0.0237
 6014.84       1.4650       0.0239
 6015.88       1.4496       0.0235
 6016.91       1.3527       0.0226
 6017.95       1.3030       0.0221
 6018.99       1.4226       0.0227
 6020.03       1.5503       0.0234
 6021.06       1.5332       0.0235
 6022.10       1.4049       0.0231
 6023.14       1.2844       0.0223
 6024.18       1.2663       0.0218
 6025.22       1.2907       0.0220
 6026.25       1.3018       0.0226
 6027.29       1.2841       0.0225
 6028.33       1.2377       0.0221
 6029.37       1.2132       0.0219
 6030.40       1.2405       0.0221
 6031.44       1.2732       0.0228
 6032.48       1.2807       0.0236
 6033.52       1.3152       0.0238
 6034.56       1.3239       0.0233
 6035.59       1.2897       0.0225
 6036.63       1.3153       0.0222
 6037.67       1.3654       0.0224
 6038.71       1.3541       0.0227
 6039.74       1.2888       0.0225
 6040.78       1.2544       0.0221
 6041.82       1.3359       0.0222
 6042.86       1.3692       0.0224
 6043.89       1.2644       0.0222
 6044.93       1.1645       0.0213
 6045.97       1.1564       0.0210
 6047.01       1.2180       0.0218
 6048.05       1.2040       0.0221
 6049.08       1.1581       0.0217
 6050.12       1.2036       0.0216
 6051.16       1.2342       0.0216
 6052.20       1.2375       0.0220
 6053.23       1.2489       0.0224
 6054.27       1.2638       0.0220
 6055.31       1.2801       0.0210
 6056.35       1.3403       0.0212
 6057.39       1.3617       0.0219
 6058.42       1.2893       0.0217
 6059.46       1.3184       0.0220
 6060.50       1.3618       0.0224
 6061.54       1.2075       0.0216
 6062.57       1.1329       0.0212
 6063.61       1.2248       0.0216
 6064.65       1.2921       0.0219
 6065.69       1.2537       0.0216
 6066.73       1.2004       0.0210
 6067.76       1.2438       0.0215
 6068.80       1.3697       0.0225
 6069.84       1.4704       0.0228
 6070.88       1.4519       0.0222
 6071.91       1.3764       0.0214
 6072.95       1.3725       0.0215
 6073.99       1.4364       0.0220
 6075.03       1.4792       0.0221
 6076.06       1.4364       0.0220
 6077.10       1.3394       0.0217
 6078.14       1.2688       0.0212
 6079.18       1.2148       0.0208
 6080.22       1.1897       0.0204
 6081.25       1.1959       0.0199
 6082.29       1.2623       0.0198
 6083.33       1.3212       0.0201
 6084.37       1.3212       0.0205
 6085.40       1.2696       0.0206
 6086.44       1.2152       0.0205
 6087.48       1.1732       0.0203
 6088.52       1.1870       0.0203
 6089.56       1.2562       0.0206
 6090.59       1.3189       0.0207
 6091.63       1.3554       0.0207
 6092.67       1.3914       0.0207
 6093.71       1.3106       0.0203
 6094.74       1.1978       0.0200
 6095.78       1.2724       0.0206
 6096.82       1.3293       0.0208
 6097.86       1.2304       0.0200
 6098.90       1.2264       0.0198
 6099.93       1.2891       0.0202
 6100.97       1.3046       0.0203
 6102.01       1.2749       0.0202
 6103.05       1.2444       0.0199
 6104.08       1.2597       0.0196
 6105.12       1.3004       0.0196
 6106.16       1.3416       0.0201
 6107.20       1.3723       0.0205
 6108.23       1.3653       0.0206
 6109.27       1.3243       0.0205
 6110.31       1.2923       0.0207
 6111.35       1.2834       0.0208
 6112.39       1.2817       0.0204
 6113.42       1.2559       0.0198
 6114.46       1.2639       0.0197
 6115.50       1.3463       0.0200
 6116.54       1.4014       0.0203
 6117.57       1.3583       0.0202
 6118.61       1.2418       0.0197
 6119.65       1.1208       0.0189
 6120.69       1.0734       0.0185
 6121.73       1.1807       0.0188
 6122.76       1.3255       0.0195
 6123.80       1.3442       0.0196
 6124.84       1.3428       0.0197
 6125.88       1.3498       0.0197
 6126.91       1.2771       0.0193
 6127.95       1.2218       0.0191
 6128.99       1.2456       0.0193
 6130.03       1.3131       0.0196
 6131.06       1.3515       0.0198
 6132.10       1.3295       0.0195
 6133.14       1.2736       0.0191
 6134.18       1.2716       0.0190
 6135.22       1.3519       0.0191
 6136.25       1.4241       0.0197
 6137.29       1.3991       0.0203
 6138.33       1.2801       0.0199
 6139.37       1.1965       0.0193
 6140.40       1.2287       0.0192
 6141.44       1.2837       0.0194
 6142.48       1.3082       0.0198
 6143.52       1.3063       0.0200
 6144.56       1.3024       0.0200
 6145.59       1.3059       0.0200
 6146.63       1.3731       0.0202
 6147.67       1.3321       0.0197
 6148.71       1.2150       0.0189
 6149.74       1.2422       0.0189
 6150.78       1.3521       0.0195
 6151.82       1.4128       0.0198
 6152.86       1.4075       0.0199
 6153.90       1.3143       0.0196
 6154.93       1.1694       0.0188
 6155.97       1.2254       0.0189
 6157.01       1.3851       0.0195
 6158.05       1.3722       0.0195
 6159.08       1.3074       0.0192
 6160.12       1.3285       0.0191
 6161.16       1.3448       0.0189
 6162.20       1.3485       0.0186
 6163.23       1.3396       0.0182
 6164.27       1.3065       0.0180
 6165.31       1.2796       0.0182
 6166.35       1.2906       0.0187
 6167.39       1.3100       0.0191
 6168.42       1.3212       0.0193
 6169.46       1.3327       0.0198
 6170.50       1.3606       0.0203
 6171.54       1.3761       0.0203
 6172.57       1.2808       0.0197
 6173.61       1.2241       0.0191
 6174.65       1.3219       0.0193
 6175.69       1.3881       0.0194
 6176.73       1.3643       0.0191
 6177.76       1.3291       0.0187
 6178.80       1.2995       0.0186
 6179.84       1.2684       0.0187
 6180.88       1.2240       0.0186
 6181.91       1.2222       0.0186
 6182.95       1.2635       0.0186
 6183.99       1.2989       0.0187
 6185.03       1.3379       0.0189
 6186.06       1.3909       0.0192
 6187.10       1.3516       0.0189
 6188.14       1.2718       0.0185
 6189.18       1.2657       0.0187
 6190.22       1.2946       0.0188
 6191.25       1.2962       0.0184
 6192.29       1.2307       0.0181
 6193.33       1.2066       0.0184
 6194.37       1.2791       0.0190
 6195.40       1.2758       0.0187
 6196.44       1.2552       0.0182
 6197.48       1.3314       0.0186
 6198.52       1.3182       0.0186
 6199.56       1.2443       0.0183
 6200.59       1.2769       0.0189
 6201.63       1.3725       0.0200
 6202.67       1.4288       0.0207
 6203.71       1.3979       0.0204
 6204.74       1.3619       0.0197
 6205.78       1.3759       0.0193
 6206.82       1.2659       0.0187
 6207.86       1.1504       0.0183
 6208.90       1.2102       0.0185
 6209.93       1.2713       0.0189
 6210.97       1.2503       0.0189
 6212.01       1.2266       0.0189
 6213.05       1.2032       0.0185
 6214.08       1.2116       0.0180
 6215.12       1.2757       0.0182
 6216.16       1.3529       0.0184
 6217.20       1.3844       0.0183
 6218.23       1.3752       0.0188
 6219.27       1.3532       0.0197
 6220.31       1.3423       0.0202
 6221.35       1.3041       0.0200
 6222.39       1.2386       0.0194
 6223.42       1.1862       0.0188
 6224.46       1.2180       0.0186
 6225.50       1.2990       0.0185
 6226.54       1.3074       0.0181
 6227.57       1.2414       0.0175
 6228.61       1.1808       0.0172
 6229.65       1.2084       0.0179
 6230.69       1.2731       0.0190
 6231.73       1.2507       0.0193
 6232.76       1.3096       0.0204
 6233.80       1.4483       0.0225
 6234.84       1.4118       0.0236
 6235.88       1.3579       0.0239
 6236.91       1.3985       0.0235
 6237.95       1.3043       0.0219
 6238.99       1.1923       0.0203
 6240.03       1.2269       0.0197
 6241.07       1.2711       0.0197
 6242.10       1.2393       0.0195
 6243.14       1.1851       0.0192
 6244.18       1.2079       0.0191
 6245.22       1.2891       0.0189
 6246.25       1.1963       0.0180
 6247.29       1.1515       0.0174
 6248.33       1.3171       0.0177
 6249.37       1.4043       0.0180
 6250.40       1.3352       0.0178
 6251.44       1.2414       0.0177
 6252.48       1.2346       0.0173
 6253.52       1.3052       0.0174
 6254.56       1.3161       0.0186
 6255.59       1.3123       0.0205
 6256.63       1.3213       0.0220
 6257.67       1.2563       0.0224
 6258.71       1.2111       0.0220
 6259.74       1.2577       0.0212
 6260.78       1.2757       0.0200
 6261.82       1.2600       0.0191
 6262.86       1.2854       0.0191
 6263.90       1.2670       0.0193
 6264.93       1.2006       0.0192
 6265.97       1.1842       0.0190
 6267.01       1.1904       0.0187
 6268.05       1.1980       0.0185
 6269.08       1.2567       0.0183
 6270.12       1.3024       0.0180
 6271.16       1.2836       0.0174
 6272.20       1.2849       0.0173
 6273.24       1.3064       0.0176
 6274.27       1.2866       0.0175
 6275.31       1.2006       0.0171
 6276.35       1.1215       0.0165
 6277.39       1.1819       0.0166
 6278.42       1.2803       0.0168
 6279.46       1.2929       0.0167
 6280.50       1.2593       0.0165
 6281.54       1.1940       0.0162
 6282.58       1.1310       0.0161
 6283.61       1.2275       0.0171
 6284.65       1.3697       0.0190
 6285.69       1.3068       0.0200
 6286.73       1.2441       0.0206
 6287.76       1.2798       0.0210
 6288.80       1.2065       0.0198
 6289.84       1.1506       0.0183
 6290.88       1.2067       0.0176
 6291.91       1.2176       0.0172
 6292.95       1.1577       0.0167
 6293.99       1.1322       0.0167
 6295.03       1.1575       0.0179
 6296.07       1.2361       0.0238
 6297.10       1.3505       0.0346
 6298.14       1.3473       0.0473
 6299.18       1.2298       0.0574
 6300.22       1.2104       0.0626
 6301.25       1.2680       0.0603
 6302.29       1.3038       0.0515
 6303.33       1.3441       0.0391
 6304.37       1.3506       0.0285
 6305.41       1.2954       0.0230
 6306.44       1.2158       0.0218
 6307.48       1.1724       0.0207
 6308.52       1.1462       0.0197
 6309.56       1.1917       0.0185
 6310.59       1.3038       0.0178
 6311.63       1.4199       0.0179
 6312.67       1.4133       0.0176
 6313.71       1.2804       0.0164
 6314.75       1.2337       0.0156
 6315.78       1.2987       0.0157
 6316.82       1.3231       0.0159
 6317.86       1.2802       0.0163
 6318.90       1.1983       0.0167
 6319.93       1.2029       0.0171
 6320.97       1.2656       0.0175
 6322.01       1.3138       0.0177
 6323.05       1.3293       0.0175
 6324.08       1.2825       0.0171
 6325.12       1.2073       0.0168
 6326.16       1.2049       0.0175
 6327.20       1.2349       0.0188
 6328.24       1.1656       0.0193
 6329.27       1.1366       0.0195
 6330.31       1.2436       0.0200
 6331.35       1.4234       0.0200
 6332.39       1.4882       0.0192
 6333.42       1.3656       0.0178
 6334.46       1.2354       0.0167
 6335.50       1.2114       0.0161
 6336.54       1.2576       0.0158
 6337.58       1.2817       0.0157
 6338.61       1.2500       0.0157
 6339.65       1.2445       0.0160
 6340.69       1.2358       0.0164
 6341.73       1.2236       0.0164
 6342.76       1.2835       0.0162
 6343.80       1.3653       0.0163
 6344.84       1.3775       0.0169
 6345.88       1.3010       0.0170
 6346.92       1.2193       0.0167
 6347.95       1.2321       0.0170
 6348.99       1.2456       0.0170
 6350.03       1.2169       0.0168
 6351.07       1.2405       0.0169
 6352.10       1.2786       0.0172
 6353.14       1.3062       0.0176
 6354.18       1.3772       0.0184
 6355.22       1.4284       0.0188
 6356.25       1.3975       0.0188
 6357.29       1.3478       0.0183
 6358.33       1.3089       0.0180
 6359.37       1.2645       0.0181
 6360.41       1.2944       0.0207
 6361.44       1.3705       0.0256
 6362.48       1.3605       0.0297
 6363.52       1.3012       0.0314
 6364.56       1.2816       0.0304
 6365.59       1.2985       0.0274
 6366.63       1.3200       0.0233
 6367.67       1.3141       0.0191
 6368.71       1.3080       0.0168
 6369.75       1.3387       0.0164
 6370.78       1.4136       0.0165
 6371.82       1.4647       0.0167
 6372.86       1.4456       0.0167
 6373.90       1.4025       0.0165
 6374.93       1.3843       0.0165
 6375.97       1.3942       0.0168
 6377.01       1.3940       0.0168
 6378.05       1.3408       0.0166
 6379.08       1.2917       0.0165
 6380.12       1.3549       0.0169
 6381.16       1.4489       0.0174
 6382.20       1.3483       0.0172
 6383.24       1.2783       0.0166
 6384.27       1.3571       0.0164
 6385.31       1.3531       0.0165
 6386.35       1.2939       0.0170
 6387.39       1.2818       0.0175
 6388.42       1.3127       0.0172
 6389.46       1.3487       0.0164
 6390.50       1.3851       0.0161
 6391.54       1.4109       0.0164
 6392.58       1.4253       0.0168
 6393.61       1.3520       0.0161
 6394.65       1.3072       0.0154
 6395.69       1.3359       0.0156
 6396.73       1.3252       0.0158
 6397.76       1.2902       0.0157
 6398.80       1.2981       0.0154
 6399.84       1.3237       0.0153
 6400.88       1.3800       0.0157
 6401.92       1.5008       0.0163
 6402.95       1.4856       0.0164
 6403.99       1.3482       0.0159
 6405.03       1.3240       0.0158
 6406.07       1.3807       0.0158
 6407.10       1.3995       0.0155
 6408.14       1.3605       0.0153
 6409.18       1.3154       0.0153
 6410.22       1.3374       0.0154
 6411.25       1.3136       0.0154
 6412.29       1.2462       0.0153
 6413.33       1.2489       0.0154
 6414.37       1.3505       0.0158
 6415.41       1.4711       0.0163
 6416.44       1.4816       0.0163
 6417.48       1.4300       0.0160
 6418.52       1.4091       0.0159
 6419.56       1.3729       0.0158
 6420.59       1.2800       0.0156
 6421.63       1.1434       0.0150
 6422.67       1.1863       0.0149
 6423.71       1.3581       0.0154
 6424.75       1.3893       0.0156
 6425.78       1.3555       0.0158
 6426.82       1.3627       0.0159
 6427.86       1.3490       0.0156
 6428.90       1.3286       0.0152
 6429.93       1.3212       0.0152
 6430.97       1.3305       0.0153
 6432.01       1.3519       0.0154
 6433.05       1.3751       0.0152
 6434.08       1.3853       0.0154
 6435.12       1.3878       0.0157
 6436.16       1.3897       0.0154
 6437.20       1.3898       0.0150
 6438.24       1.3813       0.0149
 6439.27       1.3452       0.0150
 6440.31       1.2906       0.0149
 6441.35       1.2723       0.0146
 6442.39       1.3600       0.0150
 6443.42       1.4681       0.0159
 6444.46       1.4751       0.0162
 6445.50       1.3719       0.0157
 6446.54       1.2583       0.0148
 6447.58       1.2667       0.0147
 6448.61       1.3108       0.0149
 6449.65       1.2911       0.0148
 6450.69       1.2672       0.0147
 6451.73       1.3018       0.0149
 6452.76       1.3945       0.0154
 6453.80       1.3878       0.0156
 6454.84       1.2964       0.0153
 6455.88       1.2727       0.0151
 6456.92       1.3096       0.0150
 6457.95       1.3560       0.0151
 6458.99       1.3808       0.0152
 6460.03       1.3652       0.0152
 6461.07       1.3565       0.0154
 6462.10       1.3282       0.0160
 6463.14       1.3058       0.0169
 6464.18       1.3511       0.0175
 6465.22       1.3329       0.0175
 6466.25       1.2971       0.0172
 6467.29       1.3950       0.0175
 6468.33       1.4345       0.0176
 6469.37       1.3201       0.0172
 6470.41       1.2040       0.0167
 6471.44       1.2130       0.0164
 6472.48       1.3385       0.0162
 6473.52       1.3662       0.0155
 6474.56       1.3057       0.0147
 6475.59       1.3249       0.0146
 6476.63       1.3418       0.0148
 6477.67       1.3236       0.0150
 6478.71       1.3143       0.0149
 6479.75       1.3412       0.0148
 6480.78       1.3680       0.0147
 6481.82       1.2357       0.0139
 6482.86       1.1492       0.0132
 6483.90       1.2909       0.0136
 6484.93       1.2959       0.0136
 6485.97       1.2091       0.0135
 6487.01       1.3403       0.0145
 6488.05       1.4144       0.0149
 6489.08       1.3315       0.0143
 6490.12       1.3314       0.0139
 6491.16       1.3225       0.0137
 6492.20       1.2263       0.0134
 6493.24       1.1797       0.0132
 6494.27       1.2177       0.0137
 6495.31       1.2727       0.0149
 6496.35       1.2797       0.0166
 6497.39       1.2457       0.0181
 6498.42       1.2214       0.0191
 6499.46       1.2444       0.0190
 6500.50       1.2932       0.0182
 6501.54       1.2809       0.0171
 6502.58       1.2670       0.0162
 6503.61       1.3025       0.0159
 6504.65       1.2892       0.0159
 6505.69       1.2372       0.0158
 6506.73       1.2165       0.0152
 6507.76       1.2389       0.0147
 6508.80       1.2921       0.0146
 6509.84       1.3473       0.0146
 6510.88       1.3427       0.0145
 6511.92       1.2819       0.0144
 6512.95       1.2246       0.0142
 6513.99       1.2491       0.0141
 6515.03       1.3420       0.0142
 6516.07       1.3908       0.0142
 6517.10       1.3494       0.0139
 6518.14       1.2799       0.0137
 6519.18       1.2066       0.0139
 6520.22       1.2074       0.0144
 6521.26       1.3329       0.0153
 6522.29       1.3710       0.0155
 6523.33       1.2415       0.0149
 6524.37       1.1990       0.0145
 6525.41       1.2602       0.0145
 6526.44       1.3102       0.0145
 6527.48       1.3376       0.0144
 6528.52       1.3298       0.0146
 6529.56       1.2892       0.0152
 6530.59       1.2860       0.0163
 6531.63       1.3186       0.0174
 6532.67       1.2840       0.0179
 6533.71       1.2386       0.0177
 6534.75       1.2362       0.0170
 6535.78       1.2136       0.0158
 6536.82       1.2154       0.0150
 6537.86       1.2801       0.0146
 6538.90       1.3685       0.0147
 6539.93       1.3653       0.0147
 6540.97       1.1883       0.0143
 6542.01       1.1694       0.0146
 6543.05       1.3285       0.0155
 6544.09       1.2587       0.0154
 6545.12       1.1468       0.0147
 6546.16       1.2705       0.0145
 6547.20       1.3438       0.0143
 6548.24       1.3353       0.0141
 6549.27       1.3485       0.0143
 6550.31       1.3334       0.0152
 6551.35       1.2834       0.0164
 6552.39       1.2543       0.0174
 6553.43       1.2117       0.0176
 6554.46       1.1640       0.0170
 6555.50       1.2060       0.0160
 6556.54       1.2982       0.0149
 6557.58       1.3508       0.0138
 6558.61       1.3527       0.0134
 6559.65       1.3158       0.0138
 6560.69       1.2747       0.0146
 6561.73       1.2591       0.0153
 6562.76       1.2695       0.0156
 6563.80       1.2815       0.0156
 6564.84       1.2832       0.0150
 6565.88       1.2890       0.0142
 6566.92       1.3348       0.0140
 6567.95       1.3877       0.0143
 6568.99       1.3898       0.0143
 6570.03       1.3202       0.0141
 6571.07       1.2356       0.0136
 6572.10       1.2141       0.0131
 6573.14       1.2261       0.0132
 6574.18       1.2238       0.0138
 6575.22       1.2058       0.0142
 6576.26       1.2447       0.0149
 6577.29       1.3482       0.0160
 6578.33       1.3274       0.0159
 6579.37       1.2430       0.0149
 6580.41       1.2504       0.0138
 6581.44       1.1902       0.0130
 6582.48       1.1221       0.0125
 6583.52       1.2320       0.0126
 6584.56       1.2938       0.0129
 6585.60       1.2212       0.0128
 6586.63       1.2688       0.0130
 6587.67       1.3134       0.0131
 6588.71       1.2359       0.0126
 6589.75       1.2242       0.0123
 6590.78       1.2895       0.0124
 6591.82       1.3502       0.0128
 6592.86       1.3546       0.0130
 6593.90       1.3114       0.0130
 6594.93       1.2755       0.0130
 6595.97       1.2728       0.0132
 6597.01       1.2930       0.0134
 6598.05       1.3211       0.0136
 6599.09       1.3024       0.0136
 6600.12       1.2347       0.0135
 6601.16       1.2229       0.0137
 6602.20       1.2476       0.0139
 6603.24       1.2189       0.0140
 6604.27       1.1765       0.0139
 6605.31       1.1703       0.0138
 6606.35       1.2210       0.0136
 6607.39       1.2426       0.0130
 6608.43       1.2146       0.0125
 6609.46       1.2323       0.0127
 6610.50       1.2923       0.0131
 6611.54       1.3295       0.0131
 6612.58       1.3294       0.0129
 6613.61       1.2791       0.0126
 6614.65       1.1952       0.0123
 6615.69       1.1708       0.0124
 6616.73       1.2163       0.0127
 6617.77       1.2408       0.0129
 6618.80       1.2635       0.0130
 6619.84       1.3032       0.0130
 6620.88       1.3085       0.0130
 6621.92       1.2754       0.0129
 6622.95       1.2315       0.0127
 6623.99       1.3061       0.0130
 6625.03       1.3512       0.0134
 6626.07       1.1063       0.0126
 6627.10       1.0441       0.0124
 6628.14       1.2933       0.0132
 6629.18       1.3314       0.0132
 6630.22       1.2313       0.0128
 6631.26       1.2207       0.0130
 6632.29       1.2391       0.0132
 6633.33       1.2634       0.0133
 6634.37       1.2649       0.0132
 6635.41       1.3308       0.0134
 6636.44       1.3725       0.0134
 6637.48       1.2061       0.0128
 6638.52       1.1143       0.0124
 6639.56       1.2120       0.0126
 6640.60       1.1728       0.0124
 6641.63       1.1048       0.0121
 6642.67       1.1711       0.0122
 6643.71       1.2411       0.0125
 6644.75       1.2470       0.0126
 6645.78       1.2013       0.0125
 6646.82       1.2308       0.0126
 6647.86       1.3069       0.0129
 6648.90       1.2442       0.0126
 6649.94       1.1833       0.0124
 6650.97       1.2232       0.0126
 6652.01       1.1810       0.0126
 6653.05       1.1621       0.0125
 6654.09       1.2787       0.0128
 6655.12       1.3770       0.0132
 6656.16       1.3691       0.0132
 6657.20       1.2972       0.0130
 6658.24       1.2212       0.0127
 6659.27       1.1950       0.0125
 6660.31       1.2134       0.0124
 6661.35       1.2397       0.0124
 6662.39       1.2396       0.0124
 6663.43       1.2322       0.0125
 6664.46       1.2382       0.0127
 6665.50       1.2605       0.0129
 6666.54       1.3044       0.0130
 6667.58       1.3219       0.0130
 6668.61       1.2335       0.0128
 6669.65       1.2356       0.0127
 6670.69       1.3510       0.0129
 6671.73       1.3217       0.0128
 6672.77       1.2212       0.0125
 6673.80       1.1993       0.0123
 6674.84       1.2118       0.0122
 6675.88       1.2151       0.0121
 6676.92       1.1898       0.0120
 6677.95       1.1963       0.0120
 6678.99       1.2410       0.0122
 6680.03       1.2576       0.0124
 6681.07       1.2878       0.0125
 6682.10       1.3292       0.0124
 6683.14       1.2543       0.0124
 6684.18       1.2297       0.0125
 6685.22       1.3676       0.0127
 6686.26       1.3882       0.0126
 6687.29       1.3196       0.0125
 6688.33       1.3707       0.0127
 6689.37       1.3203       0.0127
 6690.41       1.1677       0.0121
 6691.44       1.1602       0.0117
 6692.48       1.2100       0.0118
 6693.52       1.2031       0.0121
 6694.56       1.2000       0.0122
 6695.60       1.2309       0.0122
 6696.63       1.2789       0.0123
 6697.67       1.2531       0.0123
 6698.71       1.1906       0.0122
 6699.75       1.1860       0.0120
 6700.78       1.2010       0.0121
 6701.82       1.2158       0.0122
 6702.86       1.2790       0.0122
 6703.90       1.3054       0.0122
 6704.94       1.2499       0.0122
 6705.97       1.1731       0.0121
 6707.01       1.1933       0.0122
 6708.05       1.3202       0.0125
 6709.09       1.3959       0.0125
 6710.12       1.3577       0.0123
 6711.16       1.3003       0.0121
 6712.20       1.2381       0.0119
 6713.24       1.2055       0.0117
 6714.27       1.2329       0.0119
 6715.31       1.2995       0.0122
 6716.35       1.3418       0.0122
 6717.39       1.3041       0.0121
 6718.43       1.2304       0.0120
 6719.46       1.2045       0.0120
 6720.50       1.1964       0.0118
 6721.54       1.1780       0.0115
 6722.58       1.1634       0.0116
 6723.61       1.1556       0.0116
 6724.65       1.1572       0.0114
 6725.69       1.1806       0.0115
 6726.73       1.1844       0.0116
 6727.77       1.1665       0.0116
 6728.80       1.2011       0.0119
 6729.84       1.2413       0.0122
 6730.88       1.1993       0.0120
 6731.92       1.2016       0.0118
 6732.95       1.2729       0.0119
 6733.99       1.2877       0.0119
 6735.03       1.2680       0.0119
 6736.07       1.2563       0.0118
 6737.10       1.2313       0.0116
 6738.14       1.2130       0.0114
 6739.18       1.2131       0.0117
 6740.22       1.2286       0.0118
 6741.26       1.2465       0.0117
 6742.29       1.2543       0.0117
 6743.33       1.2347       0.0117
 6744.37       1.2141       0.0117
 6745.41       1.2484       0.0119
 6746.44       1.2623       0.0119
 6747.48       1.2229       0.0116
 6748.52       1.3028       0.0117
 6749.56       1.3625       0.0119
 6750.60       1.2602       0.0116
 6751.63       1.2200       0.0115
 6752.67       1.2779       0.0117
 6753.71       1.2351       0.0114
 6754.75       1.2076       0.0113
 6755.78       1.2519       0.0116
 6756.82       1.2913       0.0119
 6757.86       1.2466       0.0117
 6758.90       1.1378       0.0114
 6759.94       1.1285       0.0113
 6760.97       1.2066       0.0114
 6762.01       1.2481       0.0115
 6763.05       1.2337       0.0114
 6764.09       1.1875       0.0112
 6765.12       1.1359       0.0113
 6766.16       1.1160       0.0113
 6767.20       1.1341       0.0113
 6768.24       1.1916       0.0114
 6769.27       1.2162       0.0114
 6770.31       1.1795       0.0112
 6771.35       1.1221       0.0113
 6772.39       1.1268       0.0115
 6773.43       1.2218       0.0116
 6774.46       1.2686       0.0116
 6775.50       1.2326       0.0116
 6776.54       1.2305       0.0116
 6777.58       1.2496       0.0116
 6778.61       1.2577       0.0116
 6779.65       1.2795       0.0117
 6780.69       1.2666       0.0117
 6781.73       1.1928       0.0112
 6782.77       1.1811       0.0112
 6783.80       1.2391       0.0116
 6784.84       1.2664       0.0117
 6785.88       1.3477       0.0118
 6786.92       1.4528       0.0121
 6787.95       1.4675       0.0122
 6788.99       1.3244       0.0119
 6790.03       1.1318       0.0112
 6791.07       1.2010       0.0114
 6792.11       1.3423       0.0119
 6793.14       1.2318       0.0114
 6794.18       1.1477       0.0111
 6795.22       1.1923       0.0113
 6796.26       1.2283       0.0114
 6797.29       1.2786       0.0115
 6798.33       1.3129       0.0117
 6799.37       1.2555       0.0116
 6800.41       1.1981       0.0115
 6801.44       1.2241       0.0115
 6802.48       1.2217       0.0115
 6803.52       1.2238       0.0114
 6804.56       1.2954       0.0116
 6805.60       1.3268       0.0116
 6806.63       1.2766       0.0114
 6807.67       1.2120       0.0113
 6808.71       1.2171       0.0113
 6809.75       1.3036       0.0115
 6810.78       1.3719       0.0118
 6811.82       1.3634       0.0118
 6812.86       1.3007       0.0116
 6813.90       1.2553       0.0115
 6814.94       1.2636       0.0115
 6815.97       1.2856       0.0115
 6817.01       1.3366       0.0116
 6818.05       1.3656       0.0118
 6819.09       1.3085       0.0117
 6820.12       1.2703       0.0116
 6821.16       1.3063       0.0115
 6822.20       1.2781       0.0114
 6823.24       1.2375       0.0115
 6824.28       1.2684       0.0122
 6825.31       1.3223       0.0134
 6826.35       1.3243       0.0150
 6827.39       1.2473       0.0166
 6828.43       1.1972       0.0176
 6829.46       1.2339       0.0181
 6830.50       1.2967       0.0183
 6831.54       1.3093       0.0183
 6832.58       1.2680       0.0180
 6833.61       1.2572       0.0178
 6834.65       1.2577       0.0164
 6835.69       1.2547       0.0144
 6836.73       1.3775       0.0187
 6837.77       1.2457       0.0181
 6838.80       1.2701       0.0169
 6839.84       1.2593       0.0164
 6840.88       1.1814       0.0135
 6841.92       1.2033       0.0035
 6842.95       1.2524       0.0132
 6843.99       1.2565       0.0122
 6845.03       1.2385       0.0115
 6846.07       1.2182       0.0112
 6847.11       1.2208       0.0110
 6848.14       1.2637       0.0110
 6849.18       1.2920       0.0111
 6850.22       1.2369       0.0112
 6851.26       1.1835       0.0111
 6852.29       1.1980       0.0110
 6853.33       1.2308       0.0110
 6854.37       1.2366       0.0110
 6855.41       1.2115       0.0108
 6856.45       1.2481       0.0108
 6857.48       1.3012       0.0110
 6858.52       1.2669       0.0114
 6859.56       1.2089       0.0123
 6860.60       1.2024       0.0145
 6861.63       1.2440       0.0177
 6862.67       1.2857       0.0205
 6863.71       1.2894       0.0216
 6864.75       1.2717       0.0213
 6865.78       1.2552       0.0202
 6866.82       1.2493       0.0188
 6867.86       1.1698       0.0179
 6868.90       1.1019       0.0177
 6869.94       1.1814       0.0181
 6870.97       1.2284       0.0182
 6872.01       1.1602       0.0172
 6873.05       1.1202       0.0156
 6874.09       1.0875       0.0141
 6875.12       1.0463       0.0130
 6876.16       1.1129       0.0123
 6877.20       1.1588       0.0119
 6878.24       1.0554       0.0116
 6879.28       1.0914       0.0120
 6880.31       1.2428       0.0125
 6881.35       1.2472       0.0124
 6882.39       1.1596       0.0120
 6883.43       1.0980       0.0118
 6884.46       1.1416       0.0121
 6885.50       1.2019       0.0125
 6886.54       1.1742       0.0129
 6887.58       1.1142       0.0137
 6888.62       1.1165       0.0147
 6889.65       1.2125       0.0149
 6890.69       1.2374       0.0142
 6891.73       1.1447       0.0130
 6892.77       1.0572       0.0121
 6893.80       1.0460       0.0118
 6894.84       1.0982       0.0118
 6895.88       1.1313       0.0117
 6896.92       1.0979       0.0118
 6897.95       1.0318       0.0124
 6898.99       1.0823       0.0134
 6900.03       1.1836       0.0141
 6901.07       1.1764       0.0139
 6902.11       1.0772       0.0133
 6903.14       1.0233       0.0127
 6904.18       1.1548       0.0122
 6905.22       1.2013       0.0115
 6906.26       1.0727       0.0109
 6907.29       1.1512       0.0109
 6908.33       1.3209       0.0118
 6909.37       1.3249       0.0134
 6910.41       1.2715       0.0151
 6911.45       1.2251       0.0159
 6912.48       1.1728       0.0155
 6913.52       1.1507       0.0144
 6914.56       1.1581       0.0130
 6915.60       1.1532       0.0115
 6916.63       1.1646       0.0106
 6917.67       1.2017       0.0105
 6918.71       1.2234       0.0112
 6919.75       1.1975       0.0125
 6920.79       1.1428       0.0140
 6921.82       1.1138       0.0155
 6922.86       1.1074       0.0165
 6923.90       1.0715       0.0161
 6924.94       1.0941       0.0149
 6925.97       1.1852       0.0134
 6927.01       1.2388       0.0119
 6928.05       1.1743       0.0111
 6929.09       1.0468       0.0110
 6930.12       1.0754       0.0112
 6931.16       1.1616       0.0110
 6932.20       1.0701       0.0105
 6933.24       1.0830       0.0105
 6934.28       1.2176       0.0111
 6935.31       1.2131       0.0112
 6936.35       1.1855       0.0115
 6937.39       1.2096       0.0124
 6938.43       1.1739       0.0130
 6939.46       1.0925       0.0131
 6940.50       1.0292       0.0130
 6941.54       1.0679       0.0126
 6942.58       1.1606       0.0121
 6943.62       1.1754       0.0113
 6944.65       1.1334       0.0111
 6945.69       1.1121       0.0122
 6946.73       1.1430       0.0140
 6947.77       1.1993       0.0161
 6948.80       1.2376       0.0175
 6949.84       1.2744       0.0169
 6950.88       1.2458       0.0147
 6951.92       1.1437       0.0126
 6952.96       1.0820       0.0110
 6953.99       1.0955       0.0104
 6955.03       1.1045       0.0107
 6956.07       1.1472       0.0111
 6957.11       1.2117       0.0112
 6958.14       1.2178       0.0109
 6959.18       1.2030       0.0108
 6960.22       1.2073       0.0109
 6961.26       1.1729       0.0108
 6962.29       1.1292       0.0105
 6963.33       1.1316       0.0104
 6964.37       1.1582       0.0105
 6965.41       1.1473       0.0107
 6966.45       1.0872       0.0107
 6967.48       1.0178       0.0109
 6968.52       1.0043       0.0114
 6969.56       1.0859       0.0117
 6970.60       1.1601       0.0117
 6971.63       1.1355       0.0113
 6972.67       1.0780       0.0108
 6973.71       1.0289       0.0105
 6974.75       1.0001       0.0108
 6975.79       1.0390       0.0118
 6976.82       1.0972       0.0131
 6977.86       1.0718       0.0137
 6978.90       1.0524       0.0136
 6979.94       1.1151       0.0130
 6980.97       1.1282       0.0120
 6982.01       1.0832       0.0110
 6983.05       1.0421       0.0101
 6984.09       1.0519       0.0098
 6985.12       1.0663       0.0098
 6986.16       1.0728       0.0097
 6987.20       1.0741       0.0096
 6988.24       1.0817       0.0095
 6989.28       1.0859       0.0095
 6990.31       1.0639       0.0094
 6991.35       1.0333       0.0091
 6992.39       1.0514       0.0093
 6993.43       1.1152       0.0098
 6994.46       1.1648       0.0101
 6995.50       1.1082       0.0098
 6996.54       0.9986       0.0094
 6997.58       0.9648       0.0093
 6998.62       0.9942       0.0095
 6999.65       1.0335       0.0097
 7000.69       1.0470       0.0098
 7001.73       1.0348       0.0100
 7002.77       1.0286       0.0101
 7003.80       1.0280       0.0101
 7004.84       1.0451       0.0100
 7005.88       1.0715       0.0099
 7006.92       1.0684       0.0098
 7007.96       1.0423       0.0097
 7008.99       1.0399       0.0101
 7010.03       1.0661       0.0107
 7011.07       1.0888       0.0110
 7012.11       1.0515       0.0108
 7013.14       1.0227       0.0104
 7014.18       1.0494       0.0101
 7015.22       1.0510       0.0097
 7016.26       1.0114       0.0092
 7017.29       0.9776       0.0088
 7018.33       0.9519       0.0088
 7019.37       0.9326       0.0088
 7020.41       0.9199       0.0088
 7021.45       0.9653       0.0074
 7022.48       0.9794       0.0106
 7023.52       1.1226       0.0126
 7024.56       1.1349       0.0126
 7025.60       1.0647       0.0123
 7026.63       0.9515       0.0119
 7027.67       0.8985       0.0118
 7028.71       0.9095       0.0116
 7029.75       1.0441       0.0122
 7030.79       1.1428       0.0129
 7031.82       0.9677       0.0125
 7032.86       0.8118       0.0121
 7033.90       0.9130       0.0124
 7034.94       1.0054       0.0128
 7035.97       1.0376       0.0107
 7037.01       0.9729       0.0098
 7038.05       0.9486       0.0091
 7039.09       0.9829       0.0093
 7040.12       0.9458       0.0092
 7041.16       0.9429       0.0091
 7042.20       0.9970       0.0094
 7043.24       1.0289       0.0097
 7044.28       1.0106       0.0100
 7045.31       0.9698       0.0102
 7046.35       0.9698       0.0104
 7047.39       0.9737       0.0105
 7048.43       0.9263       0.0103
 7049.46       0.9091       0.0103
 7050.50       0.9459       0.0104
 7051.54       0.9899       0.0100
 7052.58       1.0215       0.0096
 7053.62       1.0395       0.0095
 7054.65       1.0609       0.0096
 7055.69       1.0683       0.0096
 7056.73       1.0415       0.0096
 7057.77       0.9526       0.0092
 7058.80       0.8874       0.0088
 7059.84       0.9281       0.0089
 7060.88       0.9998       0.0093
 7061.92       1.0309       0.0097
 7062.96       1.0238       0.0098
 7063.99       1.0173       0.0098
 7065.03       1.0294       0.0098
 7066.07       1.0174       0.0098
 7067.11       0.9692       0.0096
 7068.14       0.9126       0.0092
 7069.18       0.9357       0.0093
 7070.22       0.9957       0.0096
 7071.26       0.9825       0.0096
 7072.29       0.9915       0.0094
 7073.33       1.0173       0.0094
 7074.37       0.9551       0.0093
 7075.41       0.9100       0.0093
 7076.45       0.9540       0.0095
 7077.48       0.9929       0.0096
 7078.52       1.0063       0.0097
 7079.56       1.0097       0.0095
 7080.60       0.9738       0.0094
 7081.63       0.9538       0.0094
 7082.67       1.0044       0.0095
 7083.71       0.9999       0.0094
 7084.75       0.9390       0.0091
 7085.79       0.9934       0.0094
 7086.82       1.0474       0.0098
 7087.86       0.9895       0.0097
 7088.90       0.9125       0.0097
 7089.94       0.8987       0.0096
 7090.97       0.9709       0.0096
 7092.01       1.0284       0.0095
 7093.05       0.9949       0.0092
 7094.09       0.8940       0.0090
 7095.13       0.8672       0.0091
 7096.16       0.9637       0.0091
 7097.20       1.0604       0.0093
 7098.24       1.0865       0.0094
 7099.28       1.0503       0.0093
 7100.31       1.0014       0.0092
 7101.35       0.9875       0.0091
 7102.39       0.9927       0.0092
 7103.43       1.0193       0.0092
 7104.46       1.0428       0.0092
 7105.50       1.0282       0.0092
 7106.54       1.0056       0.0092
 7107.58       1.0062       0.0093
 7108.62       0.9988       0.0092
 7109.65       0.9691       0.0090
 7110.69       0.9480       0.0088
 7111.73       0.9239       0.0089
 7112.77       0.9324       0.0090
 7113.80       1.0022       0.0091
 7114.84       1.0163       0.0091
 7115.88       0.9657       0.0089
 7116.92       0.9640       0.0090
 7117.96       1.0230       0.0092
 7118.99       1.0826       0.0093
 7120.03       1.0697       0.0092
 7121.07       1.0118       0.0090
 7122.11       0.9889       0.0091
 7123.14       1.0107       0.0092
 7124.18       1.0676       0.0092
 7125.22       1.1285       0.0093
 7126.26       1.1052       0.0094
 7127.30       1.0083       0.0093
 7128.33       0.9662       0.0092
 7129.37       0.9722       0.0092
 7130.41       0.9786       0.0091
 7131.45       0.9646       0.0091
 7132.48       0.9837       0.0091
 7133.52       1.0720       0.0095
 7134.56       1.1061       0.0095
 7135.60       1.0448       0.0092
 7136.63       0.9781       0.0090
 7137.67       0.9892       0.0090
 7138.71       1.0536       0.0092
 7139.75       1.0276       0.0092
 7140.79       0.9790       0.0091
 7141.82       0.9968       0.0092
 7142.86       1.0158       0.0094
 7143.90       0.9853       0.0097
 7144.94       0.9095       0.0094
 7145.97       0.9481       0.0093
 7147.01       1.0542       0.0094
 7148.05       1.0232       0.0092
 7149.09       0.9510       0.0088
 7150.13       0.9500       0.0088
 7151.16       0.9965       0.0089
 7152.20       1.0177       0.0091
 7153.24       0.9907       0.0090
 7154.28       0.9989       0.0091
 7155.31       1.0286       0.0091
 7156.35       1.0028       0.0089
 7157.39       0.9441       0.0087
 7158.43       0.9115       0.0088
 7159.47       0.9288       0.0091
 7160.50       1.0019       0.0094
 7161.54       1.0772       0.0095
 7162.58       1.0721       0.0093
 7163.62       1.0290       0.0091
 7164.65       1.0312       0.0091
 7165.69       1.0577       0.0093
 7166.73       1.0546       0.0096
 7167.77       1.0037       0.0100
 7168.80       0.9721       0.0104
 7169.84       0.9789       0.0105
 7170.88       0.9746       0.0105
 7171.92       0.9458       0.0107
 7172.96       0.9240       0.0111
 7173.99       0.9395       0.0115
 7175.03       0.9745       0.0114
 7176.07       1.0207       0.0112
 7177.11       1.0307       0.0110
 7178.14       1.0040       0.0107
 7179.18       1.0068       0.0105
 7180.22       1.0216       0.0103
 7181.26       1.0065       0.0102
 7182.30       0.9509       0.0103
 7183.33       0.9117       0.0105
 7184.37       0.9386       0.0109
 7185.41       1.0495       0.0114
 7186.45       1.1077       0.0115
 7187.48       1.0061       0.0106
 7188.52       0.9490       0.0101
 7189.56       0.9916       0.0104
 7190.60       0.9780       0.0106
 7191.64       0.9720       0.0104
 7192.67       1.0243       0.0104
 7193.71       1.0689       0.0108
 7194.75       1.0939       0.0110
 7195.79       1.0998       0.0104
 7196.82       1.0712       0.0101
 7197.86       1.0191       0.0102
 7198.90       0.9667       0.0104
 7199.94       1.0381       0.0108
 7200.97       1.1527       0.0110
 7202.01       1.0980       0.0108
 7203.05       1.0106       0.0104
 7204.09       1.0313       0.0102
 7205.13       1.0564       0.0100
 7206.16       1.0409       0.0098
 7207.20       1.0000       0.0094
 7208.24       1.0475       0.0093
 7209.28       1.1138       0.0094
 7210.31       1.0329       0.0091
 7211.35       0.9364       0.0086
 7212.39       0.9399       0.0083
 7213.43       0.9951       0.0082
 7214.47       1.0339       0.0083
 7215.50       1.0159       0.0083
 7216.54       1.0158       0.0081
 7217.58       1.0306       0.0085
 7218.62       1.0172       0.0095
 7219.65       1.0398       0.0097
 7220.69       1.0709       0.0092
 7221.73       1.0161       0.0085
 7222.77       0.9621       0.0083
 7223.81       0.9640       0.0085
 7224.84       0.9943       0.0088
 7225.88       1.0232       0.0089
 7226.92       1.0294       0.0088
 7227.96       1.0818       0.0091
 7228.99       1.1039       0.0095
 7230.03       1.0612       0.0095
 7231.07       1.0445       0.0098
 7232.11       1.0680       0.0106
 7233.14       1.0367       0.0111
 7234.18       1.0396       0.0116
 7235.22       1.0893       0.0128
 7236.26       1.0183       0.0147
 7237.30       0.9706       0.0177
 7238.33       1.0820       0.0213
 7239.37       1.1377       0.0227
 7240.41       1.0430       0.0223
 7241.45       0.9530       0.0222
 7242.48       0.9907       0.0224
 7243.52       1.1288       0.0228
 7244.56       1.1003       0.0235
 7245.60       1.0240       0.0231
 7246.64       1.0536       0.0207
 7247.67       1.1395       0.0170
 7248.71       1.1489       0.0135
 7249.75       1.0249       0.0118
 7250.79       0.9931       0.0123
 7251.82       1.0765       0.0136
 7252.86       1.1157       0.0144
 7253.90       1.0927       0.0140
 7254.94       1.0452       0.0128
 7255.98       1.0145       0.0113
 7257.01       1.0096       0.0103
 7258.05       1.0185       0.0100
 7259.09       1.1067       0.0103
 7260.13       1.1669       0.0103
 7261.16       1.0920       0.0098
 7262.20       1.0477       0.0097
 7263.24       1.0837       0.0102
 7264.28       1.0865       0.0105
 7265.31       1.0514       0.0103
 7266.35       1.0163       0.0099
 7267.39       1.0401       0.0099
 7268.43       1.0653       0.0100
 7269.47       1.0358       0.0099
 7270.50       1.0251       0.0096
 7271.54       1.0267       0.0107
 7272.58       0.9952       0.0140
 7273.62       1.0393       0.0217
 7274.65       1.0795       0.0306
 7275.69       0.9365       0.0348
 7276.73       0.8492       0.0335
 7277.77       0.9480       0.0287
 7278.81       1.0245       0.0212
 7279.84       1.0346       0.0153
 7280.88       1.0234       0.0133
 7281.92       1.0275       0.0140
 7282.96       1.0225       0.0151
 7283.99       0.9780       0.0156
 7285.03       0.9729       0.0156
 7286.07       1.0354       0.0152
 7287.11       1.0826       0.0137
 7288.15       1.0755       0.0119
 7289.18       1.0481       0.0109
 7290.22       0.9911       0.0105
 7291.26       0.9486       0.0107
 7292.30       0.9671       0.0110
 7293.33       0.9802       0.0114
 7294.37       0.9940       0.0117
 7295.41       1.0674       0.0119
 7296.45       1.0833       0.0116
 7297.48       1.0037       0.0108
 7298.52       0.9345       0.0098
 7299.56       0.8923       0.0096
 7300.60       0.8873       0.0106
 7301.64       0.9184       0.0128
 7302.67       0.9491       0.0145
 7303.71       0.9414       0.0142
 7304.75       0.9146       0.0130
 7305.79       0.9479       0.0120
 7306.82       1.0807       0.0110
 7307.86       1.1483       0.0104
 7308.90       1.0846       0.0101
 7309.94       1.0280       0.0099
 7310.98       1.0188       0.0103
 7312.01       1.0211       0.0122
 7313.05       0.9601       0.0159
 7314.09       0.8765       0.0208
 7315.13       0.8657       0.0245
 7316.16       0.9348       0.0263
 7317.20       1.0106       0.0251
 7318.24       1.0203       0.0208
 7319.28       1.0320       0.0154
 7320.31       1.0749       0.0111
 7321.35       1.0399       0.0091
 7322.39       0.9660       0.0085
 7323.43       0.9304       0.0082
 7324.47       0.9761       0.0088
 7325.50       1.0362       0.0103
 7326.54       1.0156       0.0121
 7327.58       1.0103       0.0140
 7328.62       1.0534       0.0152
 7329.65       1.1059       0.0155
 7330.69       1.0756       0.0142
 7331.73       0.9946       0.0121
 7332.77       0.9904       0.0104
 7333.81       1.0442       0.0094
 7334.84       1.0872       0.0091
 7335.88       1.1442       0.0098
 7336.92       1.1494       0.0121
 7337.96       1.0168       0.0159
 7338.99       0.9574       0.0203
 7340.03       1.0173       0.0240
 7341.07       0.9740       0.0258
 7342.11       0.9056       0.0240
 7343.15       0.9228       0.0193
 7344.18       1.0013       0.0141
 7345.22       1.0635       0.0108
 7346.26       1.0629       0.0096
 7347.30       0.9547       0.0094
 7348.33       0.8167       0.0087
 7349.37       0.8983       0.0088
 7350.41       1.0179       0.0090
 7351.45       1.0444       0.0090
 7352.48       1.0412       0.0110
 7353.52       1.1322       0.0124
 7354.56       1.1922       0.0135
 7355.60       1.1603       0.0153
 7356.64       1.0750       0.0178
 7357.67       1.0353       0.0195
 7358.71       0.9776       0.0197
 7359.75       0.9227       0.0186
 7360.79       0.9619       0.0165
 7361.82       0.9761       0.0122
 7362.86       1.0571       0.0027
 7363.90       1.0061       0.0093
 7364.94       0.9737       0.0103
 7365.98       1.0138       0.0121
 7367.01       0.9996       0.0148
 7368.05       0.9509       0.0176
 7369.09       0.9629       0.0190
 7370.13       1.0197       0.0191
 7371.16       1.0770       0.0177
 7372.20       1.0703       0.0142
 7373.24       1.0402       0.0111
 7374.28       1.0327       0.0098
 7375.32       0.9814       0.0094
 7376.35       0.9557       0.0091
 7377.39       1.0071       0.0086
 7378.43       0.9561       0.0080
 7379.47       0.8589       0.0076
 7380.50       0.9019       0.0077
 7381.54       0.9865       0.0080
 7382.58       1.0214       0.0083
 7383.62       0.9828       0.0081
 7384.65       0.9603       0.0080
 7385.69       1.0015       0.0082
 7386.73       1.0286       0.0083
 7387.77       1.0082       0.0086
 7388.81       0.9652       0.0092
 7389.84       0.9726       0.0104
 7390.88       1.0218       0.0116
 7391.92       1.0342       0.0124
 7392.96       0.9882       0.0121
 7393.99       0.9390       0.0110
 7395.03       0.9552       0.0098
 7396.07       1.0144       0.0090
 7397.11       1.0395       0.0088
 7398.15       1.0058       0.0097
 7399.18       0.9844       0.0116
 7400.22       1.0415       0.0140
 7401.26       1.0873       0.0157
 7402.30       1.0636       0.0159
 7403.33       1.0092       0.0145
 7404.37       0.9817       0.0122
 7405.41       0.9947       0.0101
 7406.45       0.9905       0.0085
 7407.49       0.9509       0.0077
 7408.52       0.9107       0.0076
 7409.56       0.9358       0.0078
 7410.60       0.9918       0.0080
 7411.64       0.9942       0.0080
 7412.67       0.9940       0.0080
 7413.71       1.0024       0.0081
 7414.75       0.9805       0.0080
 7415.79       0.9823       0.0080
 7416.82       1.0178       0.0081
 7417.86       1.0075       0.0080
 7418.90       0.9739       0.0079
 7419.94       0.9684       0.0079
 7420.98       0.9405       0.0078
 7422.01       0.9137       0.0076
 7423.05       0.9376       0.0077
 7424.09       0.9762       0.0077
 7425.13       1.0069       0.0079
 7426.16       1.0431       0.0084
 7427.20       1.0722       0.0092
 7428.24       1.0595       0.0098
 7429.28       0.9606       0.0099
 7430.32       0.8924       0.0094
 7431.35       0.9611       0.0098
 7432.39       1.0106       0.0058
 7433.43       0.8055       0.0094
 7434.47       0.7577       0.0110
 7435.50       0.9408       0.0128
 7436.54       1.0517       0.0148
 7437.58       1.0540       0.0162
 7438.62       0.9443       0.0164
 7439.66       0.8332       0.0155
 7440.69       0.8932       0.0138
 7441.73       0.9229       0.0047
 7442.77       1.0016       0.0034
 7443.81       0.9646       0.0086
 7444.84       0.9819       0.0077
 7445.88       0.9202       0.0075
 7446.92       0.9454       0.0077
 7447.96       1.0769       0.0081
 7448.99       1.1070       0.0082
 7450.03       1.0401       0.0080
 7451.07       0.9850       0.0078
 7452.11       0.9770       0.0079
 7453.15       0.9871       0.0080
 7454.18       0.9583       0.0079
 7455.22       0.8762       0.0077
 7456.26       0.8050       0.0076
 7457.30       0.8527       0.0078
 7458.33       0.9108       0.0080
 7459.37       0.8813       0.0081
 7460.41       0.8080       0.0082
 7461.45       0.8018       0.0084
 7462.49       0.9083       0.0089
 7463.52       0.9930       0.0094
 7464.56       0.9872       0.0096
 7465.60       0.9466       0.0096
 7466.64       0.9386       0.0096
 7467.67       0.9865       0.0101
 7468.71       1.0265       0.0103
 7469.75       1.0307       0.0107
 7470.79       1.0102       0.0112
 7471.83       1.0350       0.0119
 7472.86       1.0431       0.0122
 7473.90       0.9587       0.0118
 7474.94       0.9197       0.0111
 7475.98       0.9345       0.0105
 7477.01       0.9003       0.0103
 7478.05       0.8937       0.0106
 7479.09       0.9418       0.0113
 7480.13       0.9779       0.0121
 7481.16       0.9837       0.0127
 7482.20       0.9816       0.0130
 7483.24       1.0063       0.0128
 7484.28       1.0522       0.0122
 7485.32       1.0758       0.0114
 7486.35       1.1167       0.0104
 7487.39       1.1520       0.0093
 7488.43       1.0898       0.0085
 7489.47       1.0078       0.0082
 7490.50       0.9852       0.0083
 7491.54       1.0104       0.0087
 7492.58       1.0425       0.0091
 7493.62       1.0387       0.0091
 7494.66       1.0133       0.0090
 7495.69       0.9928       0.0087
 7496.73       0.9924       0.0084
 7497.77       0.9950       0.0080
 7498.81       0.9776       0.0077
 7499.84       0.9464       0.0077
 7500.88       0.9568       0.0079
 7501.92       1.0004       0.0079
 7502.96       0.9861       0.0077
 7504.00       0.9360       0.0076
 7505.03       0.9167       0.0075
 7506.07       0.8811       0.0075
 7507.11       0.8554       0.0074
 7508.15       0.8944       0.0074
 7509.18       0.9646       0.0075
 7510.22       1.0012       0.0075
 7511.26       0.9964       0.0074
 7512.30       0.9270       0.0073
 7513.33       0.8508       0.0073
 7514.37       0.9353       0.0077
 7515.41       1.0727       0.0082
 7516.45       1.0696       0.0083
 7517.49       1.0407       0.0084
 7518.52       1.0246       0.0088
 7519.56       0.9613       0.0096
 7520.60       0.9528       0.0118
 7521.64       0.9928       0.0153
 7522.67       0.9542       0.0184
 7523.71       0.9050       0.0199
 7524.75       0.9242       0.0194
 7525.79       0.9852       0.0173
 7526.83       1.0002       0.0145
 7527.86       0.9286       0.0118
 7528.90       0.9381       0.0109
 7529.94       1.0479       0.0112
 7530.98       1.0773       0.0113
 7532.01       1.2137       0.0110
 7533.05       1.5501       0.0108
 7534.09       1.8630       0.0109
 7535.13       2.0576       0.0110
 7536.17       2.1021       0.0107
 7537.20       2.0056       0.0105
 7538.24       1.7352       0.0101
 7539.28       1.3092       0.0093
 7540.32       1.0462       0.0088
 7541.35       1.0057       0.0086
 7542.39       0.9377       0.0082
 7543.43       0.9111       0.0080
 7544.47       0.9624       0.0079
 7545.50       0.9933       0.0077
 7546.54       0.9682       0.0075
 7547.58       0.9249       0.0074
 7548.62       0.9341       0.0075
 7549.66       0.9629       0.0077
 7550.69       0.9280       0.0076
 7551.73       0.8602       0.0074
 7552.77       0.8500       0.0077
 7553.81       0.9662       0.0083
 7554.84       1.0608       0.0090
 7555.88       1.0666       0.0096
 7556.92       1.2026       0.0103
 7557.96       1.4006       0.0109
 7559.00       1.4669       0.0107
 7560.03       1.4691       0.0102
 7561.07       1.4252       0.0095
 7562.11       1.3085       0.0087
 7563.15       1.1715       0.0083
 7564.18       1.0697       0.0082
 7565.22       1.0470       0.0083
 7566.26       1.0314       0.0084
 7567.30       0.9753       0.0089
 7568.33       0.8696       0.0101
 7569.37       0.8321       0.0124
 7570.41       0.9528       0.0150
 7571.45       0.9958       0.0166
 7572.49       0.8823       0.0162
 7573.52       0.7937       0.0144
 7574.56       0.7598       0.0117
 7575.60       0.7876       0.0093
 7576.64       0.8604       0.0083
 7577.67       0.9198       0.0080
 7578.71       0.9198       0.0076
 7579.75       0.9010       0.0073
 7580.79       0.9162       0.0075
 7581.83       0.9633       0.0080
 7582.86       0.9876       0.0086
 7583.90       0.9467       0.0091
 7584.94       0.8879       0.0096
 7585.98       0.8265       0.0099
 7587.01       0.7981       0.0099
 7588.05       0.8653       0.0096
 7589.09       0.9519       0.0090
 7590.13       0.9650       0.0082
 7591.17       0.9610       0.0080
 7592.20       0.9613       0.0085
 7593.24       0.9460       0.0097
 7594.28       0.9297       0.0121
 7595.32       0.9322       0.0178
 7596.35       0.9773       0.0265
 7597.39       0.9801       0.0364
 7598.43       0.9353       0.0444
 7599.47       1.0254       0.0517
 7600.50       1.1380       0.0520
 7601.54       1.0904       0.0445
 7602.58       0.9203       0.0384
 7603.62       0.7924       0.0388
 7604.66       0.7415       0.0374
 7605.69       0.8742       0.0382
 7606.73       1.0735       0.0399
 7607.77       1.1038       0.0376
 7608.81       1.0067       0.0326
 7609.84       0.9395       0.0282
 7610.88       0.9770       0.0252
 7611.92       1.0290       0.0226
 7612.96       0.9706       0.0196
 7614.00       0.9801       0.0178
 7615.03       1.0277       0.0165
 7616.07       0.9725       0.0147
 7617.11       0.9506       0.0141
 7618.15       1.0017       0.0146
 7619.18       0.9704       0.0142
 7620.22       0.8779       0.0131
 7621.26       0.8495       0.0125
 7622.30       0.8516       0.0129
 7623.33       0.8779       0.0145
 7624.37       0.9155       0.0164
 7625.41       0.9169       0.0189
 7626.45       0.8889       0.0222
 7627.49       0.9483       0.0256
 7628.52       0.9505       0.0271
 7629.56       0.8353       0.0259
 7630.60       0.8664       0.0230
 7631.64       0.9294       0.0193
 7632.67       0.9082       0.0160
 7633.71       0.9103       0.0146
 7634.75       0.9568       0.0144
 7635.79       1.0061       0.0141
 7636.83       1.0108       0.0140
 7637.86       0.9636       0.0140
 7638.90       0.9087       0.0130
 7639.94       0.8641       0.0119
 7640.98       0.8561       0.0116
 7642.01       0.9132       0.0117
 7643.05       0.9698       0.0117
 7644.09       0.9558       0.0116
 7645.13       0.9435       0.0113
 7646.17       0.9441       0.0110
 7647.20       0.9169       0.0107
 7648.24       0.9063       0.0103
 7649.28       0.9232       0.0101
 7650.32       0.9358       0.0105
 7651.35       0.9304       0.0108
 7652.39       0.9073       0.0106
 7653.43       0.9056       0.0107
 7654.47       0.8955       0.0108
 7655.50       0.8381       0.0102
 7656.54       0.8044       0.0091
 7657.58       0.8511       0.0084
 7658.62       0.9439       0.0091
 7659.66       1.0265       0.0105
 7660.69       1.0364       0.0114
 7661.73       0.9252       0.0116
 7662.77       0.8443       0.0112
 7663.81       0.8972       0.0109
 7664.84       0.9010       0.0099
 7665.88       0.8557       0.0086
 7666.92       0.8778       0.0077
 7667.96       0.9203       0.0075
 7669.00       0.9379       0.0077
 7670.03       0.9191       0.0078
 7671.07       0.8977       0.0077
 7672.11       0.8944       0.0076
 7673.15       0.8568       0.0073
 7674.18       0.8219       0.0072
 7675.22       0.8397       0.0072
 7676.26       0.8902       0.0073
 7677.30       0.9179       0.0072
 7678.33       0.8950       0.0072
 7679.37       0.8635       0.0072
 7680.41       0.8753       0.0073
 7681.45       0.9461       0.0075
 7682.49       0.9639       0.0076
 7683.52       0.8814       0.0076
 7684.56       0.8293       0.0076
 7685.60       0.8268       0.0076
 7686.64       0.8236       0.0075
 7687.67       0.8701       0.0075
 7688.71       0.9229       0.0077
 7689.75       0.9070       0.0078
 7690.79       0.8873       0.0078
 7691.83       0.8995       0.0078
 7692.86       0.8926       0.0076
 7693.90       0.8786       0.0074
 7694.94       0.8812       0.0073
 7695.98       0.8907       0.0074
 7697.01       0.8878       0.0078
 7698.05       0.8834       0.0080
 7699.09       0.8880       0.0081
 7700.13       0.8963       0.0081
 7701.17       0.8960       0.0079
 7702.20       0.8870       0.0076
 7703.24       0.8710       0.0071
 7704.28       0.8538       0.0069
 7705.32       0.8481       0.0068
 7706.35       0.8954       0.0071
 7707.39       0.9356       0.0074
 7708.43       0.9566       0.0090
 7709.47       1.0402       0.0127
 7710.50       1.0853       0.0167
 7711.54       1.0836       0.0204
 7712.58       1.1751       0.0240
 7713.62       1.1986       0.0264
 7714.66       1.0697       0.0271
 7715.69       0.9714       0.0269
 7716.73       0.9071       0.0257
 7717.77       0.8259       0.0231
 7718.81       0.9391       0.0194
 7719.84       1.0766       0.0151
 7720.88       0.9774       0.0113
 7721.92       0.8170       0.0095
 7722.96       0.8048       0.0095
 7724.00       0.8619       0.0105
 7725.03       0.8978       0.0113
 7726.07       0.8804       0.0112
 7727.11       0.9414       0.0107
 7728.15       1.0330       0.0097
 7729.18       1.0546       0.0086
 7730.22       1.0303       0.0078
 7731.26       1.0294       0.0076
 7732.30       1.0961       0.0079
 7733.34       1.0782       0.0081
 7734.37       0.9453       0.0080
 7735.41       0.8861       0.0079
 7736.45       0.8597       0.0078
 7737.49       0.8073       0.0075
 7738.52       0.8050       0.0073
 7739.56       0.8206       0.0073
 7740.60       0.7955       0.0072
 7741.64       0.7932       0.0072
 7742.68       0.8324       0.0071
 7743.71       0.8848       0.0072
 7744.75       0.8597       0.0070
 7745.79       0.7861       0.0080
 7746.83       0.8669       0.0114
 7747.86       0.9344       0.0180
 7748.90       0.8285       0.0253
 7749.94       0.8716       0.0304
 7750.98       0.9953       0.0308
 7752.01       0.9436       0.0273
 7753.05       0.7405       0.0202
 7754.09       0.5858       0.0129
 7755.13       0.6784       0.0089
 7756.17       0.8639       0.0090
 7757.20       0.9321       0.0109
 7758.24       0.9354       0.0133
 7759.28       0.8869       0.0147
 7760.32       0.8308       0.0149
 7761.35       0.7931       0.0135
 7762.39       0.8071       0.0112
 7763.43       0.8768       0.0091
 7764.47       0.8874       0.0076
 7765.51       0.8163       0.0068
 7766.54       0.7714       0.0066
 7767.58       0.7993       0.0069
 7768.62       0.8626       0.0076
 7769.66       0.8363       0.0087
 7770.69       0.8008       0.0101
 7771.73       0.8817       0.0118
 7772.77       0.9318       0.0130
 7773.81       0.9102       0.0131
 7774.85       0.9016       0.0122
 7775.88       0.8666       0.0108
 7776.92       0.8079       0.0099
 7777.96       0.7945       0.0100
 7779.00       0.8357       0.0109
 7780.03       0.8803       0.0116
 7781.07       0.8913       0.0117
 7782.11       0.8497       0.0108
 7783.15       0.7882       0.0092
 7784.18       0.8154       0.0080
 7785.22       0.8917       0.0074
 7786.26       0.8655       0.0072
 7787.30       0.8146       0.0072
 7788.34       0.8084       0.0076
 7789.37       0.7567       0.0083
 7790.41       0.7435       0.0109
 7791.45       0.8208       0.0157
 7792.49       0.8643       0.0208
 7793.52       0.8441       0.0239
 7794.56       0.8337       0.0240
 7795.60       0.7980       0.0210
 7796.64       0.7625       0.0162
 7797.68       0.7841       0.0113
 7798.71       0.8390       0.0081
 7799.75       0.8748       0.0068
 7800.79       0.8654       0.0066
 7801.83       0.8357       0.0066
 7802.86       0.8387       0.0068
 7803.90       0.8523       0.0072
 7804.94       0.8449       0.0083
 7805.98       0.7960       0.0102
 7807.02       0.8486       0.0124
 7808.05       0.9548       0.0137
 7809.09       0.8622       0.0134
 7810.13       0.7675       0.0119
 7811.17       0.8425       0.0103
 7812.20       0.8668       0.0087
 7813.24       0.8347       0.0077
 7814.28       0.8438       0.0073
 7815.32       0.8750       0.0073
 7816.35       0.8964       0.0079
 7817.39       0.8941       0.0097
 7818.43       0.8247       0.0140
 7819.47       0.7471       0.0202
 7820.51       0.7967       0.0256
 7821.54       0.8610       0.0277
 7822.58       0.8358       0.0259
 7823.62       0.8990       0.0207
 7824.66       0.9873       0.0147
 7825.69       0.9560       0.0099
 7826.73       0.8717       0.0077
 7827.77       0.8342       0.0071
 7828.81       0.8774       0.0072
 7829.85       0.9360       0.0073
 7830.88       0.9269       0.0072
 7831.92       0.8451       0.0069
 7832.96       0.8000       0.0067
 7834.00       0.8579       0.0068
 7835.03       0.9201       0.0069
 7836.07       0.9048       0.0069
 7837.11       0.8193       0.0072
 7838.15       0.8310       0.0085
 7839.19       0.9241       0.0107
 7840.22       0.8841       0.0122
 7841.26       0.8271       0.0128
 7842.30       0.8578       0.0123
 7843.34       0.8782       0.0108
 7844.37       0.8705       0.0090
 7845.41       0.8540       0.0078
 7846.45       0.9002       0.0076
 7847.49       0.9232       0.0084
 7848.52       0.7980       0.0095
 7849.56       0.7229       0.0128
 7850.60       0.7742       0.0186
 7851.64       0.7830       0.0241
 7852.68       0.7635       0.0277
 7853.71       0.7794       0.0285
 7854.75       0.8824       0.0260
 7855.79       0.9586       0.0213
 7856.83       0.8942       0.0163
 7857.86       0.8518       0.0145
 7858.90       0.8788       0.0156
 7859.94       0.8718       0.0167
 7860.98       0.8548       0.0165
 7862.02       0.8476       0.0146
 7863.05       0.8407       0.0120
 7864.09       0.8360       0.0099
 7865.13       0.8524       0.0093
 7866.17       0.8569       0.0102
 7867.20       0.8585       0.0126
 7868.24       0.8543       0.0158
 7869.28       0.8543       0.0184
 7870.32       0.8664       0.0193
 7871.35       0.8806       0.0184
 7872.39       0.8632       0.0156
 7873.43       0.8246       0.0121
 7874.47       0.8196       0.0093
 7875.51       0.8474       0.0085
 7876.54       0.8683       0.0094
 7877.58       0.8593       0.0111
 7878.62       0.8292       0.0126
 7879.66       0.8165       0.0137
 7880.69       0.8133       0.0136
 7881.73       0.8322       0.0126
 7882.77       0.9102       0.0116
 7883.81       0.9109       0.0107
 7884.85       0.7877       0.0108
 7885.88       0.6972       0.0128
 7886.92       0.6360       0.0143
 7887.96       0.5412       0.0189
 7889.00       0.6499       0.0224
 7890.03       0.8204       0.0240
 7891.07       0.8089       0.0225
 7892.11       0.7594       0.0187
 7893.15       0.7802       0.0144
 7894.19       0.7747       0.0113
 7895.22       0.7833       0.0102
 7896.26       0.8299       0.0101
 7897.30       0.8235       0.0088
 7898.34       0.8262       0.0067
 7899.37       0.8329       0.0066
 7900.41       0.8057       0.0065
 7901.45       0.7827       0.0064
 7902.49       0.8221       0.0066
 7903.52       0.8637       0.0068
 7904.56       0.8502       0.0069
 7905.60       0.8018       0.0068
 7906.64       0.7678       0.0065
 7907.68       0.7747       0.0069
 7908.71       0.7936       0.0079
 7909.75       0.8015       0.0121
 7910.79       0.8049       0.0200
 7911.83       0.7384       0.0293
 7912.86       0.6776       0.0360
 7913.90       0.7740       0.0379
 7914.94       0.8518       0.0336
 7915.98       0.8068       0.0260
 7917.02       0.8021       0.0182
 7918.05       0.8424       0.0146
 7919.09       0.8657       0.0155
 7920.13       0.7956       0.0179
 7921.17       0.7167       0.0186
 7922.20       0.7628       0.0175
 7923.24       0.8089       0.0144
 7924.28       0.7980       0.0107
 7925.32       0.8353       0.0080
 7926.35       0.8206       0.0070
 7927.39       0.7403       0.0076
 7928.43       0.7570       0.0096
 7929.47       0.8234       0.0118
 7930.51       0.8255       0.0132
 7931.54       0.7976       0.0136
 7932.58       0.7877       0.0130
 7933.62       0.8183       0.0114
 7934.66       0.8501       0.0093
 7935.69       0.8461       0.0076
 7936.73       0.8378       0.0067
 7937.77       0.8204       0.0065
 7938.81       0.7942       0.0063
 7939.85       0.8101       0.0065
 7940.88       0.8392       0.0067
 7941.92       0.8304       0.0067
 7942.96       0.8141       0.0067
 7944.00       0.7954       0.0070
 7945.03       0.7595       0.0076
 7946.07       0.7273       0.0089
 7947.11       0.7439       0.0108
 7948.15       0.7737       0.0123
 7949.19       0.7702       0.0128
 7950.22       0.7339       0.0123
 7951.26       0.7568       0.0108
 7952.30       0.8198       0.0090
 7953.34       0.8447       0.0074
 7954.37       0.8580       0.0066
 7955.41       0.8554       0.0064
 7956.45       0.8256       0.0063
 7957.49       0.7932       0.0062
 7958.52       0.7873       0.0064
 7959.56       0.7792       0.0063
 7960.60       0.8044       0.0086
 7961.64       0.8537       0.0142
 7962.68       0.7772       0.0212
 7963.71       0.6866       0.0271
 7964.75       0.7808       0.0301
 7965.79       0.8811       0.0283
 7966.83       0.8688       0.0225
 7967.86       0.8211       0.0155
 7968.90       0.7983       0.0103
 7969.94       0.8254       0.0079
 7970.98       0.8485       0.0071
 7972.02       0.8499       0.0068
 7973.05       0.8370       0.0068
 7974.09       0.8373       0.0072
 7975.13       0.8400       0.0083
 7976.17       0.8345       0.0102
 7977.20       0.8088       0.0127
 7978.24       0.7827       0.0151
 7979.28       0.8133       0.0163
 7980.32       0.8547       0.0158
 7981.36       0.8664       0.0138
 7982.39       0.8624       0.0110
 7983.43       0.8492       0.0084
 7984.47       0.8429       0.0070
 7985.51       0.8203       0.0066
 7986.54       0.7808       0.0066
 7987.58       0.7396       0.0067
 7988.62       0.7821       0.0079
 7989.66       0.8821       0.0118
 7990.69       0.8820       0.0185
 7991.73       0.8677       0.0263
 7992.77       0.9215       0.0318
 7993.81       0.8751       0.0327
 7994.85       0.7785       0.0281
 7995.88       0.7672       0.0207
 7996.92       0.8124       0.0135
 7997.96       0.8379       0.0088
 7999.00       0.7912       0.0067
 8000.03       0.7634       0.0066
 8001.07       0.8145       0.0067
 8002.11       0.8741       0.0070
 8003.15       0.8779       0.0069
 8004.19       0.8223       0.0066
 8005.22       0.7984       0.0065
 8006.26       0.8038       0.0065
 8007.30       0.7671       0.0063
 8008.34       0.7366       0.0062
 8009.37       0.7080       0.0064
 8010.41       0.5961       0.0068
 8011.45       0.6356       0.0091
 8012.49       0.8284       0.0123
 8013.53       0.7933       0.0131
 8014.56       0.6594       0.0116
 8015.60       0.6934       0.0108
 8016.64       0.7658       0.0099
 8017.68       0.7966       0.0086
 8018.71       0.7641       0.0078
 8019.75       0.7747       0.0074
 8020.79       0.8260       0.0078
 8021.83       0.7837       0.0093
 8022.86       0.6861       0.0127
 8023.90       0.6393       0.0176
 8024.94       0.7363       0.0220
 8025.98       0.7871       0.0238
 8027.02       0.6467       0.0221
 8028.05       0.6724       0.0180
 8029.09       0.8409       0.0135
 8030.13       0.8269       0.0097
 8031.17       0.7432       0.0077
 8032.20       0.7221       0.0070
 8033.24       0.7404       0.0069
 8034.28       0.7883       0.0068
 8035.32       0.8233       0.0066
 8036.36       0.8297       0.0065
 8037.39       0.8213       0.0064
 8038.43       0.8180       0.0063
 8039.47       0.7636       0.0062
 8040.51       0.6946       0.0062
 8041.54       0.6975       0.0062
 8042.58       0.7548       0.0062
 8043.62       0.8031       0.0062
 8044.66       0.8016       0.0066
 8045.70       0.8248       0.0068
 8046.73       0.8040       0.0122
 8047.77       0.6661       0.0126
 8048.81       0.6091       0.0110
 8049.85       0.8127       0.0130
 8050.88       0.8560       0.0148
 8051.92       0.6863       0.0146
 8052.96       0.7090       0.0142
 8054.00       0.7651       0.0130
 8055.04       0.6893       0.0112
 8056.07       0.7274       0.0065
 8057.11       0.7706       0.0083
 8058.15       0.7639       0.0084
 8059.19       0.7379       0.0092
 8060.22       0.7511       0.0119
 8061.26       0.7444       0.0139
 8062.30       0.7364       0.0148
 8063.34       0.7397       0.0142
 8064.37       0.7388       0.0120
 8065.41       0.7711       0.0095
 8066.45       0.8330       0.0077
 8067.49       0.8393       0.0068
 8068.53       0.8014       0.0064
 8069.56       0.7944       0.0063
 8070.60       0.7975       0.0063
 8071.64       0.7906       0.0063
 8072.68       0.7702       0.0064
 8073.71       0.7939       0.0066
 8074.75       0.8532       0.0068
 8075.79       0.8429       0.0069
 8076.83       0.8329       0.0069
 8077.87       0.8786       0.0069
 8078.90       0.8441       0.0067
 8079.94       0.7430       0.0064
 8080.98       0.6804       0.0062
 8082.02       0.7217       0.0064
 8083.05       0.8067       0.0068
 8084.09       0.8178       0.0071
 8085.13       0.7766       0.0071
 8086.17       0.7566       0.0070
 8087.21       0.8067       0.0069
 8088.24       0.8627       0.0068
 8089.28       0.8471       0.0066
 8090.32       0.7871       0.0068
 8091.36       0.7494       0.0073
 8092.39       0.7867       0.0078
 8093.43       0.8203       0.0082
 8094.47       0.8105       0.0083
 8095.51       0.8155       0.0081
 8096.54       0.8055       0.0076
 8097.58       0.7783       0.0071
 8098.62       0.7769       0.0072
 8099.66       0.8160       0.0080
 8100.70       0.8706       0.0093
 8101.73       0.8150       0.0100
 8102.77       0.7291       0.0099
 8103.81       0.7870       0.0097
 8104.85       0.8284       0.0090
 8105.88       0.7741       0.0080
 8106.92       0.7596       0.0070
 8107.96       0.7696       0.0066
 8109.00       0.7653       0.0066
 8110.04       0.7540       0.0068
 8111.07       0.7485       0.0068
 8112.11       0.7599       0.0068
 8113.15       0.7722       0.0068
 8114.19       0.7716       0.0067
 8115.22       0.7629       0.0066
 8116.26       0.7369       0.0064
 8117.30       0.7106       0.0063
 8118.34       0.7214       0.0063
 8119.38       0.7478       0.0066
 8120.41       0.7580       0.0069
 8121.45       0.7329       0.0069
 8122.49       0.7444       0.0067
 8123.53       0.8460       0.0070
 8124.56       0.9161       0.0072
 8125.60       0.8938       0.0071
 8126.64       0.8075       0.0069
 8127.68       0.7507       0.0069
 8128.71       0.7698       0.0072
 8129.75       0.7850       0.0074
 8130.79       0.8058       0.0076
 8131.83       0.8134       0.0076
 8132.87       0.7460       0.0076
 8133.90       0.6607       0.0077
 8134.94       0.6637       0.0078
 8135.98       0.7022       0.0081
 8137.02       0.7221       0.0083
 8138.05       0.7077       0.0083
 8139.09       0.7389       0.0085
 8140.13       0.8238       0.0087
 8141.17       0.8023       0.0084
 8142.21       0.7434       0.0079
 8143.24       0.7700       0.0078
 8144.28       0.7913       0.0080
 8145.32       0.7781       0.0084
 8146.36       0.7634       0.0087
 8147.39       0.7379       0.0090
 8148.43       0.7181       0.0092
 8149.47       0.7311       0.0087
 8150.51       0.7643       0.0081
 8151.54       0.7831       0.0079
 8152.58       0.7583       0.0077
 8153.62       0.7287       0.0076
 8154.66       0.7384       0.0076
 8155.70       0.7468       0.0074
 8156.73       0.7253       0.0071
 8157.77       0.6886       0.0072
 8158.81       0.6998       0.0073
 8159.85       0.7472       0.0076
 8160.88       0.7279       0.0082
 8161.92       0.7362       0.0089
 8162.96       0.8261       0.0092
 8164.00       0.8154       0.0090
 8165.04       0.7164       0.0083
 8166.07       0.6618       0.0076
 8167.11       0.7073       0.0075
 8168.15       0.7943       0.0079
 8169.19       0.8248       0.0081
 8170.22       0.7811       0.0078
 8171.26       0.7126       0.0071
 8172.30       0.7104       0.0069
 8173.34       0.7372       0.0068
 8174.38       0.7159       0.0068
 8175.41       0.7029       0.0071
 8176.45       0.6973       0.0077
 8177.49       0.6653       0.0081
 8178.53       0.6763       0.0083
 8179.56       0.7338       0.0082
 8180.60       0.7638       0.0079
 8181.64       0.7624       0.0074
 8182.68       0.7544       0.0070
 8183.71       0.7387       0.0069
 8184.75       0.7401       0.0071
 8185.79       0.7629       0.0072
 8186.83       0.7661       0.0076
 8187.87       0.7594       0.0081
 8188.90       0.7759       0.0081
 8189.94       0.7856       0.0079
 8190.98       0.7826       0.0076
 8192.02       0.7966       0.0076
 8193.05       0.8009       0.0076
 8194.09       0.7862       0.0076
 8195.13       0.7831       0.0075
 8196.17       0.7929       0.0076
 8197.21       0.7950       0.0078
 8198.24       0.7366       0.0079
 8199.28       0.6532       0.0075
 8200.32       0.6325       0.0069
 8201.36       0.6678       0.0065
 8202.39       0.7121       0.0064
 8203.43       0.7298       0.0063
 8204.47       0.7219       0.0062
 8205.51       0.7187       0.0061
 8206.54       0.6807       0.0061
 8207.58       0.6691       0.0062
 8208.62       0.7396       0.0063
 8209.66       0.7801       0.0065
 8210.70       0.7498       0.0065
 8211.73       0.7571       0.0066
 8212.77       0.7729       0.0065
 8213.81       0.7608       0.0064
 8214.85       0.7059       0.0063
 8215.88       0.6831       0.0063
 8216.92       0.7298       0.0064
 8217.96       0.7319       0.0063
 8219.00       0.6939       0.0060
 8220.04       0.6956       0.0060
 8221.07       0.7040       0.0063
 8222.11       0.7032       0.0067
 8223.15       0.7189       0.0071
 8224.19       0.6879       0.0072
 8225.22       0.6157       0.0075
 8226.26       0.6148       0.0085
 8227.30       0.6846       0.0100
 8228.34       0.7573       0.0109
 8229.38       0.7759       0.0110
 8230.41       0.7548       0.0104
 8231.45       0.7488       0.0093
 8232.49       0.7710       0.0083
 8233.53       0.8062       0.0078
 8234.56       0.8461       0.0075
 8235.60       0.8092       0.0071
 8236.64       0.7004       0.0065
 8237.68       0.6632       0.0062
 8238.71       0.7151       0.0064
 8239.75       0.7683       0.0065
 8240.79       0.7438       0.0066
 8241.83       0.6931       0.0067
 8242.87       0.7235       0.0069
 8243.90       0.7888       0.0072
 8244.94       0.8096       0.0073
 8245.98       0.7807       0.0070
 8247.02       0.7158       0.0065
 8248.05       0.6638       0.0062
 8249.09       0.6916       0.0063
 8250.13       0.7393       0.0064
 8251.17       0.7424       0.0065
 8252.21       0.7555       0.0066
 8253.24       0.7623       0.0066
 8254.28       0.7133       0.0067
 8255.32       0.6956       0.0069
 8256.36       0.7403       0.0072
 8257.39       0.7601       0.0072
 8258.43       0.7325       0.0069
 8259.47       0.6952       0.0066
 8260.51       0.6845       0.0067
 8261.54       0.6890       0.0068
 8262.58       0.6864       0.0065
 8263.62       0.6792       0.0062
 8264.66       0.6726       0.0059
 8265.70       0.6740       0.0058
 8266.73       0.7155       0.0059
 8267.77       0.7760       0.0061
 8268.81       0.7578       0.0062
 8269.85       0.7315       0.0064
 8270.88       0.7829       0.0069
 8271.92       0.8278       0.0073
 8272.96       0.7984       0.0076
 8274.00       0.7051       0.0079
 8275.04       0.6502       0.0092
 8276.07       0.6616       0.0119
 8277.11       0.6266       0.0138
 8278.15       0.6193       0.0167
 8279.19       0.6584       0.0209
 8280.22       0.5924       0.0228
 8281.26       0.5749       0.0222
 8282.30       0.7355       0.0210
 8283.34       0.7309       0.0179
 8284.38       0.6047       0.0158
 8285.41       0.7153       0.0176
 8286.45       0.7595       0.0229
 8287.49       0.6352       0.0278
 8288.53       0.6570       0.0299
 8289.56       0.7730       0.0273
 8290.60       0.8097       0.0216
 8291.64       0.7330       0.0152
 8292.68       0.6374       0.0116
 8293.71       0.6544       0.0120
 8294.75       0.7130       0.0157
 8295.79       0.7357       0.0205
 8296.83       0.6903       0.0254
 8297.87       0.7150       0.0285
 8298.90       0.8320       0.0290
 8299.94       0.8616       0.0271
 8300.98       0.8029       0.0226
 8302.02       0.7650       0.0165
 8303.05       0.7942       0.0115
 8304.09       0.8419       0.0088
 8305.13       0.8381       0.0079
 8306.17       0.7738       0.0079
 8307.21       0.7001       0.0084
 8308.24       0.6740       0.0100
 8309.28       0.7193       0.0121
 8310.32       0.7686       0.0135
 8311.36       0.6992       0.0134
 8312.39       0.6034       0.0119
 8313.43       0.6218       0.0097
 8314.47       0.7152       0.0081
 8315.51       0.7933       0.0074
 8316.54       0.7799       0.0074
 8317.58       0.7957       0.0078
 8318.62       0.8498       0.0079
 8319.66       0.7482       0.0077
 8320.70       0.6846       0.0074
 8321.73       0.8027       0.0075
 8322.77       0.8043       0.0071
 8323.81       0.7171       0.0064
 8324.85       0.7213       0.0063
 8325.88       0.6991       0.0061
 8326.92       0.6745       0.0060
 8327.96       0.7669       0.0062
 8329.00       0.8342       0.0065
 8330.04       0.7904       0.0067
 8331.07       0.7074       0.0066
 8332.11       0.6802       0.0064
 8333.15       0.7355       0.0064
 8334.19       0.7638       0.0066
 8335.22       0.7524       0.0068
 8336.26       0.7598       0.0069
 8337.30       0.7622       0.0068
 8338.34       0.7354       0.0073
 8339.38       0.6608       0.0086
 8340.41       0.6888       0.0141
 8341.45       0.8670       0.0267
 8342.49       0.9892       0.0445
 8343.53       0.9527       0.0597
 8344.56       0.8388       0.0644
 8345.60       0.6773       0.0581
 8346.64       0.6157       0.0437
 8347.68       0.7224       0.0266
 8348.71       0.7928       0.0159
 8349.75       0.7288       0.0143
 8350.79       0.6636       0.0178
 8351.83       0.6889       0.0221
 8352.87       0.7941       0.0234
 8353.90       0.8255       0.0220
 8354.94       0.7371       0.0175
 8355.98       0.6259       0.0116
 8357.02       0.6300       0.0076
 8358.05       0.7020       0.0064
 8359.09       0.6840       0.0061
 8360.13       0.6605       0.0068
 8361.17       0.6796       0.0082
 8362.21       0.6376       0.0097
 8363.24       0.6650       0.0113
 8364.28       0.7911       0.0125
 8365.32       0.7714       0.0123
 8366.36       0.6723       0.0107
 8367.39       0.6737       0.0090
 8368.43       0.7191       0.0074
 8369.47       0.7423       0.0063
 8370.51       0.7211       0.0058
 8371.55       0.6966       0.0057
 8372.58       0.6967       0.0056
 8373.62       0.6804       0.0057
 8374.66       0.6558       0.0056
 8375.70       0.6523       0.0057
 8376.73       0.7011       0.0060
 8377.77       0.7703       0.0072
 8378.81       0.8050       0.0096
 8379.85       0.7729       0.0131
 8380.88       0.7255       0.0167
 8381.92       0.7465       0.0189
 8382.96       0.7596       0.0185
 8384.00       0.7135       0.0157
 8385.04       0.6796       0.0117
 8386.07       0.6913       0.0083
 8387.11       0.7318       0.0065
 8388.15       0.7525       0.0061
 8389.19       0.7270       0.0060
 8390.22       0.6731       0.0061
 8391.26       0.7453       0.0066
 8392.30       0.8833       0.0070
 8393.34       0.8723       0.0084
 8394.38       0.7923       0.0101
 8395.41       0.6776       0.0173
 8396.45       0.6363       0.0341
 8397.49       0.6710       0.0545
 8398.53       0.7795       0.0680
 8399.56       0.8205       0.0709
 8400.60       0.7257       0.0612
 8401.64       0.5462       0.0417
 8402.68       0.5033       0.0229
 8403.72       0.6415       0.0119
 8404.75       0.7867       0.0084
 8405.79       0.8632       0.0078
 8406.83       0.8119       0.0065
 8407.87       0.7217       0.0061
 8408.90       0.7141       0.0059
 8409.94       0.7280       0.0061
 8410.98       0.7575       0.0072
 8412.02       0.7885       0.0104
 8413.05       0.8095       0.0149
 8414.09       0.8369       0.0188
 8415.13       0.8588       0.0203
 8416.17       0.7973       0.0195
 8417.21       0.7346       0.0161
 8418.24       0.7482       0.0116
 8419.28       0.8098       0.0082
 8420.32       0.8240       0.0067
 8421.36       0.7315       0.0063
 8422.39       0.6677       0.0065
 8423.43       0.6779       0.0066
 8424.47       0.6435       0.0066
 8425.51       0.6523       0.0084
 8426.55       0.7296       0.0156
 8427.58       0.7530       0.0285
 8428.62       0.6986       0.0430
 8429.66       0.6576       0.0520
 8430.70       0.6406       0.0531
 8431.73       0.6761       0.0450
 8432.77       0.7503       0.0305
 8433.81       0.7400       0.0169
 8434.85       0.6693       0.0090
 8435.89       0.7253       0.0065
 8436.92       0.7746       0.0066
 8437.96       0.7176       0.0059
 8439.00       0.6993       0.0058
 8440.04       0.7209       0.0058
 8441.07       0.7257       0.0058
 8442.11       0.7667       0.0060
 8443.15       0.8032       0.0064
 8444.19       0.7757       0.0069
 8445.22       0.6822       0.0071
 8446.26       0.6076       0.0073
 8447.30       0.6460       0.0075
 8448.34       0.7563       0.0089
 8449.38       0.8192       0.0117
 8450.41       0.7854       0.0151
 8451.45       0.6811       0.0177
 8452.49       0.6063       0.0185
 8453.53       0.6492       0.0171
 8454.56       0.7573       0.0138
 8455.60       0.7675       0.0098
 8456.64       0.7180       0.0070
 8457.68       0.6849       0.0061
 8458.72       0.6872       0.0060
 8459.75       0.6877       0.0059
 8460.79       0.6634       0.0072
 8461.83       0.6675       0.0129
 8462.87       0.6440       0.0227
 8463.90       0.5590       0.0321
 8464.94       0.5443       0.0377
 8465.98       0.6458       0.0372
 8467.02       0.7893       0.0318
 8468.06       0.7997       0.0221
 8469.09       0.6741       0.0121
 8470.13       0.6632       0.0070
 8471.17       0.7413       0.0064
 8472.21       0.7491       0.0063
 8473.24       0.7358       0.0068
 8474.28       0.7141       0.0068
 8475.32       0.6847       0.0067
 8476.36       0.6797       0.0064
 8477.39       0.6850       0.0061
 8478.43       0.6615       0.0057
 8479.47       0.6318       0.0055
 8480.51       0.6256       0.0054
 8481.55       0.6396       0.0055
 8482.58       0.6568       0.0056
 8483.62       0.6603       0.0056
 8484.66       0.6464       0.0056
 8485.70       0.6339       0.0056
 8486.73       0.6383       0.0056
 8487.77       0.6593       0.0055
 8488.81       0.6878       0.0060
 8489.85       0.7340       0.0074
 8490.89       0.7404       0.0096
 8491.92       0.6924       0.0119
 8492.96       0.6691       0.0135
 8494.00       0.6847       0.0136
 8495.04       0.7021       0.0124
 8496.07       0.6813       0.0099
 8497.11       0.6553       0.0074
 8498.15       0.6642       0.0061
 8499.19       0.6692       0.0057
 8500.23       0.6486       0.0064
 8501.26       0.6557       0.0091
 8502.30       0.7177       0.0140
 8503.34       0.7985       0.0192
 8504.38       0.7767       0.0224
 8505.41       0.7176       0.0221
 8506.45       0.7575       0.0192
 8507.49       0.7461       0.0140
 8508.53       0.6671       0.0088
 8509.56       0.6393       0.0061
 8510.60       0.6423       0.0055
 8511.64       0.6457       0.0053
 8512.68       0.6578       0.0054
 8513.72       0.6608       0.0053
 8514.75       0.6508       0.0052
 8515.79       0.6350       0.0053
 8516.83       0.6280       0.0053
 8517.87       0.6379       0.0054
 8518.90       0.6219       0.0055
 8519.94       0.5918       0.0055
 8520.98       0.6004       0.0056
 8522.02       0.6521       0.0057
 8523.06       0.7049       0.0057
 8524.09       0.7016       0.0056
 8525.13       0.6785       0.0055
 8526.17       0.6922       0.0055
 8527.21       0.7032       0.0055
 8528.24       0.6860       0.0054
 8529.28       0.6431       0.0052
 8530.32       0.6329       0.0052
 8531.36       0.6625       0.0054
 8532.40       0.6558       0.0054
 8533.43       0.6453       0.0053
 8534.47       0.6707       0.0055
 8535.51       0.6802       0.0063
 8536.55       0.6681       0.0073
 8537.58       0.6529       0.0081
 8538.62       0.6449       0.0084
 8539.66       0.6346       0.0080
 8540.70       0.6022       0.0071
 8541.73       0.5913       0.0060
 8542.77       0.6241       0.0053
 8543.81       0.6674       0.0051
 8544.85       0.6863       0.0060
 8545.89       0.6704       0.0078
 8546.92       0.6523       0.0099
 8547.96       0.6314       0.0115
 8549.00       0.5900       0.0119
 8550.04       0.5750       0.0111
 8551.07       0.6050       0.0095
 8552.11       0.6524       0.0075
 8553.15       0.6898       0.0062
 8554.19       0.6943       0.0056
 8555.23       0.6798       0.0053
 8556.26       0.6365       0.0052
 8557.30       0.5873       0.0051
 8558.34       0.6092       0.0052
 8559.38       0.6715       0.0053
 8560.41       0.6806       0.0053
 8561.45       0.6614       0.0053
 8562.49       0.6445       0.0053
 8563.53       0.6578       0.0054
 8564.57       0.6625       0.0054
 8565.60       0.6457       0.0053
 8566.64       0.6376       0.0053
 8567.68       0.6499       0.0053
 8568.72       0.6827       0.0054
 8569.75       0.6759       0.0055
 8570.79       0.6606       0.0056
 8571.83       0.7155       0.0058
 8572.87       0.7226       0.0058
 8573.90       0.6557       0.0058
 8574.94       0.6303       0.0058
 8575.98       0.6735       0.0059
 8577.02       0.7320       0.0059
 8578.06       0.7092       0.0059
 8579.09       0.6410       0.0057
 8580.13       0.6304       0.0054
 8581.17       0.6543       0.0053
 8582.21       0.6805       0.0054
 8583.24       0.6965       0.0055
 8584.28       0.7067       0.0058
 8585.32       0.7145       0.0064
 8586.36       0.7068       0.0070
 8587.40       0.6920       0.0074
 8588.43       0.6877       0.0076
 8589.47       0.6802       0.0073
 8590.51       0.6859       0.0069
 8591.55       0.7216       0.0064
 8592.58       0.7116       0.0060
 8593.62       0.6600       0.0062
 8594.66       0.6610       0.0071
 8595.70       0.6861       0.0080
 8596.74       0.7078       0.0084
 8597.77       0.7680       0.0085
 8598.81       0.8041       0.0081
 8599.85       0.7673       0.0072
 8600.89       0.7062       0.0063
 8601.92       0.6997       0.0059
 8602.96       0.7691       0.0058
 8604.00       0.7806       0.0058
 8605.04       0.6946       0.0056
 8606.07       0.6184       0.0055
 8607.11       0.6010       0.0056
 8608.15       0.6298       0.0057
 8609.19       0.6365       0.0058
 8610.23       0.6342       0.0059
 8611.26       0.6657       0.0061
 8612.30       0.6798       0.0065
 8613.34       0.6585       0.0068
 8614.38       0.6365       0.0072
 8615.41       0.6432       0.0076
 8616.45       0.6641       0.0080
 8617.49       0.6433       0.0085
 8618.53       0.6181       0.0089
 8619.57       0.6261       0.0093
 8620.60       0.6363       0.0098
 8621.64       0.6187       0.0104
 8622.68       0.5754       0.0109
 8623.72       0.5639       0.0115
 8624.75       0.5938       0.0122
 8625.79       0.6064       0.0127
 8626.83       0.6814       0.0132
 8627.87       0.7740       0.0136
 8628.91       0.6601       0.0134
 8629.94       0.5615       0.0132
 8630.98       0.6649       0.0135
 8632.02       0.6711       0.0134
 8633.06       0.6032       0.0129
 8634.09       0.6293       0.0127
 8635.13       0.6695       0.0122
 8636.17       0.6828       0.0115
 8637.21       0.6791       0.0111
 8638.24       0.6754       0.0107
 8639.28       0.6742       0.0100
 8640.32       0.6373       0.0094
 8641.36       0.5984       0.0088
 8642.40       0.5956       0.0081
 8643.43       0.5724       0.0075
 8644.47       0.5610       0.0072
 8645.51       0.5896       0.0073
 8646.55       0.6072       0.0082
 8647.58       0.6075       0.0096
 8648.62       0.6394       0.0111
 8649.66       0.6555       0.0120
 8650.70       0.6416       0.0125
 8651.74       0.6341       0.0127
 8652.77       0.6695       0.0130
 8653.81       0.7340       0.0131
 8654.85       0.7165       0.0130
 8655.89       0.6340       0.0128
 8656.92       0.6000       0.0129
 8657.96       0.6136       0.0130
 8659.00       0.6387       0.0128
 8660.04       0.6603       0.0124
 8661.08       0.6556       0.0120
 8662.11       0.6414       0.0118
 8663.15       0.6581       0.0116
 8664.19       0.6741       0.0116
 8665.23       0.6460       0.0117
 8666.26       0.6564       0.0118
 8667.30       0.6989       0.0115
 8668.34       0.6922       0.0109
 8669.38       0.6999       0.0106
 8670.42       0.7234       0.0105
 8671.45       0.6601       0.0100
 8672.49       0.5922       0.0093
 8673.53       0.5919       0.0089
 8674.57       0.5882       0.0088
 8675.60       0.5628       0.0087
 8676.64       0.5429       0.0084
 8677.68       0.5570       0.0081
 8678.72       0.6075       0.0080
 8679.75       0.6563       0.0079
 8680.79       0.6997       0.0080
 8681.83       0.7210       0.0079
 8682.87       0.6805       0.0076
 8683.91       0.6192       0.0071
 8684.94       0.5934       0.0068
 8685.98       0.6014       0.0067
 8687.02       0.6111       0.0067
 8688.06       0.5987       0.0065
 8689.09       0.5778       0.0063
 8690.13       0.6006       0.0063
 8691.17       0.6836       0.0065
 8692.21       0.7319       0.0066
 8693.25       0.6907       0.0066
 8694.28       0.6893       0.0066
 8695.32       0.6854       0.0065
 8696.36       0.6196       0.0064
 8697.40       0.6185       0.0067
 8698.43       0.6573       0.0070
 8699.47       0.6238       0.0071
 8700.51       0.6205       0.0070
 8701.55       0.6742       0.0069
 8702.58       0.6425       0.0067
 8703.62       0.6087       0.0065
 8704.66       0.6473       0.0067
 8705.70       0.7317       0.0073
 8706.74       0.7573       0.0077
 8707.77       0.6576       0.0075
 8708.81       0.5931       0.0070
 8709.85       0.6234       0.0066
 8710.89       0.6590       0.0064
 8711.92       0.6663       0.0063
 8712.96       0.6443       0.0062
 8714.00       0.6341       0.0061
 8715.04       0.6495       0.0062
 8716.08       0.6829       0.0062
 8717.11       0.6815       0.0062
 8718.15       0.6556       0.0061
 8719.19       0.6528       0.0060
 8720.23       0.6574       0.0060
 8721.26       0.6535       0.0061
 8722.30       0.6437       0.0061
 8723.34       0.6289       0.0062
 8724.38       0.6206       0.0064
 8725.42       0.6250       0.0065
 8726.45       0.6539       0.0066
 8727.49       0.6990       0.0066
 8728.53       0.6984       0.0064
 8729.57       0.6823       0.0061
 8730.60       0.7212       0.0063
 8731.64       0.6785       0.0062
 8732.68       0.5788       0.0059
 8733.72       0.6294       0.0061
 8734.75       0.6545       0.0062
 8735.79       0.5634       0.0061
 8736.83       0.6203       0.0064
 8737.87       0.7193       0.0067
 8738.91       0.7085       0.0068
 8739.94       0.6385       0.0066
 8740.98       0.6043       0.0065
 8742.02       0.6424       0.0065
 8743.06       0.6511       0.0064
 8744.09       0.5897       0.0061
 8745.13       0.5464       0.0059
 8746.17       0.5853       0.0060
 8747.21       0.6744       0.0063
 8748.25       0.6583       0.0064
 8749.28       0.5952       0.0063
 8750.32       0.6143       0.0064
 8751.36       0.6337       0.0064
 8752.40       0.6116       0.0063
 8753.43       0.5654       0.0062
 8754.47       0.5612       0.0066
 8755.51       0.6107       0.0085
 8756.55       0.6436       0.0114
 8757.58       0.6436       0.0166
 8758.62       0.6282       0.0239
 8759.66       0.5961       0.0312
 8760.70       0.6128       0.0350
 8761.74       0.7034       0.0340
 8762.77       0.7871       0.0297
 8763.81       0.7857       0.0275
 8764.85       0.6924       0.0295
 8765.89       0.6574       0.0359
 8766.92       0.7105       0.0421
 8767.96       0.6217       0.0436
 8769.00       0.5415       0.0378
 8770.04       0.6361       0.0280
 8771.08       0.7293       0.0175
 8772.11       0.7119       0.0114
 8773.15       0.6285       0.0116
 8774.19       0.6023       0.0183
 8775.23       0.6519       0.0288
 8776.26       0.6230       0.0406
 8777.30       0.5937       0.0485
 8778.34       0.6072       0.0488
 8779.38       0.5454       0.0414
 8780.42       0.4834       0.0293
 8781.45       0.5161       0.0175
 8782.49       0.5957       0.0101
 8783.53       0.6321       0.0070
 8784.57       0.6052       0.0061
 8785.60       0.5491       0.0062
 8786.64       0.5371       0.0069
 8787.68       0.6060       0.0094
 8788.72       0.6986       0.0135
 8789.75       0.7209       0.0175
 8790.79       0.7021       0.0196
 8791.83       0.6741       0.0189
 8792.87       0.6640       0.0163
 8793.91       0.5802       0.0120
 8794.94       0.4965       0.0081
 8795.98       0.6028       0.0066
 8797.02       0.6375       0.0063
 8798.06       0.5048       0.0059
 8799.09       0.4586       0.0059
 8800.13       0.5309       0.0061
 8801.17       0.6415       0.0065
 8802.21       0.6932       0.0066
 8803.25       0.6614       0.0064
 8804.28       0.6166       0.0061
 8805.32       0.6198       0.0060
 8806.36       0.6677       0.0064
 8807.40       0.6877       0.0069
 8808.43       0.6561       0.0073
 8809.47       0.6116       0.0075
 8810.51       0.6212       0.0077
 8811.55       0.6712       0.0077
 8812.58       0.7005       0.0073
 8813.62       0.7051       0.0069
 8814.66       0.6777       0.0065
 8815.70       0.6299       0.0062
 8816.74       0.6152       0.0061
 8817.77       0.6403       0.0063
 8818.81       0.6411       0.0065
 8819.85       0.6820       0.0066
 8820.89       0.7524       0.0080
 8821.92       0.6736       0.0086
 8822.96       0.5388       0.0182
 8824.00       0.5339       0.0416
 8825.04       0.6276       0.0726
 8826.08       0.7275       0.0973
 8827.11       0.7557       0.1041
 8828.15       0.6977       0.0926
 8829.19       0.6227       0.0698
 8830.23       0.6056       0.0395
 8831.26       0.6518       0.0188
 8832.30       0.6821       0.0151
 8833.34       0.6092       0.0220
 8834.38       0.5176       0.0312
 8835.42       0.5493       0.0382
 8836.45       0.6312       0.0404
 8837.49       0.6683       0.0363
 8838.53       0.6280       0.0277
 8839.57       0.6264       0.0179
 8840.60       0.6970       0.0103
 8841.64       0.7164       0.0073
 8842.68       0.6762       0.0072
 8843.72       0.6328       0.0073
 8844.75       0.6088       0.0076
 8845.79       0.6287       0.0087
 8846.83       0.6884       0.0114
 8847.87       0.6741       0.0142
 8848.91       0.6103       0.0162
 8849.94       0.6519       0.0173
 8850.98       0.6794       0.0163
 8852.02       0.6148       0.0134
 8853.06       0.5628       0.0098
 8854.09       0.5408       0.0073
 8855.13       0.5463       0.0066
 8856.17       0.5898       0.0068
 8857.21       0.6379       0.0070
 8858.25       0.6740       0.0071
 8859.28       0.6330       0.0073
 8860.32       0.5696       0.0077
 8861.36       0.5883       0.0079
 8862.40       0.6484       0.0082
 8863.43       0.6812       0.0105
 8864.47       0.6700       0.0155
 8865.51       0.6679       0.0225
 8866.55       0.7270       0.0284
 8867.58       0.8085       0.0311
 8868.62       0.8196       0.0288
 8869.66       0.7123       0.0227
 8870.70       0.6383       0.0153
 8871.74       0.6670       0.0097
 8872.77       0.6696       0.0073
 8873.81       0.6778       0.0072
 8874.85       0.7306       0.0072
 8875.89       0.7979       0.0075
 8876.92       0.7912       0.0074
 8877.96       0.6868       0.0073
 8879.00       0.6718       0.0071
 8880.04       0.7488       0.0078
 8881.08       0.7323       0.0089
 8882.11       0.7302       0.0201
 8883.15       0.7683       0.0440
 8884.19       0.6792       0.0686
 8885.23       0.6170       0.0858
 8886.26       0.7147       0.0900
 8887.30       0.8208       0.0772
 8888.34       0.8264       0.0525
 8889.38       0.7470       0.0268
 8890.42       0.6934       0.0126
 8891.45       0.7255       0.0094
 8892.49       0.7462       0.0089
 8893.53       0.7281       0.0089
 8894.57       0.6950       0.0088
 8895.60       0.6967       0.0091
 8896.64       0.7109       0.0088
 8897.68       0.6937       0.0089
 8898.72       0.6642       0.0107
 8899.75       0.6487       0.0173
 8900.79       0.6601       0.0277
 8901.83       0.7596       0.0384
 8902.87       0.8708       0.0444
 8903.91       0.8825       0.0441
 8904.94       0.7824       0.0359
 8905.98       0.6827       0.0241
 8907.02       0.7574       0.0156
 8908.06       0.8694       0.0122
 8909.09       0.8005       0.0108
 8910.13       0.7879       0.0110
 8911.17       0.8614       0.0108
 8912.21       0.8737       0.0111
 8913.25       0.9045       0.0102
 8914.28       0.9774       0.0122
 8915.32       1.0626       0.0177
 8916.36       1.0857       0.0379
 8917.40       1.0198       0.0729
 8918.43       0.9057       0.1208
 8919.47       0.8854       0.1356
 8920.51       0.9987       0.0910
