 
TRANSIENT_NAME:     DES14X3ftq 
SNID:               1301933    
OBS_DATE:           2014-10-28
MJD:                56958. 
PHASE:              +4.    
MJD_MAX:            56952.8
TYPE:               1  
SPEC_EVAL:          SNIa
REDSHIFT:           0.3310  
REDSHIFT_ERR:       0.0050  
REDSHIFT_SOURCE:    Z_SN
TELESCOPE:          AAT
INSTRUMENT:         AAOmega-2dF
 
======================================
 
# WAVE  FLUX  FLUX_ERR
 3743.23      33.5107     810.4310
 3744.26      19.0696     790.6160
 3745.30      30.5517     791.8150
 3746.34      30.1811     721.6410
 3747.38      -0.5906     656.9180
 3748.41       1.5950     635.9060
 3749.45      -7.4398     574.4120
 3750.49      -3.3647     586.0530
 3751.53      14.4641     618.9550
 3752.56      15.3694     602.4530
 3753.60       3.6503     620.3540
 3754.64      22.3821     691.8000
 3755.68      12.1104     638.7620
 3756.72     -13.0752     584.6220
 3757.75      -1.3465     599.8510
 3758.79     -11.8339     564.1280
 3759.83      -3.4450     522.6920
 3760.87      18.0127     531.3260
 3761.90     -10.0495     534.7300
 3762.94     -15.9150     544.8210
 3763.98      -9.8383     500.3100
 3765.02       0.8821     550.6150
 3766.06      16.7528     553.3320
 3767.09       5.8503     515.5830
 3768.13      24.0753     574.1880
 3769.17       8.6612     539.7150
 3770.21      -6.1090     450.6240
 3771.24      -6.7561     443.4510
 3772.28      -3.8594     484.6940
 3773.32       8.5827     488.1750
 3774.36      -6.1826     486.7760
 3775.40      -9.0898     498.3380
 3776.43      -4.6055     489.1430
 3777.47       7.5936     503.2450
 3778.51       2.2376     492.6150
 3779.55      -5.1143     481.1820
 3780.58      10.3893     522.2990
 3781.62      14.2551     459.5430
 3782.66      -0.1345     428.2650
 3783.70      20.0857     480.8170
 3784.73      13.8975     464.1360
 3785.77       5.5234     474.0750
 3786.81      27.4220     518.9820
 3787.85       8.6909     458.9290
 3788.89     -13.0913     398.7980
 3789.92     -24.6136     383.1870
 3790.96      13.5841     472.3230
 3792.00       8.8926     474.5080
 3793.04     -10.4076     421.5630
 3794.07      -1.6084     413.6380
 3795.11       2.7312     423.3950
 3796.15      -3.0561     399.7970
 3797.19       1.0409     417.5280
 3798.23       0.9094     385.6970
 3799.26       8.0440     367.5710
 3800.30      15.9806     412.7550
 3801.34      -3.1366     408.7270
 3802.38      -6.7807     372.9840
 3803.41       7.7403     394.8480
 3804.45       5.5486     400.7580
 3805.49      21.7806     411.8490
 3806.53       8.9469     366.8030
 3807.57      -0.9213     353.2380
 3808.60       7.8861     352.9090
 3809.64       6.8861     347.5600
 3810.68       5.3448     336.7530
 3811.72      11.1058     354.0740
 3812.75       8.6297     347.4410
 3813.79      12.1871     345.4050
 3814.83       5.0043     360.7340
 3815.87      -0.2775     321.5130
 3816.90      -4.1463     276.1450
 3817.94      -0.4816     288.2160
 3818.98       2.9459     296.5020
 3820.02      -3.8646     278.0810
 3821.06       2.8160     279.4230
 3822.09      15.6197     308.7370
 3823.13      22.1147     299.6090
 3824.17      26.0802     277.5740
 3825.21      10.1788     266.0670
 3826.24      -0.4981     245.2970
 3827.28       1.1795     258.1140
 3828.32     -11.0857     248.4640
 3829.36      14.5975     269.2390
 3830.40       8.8336     271.7990
 3831.43      -7.2773     243.4300
 3832.47     -10.5650     222.3370
 3833.51      -2.2819     257.0410
 3834.55     -10.1966     238.0970
 3835.58      -1.6195     228.5430
 3836.62       3.9646     227.9570
 3837.66       2.8622     200.5010
 3838.70      -5.0808     200.4830
 3839.74       1.1986     215.4470
 3840.77      21.5522     227.7890
 3841.81       8.9355     211.6970
 3842.85       6.0331     204.8310
 3843.89      18.1929     209.9460
 3844.92      26.5924     218.8720
 3845.96      -3.5884     197.2530
 3847.00     -12.0663     185.6380
 3848.04      -1.3040     194.8360
 3849.07      14.0857     211.5130
 3850.11      21.6244     229.1480
 3851.15       6.7603     211.2760
 3852.19       6.6055     195.6800
 3853.23      13.4241     198.2060
 3854.26       1.6003     184.6780
 3855.30      -5.0674     175.6740
 3856.34       2.8065     181.0010
 3857.38       2.2667     175.3360
 3858.41      -3.8474     175.0620
 3859.45       0.9059     177.1070
 3860.49      14.1333     185.9880
 3861.53       9.9302     189.9700
 3862.57      -4.2672     178.4700
 3863.60      -7.2012     174.7580
 3864.64       3.6628     184.6020
 3865.68       7.6178     184.8180
 3866.72       8.5711     188.4980
 3867.75      11.9250     192.6260
 3868.79      11.2952     181.6510
 3869.83       9.4700     177.9040
 3870.87       2.1659     175.2940
 3871.91      -3.3473     162.4390
 3872.94      -0.9951     162.6080
 3873.98      14.5253     181.2350
 3875.02      18.2311     184.3790
 3876.06      10.5498     170.4960
 3877.09      12.7312     169.9880
 3878.13      15.5246     169.7800
 3879.17       2.0785     155.9340
 3880.21      -4.3941     149.9890
 3881.24     -11.5031     143.4950
 3882.28     -13.5677     129.7490
 3883.32       4.6118     137.4620
 3884.36       6.0005     147.1070
 3885.40       8.8624     147.6000
 3886.43      15.1177     146.1710
 3887.47       8.3218     137.4500
 3888.51      -1.3139     124.1880
 3889.55     -10.8645     125.6780
 3890.58      -3.7509     131.7260
 3891.62      -0.5971     134.0240
 3892.66       9.4296     142.7000
 3893.70      10.8303     132.8470
 3894.74      -2.8033     119.2590
 3895.77       1.1564     125.5720
 3896.81       4.7826     128.7950
 3897.85       9.2892     129.3590
 3898.89       0.9878     127.9970
 3899.92     -11.9126     120.4690
 3900.96      -4.7008     117.9020
 3902.00       9.8238     133.4850
 3903.04       9.4311     133.6350
 3904.07       1.3091     126.0780
 3905.11      -2.8089     124.8570
 3906.15       1.8881     131.3260
 3907.19      -0.2981     132.2440
 3908.23      -3.4902     120.6510
 3909.26       6.7239     127.6100
 3910.30      13.2870     136.8480
 3911.34       0.3840     128.2850
 3912.38       5.2438     132.5200
 3913.41      18.9409     144.2990
 3914.45      13.9246     137.8040
 3915.49      -1.7344     121.8620
 3916.53     -11.8771     102.5900
 3917.57      -2.7814     111.0540
 3918.60      13.7606     120.7850
 3919.64       7.6154     112.8420
 3920.68      -5.4385     100.9940
 3921.72      -4.4230     101.6120
 3922.75      -2.9134      99.5837
 3923.79       3.5146      99.3174
 3924.83      -3.6172      92.8311
 3925.87       1.4406      95.8220
 3926.91       9.8150      97.8881
 3927.94       2.2422      83.4806
 3928.98      -4.8578      78.2924
 3930.02      -2.9697      78.6874
 3931.06       4.4602      78.3461
 3932.09       0.1634      75.7273
 3933.13      -4.5706      69.2697
 3934.17      -0.7284      67.9038
 3935.21       7.0551      74.9261
 3936.24      -5.9574      67.5012
 3937.28      -5.5698      64.2683
 3938.32      11.0404      75.0413
 3939.36      -4.7352      69.3828
 3940.40      -6.5470      67.0931
 3941.43       2.8358      71.7285
 3942.47      -7.3582      66.9856
 3943.51      -6.2398      66.2079
 3944.55       1.7003      69.4389
 3945.58      12.0693      75.4699
 3946.62       7.6414      78.6288
 3947.66       4.2274      76.0554
 3948.70       3.9134      73.6267
 3949.74     -12.0832      62.4616
 3950.77      -3.7212      62.3541
 3951.81      -4.0197      66.4725
 3952.85      -2.7426      69.5078
 3953.89      -5.8486      68.0880
 3954.92       3.3426      71.4169
 3955.96       9.6029      71.2790
 3957.00      -4.8441      63.3964
 3958.04      -5.2013      65.1494
 3959.08       3.2832      70.3544
 3960.11       1.3837      69.1109
 3961.15       3.3701      69.9594
 3962.19       4.1623      66.3937
 3963.23      10.4036      68.9276
 3964.26       3.0548      63.9114
 3965.30       3.7938      62.5985
 3966.34       6.4306      63.9387
 3967.38       4.1427      61.7374
 3968.41      -3.1051      55.8734
 3969.45       2.6979      57.1912
 3970.49       5.7394      59.5877
 3971.53       3.9769      60.4831
 3972.57      -0.3157      59.9546
 3973.60      -0.8352      63.4014
 3974.64      -2.8475      63.6842
 3975.68      -3.6505      65.6863
 3976.72       3.8220      68.1412
 3977.75      -2.4834      60.3786
 3978.79      -3.3287      63.2996
 3979.83      -0.4236      64.9149
 3980.87      10.9188      70.2965
 3981.91      -4.5791      63.3625
 3982.94      -6.6845      62.5623
 3983.98      -0.5789      67.3505
 3985.02      -2.2878      64.9578
 3986.06      -5.5409      58.4446
 3987.09      -6.8223      58.0867
 3988.13       1.2285      63.6351
 3989.17      10.2777      69.0816
 3990.21      12.7094      70.5890
 3991.25       3.0261      63.9699
 3992.28      -5.0662      62.9113
 3993.32       1.0855      67.1024
 3994.36       2.2539      65.7749
 3995.40      -4.5484      62.1645
 3996.43       0.5774      67.7686
 3997.47       3.1317      71.4691
 3998.51       5.7321      74.1378
 3999.55       7.1847      77.0240
 4000.58      -0.2679      74.9239
 4001.62      -7.7790      67.6158
 4002.66       0.5141      72.6197
 4003.70       1.7906      73.6182
 4004.74       1.3835      73.2782
 4005.77       7.7481      75.5188
 4006.81       6.4561      79.0095
 4007.85       7.7132      82.1278
 4008.89       3.2320      80.4397
 4009.92      -7.2231      77.8249
 4010.96      -0.4216      81.1046
 4012.00       5.4712      83.4288
 4013.04       3.5452      80.8683
 4014.08       1.3441      81.5385
 4015.11      -0.3688      78.7632
 4016.15      -3.3204      70.9513
 4017.19       2.1669      74.4341
 4018.23       9.2593      82.8205
 4019.26       6.6750      81.9264
 4020.30      -4.4773      74.3023
 4021.34      -1.7346      72.4208
 4022.38       6.6844      75.4373
 4023.42       1.8917      73.4456
 4024.45       0.0856      71.9608
 4025.49       6.3687      73.1646
 4026.53       2.6901      71.4455
 4027.57      -6.8241      66.2107
 4028.60      -4.9420      69.3981
 4029.64       4.5630      74.3501
 4030.68       2.0113      69.6702
 4031.72       1.5972      66.3315
 4032.75       4.4517      72.0601
 4033.79       7.1360      72.0493
 4034.83       3.0630      65.7149
 4035.87       0.4195      66.5845
 4036.91       4.0897      72.7658
 4037.94       8.1369      74.8982
 4038.98       5.6205      71.4148
 4040.02      -0.8078      68.5713
 4041.06      -1.6325      70.5581
 4042.09       5.1145      73.7388
 4043.13       5.4681      72.0944
 4044.17      -5.3910      66.1731
 4045.21      -1.0442      67.3684
 4046.25       8.7552      71.2313
 4047.28       0.1228      67.7840
 4048.32      -4.6226      64.6146
 4049.36       2.4241      68.8387
 4050.40      -0.1023      67.7993
 4051.43      -4.9391      63.6208
 4052.47      -2.5647      62.3569
 4053.51      -4.8382      60.4050
 4054.55      -5.4935      58.2742
 4055.58      -3.0197      56.5225
 4056.62       0.7272      58.2930
 4057.66       8.7248      62.9426
 4058.70      11.9773      66.4740
 4059.74       2.8859      64.1897
 4060.77      -1.7965      63.0048
 4061.81       0.5055      62.4458
 4062.85       0.1071      60.3996
 4063.89       1.6349      63.5181
 4064.92       6.5238      65.4032
 4065.96       8.7647      65.9152
 4067.00       9.1514      66.7142
 4068.04      -0.0811      62.0590
 4069.08     -14.1577      53.6896
 4070.11     -12.3333      53.7146
 4071.15      -0.9909      61.8009
 4072.19      -2.9349      58.8492
 4073.23      -4.3041      55.5620
 4074.26      11.6222      64.6563
 4075.30       2.8677      61.3228
 4076.34      -6.6547      54.5469
 4077.38       5.9618      60.3664
 4078.42       9.5782      63.0890
 4079.45       3.5409      61.1748
 4080.49      -5.0302      58.1642
 4081.53      -8.5717      55.0392
 4082.57       2.4262      58.6813
 4083.60       9.4531      61.6584
 4084.64       0.3035      57.7478
 4085.68      -5.2780      52.1974
 4086.72      -3.7938      52.8940
 4087.75      -6.3303      52.7940
 4088.79      -9.7370      50.5701
 4089.83      -4.3041      53.8970
 4090.87      -3.5200      53.6206
 4091.91       1.9691      58.0907
 4092.94       3.6970      57.3510
 4093.98       3.8412      54.8008
 4095.02       3.0791      54.0082
 4096.06      -9.5382      47.6948
 4097.09      -5.5171      48.4921
 4098.13       4.2549      53.3247
 4099.17       5.6204      52.2887
 4100.21       5.3162      49.9476
 4101.25       5.5230      49.6366
 4102.28       2.4621      48.1561
 4103.32       4.3825      52.2586
 4104.36       6.1727      52.6479
 4105.40       6.2871      52.4325
 4106.43       3.1752      50.1670
 4107.47       2.0168      49.0675
 4108.51       7.4001      52.2001
 4109.55       2.2181      49.9021
 4110.58      -1.7649      46.5614
 4111.62      -0.2396      45.9081
 4112.66       4.0860      49.6875
 4113.70       4.9255      50.2149
 4114.74       4.7337      50.4001
 4115.77       1.2343      48.7719
 4116.81       5.3716      48.5440
 4117.85       4.5632      46.6655
 4118.89      -0.4891      41.8527
 4119.92       9.0482      47.6074
 4120.96       5.9316      48.6052
 4122.00      15.8154      52.8123
 4123.04      -0.1979      47.2141
 4124.08      -2.2429      47.2836
 4125.11       2.7957      46.5443
 4126.15       5.1228      49.0413
 4127.19       5.7347      48.6829
 4128.23       0.6109      45.3904
 4129.26      -3.3587      45.2654
 4130.30       2.0404      45.9809
 4131.34       0.5413      45.7803
 4132.38      -0.6526      44.4177
 4133.42      -4.2088      41.5161
 4134.45      -3.0997      45.6671
 4135.49       2.4921      49.2722
 4136.53       0.6518      47.6860
 4137.57       1.2586      47.6888
 4138.60       0.3097      45.4343
 4139.64      -8.2798      39.5623
 4140.68      -9.0262      40.1526
 4141.72       0.1865      44.7072
 4142.75      -8.4196      39.0995
 4143.79       7.1702      44.6991
 4144.83       7.4783      46.8621
 4145.87     -12.0765      39.0676
 4146.91      -0.8477      41.7758
 4147.94       4.3140      44.3350
 4148.98       0.0677      43.0323
 4150.02      -3.0913      40.8684
 4151.06       0.3267      41.9355
 4152.09       2.4643      43.8105
 4153.13       0.9039      44.4621
 4154.17      -9.2797      41.8191
 4155.21       0.9371      44.4385
 4156.25       6.0285      46.7923
 4157.28       0.8695      46.0257
 4158.32      -6.2208      42.5197
 4159.36      -4.0956      42.6271
 4160.40       2.9023      45.0835
 4161.43       3.1359      46.2515
 4162.47      -4.9698      42.9068
 4163.51     -12.2779      40.8283
 4164.55      -1.8665      47.1554
 4165.59       3.4097      48.3992
 4166.62      -2.4678      44.8051
 4167.66       7.4631      48.1078
 4168.70       2.1136      46.8733
 4169.74      -1.4926      43.9657
 4170.77       0.1896      42.9429
 4171.81       4.4426      44.8133
 4172.85       2.0668      42.5736
 4173.89      -5.1650      38.0902
 4174.92      -6.3628      37.9618
 4175.96       3.0015      42.0875
 4177.00       3.6481      42.3019
 4178.04      -6.7507      38.1029
 4179.08      -4.8927      38.6897
 4180.11      -1.5782      39.0602
 4181.15      -6.3257      34.6563
 4182.19       1.5635      39.1656
 4183.23      -2.9239      37.4529
 4184.26       4.1353      39.6487
 4185.30      13.6679      43.4264
 4186.34       7.7610      39.3928
 4187.38       3.0862      37.0111
 4188.42      -1.2040      35.2869
 4189.45       7.3670      37.6589
 4190.49       1.3839      37.8048
 4191.53      -7.1670      35.3568
 4192.57      -3.9980      35.6957
 4193.60      -3.5281      35.3172
 4194.64      -5.6130      34.1963
 4195.68       1.4329      35.3957
 4196.72       6.8092      36.1615
 4197.76       7.9699      36.6499
 4198.79       3.5752      34.2251
 4199.83       8.6152      36.3691
 4200.87       7.2840      36.5904
 4201.91      -0.0876      34.0550
 4202.94       0.1891      34.3795
 4203.98      -2.2492      32.2284
 4205.02       0.2151      34.2384
 4206.06       4.3080      37.4785
 4207.09      -0.8699      35.9594
 4208.13       0.2540      35.3323
 4209.17       7.6434      38.2741
 4210.21      10.4865      39.6098
 4211.25       9.9828      38.2730
 4212.28       5.8270      36.2567
 4213.32       7.4702      36.2995
 4214.36       7.8583      35.3973
 4215.40       2.2018      33.9524
 4216.43       2.4171      34.7595
 4217.47       3.9941      34.1858
 4218.51       3.1347      33.8048
 4219.55       6.3161      35.3632
 4220.59       4.4931      34.0037
 4221.62       0.7805      34.1419
 4222.66       9.0763      40.5330
 4223.70       8.1449      36.5100
 4224.74      -0.6053      29.0084
 4225.77       0.4141      29.5444
 4226.81       2.9255      30.0480
 4227.85      -4.3171      28.0590
 4228.89       3.0194      32.2730
 4229.93      11.8890      35.5035
 4230.96       8.8955      33.2373
 4232.00       5.2881      31.7086
 4233.04       2.3919      30.7179
 4234.08      -0.0762      29.9350
 4235.11      -0.3505      29.3046
 4236.15       5.1768      31.4099
 4237.19       4.0547      30.5885
 4238.23      -1.2272      28.1897
 4239.26       2.0297      30.1476
 4240.30       2.4511      29.4489
 4241.34      -0.2277      28.8227
 4242.38       1.9098      31.0020
 4243.42       0.4725      30.0949
 4244.45       0.1342      30.1234
 4245.49       0.8431      31.2875
 4246.53      -1.6577      30.4429
 4247.57      -1.8909      29.2594
 4248.60       1.1071      29.4256
 4249.64       6.8807      31.0600
 4250.68       4.4239      30.6276
 4251.72      -0.4681      30.2663
 4252.76       3.1185      32.1559
 4253.79       2.5406      31.0110
 4254.83       0.9559      30.5562
 4255.87       1.6706      31.0506
 4256.91       5.8505      32.2048
 4257.94       7.7467      32.3998
 4258.98       4.5711      30.1102
 4260.02       0.4330      28.4789
 4261.06       1.9754      29.4345
 4262.10       6.9214      31.9707
 4263.13       2.4464      31.4097
 4264.17      -5.1536      28.6661
 4265.21      -1.2125      28.0203
 4266.25      -0.8682      29.8482
 4267.28      -3.1853      31.2204
 4268.32       0.9873      30.6794
 4269.36      -3.3541      26.9516
 4270.40     -10.6221      24.8516
 4271.43      -2.8899      26.7439
 4272.47       2.4235      26.7106
 4273.51      -1.7490      25.0257
 4274.55       0.2141      27.2136
 4275.59       0.1508      27.2822
 4276.62      -3.5779      26.8936
 4277.66      -5.0386      26.4947
 4278.70      -2.3591      26.4640
 4279.74      -0.7049      27.5696
 4280.77       6.9386      29.5180
 4281.81      10.5643      29.9193
 4282.85       2.2528      27.2955
 4283.89      -3.0680      25.4435
 4284.93      -2.7577      24.9548
 4285.96       1.1184      24.9798
 4287.00      -0.7663      24.1145
 4288.04      -3.1356      23.4419
 4289.08      -0.3644      24.2157
 4290.11       2.0531      24.6249
 4291.15      -0.4091      23.7221
 4292.19      -2.6734      24.5362
 4293.23      -3.6546      24.9901
 4294.27       2.6453      25.9658
 4295.30      12.8602      29.1146
 4296.34      12.4888      28.0491
 4297.38       7.6636      24.9814
 4298.42       2.9376      22.8815
 4299.45       0.9119      22.5215
 4300.49       2.2653      22.4427
 4301.53       0.6622      21.3937
 4302.57      -5.3126      19.3372
 4303.60      -5.1659      19.3493
 4304.64      -0.9534      21.4069
 4305.68      -1.3635      21.1231
 4306.72      -2.5979      20.1331
 4307.76       0.7978      20.9776
 4308.79       3.1593      21.6815
 4309.83       0.4232      21.7669
 4310.87      -0.0250      21.9663
 4311.91       0.7121      21.7226
 4312.94       2.0768      23.3806
 4313.98       1.2428      24.6708
 4315.02       2.9559      25.7353
 4316.06       8.9550      28.2270
 4317.10      11.6194      29.1299
 4318.13       6.6253      26.9448
 4319.17       6.4925      26.4096
 4320.21      -0.1285      24.1703
 4321.25      -8.1238      21.7247
 4322.28      -5.6675      22.4896
 4323.32      -0.6786      22.7743
 4324.36       2.3352      22.6902
 4325.40       4.9482      23.7039
 4326.44      -3.9731      21.6264
 4327.47       0.0963      23.3406
 4328.51      -0.4026      23.4225
 4329.55       2.2586      25.6290
 4330.59       4.3901      26.6309
 4331.62       0.2932      25.0868
 4332.66      -2.0112      24.9264
 4333.70       0.9937      26.3880
 4334.74       1.7845      26.0686
 4335.77       1.4309      24.2754
 4336.81       2.1419      23.7456
 4337.85       0.6182      22.4772
 4338.89      -0.2192      21.2393
 4339.93       1.1540      22.4284
 4340.96       1.4148      22.4055
 4342.00       4.0601      22.6967
 4343.04       5.0930      23.8439
 4344.08      -0.6993      22.3881
 4345.11       3.3442      23.0786
 4346.15       6.2293      24.8767
 4347.19      -1.8319      23.0726
 4348.23       1.5851      23.7659
 4349.27       3.6512      24.0604
 4350.30       0.6165      23.2837
 4351.34      10.0025       6.6917
 4352.38      -1.5901      23.6671
 4353.42       4.4218      25.3267
 4354.45       7.6065      26.4698
 4355.49      -4.4559      20.8805
 4356.53      -3.6251      21.9765
 4357.57       5.2723      25.4207
 4358.60       5.3229      25.5021
 4359.64       1.9089      22.6482
 4360.68      -2.3515      21.4260
 4361.72      -4.4602      20.9129
 4362.76       2.0359      23.1591
 4363.79       5.1610      24.7831
 4364.83       2.0777      23.7304
 4365.87       1.7465      23.2849
 4366.91       6.4496      24.9776
 4367.94      -1.8453      22.1207
 4368.98      -1.8542      21.7931
 4370.02       7.6562      23.5329
 4371.06      -3.9207      19.9284
 4372.10      -2.2327      21.0808
 4373.13      -0.3400      22.3970
 4374.17      -1.0679      21.8720
 4375.21      -0.9462      22.3277
 4376.25      -6.2216      21.9416
 4377.28       2.4908      23.3363
 4378.32       2.2053      23.5045
 4379.36      -0.1324      23.2074
 4380.40       3.9650      23.4247
 4381.44       0.8838      21.3446
 4382.47      -0.7685      20.1157
 4383.51       6.3653      22.0175
 4384.55       1.3314      19.8979
 4385.59      -4.1629      19.8980
 4386.62       0.4292      22.1537
 4387.66      -4.1757      21.1113
 4388.70       0.9461      21.6710
 4389.74       2.0048      21.5153
 4390.77      -3.1639      20.4814
 4391.81       0.6497      21.8505
 4392.85       1.8897      22.0505
 4393.89      -5.8973      19.8324
 4394.93      -2.6261      20.9235
 4395.96      -3.9235      20.6275
 4397.00      -5.2230      20.0691
 4398.04      -3.0460      21.6741
 4399.08       0.9642      22.0344
 4400.11       5.0412      22.2797
 4401.15       3.9499      22.3855
 4402.19       9.4009      24.4993
 4403.23       0.3266      22.2794
 4404.27       2.7444      23.3506
 4405.30       6.5266      24.3584
 4406.34       2.3022      24.0877
 4407.38       2.6916      24.1043
 4408.42       4.1100      24.3800
 4409.45      -3.5950      23.0301
 4410.49      -0.0252      23.8961
 4411.53      -0.4600      24.2732
 4412.57      -2.0717      24.4368
 4413.61       7.0061      26.0527
 4414.64       2.4402      23.7773
 4415.68       1.3028      24.0707
 4416.72      -1.0080      24.6151
 4417.76      -7.6473      21.8853
 4418.79       2.2946      24.5554
 4419.83       9.4617      27.9192
 4420.87       1.8336      25.5669
 4421.91      -5.0215      22.3890
 4422.94      -0.4389      23.1460
 4423.98       6.6057      25.8041
 4425.02       5.1437      25.5954
 4426.06       2.8368      24.8469
 4427.10       3.8871      25.3330
 4428.13       6.1659      25.5894
 4429.17       2.3461      23.2717
 4430.21      -2.3077      21.9298
 4431.25      -1.7518      22.5947
 4432.28      -2.4358      22.5176
 4433.32      -2.7051      22.1094
 4434.36       6.2088      24.4213
 4435.40       5.5229      23.5758
 4436.44       1.4855      22.9943
 4437.47       7.4862      25.2304
 4438.51      14.0204      27.2489
 4439.55       5.7431      24.5885
 4440.59       4.4155      23.7636
 4441.62       0.7896      22.1239
 4442.66       1.7433      21.4192
 4443.70       6.4408      23.3003
 4444.74       0.9987      22.7506
 4445.78      -3.9723      21.2573
 4446.81       2.0379      22.7639
 4447.85       3.3238      22.8641
 4448.89      -1.7418      21.2916
 4449.93      -0.8645      21.9308
 4450.96      -1.1336      21.1861
 4452.00      -2.6176      19.4205
 4453.04      -0.2103      20.0831
 4454.08      -1.5505      20.3297
 4455.11      -0.2430      19.7486
 4456.15       0.4491      20.1514
 4457.19       1.0608      20.6648
 4458.23       2.1783      20.1078
 4459.27       3.1091      20.5785
 4460.30       0.4579      20.0936
 4461.34      -0.3801      19.4657
 4462.38       0.2745      19.4966
 4463.42       3.3013      20.5876
 4464.45       0.9885      20.6086
 4465.49      -2.5602      19.4818
 4466.53       2.4776      20.3673
 4467.57       5.4411      21.0987
 4468.61      -0.5771      20.1854
 4469.64       2.6174      21.2167
 4470.68       8.3672      21.5614
 4471.72       5.8014      21.3303
 4472.76       2.1248      21.2245
 4473.79       1.3059      20.7636
 4474.83       2.6671      21.2105
 4475.87       5.2820      21.8840
 4476.91       7.4271      22.4361
 4477.95       2.2582      20.7968
 4478.98      -3.6388      18.1552
 4480.02       1.6372      19.3327
 4481.06       0.4443      19.5827
 4482.10      -2.0090      19.1698
 4483.13       3.1556      20.2610
 4484.17       1.3027      20.1193
 4485.21      -0.9633      20.1375
 4486.25       3.8911      21.5434
 4487.28       5.1456      21.8250
 4488.32       3.9313      20.5749
 4489.36      -0.1876      19.1173
 4490.40      -0.5978      19.7973
 4491.44       5.3894      21.3109
 4492.47      11.2897      23.6138
 4493.51       9.2675      23.6755
 4494.55      -0.0428      20.6199
 4495.59       0.0436      20.6770
 4496.62       3.8649      21.7802
 4497.66       5.7927      21.6448
 4498.70       6.9254      21.7562
 4499.74       0.9831      21.0139
 4500.78      -3.2203      20.3057
 4501.81       1.7471      20.9708
 4502.85       5.4703      21.3724
 4503.89       3.3656      21.1218
 4504.93      -2.0658      20.5502
 4505.96      -1.9606      20.5435
 4507.00       0.3804      21.1072
 4508.04      -1.1114      21.2069
 4509.08       2.4015      21.6945
 4510.12       4.4525      22.1703
 4511.15       4.0886      22.3340
 4512.19      -2.5408      19.9497
 4513.23      -6.7151      18.7813
 4514.27       2.1391      21.4399
 4515.30       1.3041      21.5205
 4516.34      -0.0456      20.9220
 4517.38       2.9918      20.9494
 4518.42       0.5927      21.1205
 4519.45       4.1579      22.3433
 4520.49       3.6904      21.4837
 4521.53       0.3692      20.8477
 4522.57       3.7060      21.8171
 4523.61       5.1032      21.7526
 4524.64       4.8483      21.2317
 4525.68       2.4151      20.0849
 4526.72      -5.6218      17.8641
 4527.76      -1.8354      19.4673
 4528.79       5.5161      21.6885
 4529.83       6.2125      21.3864
 4530.87       0.0369      20.6143
 4531.91      -0.3652      20.6668
 4532.95       0.4296      20.2081
 4533.98      -0.2681      19.5242
 4535.02      -0.4062      19.7147
 4536.06       3.1211      21.0222
 4537.10       5.0478      21.4960
 4538.13       0.4438      20.7309
 4539.17       2.9180      21.4671
 4540.21       5.0495      21.1165
 4541.25       4.5134      20.9493
 4542.29      -1.4493      20.2355
 4543.32      -6.6807      18.7427
 4544.36      -2.2800      19.1533
 4545.40       0.7838      20.0757
 4546.44      -0.4195      19.5345
 4547.47       1.3806      19.4358
 4548.51       2.6059      19.0177
 4549.55      -0.1435      18.6638
 4550.59       1.6889      19.3838
 4551.62      -2.8131      18.5684
 4552.66      -2.9867      18.7353
 4553.70       0.9532      19.7907
 4554.74       2.6193      19.6241
 4555.78       9.9621      20.9610
 4556.81       9.5497      21.0283
 4557.85       4.5495      20.1541
 4558.89       3.4855      20.0557
 4559.93       6.9723      20.9867
 4560.96       1.7515      19.3708
 4562.00      -0.4969      18.6555
 4563.04      -0.6263      18.4958
 4564.08      -0.0740      18.3859
 4565.12      -0.0201      18.9597
 4566.15       2.6384      19.4430
 4567.19       5.7669      19.7798
 4568.23       1.2769      19.5011
 4569.27      -5.2418      17.9812
 4570.30      -2.1949      17.9849
 4571.34       4.7179      19.3723
 4572.38       1.7520      18.6342
 4573.42       1.1856      18.8691
 4574.46       0.0520      18.8706
 4575.49      -2.3954      18.1442
 4576.53       0.6628      18.9128
 4577.57       3.3089      19.8559
 4578.61      -2.2604      18.4234
 4579.64       2.4515      19.5498
 4580.68       4.0793      19.6479
 4581.72       3.0942      19.5378
 4582.76       5.9035      20.1107
 4583.79       0.0051      18.6996
 4584.83      -1.0454      18.9702
 4585.87       5.2748      19.9347
 4586.91       5.2101      19.1821
 4587.95       3.5101      19.0819
 4588.98      -2.0000      17.7496
 4590.02       4.0053      18.7957
 4591.06      10.2009      19.5947
 4592.10       9.8695      19.6688
 4593.13      -0.6539      17.4226
 4594.17       2.1867      18.1747
 4595.21       4.1284      18.9167
 4596.25       2.5925      18.9166
 4597.29       3.7571      18.4429
 4598.32       3.6453      18.5074
 4599.36      -0.0443      17.5245
 4600.40      -1.6345      16.9022
 4601.44       1.3747      17.3854
 4602.47      -0.8532      16.7697
 4603.51       0.4467      18.1831
 4604.55       1.9652      18.6698
 4605.59       1.1611      18.3343
 4606.62       1.9798      18.3361
 4607.66       6.8525      19.5290
 4608.70       5.2840      19.1414
 4609.74       5.5841      19.0881
 4610.78       3.9377      18.6017
 4611.81      -1.0070      17.4314
 4612.85       5.9611      18.9681
 4613.89       4.8126      18.9031
 4614.93       0.9644      17.7622
 4615.96       0.5276      17.3559
 4617.00      -2.2334      16.7212
 4618.04      -1.5743      17.1534
 4619.08       0.3673      17.6065
 4620.12       6.3689      19.3811
 4621.15       5.0898      18.8981
 4622.19      -0.8562      17.4257
 4623.23       2.4295      18.0962
 4624.27       1.7982      18.1291
 4625.30       3.6940      18.4988
 4626.34       7.6479      19.3431
 4627.38       3.4046      18.4261
 4628.42      -2.6751      16.7036
 4629.46      -4.4801      15.9875
 4630.49       1.5633      16.9838
 4631.53       6.8752      18.5594
 4632.57       9.7002      19.7746
 4633.61       3.3622      17.6517
 4634.64       0.1810      16.3453
 4635.68       2.2932      16.9172
 4636.72       2.6705      16.8315
 4637.76       4.6760      17.8141
 4638.79       3.5706      18.0496
 4639.83       4.3481      17.6089
 4640.87       2.6899      17.2542
 4641.91       3.3172      17.3768
 4642.95       0.2623      16.4207
 4643.98      -2.5659      16.2706
 4645.02       2.9050      17.3196
 4646.06      -2.9686      15.3616
 4647.10      -3.7032      14.9539
 4648.13       5.0824      17.1431
 4649.17       0.6452      16.1096
 4650.21       1.5498      16.3791
 4651.25       6.8243      17.9724
 4652.29       6.9287      17.9274
 4653.32       4.7133      17.6029
 4654.36       6.9409      18.2943
 4655.40       5.5441      17.7114
 4656.44       0.5589      16.8624
 4657.47      -1.1186      16.8815
 4658.51       0.8807      17.2952
 4659.55       3.5556      18.2922
 4660.59       0.4919      17.0428
 4661.62       0.0029      17.0340
 4662.66       0.2028      17.3585
 4663.70       0.4107      16.4306
 4664.74       4.1635      16.5468
 4665.78       4.5670      16.6015
 4666.81       3.6455      16.4146
 4667.85       3.8639      16.2097
 4668.89       4.5014      16.6708
 4669.93       4.9692      16.9008
 4670.96       4.3450      17.3558
 4672.00       1.2487      17.0202
 4673.04       1.4919      16.5238
 4674.08      -1.8872      15.4967
 4675.12       0.3500      16.6182
 4676.15      10.1037      18.6893
 4677.19       9.6648      18.4361
 4678.23       3.7557      17.0816
 4679.27       3.1562      16.7659
 4680.30       4.3109      17.0606
 4681.34       0.0799      15.7613
 4682.38      -0.2505      15.6540
 4683.42       1.1038      16.4335
 4684.46       1.1801      16.3117
 4685.49       6.6478      16.9381
 4686.53       8.1661      17.7763
 4687.57       4.0438      16.9081
 4688.61       5.1250      16.5264
 4689.64       5.0156      16.5650
 4690.68       1.2947      16.1424
 4691.72       5.8693      16.7510
 4692.76       4.1262      16.2624
 4693.79      -1.9995      14.9825
 4694.83       1.1254      15.5288
 4695.87      -0.5149      15.7873
 4696.91      -3.0863      15.2093
 4697.95      -0.8335      15.0861
 4698.98       2.1682      15.4458
 4700.02       2.8953      15.4047
 4701.06       2.0515      15.0571
 4702.10       3.2028      15.3053
 4703.13       6.3771      16.3547
 4704.17       7.4156      16.7000
 4705.21       3.1180      15.3334
 4706.25       0.9087      14.7751
 4707.29       0.1386      14.7372
 4708.32      -0.6286      14.2301
 4709.36      -1.3850      14.7721
 4710.40       3.8376      16.0820
 4711.44       6.8029      16.6883
 4712.47       4.8401      15.9553
 4713.51       1.8909      15.1631
 4714.55      -0.9399      14.4343
 4715.59      -2.1052      14.2175
 4716.62       0.4700      15.2157
 4717.66       2.8314      15.6568
 4718.70       4.6337      16.4344
 4719.74       5.1096      16.1880
 4720.78       2.0162      15.3828
 4721.81       4.2342      15.9958
 4722.85       3.8048      15.4960
 4723.89       4.3205      15.7707
 4724.93      -0.8886      15.3435
 4725.96      -1.0821      14.8799
 4727.00       1.2893      15.0475
 4728.04       2.3051      14.7047
 4729.08       4.4364      14.4592
 4730.12      -1.0586      13.7947
 4731.15      -1.8090      13.7731
 4732.19       1.9634      14.4476
 4733.23       7.0202      15.2459
 4734.27       5.4580      14.7788
 4735.30       4.5413      15.1540
 4736.34       4.5461      15.1996
 4737.38       3.5022      14.7083
 4738.42       4.8331      15.3048
 4739.46       6.8690      15.8471
 4740.49       2.4753      15.1433
 4741.53       2.0926      14.8091
 4742.57       0.8111      14.3645
 4743.61       0.3249      14.0495
 4744.64       2.9240      14.4554
 4745.68       2.3780      14.7578
 4746.72       3.7497      14.8721
 4747.76       7.8386      15.7332
 4748.80       6.4710      15.5857
 4749.83       1.9509      14.5235
 4750.87       3.3447      14.8944
 4751.91       6.2041      15.4756
 4752.95       2.3960      14.3632
 4753.98       3.2676      14.3905
 4755.02      -0.0961      13.9283
 4756.06      -1.4126      13.7334
 4757.10       2.7688      14.5406
 4758.13       2.2464      14.3221
 4759.17       4.5924      14.9975
 4760.21       6.5017      15.7394
 4761.25       3.1101      14.5161
 4762.29       4.7543      14.4191
 4763.32       7.2590      15.2622
 4764.36       3.2336      14.3557
 4765.40       3.7877      14.3886
 4766.44       3.2005      14.6660
 4767.47       2.5081      14.3184
 4768.51       1.1697      13.6090
 4769.55       3.3183      14.4380
 4770.59       4.9110      15.5214
 4771.63       2.5543      14.8140
 4772.66       4.1621      14.7395
 4773.70       4.5677      15.0728
 4774.74      -1.6375      13.5954
 4775.78      -1.2114      13.6450
 4776.81       3.8865      14.5191
 4777.85       4.3917      14.5149
 4778.89       7.6537      15.0667
 4779.93       6.4831      15.1333
 4780.97      -0.3160      13.8303
 4782.00       0.7407      14.0936
 4783.04       2.7306      14.5115
 4784.08       1.2155      13.9964
 4785.12       6.7320      15.1193
 4786.15       4.8098      14.4914
 4787.19       3.2829      14.3267
 4788.23       9.9683      15.8792
 4789.27       6.7421      14.8095
 4790.30       5.5474      14.7863
 4791.34      -0.3020      13.9352
 4792.38       1.6971      14.0282
 4793.42       7.0476      14.8799
 4794.46       2.2268      14.7267
 4795.49       0.5947      14.3047
 4796.53       1.7034      14.0107
 4797.57       7.5995      16.1124
 4798.61       2.2504      14.5562
 4799.64       0.2908      13.5432
 4800.68       2.1787      14.2890
 4801.72       1.1403      13.7248
 4802.76       0.7021      13.5074
 4803.80       1.7483      13.9496
 4804.83       5.7415      15.0396
 4805.87       2.0025      13.7416
 4806.91       0.8977      13.1415
 4807.95       3.4159      14.5072
 4808.98       1.5347      13.8969
 4810.02      -0.7488      13.1677
 4811.06       3.3175      14.4209
 4812.10       2.5459      14.4824
 4813.14       4.4508      14.4593
 4814.17       0.5774      13.5700
 4815.21       0.1764      13.9127
 4816.25       1.3560      14.4304
 4817.29       2.0586      14.8034
 4818.32       0.6436      14.7012
 4819.36       3.2261      15.0522
 4820.40       3.9652      15.1545
 4821.44       1.6473      14.4909
 4822.47       5.1404      14.6960
 4823.51       2.6488      14.2312
 4824.55       2.9829      14.4709
 4825.59       3.3116      14.5549
 4826.63       3.3760      14.5446
 4827.66       4.6997      14.8442
 4828.70       2.1190      14.4146
 4829.74       4.2653      14.6508
 4830.78       5.4657      14.6552
 4831.81       4.4851      14.4533
 4832.85       5.2057      14.9995
 4833.89       4.6346      15.1594
 4834.93       5.9791      15.3088
 4835.97       5.0503      15.0748
 4837.00       6.7027      15.1085
 4838.04       8.4197      15.1703
 4839.08       7.9001      14.8983
 4840.12       3.3541      13.9827
 4841.15       0.3254      13.3364
 4842.19       1.9703      14.0119
 4843.23       3.0840      14.3274
 4844.27       2.7332      13.9017
 4845.31       3.4327      14.2725
 4846.34       5.9360      14.7454
 4847.38       5.1476      14.0654
 4848.42       2.4350      13.1360
 4849.46       0.4237      12.8936
 4850.49       0.5220      12.6995
 4851.53       3.2513      13.2311
 4852.57       3.5344      13.6608
 4853.61       4.4399      13.5510
 4854.64       7.8968      13.6977
 4855.68       6.8832      13.1873
 4856.72      -0.0071      11.8699
 4857.76       1.5338      11.8259
 4858.80       4.6600      11.8367
 4859.83       2.9237      11.9170
 4860.87       4.4096      12.1882
 4861.91       8.1216      12.3753
 4862.95       6.4891      12.0545
 4863.98       6.4722      11.9836
 4865.02       5.8075      11.9591
 4866.06       5.5601      11.8425
 4867.10       4.1222      11.6668
 4868.14       2.5843      11.4729
 4869.17       5.8276      11.7420
 4870.21       7.1244      12.1877
 4871.25       3.7810      11.1502
 4872.29       3.3419      10.8015
 4873.32       4.8201      11.2769
 4874.36       2.0779      10.7664
 4875.40       0.8552      10.6046
 4876.44       3.5254      11.1824
 4877.48       1.9684      10.8593
 4878.51       1.5942      10.9330
 4879.55       4.0803      11.8092
 4880.59       4.3170      11.9993
 4881.63       2.1605      11.6981
 4882.66       4.9688      12.0739
 4883.70       9.1680      12.2626
 4884.74       1.0075      11.0082
 4885.78      -2.5003      10.6410
 4886.81       4.0736      11.4903
 4887.85       2.1100      11.0644
 4888.89       2.5464      11.2951
 4889.93       4.8750      11.7927
 4890.97       2.7418      11.5874
 4892.00       1.9078      11.5471
 4893.04       6.6830      12.3268
 4894.08       4.5443      11.9677
 4895.12       0.5376      11.4663
 4896.15       0.4911      11.5794
 4897.19       3.3469      12.0178
 4898.23       5.9736      12.0994
 4899.27       7.6853      12.5268
 4900.31       4.8572      12.0204
 4901.34       5.4004      12.1251
 4902.38       5.4176      12.2829
 4903.42       1.6886      11.9329
 4904.46       4.0174      12.4884
 4905.49       2.0947      12.2013
 4906.53      -0.4233      11.6488
 4907.57       1.4732      11.6757
 4908.61       4.1190      12.0760
 4909.65       0.7757      11.3499
 4910.68       2.5859      11.6029
 4911.72       6.8060      12.6136
 4912.76       2.8396      11.8612
 4913.80       0.0077      11.5579
 4914.83       5.8839      12.6735
 4915.87       5.4587      12.0988
 4916.91       5.9519      12.0283
 4917.95       8.5537      12.6819
 4918.98       1.9826      10.8562
 4920.02      -1.3059      10.2109
 4921.06       0.7366      10.6909
 4922.10       3.2511      11.0171
 4923.14       1.3483      11.0219
 4924.17       0.8133      11.3678
 4925.21       5.2667      12.0907
 4926.25       5.6058      11.7553
 4927.29       2.9065      11.5492
 4928.32       3.8211      11.6824
 4929.36       1.7236      11.3057
 4930.40       1.5341      11.5670
 4931.44       3.5960      11.8024
 4932.48       1.6448      11.3986
 4933.51       0.7028      10.9156
 4934.55       1.8668      10.9880
 4935.59      -0.5101      10.8855
 4936.63       1.7814      11.3264
 4937.66       3.6265      11.9912
 4938.70       2.1440      11.4323
 4939.74       0.3727      10.5854
 4940.78       0.9478      11.1078
 4941.81       5.2169      12.0311
 4942.85       3.2804      11.5369
 4943.89       0.0323      11.0771
 4944.93       4.0831      11.5552
 4945.97       1.5373      10.8330
 4947.00      -1.9400      10.3480
 4948.04       0.8585      11.2981
 4949.08       2.8694      11.6276
 4950.12       4.4444      11.7321
 4951.15       3.9614      11.7864
 4952.19       1.0682      11.4897
 4953.23       3.4170      12.0299
 4954.27       5.1782      12.2344
 4955.31       1.7487      11.3123
 4956.34       4.4266      11.4805
 4957.38       7.0922      11.7180
 4958.42       2.8831      11.0555
 4959.46       2.0472      11.1511
 4960.49       1.8191      11.6715
 4961.53       0.5963      11.2917
 4962.57       4.1498      11.8381
 4963.61       4.5016      11.9052
 4964.65       3.1719      11.6787
 4965.68       7.2181      12.4392
 4966.72       4.1599      11.8830
 4967.76       2.8708      11.7510
 4968.80       3.5804      11.5853
 4969.83       5.0888      11.8501
 4970.87       5.5260      12.0930
 4971.91       0.5597      11.3832
 4972.95       2.6012      11.5130
 4973.98       4.9248      11.6882
 4975.02       3.2938      11.4465
 4976.06       6.7913      12.2090
 4977.10       5.3854      12.1028
 4978.14      -0.7101      10.7080
 4979.17       2.2937      10.7747
 4980.21       4.3312      11.1594
 4981.25       1.6013      10.5007
 4982.29       3.5554      10.3667
 4983.32       1.8901      10.1273
 4984.36      -0.4226       9.8366
 4985.40      -3.0124       9.4078
 4986.44      -0.6345      10.0980
 4987.48       1.3700      10.7791
 4988.51       1.6227      10.9050
 4989.55       3.2540      10.9063
 4990.59      -0.2641      10.3586
 4991.63      -3.2019       9.9470
 4992.66       1.8796      10.5493
 4993.70       4.1242      10.9230
 4994.74       5.6031      11.2602
 4995.78       3.1935      10.9701
 4996.81       3.6625      11.1098
 4997.85       4.1890      11.1136
 4998.89       4.5024      10.8901
 4999.93      -1.2068       9.7050
 5000.97       0.8475       9.9013
 5002.00       6.0478      10.9218
 5003.04       5.4743      10.8607
 5004.08       4.9714      10.8427
 5005.12       1.9792      10.2929
 5006.15      -4.1494       8.9721
 5007.19      -3.0834       9.3207
 5008.23       0.2464      10.0482
 5009.27       0.8680      10.0706
 5010.31       3.5467      10.3981
 5011.34       2.5652      10.2645
 5012.38       1.0096       9.6284
 5013.42       0.7956       9.4018
 5014.46      -0.6652       9.2057
 5015.49       2.3036       9.9412
 5016.53       6.8059      10.6311
 5017.57       5.3524      10.1829
 5018.61      -4.1675       8.8002
 5019.65      -2.5196       8.9494
 5020.68       5.5381      10.1762
 5021.72       1.5337       9.6978
 5022.76       1.6682       9.8647
 5023.80      -1.9785       9.0424
 5024.83       0.9674       9.2639
 5025.87       5.2061      10.0658
 5026.91       0.2235       9.2194
 5027.95       2.9660       9.7218
 5028.98       2.5809       9.4997
 5030.02      -2.1400       9.1988
 5031.06       0.5278       9.8584
 5032.10       1.9388      10.0387
 5033.14      -1.2622       9.3060
 5034.17       0.0194       9.3608
 5035.21       4.3278      10.0110
 5036.25       4.3886       9.8427
 5037.29       0.4573       9.2461
 5038.32       2.0763       9.7872
 5039.36       5.6975      10.0490
 5040.40      -1.0862       8.5451
 5041.44      -4.7231       8.1975
 5042.48      -1.0560       9.1999
 5043.51       1.7158       9.6360
 5044.55       5.2506      10.4251
 5045.59       6.9004      10.8285
 5046.63       2.9924       9.9309
 5047.66       0.8551       9.4206
 5048.70       3.1338       9.7827
 5049.74       2.0888       9.5890
 5050.78       1.4233       9.5497
 5051.82       1.2011       9.5616
 5052.85       2.1114       9.7811
 5053.89       0.4427       9.5766
 5054.93       1.3290       9.5463
 5055.97       3.2218      10.2858
 5057.00       1.3533      10.0459
 5058.04       2.1891      10.0581
 5059.08       2.3797       9.9892
 5060.12       0.5746       9.6690
 5061.16       0.9424       9.7783
 5062.19       0.3453       9.7627
 5063.23       3.0004      10.1858
 5064.27       3.7416       9.9486
 5065.31       2.3311       9.5775
 5066.34       2.4172       9.6771
 5067.38       1.8353       9.6462
 5068.42       0.4191       9.5878
 5069.46       0.4807       9.1114
 5070.49       2.9832      10.1567
 5071.53       3.1027      10.9294
 5072.57       1.5625      10.0133
 5073.61       1.6311       9.3726
 5074.65       0.9947       9.3234
 5075.68       2.0415       9.5178
 5076.72       3.9360       9.9010
 5077.76       3.8691      10.0135
 5078.80       2.3747       9.5996
 5079.83       4.5710       9.5803
 5080.87       2.7891       9.4233
 5081.91      -0.0539       9.1412
 5082.95       0.5797       9.2247
 5083.99       0.8485       9.4153
 5085.02      -0.4438       9.2582
 5086.06       0.5558       9.4855
 5087.10       2.4089       9.7238
 5088.14       0.8516       9.0976
 5089.17       1.7795       9.2876
 5090.21       1.8806       9.4644
 5091.25       0.4236       9.3932
 5092.29      -0.6415       9.5560
 5093.33       1.8616       9.6446
 5094.36       2.8622       9.6763
 5095.40      -0.2998       9.4016
 5096.44       2.9660       9.6624
 5097.48       3.6226       9.3052
 5098.51       3.0125       9.2636
 5099.55       2.8173       9.4540
 5100.59       0.7718       9.2042
 5101.63       0.5707       9.3284
 5102.66       3.8151       9.8150
 5103.70       5.9737      10.2327
 5104.74      -1.5261       8.8448
 5105.78      -0.9081       8.6216
 5106.82       2.7126       9.2686
 5107.85       5.2119       9.6199
 5108.89       3.6964       9.3713
 5109.93       0.9292       8.9753
 5110.97       3.7657       9.5080
 5112.00       0.6432       9.2498
 5113.04       0.4816       9.3318
 5114.08      -3.6890       8.6442
 5115.12      -2.3979       8.7573
 5116.16       1.5907       9.3876
 5117.19       0.6499       9.2341
 5118.23      -1.1032       9.1690
 5119.27      -0.6063       8.8706
 5120.31       1.5783       8.8892
 5121.34       3.2447       9.4723
 5122.38      -0.5061       8.7663
 5123.42      -2.1693       8.2391
 5124.46      -0.2863       8.4664
 5125.50       2.4283       8.7798
 5126.53       0.8964       8.8982
 5127.57       2.2785       8.9896
 5128.61       0.9048       8.7491
 5129.65       0.7722       8.8925
 5130.68       6.9267       9.8248
 5131.72       3.3208       9.4263
 5132.76       2.7135       9.2553
 5133.80       1.2755       8.9201
 5134.83       2.2074       9.4095
 5135.87       3.8386       9.8604
 5136.91       4.5807       9.6473
 5137.95       4.4604       9.3838
 5138.99       5.2366       9.4760
 5140.02       3.8876       9.2529
 5141.06       4.1265       9.1492
 5142.10       4.6168       9.6888
 5143.14       5.0811       9.6670
 5144.17      -0.7453       8.4854
 5145.21       1.8423       9.1415
 5146.25       5.4190       9.5156
 5147.29       4.1977       9.1501
 5148.33       3.6040       9.2174
 5149.36       4.4483       9.3034
 5150.40       4.0240       9.3192
 5151.44       5.2802       9.5236
 5152.48       2.3692       8.9901
 5153.51      -0.0703       8.5279
 5154.55       5.3260       9.1770
 5155.59       7.2204       9.5929
 5156.63       2.4037       8.9877
 5157.67       2.8848       8.9097
 5158.70       3.4890       8.8045
 5159.74      -0.1589       8.1894
 5160.78      -1.1727       8.1621
 5161.82       4.2388       9.0828
 5162.85       6.7554       9.3638
 5163.89       5.2714       8.8707
 5164.93       2.8242       8.3478
 5165.97       1.1905       7.8469
 5167.00       4.3811       7.8851
 5168.04       3.4828       7.9724
 5169.08       1.0658       7.7551
 5170.12       3.1097       7.7897
 5171.16       2.9279       7.5704
 5172.19       6.3329       7.9907
 5173.23       5.2736       8.0221
 5174.27       3.5461       7.9145
 5175.31       4.0905       8.0708
 5176.34       2.1665       8.2013
 5177.38       3.9174       8.5907
 5178.42       4.8182       8.8180
 5179.46       3.5735       8.5602
 5180.50       1.7242       7.9656
 5181.53       2.2575       7.7509
 5182.57       3.9628       7.6923
 5183.61       2.2781       7.0079
 5184.65       4.8015       7.5240
 5185.68       4.2236       8.2634
 5186.72       3.3675       8.8005
 5187.76       3.7853       9.0859
 5188.80       6.2395       9.3643
 5189.83       4.7254       9.0106
 5190.87      -0.4293       7.9126
 5191.91       3.0288       8.2333
 5192.95       5.1583       8.4412
 5193.99       2.8635       7.8611
 5195.02       4.2141       8.5526
 5196.06       1.4378       9.3212
 5197.10      -0.2720      10.6391
 5198.14       2.4281      12.1943
 5199.17       2.5891      12.3305
 5200.21      -0.2547      10.7060
 5201.25       1.8349      10.1816
 5202.29       2.7371       9.8570
 5203.33       3.4692       9.5086
 5204.36       4.8450       9.2312
 5205.40       4.4224       8.4351
 5206.44       5.4218       8.4357
 5207.48       3.7326       8.5269
 5208.51       1.6358       8.1609
 5209.55       5.8830       8.7313
 5210.59       4.6935       8.6546
 5211.63       2.2528       8.2458
 5212.67       2.4228       8.3964
 5213.70       5.2279       8.5958
 5214.74       6.3944       8.6694
 5215.78       3.5952       8.6020
 5216.82       5.2438       8.7765
 5217.85       6.4244       9.0038
 5218.89       6.1029       9.2894
 5219.93       2.4142       8.7249
 5220.97       2.8499       8.7091
 5222.00       3.6388       8.9393
 5223.04       4.7136       9.4628
 5224.08       6.0320       9.8340
 5225.12       5.8004       9.4358
 5226.16       6.4225       8.9965
 5227.19       1.7680       7.8530
 5228.23       0.2440       7.5396
 5229.27       0.7546       8.0945
 5230.31       1.6853       8.5961
 5231.34       5.0512       9.0132
 5232.38       5.2025       8.9360
 5233.42       6.9077       8.8740
 5234.46       8.1825       8.9075
 5235.50       4.9430       8.5366
 5236.53       3.2676       8.8783
 5237.57       1.0471       9.2091
 5238.61      -0.9059       9.0751
 5239.65       0.1149       9.0652
 5240.68       5.1143       9.3034
 5241.72       5.5947       9.0830
 5242.76       2.7676       8.4895
 5243.80       5.4983       8.6888
 5244.83       4.9348       8.6200
 5245.87      -0.0447       8.0047
 5246.91       1.2024       8.2379
 5247.95       5.6202       8.9046
 5248.99       4.6556       8.8215
 5250.02       1.1136       8.2196
 5251.06       1.6945       8.2479
 5252.10       5.2512       8.6947
 5253.14       6.0703       8.8703
 5254.17       1.8863       8.7888
 5255.21       3.0170       9.5906
 5256.25       6.0520      10.1748
 5257.29       5.9020       9.9542
 5258.33       6.4434       9.5300
 5259.36       6.7931       8.9884
 5260.40       3.6021       8.4505
 5261.44       4.8125       8.6742
 5262.48       3.7424       8.0896
 5263.51       1.4441       7.5021
 5264.55       1.7542       7.5464
 5265.59       3.6024       7.6962
 5266.63       4.1321       7.8118
 5267.67       5.9223       8.0802
 5268.70       4.2511       7.9524
 5269.74       3.5902       7.9781
 5270.78       2.1575       7.8555
 5271.82      -0.1594       7.3370
 5272.85       3.0875       7.7126
 5273.89       6.8885       8.6048
 5274.93       4.2918       8.6589
 5275.97       5.1916       9.0872
 5277.00       4.2476       9.0724
 5278.04       1.4283       8.3679
 5279.08       2.7813       8.3075
 5280.12       1.8144       7.9805
 5281.16       2.6740       7.9790
 5282.19       2.7869       7.9539
 5283.23       2.4114       7.5792
 5284.27       4.7821       8.0113
 5285.31       4.1986       8.1936
 5286.34       3.3129       8.1729
 5287.38       5.4904       8.6114
 5288.42       4.5760       8.5668
 5289.46      -0.0418       7.8406
 5290.50       2.5238       8.1338
 5291.53       2.5808       8.1281
 5292.57       2.5514       8.3388
 5293.61       7.3493       9.0527
 5294.65       5.5993       8.8723
 5295.68       2.7024       8.4950
 5296.72       1.4775       8.1896
 5297.76       1.2933       8.1773
 5298.80       2.6410       8.7109
 5299.83       2.0326       8.6142
 5300.87       1.3825       8.1492
 5301.91       2.4973       8.1119
 5302.95       4.7921       8.4364
 5303.99       6.0145       8.9687
 5305.02       4.5243       8.9607
 5306.06       3.6093       8.7173
 5307.10       3.6105       8.7717
 5308.14       4.2824       8.9463
 5309.17       5.2282       8.9899
 5310.21       2.2683       8.4569
 5311.25       1.4364       8.5654
 5312.29       2.2617       8.9992
 5313.33       3.5260       9.1396
 5314.36       4.1714       8.9459
 5315.40       3.9639       8.5749
 5316.44       1.3613       8.1203
 5317.48      -0.6782       8.0485
 5318.51       0.6649       8.1820
 5319.55       1.6207       8.4150
 5320.59      -0.6523       8.0849
 5321.63       0.7646       8.0924
 5322.67       3.0325       8.3308
 5323.70       3.7110       8.5946
 5324.74       6.1540       8.8789
 5325.78       7.0630       8.9022
 5326.82       5.0118       8.2937
 5327.85       5.9669       8.3511
 5328.89       4.4863       8.4469
 5329.93      -0.2486       8.0874
 5330.97       0.6809       8.3709
 5332.00       1.4583       8.3538
 5333.04       3.2194       8.2758
 5334.08       4.5630       8.3868
 5335.12       2.1023       8.1415
 5336.16       2.2818       8.2502
 5337.19       4.7253       8.6588
 5338.23       5.0753       8.5941
 5339.27       6.0426       8.5471
 5340.31       3.8577       8.0400
 5341.34       2.1703       7.8306
 5342.38       2.5981       7.9313
 5343.42       3.4536       7.8854
 5344.46       1.2656       7.8474
 5345.50       3.6722       8.3375
 5346.53       5.4182       8.6006
 5347.57       4.3798       8.2597
 5348.61       3.0531       8.2838
 5349.65      -0.8239       7.8465
 5350.68       3.6621       8.2705
 5351.72       4.4924       8.4859
 5352.76       4.1083       8.3198
 5353.80       5.5518       8.4919
 5354.84       2.5043       8.1461
 5355.87       0.2226       8.0640
 5356.91       0.2149       8.1108
 5357.95       4.2697       8.4635
 5358.99       0.9111       7.9682
 5360.02      -0.1569       7.9053
 5361.06       4.8647       8.5948
 5362.10       2.5463       8.2880
 5363.14      -0.3283       7.7737
 5364.17       0.1756       7.7600
 5365.21       2.3612       7.9088
 5366.25       1.9353       7.8515
 5367.29       1.5136       7.9137
 5368.33       4.3933       8.2365
 5369.36       5.0956       8.2239
 5370.40       3.4956       7.9148
 5371.44       2.5689       7.7798
 5372.48       2.7527       8.0337
 5373.51       2.7239       8.0971
 5374.55       2.8962       8.1047
 5375.59       3.6186       8.1749
 5376.63       2.9566       8.0719
 5377.67       2.5950       8.3220
 5378.70       5.0856       8.4940
 5379.74       8.1960       8.7432
 5380.78       6.2607       8.5252
 5381.82       0.8306       7.6745
 5382.85       1.3814       7.6777
 5383.89       3.5026       8.0154
 5384.93       5.6952       8.4424
 5385.97       7.3670       8.7737
 5387.01       4.9570       8.4216
 5388.04       3.1918       8.2967
 5389.08       3.6115       8.2233
 5390.12       2.1692       7.8553
 5391.16       3.0090       8.0829
 5392.19       1.4454       7.7926
 5393.23       6.1308       8.0656
 5394.27       5.5216       8.0898
 5395.31       2.2218       7.7352
 5396.34       4.2172       7.9002
 5397.38       6.0922       8.1858
 5398.42       4.2502       7.9824
 5399.46       2.7259       7.7580
 5400.50       1.0327       7.5668
 5401.53       2.5117       7.7941
 5402.57       2.8968       7.7375
 5403.61       4.0040       7.8019
 5404.65       3.4113       7.6874
 5405.68       5.5439       7.8561
 5406.72       5.5620       7.9699
 5407.76       2.5458       7.5320
 5408.80       1.0987       7.4601
 5409.84       3.3927       7.7854
 5410.87       7.0472       8.1117
 5411.91       2.3814       7.5485
 5412.95      -0.0346       7.3712
 5413.99       1.5669       7.7010
 5415.02       1.8325       7.7208
 5416.06       3.5223       7.7887
 5417.10       1.4139       7.6689
 5418.14       2.9863       7.9868
 5419.18       5.4659       8.2421
 5420.21       5.4056       8.0919
 5421.25       3.9258       7.9102
 5422.29       3.3307       7.9062
 5423.33       5.3037       8.0116
 5424.36       5.0877       7.8725
 5425.40       3.0892       7.6728
 5426.44       2.6301       7.9257
 5427.48       4.4492       8.1014
 5428.52       3.4968       7.8733
 5429.55       3.6061       7.8087
 5430.59       3.1386       7.6772
 5431.63       4.0540       7.8839
 5432.67       5.2402       7.9265
 5433.70       4.6256       8.0268
 5434.74       5.3881       8.2580
 5435.78       5.6005       8.2212
 5436.82       4.9009       8.2420
 5437.85       6.6049       8.5482
 5438.89       3.9657       8.2790
 5439.93       3.3985       8.2716
 5440.97       2.2698       8.1650
 5442.01       5.1585       8.3840
 5443.04       3.6263       8.0236
 5444.08       3.3433       8.0323
 5445.12       6.1570       8.3305
 5446.16       4.3854       7.9500
 5447.19       3.4441       8.0051
 5448.23       2.6051       8.0312
 5449.27       4.1788       8.4410
 5450.31       1.3434       8.0368
 5451.35       2.6885       8.3841
 5452.38       4.9397       8.7218
 5453.42       2.2798       8.0099
 5454.46       2.7502       8.0122
 5455.50       5.9924       8.4706
 5456.53       4.7709       8.2981
 5457.57       1.9918       8.2467
 5458.61       2.5807       8.5466
 5459.65       7.0083       9.2601
 5460.69       7.0725       9.3112
 5461.72       3.5184       8.6675
 5462.76       4.6571       8.4395
 5463.80       5.3469       8.2952
 5464.84       3.3727       7.9503
 5465.87       3.7124       8.0379
 5466.91       4.1350       8.1857
 5467.95       3.3814       8.2076
 5468.99       1.9066       8.0702
 5470.02       3.9428       8.1465
 5471.06       6.2596       8.5380
 5472.10       3.4942       8.0907
 5473.14       2.0161       7.8313
 5474.18       2.5592       7.9607
 5475.21       0.4205       7.5931
 5476.25       1.2432       7.4799
 5477.29       6.6268       8.2615
 5478.33       6.8982       8.3261
 5479.36       2.3364       7.8588
 5480.40       5.2802       8.1617
 5481.44       6.8514       8.4144
 5482.48       2.6668       7.9823
 5483.52       3.5920       7.9569
 5484.55       3.6783       8.0080
 5485.59       1.5670       7.7759
 5486.63       6.5796       8.2652
 5487.67       8.0153       8.5598
 5488.70       5.7076       8.2657
 5489.74       5.5761       8.2908
 5490.78       4.8649       8.2606
 5491.82       4.4887       8.3460
 5492.85       3.2500       8.1005
 5493.89       5.0970       8.2538
 5494.93       4.3767       8.2867
 5495.97       3.7072       8.0256
 5497.01       7.9895       8.7312
 5498.04       5.8955       8.6129
 5499.08       3.4390       8.3279
 5500.12       7.6211       9.0368
 5501.16       5.8961       8.6486
 5502.19       3.2605       8.1258
 5503.23       1.3816       7.8248
 5504.27       1.7953       8.0024
 5505.31       1.5665       8.0091
 5506.35       1.6567       7.8442
 5507.38       4.1232       8.2289
 5508.42       3.4652       8.1098
 5509.46       5.8393       8.4148
 5510.50       4.2690       8.3518
 5511.53       3.2745       8.2240
 5512.57       2.4845       8.0258
 5513.61       2.1712       7.9891
 5514.65       1.5134       7.9504
 5515.69       3.6509       8.3275
 5516.72       3.7400       8.2593
 5517.76       4.6538       8.4168
 5518.80       5.3004       8.5101
 5519.84       5.1056       8.6490
 5520.87       3.3771       8.5271
 5521.91       1.4955       7.9332
 5522.95       3.5349       8.1831
 5523.99       3.2029       8.2534
 5525.02       1.0759       7.8326
 5526.06       1.8985       7.9163
 5527.10       2.3884       8.1003
 5528.14       4.0278       8.2521
 5529.18       6.7679       8.4492
 5530.21       4.4163       7.9769
 5531.25       5.2274       8.3236
 5532.29       6.7183       8.6136
 5533.33       4.4138       8.2748
 5534.36       4.8515       8.3825
 5535.40       3.6235       8.2163
 5536.44       3.4968       8.1755
 5537.48       2.3552       8.1871
 5538.52       2.2042       8.3767
 5539.55       3.8913       8.6291
 5540.59       4.3837       8.9471
 5541.63       0.6593       8.9220
 5542.67       2.9340       9.4411
 5543.70       4.2485      10.1371
 5544.74       5.3487      10.0283
 5545.78       2.8512       8.9537
 5546.82      -0.4075       8.3376
 5547.85       0.6141       8.4107
 5548.89       0.6230       8.4954
 5549.93       1.8518       8.6854
 5550.97       2.9633       8.8432
 5552.01       3.3507       8.6915
 5553.04       4.0995       8.6524
 5554.08       6.4352       9.0178
 5555.12       4.9161       8.8594
 5556.16      -0.2146       8.0257
 5557.19       3.5838       8.6384
 5558.23       7.4444       9.2514
 5559.27       4.7988       8.8319
 5560.31       3.4815       8.6742
 5561.35       4.1911       9.1752
 5562.38       5.4742      10.1187
 5563.42       3.0315      10.3357
 5564.46       5.8244      10.7199
 5565.50       7.1279      10.3949
 5566.53       5.7806       9.6015
 5567.57       5.4466       9.3533
 5568.61       3.9889       9.2315
 5569.65       3.5843       9.3422
 5570.69       3.4074       9.4230
 5571.72       4.3116       9.4206
 5572.76       4.4785       9.9446
 5573.80      -2.8557       9.2142
 5574.84       0.5227      36.9499
 5575.87       5.6397     117.1660
 5576.91       5.5218     188.6170
 5577.95       2.9251     188.0280
 5578.99       1.5807     111.5520
 5580.02       4.8071      33.9053
 5581.06       1.8959       9.6972
 5582.10       5.3485      10.4872
 5583.14       5.4142       9.8897
 5584.18       2.5552       8.9574
 5585.21       4.5984       8.9871
 5586.25       5.6268       9.0403
 5587.29       2.3133       8.9619
 5588.33       1.8133       9.6819
 5589.36       3.6443      10.3063
 5590.40       4.0854       9.8925
 5591.44       2.2788       8.8198
 5592.48       3.2288       8.5094
 5593.52       0.6256       8.1998
 5594.55      -1.4789       8.0343
 5595.59       2.9382       8.8602
 5596.63       5.3090       9.4682
 5597.67       3.0430       9.0920
 5598.70       0.3012       8.7963
 5599.74      -0.5591       8.4817
 5600.78       0.6945       8.2671
 5601.82       2.1985       8.3519
 5602.86       1.3685       8.5938
 5603.89       4.6294      10.3523
 5604.93      -0.5400      10.4375
 5605.97       1.1660      10.3219
 5607.01       5.7711      10.3829
 5608.04       3.6132       9.1525
 5609.08       0.2385       8.4216
 5610.12       3.4687       9.0187
 5611.16       4.3158       9.0251
 5612.19      -0.3316       8.3604
 5613.23       1.2787       8.5660
 5614.27       2.4800       8.7553
 5615.31       1.8197       8.7611
 5616.35       2.3238       9.0185
 5617.38       0.7398       9.1924
 5618.42      -0.4028       8.8637
 5619.46       1.8368       9.0325
 5620.50       4.7332       9.5407
 5621.53       4.4476       9.8170
 5622.57       1.4482      10.1873
 5623.61       2.1114      10.4385
 5624.65       4.4867      10.6352
 5625.69       4.9338      10.0926
 5626.72       5.7985       9.8314
 5627.76       6.0652       9.4960
 5628.80       5.3435       9.6030
 5629.84       0.2433       9.0162
 5630.87       1.4463       9.2310
 5631.91       5.5177       9.8612
 5632.95       9.9866      10.6348
 5633.99       7.4203      10.3360
 5635.03       4.4904      10.0073
 5636.06       3.2929       9.5601
 5637.10       6.8383       9.9534
 5638.14       5.0024      10.1544
 5639.18      -0.1977       9.6189
 5640.21       3.2420      10.0619
 5641.25       6.4917      10.4083
 5642.29       4.4877      10.0084
 5643.33      -0.0107       9.5262
 5644.36       0.5171      10.3771
 5645.40       1.8303      10.6495
 5646.44       0.3078      10.1755
 5647.48       0.7498      10.1065
 5648.52       0.7401      10.0235
 5649.55      -0.5483       9.7825
 5650.59       2.4175       9.9623
 5651.63       0.7088       9.6622
 5652.67      -0.2861       9.9451
 5653.70       3.6147      10.4441
 5654.74       3.3380      10.2268
 5655.78       0.5939       9.9269
 5656.82       3.8554      10.2508
 5657.86       6.7829      10.9075
 5658.89       4.8710      10.6825
 5659.93       4.9587      10.3934
 5660.97       1.8509      10.2256
 5662.01      -0.7112      10.0310
 5663.04       1.9146      10.5558
 5664.08       6.1947      11.2686
 5665.12       8.5218      12.0517
 5666.16       6.0979      11.6522
 5667.20       1.3342      10.7812
 5668.23       1.3319      10.8044
 5669.27       5.3211      11.9269
 5670.31       6.8118      12.3936
 5671.35       1.9697      11.4885
 5672.38       2.1367      11.2935
 5673.42       0.0865      11.1639
 5674.46       1.8367      11.8455
 5675.50       4.8641      12.0923
 5676.53       1.7580      11.6352
 5677.57       3.0114      11.6079
 5678.61       6.9705      12.3861
 5679.65       2.4979      12.3138
 5680.69      -2.8296      11.1203
 5681.72      -1.7335      11.2876
 5682.76       2.0028      11.9529
 5683.80       0.2678      11.8419
 5684.84       0.7428      11.9773
 5685.87       2.7978      12.4751
 5686.91       1.6964      12.5135
 5687.95       2.7172      12.6351
 5688.99       5.4991      13.0888
 5690.03       4.1049      13.0642
 5691.06       6.0519      13.5478
 5692.10       5.3428      13.6448
 5693.14       5.1083      13.7572
 5694.18       5.0481      13.9083
 5695.21       6.1790      14.1187
 5696.25       2.4463      13.5097
 5697.29       5.3510      14.0513
 5698.33       5.2422      14.1197
 5699.37       2.6888      13.5062
 5700.40       1.2660      13.2713
 5701.44       0.8285      13.1682
 5702.48       5.3421      13.9249
 5703.52       3.5836      13.9419
 5704.55      -2.5713      13.1190
 5705.59      -1.6985      13.0656
 5706.63       1.3322      14.0610
 5707.67       3.0215      14.2499
 5708.70       3.3831      13.7449
 5709.74       2.3318      13.8364
 5710.78      -0.9706      13.2064
 5711.82      -3.5856      12.8693
 5712.86      -1.8094      13.7189
 5713.89      -3.7939      13.3520
 5714.93      -1.7992      13.9154
 5715.97      -1.2147      14.2139
 5717.01      -0.0950      14.1081
 5718.04       4.6473      15.7745
 5719.08       7.0249      16.2931
 5720.12       6.3512      15.4647
 5721.16       2.8549      15.3271
 5722.20       2.0430      15.7753
 5723.23       3.6733      16.2811
 5724.27       2.8416      15.7075
 5725.31      -0.2478      15.7888
 5726.35      -3.2217      15.5122
 5727.38      -2.9425      15.1007
 5728.42      -0.2553      16.1615
 5729.46       0.1926      16.3278
 5730.50       2.4120      16.6874
 5731.54       5.3348      17.3145
 5732.57       1.8404      16.7011
 5733.61      -2.2576      16.1704
 5734.65      -0.2326      16.8484
 5735.69      -1.6311      16.5013
 5736.72      -0.3141      16.6703
 5737.76       6.4082      17.8728
 5738.80       3.8498      18.8292
 5739.84       4.9419      20.0963
 5740.87       5.9449      18.6850
 5741.91       3.8616      18.4223
 5742.95       6.3765      19.0269
 5743.99       5.0006      18.6326
 5745.03       2.0956      17.8261
 5746.06       5.1564      19.1235
 5747.10       1.4251      18.6692
 5748.14      -1.1703      18.0481
 5749.18      -3.5358      14.3593
 5750.21      -5.5500      13.2283
 5751.25      -2.6630      13.4240
 5752.29      -0.0134      13.9182
 5753.33       0.1835      14.2213
 5754.37      -0.6316      14.0781
 5755.40       0.6546      14.1247
 5756.44       2.5056      14.1533
 5757.48       2.4909      13.8685
 5758.52       3.2652      14.1808
 5759.55       4.4141      14.6267
 5760.59       2.9421      13.8104
 5761.63       1.0565      12.7941
 5762.67       1.6494      12.8321
 5763.71       3.1768      13.3937
 5764.74       2.7809      13.2976
 5765.78       0.1039      12.2284
 5766.82       3.2903      12.7631
 5767.86       7.5550      14.0908
 5768.89       4.0500      13.5867
 5769.93       0.4640      12.7204
 5770.97       2.3045      12.7115
 5772.01       3.6535      12.7876
 5773.04       3.2691      12.5536
 5774.08       1.4799      11.9764
 5775.12       0.5351      11.9086
 5776.16      -0.3104      11.8807
 5777.20      -1.6262      11.3385
 5778.23      -1.7756      10.9173
 5779.27      -0.1066      11.0982
 5780.31       0.5944      11.4971
 5781.35       0.5356      11.5908
 5782.38      -0.0513      11.1764
 5783.42      -1.1430      10.7797
 5784.46      -0.0866      10.7902
 5785.50       3.5060      11.1586
 5786.54       5.0729      11.5599
 5787.57       2.6582      11.4539
 5788.61       0.5574      11.0680
 5789.65      -0.8460      10.6818
 5790.69      -1.2628      10.5163
 5791.72       0.1979      10.6349
 5792.76       1.2352      10.6403
 5793.80       0.6187      10.4327
 5794.84       0.9927      10.6375
 5795.88       2.3809      11.0906
 5796.91       3.2361      11.2822
 5797.95       2.1857      10.9592
 5798.99       0.7836      10.4287
 5800.03       1.0156      10.1876
 5801.06       2.3910      10.3924
 5802.10       3.5831      10.7624
 5803.14       3.6288      10.8665
 5804.18       2.5156      10.4718
 5805.21       0.8216       9.8027
 5806.25      -1.7465       9.2752
 5807.29      -3.1481       9.1132
 5808.33      -1.6465       9.2266
 5809.37      -0.1853       9.4792
 5810.40       0.2445       9.6338
 5811.44       1.5760       9.7216
 5812.48       2.9788       9.9152
 5813.52       4.2560      10.2364
 5814.55       3.4549      10.1491
 5815.59       1.7904       9.6989
 5816.63       0.8482       9.2465
 5817.67      -0.8039       8.9447
 5818.71      -1.5398       8.8787
 5819.74       0.3113       8.9651
 5820.78       1.6564       9.0498
 5821.82       1.3257       9.0221
 5822.86       1.7508       9.1248
 5823.89       2.4202       9.1815
 5824.93       2.9155       9.1748
 5825.97       4.4151       9.5095
 5827.01       5.1661       9.6951
 5828.04       3.7344       9.3043
 5829.08       2.9441       9.0008
 5830.12       2.5383       8.8551
 5831.16       1.1402       8.6652
 5832.20      -0.5078       8.3418
 5833.23      -1.3645       8.0578
 5834.27      -0.4478       8.2542
 5835.31       2.1534       8.6790
 5836.35       4.5180       8.8971
 5837.38       3.3489       8.5120
 5838.42       1.7392       8.2890
 5839.46       3.2132       8.8029
 5840.50       3.0303       8.8389
 5841.54       1.3378       8.2859
 5842.57       1.9094       8.0123
 5843.61       1.7411       7.9632
 5844.65       1.1425       8.0606
 5845.69       2.8832       8.1807
 5846.72       3.9653       8.2172
 5847.76       2.4546       8.1428
 5848.80       0.6806       7.8300
 5849.84       0.5485       7.6611
 5850.88       2.5055       7.9342
 5851.91       3.6459       8.0336
 5852.95       3.0735       7.8692
 5853.99       1.8884       7.8418
 5855.03       1.7436       7.8237
 5856.06       3.1970       7.7371
 5857.10       4.1660       7.6763
 5858.14       2.5285       7.4611
 5859.18       0.0140       7.2155
 5860.21      -0.4924       7.2152
 5861.25       1.0411       7.3726
 5862.29       2.3548       7.5204
 5863.33       3.8163       8.1644
 5864.37       4.8575       9.3291
 5865.40       4.6438      10.3581
 5866.44       4.4690      11.0313
 5867.48       4.6393      11.2366
 5868.52       3.0536      10.9275
 5869.55       0.8981      10.0904
 5870.59       0.1908       9.0031
 5871.63       1.2995       8.4004
 5872.67       3.0379       8.2925
 5873.71       3.9364       8.2154
 5874.74       2.4258       7.9320
 5875.78       0.6812       7.5155
 5876.82       2.4740       7.3862
 5877.86       3.1140       7.2368
 5878.89       2.0563       7.0637
 5879.93       3.1409       7.2054
 5880.97       4.3570       7.2925
 5882.01       2.5832       7.0472
 5883.04       1.9329       6.9537
 5884.08       2.2571       7.3439
 5885.12       1.3793       8.2163
 5886.16      -0.5823      10.3237
 5887.20      -0.8035      15.0232
 5888.23       1.8552      21.8702
 5889.27       3.6695      27.3245
 5890.31       2.9688      28.9344
 5891.35       5.0413      27.9207
 5892.38       7.7712      25.3238
 5893.42       7.4507      22.1173
 5894.46       4.5644      19.9295
 5895.50       2.0902      19.0578
 5896.54       3.1915      18.8196
 5897.57       5.4114      17.8626
 5898.61       5.6504      15.0878
 5899.65       4.1915      11.4753
 5900.69       2.4873       8.5513
 5901.72       1.7835       7.1822
 5902.76       0.9432       6.8242
 5903.80      -0.4060       6.7182
 5904.84      -1.1670       6.7830
 5905.88      -1.0640       6.8291
 5906.91       0.1695       6.8766
 5907.95       3.2253       7.2238
 5908.99       4.0487       7.2803
 5910.03       1.4569       6.8737
 5911.06      -0.5013       6.5456
 5912.10      -0.4793       6.7619
 5913.14       0.8004       7.4931
 5914.18       0.7630       8.1796
 5915.21       0.2480       8.5346
 5916.25       1.9963       8.6974
 5917.29       2.1788       8.3564
 5918.33       0.9085       7.6856
 5919.37       2.7178       7.2238
 5920.40       3.9483       6.8355
 5921.44       1.8847       6.4413
 5922.48      -0.2102       6.5020
 5923.52       0.0709       6.8900
 5924.55       2.4286       7.2141
 5925.59       2.7176       7.2049
 5926.63       1.5037       6.9988
 5927.67       2.7358       6.9991
 5928.71       3.7429       6.9845
 5929.74       3.1031       7.0948
 5930.78       2.3201       7.6800
 5931.82       2.7246       8.4772
 5932.86       4.2700       8.9998
 5933.89       4.1203       9.0873
 5934.93       3.6917       8.7264
 5935.97       5.1009       8.1206
 5937.01       4.3006       7.2502
 5938.05       1.9403       6.4199
 5939.08       1.9120       6.0384
 5940.12       1.5490       5.8965
 5941.16       0.1963       5.7767
 5942.20       1.1365       5.8560
 5943.23       2.3411       6.0841
 5944.27       1.9751       6.3758
 5945.31       2.2475       6.6712
 5946.35       2.9491       6.8488
 5947.38       2.9651       6.8794
 5948.42       2.8462       6.6992
 5949.46       2.1702       6.5243
 5950.50       0.1830       6.5153
 5951.54       0.4296       7.0322
 5952.57       3.2219       7.8766
 5953.61       4.5079       8.4684
 5954.65       3.2621       8.3571
 5955.69       1.6559       7.6867
 5956.72       2.2810       6.9754
 5957.76       4.7095       6.5416
 5958.80       5.8298       6.2745
 5959.84       4.3990       6.0128
 5960.88       2.8903       5.7863
 5961.91       2.9274       5.8182
 5962.95       2.9125       5.8204
 5963.99       1.4859       5.6487
 5965.03       0.4613       5.6136
 5966.06       1.0181       5.7671
 5967.10       3.0756       5.9908
 5968.14       3.6459       6.0719
 5969.18       2.6013       6.1259
 5970.22       2.6118       6.3981
 5971.25       3.5122       6.6512
 5972.29       4.1799       6.6676
 5973.33       3.9018       6.4860
 5974.37       3.0819       6.3158
 5975.40       2.5694       6.3736
 5976.44       1.1623       6.6251
 5977.48       0.8244       6.9008
 5978.52       2.6695       6.9873
 5979.55       4.0479       6.7455
 5980.59       3.6806       6.2713
 5981.63       2.9831       5.8453
 5982.67       2.2718       5.6369
 5983.71       1.5159       5.5474
 5984.74       0.6844       5.4042
 5985.78       1.5905       5.4003
 5986.82       3.7884       5.5930
 5987.86       3.5281       5.5514
 5988.89       1.3062       5.3307
 5989.93       1.1626       5.3353
 5990.97       0.4370       5.2233
 5992.01      -0.8260       5.0374
 5993.05      -0.0124       5.1414
 5994.08       1.2646       5.2960
 5995.12       1.6589       5.3278
 5996.16       1.8578       5.4005
 5997.20       3.1187       5.6355
 5998.23       5.2745       5.9379
 5999.27       6.0535       5.9078
 6000.31       4.5498       5.6467
 6001.35       2.6146       5.5897
 6002.39       1.9717       5.7452
 6003.42       2.3823       5.9006
 6004.46       1.9390       5.8710
 6005.50       1.4473       5.6924
 6006.54       1.8061       5.4943
 6007.57       2.1830       5.2700
 6008.61       2.4082       5.1080
 6009.65       3.0391       5.0836
 6010.69       2.7293       5.1170
 6011.72       1.8733       5.0945
 6012.76       1.6526       5.0086
 6013.80       2.8477       4.9887
 6014.84       4.4140       5.0687
 6015.88       4.3324       5.1278
 6016.91       3.1156       5.1134
 6017.95       2.2238       5.0191
 6018.99       1.8754       4.8795
 6020.03       0.9065       4.6701
 6021.06       1.0873       4.6366
 6022.10       2.7142       4.8329
 6023.14       4.1699       5.0266
 6024.18       2.6955       4.8430
 6025.22       1.8383       4.7688
 6026.25       3.1030       4.9873
 6027.29       3.3119       5.0016
 6028.33       2.8697       4.9626
 6029.37       3.0599       5.0974
 6030.40       2.8474       5.1007
 6031.44       3.2919       5.1522
 6032.48       5.5299       5.4793
 6033.52       4.6616       5.4729
 6034.56       1.3632       5.0854
 6035.59       0.6353       4.8375
 6036.63       2.0781       4.8201
 6037.67       3.5637       4.9166
 6038.71       3.7004       4.9582
 6039.74       2.6551       4.8606
 6040.78       1.8495       4.7155
 6041.82       1.8741       4.7111
 6042.86       2.2990       4.7675
 6043.89       2.4930       4.7077
 6044.93       2.7130       4.6957
 6045.97       2.5876       4.7262
 6047.01       1.0643       4.6229
 6048.05      -0.4571       4.4623
 6049.08      -0.3926       4.3954
 6050.12       1.4412       4.4897
 6051.16       3.3051       4.6667
 6052.20       3.5671       4.7742
 6053.23       2.7069       4.7748
 6054.27       1.9643       4.7264
 6055.31       2.6338       4.7535
 6056.35       3.1426       4.7213
 6057.39       2.6068       4.6122
 6058.42       2.7827       4.6244
 6059.46       3.0180       4.7109
 6060.50       2.6815       4.7538
 6061.54       3.0522       4.7497
 6062.57       3.6089       4.7201
 6063.61       3.4542       4.7233
 6064.65       1.1902       4.5195
 6065.69      -0.1416       4.3766
 6066.73       2.8600       4.6707
 6067.76       4.3980       4.8782
 6068.80       2.1048       4.7170
 6069.84       1.4572       4.5970
 6070.88       2.7495       4.6016
 6071.91       3.4719       4.6104
 6072.95       1.4552       4.4469
 6073.99      -0.8006       4.2542
 6075.03      -0.0397       4.2571
 6076.06       1.6173       4.3769
 6077.10       2.4281       4.4625
 6078.14       2.4657       4.4280
 6079.18       1.9988       4.3465
 6080.22       1.6245       4.3071
 6081.25       1.4319       4.2819
 6082.29       1.4313       4.2468
 6083.33       1.4318       4.1983
 6084.37       2.5529       4.2580
 6085.40       3.2609       4.3198
 6086.44       2.5158       4.3099
 6087.48       0.8750       4.2133
 6088.52       0.0347       4.1590
 6089.56       1.6284       4.3432
 6090.59       3.5090       4.4604
 6091.63       3.6052       4.3436
 6092.67       3.7230       4.4122
 6093.71       3.0321       4.4596
 6094.74       1.2797       4.2542
 6095.78       1.9920       4.2598
 6096.82       3.7164       4.4318
 6097.86       3.0925       4.4129
 6098.90       2.4972       4.3960
 6099.93       2.9729       4.4052
 6100.97       1.9528       4.1542
 6102.01       1.5620       4.0887
 6103.05       3.1480       4.4209
 6104.08       3.6760       4.4774
 6105.12       2.4425       4.2891
 6106.16       1.8383       4.3039
 6107.20       1.9533       4.3341
 6108.23       2.2067       4.2939
 6109.27       1.4361       4.2090
 6110.31       0.6100       4.1465
 6111.35       0.7615       4.1617
 6112.39       2.0389       4.2408
 6113.42       3.1400       4.3025
 6114.46       3.2043       4.2935
 6115.50       1.8624       4.1739
 6116.54       0.9730       4.0818
 6117.57       2.0969       4.1359
 6118.61       2.4590       4.1450
 6119.65       1.6033       4.0690
 6120.69       1.8379       4.0585
 6121.73       2.3805       4.0712
 6122.76       2.1337       4.0325
 6123.80       0.8618       3.8850
 6124.84       0.2598       3.8302
 6125.88       1.1177       3.9573
 6126.91       1.6201       4.0031
 6127.95       0.8285       3.8770
 6128.99      -0.7059       3.7103
 6130.03      -0.7870       3.6899
 6131.06       0.8959       3.8435
 6132.10       2.5724       4.0042
 6133.14       2.5980       4.0784
 6134.18       1.3697       4.1081
 6135.22       2.5157       4.3001
 6136.25       3.9402       4.4878
 6137.29       2.5434       4.4522
 6138.33       1.4635       4.4215
 6139.37       1.8916       4.4833
 6140.40       2.4349       4.5163
 6141.44       3.0798       4.5819
 6142.48       3.3482       4.6710
 6143.52       1.9522       4.6436
 6144.56       0.1121       4.5329
 6145.59      -0.1753       4.4448
 6146.63       0.8453       4.3689
 6147.67       2.2727       4.2791
 6148.71       3.3016       4.1729
 6149.74       3.2696       4.0996
 6150.78       2.4144       4.0341
 6151.82       1.6072       3.9398
 6152.86       1.6505       3.9459
 6153.90       2.3137       4.0325
 6154.93       2.3758       3.9880
 6155.97       1.8029       3.9186
 6157.01       1.3886       3.9531
 6158.05       1.0072       3.9034
 6159.08       1.2695       3.8311
 6160.12       2.3515       3.8735
 6161.16       3.5774       3.9563
 6162.20       3.5975       3.9565
 6163.23       1.7541       3.8175
 6164.27       0.8739       3.7312
 6165.31       1.7448       3.8101
 6166.35       1.2833       3.8545
 6167.39       0.4700       3.9713
 6168.42       1.0637       4.2739
 6169.46       2.7685       4.6498
 6170.50       3.8749       4.9528
 6171.54       2.5250       5.0415
 6172.57       2.2480       4.9717
 6173.61       3.4481       4.7863
 6174.65       3.0172       4.4671
 6175.69       2.5069       4.2681
 6176.73       2.8528       4.2436
 6177.76       1.1448       4.0841
 6178.80       0.2038       3.9620
 6179.84       2.0817       4.0734
 6180.88       2.6881       4.0118
 6181.91       2.0395       3.8407
 6182.95       2.8058       3.9078
 6183.99       3.6196       4.0591
 6185.03       3.6489       4.1006
 6186.06       2.9072       3.9843
 6187.10       2.0698       3.7917
 6188.14       1.6645       3.6872
 6189.18       0.9043       3.7285
 6190.22       0.4139       3.8556
 6191.25       0.7101       3.9341
 6192.29       2.2891       4.0413
 6193.33       4.2194       4.1770
 6194.37       4.1979       4.2058
 6195.40       3.0545       4.1116
 6196.44       2.3558       3.9808
 6197.48       2.0887       3.8848
 6198.52       2.3204       3.8919
 6199.56       3.0432       4.0440
 6200.59       2.4906       4.2424
 6201.63       1.0107       4.4463
 6202.67       0.5652       4.6508
 6203.71       0.5788       4.7342
 6204.74       0.9119       4.6326
 6205.78       1.8559       4.4018
 6206.82       2.0992       4.0780
 6207.86       1.4597       3.7954
 6208.90       0.6354       3.6734
 6209.93       0.8205       3.8110
 6210.97       2.8766       4.1262
 6212.01       3.3874       4.2250
 6213.05       2.3136       4.1179
 6214.08       2.8615       4.1778
 6215.12       2.1454       4.0857
 6216.16       0.7780       3.8850
 6217.20       1.5361       3.8831
 6218.23       2.1892       3.9889
 6219.27       1.8428       4.1481
 6220.31       1.0102       4.4397
 6221.35       1.0070       4.7476
 6222.39       1.8745       4.8557
 6223.42       1.7141       4.7054
 6224.46       0.4781       4.3526
 6225.50      -0.0478       3.9617
 6226.54      -0.4092       3.7145
 6227.57      -0.3091       3.6717
 6228.61       0.9185       3.7411
 6229.65       2.1235       3.8201
 6230.69       2.1546       3.9996
 6231.73       1.1888       4.3356
 6232.76       0.9309       5.1702
 6233.80       2.2670       6.4421
 6234.84       3.5953       7.6374
 6235.88       3.4374       8.2456
 6236.91       1.1511       8.0616
 6237.95       0.8988       7.4283
 6238.99       3.7064       6.7964
 6240.03       4.0241       6.0733
 6241.07       3.2488       5.6614
 6242.10       4.0180       5.6176
 6243.14       3.5050       5.4387
 6244.18       2.3397       5.0316
 6245.22       2.2347       4.7394
 6246.25       2.3819       4.4832
 6247.29       2.5887       4.2362
 6248.33       3.1844       4.1402
 6249.37       2.8561       4.0315
 6250.40       1.4088       3.8369
 6251.44       2.9229       3.8669
 6252.48       3.5227       3.8511
 6253.52       0.2486       3.7480
 6254.56      -1.3160       4.2187
 6255.59      -0.2887       5.4347
 6256.63       0.2101       6.7636
 6257.67       0.6337       7.5079
 6258.71       1.4112       7.4537
 6259.74       3.2148       7.1139
 6260.78       3.5696       6.3356
 6261.82       1.6480       5.2822
 6262.86       0.7600       4.7437
 6263.90       1.1223       4.7588
 6264.93       1.1291       4.8527
 6265.97       1.2480       4.9983
 6267.01       1.0551       4.9624
 6268.05       0.1643       4.7223
 6269.08      -0.0500       4.3769
 6270.12       0.9208       4.0880
 6271.16       2.2187       3.9341
 6272.20       2.5997       3.9155
 6273.24       2.2356       3.9866
 6274.27       2.8380       4.1610
 6275.31       3.3963       4.3066
 6276.35       2.6318       4.3532
 6277.39       1.8928       4.2919
 6278.42       1.6720       4.1377
 6279.46       1.3984       3.9376
 6280.50       0.7419       3.7163
 6281.54      -0.0303       3.5728
 6282.58      -0.8507       3.4900
 6283.61      -0.5792       3.8015
 6284.65       0.7803       4.6122
 6285.69       1.9340       5.5441
 6286.73       1.1604       6.1861
 6287.76      -0.3821       6.4068
 6288.80      -1.0044       6.2902
 6289.84       0.3953       5.8959
 6290.88       1.6790       5.1258
 6291.91       2.1574       4.3377
 6292.95       1.8800       3.9696
 6293.99       1.9417       3.9256
 6295.03       1.6396       4.4704
 6296.07       0.3408       6.9938
 6297.10      -0.2791      12.8545
 6298.14       0.4342      22.6950
 6299.18       0.8608      33.2566
 6300.22       1.0925      39.8573
 6301.25       0.9347      39.4374
 6302.29       0.6137      33.2087
 6303.33      -0.7097      23.6811
 6304.37      -2.6046      14.7141
 6305.41      -2.5979       9.4488
 6306.44      -0.1507       7.8581
 6307.48       2.1026       7.2478
 6308.52       3.2587       7.1649
 6309.56       3.4530       6.1913
 6310.59       3.2988       5.1126
 6311.63       1.6397       4.1026
 6312.67      -0.4241       3.4515
 6313.71       0.1916       3.3226
 6314.75       1.1952       3.3783
 6315.78       0.3029       3.3240
 6316.82       0.1205       3.3707
 6317.86       1.2259       3.6246
 6318.90       2.9589       4.0585
 6319.93       1.3385       4.2739
 6320.97      -0.8612       4.3463
 6322.01       2.7393       4.7036
 6323.05       4.4711       4.6545
 6324.08       1.0628       4.1045
 6325.12       0.7429       3.8684
 6326.16       1.9498       4.1134
 6327.20       1.1308       4.6080
 6328.24       0.8676       5.4189
 6329.27       1.4054       6.1778
 6330.31       2.0443       6.4974
 6331.35       1.4020       6.1729
 6332.39      -0.0890       5.3430
 6333.42      -0.5009       4.3754
 6334.46       0.0822       3.6971
 6335.50       1.3329       3.4392
 6336.54       1.5408       3.3802
 6337.58       1.3495       3.3727
 6338.61       1.7169       3.3860
 6339.65       1.6269       3.4315
 6340.69       0.9368       3.4567
 6341.73       0.5035       3.4593
 6342.76       0.6344       3.4241
 6343.80       1.1722       3.4424
 6344.84       1.3444       3.5786
 6345.88       1.4193       3.8144
 6346.92       1.5962       4.0323
 6347.95       1.3642       4.1518
 6348.99       1.1138       4.1612
 6350.03       1.1805       4.1070
 6351.07       0.7694       3.8865
 6352.10       0.0990       3.7216
 6353.14       0.0240       3.8521
 6354.18       0.8519       4.3166
 6355.22       1.9574       4.8585
 6356.25       2.0460       5.1693
 6357.29       1.5231       5.0678
 6358.33       0.7142       4.9852
 6359.37      -0.7679       4.9789
 6360.41      -1.4523       6.2450
 6361.44      -0.9428       8.8594
 6362.48       1.5739      12.1832
 6363.52       4.2780      14.7014
 6364.56       4.4007      15.2508
 6365.59       2.3425      13.4703
 6366.63       0.5903      10.3701
 6367.67      -0.2632       7.0600
 6368.71      -0.5063       4.7091
 6369.75      -0.2373       3.5836
 6370.78       0.5641       3.3767
 6371.82       1.2559       3.2832
 6372.86       2.1707       3.3249
 6373.90       1.8854       3.2777
 6374.93       0.6939       3.1808
 6375.97      -0.4723       3.2125
 6377.01       0.1024       3.4211
 6378.05       2.0236       3.6965
 6379.08       2.8534       3.8819
 6380.12       2.4566       3.9065
 6381.16       2.0930       3.8471
 6382.20       2.1365       3.7185
 6383.24       2.1763       3.6598
 6384.27       2.1269       3.7779
 6385.31       1.9658       4.0152
 6386.35       1.7182       4.1887
 6387.39       1.6672       4.1937
 6388.42       2.1986       5.4319
 6389.46       1.2128       5.0014
 6390.50       0.7199       4.6165
 6391.54       0.7192       4.3644
 6392.58       0.9090       4.2242
 6393.61       1.7253       4.2137
 6394.65       2.4803       4.2736
 6395.69       1.6416       4.3578
 6396.73       0.8401       4.2749
 6397.76       1.1992       4.0964
 6398.80       1.8880       4.1830
 6399.84       1.9011       4.2347
 6400.88       0.7794       4.0023
 6401.92      -0.6780       3.8204
 6402.95      -0.7230       3.9092
 6403.99       1.5347       4.2178
 6405.03       2.3944       3.2507
 6406.07       1.4573       3.1882
 6407.10       0.6480       3.0836
 6408.14       0.8306       3.0487
 6409.18       1.7132       3.1127
 6410.22       1.8163       3.1724
 6411.25       1.6003       3.2104
 6412.29       1.7453       3.2423
 6413.33       1.7855       3.2869
 6414.37       1.6760       3.3306
 6415.41       1.5834       3.3301
 6416.44       1.7537       3.3373
 6417.48       1.8767       3.3610
 6418.52       1.8740       3.3641
 6419.56       1.3558       3.3684
 6420.59       0.6472       3.3823
 6421.63       0.1133       3.3565
 6422.67       0.3927       3.2874
 6423.71       1.4993       3.2139
 6424.75       1.9347       3.1803
 6425.78       1.5503       3.1740
 6426.82       1.2930       3.1535
 6427.86       1.3072       3.1345
 6428.90       1.2681       3.0921
 6429.93       1.4007       3.0440
 6430.97       1.5134       3.0212
 6432.01       1.1647       3.0091
 6433.05       0.0806       2.9416
 6434.08      -0.4878       2.8864
 6435.12       0.7226       2.9434
 6436.16       1.1624       2.9934
 6437.20       1.0306       3.0071
 6438.24       3.2855       3.0953
 6439.27       3.9059       3.0931
 6440.31       1.7543       2.9655
 6441.35      -0.0339       2.8195
 6442.39       0.2710       2.8424
 6443.42       1.6375       3.0187
 6444.46       1.3217       3.0106
 6445.50       0.2916       2.9364
 6446.54       0.6660       3.0517
 6447.58       0.7365       3.0082
 6448.61       0.3211       2.8576
 6449.65       0.8097       2.9526
 6450.69       1.6104       3.1566
 6451.73       1.9820       3.2716
 6452.76       1.0708       3.2380
 6453.80       0.6784       3.1931
 6454.84       1.8672       3.2559
 6455.88       1.3814       3.1835
 6456.92      -0.2261       3.0534
 6457.95      -0.0967       3.1081
 6458.99       0.5289       3.1771
 6460.03       0.6496       3.2205
 6461.07       0.6663       3.3291
 6462.10       1.0884       3.6653
 6463.14       1.9241       4.2516
 6464.18       1.6328       4.8157
 6465.22       0.7187       5.1289
 6466.25       0.5072       5.1649
 6467.29       0.1023       4.9798
 6468.33      -0.5322       4.8086
 6469.37      -0.4097       4.7823
 6470.41       0.2738       4.8689
 6471.44       0.9892       4.8320
 6472.48       1.3719       4.5777
 6473.52       1.1229       4.0774
 6474.56       1.1230       3.5678
 6475.59       0.8481       3.3000
 6476.63       1.2217       3.2776
 6477.67       2.3557       3.2900
 6478.71       1.4014       3.2441
 6479.75      -0.2581       3.1321
 6480.78       1.1347       3.1043
 6481.82       2.6086       3.0536
 6482.86       1.9955       2.9204
 6483.90       1.0825       2.7972
 6484.93       1.4794       2.8037
 6485.97       3.0442       2.9179
 6487.01       2.6348       2.8985
 6488.05       0.6828       2.7620
 6489.08       0.2570       2.7237
 6490.12       1.1294       2.7688
 6491.16       1.7998       2.8064
 6492.20       0.7855       2.7547
 6493.24       0.3677       2.7729
 6494.27       1.5508       3.1254
 6495.31       1.4374       3.6835
 6496.35       0.5231       4.6007
 6497.39       0.3584       5.7221
 6498.42       1.1575       6.5476
 6499.46       1.8822       6.7154
 6500.50       1.5342       6.2771
 6501.54       1.5011       5.4832
 6502.58       2.0035       4.7453
 6503.61       2.2429       4.2741
 6504.65       2.0310       4.1307
 6505.69       1.7745       4.0493
 6506.73       1.2079       3.8936
 6507.76       0.5496       3.5336
 6508.80       0.1103       3.1140
 6509.84       0.8859       2.9521
 6510.88       1.6544       2.9849
 6511.92       0.6374       2.9432
 6512.95       0.3796       2.9970
 6513.99       1.7140       3.1346
 6515.03       1.8863       3.1270
 6516.07       1.5501       3.0004
 6517.10       1.6300       2.9003
 6518.14       1.6580       2.8808
 6519.18       1.9165       3.0090
 6520.22       2.5503       3.2399
 6521.26       2.4115       3.4978
 6522.29       1.1730       3.6707
 6523.33       0.1747       3.7267
 6524.37       0.7323       3.6820
 6525.41       2.1393       3.5628
 6526.44       2.2798       3.2984
 6527.48       0.9829       3.1378
 6528.52       0.2952       3.2857
 6529.56       0.6795       3.6914
 6530.59       1.3757       4.3374
 6531.63       0.7323       5.1197
 6532.67       0.5273       5.7570
 6533.71       1.4334       5.9081
 6534.75       2.0254       5.5287
 6535.78       2.6239       4.7398
 6536.82       3.0136       3.8902
 6537.86       2.0721       3.2444
 6538.90       0.8337       2.9684
 6539.93       0.4830       2.9883
 6540.97       1.1163       3.2730
 6542.01       1.8448       3.6230
 6543.05       1.4699       3.8870
 6544.09       1.7256       4.0220
 6545.12       2.3724       3.9757
 6546.16       1.1449       3.7094
 6547.20      -0.0201       3.3493
 6548.24       0.5718       3.1570
 6549.27       2.0401       3.1765
 6550.31       1.7675       3.5888
 6551.35      -1.0816       4.3284
 6552.39      -0.2265       5.3449
 6553.43       3.4783       6.1651
 6554.46       5.1156       6.3829
 6555.50       4.3356       5.8091
 6556.54       2.8654       4.7614
 6557.58       2.4760       3.7147
 6558.61       1.5255       3.0292
 6559.65      -0.2719       2.7790
 6560.69       1.3140       3.1009
 6561.73       4.0539       3.5093
 6562.76       3.7735       3.5726
 6563.80       2.4208       3.5062
 6564.84       1.1949       3.3986
 6565.88      -0.3087       3.1495
 6566.92       0.5268       3.1465
 6567.95       3.2041       3.4304
 6568.99       3.7458       3.6057
 6570.03       2.7129       3.5293
 6571.07       2.1740       3.3236
 6572.10       0.8156       3.0355
 6573.14       0.5713       3.0043
 6574.18       3.1803       3.4106
 6575.22       4.4802       4.0644
 6576.26       3.0950       4.6592
 6577.29       1.6381       5.0163
 6578.33       0.6386       4.9188
 6579.37       0.1061       4.4019
 6580.41       0.1515       3.6896
 6581.44       0.5887       3.0946
 6582.48       0.8897       2.7397
 6583.52       1.0927       2.6187
 6584.56       1.0450       2.5672
 6585.60       0.6477       2.5143
 6586.63       0.4612       2.4618
 6587.67       0.5820       2.4318
 6588.71       0.3191       2.4402
 6589.75       0.4580       2.5005
 6590.78       1.3779       2.5860
 6591.82       1.2374       2.5581
 6592.86       0.7998       2.5431
 6593.90       1.1672       2.6803
 6594.93       1.2656       2.8873
 6595.97       0.6484       3.0330
 6597.01      -0.4238       3.0209
 6598.05      -0.0188       2.9855
 6599.09       1.7074       3.0092
 6600.12       2.5964       2.9544
 6601.16       2.2631       3.0295
 6602.20       1.4032       3.3152
 6603.24       0.8205       3.5881
 6604.27       0.8310       3.7416
 6605.31       1.2848       3.7816
 6606.35       1.8005       3.5423
 6607.39       2.0265       3.1347
 6608.43       2.6281       2.8661
 6609.46       2.5087       2.7013
 6610.50       1.4517       2.5632
 6611.54       1.5093       2.5911
 6612.58       1.8518       2.6513
 6613.61       1.3190       2.6249
 6614.65       1.2640       2.6117
 6615.69       1.4527       2.6004
 6616.73       1.6481       2.5815
 6617.77       0.9676       2.5058
 6618.80      -0.0672       2.4287
 6619.84       0.1756       2.4652
 6620.88       0.7912       2.5611
 6621.92       0.8416       2.6214
 6622.95       0.8053       2.6047
 6623.99       1.0108       2.6035
 6625.03       1.5667       2.7018
 6626.07       1.0008       2.7837
 6627.10       0.2029       2.7917
 6628.14       0.6076       2.7385
 6629.18       1.2001       2.7543
 6630.22       1.1717       2.8497
 6631.26       0.3071       2.8396
 6632.29       0.5953       2.8694
 6633.33       2.5937       3.0214
 6634.37       4.0613       3.1637
 6635.41       3.7330       3.1763
 6636.44       2.1289       3.0427
 6637.48       0.2197       2.7707
 6638.52      -0.1840       2.5817
 6639.56       1.0069       2.6372
 6640.60       1.5094       2.7423
 6641.63       0.2047       2.6850
 6642.67      -0.6012       2.6070
 6643.71       0.0861       2.6102
 6644.75       1.2663       2.6773
 6645.78       1.4168       2.6690
 6646.82       0.9526       2.6360
 6647.86       1.1232       2.6782
 6648.90       1.3996       2.6633
 6649.94       1.4853       2.5403
 6650.97       1.7481       2.5391
 6652.01       1.3283       2.5581
 6653.05       0.7185       2.5223
 6654.09       0.2674       2.4690
 6655.12       0.7795       2.4585
 6656.16       1.9019       2.5135
 6657.20       2.1100       2.5850
 6658.24       1.3885       2.6277
 6659.27       1.3072       2.6430
 6660.31       1.9332       2.6668
 6661.35       2.3627       2.6766
 6662.39       1.4630       2.6026
 6663.43       1.0553       2.5751
 6664.46       1.5635       2.6325
 6665.50       1.3352       2.6637
 6666.54       0.8799       2.6807
 6667.58       1.1471       2.7230
 6668.61       1.5061       2.7200
 6669.65       1.2160       2.6502
 6670.69       0.2540       2.5570
 6671.73       0.3354       2.4954
 6672.77       1.4039       2.4725
 6673.80       1.1736       2.4253
 6674.84       0.6079       2.4312
 6675.88       0.8042       2.5025
 6676.92       1.8933       2.5410
 6677.95       2.7772       2.5485
 6678.99       2.7589       2.5714
 6680.03       2.5740       2.5492
 6681.07       2.7117       2.5101
 6682.10       2.8925       2.5049
 6683.14       2.4714       2.5188
 6684.18       1.6964       2.5345
 6685.22       1.7519       2.5575
 6686.26       1.8719       2.5545
 6687.29       1.3836       2.5111
 6688.33       1.2163       2.4433
 6689.37       1.2000       2.3907
 6690.41       0.8998       2.3780
 6691.44       0.6005       2.4051
 6692.48       0.4804       2.4278
 6693.52       0.9257       2.4334
 6694.56       0.9338       2.4202
 6695.60       0.4879       2.4395
 6696.63       0.5555       2.5220
 6697.67       0.9683       2.6000
 6698.71       1.3582       2.6206
 6699.75       1.7766       2.6176
 6700.78       2.0022       2.6060
 6701.82       1.9009       2.5802
 6702.86       1.3009       2.5265
 6703.90       0.7085       2.4835
 6704.94       0.6661       2.5057
 6705.97       1.5963       2.5625
 6707.01       3.2386       2.6215
 6708.05       4.6842       2.6855
 6709.09       5.3770       2.7594
 6710.12       5.5094       2.8200
 6711.16       4.0857       2.7186
 6712.20       2.6006       2.5529
 6713.24       2.9180       2.5183
 6714.27       2.6577       2.5163
 6715.31       2.0450       2.5351
 6716.35       2.2810       2.5994
 6717.39       1.9964       2.5455
 6718.43       0.7865       2.3736
 6719.46       1.2988       2.4085
 6720.50       2.0730       2.5029
 6721.54       1.2682       2.4179
 6722.58       0.7330       2.3678
 6723.61       1.3607       2.4065
 6724.65       2.4091       2.4363
 6725.69       2.4443       2.4422
 6726.73       1.2237       2.4113
 6727.77       0.7766       2.3739
 6728.80       0.8782       2.3590
 6729.84       0.7680       2.3710
 6730.88       1.4453       2.4057
 6731.92       2.2934       2.4410
 6732.95       2.0833       2.4410
 6733.99       1.1877       2.3778
 6735.03       0.5691       2.3253
 6736.07       0.8702       2.3724
 6737.10       1.0168       2.4256
 6738.14       0.6812       2.4253
 6739.18       1.0661       2.4195
 6740.22       1.5430       2.4090
 6741.26       1.3055       2.3937
 6742.29       0.7082       2.4098
 6743.33       0.2220       2.4330
 6744.37       0.2444       2.4237
 6745.41       1.1588       2.4252
 6746.44       1.8824       2.4392
 6747.48       1.1505       2.4388
 6748.52       0.7879       2.4149
 6749.56       1.7719       2.3831
 6750.60       2.4666       2.3793
 6751.63       2.5006       2.4065
 6752.67       2.0728       2.4260
 6753.71       1.9930       2.3863
 6754.75       1.8168       2.2987
 6755.78       0.3362       2.2090
 6756.82      -0.7864       2.1714
 6757.86      -0.5442       2.2040
 6758.90       0.8973       2.2917
 6759.94       1.4450       2.3287
 6760.97       0.8691       2.3206
 6762.01       1.4525       2.3949
 6763.05       2.1456       2.4240
 6764.09       1.5718       2.3068
 6765.12       0.8561       2.2391
 6766.16       0.3629       2.2579
 6767.20       0.1527       2.2768
 6768.24       0.6107       2.3006
 6769.27       1.3520       2.3171
 6770.31       1.9258       2.3384
 6771.35       1.7195       2.3212
 6772.39       1.1927       2.2784
 6773.43       1.0359       2.2781
 6774.46       1.0572       2.2975
 6775.50       0.6237       2.2730
 6776.54       0.4877       2.2668
 6777.58       1.0670       2.3045
 6778.61       1.9651       2.3399
 6779.65       2.0593       2.3230
 6780.69       1.3805       2.2810
 6781.73       1.4415       2.3061
 6782.77       2.3455       2.4004
 6783.80       3.1627       2.4916
 6784.84       3.1327       2.5044
 6785.88       2.2292       2.4619
 6786.92       1.3874       2.4481
 6787.95       1.5380       2.4752
 6788.99       2.0921       2.4825
 6790.03       1.5038       2.3931
 6791.07       0.9797       2.3272
 6792.11       1.7760       2.3688
 6793.14       1.3731       2.3501
 6794.18       1.0811       2.3001
 6795.22       1.8698       2.2797
 6796.26       1.3340       2.2433
 6797.29      -0.0062       2.2118
 6798.33      -0.3539       2.2070
 6799.37       0.4810       2.2740
 6800.41       0.9060       2.3158
 6801.44       0.6553       2.2589
 6802.48       1.2469       2.2368
 6803.52       2.6338       2.3076
 6804.56       2.4405       2.3079
 6805.60       1.6598       2.2945
 6806.63       1.9764       2.3580
 6807.67       2.4175       2.4083
 6808.71       2.5131       2.4145
 6809.75       1.9072       2.3851
 6810.78       1.6710       2.3625
 6811.82       2.1988       2.3673
 6812.86       2.7201       2.3847
 6813.90       2.5546       2.3666
 6814.94       1.8085       2.3105
 6815.97       1.4327       2.2981
 6817.01       1.8376       2.3327
 6818.05       2.5027       2.3588
 6819.09       2.3366       2.3598
 6820.12       1.6444       2.3372
 6821.16       1.7241       2.3234
 6822.20       1.4255       2.2873
 6823.24       0.7680       2.3950
 6824.28       1.7268       2.7343
 6825.31       3.0173       3.4683
 6826.35       2.8615       4.5762
 6827.39       0.7704       5.8745
 6828.43      -1.1464       6.9683
 6829.46       0.0611       7.5336
 6830.50       2.2824       7.5919
 6831.54       3.6369       7.4954
 6832.58       3.9512       7.3441
 6833.61       3.3995       7.2319
 6834.65       2.7978       6.9405
 6835.69       2.0756       6.4137
 6836.73       1.4857       5.3917
 6837.77       1.0689       4.0757
 6838.80       1.8996       3.3626
 6839.84       2.6627       3.3085
 6840.88       1.4133       3.3547
 6841.92       1.0753       3.4342
 6842.95       2.0239       3.3477
 6843.99       1.1254       3.0860
 6845.03       0.3734       2.7450
 6846.07       1.2440       2.4778
 6847.11       2.0153       2.3271
 6848.14       1.8585       2.2851
 6849.18       1.1722       2.3003
 6850.22       0.7408       2.3497
 6851.26       1.1082       2.3684
 6852.29       2.2229       2.3603
 6853.33       2.0241       2.3150
 6854.37       0.3024       2.2582
 6855.41       0.2849       2.2912
 6856.45       1.1803       2.2789
 6857.48       1.4172       2.2703
 6858.52       1.0610       2.2800
 6859.56       1.4844       2.9137
 6860.60       3.3170       4.4463
 6861.63       2.6180       6.5284
 6862.67       0.0885       8.6008
 6863.71       0.6359      10.0355
 6864.75       1.2404      10.5125
 6865.78      -0.2491      10.0036
 6866.82      -1.2590       8.4459
 6867.86      -1.5790       6.7063
 6868.90      -1.2924       5.5705
 6869.94      -0.0703       5.2304
 6870.97       1.6730       5.2656
 6872.01       2.1252       5.1119
 6873.05       1.2938       4.6837
 6874.09       0.3223       4.0490
 6875.12       0.6675       3.5716
 6876.16       0.1843       3.1335
 6877.20      -2.1467       2.7203
 6878.24      -1.3642       2.8817
 6879.28       0.4458       3.2837
 6880.31       0.3587       3.4251
 6881.35       0.6124       3.4804
 6882.39       1.2626       3.4240
 6883.43       1.2506       3.2313
 6884.46       1.6914       3.0406
 6885.50       2.6225       3.1290
 6886.54       2.3278       3.5570
 6887.58       2.0159       4.1794
 6888.62       2.4713       4.6511
 6889.65       3.6677       4.8327
 6890.69       4.0846       4.6286
 6891.73       2.9437       4.1703
 6892.77       2.5653       3.6759
 6893.80       2.7810       3.2525
 6894.84       1.7404       2.8885
 6895.88       0.9732       2.7585
 6896.92       1.1733       2.9127
 6897.95       1.2419       3.2281
 6898.99       0.9567       3.6564
 6900.03       0.6826       4.0732
 6901.07       0.5163       4.2829
 6902.11       0.5090       4.1548
 6903.14       0.2530       3.7371
 6904.18       0.9434       3.2492
 6905.22       2.0509       2.8562
 6906.26       1.9079       2.5912
 6907.29       1.8259       2.4605
 6908.33       2.2802       2.5440
 6909.37       1.2458       2.9044
 6910.41       1.5387       3.7041
 6911.45       4.1916       4.6848
 6912.48       3.8209       5.1198
 6913.52       1.4225       4.8924
 6914.56       1.3146       4.4470
 6915.60       1.8408       3.7479
 6916.63       2.2136       3.0475
 6917.67       3.3021       2.6903
 6918.71       3.3719       2.7035
 6919.75       2.5510       3.1989
 6920.79       1.4772       4.3151
 6921.82       1.0156       5.7097
 6922.86       0.8683       6.7007
 6923.90       0.0892       6.8933
 6924.94      -0.6845       6.1990
 6925.97      -0.1151       5.0083
 6927.01       0.6833       3.6799
 6928.05       0.9854       2.6697
 6929.09       1.3932       2.3427
 6930.12       1.2142       2.3487
 6931.16       0.6828       2.2218
 6932.20       1.0141       2.2001
 6933.24       1.4677       2.1891
 6934.28       1.1223       2.1909
 6935.31       1.0881       2.3440
 6936.35       1.3543       2.7915
 6937.39       1.3097       3.4287
 6938.43       1.8942       4.0640
 6939.46       2.6930       4.4275
 6940.50       1.8654       4.3765
 6941.54       0.9836       3.9423
 6942.58       1.4209       3.4016
 6943.62       1.0908       2.8270
 6944.65       0.3554       2.6674
 6945.69       0.5193       3.1755
 6946.73       2.5391       4.5619
 6947.77       4.5985       6.1996
 6948.80       3.9160       7.1048
 6949.84       2.2642       7.0605
 6950.88       1.6021       6.3069
 6951.92       1.4370       5.0644
 6952.96       2.4311       3.8661
 6953.99       3.4994       2.9813
 6955.03       2.4632       2.5098
 6956.07       0.7568       2.3329
 6957.11       1.4651       2.3812
 6958.14       1.8614       2.4261
 6959.18       1.0239       2.3485
 6960.22       0.9781       2.3053
 6961.26       0.6056       2.2415
 6962.29       0.1771       2.1955
 6963.33       1.3566       2.2831
 6964.37       2.4715       2.3726
 6965.41       1.8337       2.3765
 6966.45       2.2838       2.6040
 6967.48       3.0830       3.0066
 6968.52       1.6894       3.2405
 6969.56       0.4823       3.3469
 6970.60       0.6786       3.3725
 6971.63       0.8105       3.2790
 6972.67       0.6869       3.0066
 6973.71       0.9775       2.7678
 6974.75       0.9165       2.8055
 6975.79       0.9242       3.3352
 6976.82       1.4360       4.1565
 6977.86       2.1916       4.8683
 6978.90       2.3081       5.0701
 6979.94       1.2393       4.7510
 6980.97       0.6024       4.0382
 6982.01       1.0287       3.2532
 6983.05       0.9514       2.6025
 6984.09       0.5822       2.2920
 6985.12       0.5105       2.2353
 6986.16       0.7075       2.2884
 6987.20       0.8029       2.2673
 6988.24       0.5015       2.1985
 6989.28       0.1692       2.0866
 6990.31       0.1805       2.0230
 6991.35       0.9776       2.1097
 6992.39       2.1010       2.1831
 6993.43       2.3847       2.1393
 6994.46       1.8054       2.1414
 6995.50       0.8911       2.1704
 6996.54       0.5007       2.1777
 6997.58       0.7354       2.2152
 6998.62       1.1820       2.2641
 6999.65       1.0765       2.2753
 7000.69       1.3125       2.3835
 7001.73       1.5975       2.5717
 7002.77       0.6044       2.6493
 7003.80      -0.3840       2.6539
 7004.84      -0.0644       2.6581
 7005.88       1.4814       2.6464
 7006.92       1.9937       2.5555
 7007.96       0.5504       2.4411
 7008.99      -0.1054       2.5854
 7010.03       0.2693       2.9508
 7011.07      -0.2399       3.2142
 7012.11       0.3808       3.3121
 7013.14       2.1774       3.1889
 7014.18       2.8483       2.8424
 7015.22       2.2901       2.4305
 7016.26       1.6828       2.1331
 7017.29       1.4295       1.9866
 7018.33       1.5188       1.9694
 7019.37       1.4242       2.0055
 7020.41       0.5857       2.0133
 7021.45      -0.5430       1.9543
 7022.48      -1.0942       1.8895
 7023.52      -0.1367       1.9023
 7024.56       1.4788       1.9815
 7025.60       1.2286       1.9819
 7026.63       0.1531       1.9518
 7027.67       0.0386       1.9781
 7028.71       0.8953       2.0533
 7029.75       1.4739       2.1010
 7030.79       0.9471       2.0726
 7031.82       0.9862       2.0684
 7032.86       1.6156       2.0925
 7033.90       1.3363       2.0651
 7034.94       0.6040       1.9878
 7035.97       0.1611       1.9210
 7037.01       0.2076       1.9193
 7038.05       0.3014       1.9785
 7039.09       0.4609       2.1047
 7040.12       0.1789       2.1747
 7041.16       0.3734       2.3768
 7042.20       1.4063       2.5760
 7043.24       1.4833       2.5605
 7044.28       0.5994       2.5418
 7045.31       0.8568       2.7496
 7046.35       1.1998       3.0458
 7047.39       0.9903       3.2634
 7048.43       1.3062       3.4425
 7049.46       2.1921       3.5114
 7050.50       3.0908       3.3618
 7051.54       2.4290       2.4593
 7052.58       1.3584       2.6864
 7053.62       0.8814       2.5518
 7054.65       1.4383       2.4970
 7055.69       2.0784       2.4230
 7056.73       1.7944       2.3035
 7057.77       1.1268       2.1657
 7058.80       0.9446       2.1019
 7059.84       1.1387       2.1901
 7060.88       1.0073       2.2822
 7061.92       0.2592       2.2446
 7062.96       0.6046       2.2752
 7063.99       1.8375       2.3963
 7065.03       2.0592       2.4448
 7066.07       2.3279       2.4701
 7067.11       2.7556       2.4868
 7068.14       1.6256       2.4308
 7069.18       0.5989       2.3708
 7070.22       1.1797       2.3664
 7071.26       1.2798       2.3542
 7072.29       0.9115       2.3376
 7073.33       1.0283       2.3424
 7074.37       1.4019       2.3529
 7075.41       1.7422       2.3362
 7076.45       1.6500       2.2712
 7077.48       1.2240       2.2489
 7078.52       0.6371       2.2898
 7079.56       0.8100       2.3434
 7080.60       1.3020       2.4018
 7081.63       0.9454       2.4363
 7082.67      -0.0826       2.3983
 7083.71      -0.6061       2.3390
 7084.75       0.4702       2.3519
 7085.79       0.6282       2.3349
 7086.82       0.1809       2.3405
 7087.86       1.6814       2.5006
 7088.90       2.4235       2.6079
 7089.94       1.5025       2.5461
 7090.97       1.2684       2.4443
 7092.01       1.6215       2.3343
 7093.05       1.5868       2.2220
 7094.09       0.8376       2.0897
 7095.13      -0.2768       1.9794
 7096.16      -0.6932       1.9709
 7097.20      -0.1049       2.0145
 7098.24       0.7520       2.0364
 7099.28       1.5349       2.0592
 7100.31       1.3727       2.0544
 7101.35       0.7842       2.0466
 7102.39       1.2993       2.0963
 7103.43       2.1309       2.1569
 7104.46       1.9132       2.1489
 7105.50       1.2517       2.0738
 7106.54       0.8567       2.0016
 7107.58       0.5481       1.9738
 7108.62       0.3384       2.0009
 7109.65       0.1693       2.0322
 7110.69       0.1072       2.0059
 7111.73       0.5483       2.0059
 7112.77       1.2217       2.0681
 7113.80       1.1157       2.0221
 7114.84       0.5294       1.9366
 7115.88       0.5419       1.9662
 7116.92       0.2694       1.9726
 7117.96      -0.1353       1.9367
 7118.99       0.3570       1.9670
 7120.03       1.1933       2.0150
 7121.07       1.7179       2.0288
 7122.11       1.1589       1.9692
 7123.14       0.0780       1.8913
 7124.18      -0.5042       1.8839
 7125.22       0.0384       2.0159
 7126.26       0.8655       2.1704
 7127.30       1.1337       2.2132
 7128.33       1.0581       2.2124
 7129.37       0.9200       2.2285
 7130.41       0.7384       2.2228
 7131.45       0.7777       2.2453
 7132.48       1.0943       2.2909
 7133.52       1.5709       2.3082
 7134.56       1.6392       2.2413
 7135.60       1.1823       2.1102
 7136.63       0.9184       2.0186
 7137.67       0.6393       1.9824
 7138.71      -0.1338       1.9551
 7139.75      -1.0091       1.9593
 7140.79      -1.2747       2.0452
 7141.82      -0.2810       2.2404
 7142.86       1.0172       2.4520
 7143.90       1.5671       2.5811
 7144.94       1.7799       2.6336
 7145.97       1.8817       2.6234
 7147.01       1.8912       2.5642
 7148.05       0.9920       2.4737
 7149.09      -0.0308       2.3675
 7150.13       0.2313       2.2611
 7151.16       0.8669       2.1850
 7152.20       0.8857       2.1256
 7153.24       0.6633       2.0735
 7154.28       0.9889       2.0559
 7155.31       1.7767       2.0778
 7156.35       1.6700       2.1031
 7157.39       0.8368       2.1389
 7158.43       0.5678       2.2150
 7159.47       0.4763       2.2083
 7160.50       0.8139       2.1559
 7161.54      -0.2666       2.0807
 7162.58      -0.4050       2.1198
 7163.62       1.2458       2.2877
 7164.65       2.2778       2.4293
 7165.69       1.9352       2.4644
 7166.73       0.8194       2.4139
 7167.77       0.8412       2.4111
 7168.80       1.5187       2.4180
 7169.84       0.6577       2.2910
 7170.88       0.4449       2.2611
 7171.92       1.5044       2.3891
 7172.96       2.7204       2.5036
 7173.99       2.5745       2.5473
 7175.03       0.7798       2.5162
 7176.07      -0.1679       2.4657
 7177.11      -0.0068       2.4472
 7178.14      -0.0007       2.4493
 7179.18       0.0772       2.4295
 7180.22       0.2171       2.3786
 7181.26       0.6023       2.3523
 7182.30       1.2668       2.3821
 7183.33       1.8064       2.4501
 7184.37       2.3817       2.5571
 7185.41       2.2360       2.5853
 7186.45       1.2714       2.4879
 7187.48       1.5312       2.4539
 7188.52       1.8770       2.4162
 7189.56       0.9547       2.2837
 7190.60       0.5177       2.2229
 7191.64       0.8459       2.2463
 7192.67       1.6531       2.2990
 7193.71       1.5384       2.2642
 7194.75       0.5305       2.1517
 7195.79      -1.1113       2.0392
 7196.82      -1.2867       2.0451
 7197.86       0.4013       2.1635
 7198.90       0.4764       2.1879
 7199.94      -0.0045       2.1644
 7200.97       1.2717       2.2303
 7202.01       1.7743       2.2928
 7203.05       0.8280       2.2779
 7204.09       0.3566       2.2120
 7205.13       0.7304       2.1918
 7206.16       1.1557       2.2107
 7207.20       0.2557       2.1083
 7208.24      -0.8576       1.9708
 7209.28      -0.6157       1.9323
 7210.31      -0.3769       1.8738
 7211.35       0.0848       1.8086
 7212.39       0.8242       1.7706
 7213.43       0.8916       1.7536
 7214.47       0.4166       1.7446
 7215.50       0.6408       1.7503
 7216.54       0.7032       1.7550
 7217.58       0.1887       1.7610
 7218.62       0.8614       1.8071
 7219.65       1.2410       1.8538
 7220.69       0.0298       1.8694
 7221.73      -0.0272       2.0010
 7222.77       0.6251       2.1249
 7223.81       0.5620       2.0642
 7224.84       0.1068       2.0067
 7225.88      -0.1979       2.0445
 7226.92      -0.0409       2.0356
 7227.96      -0.2511       1.9660
 7228.99      -1.0698       1.9143
 7230.03      -1.1630       1.9862
 7231.07       0.0516       2.1860
 7232.11       1.8085       2.4462
 7233.14       2.5571       2.5121
 7234.18       1.5020       2.6245
 7235.22      -0.0735       3.1047
 7236.26      -0.5508       4.5008
 7237.30       0.3734       7.0294
 7238.33       1.3469       9.8291
 7239.37       0.9733      12.1360
 7240.41      -0.5273      13.6597
 7241.45      -1.0653      14.4671
 7242.48      -0.8389      14.8990
 7243.52      -0.4213      14.9356
 7244.56      -1.5340      14.5640
 7245.60      -2.4906      13.4822
 7246.64      -0.3804      11.7575
 7247.67       1.8295       9.1323
 7248.71       1.3625       6.0944
 7249.75      -1.4670       4.0634
 7250.79      -2.4246       3.5905
 7251.82       0.3545       4.0417
 7252.86       1.3486       4.6316
 7253.90       0.2707       4.6954
 7254.94       0.5901       4.5503
 7255.98       0.9259       3.9659
 7257.01       1.0886       3.1946
 7258.05       0.8086       2.6472
 7259.09       0.8485       2.3915
 7260.13       1.3740       2.2663
 7261.16       1.3182       2.2766
 7262.20       0.3675       2.2982
 7263.24      -0.7807       2.3077
 7264.28      -0.4734       2.4385
 7265.31       0.8947       2.5957
 7266.35       1.5930       2.5886
 7267.39       1.0352       2.5393
 7268.43       0.1497       2.5636
 7269.47       0.1561       2.6342
 7270.50       0.9301       2.5705
 7271.54       1.1947       3.0518
 7272.58      -1.8965       4.4375
 7273.62      -3.2383       8.2251
 7274.65       0.9703      13.8317
 7275.69       2.0447      18.2095
 7276.73       0.9737      19.3470
 7277.77       5.5083      17.8981
 7278.81       6.3177      13.5374
 7279.84       0.5122       8.3771
 7280.88      -3.3942       5.2243
 7281.92      -2.7616       5.1298
 7282.96       0.3228       6.4887
 7283.99       3.4843       7.9248
 7285.03       3.7092       8.0799
 7286.07       1.0792       7.3318
 7287.11      -0.2928       5.9404
 7288.15       0.3815       4.4736
 7289.18      -0.3307       3.2652
 7290.22      -0.6002       2.7489
 7291.26       0.2235       2.7611
 7292.30       0.9643       3.0019
 7293.33       0.4312       3.2542
 7294.37      -0.3333       3.5430
 7295.41      -0.6057       3.7240
 7296.45      -0.6150       3.6651
 7297.48      -1.0694       3.4199
 7298.52       0.2115       3.0155
 7299.56       2.2945       2.8262
 7300.60       1.8142       3.0825
 7301.64       0.0391       3.9604
 7302.67      -0.7215       5.0612
 7303.71       1.3772       5.8498
 7304.75       2.4130       5.7631
 7305.79      -0.5422       4.8896
 7306.82      -2.1351       3.7933
 7307.86      -0.7809       3.0033
 7308.90       0.8095       2.6334
 7309.94       1.7256       2.5551
 7310.98       1.4619       2.7938
 7312.01       0.3257       3.2749
 7313.05      -0.2694       5.1552
 7314.09       0.5426       8.6490
 7315.13       1.1540      12.0225
 7316.16       0.5057      14.0626
 7317.20      -0.9912      14.3160
 7318.24      -0.9430      12.1475
 7319.28       0.3470       8.4493
 7320.31       0.4562       4.8696
 7321.35      -0.0858       2.7485
 7322.39      -0.1104       1.9904
 7323.43       0.4259       1.8924
 7324.47       1.8693       2.1219
 7325.50       3.3946       2.7961
 7326.54       2.3398       3.9666
 7327.58       0.8119       5.3770
 7328.62       2.0304       6.4799
 7329.65       1.8741       6.8448
 7330.69      -0.1402       6.3237
 7331.73      -0.4572       5.1765
 7332.77       0.4606       3.8301
 7333.81       0.9182       2.7324
 7334.84       0.0140       2.0212
 7335.88      -1.9535       1.9507
 7336.92      -2.7573       3.0040
 7337.96       0.8217       5.9323
 7338.99       4.4926      10.1072
 7340.03       3.3637      13.5683
 7341.07       2.7152      15.3446
 7342.11       3.0219      14.7138
 7343.15      -1.1590      11.7252
 7344.18      -3.9079       7.7193
 7345.22      -1.7784       4.3800
 7346.26       0.1877       2.7118
 7347.30       0.4600       2.3189
 7348.33       0.1880       2.1204
 7349.37       1.2406       2.2483
 7350.41       2.6499       2.3536
 7351.45       2.1199       2.4116
 7352.48       1.4904       2.3123
 7353.52       1.5274       2.2693
 7354.56       0.0620       2.3882
 7355.60      -0.7895       3.1398
 7356.64       0.2663       4.4522
 7357.67       1.1014       5.5842
 7358.71       0.8342       6.0766
 7359.75       0.0199       5.9327
 7360.79       0.5474       5.2275
 7361.82       1.4914       4.1805
 7362.86       0.5236       3.0667
 7363.90      -0.3874       2.3293
 7364.94       0.2734       2.5849
 7365.98       1.8495       3.9472
 7367.01       3.0765       6.4480
 7368.05       2.9782       9.1954
 7369.09       3.3995      10.9704
 7370.13       3.5059      11.0178
 7371.16       2.0776       9.6669
 7372.20       1.3412       7.2674
 7373.24       1.4687       4.7682
 7374.28       0.6962       2.9897
 7375.32      -0.1111       2.2471
 7376.35      -0.0888       1.9980
 7377.39       1.2549       2.0243
 7378.43       2.1084       1.9915
 7379.47       1.3802       1.9367
 7380.50       1.0720       1.9148
 7381.54       1.3203       1.9059
 7382.58       0.7520       1.8561
 7383.62       0.9929       1.8607
 7384.65       1.8994       1.9115
 7385.69       1.8597       1.9231
 7386.73       0.8153       1.8923
 7387.77      -0.3635       2.0151
 7388.81       0.1757       2.4862
 7389.84       1.0903       3.2686
 7390.88       0.5944       4.0171
 7391.92       0.7081       4.5689
 7392.96       1.5335       4.6791
 7393.99       2.7971       4.3379
 7395.03       2.3864       3.4919
 7396.07       0.9587       2.6258
 7397.11       1.8208       2.2301
 7398.15       2.0263       2.6907
 7399.18      -0.2642       3.9224
 7400.22       0.0413       5.7039
 7401.26       1.8446       7.2799
 7402.30       1.5230       7.9092
 7403.33       0.8922       7.3398
 7404.37       0.9674       5.8406
 7405.41       1.7244       4.7920
 7406.45       1.5462       3.4246
 7407.49       1.0729       2.5098
 7408.52       0.5703       2.2844
 7409.56       0.3266       2.3619
 7410.60       0.3835       2.4516
 7411.64       0.2974       2.5237
 7412.67       0.2652       2.5548
 7413.71       0.6434       2.6143
 7414.75       0.8070       2.4866
 7415.79       0.6044       1.9556
 7416.82       1.0068       1.9057
 7417.86       1.2419       1.8785
 7418.90       1.3317       1.8672
 7419.94       2.0605       1.8978
 7420.98       2.2122       1.9025
 7422.01       1.0308       1.8414
 7423.05       0.5889       1.7795
 7424.09       0.7869       1.7713
 7425.13       0.9400       1.8654
 7426.16       0.3918       2.0385
 7427.20       0.1658       2.3601
 7428.24       1.4131       2.8184
 7429.28       1.4957       3.1410
 7430.32      -0.4713       3.1688
 7431.35      -0.6986       3.1026
 7432.39       0.9809       2.8699
 7433.43       2.3281       2.5011
 7434.47       2.2093       2.3210
 7435.50       0.8115       2.6842
 7436.54      -0.6371       3.4884
 7437.58      -0.2011       4.3867
 7438.62       1.6261       4.8929
 7439.66       2.2944       4.9005
 7440.69       1.5648       4.2392
 7441.73       0.6537       3.1947
 7442.77       0.3005       2.3330
 7443.81       0.6772       1.9129
 7444.84       1.0361       1.7609
 7445.88       1.1287       1.7880
 7446.92       0.7716       1.7628
 7447.96       0.2657       1.6959
 7448.99       0.3455       1.6886
 7450.03       0.8851       1.7693
 7451.07       0.2197       1.7707
 7452.11       0.0709       1.7646
 7453.15       1.4548       1.8297
 7454.18       1.7243       1.8642
 7455.22       1.0603       1.8525
 7456.26       1.0612       1.8421
 7457.30       0.5084       1.8273
 7458.33      -0.0736       1.8831
 7459.37       0.9456       2.0556
 7460.41       2.3568       2.2762
 7461.45       2.7165       2.4747
 7462.49       2.2486       2.6066
 7463.52       1.9250       2.7732
 7464.56       2.6146       3.0503
 7465.60       2.2855       3.1698
 7466.64       1.0478       3.1589
 7467.67       0.3037       3.1988
 7468.71       0.8461       3.3077
 7469.75       1.7064       3.5651
 7470.79       1.5884       3.9454
 7471.83       0.5454       4.3861
 7472.86      -0.1111       4.7094
 7473.90       0.2118       4.7428
 7474.94       1.5623       4.4446
 7475.98       2.7444       4.0174
 7477.01       1.6636       3.6812
 7478.05      -0.2227       3.6935
 7479.09       0.2782       4.0398
 7480.13       0.6141       4.5910
 7481.16      -0.2455       5.0785
 7482.20       0.0985       5.3669
 7483.24       0.7755       5.2878
 7484.28       0.8881       4.8553
 7485.32       0.3772       4.2561
 7486.35       0.4595       3.5226
 7487.39       1.8483       2.7198
 7488.43       1.8959       2.1537
 7489.47       0.6964       1.9381
 7490.50       1.0124       2.0491
 7491.54       1.2816       2.2847
 7492.58       0.8645       2.4627
 7493.62       1.7130       2.6870
 7494.66       2.3291       2.7603
 7495.69       1.5771       2.5848
 7496.73       1.3541       2.2963
 7497.77       1.6718       2.0352
 7498.81       1.7250       1.8748
 7499.84       1.3031       1.8212
 7500.88       0.9085       1.8079
 7501.92       1.1005       1.8144
 7502.96       1.3465       1.7939
 7504.00       1.1656       1.7437
 7505.03       1.3334       1.7321
 7506.07       1.1329       1.7181
 7507.11       0.2649       1.6691
 7508.15       0.2436       1.6718
 7509.18       0.8506       1.7015
 7510.22       0.6960       1.6783
 7511.26       0.7709       1.6616
 7512.30       1.5047       1.6974
 7513.33       2.0199       1.7373
 7514.37       1.8434       1.8515
 7515.41       1.0922       2.0451
 7516.45       0.4206       2.1926
 7517.49       0.1351       2.2291
 7518.52       0.1029       2.3600
 7519.56       0.3688       2.6296
 7520.60       0.1998       3.7292
 7521.64      -1.0633       5.7474
 7522.67      -0.5960       8.1523
 7523.71       1.4224       9.8663
 7524.75       1.4303      10.1670
 7525.79       0.0616       8.8572
 7526.83      -0.5890       6.8085
 7527.86       0.6447       5.0137
 7528.90       1.9844       4.1880
 7529.94       1.1490       4.0597
 7530.98       0.6622       4.1863
 7532.01       1.0959       3.9005
 7533.05       1.2456       3.3973
 7534.09       0.7075       2.7009
 7535.13       0.0350       2.0876
 7536.17      -0.6031       1.8238
 7537.20      -0.2936       1.9003
 7538.24       0.9625       2.0865
 7539.28       1.6911       2.3122
 7540.32       1.7743       2.4318
 7541.35       2.0233       2.4207
 7542.39       1.6227       2.2706
 7543.43       0.6380       2.0481
 7544.47      -0.0955       1.8266
 7545.50       0.1149       1.7280
 7546.54       0.9516       1.7479
 7547.58       1.1354       1.7749
 7548.62       1.0165       1.7907
 7549.66       1.3281       1.8304
 7550.69       1.8161       1.8644
 7551.73       1.7993       1.8761
 7552.77       1.5965       1.9170
 7553.81       1.1562       2.0559
 7554.84       0.9179       2.4030
 7555.88       1.1375       2.9124
 7556.92       1.6569       3.3331
 7557.96       1.9707       3.4369
 7559.00       1.7032       3.2912
 7560.03       1.3408       2.9133
 7561.07       1.4569       2.4105
 7562.11       0.9575       1.9834
 7563.15       0.4673       1.7978
 7564.18       1.4316       1.8928
 7565.22       2.3711       2.0291
 7566.26       2.2201       2.1665
 7567.30       1.1670       2.3353
 7568.33       1.6560       3.2082
 7569.37       3.7424       4.9457
 7570.41       3.2051       6.6531
 7571.45       0.8838       7.7416
 7572.49      -0.0432       7.9984
 7573.52       1.7252       7.2949
 7574.56       3.6956       5.8070
 7575.60       2.0038       3.8931
 7576.64       0.2222       2.5364
 7577.67       0.6558       1.9781
 7578.71      -0.2335       1.7315
 7579.75      -0.8297       1.6107
 7580.79       0.2508       1.6626
 7581.83       1.3069       1.8032
 7582.86       1.3024       2.1538
 7583.90       0.2878       2.7640
 7584.94       0.4576       3.4779
 7585.98       1.8150       3.9611
 7587.01       1.9573       3.9586
 7588.05       1.4440       3.5239
 7589.09       1.1689       2.9354
 7590.13       0.7745       2.3231
 7591.17       0.7600       1.9548
 7592.20       1.3519       2.0497
 7593.24       1.7893       2.2679
 7594.28       1.5525       3.0789
 7595.32       0.6633       4.9810
 7596.35       2.1149       9.1425
 7597.39       4.1627      15.5656
 7598.43       2.0534      21.7578
 7599.47      -2.3636      25.6768
 7600.50      -4.3235      26.6512
 7601.54      -1.0082      25.3607
 7602.58       3.5251      22.2527
 7603.62       3.3263      18.0841
 7604.66       1.2744      15.6700
 7605.69      -0.6004      15.3763
 7606.73      -0.0051      16.0088
 7607.77      -0.5935      15.7295
 7608.81      -1.9056      13.7817
 7609.84       0.2016      11.9722
 7610.88       2.2430      10.3182
 7611.92       1.2269       8.5941
 7612.96       0.3561       7.0767
 7614.00      -0.3387       6.0364
 7615.03      -1.4297       5.8031
 7616.07       0.0024       5.7248
 7617.11       2.0544       5.5389
 7618.15       1.2493       5.8919
 7619.18       0.1202       6.1498
 7620.22       0.5817       5.8092
 7621.26       0.4412       5.0701
 7622.30      -0.8335       4.4082
 7623.33      -2.0755       4.4697
 7624.37      -1.4074       5.1526
 7625.41       0.5779       6.8004
 7626.45       1.5582       9.2075
 7627.49       0.6252      11.3915
 7628.52      -1.3709      12.5480
 7629.56      -2.2877      12.6115
 7630.60      -1.8924      11.1310
 7631.64      -1.2214       8.6183
 7632.67      -1.4709       6.2734
 7633.71      -1.6545       4.9476
 7634.75      -0.3763       4.4954
 7635.79       1.1966       4.4342
 7636.83       1.8982       4.2455
 7637.86       2.6644       4.2647
 7638.90       2.6323       4.1462
 7639.94       1.3344       3.8084
 7640.98       0.0136       3.6293
 7642.01      -0.3241       3.5729
 7643.05       0.3928       3.4717
 7644.09       2.4643       3.4100
 7645.13       3.3179       3.2578
 7646.17       1.5843       3.0018
 7647.20       0.3367       2.9030
 7648.24       0.3338       2.9468
 7649.28      -0.3426       2.8984
 7650.32      -0.0585       3.0886
 7651.35       0.9110       3.5213
 7652.39       0.5878       3.7748
 7653.43       0.1410       3.8536
 7654.47       0.8508       3.8224
 7655.50       1.2853       3.4819
 7656.54       1.3917       2.9632
 7657.58       1.8039       2.6068
 7658.62       1.3705       2.6965
 7659.66       0.4645       3.2618
 7660.69       0.0675       3.9476
 7661.73      -0.1474       4.5055
 7662.77      -0.3476       4.7103
 7663.81      -0.2648       4.5426
 7664.84       0.1541       3.9224
 7665.88       0.6646       3.0289
 7666.92       0.6096       2.3103
 7667.96       0.2942       1.9604
 7669.00       0.4840       1.8554
 7670.03       1.0340       1.9228
 7671.07       1.5552       1.9486
 7672.11       1.6863       1.9114
 7673.15       1.7050       1.8371
 7674.18       1.7636       1.7924
 7675.22       2.0461       1.7924
 7676.26       2.1995       1.8005
 7677.30       1.7599       1.7814
 7678.33       1.2898       1.7863
 7679.37       0.7944       1.8155
 7680.41      -0.0677       1.8237
 7681.45      -0.3371       1.8797
 7682.49       0.2307       1.9911
 7683.52       0.7072       2.0697
 7684.56       1.2783       2.0989
 7685.60       1.5366       2.0928
 7686.64       1.5345       2.1279
 7687.67       0.8142       2.1719
 7688.71      -0.2651       2.1872
 7689.75       0.0119       2.2699
 7690.79       1.2198       2.3806
 7691.83       1.7061       2.4076
 7692.86       1.4858       2.3403
 7693.90       0.9792       2.2227
 7694.94       0.5366       2.0893
 7695.98       0.2799       2.0608
 7697.01       0.2233       2.1977
 7698.05       0.3400       2.4476
 7699.09       0.7898       2.6787
 7700.13       1.5244       2.7652
 7701.17       1.7829       2.6247
 7702.20       1.4319       2.3179
 7703.24       1.2860       2.0203
 7704.28       0.9333       1.8100
 7705.32       0.3292       1.6990
 7706.35      -0.0972       1.6127
 7707.39      -0.2819       1.6817
 7708.43      -0.1925       2.4570
 7709.47       1.0615       4.4254
 7710.50       2.2851       7.5572
 7711.54       1.8424      10.7947
 7712.58       0.7857      13.4984
 7713.62       0.7988      15.6346
 7714.66       1.8757      16.9831
 7715.69       3.8984      17.3339
 7716.73       5.5860      16.5639
 7717.77       6.3587      15.0613
 7718.81       4.6628      12.4282
 7719.84       1.0127       8.8067
 7720.88      -0.4185       5.7081
 7721.92       0.6562       4.0190
 7722.96       1.1311       3.7464
 7724.00       0.4494       4.4392
 7725.03      -0.4149       4.9455
 7726.07       0.2380       4.9964
 7727.11       1.4602       4.5378
 7728.15       1.7586       3.8898
 7729.18       1.7017       3.1064
 7730.22       1.3744       2.4263
 7731.26       0.5115       1.9985
 7732.30      -0.5199       1.9310
 7733.34      -0.7284       2.0917
 7734.37      -0.2089       2.3088
 7735.41       0.2211       2.4238
 7736.45       0.4287       2.4042
 7737.49       0.9795       2.3334
 7738.52       1.8146       2.2540
 7739.56       2.3863       2.1714
 7740.60       2.0190       2.0796
 7741.64       1.2925       1.9941
 7742.68       0.9378       1.9754
 7743.71       1.2514       1.9313
 7744.75       1.0002       2.0091
 7745.79      -1.3922       2.2281
 7746.83      -2.3586       4.0789
 7747.86      -0.7928       8.3721
 7748.90       0.0083      13.6272
 7749.94      -0.1343      17.9296
 7750.98      -0.3584      19.5286
 7752.01      -1.5005      18.1112
 7753.05      -2.1673      13.9550
 7754.09      -0.5945       8.4840
 7755.13       0.5337       4.4548
 7756.17       0.1822       3.2302
 7757.20      -0.0753       4.0856
 7758.24       0.4735       6.0049
 7759.28       1.0944       7.6260
 7760.32      -0.6824       5.2231
 7761.35      -2.3215       8.3974
 7762.39       2.1642       7.7219
 7763.43       3.2244       5.4013
 7764.47       0.9009       3.2182
 7765.51       0.4318       2.0180
 7766.54      -0.7124       2.1433
 7767.58      -0.7890       2.1828
 7768.62       0.3324       2.4559
 7769.66       1.2776       2.9662
 7770.69       0.6522       3.6618
 7771.73      -1.1807       4.4240
 7772.77      -1.5244       5.1151
 7773.81       0.6079       5.2202
 7774.85       2.0956       4.7045
 7775.88       1.4359       4.0554
 7776.92       1.5770       3.5722
 7777.96       1.2956       3.7914
 7779.00       0.4509       4.5443
 7780.03       0.5111       5.1660
 7781.07       0.7132       5.2735
 7782.11       0.3496       4.8592
 7783.15       0.2301       3.9982
 7784.18       0.3256       3.0400
 7785.22       0.4892       2.3511
 7786.26       0.9935       2.1472
 7787.30       1.6848       2.2369
 7788.34       1.9353       2.4020
 7789.37       0.6594       2.6705
 7790.41      -1.0537       4.0098
 7791.45      -0.0315       7.0869
 7792.49       0.9493      10.9876
 7793.52      -0.6433      13.7729
 7794.56       0.4091      14.9970
 7795.60       2.8368      13.8108
 7796.64       2.6609      10.3972
 7797.68       0.4306       6.3345
 7798.71      -1.1219       3.3066
 7799.75       0.5239       1.9899
 7800.79       1.7548       1.8205
 7801.83       0.2849       1.6533
 7802.86      -0.7637       1.6750
 7803.90      -0.3826       1.8937
 7804.94       0.6328       2.6036
 7805.98       0.0742       3.8392
 7807.02      -1.2674       5.3775
 7808.05      -1.1062       6.6012
 7809.09      -0.0672       7.0055
 7810.13       0.7303       6.4206
 7811.17       0.3138       5.0606
 7812.20      -0.0217       3.6329
 7813.24       0.4586       2.6810
 7814.28      -0.1664       2.2810
 7815.32      -1.2094       2.0794
 7816.35      -1.4333       2.1446
 7817.39      -1.7589       3.0242
 7818.43      -1.8936       5.8502
 7819.47      -0.8655      10.2952
 7820.51      -0.2989      14.6754
 7821.54      -0.2881      17.0524
 7822.58       1.4317      17.0702
 7823.62       1.7518      13.9845
 7824.66      -0.5576       9.0026
 7825.69      -0.2238       4.8670
 7826.73       1.1876       2.7873
 7827.77      -0.0015       1.9833
 7828.81       0.3899       2.0825
 7829.85       2.1323       2.0612
 7830.88       1.9485       2.0267
 7831.92       0.7472       1.9225
 7832.96      -0.3418       1.8437
 7834.00      -0.5971       1.7917
 7835.03       0.0556       1.7508
 7836.07       0.7565       1.8269
 7837.11       0.6936       2.0155
 7838.15      -0.3158       2.7386
 7839.19      -1.4092       4.0591
 7840.22      -1.9429       5.4034
 7841.26      -1.4245       6.1610
 7842.30      -0.0143       6.2144
 7843.34       2.3071       5.4176
 7844.37       4.0713       4.1539
 7845.41       2.5103       2.9092
 7846.45      -0.2487       2.2764
 7847.49      -0.8993       2.5938
 7848.52      -0.2066       3.3026
 7849.56       0.3067       5.2269
 7850.60      -0.2021       8.8491
 7851.64      -1.1141      13.3287
 7852.68      -0.8223      17.0362
 7853.71       1.7947      18.6412
 7854.75       2.4625      17.2376
 7855.79      -0.3387      13.8339
 7856.83       0.2530       9.8681
 7857.86       1.2140       7.6067
 7858.90      -2.1359       7.5290
 7859.94      -0.7951       8.6691
 7860.98       3.4633       8.9905
 7862.02       2.1081       8.1257
 7863.05      -0.9631       6.2287
 7864.09      -1.5330       4.4367
 7865.13      -0.1011       3.5521
 7866.17       0.3893       3.9256
 7867.20      -1.7783       5.2152
 7868.24      -3.9964       7.2935
 7869.28      -3.3146       9.4032
 7870.32       0.6527      10.6904
 7871.35       2.2943      10.5167
 7872.39       1.1932       8.9147
 7873.43       2.1264       6.6113
 7874.47       2.0935       4.4133
 7875.51       0.0225       3.1790
 7876.54      -0.9780       3.4577
 7877.58      -0.9284       4.6839
 7878.62      -0.8322       5.8187
 7879.66       0.2968       6.8159
 7880.69       2.0346       7.2149
 7881.73       3.1637       6.8136
 7882.77       2.0824       5.8186
 7883.81      -0.0294       4.6772
 7884.85      -1.0809       3.5985
 7885.88      -0.1060       3.4496
 7886.92       1.5536       4.6505
 7887.96       1.6839       6.8742
 7889.00       0.2560       8.9973
 7890.03      -1.0165       9.9074
 7891.07      -0.8410       9.5247
 7892.11       0.0198       7.9393
 7893.15      -0.4397       5.5866
 7894.19      -0.1955       3.6289
 7895.22       1.0676       2.5763
 7896.26       1.1797       2.2056
 7897.30       0.7734       2.1373
 7898.34       0.9097       1.9942
 7899.37       1.5844       1.9558
 7900.41       1.7201       1.9144
 7901.45       1.1597       1.8602
 7902.49       0.7009       1.8815
 7903.52       0.9213       1.9788
 7904.56       1.0786       2.0581
 7905.60       0.5624       2.0435
 7906.64      -0.0964       2.0519
 7907.68       0.3070       2.1097
 7908.71       1.2028       2.5458
 7909.75       1.2058       4.4782
 7910.79      -1.7821       8.8668
 7911.83      -4.1553      15.4625
 7912.86      -2.1743      21.5661
 7913.90       1.2491      24.4749
 7914.94       2.7030      22.8430
 7915.98       1.3529      17.8763
 7917.02      -0.0590      11.9814
 7918.05       0.1637       8.1273
 7919.09      -1.2796       7.8233
 7920.13      -2.3728       9.6300
 7921.17      -1.3382      10.5683
 7922.20      -1.0170      10.4077
 7923.24      -1.0599       8.6175
 7924.28       0.3852       5.9908
 7925.32       1.4843       3.6566
 7926.35       1.4299       2.5062
 7927.39       1.3285       2.5013
 7928.43       0.5239       3.6263
 7929.47      -0.7787       5.2210
 7930.51      -0.7322       6.6713
 7931.54       1.5081       7.4784
 7932.58       4.3225       7.5073
 7933.62       4.0237       6.2745
 7934.66       1.1312       4.3390
 7935.69      -0.2197       2.7531
 7936.73      -0.0132       1.9872
 7937.77       0.7266       1.7780
 7938.81       0.0505       1.7246
 7939.85      -0.7541       1.6957
 7940.88      -0.0111       1.7567
 7941.92       0.8156       1.8815
 7942.96       0.7533       1.9810
 7944.00      -0.3189       2.0989
 7945.03      -0.1305       2.4057
 7946.07       1.2940       3.2610
 7947.11       1.9561       4.5595
 7948.15       1.4226       5.7580
 7949.19       0.4589       6.3245
 7950.22       0.1369       6.2498
 7951.26       0.8999       5.4360
 7952.30       1.8852       4.1434
 7953.34       1.4806       2.8356
 7954.37       0.4514       1.9680
 7955.41       0.5935       1.6454
 7956.45       0.9266       1.6559
 7957.49       1.1498       1.6270
 7958.52       2.0196       1.6888
 7959.56       1.7126       1.7078
 7960.60       0.2774       2.7885
 7961.64       1.1510       5.7640
 7962.68       0.9533      10.5235
 7963.71      -2.3244      15.1929
 7964.75      -1.7501      18.1360
 7965.79       1.4316      17.9461
 7966.83       1.7227      14.9440
 7967.86       0.1501      10.0192
 7968.90      -0.8773       5.4333
 7969.94       1.1145       3.1497
 7970.98       1.9169       2.5494
 7972.02       0.3900       2.0411
 7973.05       0.4932       2.0180
 7974.09       1.8830       2.2882
 7975.13       2.2849       2.9996
 7976.17       1.0433       4.1294
 7977.20      -0.0204       5.7944
 7978.24       1.1764       7.6227
 7979.28       2.6783       8.7620
 7980.32       2.6112       8.6339
 7981.36       1.6062       7.4643
 7982.39       1.0552       5.5961
 7983.43       1.4647       3.6859
 7984.47       1.4875       2.4427
 7985.51       0.9535       1.9540
 7986.54       0.5228       1.9513
 7987.58       0.4978       1.9117
 7988.62       0.2875       2.3796
 7989.66      -0.0781       4.2369
 7990.69      -3.4964       7.8870
 7991.73      -4.1192      14.1713
 7992.77      -0.7035      19.4405
 7993.81      -1.5746      21.5061
 7994.85      -5.1582      19.8699
 7995.88      -4.4282      14.9698
 7996.92      -0.4363       9.1461
 7997.96       1.3002       4.5851
 7999.00       0.5586       2.7117
 8000.03       1.0698       1.7411
 8001.07       0.6109       2.2051
 8002.11       1.4306       2.0991
 8003.15       1.2905       1.9784
 8004.19       1.1240       1.8945
 8005.22       1.2844       1.8534
 8006.26       1.4753       1.8295
 8007.30       1.1877       1.7609
 8008.34       0.7769       1.7088
 8009.37       0.5361       1.7965
 8010.41       0.3095       2.3486
 8011.45       0.0214       3.5036
 8012.49      -1.0608       4.7852
 8013.53      -0.8047       5.8540
 8014.56       1.4071       6.3501
 8015.60       2.2259       6.0152
 8016.64       1.7037       4.9705
 8017.68       1.3626       3.7335
 8018.71       0.4779       2.8674
 8019.75      -0.3786       2.5091
 8020.79      -0.5993       2.4738
 8021.83       0.8931       3.3125
 8022.86       2.1885       5.6224
 8023.90      -0.4468       9.0186
 8024.94      -2.5601      12.2917
 8025.98      -0.9142      14.0127
 8027.02      -0.5188      13.9188
 8028.05      -1.7074      11.6655
 8029.09      -2.0851       7.9568
 8030.13       1.5610       4.9898
 8031.17       5.0333       3.4618
 8032.20       1.2915       2.5281
 8033.24      -1.7142       2.1877
 8034.28       0.2555       1.9929
 8035.32       0.6923       1.8519
 8036.36      -0.1010       1.7050
 8037.39      -0.2628       1.6651
 8038.43       0.1803       1.6967
 8039.47       0.5924       1.7204
 8040.51       0.4894       1.7120
 8041.54       0.4359       1.6976
 8042.58       0.7552       1.6978
 8043.62       0.3906       1.6746
 8044.66       0.2339       1.6323
 8045.70       0.8586       1.6492
 8046.73       1.6321       1.7273
 8047.77       1.9711       2.0172
 8048.81       1.6952       2.5928
 8049.85       0.4977       3.3567
 8050.88      -0.1247       4.1437
 8051.92       1.0820       4.6915
 8052.96       0.9302       4.6110
 8054.00      -0.9135       3.9230
 8055.04      -0.9780       3.0786
 8056.07      -0.1192       2.2903
 8057.11       0.3519       1.8977
 8058.15       0.3861       2.0850
 8059.19       0.6553       3.2406
 8060.22       1.7085       5.1233
 8061.26       1.6719       6.8585
 8062.30       0.7878       7.7263
 8063.34       0.8519       7.6780
 8064.37      -0.3666       6.3955
 8065.41      -2.4111       4.4388
 8066.45      -1.5165       2.7921
 8067.49      -0.2443       1.9327
 8068.53      -0.8003       1.6050
 8069.56      -0.9601       1.5658
 8070.60      -0.6042       1.5228
 8071.64      -0.3116       1.5588
 8072.68       1.1203       1.6826
 8073.71       2.3476       1.8175
 8074.75       1.0115       1.8449
 8075.79      -0.0511       1.8822
 8076.83       0.5901       1.9592
 8077.87       0.1754       1.8986
 8078.90      -0.3788       1.7952
 8079.94       0.0846       1.7787
 8080.98       0.4422       1.7820
 8082.02       0.5290       1.8194
 8083.05       0.4843       1.8989
 8084.09      -0.1565       1.9588
 8085.13      -0.6117       1.9787
 8086.17      -0.5700       1.9617
 8087.21       0.0017       1.8887
 8088.24       0.6001       1.7962
 8089.28       0.8050       1.6954
 8090.32       0.5918       1.7910
 8091.36       0.3214       2.1444
 8092.39       0.4853       2.5491
 8093.43       0.8391       2.8290
 8094.47       0.7888       2.9354
 8095.51       0.2560       2.7516
 8096.54      -0.3119       2.3763
 8097.58      -0.2399       1.9812
 8098.62       0.1647       1.9514
 8099.66       0.5928       2.4474
 8100.70       1.5826       3.2713
 8101.73       2.5326       4.0177
 8102.77       2.4119       4.3221
 8103.81       2.3874       4.2451
 8104.85       2.1533       3.7476
 8105.88       0.1376       2.8191
 8106.92      -1.1966       2.1005
 8107.96      -0.7699       1.8455
 8109.00       0.0161       1.8373
 8110.04       0.2747       1.6435
 8111.07       0.3029       1.4353
 8112.11      -1.2347       1.9143
 8113.15      -1.2103       2.0746
 8114.19       0.6061       2.1918
 8115.22       1.4839       2.2243
 8116.26       0.7372       2.1614
 8117.30      -0.0746       2.1266
 8118.34      -0.1228       2.0944
 8119.38       0.6737       2.0849
 8120.41       1.1455       2.0706
 8121.45       1.0782       0.9032
 8122.49       1.1768       1.3846
 8123.53       0.2377       1.8464
 8124.56      -0.0665       1.6907
 8125.60       0.7985       1.7621
 8126.64       1.2061       1.7942
 8127.68       0.5908       1.7527
 8128.71       0.0906       1.7436
 8129.75       0.0217       1.7527
 8130.79       0.2305       1.7816
 8131.83      -0.1199       1.8562
 8132.87       0.1066       1.9742
 8133.90       1.5275       2.1042
 8134.94       1.3784       2.1255
 8135.98       0.0401       2.1581
 8137.02      -0.1193       2.3490
 8138.05       0.2272       2.5855
 8139.09       0.6331       2.7317
 8140.13       1.4460       2.7728
 8141.17       1.7786       2.6080
 8142.21       1.2927       2.3388
 8143.24       0.6791       2.1409
 8144.28       0.2672       2.2209
 8145.32       0.1085       2.5351
 8146.36       0.7174       2.8808
 8147.39       1.1840       3.0063
 8148.43       0.4098       2.8845
 8149.47       0.1931       2.5827
 8150.51       0.7410       2.2406
 8151.54      -0.3675       1.9074
 8152.58      -1.1567       1.7568
 8153.62      -0.1040       1.7820
 8154.66       0.8966       1.8191
 8155.70       0.8099       1.7714
 8156.73      -0.1701       1.7005
 8157.77      -0.3719       1.6961
 8158.81       0.2440       1.7659
 8159.85       0.3647       1.8326
 8160.88       0.5833       1.8701
 8161.92       0.8471       1.8669
 8162.96       0.5262       1.8132
 8164.00       0.2184       1.8044
 8165.04       0.6931       1.8848
 8166.07       1.4912       1.8945
 8167.11       1.9152       1.8424
 8168.15       1.2155       1.8055
 8169.19       0.1212       1.7659
 8170.22      -0.0872       1.7480
 8171.26       0.4213       1.7422
 8172.30       1.0264       1.7550
 8173.34       1.0022       1.7698
 8174.38      -0.1531       1.6849
 8175.41      -0.7635       1.6783
 8176.45       0.3437       1.8582
 8177.49       0.9625       1.9390
 8178.53       0.5437       1.8814
 8179.56       0.1826       1.8503
 8180.60      -0.3271       1.8364
 8181.64      -0.8063       1.8141
 8182.68      -1.1678       1.7485
 8183.71      -0.6012       1.7456
 8184.75       0.6369       1.8569
 8185.79       1.4386       1.9724
 8186.83       0.6757       2.0448
 8187.87      -1.0876       2.0918
 8188.90      -1.2805       2.1528
 8189.94      -0.0286       2.1873
 8190.98       0.1676       2.1140
 8192.02       0.5081       2.0588
 8193.05       1.1185       2.1080
 8194.09       0.5634       2.1773
 8195.13      -0.4874       2.2796
 8196.17      -0.9180       2.3646
 8197.21      -0.1122       2.3383
 8198.24       0.8359       2.1916
 8199.28       0.9414       2.0199
 8200.32       0.8582       1.8831
 8201.36       0.2360       1.7434
 8202.39      -1.6189       1.5563
 8203.43      -2.0995       1.4697
 8204.47      -0.4664       1.5322
 8205.51       0.2169       1.5979
 8206.54      -0.2909       1.6237
 8207.58      -0.7406       1.6368
 8208.62      -1.6827       1.6006
 8209.66      -1.7944       1.5883
 8210.70      -0.4906       1.6507
 8211.73       0.9760       1.7342
 8212.77       1.3924       1.7705
 8213.81       0.9553       1.7481
 8214.85      -0.0750       1.7052
 8215.88      -0.6412       1.6937
 8216.92      -0.1897       1.6818
 8217.96       0.6154       1.6746
 8219.00       0.6802       1.6766
 8220.04       0.3640       1.6699
 8221.07      -0.1316       1.6595
 8222.11      -0.7139       1.6655
 8223.15      -0.5931       1.7176
 8224.19       0.3845       1.8499
 8225.22       1.2714       2.0039
 8226.26       1.9722       2.2268
 8227.30       2.3159       2.4579
 8228.34       1.2533       2.4423
 8229.38      -0.0423       2.3340
 8230.41      -0.2944       2.3439
 8231.45      -0.0142       2.2451
 8232.49       0.1754       2.0215
 8233.53      -0.2059       1.8398
 8234.56      -0.5870       1.7230
 8235.60      -0.5701       1.6415
 8236.64      -0.1306       1.6232
 8237.68       0.4294       1.6373
 8238.71       0.7394       1.6712
 8239.75       0.2514       1.7198
 8240.79      -0.2735       1.7993
 8241.83       0.0288       1.9052
 8242.87       0.2849       1.9298
 8243.90       0.4809       1.8998
 8244.94       1.2533       1.9259
 8245.98       1.4712       1.9057
 8247.02       0.9229       1.8443
 8248.05       1.0812       1.9042
 8249.09       0.9542       1.9431
 8250.13      -0.0852       1.8323
 8251.17       0.1757       1.7160
 8252.21       1.2110       1.6828
 8253.24       1.3345       1.7279
 8254.28       1.0038       1.8336
 8255.32       0.7075       1.9147
 8256.36       0.0512       1.8985
 8257.39       0.1705       1.8474
 8258.43       0.9435       1.8087
 8259.47       0.4673       1.7148
 8260.51      -0.3246       1.6167
 8261.54       0.0050       1.5764
 8262.58       0.4786       1.5956
 8263.62       0.3655       1.6065
 8264.66      -0.2536       1.5610
 8265.70       0.5657       1.5892
 8266.73       2.2131       1.6782
 8267.77       1.7881       1.6708
 8268.81       0.6036       1.6165
 8269.85       0.6720       1.6308
 8270.88       1.1613       1.6962
 8271.92       1.3514       1.7511
 8272.96       0.9784       1.8574
 8274.00       0.8766       2.0482
 8275.04       1.0892       2.7779
 8276.07       1.1596       4.2026
 8277.11       1.1126       5.9427
 8278.15       0.8099       8.0716
 8279.19       0.1770      10.6365
 8280.22      -0.0963      12.8882
 8281.26       0.2166      13.8845
 8282.30       0.7873      13.1258
 8283.34       0.0557      11.1721
 8284.38      -2.2074       9.4568
 8285.41      -0.2747       9.7872
 8286.45       4.9106      12.7291
 8287.49       7.1524      16.6161
 8288.53       4.2394      18.9092
 8289.56       0.0601      17.8822
 8290.60       1.9945      14.5114
 8291.64       3.9268       9.9137
 8292.68      -0.3622       6.0921
 8293.71      -2.0617       4.8901
 8294.75      -0.3343       6.8625
 8295.79       0.2575      10.5435
 8296.83       2.4397      15.6933
 8297.87       4.5423      19.9194
 8298.90       2.8290      20.6196
 8299.94      -0.6254      18.5566
 8300.98      -1.7499      15.3169
 8302.02       1.7708      10.6121
 8303.05       4.9293       6.1851
 8304.09       2.7372       3.4696
 8305.13       0.5134       2.4621
 8306.17       0.8279       2.3848
 8307.21       2.0053       2.8574
 8308.24       0.9991       3.9900
 8309.28      -2.0648       5.4545
 8310.32      -2.8526       6.5927
 8311.36      -1.3996       6.9592
 8312.39       0.3770       6.4490
 8313.43       1.1917       5.0191
 8314.47       0.8261       3.3939
 8315.51       0.3397       2.3239
 8316.54       0.1627       2.0252
 8317.58       0.7585       2.1489
 8318.62       1.7318       2.3152
 8319.66       1.1200       2.3071
 8320.70      -0.5219       2.1154
 8321.73       0.3499       1.9581
 8322.77       1.5102       1.8290
 8323.81       0.7379       1.6874
 8324.85       0.5251       1.6281
 8325.88       0.8119       1.6183
 8326.92       0.6352       1.6045
 8327.96       1.1041       1.6615
 8329.00       1.7841       1.7323
 8330.04       1.4289       1.7004
 8331.07       1.0960       1.6731
 8332.11       1.2863       1.7175
 8333.15       0.7819       1.7115
 8334.19       0.5853       1.7425
 8335.22       1.3709       1.8946
 8336.26       0.8901       2.0547
 8337.30      -1.0403       2.0604
 8338.34      -2.5922       2.3336
 8339.38      -2.4269       2.4464
 8340.41       0.1947       5.3649
 8341.45       4.2928      12.4371
 8342.49       5.9436      24.3806
 8343.53       4.1800      37.1147
 8344.56       3.4752      44.5246
 8345.60       2.0800      42.9263
 8346.64      -1.9070      34.4206
 8347.68      -2.2759      21.5271
 8348.71       0.7889      11.1036
 8349.75       2.4375       7.2857
 8350.79       1.1876       9.5592
 8351.83      -0.9503      12.8654
 8352.87      -2.0604      14.7639
 8353.90       0.8601      14.1859
 8354.94       5.4673      12.0221
 8355.98       2.8800       7.9821
 8357.02      -1.4801       4.1595
 8358.05       0.8206       2.3796
 8359.09       2.2846       2.1273
 8360.13       0.9442       2.4273
 8361.17      -0.1476       3.0694
 8362.21      -1.3485       4.0610
 8363.24      -2.1958       5.2575
 8364.28      -1.3896       6.1585
 8365.32      -0.5285       6.3697
 8366.36      -0.8523       5.8120
 8367.39      -0.3576       4.6047
 8368.43       0.5425       3.2248
 8369.47       0.6344       2.1509
 8370.51       1.0884       1.7105
 8371.55       1.9943       1.6437
 8372.58       1.9799       1.6356
 8373.62       1.4166       1.6169
 8374.66       0.6515       1.6166
 8375.70       0.2296       1.6805
 8376.73      -0.2569       1.7370
 8377.77      -0.9215       2.1365
 8378.81      -0.1527       3.4118
 8379.85       1.4356       5.8946
 8380.88       2.2980       8.7468
 8381.92       2.0158      10.7680
 8382.96       1.4217      11.0849
 8384.00       1.7606       9.9411
 8385.04       1.3310       7.3510
 8386.07      -0.1958       4.3204
 8387.11       0.2749       2.4433
 8388.15       1.6592       1.9095
 8389.19       1.6511       1.7983
 8390.22       0.8491       1.9318
 8391.26      -0.4497       1.8625
 8392.30      -1.2368       1.9363
 8393.34      -1.3474       1.5713
 8394.38      -1.0829       2.1510
 8395.41      -0.4845       4.4410
 8396.45       0.0193      10.9090
 8397.49       0.0657      20.6725
 8398.53       0.0295      29.2906
 8399.56      -1.5324      32.8658
 8400.60      -4.4302      30.5750
 8401.64      -0.9652      22.7645
 8402.68       5.7377      13.2389
 8403.72       6.0809       5.8452
 8404.75       3.0004       2.5053
 8405.79       1.0245       1.5340
 8406.83       0.7982       1.6248
 8407.87       1.3697       1.6358
 8408.90       1.1428       1.6652
 8409.94       1.5631       1.6270
 8410.98       1.5791       2.1135
 8412.02       0.0052       3.5859
 8413.05       0.6613       6.7234
 8414.09       2.8036      10.4415
 8415.13       1.5928      12.4223
 8416.17       1.0965      12.4146
 8417.21       3.1997      10.8107
 8418.24       3.6469       7.4952
 8419.28       2.2113       4.1834
 8420.32       1.1461       2.2943
 8421.36       0.9358       1.8460
 8422.39       1.2482       1.9501
 8423.43       1.0543       2.2046
 8424.47      -0.3050       1.8778
 8425.51      -0.9873       2.7725
 8426.55       1.5618       6.0807
 8427.58       2.7482      13.9399
 8428.62       0.4482      24.7028
 8429.66      -0.0982      33.2645
 8430.70       0.4750      36.1362
 8431.73       0.1560      33.1124
 8432.77       1.6684      24.1244
 8433.81       3.5177      13.5016
 8434.85       2.8620       5.8537
 8435.89       1.6525       2.7438
 8436.92       1.2437       1.8858
 8437.96       0.8982       1.8109
 8439.00       0.8183       1.6579
 8440.04       1.0560       1.5719
 8441.07       1.6100       1.5553
 8442.11       1.8921       1.5773
 8443.15       1.4835       1.6491
 8444.19       0.6594       1.7593
 8445.22       0.7050       1.9004
 8446.26       1.9990       2.1115
 8447.30       1.8983       2.1089
 8448.34      -0.1173       2.5910
 8449.38      -1.4736       4.2604
 8450.41      -0.1246       7.0410
 8451.45       2.8771       9.7147
 8452.49       2.7735      11.1659
 8453.53       0.4263      10.6181
 8454.56      -0.3653       8.5238
 8455.60       0.0244       5.5833
 8456.64       0.6562       3.0795
 8457.68       0.8978       1.9254
 8458.72       0.3776       1.6131
 8459.75      -0.3316       1.6641
 8460.79      -1.3575       1.9509
 8461.83       0.0546       4.7022
 8462.87       4.0033      10.8850
 8463.90       4.3478      18.2366
 8464.94       2.0235      23.8422
 8465.98       1.8994      25.6341
 8467.02       2.5383      22.6364
 8468.06       2.0723      16.2066
 8469.09      -0.5181       8.5928
 8470.13      -1.1426       3.5907
 8471.17       1.5463       1.9749
 8472.21       1.5456       1.8765
 8473.24       0.1885       1.9698
 8474.28       1.2032       2.1516
 8475.32       1.8506       2.2380
 8476.36       1.4498       2.1078
 8477.39       0.9478       1.8835
 8478.43       0.9794       1.6632
 8479.47       1.1942       1.5160
 8480.51       0.6698       1.4386
 8481.55       0.2972       1.4299
 8482.58       0.7754       1.4490
 8483.62       0.1300       1.4324
 8484.66      -1.1649       1.3884
 8485.70      -1.1024       1.4147
 8486.73      -0.3818       1.4412
 8487.77       0.3073       1.4817
 8488.81       0.8882       1.5862
 8489.85       1.4536       2.2230
 8490.89       2.1647       3.7099
 8491.92       3.5609       5.6418
 8492.96       2.2935       7.1530
 8494.00      -1.7534       7.5373
 8495.04      -1.3958       7.0021
 8496.07       1.3426       5.5929
 8497.11       0.6818       3.6464
 8498.15      -0.3744       2.2420
 8499.19      -0.4058       1.8286
 8500.23      -0.3240       1.9467
 8501.26      -0.1994       3.3387
 8502.30       0.5623       6.3416
 8503.34       3.9989      10.2220
 8504.38       5.2742      13.2688
 8505.41       1.6856      14.0129
 8506.45       0.7996      12.5759
 8507.49       2.0397       9.3621
 8508.53       0.4854       5.2977
 8509.56      -0.5447       2.5521
 8510.60       0.4409       1.6035
 8511.64       1.7319       1.4687
 8512.68       1.9262       1.5472
 8513.72       1.0080       1.4361
 8514.75       1.0818       1.4144
 8515.79       1.5234       1.4199
 8516.83       0.9253       1.4157
 8517.87       0.3359       1.4573
 8518.90       0.1486       1.5358
 8519.94       0.2432       1.5948
 8520.98       0.3901       1.6318
 8522.02       0.2986       1.6329
 8523.06       0.0949       1.5839
 8524.09      -0.0926       1.4917
 8525.13      -0.0475       1.3957
 8526.17       0.2954       1.3573
 8527.21       0.9552       1.3691
 8528.24       1.5155       1.3742
 8529.28       1.1781       1.3593
 8530.32       0.4005       1.3341
 8531.36       0.2292       1.3332
 8532.40       1.0333       1.3598
 8533.43       2.0780       1.4483
 8534.47       1.8789       1.5112
 8535.51       0.8720       1.8643
 8536.55       0.3681       2.6142
 8537.58       0.0959       3.3502
 8538.62       0.1110       3.7855
 8539.66       0.2086       3.8362
 8540.70       0.0094       3.4022
 8541.73      -0.0475       2.6778
 8542.77       0.7763       1.9867
 8543.81       1.8267       1.6285
 8544.85       2.5424       1.9401
 8545.89       2.0166       2.9590
 8546.92       1.1197       4.4676
 8547.96       0.8738       5.8368
 8549.00       2.3026       6.6236
 8550.04       3.1925       6.3903
 8551.07       1.1457       5.2397
 8552.11       0.2252       3.6653
 8553.15       1.3486       2.3594
 8554.19       0.9614       1.6938
 8555.23       0.5784       1.5437
 8556.26       1.3335       1.4420
 8557.30       1.1361       1.4052
 8558.34       0.8458       1.3574
 8559.38       1.4801       1.3579
 8560.41       1.1509       1.3797
 8561.45       0.0987       1.3473
 8562.49      -0.6932       1.2549
 8563.53      -0.8519       1.1454
 8564.57       0.3032       1.5877
 8565.60       0.1583       1.7029
 8566.64       0.8650       1.7812
 8567.68       1.1678       1.8401
 8568.72       1.1860       1.8085
 8569.75       1.0661       1.5599
 8570.79       0.2502       1.3388
 8571.83      -0.5064       1.5227
 8572.87      -0.5483       1.5846
 8573.90       0.0671       1.6814
 8574.94       1.2728       1.7606
 8575.98       2.0061       1.7995
 8577.02       1.1329       1.7319
 8578.06      -0.2586       1.6121
 8579.09      -0.4778       1.5301
 8580.13       0.8683       1.5258
 8581.17       2.1434       1.5273
 8582.21       1.6761       1.4760
 8583.24       0.9273       1.4272
 8584.28       0.7293       1.5224
 8585.32       0.5588       1.7934
 8586.36       0.0516       2.1799
 8587.40      -0.2968       2.5630
 8588.43       1.0440       2.8916
 8589.47       2.2131       2.9342
 8590.51       1.4315       2.6337
 8591.55       0.5001       2.1099
 8592.58       0.2481       1.7641
 8593.62       0.3369       1.8387
 8594.66       0.4107       2.3391
 8595.70       0.5388       2.9741
 8596.74       1.6250       3.4526
 8597.77       2.1398       3.5733
 8598.81       1.3100       3.3247
 8599.85       0.7007       2.7505
 8600.89       0.7221       2.1427
 8601.92       0.8725       1.7419
 8602.96       1.0121       1.6063
 8604.00       0.8131       1.5777
 8605.04       0.1876       1.5294
 8606.07      -0.2825       1.5169
 8607.11      -0.1076       1.5666
 8608.15       0.2063       1.6076
 8609.19       0.8561       1.6797
 8610.23       1.5693       1.8226
 8611.26       1.7288       1.9816
 8612.30       1.3828       2.1646
 8613.34       0.4220       2.3600
 8614.38       0.5038       2.6188
 8615.41       0.9234       2.9515
 8616.45      -0.6511       3.2192
 8617.49      -1.1617       3.4981
 8618.53       0.3715       3.9348
 8619.57       2.1874       4.4861
 8620.60       2.2912       4.9957
 8621.64       0.9939       5.4156
 8622.68       0.1024       5.8132
 8623.72       0.4195       6.2910
 8624.75       0.8687       6.7548
 8625.79      -0.2266       7.0616
 8626.83      -1.3700       7.3370
 8627.87       0.5119       7.6898
 8628.91       1.7568       7.9228
 8629.94       0.2326       7.9195
 8630.98      -1.1431       7.7718
 8632.02      -0.7597       7.6525
 8633.06       1.0255       7.6088
 8634.09       3.2557       7.6810
 8635.13       5.1271       7.5193
 8636.17       5.7646       6.8834
 8637.21       3.3638       6.1421
 8638.24       0.3930       5.5269
 8639.28       0.7976       5.0472
 8640.32       1.6203       4.6491
 8641.36       0.4401       4.1574
 8642.40      -1.1158       3.5482
 8643.43      -1.7226       3.0151
 8644.47      -0.9299       2.8665
 8645.51      -0.0371       2.8905
 8646.55       0.1840       3.2767
 8647.58       0.0631       4.2214
 8648.62       0.8105       5.3787
 8649.66       2.0482       6.3613
 8650.70       1.7602       6.8883
 8651.74       0.3218       7.0918
 8652.77      -0.9094       7.2745
 8653.81      -2.0063       7.3079
 8654.85      -2.0379       7.3044
 8655.89      -1.0255       7.3161
 8656.92       0.4886       7.5228
 8657.96       1.9031       7.7835
 8659.00       3.1474       7.7959
 8660.04       3.0216       7.5694
 8661.08       1.6297       7.2516
 8662.11      -0.1058       6.9555
 8663.15      -0.8025       6.7736
 8664.19      -0.0502       6.6607
 8665.23       1.2754       6.6199
 8666.26       1.8892       6.4800
 8667.30       1.6039       6.1861
 8668.34       0.6212       5.8659
 8669.38      -0.1207       5.5747
 8670.42       0.0581       5.3323
 8671.45       0.5338       5.1238
 8672.49       0.6744       4.8480
 8673.53       1.0074       4.4718
 8674.57       1.2346       4.1985
 8675.60       1.2230       4.1407
 8676.64       0.5109       4.0119
 8677.68      -0.3153       3.6909
 8678.72      -0.4315       3.3667
 8679.75      -0.4374       3.1660
 8680.79      -0.5935       3.0704
 8681.83      -0.0361       3.0249
 8682.87       0.2267       2.8730
 8683.91      -0.1504       2.5991
 8684.94      -0.0095       2.4209
 8685.98       0.3199       2.3596
 8687.02       0.2735       2.3208
 8688.06      -0.3015       2.2238
 8689.09      -0.6617       2.0611
 8690.13      -0.0332       1.9470
 8691.17       0.5188       1.9774
 8692.21       0.1023       2.0368
 8693.25      -0.4687       2.5460
 8694.28      -0.9520       2.4760
 8695.32      -0.9335       2.4198
 8696.36      -0.5976       2.3906
 8697.40       0.6115       2.5179
 8698.43       2.0812       2.7878
 8699.47       1.0598       2.9486
 8700.51      -0.8566       2.9325
 8701.55       0.1530       2.8420
 8702.58       0.7101       2.3398
 8703.62       0.5265       2.0621
 8704.66       0.9283       2.0652
 8705.70       0.9541       2.1894
 8706.74       0.3649       2.3121
 8707.77       0.2416       2.3615
 8708.81       0.1527       2.2647
 8709.85      -0.5925       2.0650
 8710.89      -1.1623       1.8186
 8711.92      -0.9701       1.6159
 8712.96      -0.0420       1.5385
 8714.00       0.7689       1.5400
 8715.04       0.5810       1.5214
 8716.08       0.5217       1.5299
 8717.11       0.6216       1.5417
 8718.15       0.3342       1.5318
 8719.19      -0.3478       1.4881
 8720.23      -0.7081       1.4612
 8721.26      -0.0815       1.5048
 8722.30      -0.0085       1.5219
 8723.34      -0.5272       1.5213
 8724.38       0.0626       1.6042
 8725.42       0.9532       1.7313
 8726.45       1.0977       1.8123
 8727.49       0.6972       1.7988
 8728.53       0.2686       1.7208
 8729.57       0.2851       1.6523
 8730.60      -0.0027       1.5608
 8731.64      -0.3457       1.4862
 8732.68       0.1078       1.4957
 8733.72       0.6794       1.5295
 8734.75       0.9975       1.5535
 8735.79       0.9901       1.5820
 8736.83       0.6225       1.6283
 8737.87       0.0584       1.6965
 8738.91      -0.4697       1.7542
 8739.94      -0.2731       1.8149
 8740.98       0.5640       1.8741
 8742.02       1.0378       1.8678
 8743.06       0.8752       1.8055
 8744.09       0.6041       1.7450
 8745.13       0.1681       1.6674
 8746.17      -0.1953       1.6062
 8747.21       0.1561       1.6711
 8748.25       0.1259       1.7306
 8749.28      -0.8397       1.6862
 8750.32      -0.6914       1.7205
 8751.36       0.1294       1.7835
 8752.40       0.1617       1.8019
 8753.43       0.2489       1.7070
 8754.47       0.5753       1.9046
 8755.51       0.5409       2.6683
 8756.55       1.7744       4.4234
 8757.58       3.7636       7.9283
 8758.62       2.6164      12.9129
 8759.66      -0.1371      18.2733
 8760.70      -0.8695      22.1195
 8761.74      -1.5243      22.5379
 8762.77      -1.3412      20.2892
 8763.81       0.9759      17.7592
 8764.85       3.2211      17.9637
 8765.89       3.4678      21.8753
 8766.92       1.6839      27.0372
 8767.96       1.2215      30.0785
 8769.00       2.7468      28.1983
 8770.04       0.6155      21.5526
 8771.08      -1.2706      12.9723
 8772.11       1.0814       6.7918
 8773.15       1.3651       5.2108
 8774.19      -0.8653       8.5262
 8775.23      -4.8196      14.3988
 8776.26      -3.9312      22.9594
 8777.30       1.2002      31.1150
 8778.34      -2.2623      33.5786
 8779.38      -4.8218      29.9527
 8780.42       0.8557      23.1291
 8781.45       2.9243      14.1326
 8782.49       0.7311       6.5639
 8783.53      -0.3300       2.6233
 8784.57      -0.8936       1.7598
 8785.60      -0.6897       1.6917
 8786.64       0.3226       1.9973
 8787.68       0.6351       3.1273
 8788.72      -0.4176       5.5319
 8789.75      -1.6017       8.3229
 8790.79      -1.4833      10.5618
 8791.83       0.0762      11.3432
 8792.87       1.5305      10.1743
 8793.91       2.1608       7.4816
 8794.94       2.3270       4.4565
 8795.98       1.8658       2.5226
 8797.02       1.0361       1.8460
 8798.06      -0.0087       1.6811
 8799.09      -0.6308       1.7056
 8800.13      -0.5856       1.6679
 8801.17      -0.5103       1.6435
 8802.21      -0.2704       1.6578
 8803.25       1.1109       1.7726
 8804.28       1.2095       1.7166
 8805.32       0.2990       1.5980
 8806.36       0.1286       1.6846
 8807.40       0.9367       2.0068
 8808.43       1.5391       2.3960
 8809.47       0.3961       2.5917
 8810.51      -0.6787       2.6198
 8811.55      -0.3222       2.5641
 8812.58      -0.1614       2.3363
 8813.62      -0.4112       2.0107
 8814.66      -0.5264       1.7280
 8815.70      -0.4464       1.6092
 8816.74      -0.4414       1.6229
 8817.77      -0.7859       1.6883
 8818.81      -1.2408       1.7357
 8819.85      -1.4871       1.8663
 8820.89      -0.5386       2.2729
 8821.92      -1.1280       2.4812
 8822.96      -3.8420       6.4026
 8824.00      -1.1259      19.3026
 8825.04       2.1616      40.9000
 8826.08      -1.2391      61.5697
 8827.11      -1.9153      73.3511
 8828.15       0.8651      70.9293
 8829.19       0.0375      57.0822
 8830.23      -1.9873      35.6311
 8831.26      -2.1354      16.3287
 8832.30      -0.5546       8.1376
 8833.34       0.2104      10.8641
 8834.38      -1.1470      16.6352
 8835.42       0.2991      23.3428
 8836.45       2.2865      26.4783
 8837.49       0.3812      25.5862
 8838.53      -2.4248      20.4871
 8839.57      -3.1587      13.3301
 8840.60      -1.6705       6.5756
 8841.64       0.0298       2.9113
 8842.68       0.2054       2.0105
 8843.72      -0.0585       2.2824
 8844.75      -0.2213       2.5203
 8845.79      -0.3554       3.0230
 8846.83       0.6338       4.4068
 8847.87       0.9765       6.5607
 8848.91      -0.8970       8.4106
 8849.94       0.0951       9.5361
 8850.98       2.7611       9.3672
 8852.02      -0.1595       7.6625
 8853.06      -2.8915       5.1909
 8854.09      -0.9064       3.1190
 8855.13       0.7319       2.1750
 8856.17       0.2705       2.0088
 8857.21      -1.3694       1.8494
 8858.25      -0.6398       1.9706
 8859.28       1.4449       2.2286
 8860.32       1.0410       2.5349
 8861.36      -0.2838       2.5952
 8862.40      -0.6927       2.9393
 8863.43      -0.4937       3.7452
 8864.47       0.4784       6.4777
 8865.51       0.8562      11.2033
 8866.55      -0.5836      15.9905
 8867.58      -2.1476      18.9811
 8868.62      -1.8737      19.2275
 8869.66      -1.6131      15.7163
 8870.70      -1.5255      10.1135
 8871.74      -0.1243       5.2614
 8872.77       0.5305       2.7545
 8873.81      -0.3221       1.9610
 8874.85      -1.4777       1.9138
 8875.89      -1.4088       1.9398
 8876.92      -0.1099       2.0351
 8877.96      -0.0009       2.1152
 8879.00      -0.7636       1.9593
 8880.04      -0.6151       2.3282
 8881.08      -0.3659       2.3704
 8882.11      -0.4650       7.0307
 8883.15      -0.4220      18.9716
 8884.19      -0.8746      37.3758
 8885.23      -1.4397      54.6608
 8886.26      -1.9656      62.4434
 8887.30      -0.2592      57.3658
 8888.34       3.4972      43.9375
 8889.38       2.9395      25.2949
 8890.42      -0.6064       9.9676
 8891.45      -1.1710       3.4738
 8892.49      -0.5012       3.0098
 8893.53      -0.7166       2.5990
 8894.57      -0.5651       2.8990
 8895.60      -0.3349       2.9425
 8896.64      -0.4212       3.1148
 8897.68      -0.4272       2.8624
 8898.72      -0.9409       3.3614
 8899.75      -2.3003       6.1040
 8900.79      -3.1197      12.5399
 8901.83      -1.1678      21.0357
 8902.87       3.9667      27.1088
 8903.91       3.8210      28.7069
 8904.94      -1.6779      25.3629
 8905.98      -2.1895      17.7964
 8907.02      -0.8646      10.0645
 8908.06      -2.4343       5.3140
 8909.09      -3.0365       3.8167
 8910.13      -2.6883       3.7955
 8911.17      -2.9436       3.6070
 8912.21      -1.8835       3.5272
 8913.25      -0.6800       3.2687
 8914.28      -1.9568       2.9211
 8915.32      -0.5522       5.4763
 8916.36       3.8078      17.7228
 8917.40       2.9920      37.7597
 8918.43       0.4572      70.6514
 8919.47       0.9923     100.1800
 8920.51       2.8698      71.7173
