 
TRANSIENT_NAME:     DES15E1kwg 
SNID:               1330031    
OBS_DATE:           2015-10-13
MJD:                57308. 
PHASE:              -6.    
MJD_MAX:            57315.1
TYPE:               1  
SPEC_EVAL:          SNIa
REDSHIFT:           0.1049  
REDSHIFT_ERR:       0.0005  
REDSHIFT_SOURCE:    Z_GAL
TELESCOPE:          AAT
INSTRUMENT:         AAOmega-2dF
 
======================================
 
# WAVE  FLUX  FLUX_ERR
 3757.75      -0.5773      28.9413
 3758.79       0.6300      29.0885
 3759.83       2.9664      29.9504
 3760.87       0.6901      29.3812
 3761.90       1.6731      28.4183
 3762.94       4.6984      29.0516
 3763.98       2.4665      28.0875
 3765.02      -0.5052      26.9283
 3766.06      -2.7102      26.1202
 3767.09      -1.1751      25.7327
 3768.13       0.0536      26.2455
 3769.17       2.7505      26.8184
 3770.21       3.8169      27.7897
 3771.24       5.2163      28.3744
 3772.28       3.6952      28.1537
 3773.32       1.6783      28.8983
 3774.36       2.6722      27.9153
 3775.40      -1.3361      25.2275
 3776.43      -6.2431      24.7201
 3777.47       0.2206      26.8487
 3778.51       8.2155      28.3377
 3779.55       4.2393      26.3156
 3780.58       2.1480      25.8300
 3781.62       2.9379      25.8604
 3782.66      -1.6431      23.5663
 3783.70      -3.0783      23.2064
 3784.73      -3.3780      23.4301
 3785.77       0.3478      24.3440
 3786.81       3.9622      25.3437
 3787.85       4.7948      24.6601
 3788.89       6.4979      24.4471
 3789.92       1.7094      23.9770
 3790.96      -2.1521      23.2926
 3792.00      -0.5578      23.3341
 3793.04      -0.0373      22.2156
 3794.07      -0.4996      21.7134
 3795.11       5.2988      23.7496
 3796.15       6.2767      24.0943
 3797.19       4.2281      21.5161
 3798.23      -1.9918      18.8017
 3799.26      -0.7837      19.6258
 3800.30      -0.0652      19.7366
 3801.34      -1.4479      19.3296
 3802.38       2.9131      20.9569
 3803.41      -0.2208      20.2071
 3804.45       2.6605      20.0370
 3805.49       7.9684      20.4530
 3806.53       3.3421      18.7656
 3807.57       4.0875      19.3781
 3808.60       2.2471      18.4812
 3809.64      -0.9266      17.3773
 3810.68       1.9441      18.3210
 3811.72       2.9629      18.6870
 3812.75      -0.7927      17.3089
 3813.79      -7.8118      16.7855
 3814.83       0.2783      18.5009
 3815.87       5.0288      17.5006
 3816.90      -1.1252      15.1786
 3817.94      -6.3703      13.6103
 3818.98      -2.7714      15.1458
 3820.02      -0.9891      15.0613
 3821.06      -0.2222      14.7329
 3822.09       3.5245      15.4078
 3823.13       5.5988      15.4930
 3824.17      -0.1182      13.9394
 3825.21      -1.9684      12.3777
 3826.24      -0.7058      12.7066
 3827.28      -1.0832      13.1263
 3828.32       1.0372      14.2851
 3829.36       3.1914      14.3371
 3830.40       2.4001      13.6471
 3831.43      -3.2765      12.3057
 3832.47       1.9718      13.6525
 3833.51       1.9967      12.8166
 3834.55      -0.5392      11.8852
 3835.58       1.1885      12.6188
 3836.62       3.9688      12.5250
 3837.66       1.4484      11.9567
 3838.70      -2.0953      10.6516
 3839.74       2.7863      11.1328
 3840.77       5.7273      12.0256
 3841.81      -0.4608      10.5066
 3842.85      -0.7697      10.4924
 3843.89       1.4448      11.3313
 3844.92      -0.2714      10.5660
 3845.96       1.1603      10.6968
 3847.00       5.1547      11.4531
 3848.04       3.2483      11.2991
 3849.07       4.1330      11.3541
 3850.11       4.4327      10.9932
 3851.15       2.9908      10.6340
 3852.19       1.5544       9.9253
 3853.23      -1.6606       9.3745
 3854.26       0.5229      10.0522
 3855.30       4.0573      10.7108
 3856.34       2.3104      10.0844
 3857.38       3.8108      10.1108
 3858.41       2.9798       9.8063
 3859.45      -1.5193       8.7806
 3860.49      -3.1697       8.6886
 3861.53      -0.6371       9.0410
 3862.57       2.6267      10.5509
 3863.60       3.3179      11.8611
 3864.64       4.9782      11.7107
 3865.68       5.6326      11.2916
 3866.72       5.0008      10.8124
 3867.75       1.2392       9.5223
 3868.79      -0.5262       9.0678
 3869.83       0.6819       9.6039
 3870.87       0.5497       9.1303
 3871.91      -1.1612       8.2473
 3872.94       0.8986       8.9275
 3873.98       3.7614       9.8286
 3875.02       2.6007       9.5095
 3876.06       1.3493       8.9946
 3877.09       2.2513       9.1212
 3878.13       1.6487       8.9652
 3879.17      -1.7978       8.1875
 3880.21       0.5444       8.3543
 3881.24       7.1722       9.7927
 3882.28       3.3835       9.0135
 3883.32       0.2727       8.2924
 3884.36       3.1616       8.8897
 3885.40       3.2346       8.5279
 3886.43       0.3890       7.5668
 3887.47       1.1755       7.7586
 3888.51       3.9815       8.5466
 3889.55       1.2531       8.0777
 3890.58       0.8718       7.5988
 3891.62       3.7704       7.9562
 3892.66       3.4918       8.0459
 3893.70       0.8022       7.2521
 3894.74       1.1457       7.5078
 3895.77      -1.1232       7.3746
 3896.81      -0.8041       7.2548
 3897.85       6.4738       8.4415
 3898.89       5.1067       8.1804
 3899.92       0.5350       6.9977
 3900.96      -1.4422       6.6371
 3902.00      -1.1293       6.8549
 3903.04       1.7088       7.3198
 3904.07       4.7869       7.7232
 3905.11       5.1964       7.9222
 3906.15       2.1284       7.4432
 3907.19       3.6384       7.6531
 3908.23       4.9644       7.9576
 3909.26       3.9490       7.3944
 3910.30       5.0377       7.8180
 3911.34       3.6522       7.6651
 3912.38      -0.4689       7.0038
 3913.41      -1.1794       7.0688
 3914.45      -0.0375       7.1841
 3915.49      -0.1065       6.7374
 3916.53      -1.1270       5.8788
 3917.57       3.1649       6.2193
 3918.60       3.2070       6.4175
 3919.64       1.1002       5.9778
 3920.68       0.4366       5.4695
 3921.72       0.0451       5.5277
 3922.75       4.3630       6.2468
 3923.79       1.2995       5.5677
 3924.83      -0.7912       4.8653
 3925.87       2.2846       4.9999
 3926.91       3.0781       5.0051
 3927.94       3.6331       4.8995
 3928.98       1.6354       4.5952
 3930.02       0.6611       4.3165
 3931.06      -0.2405       4.0112
 3932.09       1.0518       4.0314
 3933.13       1.6494       3.9712
 3934.17       3.6613       4.2164
 3935.21       2.0502       3.9629
 3936.24      -0.2431       3.4999
 3937.28       0.6789       3.7061
 3938.32       1.8604       4.0986
 3939.36       1.7053       4.1775
 3940.40       0.4436       3.9497
 3941.43       2.4144       4.2114
 3942.47       3.6839       4.4499
 3943.51       5.4345       4.7019
 3944.55       2.4074       4.0789
 3945.58       2.1747       3.9197
 3946.62       3.2894       4.2422
 3947.66       3.4561       4.3996
 3948.70       5.1010       4.6034
 3949.74       4.2335       4.3688
 3950.77       3.2476       4.2149
 3951.81       4.0589       4.4157
 3952.85       0.8368       3.8178
 3953.89      -2.5573       3.3132
 3954.92       0.6967       3.8483
 3955.96       3.2810       4.1913
 3957.00       2.0163       4.0947
 3958.04      -0.3977       3.6350
 3959.08       0.1044       3.7746
 3960.11       2.1693       3.9370
 3961.15       1.9564       3.7809
 3962.19       1.2342       3.6211
 3963.23       0.5689       3.3916
 3964.26       3.3676       3.8405
 3965.30       2.8165       3.8027
 3966.34       1.2582       3.3988
 3967.38       2.4952       3.4884
 3968.41       3.2709       3.5823
 3969.45       2.8345       3.3622
 3970.49       2.4529       3.4455
 3971.53       3.0125       3.6745
 3972.57       1.6708       3.5815
 3973.60      -0.1669       3.3898
 3974.64      -0.4909       3.4473
 3975.68       2.0422       3.6962
 3976.72       2.1037       3.6992
 3977.75       3.6408       3.9609
 3978.79       3.6846       4.0222
 3979.83       1.8390       3.8807
 3980.87       0.8424       3.6925
 3981.91      -0.2230       3.5899
 3982.94       0.0504       3.6734
 3983.98       1.9186       3.8509
 3985.02       2.0431       3.8454
 3986.06       3.2067       4.0044
 3987.09       2.3627       3.8825
 3988.13       0.2939       3.7178
 3989.17       2.9361       4.1086
 3990.21       4.2923       4.2708
 3991.25       1.7938       3.8354
 3992.28       1.3885       3.7631
 3993.32       3.8207       4.1280
 3994.36       3.5336       4.2977
 3995.40       1.6198       3.9760
 3996.43       0.9233       3.6655
 3997.47       2.1170       4.0138
 3998.51       3.3797       4.3349
 3999.55       1.8206       4.1374
 4000.58       0.9950       4.1021
 4001.62       1.5249       4.0933
 4002.66       0.8043       4.3472
 4003.70       1.6837       4.3612
 4004.74       3.6542       4.2509
 4005.77       1.6772       4.0336
 4006.81       3.0164       4.5505
 4007.85       3.8128       4.7207
 4008.89      -0.2134       4.1489
 4009.92      -0.9501       3.9694
 4010.96       0.9905       4.2406
 4012.00       2.0729       4.4575
 4013.04       0.9738       4.1701
 4014.08       1.5373       4.2631
 4015.11       1.5768       4.3895
 4016.15       0.3686       4.1190
 4017.19       1.8564       4.2945
 4018.23       0.3142       4.0208
 4019.26       1.8997       4.2111
 4020.30       3.6446       4.5002
 4021.34       3.0631       4.2921
 4022.38       2.6716       4.1699
 4023.42       1.9032       4.0401
 4024.45       2.3630       4.0511
 4025.49       0.4977       3.7903
 4026.53      -1.2386       3.9064
 4027.57       0.1128       4.0219
 4028.60      -2.0251       3.4928
 4029.64       0.8543       3.8630
 4030.68       2.8174       3.9068
 4031.72      -0.2291       3.5176
 4032.75       1.3722       4.1223
 4033.79       1.9458       3.9290
 4034.83       0.7317       3.6414
 4035.87       1.6532       3.8624
 4036.91       1.8842       3.9451
 4037.94       0.8115       3.8254
 4038.98       2.7759       4.1261
 4040.02       4.2566       4.2708
 4041.06       2.6889       4.0170
 4042.09       2.9320       5.0289
 4043.13       1.4583       4.8984
 4044.17       0.2088       4.7500
 4045.21       2.6046       4.9069
 4046.25       4.6131       5.1536
 4047.28       1.8953       4.8387
 4048.32       2.8867       5.1344
 4049.36       3.6543       5.2822
 4050.40       2.0757       4.7073
 4051.43      -0.0539       3.4544
 4052.47      -0.8024       3.3850
 4053.51       3.1858       3.8535
 4054.55       4.8438       4.0019
 4055.58       0.3014       3.3453
 4056.62       1.3121       3.3825
 4057.66       4.5067       3.7016
 4058.70       1.0154       3.3673
 4059.74      -0.3182       3.3281
 4060.77      -0.4756       3.3103
 4061.81      -0.2356       3.2011
 4062.85       2.4593       3.6215
 4063.89       0.0958       3.2625
 4064.92       0.9053       3.3542
 4065.96       3.3602       3.7488
 4067.00       0.3509       3.2890
 4068.04      -0.3777       3.1932
 4069.08       0.7451       3.3694
 4070.11      -1.0097       3.1117
 4071.15       0.8739       3.2288
 4072.19       4.9292       3.6443
 4073.23       3.3100       3.4091
 4074.26       1.2224       3.2710
 4075.30       3.9942       3.6319
 4076.34       3.2650       3.3863
 4077.38       0.7582       3.1174
 4078.42       0.5440       3.0291
 4079.45       0.6925       2.9886
 4080.49       0.5707       3.0851
 4081.53       2.5780       3.3532
 4082.57       2.9540       3.4074
 4083.60       2.3556       3.2287
 4084.64       2.4732       3.2296
 4085.68       3.5146       3.4213
 4086.72       1.2238       3.1004
 4087.75      -0.0799       3.0094
 4088.79       2.2237       3.2662
 4089.83       1.0949       2.9822
 4090.87       0.7582       2.9956
 4091.91       4.1824       3.4369
 4092.94       3.5053       3.3218
 4093.98       3.0578       3.2600
 4095.02       2.9715       3.2438
 4096.06       1.6249       2.9217
 4097.09       0.0162       2.8834
 4098.13       1.0398       3.0154
 4099.17       1.7845       2.7956
 4100.21       0.5362       2.5607
 4101.25      -0.1360       2.6087
 4102.28       1.3291       2.6652
 4103.32       1.8147       2.5719
 4104.36       2.3324       2.6371
 4105.40       1.5730       2.7677
 4106.43       1.4033       2.8831
 4107.47       1.0656       2.7161
 4108.51      -0.4258       2.5469
 4109.55      -0.0384       2.6530
 4110.58       1.2291       2.8002
 4111.62       1.6352       2.6836
 4112.66       0.4383       2.5588
 4113.70       1.3511       2.7503
 4114.74       0.6905       2.6690
 4115.77       0.4291       2.6149
 4116.81       1.4199       2.6292
 4117.85       1.3078       2.6268
 4118.89       1.5450       2.5952
 4119.92       2.4916       2.6306
 4120.96       1.4689       2.5287
 4122.00       2.3409       2.7366
 4123.04       3.1446       2.9371
 4124.08       1.9680       2.7449
 4125.11       1.3485       2.7005
 4126.15       2.9843       2.7846
 4127.19       3.0684       2.7684
 4128.23       1.3366       2.6014
 4129.26      -0.0206       2.5466
 4130.30       0.9050       2.5682
 4131.34       1.4045       2.5650
 4132.38       1.6263       2.5651
 4133.42       0.6163       2.4631
 4134.45       1.5946       2.5599
 4135.49       2.8977       2.8118
 4136.53       0.3355       2.5556
 4137.57       0.7927       2.5656
 4138.60       3.1062       2.8050
 4139.64       0.5996       2.5436
 4140.68       0.0157       2.4453
 4141.72       2.3146       2.5313
 4142.75       2.6380       2.4133
 4143.79       3.0516       2.4731
 4144.83       3.6762       2.6560
 4145.87       1.4322       2.5483
 4146.91       3.2105       2.7304
 4147.94       3.2981       2.6553
 4148.98       1.2478       2.3791
 4150.02       2.2945       2.5657
 4151.06       0.9355       2.3388
 4152.09       2.5710       2.5229
 4153.13       4.4327       2.7249
 4154.17       2.8926       2.5671
 4155.21       4.3828       2.8023
 4156.25       3.0554       2.7474
 4157.28       1.1423       2.6149
 4158.32      -0.0700       2.3519
 4159.36       1.4417       2.4114
 4160.40       1.9489       2.6062
 4161.43       0.4481       2.4424
 4162.47       4.3082       2.7970
 4163.51       3.7522       2.8166
 4164.55       1.3023       2.5230
 4165.59       0.6021       2.4648
 4166.62       1.3507       2.6300
 4167.66       4.8612       2.9602
 4168.70       3.0013       2.6526
 4169.74       0.9833       2.4671
 4170.77       1.0490       2.4424
 4171.81       1.3359       2.3312
 4172.85       2.4944       2.4399
 4173.89       2.6568       2.4709
 4174.92       2.0069       2.4260
 4175.96       2.9172       2.4996
 4177.00       1.3274       2.3561
 4178.04       0.6761       2.2602
 4179.08       2.0792       2.3603
 4180.11       3.2533       2.4595
 4181.15       2.2818       2.3553
 4182.19       1.9494       2.3033
 4183.23       2.6617       2.2934
 4184.26       1.7796       2.1857
 4185.30       0.6276       2.0814
 4186.34       1.7124       2.1557
 4187.38       1.6575       2.1133
 4188.42       0.8897       2.0326
 4189.45       1.7951       2.1401
 4190.49       2.2048       2.2411
 4191.53       0.5699       2.0709
 4192.57       0.1917       2.0278
 4193.60       1.8004       2.1410
 4194.64       1.9746       2.0983
 4195.68       0.5160       1.9544
 4196.72       0.8259       1.8787
 4197.76       2.1836       1.9878
 4198.79       1.5852       2.0111
 4199.83       1.8822       1.9778
 4200.87       3.4162       2.0938
 4201.91       3.8558       2.1614
 4202.94       2.4220       2.0485
 4203.98       2.1679       2.0257
 4205.02       2.0674       2.0039
 4206.06       2.1429       2.0321
 4207.09       2.3601       2.0610
 4208.13       1.3840       1.9666
 4209.17       1.2988       2.0419
 4210.21       1.8630       2.0722
 4211.25       3.7455       2.2552
 4212.28       2.8014       2.1307
 4213.32      -0.5186       1.8133
 4214.36       0.0059       1.8374
 4215.40       1.0929       1.8658
 4216.43       0.7073       1.8991
 4217.47       2.5075       2.0356
 4218.51       3.7595       2.0916
 4219.55       2.7761       2.0399
 4220.59       3.0007       2.0717
 4221.62       3.0607       2.0178
 4222.66       3.5577       2.0734
 4223.70       2.7264       2.0096
 4224.74       0.0903       1.7119
 4225.77       1.3740       1.7710
 4226.81       3.2574       1.9439
 4227.85       2.3086       1.9079
 4228.89       2.0972       1.8858
 4229.93       2.2040       1.8964
 4230.96       2.4425       1.9418
 4232.00       2.4539       1.9586
 4233.04       1.8416       1.8388
 4234.08       2.7557       1.8667
 4235.11       3.6016       1.9229
 4236.15       4.0409       2.0034
 4237.19       1.4465       1.7669
 4238.23       3.1393       1.8511
 4239.26       3.1356       1.8570
 4240.30       1.5315       1.6886
 4241.34       2.5575       1.7998
 4242.38       2.6002       1.8247
 4243.42       2.8399       1.7921
 4244.45       2.0690       1.7801
 4245.49       2.5935       1.8793
 4246.53       2.3357       1.8117
 4247.57       2.8150       1.8366
 4248.60       3.8785       1.9138
 4249.64       1.5441       1.7012
 4250.68       2.0740       1.6854
 4251.72       3.5392       1.8596
 4252.76       3.8505       1.9297
 4253.79       4.2295       1.9492
 4254.83       4.2914       1.9117
 4255.87       3.6699       1.9046
 4256.91       2.0782       1.7429
 4257.94       2.3050       1.7332
 4258.98       4.5547       1.9220
 4260.02       4.4169       1.7918
 4261.06       2.1644       2.1526
 4262.10       2.7165       2.0507
 4263.13       3.5722       1.7434
 4264.17       2.3923       1.7761
 4265.21       1.5634       1.7284
 4266.25       1.2697       1.6848
 4267.28       2.8814       1.8361
 4268.32       3.6160       1.8209
 4269.36       2.5026       1.6478
 4270.40       3.1170       1.7371
 4271.43       2.4466       1.6549
 4272.47       2.7746       1.6643
 4273.51       3.6597       1.7355
 4274.55       0.8404       1.5534
 4275.59       2.3933       1.7437
 4276.62       3.8530       1.8412
 4277.66       1.7727       1.7008
 4278.70       0.4089       1.5732
 4279.74       1.2888       1.5953
 4280.77       3.7358       1.7060
 4281.81       4.1800       1.7033
 4282.85       3.0895       1.6522
 4283.89       2.6635       1.6055
 4284.93       0.7729       1.4424
 4285.96       1.5452       1.4483
 4287.00       4.0334       1.6073
 4288.04       3.4948       1.5606
 4289.08       2.8066       1.4487
 4290.11       2.0232       1.3820
 4291.15       2.2139       1.4233
 4292.19       2.7439       1.4676
 4293.23       2.7242       1.5143
 4294.27       3.6087       1.5824
 4295.30       3.5883       1.5485
 4296.34       2.0733       1.4187
 4297.38       1.9504       1.3707
 4298.42       2.3168       1.3275
 4299.45       1.2861       1.2388
 4300.49       1.1549       1.1677
 4301.53       3.5283       1.3392
 4302.57       4.4920       1.4524
 4303.60       4.0353       1.3788
 4304.64       2.6965       1.2853
 4305.68       2.4625       1.2783
 4306.72       2.3807       1.2779
 4307.76       1.4029       1.2105
 4308.79       1.3485       1.1870
 4309.83       2.8693       1.2839
 4310.87       4.5414       1.4269
 4311.91       4.0125       1.4269
 4312.94       2.5191       1.3418
 4313.98       2.8489       1.4066
 4315.02       3.8224       1.5196
 4316.06       2.5815       1.4594
 4317.10       2.4478       1.4410
 4318.13       2.0672       1.4635
 4319.17       2.1074       1.4439
 4320.21       3.3732       1.5377
 4321.25       2.4820       1.5016
 4322.28       2.0587       1.4013
 4323.32       2.8998       1.3915
 4324.36       3.0206       1.3795
 4325.40       3.9919       1.4494
 4326.44       4.6497       1.5467
 4327.47       3.8512       1.5363
 4328.51       3.2742       1.4963
 4329.55       4.3847       1.6011
 4330.59       4.7641       1.5976
 4331.62       1.9418       1.3677
 4332.66       2.1549       1.4143
 4333.70       4.3651       1.5985
 4334.74       4.3656       1.6093
 4335.77       5.3983       1.6597
 4336.81       3.7449       1.5147
 4337.85       1.9393       1.3409
 4338.89       3.3110       1.4049
 4339.93       5.2323       1.5036
 4340.96       3.8837       1.4036
 4342.00       2.1821       1.3258
 4343.04       3.2821       1.4147
 4344.08       3.7954       1.4198
 4345.11       4.0533       1.4720
 4346.15       2.9509       1.4609
 4347.19       3.3076       1.4580
 4348.23       3.7340       1.4715
 4349.27       4.1984       1.5279
 4350.30       3.4939       1.4388
 4351.34       2.8618       1.3284
 4352.38       2.8714       1.2950
 4353.42       3.9652       1.3693
 4354.45       3.9011       1.4055
 4355.49       2.3335       1.3700
 4356.53       3.0934       1.4811
 4357.57       5.2387       1.6587
 4358.60       4.8521       1.6273
 4359.64       4.3989       1.5137
 4360.68       4.3160       1.4503
 4361.72       4.2544       1.4805
 4362.76       5.1842       1.5448
 4363.79       4.8488       1.5101
 4364.83       4.9640       1.5292
 4365.87       3.7618       1.4165
 4366.91       2.7519       1.3647
 4367.94       3.6338       1.4343
 4368.98       5.4102       1.5118
 4370.02       3.8432       1.4185
 4371.06       2.2852       1.3330
 4372.10       4.0872       1.4110
 4373.13       4.0596       1.3630
 4374.17       4.6588       1.4156
 4375.21       4.1360       1.4370
 4376.25       4.4103       1.4387
 4377.28       4.0782       1.4749
 4378.32       3.6704       1.4630
 4379.36       5.5951       1.5535
 4380.40       4.7030       1.5134
 4381.44       3.7236       1.4095
 4382.47       3.6227       1.3303
 4383.51       3.5332       1.3004
 4384.55       2.2145       1.2120
 4385.59       2.7987       1.2982
 4386.62       3.8850       1.3562
 4387.66       3.3988       1.3383
 4388.70       3.3533       1.3142
 4389.74       3.4991       1.2873
 4390.77       2.6887       1.2682
 4391.81       3.0919       1.3381
 4392.85       3.9326       1.3466
 4393.89       3.3948       1.3051
 4394.93       3.4999       1.3152
 4395.96       3.3876       1.2968
 4397.00       3.1159       1.3194
 4398.04       2.6932       1.2851
 4399.08       3.8236       1.3684
 4400.11       3.8466       1.3606
 4401.15       4.4104       1.3808
 4402.19       5.0424       1.4348
 4403.23       4.4937       1.4208
 4404.27       2.2225       1.2962
 4405.30       2.4423       1.3211
 4406.34       3.5714       1.4064
 4407.38       4.2922       1.4701
 4408.42       3.7650       1.4298
 4409.45       4.2564       1.4657
 4410.49       4.1871       1.4783
 4411.53       3.7850       1.4687
 4412.57       3.3016       1.4142
 4413.61       2.4720       1.3369
 4414.64       2.8257       1.3611
 4415.68       4.2042       1.4507
 4416.72       4.8795       1.4622
 4417.76       3.8175       1.4249
 4418.79       3.5442       1.4703
 4419.83       2.5255       1.4280
 4420.87       2.8863       1.4183
 4421.91       4.2029       1.4444
 4422.94       3.9819       1.4243
 4423.98       3.2492       1.4153
 4425.02       2.2564       1.3609
 4426.06       2.8024       1.3671
 4427.10       3.2512       1.3631
 4428.13       3.3322       1.3787
 4429.17       3.2756       1.3639
 4430.21       3.3210       1.3800
 4431.25       4.5339       1.4415
 4432.28       2.2823       1.2798
 4433.32       2.4363       1.2925
 4434.36       4.2113       1.3576
 4435.40       4.6710       1.3773
 4436.44       3.6774       1.3414
 4437.47       2.7246       1.3218
 4438.51       3.5458       1.3767
 4439.55       4.2066       1.3705
 4440.59       3.2145       1.3175
 4441.62       2.9412       1.2862
 4442.66       3.7097       1.2864
 4443.70       5.4266       1.3693
 4444.74       5.4629       1.3958
 4445.78       2.9232       1.2766
 4446.81       1.4199       1.1640
 4447.85       1.8630       1.1936
 4448.89       4.6032       1.3474
 4449.93       4.7321       1.3605
 4450.96       3.7757       1.3225
 4452.00       4.5116       1.3506
 4453.04       4.7363       1.3104
 4454.08       3.8230       1.2122
 4455.11       4.0150       1.2153
 4456.15       5.0179       1.2895
 4457.19       4.1750       1.2384
 4458.23       2.1934       1.1198
 4459.27       3.2697       1.2228
 4460.30       4.2644       1.2593
 4461.34       4.7919       1.2420
 4462.38       2.7006       1.1486
 4463.42       1.6350       1.0930
 4464.45       2.2317       1.1301
 4465.49       2.0287       1.1404
 4466.53       2.7493       1.1664
 4467.57       4.2094       1.2462
 4468.61       5.5875       1.3336
 4469.64       4.8807       1.2618
 4470.68       4.0588       1.2209
 4471.72       2.6695       1.1589
 4472.76       2.5477       1.1504
 4473.79       4.4363       1.2840
 4474.83       3.1951       1.1979
 4475.87       2.8044       1.1714
 4476.91       3.3806       1.2157
 4477.95       4.5809       1.2791
 4478.98       5.3240       1.2884
 4480.02       4.5030       1.1962
 4481.06       3.1278       1.1351
 4482.10       4.8032       1.2798
 4483.13       4.5995       1.2680
 4484.17       3.8229       1.2479
 4485.21       4.0920       1.2580
 4486.25       3.7188       1.2468
 4487.28       4.0236       1.2550
 4488.32       2.5444       1.1174
 4489.36       3.1164       1.1299
 4490.40       4.1160       1.2274
 4491.44       4.0873       1.2597
 4492.47       3.1881       1.2096
 4493.51       4.1470       1.2534
 4494.55       4.2029       1.2757
 4495.59       4.4333       1.2646
 4496.62       4.5164       1.2718
 4497.66       3.7627       1.2395
 4498.70       4.5700       1.2952
 4499.74       2.9649       1.2017
 4500.78       2.1771       1.1201
 4501.81       4.5724       1.2494
 4502.85       4.8853       1.3151
 4503.89       4.0170       1.3000
 4504.93       3.9963       1.2592
 4505.96       3.0692       1.1926
 4507.00       3.5728       1.2297
 4508.04       3.4839       1.2153
 4509.08       2.8098       1.1841
 4510.12       3.3638       1.2231
 4511.15       5.0368       1.3003
 4512.19       3.6903       1.2293
 4513.23       3.9528       1.2657
 4514.27       5.4809       1.3569
 4515.30       4.4488       1.2836
 4516.34       2.9315       1.1467
 4517.38       4.3402       1.2454
 4518.42       4.6383       1.2881
 4519.45       2.6103       1.1648
 4520.49       3.2290       1.1974
 4521.53       5.1921       1.3353
 4522.57       3.9007       1.2541
 4523.61       4.4194       1.2545
 4524.64       3.5679       1.1834
 4525.68       3.4230       1.1902
 4526.72       3.1237       1.1507
 4527.76       3.3214       1.1270
 4528.79       4.8960       1.2180
 4529.83       4.7111       1.2131
 4530.87       3.0373       1.1547
 4531.91       3.1411       1.1705
 4532.95       2.9753       1.1398
 4533.98       3.0348       1.1420
 4535.02       3.9508       1.2046
 4536.06       3.6543       1.1761
 4537.10       4.1044       1.1999
 4538.13       4.6939       1.2592
 4539.17       4.7618       1.2406
 4540.21       3.3252       1.1399
 4541.25       2.8425       1.1252
 4542.29       2.5094       1.0909
 4543.32       3.6242       1.1314
 4544.36       3.8989       1.1688
 4545.40       4.0887       1.1766
 4546.44       4.4594       1.2047
 4547.47       3.7981       1.1570
 4548.51       3.2141       1.1051
 4549.55       2.6309       1.0542
 4550.59       4.3880       1.1525
 4551.62       5.0661       1.2224
 4552.66       3.4893       1.1404
 4553.70       2.4536       1.0417
 4554.74       3.4731       1.0956
 4555.78       3.7302       1.1013
 4556.81       4.1912       1.1542
 4557.85       4.5401       1.1920
 4558.89       4.0384       1.1570
 4559.93       3.0221       1.1193
 4560.96       2.5649       1.0812
 4562.00       2.8084       1.0772
 4563.04       2.3468       1.0419
 4564.08       2.3154       1.0341
 4565.12       4.4266       1.1221
 4566.15       4.9408       1.1586
 4567.19       3.1231       1.0696
 4568.23       3.9406       1.1425
 4569.27       4.8914       1.1836
 4570.30       2.8052       1.0502
 4571.34       2.4388       1.0270
 4572.38       3.8131       1.1045
 4573.42       3.8321       1.1155
 4574.46       3.9164       1.1109
 4575.49       4.8514       1.2140
 4576.53       5.0733       1.3207
 4577.57       4.6571       1.2627
 4578.61       3.1986       1.0873
 4579.64       4.6575       1.1446
 4580.68       4.4286       1.1472
 4581.72       2.3533       1.0449
 4582.76       3.2478       1.0694
 4583.79       3.0183       1.0425
 4584.83       2.1459       1.0015
 4585.87       2.2059       0.9987
 4586.91       4.5720       1.1491
 4587.95       4.4339       1.1512
 4588.98       2.5818       1.0237
 4590.02       3.2740       1.0376
 4591.06       4.5646       1.1147
 4592.10       4.8880       1.0993
 4593.13       4.7413       1.0734
 4594.17       4.3106       1.0673
 4595.21       4.1428       1.0415
 4596.25       4.0205       1.0450
 4597.29       3.2747       1.0230
 4598.32       2.6771       1.0025
 4599.36       3.0234       0.9793
 4600.40       3.3628       1.0026
 4601.44       3.7438       1.0241
 4602.47       2.7395       0.9633
 4603.51       1.4617       0.9012
 4604.55       2.0717       0.9395
 4605.59       3.9004       1.0383
 4606.62       2.6313       0.9701
 4607.66       3.3172       1.0416
 4608.70       4.9864       1.1095
 4609.74       4.0482       1.0800
 4610.78       3.5210       1.0481
 4611.81       3.0087       0.9796
 4612.85       3.5215       1.0418
 4613.89       5.0271       1.1022
 4614.93       3.7589       1.0373
 4615.96       3.7008       1.0099
 4617.00       3.4148       1.0166
 4618.04       3.5783       1.0251
 4619.08       2.1286       0.9505
 4620.12       2.8925       1.0013
 4621.15       4.1756       1.0595
 4622.19       2.4328       0.9406
 4623.23       2.2761       0.9534
 4624.27       3.8838       1.0521
 4625.30       3.4014       1.0427
 4626.34       3.6523       1.0095
 4627.38       2.8920       0.9598
 4628.42       3.0081       0.9883
 4629.46       4.0806       1.0367
 4630.49       2.9683       0.9713
 4631.53       1.4926       0.8891
 4632.57       3.3087       1.0020
 4633.61       2.8404       0.9719
 4634.64       2.6625       0.9492
 4635.68       3.1379       0.9613
 4636.72       3.8064       0.9819
 4637.76       2.5893       0.9240
 4638.79       2.6239       0.9084
 4639.83       2.9792       0.9192
 4640.87       2.6280       0.9300
 4641.91       3.2310       0.9508
 4642.95       4.1350       1.0142
 4643.98       3.3042       0.9903
 4645.02       2.5653       0.8912
 4646.06       2.8545       0.8951
 4647.10       2.8726       0.8901
 4648.13       2.6098       0.8885
 4649.17       3.3633       0.9521
 4650.21       4.4561       1.0131
 4651.25       3.6921       0.9485
 4652.29       2.8069       0.9042
 4653.32       3.3655       0.9378
 4654.36       2.9445       0.9189
 4655.40       3.3962       0.9365
 4656.44       3.5673       0.9551
 4657.47       3.1801       0.9601
 4658.51       1.7053       0.9110
 4659.55       2.0345       0.8972
 4660.59       2.6304       1.0316
 4661.62       1.8910       0.9405
 4662.66       2.7568       0.8920
 4663.70       2.9116       0.9128
 4664.74       3.6452       0.9403
 4665.78       3.6156       0.9253
 4666.81       3.7407       0.9525
 4667.85       4.1904       0.9589
 4668.89       3.8168       0.9310
 4669.93       3.1485       0.9172
 4670.96       3.8400       0.9476
 4672.00       2.7514       0.9126
 4673.04       1.8165       0.8698
 4674.08       1.6531       0.8533
 4675.12       2.8899       0.9095
 4676.15       4.0859       0.9820
 4677.19       3.4924       0.9325
 4678.23       3.9983       0.9284
 4679.27       3.2636       0.9064
 4680.30       2.5003       0.8837
 4681.34       2.7128       0.8917
 4682.38       1.9402       0.8559
 4683.42       1.9392       0.8480
 4684.46       3.8561       0.9460
 4685.49       3.5035       0.9401
 4686.53       2.3288       0.8744
 4687.57       2.5316       0.8504
 4688.61       2.8516       0.8719
 4689.64       2.8088       0.8735
 4690.68       2.5762       0.8508
 4691.72       2.3827       0.8350
 4692.76       2.6576       0.8390
 4693.79       2.2857       0.8254
 4694.83       2.9237       0.8614
 4695.87       2.5091       0.8401
 4696.91       2.2749       0.8225
 4697.95       2.6283       0.8301
 4698.98       1.4945       0.7784
 4700.02       2.5842       0.8300
 4701.06       2.2822       0.8073
 4702.10       1.8397       0.7940
 4703.13       2.2288       0.7856
 4704.17       3.4409       0.8680
 4705.21       2.9457       0.8512
 4706.25       2.8011       0.8189
 4707.29       2.7652       0.8198
 4708.32       0.9846       0.7557
 4709.36       1.6544       0.7967
 4710.40       1.9723       0.8059
 4711.44       2.4235       0.8056
 4712.47       2.7088       0.8005
 4713.51       3.1847       0.8356
 4714.55       2.4847       0.8185
 4715.59       2.3478       0.8035
 4716.62       2.4631       0.8363
 4717.66       2.4330       0.8236
 4718.70       2.4453       0.8317
 4719.74       3.3466       0.8790
 4720.78       3.7056       0.8757
 4721.81       4.1358       0.8860
 4722.85       3.3095       0.9455
 4723.89       4.1275       1.3143
 4724.93       3.4748       1.4124
 4725.96       2.5431       1.0747
 4727.00       2.3141       0.9336
 4728.04       2.9560       1.0112
 4729.08       4.1101       1.0295
 4730.12       1.7703       0.9285
 4731.15       2.9869       0.7975
 4732.19       2.7292       0.8307
 4733.23       3.4283       0.8264
 4734.27       3.8080       0.8359
 4735.30       2.9838       0.7948
 4736.34       2.1749       0.7703
 4737.38       4.5755       0.8799
 4738.42       3.7895       0.8395
 4739.46       2.5302       0.7570
 4740.49       3.3336       0.8285
 4741.53       2.1294       0.7811
 4742.57       1.7712       0.7512
 4743.61       3.4202       0.8238
 4744.64       2.3020       0.7846
 4745.68       1.8206       0.7782
 4746.72       1.9605       0.7745
 4747.76       1.5155       0.7391
 4748.80       2.8792       0.8022
 4749.83       3.4145       0.8307
 4750.87       3.2667       0.8385
 4751.91       2.8644       0.8047
 4752.95       2.7659       0.7822
 4753.98       1.8331       0.7675
 4755.02       2.4581       0.7827
 4756.06       1.8958       0.7530
 4757.10       2.1532       0.7393
 4758.13       2.9943       0.7857
 4759.17       2.1222       0.7608
 4760.21       1.3662       0.7340
 4761.25       1.7268       0.7294
 4762.29       1.7665       0.7174
 4763.32       1.4829       0.6954
 4764.36       2.2983       0.7293
 4765.40       2.5234       0.7567
 4766.44       3.6831       0.7859
 4767.47       3.0022       0.7558
 4768.51       2.0110       0.7236
 4769.55       1.8950       0.7427
 4770.59       3.4945       0.8116
 4771.63       3.8881       0.8217
 4772.66       3.5149       0.8061
 4773.70       2.0853       0.7244
 4774.74       0.6439       0.6890
 4775.78       1.5221       0.7410
 4776.81       2.2296       0.7579
 4777.85       2.8951       0.7666
 4778.89       3.4165       0.7964
 4779.93       3.0689       0.7773
 4780.97       2.9768       0.7691
 4782.00       2.3719       0.7302
 4783.04       1.9536       0.7302
 4784.08       2.5958       0.7601
 4785.12       2.5878       0.7585
 4786.15       2.0206       0.7191
 4787.19       4.1050       0.8253
 4788.23       3.7929       0.8133
 4789.27       2.3436       0.7412
 4790.30       1.5792       0.6910
 4791.34       2.3668       0.7393
 4792.38       3.1217       0.7950
 4793.42       3.9228       0.8250
 4794.46       4.3334       0.8555
 4795.49       2.6496       0.7767
 4796.53       3.2002       0.7782
 4797.57       3.0596       0.7997
 4798.61       2.5075       0.7677
 4799.64       2.1710       0.7190
 4800.68       3.2406       0.7811
 4801.72       3.9111       0.8155
 4802.76       3.0239       0.7768
 4803.80       2.0334       0.7185
 4804.83       1.9612       0.7086
 4805.87       1.8104       0.7107
 4806.91       2.0622       0.7213
 4807.95       3.0996       0.7641
 4808.98       1.4650       0.6986
 4810.02       2.0025       0.7174
 4811.06       3.0486       0.7666
 4812.10       2.6587       0.7433
 4813.14       2.8927       0.7470
 4814.17       2.5881       0.7377
 4815.21       2.1875       0.7373
 4816.25       1.7228       0.7195
 4817.29       2.0267       0.7596
 4818.32       2.2669       0.7853
 4819.36       1.4169       0.7375
 4820.40       3.9223       0.8413
 4821.44       4.6554       0.8624
 4822.47       2.2906       0.7533
 4823.51       2.4279       0.7515
 4824.55       3.2125       0.7746
 4825.59       1.9641       0.7274
 4826.63       3.4580       0.7732
 4827.66       2.5543       0.7445
 4828.70       3.5978       0.8364
 4829.74       2.8154       0.7857
 4830.78       3.6275       0.8132
 4831.81       2.6397       0.7571
 4832.85       2.3280       0.7634
 4833.89       2.8603       0.7559
 4834.93       2.2947       0.7558
 4835.97       3.1551       0.7942
 4837.00       1.6870       0.7079
 4838.04       2.7922       0.7540
 4839.08       2.4768       0.7440
 4840.12       2.6941       0.7517
 4841.15       3.3600       0.7639
 4842.19       3.1364       0.7490
 4843.23       1.9724       0.7014
 4844.27       1.9388       0.7185
 4845.31       2.5913       0.7487
 4846.34       3.2592       0.7829
 4847.38       3.3003       0.7675
 4848.42       2.4874       0.7093
 4849.46       2.1613       0.6808
 4850.49       2.4863       0.6967
 4851.53       2.5243       0.7087
 4852.57       3.3868       0.7410
 4853.61       2.9015       0.7109
 4854.64       2.0016       0.6383
 4855.68       1.5603       0.6218
 4856.72       2.6151       0.6404
 4857.76       2.5546       0.6220
 4858.80       2.1791       0.6324
 4859.83       2.9834       0.6704
 4860.87       2.3111       0.6409
 4861.91       2.5168       0.6618
 4862.95       2.3186       0.6366
 4863.98       2.6400       0.6263
 4865.02       2.9674       0.6193
 4866.06       1.8395       0.5801
 4867.10       2.2222       0.5957
 4868.14       3.0659       0.6317
 4869.17       2.1172       0.5934
 4870.21       1.6605       0.5642
 4871.25       1.9357       0.5709
 4872.29       2.9630       0.6022
 4873.32       2.7266       0.5883
 4874.36       2.2107       0.5649
 4875.40       1.9704       0.5604
 4876.44       2.1838       0.5583
 4877.48       2.7149       0.5871
 4878.51       2.4350       0.5828
 4879.55       1.7257       0.5672
 4880.59       2.7776       0.6163
 4881.63       2.4645       0.6112
 4882.66       2.3822       0.5978
 4883.70       2.6695       0.6074
 4884.74       1.9638       0.5799
 4885.78       2.1614       0.5793
 4886.81       2.6358       0.5915
 4887.85       2.3112       0.5838
 4888.89       2.6840       0.6184
 4889.93       3.7895       0.6524
 4890.97       3.7456       0.6501
 4892.00       2.0486       0.6002
 4893.04       2.0217       0.5902
 4894.08       2.8034       0.6640
 4895.12       2.5567       0.6433
 4896.15       2.2175       0.6175
 4897.19       2.2206       0.6086
 4898.23       3.1496       0.6513
 4899.27       2.3735       0.6160
 4900.31       1.9705       0.5880
 4901.34       2.8674       0.6400
 4902.38       2.5511       0.6360
 4903.42       2.6781       0.6531
 4904.46       2.0097       0.6388
 4905.49       3.7365       0.7006
 4906.53       2.7727       0.6665
 4907.57       2.4135       0.6274
 4908.61       2.1857       0.6089
 4909.65       3.1386       0.6624
 4910.68       2.0778       0.6237
 4911.72       1.4189       0.5699
 4912.76       2.1494       0.6122
 4913.80       1.9239       0.6115
 4914.83       2.1628       0.6295
 4915.87       2.5150       0.6429
 4916.91       2.3777       0.6206
 4917.95       2.0933       0.5925
 4918.98       1.7924       0.5584
 4920.02       2.5986       0.5951
 4921.06       2.2936       0.5746
 4922.10       1.3287       0.5635
 4923.14       3.2866       0.6541
 4924.17       2.8281       0.6331
 4925.21       4.1640       0.6865
 4926.25       3.5205       0.6603
 4927.29       2.2585       0.5919
 4928.32       2.7770       0.6137
 4929.36       1.8690       0.5891
 4930.40       2.6212       0.6324
 4931.44       2.6374       0.6308
 4932.48       2.4510       0.6018
 4933.51       2.9253       0.6143
 4934.55       3.6629       0.6463
 4935.59       3.0848       0.6291
 4936.63       2.5098       0.6396
 4937.66       2.3972       0.6348
 4938.70       3.1974       0.6343
 4939.74       2.7074       0.6023
 4940.78       3.2334       0.6249
 4941.81       2.8060       0.6175
 4942.85       2.3230       0.6054
 4943.89       2.4076       0.6225
 4944.93       1.5095       0.5937
 4945.97       2.4523       0.6280
 4947.00       3.4532       0.6646
 4948.04       2.3766       0.6346
 4949.08       1.9899       0.6308
 4950.12       2.7061       0.6519
 4951.15       2.3148       0.6074
 4952.19       3.1981       0.6477
 4953.23       3.8643       0.6810
 4954.27       2.6755       0.6346
 4955.31       2.4305       0.5879
 4956.34       1.8261       0.5758
 4957.38       2.5006       0.6184
 4958.42       3.0172       0.6281
 4959.46       2.7091       0.6181
 4960.49       2.8908       0.6318
 4961.53       2.8548       0.6234
 4962.57       2.8087       0.6140
 4963.61       2.3559       0.6112
 4964.65       2.3861       0.6287
 4965.68       2.5851       0.6313
 4966.72       2.0492       0.5947
 4967.76       3.0784       0.6313
 4968.80       3.8331       0.6468
 4969.83       3.5017       0.6310
 4970.87       2.5919       0.6154
 4971.91       2.7824       0.6233
 4972.95       2.6092       0.6096
 4973.98       2.5934       0.5995
 4975.02       4.1915       0.6643
 4976.06       3.0989       0.6163
 4977.10       2.2268       0.5797
 4978.14       3.5772       0.6367
 4979.17       2.6754       0.5888
 4980.21       2.0865       0.5516
 4981.25       2.8064       0.5850
 4982.29       2.6430       0.5670
 4983.32       2.3598       0.5551
 4984.36       1.6755       0.5317
 4985.40       2.5834       0.5789
 4986.44       2.7006       0.5847
 4987.48       1.7846       0.5575
 4988.51       1.4010       0.5539
 4989.55       2.3215       0.5825
 4990.59       2.5343       0.5801
 4991.63       2.8817       0.5908
 4992.66       2.5172       0.5819
 4993.70       3.2065       0.6077
 4994.74       2.9295       0.5992
 4995.78       2.7394       0.5939
 4996.81       2.4418       0.5672
 4997.85       2.8483       0.5943
 4998.89       2.2544       0.5560
 4999.93       2.7752       0.5763
 5000.97       1.8274       0.5463
 5002.00       2.6614       0.5805
 5003.04       3.3953       0.5837
 5004.08       2.4699       0.5434
 5005.12       1.9488       0.5296
 5006.15       2.2596       0.5459
 5007.19       2.8348       0.5613
 5008.23       2.1776       0.5552
 5009.27       2.4535       0.5500
 5010.31       2.5381       0.5399
 5011.34       3.7889       0.5917
 5012.38       3.0673       0.5580
 5013.42       2.1926       0.5158
 5014.46       2.2639       0.5102
 5015.49       1.6024       0.4878
 5016.53       1.9249       0.5137
 5017.57       2.5743       0.5276
 5018.61       2.5372       0.5233
 5019.65       2.6871       0.5210
 5020.68       2.9303       0.5342
 5021.72       2.4595       0.5265
 5022.76       2.7837       0.5367
 5023.80       2.9475       0.5396
 5024.83       2.6130       0.5276
 5025.87       3.0695       0.5464
 5026.91       2.1999       0.5022
 5027.95       2.2559       0.5004
 5028.98       3.2971       0.5526
 5030.02       3.4982       0.5544
 5031.06       3.3333       0.5479
 5032.10       2.6679       0.5359
 5033.14       1.8053       0.5122
 5034.17       1.7984       0.4969
 5035.21       1.5602       0.4749
 5036.25       2.3851       0.5035
 5037.29       2.7542       0.5150
 5038.32       2.3465       0.5073
 5039.36       1.7912       0.4756
 5040.40       1.4840       0.4613
 5041.44       1.5327       0.4649
 5042.48       2.1544       0.4829
 5043.51       2.3871       0.5191
 5044.55       2.5288       0.5430
 5045.59       2.7664       0.5344
 5046.63       3.1776       0.5454
 5047.66       2.9626       0.5369
 5048.70       2.7148       0.5204
 5049.74       2.7787       0.5267
 5050.78       2.6932       0.5269
 5051.82       2.2936       0.5132
 5052.85       2.6051       0.5263
 5053.89       3.1730       0.5476
 5054.93       1.9312       0.5023
 5055.97       3.0682       0.5450
 5057.00       2.5476       0.5297
 5058.04       1.8094       0.4974
 5059.08       2.2403       0.5174
 5060.12       2.4209       0.5360
 5061.16       3.4227       0.5709
 5062.19       3.2533       0.5503
 5063.23       3.1629       0.5484
 5064.27       2.3779       0.5246
 5065.31       2.2388       0.5062
 5066.34       2.6168       0.5212
 5067.38       1.7739       0.4900
 5068.42       2.1562       0.5115
 5069.46       2.7662       0.5335
 5070.49       2.5359       0.5277
 5071.53       1.8129       0.4909
 5072.57       2.4872       0.5133
 5073.61       3.2457       0.5403
 5074.65       3.0501       0.5278
 5075.68       3.4799       0.5545
 5076.72       2.1932       0.4977
 5077.76       2.3599       0.5116
 5078.80       2.6896       0.5109
 5079.83       2.9670       0.5111
 5080.87       3.0247       0.5049
 5081.91       3.8491       0.5382
 5082.95       3.3793       0.5350
 5083.99       2.6929       0.5118
 5085.02       2.2413       0.4956
 5086.06       2.1467       0.4957
 5087.10       2.2792       0.5025
 5088.14       2.7657       0.5028
 5089.17       3.2376       0.5352
 5090.21       3.5269       0.5510
 5091.25       2.9927       0.5225
 5092.29       2.6958       0.5232
 5093.33       2.1454       0.5044
 5094.36       2.8454       0.5231
 5095.40       2.4339       0.4982
 5096.44       2.9075       0.5147
 5097.48       3.4114       0.5322
 5098.51       3.5347       0.5288
 5099.55       2.8725       0.5029
 5100.59       2.4691       0.4896
 5101.63       2.1047       0.4871
 5102.66       1.7779       0.4867
 5103.70       2.3503       0.5075
 5104.74       2.7704       0.5208
 5105.78       2.4499       0.5080
 5106.82       2.8195       0.5088
 5107.85       2.1957       0.4753
 5108.89       2.7011       0.5043
 5109.93       2.8863       0.5105
 5110.97       1.9003       0.4765
 5112.00       1.8116       0.4763
 5113.04       2.2153       0.4899
 5114.08       2.9052       0.5317
 5115.12       3.0194       0.5383
 5116.16       2.4546       0.4898
 5117.19       1.6987       0.4783
 5118.23       1.0656       0.4094
 5119.27       2.0517       0.5979
 5120.31       2.3289       0.6616
 5121.34       1.7216       0.5780
 5122.38       2.2378       0.4658
 5123.42       2.8398       0.4934
 5124.46       1.8079       0.4501
 5125.50       1.9314       0.4574
 5126.53       1.8668       0.4731
 5127.57       1.8152       0.4614
 5128.61       1.6991       0.4561
 5129.65       2.0790       0.4802
 5130.68       3.0151       0.5083
 5131.72       3.2100       0.5088
 5132.76       2.2982       0.4799
 5133.80       1.8950       0.4757
 5134.83       1.8286       0.4765
 5135.87       2.5315       0.4847
 5136.91       3.0134       0.5073
 5137.95       1.5451       0.4546
 5138.99       2.4366       0.4803
 5140.02       1.9654       0.4603
 5141.06       1.4911       0.4345
 5142.10       2.4913       0.4855
 5143.14       2.9509       0.4890
 5144.17       1.8170       0.4532
 5145.21       2.1042       0.4688
 5146.25       2.1748       0.4696
 5147.29       2.1383       0.4599
 5148.33       1.7408       0.4461
 5149.36       2.0349       0.4609
 5150.40       2.9304       0.4920
 5151.44       2.3872       0.4629
 5152.48       2.3209       0.4711
 5153.51       2.6084       0.4908
 5154.55       2.3134       0.4647
 5155.59       2.3333       0.4599
 5156.63       2.8025       0.4810
 5157.67       1.9790       0.4519
 5158.70       2.4401       0.4574
 5159.74       2.7060       0.4667
 5160.78       1.7296       0.4347
 5161.82       1.5297       0.4270
 5162.85       2.0721       0.4488
 5163.89       2.5494       0.4586
 5164.93       1.2654       0.4006
 5165.97       1.3119       0.3784
 5167.00       1.9132       0.3898
 5168.04       0.9430       0.3563
 5169.08       1.3807       0.3810
 5170.12       2.4219       0.4356
 5171.16       2.4349       0.4226
 5172.19       3.2775       0.4191
 5173.23       2.9194       0.4176
 5174.27       2.2061       0.4127
 5175.31       1.9787       0.4175
 5176.34       1.9214       0.4138
 5177.38       1.5727       0.4057
 5178.42       1.6016       0.4060
 5179.46       2.3839       0.4263
 5180.50       2.5813       0.4264
 5181.53       1.5186       0.3815
 5182.57       1.6608       0.3680
 5183.61       1.3555       0.3578
 5184.65       1.2122       0.3491
 5185.68       2.7665       0.4316
 5186.72       2.8916       0.4602
 5187.76       2.4825       0.4520
 5188.80       2.7412       0.4718
 5189.83       2.3927       0.4495
 5190.87       2.5027       0.4340
 5191.91       1.5264       0.4055
 5192.95       1.5032       0.3966
 5193.99       2.6184       0.4325
 5195.02       3.2137       0.4674
 5196.06       2.3542       0.5276
 5197.10       2.2283       0.6129
 5198.14       2.8452       0.7149
 5199.17       2.3681       0.6922
 5200.21       1.9137       0.6187
 5201.25       2.5712       0.5920
 5202.29       2.5839       0.5393
 5203.33       1.9165       0.4824
 5204.36       1.1643       0.4294
 5205.40       1.7017       0.4136
 5206.44       1.8166       0.4043
 5207.48       2.4966       0.4381
 5208.51       2.7806       0.4539
 5209.55       2.9898       0.4629
 5210.59       2.3164       0.4394
 5211.63       2.6471       0.4536
 5212.67       2.7370       0.4568
 5213.70       2.7125       0.4428
 5214.74       2.7849       0.4667
 5215.78       2.1163       0.4281
 5216.82       2.8734       0.4597
 5217.85       2.8776       0.4661
 5218.89       2.5891       0.4581
 5219.93       1.6204       0.4217
 5220.97       2.5227       0.4455
 5222.00       3.2942       0.4809
 5223.04       2.8423       0.4907
 5224.08       2.3968       0.4884
 5225.12       2.4615       0.4647
 5226.16       2.2607       0.4238
 5227.19       2.4324       0.4159
 5228.23       1.6349       0.3874
 5229.27       1.6062       0.3913
 5230.31       1.7578       0.4136
 5231.34       1.4992       0.4153
 5232.38       2.4302       0.4426
 5233.42       2.7058       0.4368
 5234.46       1.9127       0.4061
 5235.50       1.7214       0.4027
 5236.53       2.4976       0.4511
 5237.57       2.7975       0.4991
 5238.61       2.6208       0.4975
 5239.65       2.0377       0.4707
 5240.68       2.4464       0.4593
 5241.72       2.0888       0.4273
 5242.76       2.0984       0.4192
 5243.80       2.4149       0.4236
 5244.83       2.7030       0.4363
 5245.87       1.5741       0.4027
 5246.91       1.5272       0.4029
 5247.95       1.8907       0.4143
 5248.99       1.9844       0.4243
 5250.02       1.7961       0.4154
 5251.06       1.8499       0.4240
 5252.10       2.2150       0.4287
 5253.14       2.0977       0.4325
 5254.17       2.2632       0.4472
 5255.21       2.0722       0.4909
 5256.25       2.3077       0.5029
 5257.29       3.0205       0.4963
 5258.33       1.9258       0.4403
 5259.36       1.3728       0.4030
 5260.40       1.9868       0.4091
 5261.44       2.2482       0.4121
 5262.48       2.3974       0.4182
 5263.51       1.4629       0.3673
 5264.55       1.4511       0.3605
 5265.59       2.3441       0.3975
 5266.63       1.3095       0.3608
 5267.67       1.5987       0.3690
 5268.70       2.5779       0.4052
 5269.74       3.0975       0.4168
 5270.78       2.9430       0.4133
 5271.82       1.7923       0.3846
 5272.85       1.4186       0.3926
 5273.89       2.5467       0.4314
 5274.93       2.1952       0.4369
 5275.97       1.7239       0.4303
 5277.00       2.2612       0.4409
 5278.04       2.7713       0.4457
 5279.08       2.5967       0.4295
 5280.12       2.8844       0.4186
 5281.16       2.2557       0.4045
 5282.19       1.3608       0.3765
 5283.23       1.7618       0.3788
 5284.27       2.3833       0.3968
 5285.31       1.3732       0.3766
 5286.34       2.1059       0.4007
 5287.38       2.8412       0.4351
 5288.42       2.2057       0.4183
 5289.46       2.7406       0.4307
 5290.50       1.6332       0.4129
 5291.53       1.8311       0.4168
 5292.57       2.1275       0.4273
 5293.61       2.0866       0.4229
 5294.65       2.4371       0.4275
 5295.68       2.1765       0.4101
 5296.72       2.0646       0.4150
 5297.76       1.7413       0.4268
 5298.80       2.3965       0.4478
 5299.83       3.1221       0.4679
 5300.87       2.4958       0.4451
 5301.91       1.9076       0.4096
 5302.95       1.5278       0.3979
 5303.99       2.3404       0.4369
 5305.02       2.7454       0.4520
 5306.06       2.0273       0.4406
 5307.10       2.7638       0.4579
 5308.14       1.8703       0.4205
 5309.17       3.0054       0.4513
 5310.21       3.7321       0.4740
 5311.25       3.5913       0.4717
 5312.29       2.6348       0.4568
 5313.33       1.5007       0.4208
 5314.36       2.9748       0.4583
 5315.40       1.9809       0.4205
 5316.44       1.9385       0.4200
 5317.48       3.0565       0.4541
 5318.51       1.8656       0.4090
 5319.55       1.9726       0.4181
 5320.59       1.8463       0.4173
 5321.63       2.1386       0.4250
 5322.67       1.8519       0.4227
 5323.70       1.1136       0.4005
 5324.74       2.1031       0.4244
 5325.78       2.2846       0.4299
 5326.82       1.3826       0.3881
 5327.85       1.5498       0.3755
 5328.89       1.3909       0.3858
 5329.93       2.3106       0.4256
 5330.97       1.6710       0.4202
 5332.00       2.1947       0.4376
 5333.04       3.2040       0.4633
 5334.08       2.5452       0.4348
 5335.12       2.0774       0.4158
 5336.16       1.8888       0.4027
 5337.19       1.1094       0.3849
 5338.23       1.3536       0.3870
 5339.27       2.1784       0.4031
 5340.31       2.8743       0.4222
 5341.34       3.0912       0.4314
 5342.38       2.4523       0.4172
 5343.42       1.6643       0.3743
 5344.46       2.6748       0.4644
 5345.50       2.2242       0.4807
 5346.53       1.2528       0.4000
 5347.57       2.8075       0.4365
 5348.61       2.6809       0.4376
 5349.65       1.2659       0.4081
 5350.68       1.5131       0.4206
 5351.72       2.0492       0.4255
 5352.76       1.7634       0.4198
 5353.80       2.1842       0.4336
 5354.84       1.9697       0.4256
 5355.87       1.7031       0.4201
 5356.91       2.5284       0.4396
 5357.95       1.7300       0.4230
 5358.99       1.2715       0.3992
 5360.02       1.4506       0.3997
 5361.06       1.0895       0.3894
 5362.10       1.7416       0.4011
 5363.14       1.8840       0.4030
 5364.17       1.5156       0.3857
 5365.21       1.2276       0.3843
 5366.25       0.8087       0.3686
 5367.29       0.6693       0.3714
 5368.33       0.9748       0.3696
 5369.36       2.4120       0.4177
 5370.40       1.9147       0.4065
 5371.44       1.7473       0.4010
 5372.48       1.7930       0.4023
 5373.51       1.1164       0.3888
 5374.55       2.1880       0.4193
 5375.59       2.4730       0.4259
 5376.63       3.0093       0.4454
 5377.67       2.4589       0.4281
 5378.70       2.2357       0.4267
 5379.74       1.6526       0.4004
 5380.78       1.1650       0.3861
 5381.82       2.3113       0.4213
 5382.85       2.0318       0.4060
 5383.89       2.3989       0.4090
 5384.93       1.9319       0.4021
 5385.97       1.3143       0.3790
 5387.01       1.4624       0.3869
 5388.04       1.5534       0.3850
 5389.08       1.8931       0.3898
 5390.12       1.7067       0.3825
 5391.16       1.8957       0.3945
 5392.19       2.0600       0.4024
 5393.23       1.7307       0.3853
 5394.27       1.3723       0.3696
 5395.31       1.1297       0.3624
 5396.34       1.5187       0.3687
 5397.38       1.7935       0.3779
 5398.42       1.7241       0.3792
 5399.46       1.7254       0.3781
 5400.50       0.6680       0.3511
 5401.53       1.1522       0.3692
 5402.57       1.7445       0.3857
 5403.61       1.9767       0.3849
 5404.65       2.2652       0.3894
 5405.68       1.7038       0.3727
 5406.72       1.5306       0.3617
 5407.76       1.9925       0.3823
 5408.80       1.9270       0.3812
 5409.84       1.2487       0.3564
 5410.87       1.5927       0.3706
 5411.91       1.7300       0.3828
 5412.95       2.1405       0.3991
 5413.99       1.4407       0.3778
 5415.02       1.1136       0.3674
 5416.06       1.4317       0.3684
 5417.10       1.9296       0.3961
 5418.14       1.7348       0.3906
 5419.18       1.7002       0.3949
 5420.21       2.6582       0.4249
 5421.25       1.9901       0.4010
 5422.29       1.4229       0.3828
 5423.33       1.5930       0.3790
 5424.36       1.5430       0.3682
 5425.40       1.9485       0.3933
 5426.44       0.7070       0.3611
 5427.48       0.6653       0.3569
 5428.52       1.6964       0.3821
 5429.55       1.8209       0.3889
 5430.59       1.7672       0.3873
 5431.63       1.9090       0.3908
 5432.67       1.4627       0.3818
 5433.70       1.5936       0.3801
 5434.74       1.8758       0.3950
 5435.78       1.5933       0.3844
 5436.82       1.3587       0.3818
 5437.85       1.8665       0.3916
 5438.89       1.3576       0.3790
 5439.93       1.6802       0.3966
 5440.97       2.4566       0.4221
 5442.01       2.7114       0.4245
 5443.04       2.1152       0.4095
 5444.08       2.1565       0.4001
 5445.12       1.9975       0.3923
 5446.16       1.5858       0.3931
 5447.19       1.6924       0.3940
 5448.23       2.4940       0.4120
 5449.27       3.3214       0.4471
 5450.31       3.0454       0.4461
 5451.35       2.3021       0.4191
 5452.38       2.1435       0.4121
 5453.42       2.4182       0.4161
 5454.46       1.7149       0.3886
 5455.50       1.6236       0.3801
 5456.53       1.9303       0.4028
 5457.57       1.8165       0.4037
 5458.61       0.9936       0.3898
 5459.65       1.3594       0.4267
 5460.69       1.7466       0.4493
 5461.72       1.6920       0.4402
 5462.76       1.1871       0.4056
 5463.80       1.9258       0.4092
 5464.84       1.6412       0.3982
 5465.87       2.2039       0.4058
 5466.91       2.0142       0.4120
 5467.95       1.2500       0.3815
 5468.99       2.3222       0.4173
 5470.02       2.4385       0.4218
 5471.06       2.5259       0.4184
 5472.10       1.8907       0.3947
 5473.14       1.3997       0.3933
 5474.18       1.5106       0.3862
 5475.21       1.8677       0.3912
 5476.25       1.3751       0.3689
 5477.29       2.2470       0.4000
 5478.33       1.9347       0.3854
 5479.36       1.5556       0.3863
 5480.40       1.5838       0.3841
 5481.44       1.2599       0.3691
 5482.48       2.4868       0.4199
 5483.52       2.3478       0.4167
 5484.55       2.1587       0.4112
 5485.59       3.3920       0.4514
 5486.63       2.9942       0.4341
 5487.67       1.8670       0.3954
 5488.70       2.0212       0.3998
 5489.74       2.5089       0.4097
 5490.78       1.6243       0.3881
 5491.82       1.3303       0.3794
 5492.85       1.8553       0.3971
 5493.89       2.2445       0.4115
 5494.93       2.3384       0.4132
 5495.97       2.0409       0.4055
 5497.01       1.5620       0.4027
 5498.04       2.1250       0.4142
 5499.08       1.5777       0.3970
 5500.12       1.0764       0.3777
 5501.16       1.5362       0.3899
 5502.19       0.9979       0.3707
 5503.23       1.8209       0.4061
 5504.27       2.2791       0.4114
 5505.31       1.8895       0.4028
 5506.35       2.2796       0.4181
 5507.38       1.2959       0.3927
 5508.42       1.9911       0.4079
 5509.46       1.8527       0.4152
 5510.50       1.9255       0.4140
 5511.53       1.2371       0.3848
 5512.57       1.1101       0.3719
 5513.61       1.5889       0.3946
 5514.65       1.3959       0.4002
 5515.69       1.3756       0.3917
 5516.72       2.1804       0.4232
 5517.76       1.6982       0.4074
 5518.80       0.9557       0.3789
 5519.84       1.6087       0.4031
 5520.87       1.9711       0.4068
 5521.91       1.1577       0.3781
 5522.95       0.4596       0.3626
 5523.99       1.2763       0.3922
 5525.02       1.9366       0.4155
 5526.06       1.5050       0.4070
 5527.10       1.6125       0.3891
 5528.14       1.2572       0.3729
 5529.18       1.4125       0.3870
 5530.21       1.8835       0.4050
 5531.25       2.4142       0.4273
 5532.29       1.8489       0.4066
 5533.33       0.9096       0.3705
 5534.36       1.0368       0.3840
 5535.40       2.0431       0.4179
 5536.44       3.1255       0.4498
 5537.48       3.5711       0.4677
 5538.52       2.9295       0.4505
 5539.55       1.7023       0.4205
 5540.59       1.5012       0.4306
 5541.63       1.3352       0.4448
 5542.67       2.8970       0.5134
 5543.70       2.0218       0.4968
 5544.74       2.1548       0.4948
 5545.78       2.3593       0.4832
 5546.82       1.9850       0.4365
 5547.85       2.1543       0.4496
 5548.89       0.3608       0.3888
 5549.93       0.9604       0.4201
 5550.97       1.8699       0.4340
 5552.01       0.9972       0.4076
 5553.04       1.8824       0.4355
 5554.08       1.2909       0.4207
 5555.12       1.5326       0.4232
 5556.16       1.7814       0.4317
 5557.19       2.8316       0.4705
 5558.23       1.4181       0.4256
 5559.27       1.2563       0.4333
 5560.31       2.2248       0.4591
 5561.35       1.8943       0.4649
 5562.38       1.5793       0.4905
 5563.42       1.2283       0.5225
 5564.46       2.2320       0.5484
 5565.50       2.6047       0.5249
 5566.53       2.2064       0.4699
 5567.57       1.5029       0.4538
 5568.61       2.2384       0.4803
 5569.65       1.9998       0.4779
 5570.69       1.4731       0.4711
 5571.72       1.6936       0.4749
 5572.76       2.3199       0.5376
 5573.80       1.4777       0.6388
 5574.84       1.5689       2.3467
 5575.87       1.2234       6.2709
 5576.91       1.6734       8.9668
 5577.95       1.8659       8.0974
 5578.99       1.8692       4.1126
 5580.02       2.8152       1.2289
 5581.06       1.3030       0.4769
 5582.10       1.8559       0.5034
 5583.14       2.3830       0.5046
 5584.18       1.8471       0.4632
 5585.21       2.4097       0.4892
 5586.25       2.8877       0.4979
 5587.29       2.4952       0.4988
 5588.33       2.0060       0.5163
 5589.36       2.4478       0.5459
 5590.40       1.2556       0.4798
 5591.44       1.1647       0.4380
 5592.48       1.4611       0.4292
 5593.52       2.0231       0.4375
 5594.55       1.7121       0.4307
 5595.59       1.7196       0.4535
 5596.63       1.7064       0.4669
 5597.67       1.6648       0.4720
 5598.70       1.9105       0.4683
 5599.74       1.8938       0.4552
 5600.78       1.2340       0.4160
 5601.82       1.8453       0.4369
 5602.86       1.9445       0.4591
 5603.89       2.5171       0.5220
 5604.93       2.7471       0.5678
 5605.97       2.5457       0.5576
 5607.01       1.8039       0.4860
 5608.04       1.9494       0.4699
 5609.08       1.2733       0.4346
 5610.12       1.2736       0.4172
 5611.16       1.3430       0.4248
 5612.19       1.8090       0.4387
 5613.23       2.3483       0.4554
 5614.27       2.4382       0.4530
 5615.31       2.2331       0.4662
 5616.35       2.3802       0.4892
 5617.38       2.1757       0.4919
 5618.42       1.8701       0.4737
 5619.46       1.1635       0.4307
 5620.50       1.0736       0.4267
 5621.53       1.5134       0.4658
 5622.57       2.5427       0.5412
 5623.61       2.3216       0.5565
 5624.65       1.2156       0.5128
 5625.69       1.6183       0.5027
 5626.72       1.9590       0.4775
 5627.76       1.7921       0.4592
 5628.80       2.6902       0.4999
 5629.84       2.6318       0.4877
 5630.87       2.7647       0.4966
 5631.91       2.5902       0.5013
 5632.95       2.4132       0.5059
 5633.99       1.7307       0.4833
 5635.03       1.8667       0.4806
 5636.06       2.6239       0.5117
 5637.10       3.2259       0.5271
 5638.14       2.0617       0.4901
 5639.18       1.7188       0.5074
 5640.21       1.8173       0.4937
 5641.25       1.7854       0.5269
 5642.29       1.8967       0.5421
 5643.33       0.6106       0.4863
 5644.36       1.5818       0.5145
 5645.40       1.4251       0.5306
 5646.44       1.6015       0.5341
 5647.48       0.3880       0.4682
 5648.52       0.8355       0.4803
 5649.55       2.0650       0.5191
 5650.59       2.2077       0.5250
 5651.63       1.5742       0.5097
 5652.67       0.9908       0.4898
 5653.70       0.9100       0.4931
 5654.74       1.4523       0.4972
 5655.78       2.6780       0.5337
 5656.82       2.4309       0.5390
 5657.86       1.9317       0.5293
 5658.89       1.4940       0.5088
 5659.93       1.3925       0.4953
 5660.97       0.8656       0.4789
 5662.01       1.8677       0.5269
 5663.04       1.5232       0.5252
 5664.08       1.5355       0.5289
 5665.12       2.9658       0.5907
 5666.16       1.6741       0.5390
 5667.20       2.3463       0.5630
 5668.23       1.4460       0.5460
 5669.27       0.7451       0.5281
 5670.31       2.4490       0.6194
 5671.35       1.9884       0.5859
 5672.38       0.2831       0.5223
 5673.42       1.0848       0.5579
 5674.46       2.2239       0.6034
 5675.50       1.2718       0.5752
 5676.53       1.2885       0.5875
 5677.57       1.9973       0.6035
 5678.61       2.5143       0.6420
 5679.65       2.0702       0.6148
 5680.69       1.0897       0.5651
 5681.72       1.8498       0.6204
 5682.76       3.5581       0.6962
 5683.80       2.1805       0.6367
 5684.84       1.5521       0.6321
 5685.87       2.3270       0.6591
 5686.91       2.1788       0.6502
 5687.95       1.3395       0.6140
 5688.99       1.6528       0.6444
 5690.03       1.7848       0.6750
 5691.06       1.1663       0.6454
 5692.10       0.8774       0.6257
 5693.14       1.0086       0.6313
 5694.18       2.0629       0.6720
 5695.21       2.0588       0.6958
 5696.25       1.7966       0.6876
 5697.29       2.2441       0.6999
 5698.33       1.2249       0.6646
 5699.37       1.3532       0.6558
 5700.40       0.9204       0.6338
 5701.44       1.8631       0.6856
 5702.48       1.3102       0.6702
 5703.52       1.8470       0.6846
 5704.55       2.6464       0.7430
 5705.59       2.1804       0.7099
 5706.63       1.8320       0.7056
 5707.67       1.2684       0.6882
 5708.70       2.1453       0.7190
 5709.74       2.2787       0.7248
 5710.78       1.7136       0.7174
 5711.82       1.6833       0.7133
 5712.86       1.2346       0.7017
 5713.89       1.1666       0.7024
 5714.93       2.0462       0.7471
 5715.97       1.9636       0.7433
 5717.01       2.3749       0.7610
 5718.04       2.3815       0.7778
 5719.08       2.5217       0.8052
 5720.12       0.8402       0.7044
 5721.16       1.0561       0.7062
 5722.20       2.1920       0.8036
 5723.23       3.3576       0.8637
 5724.27       2.9924       0.8555
 5725.31       2.2669       0.8452
 5726.35       2.2644       0.8555
 5727.38       2.7319       0.8697
 5728.42       1.8998       0.8298
 5729.46       1.6516       0.8280
 5730.50       2.3858       0.8744
 5731.54       0.6983       0.7710
 5732.57       3.0407       0.9191
 5733.61       1.8086       0.8726
 5734.65       2.6567       0.9323
 5735.69      -0.2639       0.7566
 5736.72       2.7273       0.8961
 5737.76       1.7670       0.8725
 5738.80       1.7608       0.8629
 5739.84       2.2691       0.9368
 5740.87       1.9993       0.9125
 5741.91       0.9166       0.7629
 5742.95       1.7937       0.7753
 5743.99       1.9282       0.7631
 5745.03       2.2572       0.6897
 5746.06       1.9189       0.6816
 5747.10       1.6664       0.6104
 5748.14       1.5834       0.5470
 5749.18       1.3962       0.5623
 5750.21       1.1839       0.5682
 5751.25       1.0830       0.5440
 5752.29       1.4640       0.5662
 5753.33       1.3805       0.5724
 5754.37       0.7346       0.5462
 5755.40       0.8207       0.5581
 5756.44       1.2628       0.5833
 5757.48       1.4504       0.5844
 5758.52       1.2334       0.5774
 5759.55       0.9989       0.5659
 5760.59       1.1635       0.5501
 5761.63       1.2770       0.5450
 5762.67       1.3900       0.5559
 5763.71       1.8655       0.5712
 5764.74       2.2970       0.5858
 5765.78       2.2133       0.5889
 5766.82       1.7953       0.5782
 5767.86       1.3182       0.5637
 5768.89       1.1476       0.5589
 5769.93       1.3299       0.5647
 5770.97       1.5724       0.5658
 5772.01       1.5064       0.5485
 5773.04       1.5424       0.5339
 5774.08       1.8420       0.5315
 5775.12       2.0050       0.5296
 5776.16       1.7672       0.5204
 5777.20       1.4704       0.5137
 5778.23       1.6981       0.5253
 5779.27       2.0877       0.5358
 5780.31       1.9630       0.5251
 5781.35       1.0848       0.4962
 5782.38       0.5856       0.4796
 5783.42       1.3846       0.4933
 5784.46       2.0079       0.5013
 5785.50       1.5890       0.4840
 5786.54       1.5756       0.4813
 5787.57       1.2897       0.4732
 5788.61       0.6017       0.4534
 5789.65       0.9254       0.4706
 5790.69       1.4558       0.4907
 5791.72       1.1798       0.4736
 5792.76       0.8439       0.4507
 5793.80       0.9502       0.4487
 5794.84       1.1439       0.4595
 5795.88       1.5905       0.4739
 5796.91       1.9891       0.4749
 5797.95       1.5783       0.4524
 5798.99       0.8808       0.4295
 5800.03       0.7303       0.4306
 5801.06       1.0832       0.4424
 5802.10       1.4207       0.4510
 5803.14       1.2900       0.4520
 5804.18       1.2171       0.4450
 5805.21       1.4076       0.4381
 5806.25       1.6621       0.4432
 5807.29       1.8524       0.4526
 5808.33       1.8842       0.4562
 5809.37       1.9395       0.4617
 5810.40       1.7322       0.4499
 5811.44       1.1653       0.4162
 5812.48       0.7018       0.3963
 5813.52       0.7052       0.3982
 5814.55       1.1875       0.4045
 5815.59       1.1822       0.4005
 5816.63       0.6626       0.3893
 5817.67       0.5378       0.3879
 5818.71       0.8360       0.3945
 5819.74       1.2378       0.4005
 5820.78       1.8008       0.4120
 5821.82       2.1341       0.4204
 5822.86       1.9493       0.4170
 5823.89       1.3883       0.4061
 5824.93       0.8955       0.3937
 5825.97       0.9986       0.3874
 5827.01       1.2373       0.3819
 5828.04       1.3269       0.3779
 5829.08       1.3539       0.3806
 5830.12       1.4867       0.3909
 5831.16       1.7522       0.3991
 5832.20       1.5129       0.3911
 5833.23       1.1756       0.3803
 5834.27       1.3541       0.3856
 5835.31       1.6597       0.3815
 5836.35       1.5857       0.3660
 5837.38       1.3265       0.3650
 5838.42       1.1212       0.3745
 5839.46       1.2236       0.3817
 5840.50       1.2987       0.3713
 5841.54       1.4034       0.3597
 5842.57       1.5104       0.3631
 5843.61       1.4212       0.3622
 5844.65       1.3288       0.3549
 5845.69       1.4026       0.3505
 5846.72       1.3899       0.3496
 5847.76       1.2956       0.3501
 5848.80       1.3784       0.3497
 5849.84       1.3211       0.3459
 5850.88       1.1463       0.3401
 5851.91       1.3723       0.5092
 5852.95       1.5880       0.5041
 5853.99       2.0746       0.5132
 5855.03       1.8578       0.5110
 5856.06       1.3308       0.4980
 5857.10       1.4340       0.4898
 5858.14       2.0033       0.5069
 5859.18       2.1702       0.5232
 5860.21       1.3876       0.4885
 5861.25       0.7046       0.4548
 5862.29       1.1477       0.4828
 5863.33       1.4265       0.3624
 5864.37       1.3530       0.4050
 5865.40       1.3434       0.4382
 5866.44       1.2640       0.4576
 5867.48       1.2311       0.4607
 5868.52       1.2869       0.4464
 5869.55       1.2712       0.4144
 5870.59       1.2157       0.3799
 5871.63       1.4070       0.3658
 5872.67       1.6605       0.3644
 5873.71       1.7038       0.3561
 5874.74       1.5526       0.3433
 5875.78       1.2936       0.3249
 5876.82       1.0702       0.3074
 5877.86       1.0879       0.3065
 5878.89       1.2764       0.3132
 5879.93       1.2542       0.3054
 5880.97       1.2506       0.2963
 5882.01       1.4521       0.3027
 5883.04       1.5195       0.3152
 5884.08       1.7686       0.3415
 5885.12       2.4122       0.4056
 5886.16       2.7323       0.5097
 5887.20       2.5970       0.6698
 5888.23       2.3030       0.8485
 5889.27       2.0501       0.9630
 5890.31       1.6908       0.9680
 5891.35       0.7949       0.8836
 5892.38       0.5185       0.7684
 5893.42       1.1868       0.6861
 5894.46       1.2448       0.6545
 5895.50       1.0898       0.6590
 5896.54       1.5864       0.6486
 5897.57       1.6766       0.5876
 5898.61       1.4511       0.4801
 5899.65       1.7467       0.3869
 5900.69       2.1253       0.3398
 5901.72       2.1600       0.3267
 5902.76       1.9425       0.3248
 5903.80       1.6853       0.3203
 5904.84       1.5153       0.3124
 5905.88       1.1133       0.3050
 5906.91       0.7916       0.3027
 5907.95       0.9263       0.3065
 5908.99       1.2136       0.3071
 5910.03       1.3261       0.3014
 5911.06       1.2093       0.2941
 5912.10       1.3543       0.3152
 5913.14       1.6603       0.3563
 5914.18       1.7069       0.3784
 5915.21       1.1603       0.3742
 5916.25       0.7572       0.3641
 5917.29       1.0005       0.3538
 5918.33       1.5630       0.3363
 5919.37       1.5056       0.3025
 5920.40       1.6040       0.2880
 5921.44       2.0078       0.3020
 5922.48       2.1553       0.3177
 5923.52       1.7582       0.3187
 5924.55       1.0575       0.3048
 5925.59       0.7492       0.2978
 5926.63       0.9634       0.2975
 5927.67       1.2896       0.2976
 5928.71       1.5171       0.2983
 5929.74       1.5733       0.3137
 5930.78       1.5634       0.3478
 5931.82       1.4669       0.3762
 5932.86       1.3402       0.3822
 5933.89       1.2285       0.3720
 5934.93       1.1696       0.3445
 5935.97       1.1639       0.3087
 5937.01       1.1318       0.2794
 5938.05       1.2271       0.2659
 5939.08       1.5646       0.2657
 5940.12       1.5843       0.2659
 5941.16       1.4025       0.2627
 5942.20       1.4982       0.2656
 5943.23       1.4474       0.2708
 5944.27       1.2163       0.2763
 5945.31       1.1267       0.2816
 5946.35       1.3033       0.2842
 5947.38       1.5804       0.2845
 5948.42       1.4647       0.2801
 5949.46       1.3296       0.2838
 5950.50       1.6188       0.3025
 5951.54       1.4441       0.3243
 5952.57       1.0338       0.3389
 5953.61       1.2565       0.3440
 5954.65       1.5231       0.3399
 5955.69       1.4621       0.3255
 5956.72       1.7119       0.3009
 5957.76       1.6577       0.2721
 5958.80       1.3241       0.2531
 5959.84       1.2047       0.2469
 5960.88       1.3529       0.2495
 5961.91       1.5507       0.2558
 5962.95       1.6606       0.2629
 5963.99       1.6490       0.2663
 5965.03       1.5404       0.2628
 5966.06       1.4544       0.2567
 5967.10       1.4585       0.2560
 5968.14       1.4533       0.2618
 5969.18       1.5325       0.2718
 5970.22       1.6697       0.2804
 5971.25       1.8033       0.2848
 5972.29       1.7666       0.2820
 5973.33       1.4556       0.2729
 5974.37       0.9115       0.2691
 5975.40       0.6596       0.2777
 5976.44       1.1230       0.2913
 5977.48       1.5850       0.2981
 5978.52       1.4617       0.2907
 5979.55       1.2064       0.2723
 5980.59       1.1530       0.2565
 5981.63       1.2703       0.2499
 5982.67       1.1350       0.2437
 5983.71       1.0069       0.2387
 5984.74       1.3099       0.2400
 5985.78       1.4813       0.2411
 5986.82       1.3206       0.2394
 5987.86       1.3281       0.2430
 5988.89       1.1482       0.2391
 5989.93       0.7697       0.2261
 5990.97       0.9498       0.2239
 5992.01       1.2856       0.2302
 5993.05       1.2122       0.2339
 5994.08       1.2832       0.2377
 5995.12       1.5282       0.2422
 5996.16       1.5586       0.2464
 5997.20       1.5037       0.2471
 5998.23       1.5686       0.2463
 5999.27       1.4960       0.2449
 6000.31       1.5122       0.2456
 6001.35       1.7353       0.2493
 6002.39       1.7899       0.2531
 6003.42       1.7557       0.2568
 6004.46       1.9047       0.2605
 6005.50       1.9082       0.2570
 6006.54       1.6668       0.2454
 6007.57       1.4258       0.2330
 6008.61       1.3181       0.2232
 6009.65       1.3496       0.2174
 6010.69       1.5996       0.2199
 6011.72       1.7518       0.2241
 6012.76       1.5727       0.2229
 6013.80       1.4021       0.2196
 6014.84       1.5287       0.2204
 6015.88       1.8591       0.2265
 6016.91       1.9082       0.2250
 6017.95       1.4421       0.2130
 6018.99       0.9821       0.2044
 6020.03       1.0165       0.2054
 6021.06       1.3681       0.2107
 6022.10       1.3405       0.2129
 6023.14       1.2007       0.2127
 6024.18       1.4690       0.2142
 6025.22       1.8148       0.2174
 6026.25       1.9791       0.2211
 6027.29       1.8978       0.2222
 6028.33       1.7284       0.2203
 6029.37       1.5699       0.2169
 6030.40       1.3661       0.2139
 6031.44       1.2002       0.2130
 6032.48       1.1335       0.2143
 6033.52       1.2605       0.2195
 6034.56       1.4032       0.2222
 6035.59       1.3889       0.2181
 6036.63       1.5308       0.2159
 6037.67       1.6847       0.2157
 6038.71       1.4998       0.2110
 6039.74       1.3067       0.2071
 6040.78       1.3231       0.2065
 6041.82       1.5269       0.2085
 6042.86       1.3963       0.2054
 6043.89       0.8946       0.1972
 6044.93       0.8835       0.1982
 6045.97       1.3805       0.2068
 6047.01       1.8146       0.2123
 6048.05       1.6697       0.2075
 6049.08       1.3504       0.2005
 6050.12       1.7849       0.2076
 6051.16       1.9656       0.2107
 6052.20       1.4735       0.2021
 6053.23       1.4524       0.2029
 6054.27       1.7536       0.2093
 6055.31       1.8235       0.2099
 6056.35       1.5127       0.2056
 6057.39       1.1151       0.1979
 6058.42       0.9850       0.1893
 6059.46       1.2799       0.1925
 6060.50       1.6466       0.2028
 6061.54       1.5755       0.2026
 6062.57       1.4514       0.2002
 6063.61       1.6240       0.2042
 6064.65       1.5376       0.2025
 6065.69       1.4786       0.2023
 6066.73       1.7528       0.2094
 6067.76       1.7524       0.2096
 6068.80       1.4823       0.2029
 6069.84       1.4026       0.1998
 6070.88       1.5294       0.2006
 6071.91       1.6758       0.2020
 6072.95       1.6432       0.2011
 6073.99       1.4656       0.1971
 6075.03       1.3556       0.1933
 6076.06       1.5529       0.1922
 6077.10       1.7095       0.1928
 6078.14       1.6160       0.1950
 6079.18       1.6444       0.1963
 6080.22       1.7439       0.1947
 6081.25       1.7430       0.1927
 6082.29       1.6493       0.1928
 6083.33       1.4768       0.1928
 6084.37       1.5571       0.1947
 6085.40       1.6111       0.1924
 6086.44       1.3539       0.1842
 6087.48       1.5745       0.1885
 6088.52       1.9735       0.1970
 6089.56       1.8043       0.1926
 6090.59       1.5706       0.1911
 6091.63       1.4341       0.1935
 6092.67       1.1029       0.1869
 6093.71       1.0052       0.1845
 6094.74       1.3274       0.1918
 6095.78       1.8577       0.1984
 6096.82       2.0232       0.1994
 6097.86       1.7339       0.1967
 6098.90       1.4376       0.1916
 6099.93       1.4937       0.1896
 6100.97       1.8126       0.1929
 6102.01       1.9762       0.1961
 6103.05       1.7902       0.1959
 6104.08       1.5829       0.1955
 6105.12       1.5421       0.1959
 6106.16       1.6688       0.1965
 6107.20       1.8398       0.1978
 6108.23       1.8042       0.1962
 6109.27       1.5417       0.1911
 6110.31       1.4588       0.1895
 6111.35       1.5263       0.1902
 6112.39       1.3673       0.1871
 6113.42       1.2214       0.1842
 6114.46       1.2697       0.1835
 6115.50       1.2665       0.1812
 6116.54       1.3156       0.1804
 6117.57       1.4791       0.1825
 6118.61       1.5835       0.1830
 6119.65       1.4370       0.1795
 6120.69       1.1143       0.1743
 6121.73       1.3378       0.1783
 6122.76       1.7979       0.1853
 6123.80       1.6157       0.1805
 6124.84       1.2714       0.1723
 6125.88       1.1775       0.1696
 6126.91       1.1864       0.1710
 6127.95       1.3195       0.1761
 6128.99       1.5579       0.1820
 6130.03       1.4771       0.1789
 6131.06       1.2915       0.1720
 6132.10       1.3722       0.1722
 6133.14       1.6947       0.1803
 6134.18       1.9589       0.1898
 6135.22       1.8901       0.1915
 6136.25       1.6803       0.1944
 6137.29       1.6359       0.2029
 6138.33       1.8268       0.2065
 6139.37       1.9331       0.2044
 6140.40       1.7055       0.2009
 6141.44       1.4995       0.2003
 6142.48       1.3168       0.2013
 6143.52       1.1037       0.1992
 6144.56       1.3549       0.2028
 6145.59       1.8468       0.2071
 6146.63       1.7268       0.1977
 6147.67       1.6032       0.1862
 6148.71       1.9169       0.1839
 6149.74       2.0514       0.1856
 6150.78       1.7296       0.1834
 6151.82       1.2192       0.1753
 6152.86       1.1520       0.1737
 6153.90       1.4983       0.1777
 6154.93       1.6219       0.1763
 6155.97       1.6711       0.1751
 6157.01       1.7258       0.1761
 6158.05       1.5949       0.1737
 6159.08       1.4953       0.1731
 6160.12       1.5716       0.1753
 6161.16       1.4939       0.1700
 6162.20       1.4594       0.1645
 6163.23       1.6907       0.1697
 6164.27       1.6234       0.1689
 6165.31       1.3316       0.1639
 6166.35       1.2781       0.1674
 6167.39       1.3270       0.1807
 6168.42       1.3728       0.1995
 6169.46       1.5860       0.2173
 6170.50       1.6889       0.2253
 6171.54       1.4962       0.2205
 6172.57       1.3561       0.2075
 6173.61       1.2619       0.1938
 6174.65       1.0814       0.1835
 6175.69       1.1304       0.1813
 6176.73       1.3701       0.1829
 6177.76       1.3887       0.1822
 6178.80       1.4375       0.1769
 6179.84       1.6007       0.1703
 6180.88       1.5838       0.1676
 6181.91       1.6145       0.1709
 6182.95       1.7502       0.1749
 6183.99       1.5329       0.1728
 6185.03       1.1267       0.1659
 6186.06       1.1119       0.1633
 6187.10       1.2339       0.1642
 6188.14       1.2880       0.1673
 6189.18       1.2513       0.1709
 6190.22       1.3842       0.1746
 6191.25       1.7043       0.1776
 6192.29       1.6248       0.1760
 6193.33       1.5899       0.1764
 6194.37       1.9748       0.1817
 6195.40       1.8040       0.1786
 6196.44       1.2525       0.1689
 6197.48       1.2591       0.1661
 6198.52       1.3574       0.1695
 6199.56       1.3000       0.1785
 6200.59       1.4264       0.1929
 6201.63       1.7162       0.2099
 6202.67       1.9411       0.2213
 6203.71       1.6271       0.2159
 6204.74       1.2625       0.2002
 6205.78       1.4749       0.1886
 6206.82       1.6317       0.1764
 6207.86       1.5602       0.1675
 6208.90       1.6207       0.1711
 6209.93       1.7422       0.1798
 6210.97       1.7700       0.1837
 6212.01       1.5115       0.1812
 6213.05       1.4205       0.1795
 6214.08       1.7886       0.1838
 6215.12       2.0174       0.1839
 6216.16       1.8624       0.1779
 6217.20       1.5651       0.1729
 6218.23       1.3416       0.1749
 6219.27       1.3958       0.1882
 6220.31       1.6595       0.2078
 6221.35       1.7175       0.2192
 6222.39       1.4727       0.2151
 6223.42       1.3986       0.2028
 6224.46       1.6225       0.1919
 6225.50       1.8128       0.1841
 6226.54       1.6274       0.1713
 6227.57       1.4112       0.1621
 6228.61       1.6394       0.1675
 6229.65       1.9513       0.1767
 6230.69       1.9662       0.1889
 6231.73       1.6509       0.2096
 6232.76       1.3930       0.2430
 6233.80       1.4371       0.2859
 6234.84       1.5015       0.3254
 6235.88       1.4914       0.3442
 6236.91       1.5442       0.3376
 6237.95       1.4528       0.3053
 6238.99       1.3265       0.2661
 6240.03       1.3593       0.2386
 6241.07       1.5194       0.2322
 6242.10       1.5599       0.2321
 6243.14       1.2737       0.2232
 6244.18       1.0677       0.2097
 6245.22       1.2592       0.2009
 6246.25       1.4385       0.1931
 6247.29       1.5676       0.1857
 6248.33       1.7107       0.1798
 6249.37       1.4489       0.1714
 6250.40       1.0843       0.1621
 6251.44       1.3606       0.1624
 6252.48       1.6208       0.1644
 6253.52       1.4731       0.1745
 6254.56       1.5001       0.2062
 6255.59       1.3145       0.2499
 6256.63       1.0264       0.2896
 6257.67       1.2453       0.3201
 6258.71       1.5750       0.3221
 6259.74       1.4256       0.2909
 6260.78       1.6026       0.2548
 6261.82       1.9801       0.2319
 6262.86       1.6780       0.2141
 6263.90       1.3182       0.2103
 6264.93       1.3911       0.2157
 6265.97       1.5162       0.2222
 6267.01       1.6442       0.2201
 6268.05       1.7790       0.2097
 6269.08       1.8170       0.1949
 6270.12       1.7654       0.1827
 6271.16       1.7550       0.1783
 6272.20       1.4036       0.1731
 6273.24       1.0383       0.1685
 6274.27       1.3791       0.1773
 6275.31       1.8245       0.1871
 6276.35       1.8721       0.1874
 6277.39       1.6541       0.1838
 6278.42       1.4024       0.1774
 6279.46       1.3118       0.1694
 6280.50       1.3448       0.1620
 6281.54       1.4590       0.1597
 6282.58       1.6183       0.1653
 6283.61       1.5054       0.1810
 6284.65       1.2770       0.2095
 6285.69       1.4389       0.2465
 6286.73       1.7152       0.2772
 6287.76       1.7183       0.2876
 6288.80       1.2873       0.2700
 6289.84       1.1156       0.2387
 6290.88       1.6449       0.2142
 6291.91       1.8784       0.1915
 6292.95       1.6359       0.1741
 6293.99       1.5929       0.1891
 6295.03       1.5965       0.2315
 6296.07       2.0148       0.4832
 6297.10       2.0448       0.9843
 6298.14       1.7574       1.7033
 6299.18       2.4039       2.3893
 6300.22       3.5290       2.7775
 6301.25       3.7419       2.6770
 6302.29       2.8965       2.1748
 6303.33       2.1631       1.4160
 6304.37       1.7098       0.7520
 6305.41       1.4980       0.4384
 6306.44       1.6074       0.4049
 6307.48       1.4249       0.3595
 6308.52       1.2227       0.3221
 6309.56       0.9968       0.2459
 6310.59       0.7900       0.1905
 6311.63       0.9816       0.1666
 6312.67       1.3486       0.1613
 6313.71       1.3473       0.1578
 6314.75       1.2115       0.1526
 6315.78       1.2100       0.1491
 6316.82       1.2043       0.1522
 6317.86       1.1046       0.1595
 6318.90       0.9643       0.1692
 6319.93       0.9629       0.1819
 6320.97       1.1872       0.1960
 6322.01       1.4751       0.2056
 6323.05       1.5304       0.1980
 6324.08       1.3738       0.1812
 6325.12       1.2797       0.1733
 6326.16       1.3490       0.1851
 6327.20       1.4502       0.2143
 6328.24       1.3403       0.2459
 6329.27       1.1219       0.2649
 6330.31       1.0166       0.2646
 6331.35       1.1592       0.2501
 6332.39       1.3014       0.2215
 6333.42       1.2308       0.1836
 6334.46       1.3141       0.1613
 6335.50       1.5163       0.1559
 6336.54       1.4705       0.1510
 6337.58       1.2495       0.1478
 6338.61       1.0746       0.1479
 6339.65       1.0771       0.1522
 6340.69       1.2962       0.1563
 6341.73       1.5060       0.1567
 6342.76       1.5104       0.1565
 6343.80       1.4472       0.1588
 6344.84       1.5632       0.1636
 6345.88       1.6118       0.1706
 6346.92       1.4357       0.1771
 6347.95       1.1630       0.1799
 6348.99       1.0516       0.1785
 6350.03       1.1909       0.1749
 6351.07       1.4918       0.1703
 6352.10       1.5637       0.1696
 6353.14       1.2557       0.1759
 6354.18       0.9795       0.1912
 6355.22       0.9899       0.2085
 6356.25       1.1858       0.2215
 6357.29       1.2508       0.2129
 6358.33       1.2584       0.2166
 6359.37       1.6703       0.2588
 6360.41       1.8230       0.3892
 6361.44       1.0780       0.5882
 6362.48       1.1221       0.7964
 6363.52       1.4060       0.9214
 6364.56       0.8236       0.9032
 6365.59       0.7765       0.7463
 6366.63       1.3142       0.5251
 6367.67       1.3602       0.3222
 6368.71       1.2483       0.2025
 6369.75       1.6421       0.1607
 6370.78       1.6671       0.1538
 6371.82       1.5706       0.1528
 6372.86       1.6269       0.1515
 6373.90       1.3009       0.1492
 6374.93       1.0973       0.1489
 6375.97       1.4942       0.1550
 6377.01       1.8377       0.1629
 6378.05       1.7440       0.1665
 6379.08       1.4366       0.1635
 6380.12       1.3373       0.1611
 6381.16       1.5683       0.1640
 6382.20       1.7148       0.1654
 6383.24       1.5577       0.1657
 6384.27       1.2400       0.1678
 6385.31       1.2331       0.1748
 6386.35       1.4089       0.1815
 6387.39       1.4659       0.1826
 6388.42       1.2820       0.1719
 6389.46       1.0941       0.1560
 6390.50       1.3286       0.1495
 6391.54       1.6807       0.1505
 6392.58       1.7536       0.1507
 6393.61       1.5187       0.1490
 6394.65       1.3124       0.1457
 6395.69       1.3955       0.1435
 6396.73       1.2015       0.1393
 6397.76       0.9994       0.1362
 6398.80       1.3485       0.1383
 6399.84       1.7066       0.1421
 6400.88       1.7191       0.1430
 6401.92       1.4966       0.1404
 6402.95       1.3544       0.1388
 6403.99       1.4787       0.1405
 6405.03       1.2736       0.1369
 6406.07       1.1287       0.1347
 6407.10       1.3817       0.1394
 6408.14       1.4808       0.1398
 6409.18       1.2595       0.1348
 6410.22       1.0788       0.1333
 6411.25       1.1331       0.1360
 6412.29       1.3551       0.1412
 6413.33       1.3974       0.1450
 6414.37       1.4192       0.1469
 6415.41       1.4660       0.1469
 6416.44       1.2769       0.1444
 6417.48       1.0257       0.1433
 6418.52       1.0018       0.1456
 6419.56       1.2773       0.1513
 6420.59       1.6013       0.1551
 6421.63       1.8934       0.1559
 6422.67       1.7186       0.1487
 6423.71       1.3203       0.1390
 6424.75       1.2888       0.1382
 6425.78       1.4966       0.1402
 6426.82       1.5426       0.1365
 6427.86       1.4209       0.1337
 6428.90       1.2808       0.1334
 6429.93       1.3540       0.1348
 6430.97       1.4219       0.1358
 6432.01       1.3989       0.1355
 6433.05       1.4545       0.1352
 6434.08       1.5302       0.1344
 6435.12       1.5749       0.1330
 6436.16       1.4964       0.1312
 6437.20       1.5015       0.1320
 6438.24       1.6989       0.1355
 6439.27       1.7151       0.1368
 6440.31       1.5661       0.1359
 6441.35       1.5232       0.1364
 6442.39       1.4369       0.1347
 6443.42       1.2687       0.1305
 6444.46       1.1126       0.1265
 6445.50       1.0471       0.1262
 6446.54       1.0820       0.1293
 6447.58       1.3127       0.1339
 6448.61       1.3499       0.1355
 6449.65       0.9871       0.1325
 6450.69       1.1816       0.1340
 6451.73       1.7167       0.1388
 6452.76       1.5989       0.1374
 6453.80       1.2832       0.1356
 6454.84       1.2048       0.1368
 6455.88       1.1235       0.1366
 6456.92       1.1545       0.1362
 6457.95       1.3163       0.1381
 6458.99       1.3969       0.1409
 6460.03       1.4376       0.1470
 6461.07       1.5367       0.1577
 6462.10       1.5341       0.1740
 6463.14       1.4615       0.1948
 6464.18       1.4626       0.2127
 6465.22       1.1028       0.2168
 6466.25       0.5982       0.2114
 6467.29       0.9502       0.2117
 6468.33       1.4323       0.2148
 6469.37       1.2607       0.2116
 6470.41       1.0836       0.2060
 6471.44       1.1019       0.1979
 6472.48       1.1703       0.1878
 6473.52       1.1712       0.1704
 6474.56       1.1954       0.1515
 6475.59       1.4895       0.1467
 6476.63       1.5812       0.1461
 6477.67       1.3052       0.1410
 6478.71       1.1500       0.1421
 6479.75       1.1793       0.1427
 6480.78       1.2721       0.1369
 6481.82       1.1334       0.1281
 6482.86       1.0019       0.1230
 6483.90       1.2313       0.1248
 6484.93       1.3159       0.1258
 6485.97       1.1289       0.1221
 6487.01       1.1960       0.1207
 6488.05       1.3489       0.1218
 6489.08       1.4003       0.1237
 6490.12       1.3743       0.1240
 6491.16       1.3165       0.1227
 6492.20       1.3115       0.1243
 6493.24       1.3796       0.1274
 6494.27       1.4687       0.1428
 6495.31       1.5453       0.1738
 6496.35       1.4751       0.2188
 6497.39       1.4132       0.2646
 6498.42       1.8111       0.2946
 6499.46       1.8796       0.2912
 6500.50       1.2398       0.2589
 6501.54       0.7747       0.2172
 6502.58       0.8154       0.1891
 6503.61       1.1000       0.1784
 6504.65       1.3448       0.1786
 6505.69       1.4965       0.1763
 6506.73       1.6811       0.1713
 6507.76       1.6350       0.1575
 6508.80       1.3599       0.1394
 6509.84       1.1741       0.1285
 6510.88       1.0857       0.1286
 6511.92       1.0232       0.1333
 6512.95       1.1383       0.1369
 6513.99       1.3565       0.1353
 6515.03       1.4909       0.1325
 6516.07       1.3183       0.1271
 6517.10       1.1042       0.1237
 6518.14       1.0792       0.1225
 6519.18       1.2223       0.1310
 6520.22       1.3874       0.1472
 6521.26       1.4445       0.1573
 6522.29       1.3483       0.1601
 6523.33       1.1943       0.1605
 6524.37       1.0977       0.1536
 6525.41       1.1209       0.1423
 6526.44       1.2172       0.1341
 6527.48       1.0865       0.1277
 6528.52       0.8805       0.1331
 6529.56       0.9909       0.1578
 6530.59       1.3619       0.1960
 6531.63       1.6409       0.2310
 6532.67       1.3224       0.2501
 6533.71       0.8745       0.2479
 6534.75       1.0083       0.2306
 6535.78       1.2574       0.1975
 6536.82       1.3898       0.1609
 6537.86       1.4725       0.1360
 6538.90       1.5128       0.1291
 6539.93       1.5471       0.1346
 6540.97       1.5520       0.1473
 6542.01       1.3359       0.1582
 6543.05       0.9866       0.1635
 6544.09       1.0227       0.1668
 6545.12       1.3034       0.1670
 6546.16       1.3849       0.1620
 6547.20       1.3714       0.1483
 6548.24       1.3224       0.1366
 6549.27       1.2527       0.1403
 6550.31       1.2420       0.1653
 6551.35       1.2304       0.2035
 6552.39       1.2046       0.2403
 6553.43       1.1861       0.2599
 6554.46       1.1630       0.2553
 6555.50       1.0813       0.2274
 6556.54       1.1196       0.1870
 6557.58       1.3848       0.1502
 6558.61       1.3983       0.1343
 6559.65       1.1206       0.1432
 6560.69       0.9993       0.1663
 6561.73       1.0283       0.1882
 6562.76       1.1170       0.1970
 6563.80       1.2569       0.1944
 6564.84       1.4101       0.1817
 6565.88       1.5632       0.1662
 6566.92       1.5243       0.1554
 6567.95       1.3588       0.1515
 6568.99       1.3374       0.1517
 6570.03       1.2400       0.1476
 6571.07       1.1163       0.1376
 6572.10       1.2810       0.1296
 6573.14       1.5859       0.1352
 6574.18       1.6775       0.1559
 6575.22       1.5678       0.1831
 6576.26       1.3661       0.2050
 6577.29       1.1862       0.2116
 6578.33       1.0302       0.2039
 6579.37       1.0449       0.1851
 6580.41       1.2685       0.1591
 6581.44       1.4790       0.1366
 6582.48       1.4758       0.1220
 6583.52       1.1846       0.1135
 6584.56       1.0224       0.1116
 6585.60       1.1860       0.1130
 6586.63       1.1609       0.1109
 6587.67       0.9497       0.1065
 6588.71       0.8651       0.1065
 6589.75       1.0012       0.1106
 6590.78       1.1755       0.1139
 6591.82       1.1638       0.1122
 6592.86       1.0210       0.1127
 6593.90       0.9568       0.1202
 6594.93       1.0233       0.1282
 6595.97       1.2344       0.1351
 6597.01       1.4377       0.1391
 6598.05       1.4403       0.1356
 6599.09       1.2331       0.1286
 6600.12       1.0201       0.1254
 6601.16       0.9299       0.1321
 6602.20       0.9820       0.1466
 6603.24       1.0057       0.1586
 6604.27       0.9675       0.1629
 6605.31       0.9352       0.1580
 6606.35       0.9652       0.1456
 6607.39       1.0738       0.1320
 6608.43       1.2152       0.1222
 6609.46       1.0946       0.1137
 6610.50       0.8508       0.1072
 6611.54       1.0132       0.1086
 6612.58       1.2991       0.1127
 6613.61       1.4755       0.1149
 6614.65       1.4636       0.1145
 6615.69       1.3338       0.1129
 6616.73       1.2762       0.1131
 6617.77       1.2827       0.1147
 6618.80       1.2015       0.1141
 6619.84       0.9411       0.1092
 6620.88       0.8761       0.1077
 6621.92       0.9185       0.1091
 6622.95       1.0820       0.1112
 6623.99       1.2783       0.1152
 6625.03       1.4440       0.1211
 6626.07       1.5178       0.1261
 6627.10       1.4447       0.1271
 6628.14       1.2920       0.1246
 6629.18       1.1633       0.1220
 6630.22       1.2295       0.1236
 6631.26       1.4683       0.1288
 6632.29       1.4304       0.1324
 6633.33       1.1685       0.1334
 6634.37       1.1288       0.1351
 6635.41       1.2839       0.1351
 6636.44       1.3677       0.1307
 6637.48       1.1507       0.1212
 6638.52       0.9130       0.1131
 6639.56       0.9885       0.1115
 6640.60       1.2075       0.1128
 6641.63       1.2989       0.1129
 6642.67       1.1413       0.1112
 6643.71       1.2895       0.1136
 6644.75       1.6278       0.1177
 6645.78       1.4824       0.1153
 6646.82       0.9807       0.1089
 6647.86       0.6614       0.1055
 6648.90       0.8057       0.1085
 6649.94       1.1211       0.1128
 6650.97       1.1620       0.1121
 6652.01       1.1949       0.1117
 6653.05       1.2109       0.1119
 6654.09       1.0509       0.1101
 6655.12       1.2055       0.1123
 6656.16       1.5302       0.1166
 6657.20       1.3436       0.1147
 6658.24       1.0194       0.1103
 6659.27       0.9864       0.1092
 6660.31       1.0030       0.1109
 6661.35       1.0944       0.1143
 6662.39       1.2409       0.1167
 6663.43       1.1811       0.1159
 6664.46       0.9670       0.1133
 6665.50       0.8629       0.1122
 6666.54       0.8427       0.1140
 6667.58       0.9444       0.1176
 6668.61       1.2632       0.1214
 6669.65       1.4682       0.1205
 6670.69       1.4225       0.1157
 6671.73       1.2364       0.1127
 6672.77       1.1167       0.1118
 6673.80       1.2181       0.1103
 6674.84       1.2703       0.1087
 6675.88       1.0949       0.1060
 6676.92       0.8416       0.1026
 6677.95       0.5800       0.1002
 6678.99       0.5313       0.1007
 6680.03       0.8593       0.1039
 6681.07       1.2507       0.1075
 6682.10       1.3730       0.1091
 6683.14       1.3752       0.1100
 6684.18       1.3001       0.1103
 6685.22       1.1553       0.1096
 6686.26       1.1721       0.1099
 6687.29       1.3005       0.1110
 6688.33       1.3135       0.1114
 6689.37       1.2125       0.1098
 6690.41       1.1033       0.1071
 6691.44       1.1056       0.1057
 6692.48       1.1677       0.1356
 6693.52       1.4576       0.1419
 6694.56       1.2726       0.1419
 6695.60       0.8400       0.1366
 6696.63       0.7799       0.1338
 6697.67       1.0520       0.1383
 6698.71       1.2951       0.1459
 6699.75       1.1380       0.1460
 6700.78       0.9002       0.1434
 6701.82       0.9048       0.1436
 6702.86       1.0216       0.1289
 6703.90       1.0851       0.1147
 6704.94       1.1401       0.1034
 6705.97       0.8592       0.1118
 6707.01       0.7793       0.1069
 6708.05       1.1077       0.1103
 6709.09       1.2993       0.1122
 6710.12       1.1111       0.1102
 6711.16       1.0022       0.1076
 6712.20       1.0222       0.1060
 6713.24       1.1314       0.1067
 6714.27       1.2815       0.1082
 6715.31       1.2280       0.1083
 6716.35       0.9907       0.1075
 6717.39       0.8580       0.1049
 6718.43       0.9227       0.1025
 6719.46       0.9963       0.1031
 6720.50       0.9693       0.1028
 6721.54       0.9180       0.1008
 6722.58       1.0200       0.1020
 6723.61       1.1740       0.1042
 6724.65       1.2054       0.1041
 6725.69       0.9489       0.1021
 6726.73       0.7135       0.1001
 6727.77       0.8421       0.0999
 6728.80       0.9721       0.1011
 6729.84       0.9883       0.1033
 6730.88       1.1388       0.1060
 6731.92       1.1687       0.1071
 6732.95       0.9899       0.1057
 6733.99       0.8212       0.1033
 6735.03       0.8356       0.1018
 6736.07       0.9734       0.1015
 6737.10       1.0228       0.1015
 6738.14       0.9304       0.1013
 6739.18       0.8211       0.1016
 6740.22       0.7496       0.1033
 6741.26       0.7893       0.1059
 6742.29       0.8850       0.1067
 6743.33       1.0424       0.1068
 6744.37       1.1775       0.1073
 6745.41       1.0227       0.1063
 6746.44       0.8829       0.1051
 6747.48       1.0711       0.1050
 6748.52       1.2358       0.1047
 6749.56       1.2129       0.1034
 6750.60       1.1383       0.1016
 6751.63       0.9824       0.1003
 6752.67       0.8232       0.0996
 6753.71       0.7265       0.0986
 6754.75       0.7138       0.0976
 6755.78       0.7179       0.0971
 6756.82       0.6407       0.0968
 6757.86       0.5771       0.0964
 6758.90       0.6437       0.0958
 6759.94       0.8031       0.0971
 6760.97       0.9548       0.0994
 6762.01       1.0460       0.1003
 6763.05       1.0541       0.1008
 6764.09       1.0060       0.1011
 6765.12       0.7881       0.0981
 6766.16       0.7252       0.0973
 6767.20       0.9588       0.1015
 6768.24       1.0105       0.1032
 6769.27       0.8788       0.1010
 6770.31       0.9104       0.0990
 6771.35       1.0061       0.0984
 6772.39       1.0780       0.0993
 6773.43       1.1538       0.1010
 6774.46       1.1181       0.1012
 6775.50       0.9778       0.0998
 6776.54       0.9747       0.1002
 6777.58       0.9862       0.1014
 6778.61       0.8561       0.1010
 6779.65       0.8267       0.0995
 6780.69       0.8637       0.0981
 6781.73       0.9064       0.0993
 6782.77       1.0190       0.1019
 6783.80       1.0852       0.1033
 6784.84       1.0121       0.1016
 6785.88       0.8768       0.0991
 6786.92       0.9037       0.0997
 6787.95       1.0116       0.1018
 6788.99       1.0636       0.1028
 6790.03       1.0049       0.1016
 6791.07       0.9404       0.1004
 6792.11       0.8656       0.0995
 6793.14       0.8369       0.0986
 6794.18       1.0408       0.0999
 6795.22       1.3387       0.1022
 6796.26       1.3638       0.1024
 6797.29       1.1288       0.0996
 6798.33       0.8264       0.0955
 6799.37       0.6862       0.0941
 6800.41       0.7801       0.0958
 6801.44       0.8478       0.0976
 6802.48       0.9228       0.0998
 6803.52       0.9973       0.1013
 6804.56       1.0530       0.1012
 6805.60       1.0729       0.1001
 6806.63       1.0508       0.0990
 6807.67       0.9471       0.0981
 6808.71       0.9264       0.0982
 6809.75       1.0447       0.0986
 6810.78       0.9956       0.0970
 6811.82       0.8862       0.0956
 6812.86       0.9080       0.0973
 6813.90       0.9335       0.0990
 6814.94       0.9227       0.0990
 6815.97       0.8631       0.0971
 6817.01       0.6843       0.0945
 6818.05       0.5231       0.0936
 6819.09       0.5487       0.0949
 6820.12       0.6471       0.0960
 6821.16       0.7009       0.0966
 6822.20       0.7560       0.0960
 6823.24       0.8565       0.1023
 6824.28       0.9891       0.1214
 6825.31       0.9945       0.1532
 6826.35       0.7775       0.1984
 6827.39       0.3880       0.2465
 6828.43       0.2330       0.2849
 6829.46       0.5033       0.3078
 6830.50       0.9263       0.3112
 6831.54       1.2456       0.3063
 6832.58       1.3198       0.3010
 6833.61       1.0301       0.2943
 6834.65       0.8093       0.2787
 6835.69       1.0651       0.2530
 6836.73       1.3363       0.2116
 6837.77       1.2732       0.1648
 6838.80       1.0358       0.1395
 6839.84       1.0338       0.1390
 6840.88       1.2910       0.1449
 6841.92       1.2739       0.1478
 6842.95       1.0758       0.1406
 6843.99       0.9975       0.1289
 6845.03       1.0290       0.1156
 6846.07       1.0576       0.1046
 6847.11       0.9522       0.0973
 6848.14       1.0662       0.0999
 6849.18       1.3572       0.1069
 6850.22       1.1427       0.1046
 6851.26       0.9116       0.0995
 6852.29       1.1161       0.1007
 6853.33       1.2621       0.0999
 6854.37       1.2378       0.0973
 6855.41       1.2193       0.0978
 6856.45       1.1062       0.0967
 6857.48       0.9467       0.0968
 6858.52       0.8848       0.1010
 6859.56       1.0293       0.1298
 6860.60       1.2285       0.1989
 6861.63       1.2012       0.2914
 6862.67       1.0722       0.3813
 6863.71       1.0416       0.4343
 6864.75       0.9435       0.4265
 6865.78       0.9035       0.3614
 6866.82       1.0525       0.2727
 6867.86       1.0594       0.2104
 6868.90       0.9505       0.1920
 6869.94       1.1997       0.2013
 6870.97       1.3828       0.2131
 6872.01       1.1924       0.2018
 6873.05       1.0201       0.1778
 6874.09       1.0635       0.1509
 6875.12       1.2727       0.1326
 6876.16       1.5260       0.1276
 6877.20       1.5193       0.1301
 6878.24       1.1307       0.1318
 6879.28       1.0146       0.1376
 6880.31       1.2110       0.1440
 6881.35       0.9143       0.1417
 6882.39       0.6264       0.1319
 6883.43       0.8498       0.1240
 6884.46       1.0768       0.1208
 6885.50       1.1498       0.1275
 6886.54       1.1668       0.1434
 6887.58       0.9129       0.1683
 6888.62       0.7157       0.1923
 6889.65       0.9912       0.2038
 6890.69       1.3308       0.1915
 6891.73       1.3742       0.1635
 6892.77       1.2695       0.1427
 6893.80       1.0587       0.1284
 6894.84       1.0075       0.1170
 6895.88       1.1588       0.1129
 6896.92       1.3071       0.1205
 6897.95       1.2202       0.1395
 6898.99       1.1227       0.1589
 6900.03       1.1010       0.1699
 6901.07       1.0483       0.1735
 6902.11       0.8941       0.1646
 6903.14       0.7429       0.1450
 6904.18       0.8920       0.1239
 6905.22       1.1700       0.1090
 6906.26       1.2524       0.1027
 6907.29       1.2259       0.1040
 6908.33       1.1003       0.1129
 6909.37       0.8784       0.1277
 6910.41       0.7003       0.1534
 6911.45       0.7573       0.1868
 6912.48       0.7500       0.2057
 6913.52       0.8028       0.1970
 6914.56       0.8694       0.1664
 6915.60       0.8038       0.1340
 6916.63       0.6630       0.1097
 6917.67       0.9172       0.1018
 6918.71       1.0487       0.1131
 6919.75       1.0972       0.1492
 6920.79       1.2326       0.2073
 6921.82       1.1512       0.2520
 6922.86       0.9338       0.2625
 6923.90       1.1156       0.2666
 6924.94       1.3029       0.2441
 6925.97       1.1328       0.1910
 6927.01       1.0950       0.1417
 6928.05       1.1746       0.1135
 6929.09       1.1728       0.1006
 6930.12       1.2463       0.1007
 6931.16       1.2439       0.1001
 6932.20       1.0012       0.0978
 6933.24       0.8021       0.0947
 6934.28       0.8840       0.0977
 6935.31       1.1386       0.1090
 6936.35       1.3002       0.1290
 6937.39       1.2455       0.1513
 6938.43       1.1245       0.1699
 6939.46       1.0430       0.1802
 6940.50       1.0405       0.1811
 6941.54       1.1433       0.1626
 6942.58       1.1794       0.1334
 6943.62       0.8359       0.1075
 6944.65       0.8662       0.1121
 6945.69       1.5129       0.1555
 6946.73       1.6813       0.2156
 6947.77       1.3590       0.2616
 6948.80       1.1630       0.2782
 6949.84       0.7861       0.2677
 6950.88       0.5444       0.2337
 6951.92       0.8566       0.1844
 6952.96       1.0896       0.1385
 6953.99       1.0177       0.1094
 6955.03       1.1504       0.1020
 6956.07       1.2259       0.1049
 6957.11       1.0843       0.1034
 6958.14       0.9513       0.1014
 6959.18       1.1047       0.1016
 6960.22       1.5015       0.1058
 6961.26       1.4326       0.1035
 6962.29       0.9512       0.0962
 6963.33       0.6983       0.0941
 6964.37       0.9250       0.0975
 6965.41       1.3255       0.1055
 6966.45       1.2581       0.1144
 6967.48       0.9831       0.1261
 6968.52       1.0218       0.1404
 6969.56       1.3826       0.1522
 6970.60       1.6261       0.1531
 6971.63       1.3937       0.1420
 6972.67       1.1379       0.1243
 6973.71       1.1193       0.1160
 6974.75       1.1572       0.1254
 6975.79       1.1372       0.1534
 6976.82       0.9406       0.1834
 6977.86       0.7121       0.2022
 6978.90       0.6008       0.2033
 6979.94       0.6353       0.1893
 6980.97       0.8555       0.1610
 6982.01       1.0947       0.1301
 6983.05       1.2281       0.1093
 6984.09       1.2681       0.1018
 6985.12       1.2027       0.0991
 6986.16       1.0299       0.0966
 6987.20       0.8850       0.0937
 6988.24       0.8718       0.0919
 6989.28       0.9764       0.0913
 6990.31       1.0951       0.0919
 6991.35       1.1400       0.0933
 6992.39       1.1800       0.0925
 6993.43       1.1922       0.0910
 6994.46       1.1207       0.0919
 6995.50       1.0000       0.0937
 6996.54       0.9691       0.0953
 6997.58       1.2067       0.0974
 6998.62       1.4518       0.0989
 6999.65       1.4671       0.1007
 7000.69       1.3417       0.1043
 7001.73       1.2850       0.1118
 7002.77       1.3714       0.1202
 7003.80       1.3299       0.1224
 7004.84       1.2641       0.1178
 7005.88       1.3967       0.1125
 7006.92       1.5539       0.1087
 7007.96       1.5388       0.1113
 7008.99       1.3322       0.1224
 7010.03       1.2575       0.1371
 7011.07       1.4272       0.1458
 7012.11       1.4794       0.1442
 7013.14       1.3027       0.1320
 7014.18       1.1038       0.1162
 7015.22       0.9982       0.0996
 7016.26       1.0840       0.0892
 7017.29       1.3430       0.0900
 7018.33       1.4102       0.0918
 7019.37       1.1687       0.0876
 7020.41       1.1054       0.0871
 7021.45       1.1307       0.0880
 7022.48       1.0624       0.0870
 7023.52       0.9974       0.0869
 7024.56       1.0121       0.0871
 7025.60       1.1360       0.0865
 7026.63       1.1620       0.0874
 7027.67       1.0607       0.0897
 7028.71       0.9629       0.0895
 7029.75       0.8549       0.0887
 7030.79       0.8138       0.0897
 7031.82       1.0300       0.0917
 7032.86       1.2568       0.0925
 7033.90       1.2536       0.0911
 7034.94       1.0961       0.0888
 7035.97       0.9667       0.0872
 7037.01       1.0242       0.0875
 7038.05       1.1131       0.0917
 7039.09       1.1405       0.0979
 7040.12       1.1399       0.1017
 7041.16       1.1698       0.1033
 7042.20       1.2448       0.1047
 7043.24       1.3286       0.1045
 7044.28       1.3219       0.1062
 7045.31       1.1549       0.1113
 7046.35       1.0512       0.1199
 7047.39       1.0982       0.1282
 7048.43       1.1658       0.1316
 7049.46       1.1141       0.1285
 7050.50       0.9733       0.1207
 7051.54       0.9647       0.1112
 7052.58       1.0427       0.1036
 7053.62       1.1517       0.0996
 7054.65       1.1545       0.0975
 7055.69       1.0706       0.0953
 7056.73       0.9958       0.0932
 7057.77       1.0592       0.0932
 7058.80       1.0959       0.0935
 7059.84       0.8301       0.0910
 7060.88       0.7689       0.0916
 7061.92       1.0750       0.0970
 7062.96       1.1840       0.1007
 7063.99       1.1703       0.1023
 7065.03       1.2225       0.1032
 7066.07       1.0848       0.1018
 7067.11       0.9707       0.1010
 7068.14       1.1033       0.1022
 7069.18       1.2240       0.1025
 7070.22       1.1931       0.1005
 7071.26       1.1974       0.0995
 7072.29       1.0975       0.0977
 7073.33       0.9357       0.0954
 7074.37       0.9371       0.0962
 7075.41       1.0755       0.0985
 7076.45       1.1805       0.0996
 7077.48       1.3010       0.0998
 7078.52       1.2716       0.0995
 7079.56       0.9989       0.0991
 7080.60       0.9202       0.1008
 7081.63       1.0907       0.1037
 7082.67       1.1348       0.1041
 7083.71       1.1141       0.1025
 7084.75       1.1065       0.1013
 7085.79       0.9101       0.1001
 7086.82       0.8119       0.1022
 7087.86       1.0884       0.1078
 7088.90       1.2942       0.1121
 7089.94       1.2976       0.1114
 7090.97       1.3121       0.1070
 7092.01       1.2455       0.1017
 7093.05       1.1694       0.0977
 7094.09       1.2149       0.0942
 7095.13       1.3435       0.0926
 7096.16       1.3660       0.0923
 7097.20       1.0401       0.0906
 7098.24       0.8214       0.0897
 7099.28       1.1364       0.0923
 7100.31       1.4486       0.0933
 7101.35       1.4178       0.0914
 7102.39       1.2002       0.0907
 7103.43       1.1556       0.0916
 7104.46       1.3116       0.0925
 7105.50       1.3172       0.0921
 7106.54       1.1318       0.0904
 7107.58       1.0011       0.0897
 7108.62       1.2056       0.0930
 7109.65       1.4336       0.0958
 7110.69       1.2331       0.0926
 7111.73       1.1186       0.0903
 7112.77       1.2400       0.0913
 7113.80       1.1606       0.0915
 7114.84       1.1408       0.0917
 7115.88       1.2864       0.0927
 7116.92       1.2673       0.0922
 7117.96       1.1464       0.0900
 7118.99       1.1057       0.0878
 7120.03       1.1131       0.0875
 7121.07       1.0718       0.0880
 7122.11       0.9243       0.0872
 7123.14       0.9558       0.0885
 7124.18       1.1944       0.0924
 7125.22       1.2927       0.0947
 7126.26       1.1893       0.0952
 7127.30       1.0376       0.0955
 7128.33       0.9825       0.0951
 7129.37       1.0340       0.0952
 7130.41       1.1073       0.0962
 7131.45       1.0782       0.0971
 7132.48       1.0288       0.0972
 7133.52       1.1229       0.0967
 7134.56       1.2790       0.0977
 7135.60       1.2704       0.0979
 7136.63       0.9625       0.0922
 7137.67       0.8391       0.0885
 7138.71       1.1324       0.0930
 7139.75       1.2718       0.0968
 7140.79       1.0856       0.0977
 7141.82       0.8002       0.0985
 7142.86       0.7461       0.1048
 7143.90       1.0056       0.1143
 7144.94       1.3008       0.1186
 7145.97       1.3446       0.1169
 7147.01       1.0745       0.1115
 7148.05       0.9116       0.1058
 7149.09       0.9587       0.1018
 7150.13       1.1196       0.0993
 7151.16       1.0888       0.0948
 7152.20       0.9806       0.0916
 7153.24       1.1282       0.0949
 7154.28       1.1128       0.0950
 7155.31       0.8798       0.0904
 7156.35       0.7101       0.0890
 7157.39       0.8733       0.0935
 7158.43       1.2388       0.0999
 7159.47       1.2911       0.0993
 7160.50       1.1252       0.0961
 7161.54       1.0896       0.0982
 7162.58       0.9945       0.0990
 7163.62       0.8736       0.0995
 7164.65       0.7878       0.1031
 7165.69       0.7225       0.1042
 7166.73       0.7456       0.1032
 7167.77       0.8502       0.1062
 7168.80       1.1475       0.1122
 7169.84       1.4447       0.1158
 7170.88       1.4108       0.1134
 7171.92       1.1715       0.1112
 7172.96       1.0706       0.1196
 7173.99       0.9143       0.1002
 7175.03       0.7832       0.0919
 7176.07       0.9095       0.1289
 7177.11       1.0590       0.1526
 7178.14       1.3276       0.1658
 7179.18       1.4960       0.1663
 7180.22       1.4040       0.1556
 7181.26       1.1430       0.1480
 7182.30       0.8390       0.1395
 7183.33       1.3226       0.0676
 7184.37       1.0591       0.0842
 7185.41       0.9128       0.1289
 7186.45       0.7915       0.1146
 7187.48       0.7722       0.1103
 7188.52       0.8545       0.1081
 7189.56       0.9596       0.1067
 7190.60       0.8527       0.1032
 7191.64       0.7246       0.1016
 7192.67       0.6715       0.1030
 7193.71       0.8736       0.1055
 7194.75       1.1172       0.1056
 7195.79       1.0146       0.1015
 7196.82       0.9916       0.0990
 7197.86       1.0049       0.0998
 7198.90       0.5494       0.0992
 7199.94       0.5123       0.1018
 7200.97       1.0854       0.1075
 7202.01       1.1907       0.1089
 7203.05       0.8095       0.1058
 7204.09       0.5956       0.1030
 7205.13       0.8777       0.1047
 7206.16       1.2231       0.1064
 7207.20       0.9823       0.1014
 7208.24       0.7388       0.0954
 7209.28       0.8542       0.0927
 7210.31       1.1266       0.0940
 7211.35       1.0764       0.0915
 7212.39       0.8082       0.0851
 7213.43       0.7513       0.0817
 7214.47       0.9075       0.0828
 7215.50       0.9929       0.0845
 7216.54       0.9673       0.0865
 7217.58       0.9446       0.0877
 7218.62       1.0091       0.0878
 7219.65       1.1369       0.0895
 7220.69       1.2909       0.0942
 7221.73       1.2672       0.0964
 7222.77       1.2290       0.0966
 7223.81       1.3225       0.0972
 7224.84       1.2032       0.0977
 7225.88       1.0508       0.0985
 7226.92       1.1509       0.0999
 7227.96       1.0170       0.0987
 7228.99       0.7239       0.0967
 7230.03       0.8648       0.0992
 7231.07       0.9763       0.1033
 7232.11       0.9002       0.1079
 7233.14       1.2391       0.1125
 7234.18       1.3885       0.1186
 7235.22       1.1086       0.1478
 7236.26       0.9563       0.2172
 7237.30       1.1883       0.3238
 7238.33       1.9320       0.4331
 7239.37       1.6047       0.5309
 7240.41       0.5326       0.6018
 7241.45       0.2638       0.6325
 7242.48       0.5849       0.6429
 7243.52       0.8533       0.6414
 7244.56       1.2783       0.6153
 7245.60       1.3561       0.5485
 7246.64       0.8443       0.4414
 7247.67       0.3471       0.3190
 7248.71       0.5253       0.2182
 7249.75       1.1824       0.1678
 7250.79       1.4004       0.1679
 7251.82       1.1177       0.1840
 7252.86       0.9606       0.1985
 7253.90       1.0035       0.2042
 7254.94       1.3711       0.2046
 7255.98       1.9832       0.1817
 7257.01       2.4779       0.1513
 7258.05       2.8091       0.1387
 7259.09       3.2189       0.1383
 7260.13       3.4148       0.1364
 7261.16       3.0272       0.1288
 7262.20       2.3852       0.1219
 7263.24       1.8414       0.1203
 7264.28       1.4402       0.1201
 7265.31       1.2129       0.1217
 7266.35       1.0546       0.1239
 7267.39       1.0538       0.1218
 7268.43       1.1856       0.1177
 7269.47       1.4039       0.1244
 7270.50       1.2530       0.1212
 7271.54       0.8902       0.1486
 7272.58       0.8191       0.2328
 7273.62       1.0343       0.4030
 7274.65       1.0290       0.6184
 7275.69       0.5776       0.8106
 7276.73       0.2338       0.8499
 7277.77       0.6370       0.7202
 7278.81       1.1995       0.4927
 7279.84       1.5110       0.3039
 7280.88       1.5881       0.1957
 7281.92       1.8026       0.1888
 7282.96       1.4242       0.2941
 7283.99       1.3583       0.3316
 7285.03       1.4324       0.3264
 7286.07       1.5464       0.3002
 7287.11       1.1568       0.2417
 7288.15       0.6493       0.1798
 7289.18       0.6213       0.1430
 7290.22       0.7187       0.1339
 7291.26       0.7944       0.1405
 7292.30       0.5362       0.1511
 7293.33       0.4683       0.1711
 7294.37       0.7779       0.1892
 7295.41       0.9062       0.1879
 7296.45       0.8943       0.1719
 7297.48       0.8654       0.1539
 7298.52       0.9158       0.1336
 7299.56       0.8978       0.1299
 7300.60       0.6826       0.1499
 7301.64       0.3372       0.1925
 7302.67       0.1277       0.2337
 7303.71       0.1826       0.2514
 7304.75       0.6458       0.2409
 7305.79       1.1678       0.2105
 7306.82       1.1396       0.1689
 7307.86       0.8411       0.1343
 7308.90       0.8733       0.1195
 7309.94       1.0191       0.1202
 7310.98       1.0427       0.1333
 7312.01       1.0125       0.1688
 7313.05       0.7328       0.2627
 7314.09       0.3754       0.4185
 7315.13       0.4429       0.5737
 7316.16       0.5074       0.6372
 7317.20       0.4483       0.5787
 7318.24       0.7722       0.4600
 7319.28       1.0794       0.3184
 7320.31       1.0504       0.1843
 7321.35       0.7696       0.1110
 7322.39       0.6596       0.0888
 7323.43       0.8157       0.0849
 7324.47       1.1307       0.1006
 7325.50       1.3030       0.1376
 7326.54       1.1827       0.1946
 7327.58       0.9954       0.2566
 7328.62       0.8900       0.2981
 7329.65       0.6871       0.2990
 7330.69       0.6140       0.2595
 7331.73       0.8169       0.2062
 7332.77       1.2584       0.1579
 7333.81       1.4246       0.1203
 7334.84       1.0119       0.1012
 7335.88       0.8013       0.1056
 7336.92       0.9017       0.1695
 7337.96       0.8341       0.3220
 7338.99       0.4352       0.4878
 7340.03       0.1314       0.5804
 7341.07       0.6193       0.6281
 7342.11       1.1980       0.5963
 7343.15       1.0055       0.4625
 7344.18       0.9160       0.2960
 7345.22       1.0804       0.1694
 7346.26       0.9142       0.1103
 7347.30       0.8931       0.1052
 7348.33       1.1398       0.1025
 7349.37       1.2528       0.1052
 7350.41       1.1473       0.1047
 7351.45       0.9261       0.1051
 7352.48       0.6912       0.0987
 7353.52       0.5828       0.0970
 7354.56       0.6973       0.1151
 7355.60       0.7385       0.1563
 7356.64       0.7544       0.2130
 7357.67       1.0410       0.2633
 7358.71       1.1682       0.2854
 7359.75       0.9483       0.2684
 7360.79       0.7371       0.2161
 7361.82       0.6879       0.1563
 7362.86       0.7839       0.1202
 7363.90       0.8875       0.1012
 7364.94       0.8971       0.1258
 7365.98       0.8793       0.2010
 7367.01       0.7459       0.3292
 7368.05       0.5451       0.4448
 7369.09       0.7738       0.4656
 7370.13       0.7356       0.4114
 7371.16       0.1219       0.3435
 7372.20       0.2688       0.2524
 7373.24       0.9392       0.1704
 7374.28       1.3054       0.1199
 7375.32       1.1736       0.1011
 7376.35       0.9562       0.0937
 7377.39       1.1974       0.0910
 7378.43       1.4667       0.0904
 7379.47       1.3611       0.0889
 7380.50       1.0525       0.0867
 7381.54       0.7428       0.0826
 7382.58       0.6865       0.0790
 7383.62       0.7342       0.0803
 7384.65       0.8363       0.0834
 7385.69       0.9308       0.0850
 7386.73       0.7292       0.0828
 7387.77       0.4803       0.0890
 7388.81       0.7409       0.1123
 7389.84       1.1903       0.1483
 7390.88       1.3384       0.1814
 7391.92       0.9966       0.1965
 7392.96       0.7677       0.1912
 7393.99       1.0354       0.1730
 7395.03       1.0419       0.1393
 7396.07       0.9126       0.1075
 7397.11       1.0554       0.0985
 7398.15       1.2059       0.1285
 7399.18       1.1460       0.1920
 7400.22       0.8220       0.2579
 7401.26       0.4851       0.3040
 7402.30       0.5281       0.3155
 7403.33       0.9199       0.2918
 7404.37       1.3329       0.2333
 7405.41       1.4375       0.1588
 7406.45       1.1035       0.1044
 7407.49       0.7353       0.0829
 7408.52       0.7864       0.0805
 7409.56       0.9422       0.0859
 7410.60       0.9539       0.0859
 7411.64       0.9668       0.0874
 7412.67       0.9475       0.0884
 7413.71       0.9397       0.0888
 7414.75       1.0579       0.0895
 7415.79       1.1294       0.0887
 7416.82       1.0972       0.0862
 7417.86       1.1901       0.0868
 7418.90       1.2372       0.0879
 7419.94       1.0167       0.0850
 7420.98       0.8892       0.0831
 7422.01       0.9764       0.0840
 7423.05       1.0148       0.0840
 7424.09       0.9200       0.0825
 7425.13       0.8676       0.0848
 7426.16       1.2324       0.0971
 7427.20       1.5848       0.1171
 7428.24       1.3954       0.1336
 7429.28       1.4534       0.1459
 7430.32       1.7380       0.1496
 7431.35       1.6025       0.1422
 7432.39       1.2951       0.1216
 7433.43       1.1016       0.1031
 7434.47       0.9154       0.1025
 7435.50       0.8841       0.1268
 7436.54       1.0271       0.1621
 7437.58       1.2007       0.1945
 7438.62       1.1210       0.2067
 7439.66       0.7641       0.1954
 7440.69       0.5375       0.1640
 7441.73       0.6928       0.1279
 7442.77       1.0575       0.1006
 7443.81       1.2618       0.0884
 7444.84       1.1237       0.0839
 7445.88       0.8896       0.0815
 7446.92       0.8550       0.0797
 7447.96       1.1152       0.0819
 7448.99       1.2956       0.0843
 7450.03       1.2918       0.0853
 7451.07       1.2542       0.0859
 7452.11       0.9702       0.0836
 7453.15       0.6268       0.0804
 7454.18       0.7481       0.0813
 7455.22       0.8467       0.0824
 7456.26       0.7095       0.0824
 7457.30       0.8474       0.0855
 7458.33       1.1185       0.0925
 7459.37       1.1823       0.1011
 7460.41       0.9951       0.1064
 7461.45       0.7567       0.1110
 7462.49       0.7255       0.1192
 7463.52       0.8138       0.1303
 7464.56       0.9018       0.1415
 7465.60       0.9840       0.1472
 7466.64       1.1548       0.1498
 7467.67       1.3688       0.1546
 7468.71       1.3663       0.1572
 7469.75       1.1670       0.1664
 7470.79       0.9750       0.1858
 7471.83       0.9079       0.2086
 7472.86       0.9014       0.2205
 7473.90       0.7934       0.2138
 7474.94       0.7553       0.1919
 7475.98       0.8500       0.1708
 7477.01       1.0068       0.1638
 7478.05       0.8020       0.1694
 7479.09       0.2958       0.1806
 7480.13       0.4645       0.2086
 7481.16       0.9520       0.2382
 7482.20       0.9581       0.2487
 7483.24       0.6269       0.2416
 7484.28       0.4543       0.2205
 7485.32       0.7904       0.1913
 7486.35       1.0511       0.1534
 7487.39       0.9071       0.1137
 7488.43       0.7615       0.0911
 7489.47       0.7169       0.0885
 7490.50       0.7875       0.0969
 7491.54       0.8302       0.1103
 7492.58       0.7418       0.1194
 7493.62       0.5602       0.1224
 7494.66       0.7835       0.1215
 7495.69       1.2578       0.1167
 7496.73       1.2977       0.1043
 7497.77       1.0785       0.0913
 7498.81       0.9629       0.0845
 7499.84       0.9407       0.0836
 7500.88       0.9524       0.0847
 7501.92       0.8858       0.0842
 7502.96       0.9773       0.0848
 7504.00       1.0477       0.0843
 7505.03       0.8190       0.0801
 7506.07       0.7185       0.0783
 7507.11       0.9015       0.0801
 7508.15       1.0604       0.0808
 7509.18       1.0138       0.0796
 7510.22       0.8244       0.0777
 7511.26       0.8492       0.0775
 7512.30       0.9876       0.0785
 7513.33       0.9479       0.0799
 7514.37       0.8814       0.0852
 7515.41       0.8311       0.0930
 7516.45       0.6951       0.0990
 7517.49       0.4698       0.0968
 7518.52       0.3028       0.1023
 7519.56       0.5797       0.1233
 7520.60       1.2351       0.1975
 7521.64       1.7444       0.3174
 7522.67       1.5079       0.4296
 7523.71       1.0588       0.4887
 7524.75       1.0978       0.4818
 7525.79       1.3394       0.4058
 7526.83       1.3905       0.3033
 7527.86       1.0816       0.2183
 7528.90       0.9044       0.1877
 7529.94       1.0107       0.1915
 7530.98       0.7544       0.1935
 7532.01       0.5037       0.1769
 7533.05       0.7065       0.1522
 7534.09       0.8723       0.1209
 7535.13       0.9377       0.0958
 7536.17       1.0166       0.0883
 7537.20       0.9098       0.0929
 7538.24       0.7296       0.0997
 7539.28       0.8022       0.1085
 7540.32       0.9940       0.1138
 7541.35       1.0603       0.1129
 7542.39       0.9456       0.1057
 7543.43       0.6927       0.0944
 7544.47       0.5823       0.0842
 7545.50       0.5504       0.0796
 7546.54       0.6303       0.0799
 7547.58       0.8799       0.0819
 7548.62       0.9013       0.0818
 7549.66       0.7172       0.0805
 7550.69       0.8676       0.0837
 7551.73       1.1237       0.0883
 7552.77       1.1422       0.0939
 7553.81       1.1784       0.1042
 7554.84       1.0324       0.1210
 7555.88       0.5866       0.1392
 7556.92       0.6627       0.1560
 7557.96       1.1355       0.1631
 7559.00       1.1845       0.1548
 7560.03       1.1119       0.1329
 7561.07       1.1358       0.1084
 7562.11       0.9559       0.0917
 7563.15       0.8757       0.0854
 7564.18       0.9814       0.0850
 7565.22       0.9085       0.0881
 7566.26       0.6924       0.0950
 7567.30       0.5951       0.1133
 7568.33       0.5411       0.1667
 7569.37       0.5307       0.2556
 7570.41       0.7973       0.3403
 7571.45       0.6102       0.3794
 7572.49       0.0541       0.3597
 7573.52       0.2385       0.3112
 7574.56       0.6968       0.2404
 7575.60       0.8045       0.1587
 7576.64       0.8296       0.1072
 7577.67       0.8027       0.0884
 7578.71       0.7552       0.0823
 7579.75       0.7313       0.0806
 7580.79       0.7596       0.0791
 7581.83       0.8762       0.0871
 7582.86       0.9703       0.1094
 7583.90       0.8865       0.1402
 7584.94       0.7041       0.1655
 7585.98       0.4998       0.1759
 7587.01       0.3304       0.1706
 7588.05       0.5158       0.1537
 7589.09       0.8664       0.1306
 7590.13       0.9465       0.1067
 7591.17       0.8209       0.0915
 7592.20       0.8143       0.0947
 7593.24       1.0436       0.1117
 7594.28       1.1911       0.1594
 7595.32       1.0434       0.2842
 7596.35       0.8291       0.4597
 7597.39       0.5200       0.7118
 7598.43       0.4690       1.0384
 7599.47       0.7948       1.2596
 7600.50       1.3079       1.3291
 7601.54       1.4067       1.2815
 7602.58       1.0649       1.0625
 7603.62       0.7029       0.8082
 7604.66       0.7214       0.7258
 7605.69       0.7904       0.7556
 7606.73       0.6241       0.7338
 7607.77       0.6453       0.6808
 7608.81       0.7410       0.5989
 7609.84       0.6888       0.5284
 7610.88       0.5626       0.4492
 7611.92       0.5533       0.3667
 7612.96       0.7864       0.3152
 7614.00       0.8712       0.2935
 7615.03       0.7170       0.2812
 7616.07       0.8442       0.2637
 7617.11       0.9126       0.2503
 7618.15       0.6273       0.2512
 7619.18       0.6143       0.2459
 7620.22       0.7724       0.2271
 7621.26       0.5533       0.2025
 7622.30       0.4795       0.1958
 7623.33       0.8205       0.2238
 7624.37       0.6351       0.2479
 7625.41       0.5964       0.3074
 7626.45       0.8530       0.4092
 7627.49       0.3958       0.4943
 7628.52      -0.1011       0.5400
 7629.56       0.1429       0.5403
 7630.60       0.8139       0.4937
 7631.64       0.9750       0.3885
 7632.67       0.9618       0.2849
 7633.71       0.8923       0.2302
 7634.75       0.7970       0.2083
 7635.79       0.7983       0.1969
 7636.83       0.9261       0.1863
 7637.86       1.0129       0.1769
 7638.90       0.9394       0.1721
 7639.94       0.7016       0.1676
 7640.98       0.3936       0.1622
 7642.01       0.2974       0.1608
 7643.05       0.5576       0.1604
 7644.09       0.9653       0.1537
 7645.13       1.0524       0.1425
 7646.17       0.7888       0.1334
 7647.20       0.4263       0.1264
 7648.24       0.5704       0.1279
 7649.28       1.1836       0.1398
 7650.32       1.0218       0.1594
 7651.35       0.5204       0.1777
 7652.39       0.6317       0.1853
 7653.43       0.8102       0.1847
 7654.47       0.8730       0.1755
 7655.50       0.9221       0.1549
 7656.54       0.9964       0.1286
 7657.58       1.0331       0.1136
 7658.62       0.7980       0.1235
 7659.66       0.6507       0.1578
 7660.69       0.8416       0.1975
 7661.73       1.1295       0.2343
 7662.77       1.1188       0.2413
 7663.81       0.6780       0.2132
 7664.84       0.2761       0.1513
 7665.88       0.5023       0.1336
 7666.92       0.9196       0.1058
 7667.96       1.1583       0.0931
 7669.00       1.0316       0.0896
 7670.03       0.9817       0.0939
 7671.07       1.0365       0.0957
 7672.11       1.0119       0.0923
 7673.15       0.8040       0.0857
 7674.18       0.5663       0.0787
 7675.22       0.6111       0.0782
 7676.26       0.8559       0.0807
 7677.30       0.9842       0.0820
 7678.33       0.8850       0.0849
 7679.37       0.8640       0.0888
 7680.41       1.0675       0.0932
 7681.45       0.9830       0.0954
 7682.49       0.8860       0.0997
 7683.52       1.1361       0.1081
 7684.56       1.1629       0.1098
 7685.60       0.9815       0.1089
 7686.64       1.0062       0.1159
 7687.67       1.0661       0.1197
 7688.71       1.0621       0.1168
 7689.75       1.0326       0.1160
 7690.79       0.8912       0.1167
 7691.83       0.6820       0.1155
 7692.86       0.8154       0.1141
 7693.90       1.1523       0.1115
 7694.94       1.3400       0.1080
 7695.98       1.2692       0.1060
 7697.01       1.0685       0.1105
 7698.05       0.9979       0.1218
 7699.09       0.9387       0.1325
 7700.13       0.7879       0.1341
 7701.17       0.6141       0.1227
 7702.20       0.5727       0.1073
 7703.24       0.7443       0.0979
 7704.28       0.8820       0.0905
 7705.32       0.9200       0.0824
 7706.35       1.0563       0.0798
 7707.39       0.8772       0.0872
 7708.43       0.4873       0.1325
 7709.47       0.5085       0.2190
 7710.50       0.4091       0.3470
 7711.54       0.1830       0.4951
 7712.58       0.3862       0.5941
 7713.62       0.9333       0.6519
 7714.66       1.3997       0.7020
 7715.69       1.5874       0.7070
 7716.73       1.4440       0.6614
 7717.77       1.1396       0.5863
 7718.81       1.0351       0.4731
 7719.84       1.1397       0.3349
 7720.88       1.2127       0.2202
 7721.92       1.0732       0.1673
 7722.96       0.7290       0.1672
 7724.00       0.5102       0.1975
 7725.03       0.4730       0.2165
 7726.07       0.6965       0.2148
 7727.11       0.7579       0.1959
 7728.15       0.5158       0.1636
 7729.18       0.3063       0.1229
 7730.22       0.4346       0.0969
 7731.26       0.7748       0.0925
 7732.30       0.8072       0.0988
 7733.34       0.7196       0.1073
 7734.37       0.8560       0.1130
 7735.41       0.9179       0.1122
 7736.45       0.8427       0.1078
 7737.49       0.7159       0.1058
 7738.52       0.6830       0.1021
 7739.56       0.7287       0.0965
 7740.60       0.6404       0.0946
 7741.64       0.6934       0.0946
 7742.68       0.9206       0.0939
 7743.71       1.0681       0.0937
 7744.75       0.9999       0.0914
 7745.79       0.8086       0.1176
 7746.83       0.3854       0.2209
 7747.86       0.3758       0.4139
 7748.90       1.3530       0.6183
 7749.94       1.8931       0.7704
 7750.98       1.4782       0.8057
 7752.01       1.2622       0.7138
 7753.05       0.9803       0.5155
 7754.09       0.3838       0.2996
 7755.13       0.1224       0.1621
 7756.17       0.3035       0.1428
 7757.20       0.3123       0.1865
 7758.24       0.2437       0.2600
 7759.28       0.3511       0.3071
 7760.32       0.8469       0.3211
 7761.35       1.1935       0.2908
 7762.39       1.1419       0.2297
 7763.43       0.9414       0.1562
 7764.47       0.7723       0.1032
 7765.51       0.8214       0.0826
 7766.54       0.9276       0.0814
 7767.58       0.9377       0.0844
 7768.62       0.8315       0.0906
 7769.66       1.0947       0.1068
 7770.69       1.4819       0.1343
 7771.73       1.4099       0.1622
 7772.77       0.9529       0.1813
 7773.81       0.5361       0.1849
 7774.85       0.5328       0.1705
 7775.88       0.7199       0.1496
 7776.92       0.7556       0.1421
 7777.96       0.9276       0.1628
 7779.00       0.9551       0.1996
 7780.03       0.6629       0.2231
 7781.07       0.5211       0.2263
 7782.11       0.6352       0.2043
 7783.15       0.7086       0.1641
 7784.18       0.6851       0.1236
 7785.22       0.7558       0.0986
 7786.26       0.9757       0.0942
 7787.30       0.9413       0.0964
 7788.34       0.5077       0.1036
 7789.37       0.3832       0.1182
 7790.41       0.7895       0.1909
 7791.45       1.2700       0.3327
 7792.49       1.0677       0.4888
 7793.52       0.4115       0.5890
 7794.56       0.1957       0.6024
 7795.60       0.8915       0.5241
 7796.64       1.8329       0.3922
 7797.68       1.5496       0.2365
 7798.71       0.7947       0.1250
 7799.75       0.8632       0.0838
 7800.79       1.1243       0.0838
 7801.83       1.1201       0.0817
 7802.86       0.8053       0.0814
 7803.90       0.7399       0.0903
 7804.94       0.9863       0.1253
 7805.98       0.8369       0.1804
 7807.02       0.7050       0.2401
 7808.05       0.9354       0.2799
 7809.09       0.9788       0.2871
 7810.13       0.9591       0.2551
 7811.17       1.1263       0.1982
 7812.20       1.1759       0.1436
 7813.24       1.0760       0.1107
 7814.28       0.9305       0.1002
 7815.32       0.8581       0.0939
 7816.35       0.7657       0.1039
 7817.39       0.6286       0.1487
 7818.43       0.5228       0.2758
 7819.47       0.6490       0.4672
 7820.51       1.0054       0.6346
 7821.54       1.2835       0.7078
 7822.58       1.1901       0.6753
 7823.62       0.9092       0.5239
 7824.66       0.7242       0.3257
 7825.69       0.7838       0.1754
 7826.73       0.9779       0.1115
 7827.77       1.0819       0.0930
 7828.81       0.9508       0.0935
 7829.85       0.7824       0.0905
 7830.88       0.7732       0.0893
 7831.92       0.8626       0.0878
 7832.96       0.8927       0.0858
 7834.00       0.7767       0.0854
 7835.03       0.6166       0.0815
 7836.07       0.6009       0.0822
 7837.11       0.9039       0.0951
 7838.15       1.0417       0.1345
 7839.19       0.8592       0.1935
 7840.22       0.8155       0.2425
 7841.26       0.9280       0.2638
 7842.30       1.0104       0.2563
 7843.34       0.7780       0.2115
 7844.37       0.4753       0.1525
 7845.41       0.6316       0.1130
 7846.45       0.7945       0.1037
 7847.49       0.6711       0.1254
 7848.52       0.8992       0.1629
 7849.56       1.3101       0.2619
 7850.60       1.5432       0.4333
 7851.64       0.9995       0.6053
 7852.68       0.1798       0.7206
 7853.71      -0.0921       0.7503
 7854.75       0.1609       0.6736
 7855.79       0.5702       0.5321
 7856.83       0.7968       0.3843
 7857.86       0.5741       0.3239
 7858.90       0.2573       0.3484
 7859.94       0.4156       0.3896
 7860.98       0.7364       0.3911
 7862.02       0.6712       0.3405
 7863.05       0.8299       0.2605
 7864.09       0.9930       0.1890
 7865.13       0.7406       0.1592
 7866.17       0.5237       0.1832
 7867.20       0.6950       0.2586
 7868.24       1.1772       0.3647
 7869.28       1.3595       0.4528
 7870.32       1.0279       0.4821
 7871.35       0.8240       0.4557
 7872.39       0.7445       0.3717
 7873.43       0.6492       0.2608
 7874.47       0.6882       0.1713
 7875.51       1.0249       0.1423
 7876.54       1.5985       0.1694
 7877.58       1.3580       0.2190
 7878.62       0.4591       0.2570
 7879.66       0.6984       0.2954
 7880.69       0.8364       0.3035
 7881.73       0.0607       0.2725
 7882.77      -0.0339       0.2308
 7883.81       0.4436       0.1869
 7884.85       0.7875       0.1507
 7885.88       0.6029       0.1496
 7886.92       0.3906       0.2045
 7887.96       0.7087       0.2936
 7889.00       0.6996       0.3702
 7890.03       0.2030       0.3934
 7891.07      -0.0641       0.3659
 7892.11       0.2546       0.2920
 7893.15       0.8936       0.2028
 7894.19       1.0808       0.1357
 7895.22       0.8263       0.1033
 7896.26       0.7271       0.0905
 7897.30       0.7526       0.0901
 7898.34       0.9196       0.0877
 7899.37       1.1838       0.0880
 7900.41       1.1730       0.0870
 7901.45       0.8634       0.0845
 7902.49       0.6937       0.0830
 7903.52       0.6922       0.0843
 7904.56       0.6858       0.0871
 7905.60       0.7099       0.0877
 7906.64       0.7198       0.0836
 7907.68       0.7111       0.0932
 7908.71       0.2023       0.1091
 7909.75      -0.2628       0.2217
 7910.79       0.2609       0.4653
 7911.83       0.8961       0.7729
 7912.86       0.8861       1.0102
 7913.90       0.7318       1.0975
 7914.94       0.6023       0.9790
 7915.98       0.5687       0.7315
 7917.02       0.2242       0.4647
 7918.05       0.0405       0.3286
 7919.09       0.6852       0.3530
 7920.13       0.6613       0.4389
 7921.17      -0.0210       0.4590
 7922.20       0.4327       0.4349
 7923.24       1.2352       0.3475
 7924.28       1.4163       0.2325
 7925.32       1.0269       0.1375
 7926.35       0.7758       0.0997
 7927.39       1.2163       0.1171
 7928.43       1.4051       0.1780
 7929.47       1.1198       0.2469
 7930.51       1.0529       0.2994
 7931.54       0.9887       0.3166
 7932.58       0.8713       0.2943
 7933.62       0.9548       0.2403
 7934.66       1.0745       0.1735
 7935.69       1.0134       0.1160
 7936.73       0.9308       0.0880
 7937.77       0.8334       0.0817
 7938.81       0.6982       0.0790
 7939.85       0.7577       0.0812
 7940.88       0.8853       0.0834
 7941.92       0.7554       0.0857
 7942.96       0.7370       0.0890
 7944.00       0.8504       0.1005
 7945.03       0.7192       0.1173
 7946.07       0.5891       0.1563
 7947.11       0.5771       0.2136
 7948.15       0.5295       0.2623
 7949.19       0.5617       0.2834
 7950.22       0.5992       0.2724
 7951.26       0.8419       0.2294
 7952.30       1.0955       0.1706
 7953.34       0.8787       0.1148
 7954.37       0.6486       0.0845
 7955.41       0.7681       0.0762
 7956.45       0.7561       0.0757
 7957.49       0.5657       0.0696
 7958.52       0.4634       0.0730
 7959.56       0.6807       0.0780
 7960.60       1.0865       0.1493
 7961.64       1.0717       0.3098
 7962.68       0.8581       0.5313
 7963.71       0.7836       0.7273
 7964.75       0.7717       0.8109
 7965.79       0.5379       0.7532
 7966.83       0.1840       0.5976
 7967.86       0.3532       0.3852
 7968.90       0.7913       0.2129
 7969.94       0.9561       0.1253
 7970.98       0.8211       0.1001
 7972.02       0.7201       0.0885
 7973.05       0.9646       0.0922
 7974.09       1.1909       0.1028
 7975.13       1.0744       0.1330
 7976.17       0.6485       0.1865
 7977.20       0.5770       0.2665
 7978.24       0.8196       0.3456
 7979.28       0.8840       0.3865
 7980.32       0.7682       0.3706
 7981.36       0.6580       0.3115
 7982.39       0.6362       0.2250
 7983.43       0.6818       0.1449
 7984.47       0.7503       0.0989
 7985.51       0.7059       0.0871
 7986.54       0.5224       0.0873
 7987.58       0.2586       0.0869
 7988.62       0.7154       0.1159
 7989.66       1.6948       0.2255
 7990.69       1.5102       0.4296
 7991.73       0.7378       0.6763
 7992.77       0.7179       0.8519
 7993.81       1.0551       0.9019
 7994.85       1.0419       0.7955
 7995.88       0.5771       0.5609
 7996.92       0.5888       0.3191
 7997.96       1.2067       0.1617
 7999.00       1.0964       0.0990
 8000.03       0.6138       0.0931
 8001.07       0.5914       0.0879
 8002.11       0.6538       0.0891
 8003.15       0.7329       0.0869
 8004.19       0.8836       0.0862
 8005.22       0.8850       0.0838
 8006.26       0.7958       0.0801
 8007.30       0.8548       0.0781
 8008.34       1.0546       0.0783
 8009.37       1.1586       0.0895
 8010.41       0.8652       0.1138
 8011.45       0.5706       0.1611
 8012.49       0.6880       0.2202
 8013.53       0.7281       0.2621
 8014.56       0.6732       0.2690
 8015.60       0.7547       0.2463
 8016.64       1.0008       0.2005
 8017.68       1.1697       0.1516
 8018.71       0.8775       0.1199
 8019.75       0.5239       0.1025
 8020.79       0.5580       0.1097
 8021.83       0.9169       0.1578
 8022.86       1.0183       0.2739
 8023.90       0.5619       0.4319
 8024.94       0.2847       0.5702
 8025.98       0.3892       0.6295
 8027.02       0.4585       0.6002
 8028.05       0.3915       0.4708
 8029.09       0.3878       0.3024
 8030.13       0.9326       0.1841
 8031.17       1.0834       0.1318
 8032.20       0.6720       0.1050
 8033.24       0.5087       0.0998
 8034.28       0.6622       0.0915
 8035.32       0.6586       0.0829
 8036.36       0.8373       0.0799
 8037.39       1.0566       0.0810
 8038.43       0.8497       0.0784
 8039.47       0.7097       0.0769
 8040.51       0.8259       0.0783
 8041.54       0.7338       0.0779
 8042.58       0.7499       0.0773
 8043.62       1.0312       0.0783
 8044.66       1.1956       0.0784
 8045.70       1.0684       0.0778
 8046.73       0.7935       0.0799
 8047.77       0.6890       0.0932
 8048.81       0.8331       0.1239
 8049.85       0.9085       0.1617
 8050.88       0.8602       0.1928
 8051.92       0.8368       0.2052
 8052.96       0.9171       0.1985
 8054.00       0.8893       0.1713
 8055.04       0.6379       0.1337
 8056.07       1.3329       0.0164
 8057.11       0.9571       0.0245
 8058.15       1.0322       0.1092
 8059.19       1.0695       0.1748
 8060.22       0.7152       0.2616
 8061.26       0.6487       0.3307
 8062.30       0.9166       0.3612
 8063.34       1.1699       0.3466
 8064.37       0.9835       0.2708
 8065.41       0.6656       0.1712
 8066.45       0.6535       0.1057
 8067.49       0.8255       0.0861
 8068.53       0.8144       0.0766
 8069.56       0.5622       0.0726
 8070.60       0.4705       0.0729
 8071.64       0.6831       0.0769
 8072.68       0.7696       0.0816
 8073.71       0.7532       0.0847
 8074.75       0.7643       0.0866
 8075.79       0.7393       0.0871
 8076.83       0.7579       0.0871
 8077.87       0.8232       0.0863
 8078.90       0.7791       0.0834
 8079.94       0.6119       0.0798
 8080.98       0.5359       0.0783
 8082.02       0.5133       0.0810
 8083.05       0.5784       0.0866
 8084.09       0.5685       0.0898
 8085.13       0.5604       0.0909
 8086.17       0.6275       0.0911
 8087.21       0.5796       0.0857
 8088.24       0.4768       0.0783
 8089.28       0.5143       0.0767
 8090.32       0.5991       0.0856
 8091.36       0.6084       0.1031
 8092.39       0.6151       0.1213
 8093.43       0.7237       0.1340
 8094.47       0.9043       0.1366
 8095.51       1.0532       0.1293
 8096.54       0.9595       0.1113
 8097.58       0.6178       0.0911
 8098.62       0.5446       0.0924
 8099.66       0.6606       0.1197
 8100.70       0.6228       0.1527
 8101.73       0.5179       0.1796
 8102.77       0.4819       0.1882
 8103.81       0.5459       0.1784
 8104.85       0.7272       0.1508
 8105.88       0.9336       0.1177
 8106.92       0.9778       0.0956
 8107.96       0.8225       0.0868
 8109.00       0.6679       0.0820
 8110.04       0.6766       0.0815
 8111.07       0.8125       0.0812
 8112.11       0.9008       0.0823
 8113.15       0.9583       0.0816
 8114.19       0.9546       0.0788
 8115.22       0.7688       0.0771
 8116.26       0.6377       0.0761
 8117.30       0.7317       0.0750
 8118.34       0.8837       0.0756
 8119.38       0.9343       0.0773
 8120.41       0.8647       0.0786
 8121.45       0.7603       0.0792
 8122.49       0.7356       0.0793
 8123.53       0.7320       0.0786
 8124.56       0.6959       0.0785
 8125.60       0.6273       0.0798
 8126.64       0.6130       0.0807
 8127.68       0.6770       0.0825
 8128.71       0.7550       0.0860
 8129.75       0.9330       0.0866
 8130.79       1.1007       0.0866
 8131.83       1.0898       0.0903
 8132.87       0.7874       0.0905
 8133.90       0.4445       0.0903
 8134.94       0.5053       0.1003
 8135.98       0.7185       0.1100
 8137.02       0.7603       0.1123
 8138.05       0.7173       0.1177
 8139.09       0.5370       0.1240
 8140.13       0.3630       0.1237
 8141.17       0.3961       0.1120
 8142.21       0.6292       0.0999
 8143.24       0.8297       0.1021
 8144.28       1.0520       0.1136
 8145.32       1.1376       0.1243
 8146.36       0.6135       0.1274
 8147.39       0.3508       0.1288
 8148.43       0.7776       0.1311
 8149.47       0.9519       0.1188
 8150.51       0.7475       0.1000
 8151.54       0.6355       0.0908
 8152.58       0.6918       0.0892
 8153.62       0.7872       0.0885
 8154.66       0.7045       0.0866
 8155.70       0.7529       0.0865
 8156.73       0.9671       0.0887
 8157.77       0.9659       0.0882
 8158.81       0.7840       0.0878
 8159.85       0.6348       0.0909
 8160.88       0.5918       0.0944
 8161.92       0.7323       0.0992
 8162.96       0.9456       0.1050
 8164.00       1.0034       0.1064
 8165.04       0.8485       0.1007
 8166.07       0.6837       0.0915
 8167.11       0.5137       0.0847
 8168.15       0.4103       0.0840
 8169.19       0.2984       0.0846
 8170.22       0.2571       0.0837
 8171.26       0.3316       0.0818
 8172.30       0.5481       0.0802
 8173.34       0.7156       0.0805
 8174.38       0.6467       0.0822
 8175.41       0.6244       0.0847
 8176.45       0.7798       0.0891
 8177.49       0.7146       0.0954
 8178.53       0.5436       0.1019
 8179.56       0.4524       0.1049
 8180.60       0.5387       0.1041
 8181.64       0.5764       0.1001
 8182.68       0.6586       0.0994
 8183.71       0.7695       0.0990
 8184.75       0.8900       0.1007
 8185.79       0.9750       0.1059
 8186.83       1.0094       0.1141
 8187.87       0.9448       0.1198
 8188.90       0.8047       0.1202
 8189.94       0.7297       0.1146
 8190.98       0.7493       0.1076
 8192.02       0.7685       0.1057
 8193.05       0.7556       0.1101
 8194.09       0.7157       0.1154
 8195.13       0.7016       0.1211
 8196.17       0.7594       0.1214
 8197.21       0.7847       0.1123
 8198.24       0.6849       0.1037
 8199.28       0.5490       0.0987
 8200.32       0.6150       0.0933
 8201.36       0.7208       0.0880
 8202.39       0.6796       0.0837
 8203.43       0.5381       0.0803
 8204.47       0.5490       0.0796
 8205.51       0.8235       0.0828
 8206.54       0.9213       0.0845
 8207.58       0.7513       0.0828
 8208.62       0.6956       0.0808
 8209.66       0.6170       0.0801
 8210.70       0.5456       0.0815
 8211.73       0.8264       0.0849
 8212.77       1.0376       0.0861
 8213.81       0.8442       0.0830
 8214.85       0.7879       0.0819
 8215.88       0.9191       0.0826
 8216.92       0.9096       0.0814
 8217.96       0.8187       0.0811
 8219.00       0.7196       0.0821
 8220.04       0.7181       0.0828
 8221.07       0.5508       0.0810
 8222.11       0.2204       0.0797
 8223.15       0.3585       0.0863
 8224.19       0.7140       0.0977
 8225.22       0.7503       0.1056
 8226.26       0.7539       0.1137
 8227.30       0.7998       0.1214
 8228.34       0.6962       0.1234
 8229.38       0.6575       0.1176
 8230.41       0.7150       0.1089
 8231.45       0.5447       0.1037
 8232.49       0.5158       0.0989
 8233.53       0.7277       0.0913
 8234.56       0.7214       0.0831
 8235.60       0.5665       0.0780
 8236.64       0.5451       0.0768
 8237.68       0.7073       0.0773
 8238.71       0.8396       0.0789
 8239.75       0.6879       0.0825
 8240.79       0.6987       0.0876
 8241.83       0.9585       0.0922
 8242.87       0.7222       0.0938
 8243.90       0.5119       0.0927
 8244.94       0.7585       0.0905
 8245.98       0.8462       0.0872
 8247.02       0.7409       0.0850
 8248.05       0.7733       0.0848
 8249.09       0.7482       0.0855
 8250.13       0.6920       0.0851
 8251.17       0.7646       0.0830
 8252.21       0.7627       0.0817
 8253.24       0.6144       0.0833
 8254.28       0.5716       0.0890
 8255.32       0.6621       0.0929
 8256.36       0.7762       0.0920
 8257.39       0.7482       0.0873
 8258.43       0.6871       0.0829
 8259.47       0.7761       0.0809
 8260.51       0.7157       0.0799
 8261.54       0.5351       0.0776
 8262.58       0.5201       0.0733
 8263.62       0.4493       0.0709
 8264.66       0.2535       0.0721
 8265.70       0.3318       0.0733
 8266.73       0.5538       0.0741
 8267.77       0.6618       0.0754
 8268.81       0.7665       0.0766
 8269.85       0.8349       0.0782
 8270.88       0.7866       0.0819
 8271.92       0.6929       0.0845
 8272.96       0.5875       0.0896
 8274.00       0.3448       0.0963
 8275.04       0.3326       0.1305
 8276.07       0.4605       0.2070
 8277.11       0.5254       0.2722
 8278.15       0.5712       0.3629
 8279.19       0.4166       0.5019
 8280.22      -0.0874       0.5646
 8281.26      -0.4634       0.5236
 8282.30      -0.0422       0.4610
 8283.34       0.3577       0.4017
 8284.38       0.2427       0.3855
 8285.41       0.3343       0.4072
 8286.45       0.3312       0.5330
 8287.49      -0.1065       0.7152
 8288.53      -0.4497       0.7488
 8289.56      -0.3912       0.6244
 8290.60      -0.0736       0.4967
 8291.64       0.2713       0.3369
 8292.68       0.5745       0.2217
 8293.71       1.1425       0.2195
 8294.75       0.6899       0.3454
 8295.79      -0.2752       0.5399
 8296.83       0.1888       0.7293
 8297.87       1.0991       0.8311
 8298.90       0.5921       0.8250
 8299.94      -0.4343       0.7221
 8300.98      -0.8462       0.5473
 8302.02       0.0161       0.3400
 8303.05       0.6222       0.1921
 8304.09       0.3849       0.1225
 8305.13       0.5566       0.1054
 8306.17       0.7570       0.1127
 8307.21       0.6884       0.1326
 8308.24       0.7417       0.1918
 8309.28       0.7554       0.2574
 8310.32       0.7384       0.2931
 8311.36       0.5417       0.2972
 8312.39       0.4056       0.2619
 8313.43       0.6977       0.1922
 8314.47       0.9376       0.1272
 8315.51       0.7840       0.0954
 8316.54       0.6305       0.0880
 8317.58       0.5358       0.0945
 8318.62       0.4374       0.0978
 8319.66       0.4950       0.0997
 8320.70       0.6228       0.0955
 8321.73       0.6550       0.0880
 8322.77       0.6798       0.0809
 8323.81       0.7338       0.0761
 8324.85       0.7783       0.0732
 8325.88       0.8527       0.0736
 8326.92       0.8967       0.0748
 8327.96       0.7113       0.0746
 8329.00       0.5402       0.0731
 8330.04       0.6705       0.0742
 8331.07       0.7611       0.0741
 8332.11       0.6147       0.0723
 8333.15       0.4681       0.0736
 8334.19       0.5544       0.0782
 8335.22       0.6891       0.0841
 8336.26       0.4466       0.0916
 8337.30       0.1996       0.0862
 8338.34       0.3769       0.1006
 8339.38       0.5138       0.1257
 8340.41       0.7399       0.2949
 8341.45       1.2361       0.6774
 8342.49       1.0542       1.2906
 8343.53       0.6317       1.8383
 8344.56       0.7063       1.9581
 8345.60       1.2037       1.7472
 8346.64       1.6363       1.3718
 8347.68       1.5566       0.8146
 8348.71       0.9933       0.4104
 8349.75       0.5124       0.3296
 8350.79       0.2187       0.4501
 8351.83       0.4126       0.6069
 8352.87       0.7468       0.6896
 8353.90       1.0218       0.6308
 8354.94       0.8065       0.4557
 8355.98      -0.1147       0.2720
 8357.02      -0.3052       0.1500
 8358.05       0.4488       0.0995
 8359.09       0.7441       0.0936
 8360.13       0.4663       0.1077
 8361.17       0.1669       0.1332
 8362.21       0.4233       0.1853
 8363.24       0.9381       0.2422
 8364.28       1.0258       0.2715
 8365.32       0.7100       0.2680
 8366.36       0.4434       0.2339
 8367.39       0.7086       0.1805
 8368.43       0.8180       0.1255
 8369.47       0.4765       0.0859
 8370.51       0.4645       0.0731
 8371.55       0.6610       0.0747
 8372.58       0.7150       0.0734
 8373.62       0.6782       0.0743
 8374.66       0.6018       0.0744
 8375.70       0.5797       0.0776
 8376.73       0.7528       0.0821
 8377.77       1.1111       0.1128
 8378.81       1.5476       0.1781
 8379.85       1.3427       0.2793
 8380.88       0.6576       0.3869
 8381.92       0.8080       0.4610
 8382.96       1.2920       0.4621
 8384.00       1.2157       0.3919
 8385.04       0.7852       0.2737
 8386.07       0.4886       0.1629
 8387.11       0.6124       0.0982
 8388.15       0.8418       0.0837
 8389.19       0.8161       0.0837
 8390.22       0.5265       0.0899
 8391.26       0.4388       0.0794
 8392.30       0.5662       0.0875
 8393.34       0.6120       0.1045
 8394.38       0.3528       0.1325
 8395.41      -0.1626       0.3012
 8396.45      -0.3182       0.6996
 8397.49       0.3742       1.2486
 8398.53       0.4362       1.6373
 8399.56       0.1373       1.7586
 8400.60       0.1907       1.5791
 8401.64       0.7737       1.1003
 8402.68       0.8012       0.5769
 8403.72      -0.0664       0.2349
 8404.75      -0.1206       0.1126
 8405.79       0.5049       0.0966
 8406.83       0.7430       0.0876
 8407.87       0.8602       0.0921
 8408.90       0.9108       0.0768
 8409.94       1.1751       0.0798
 8410.98       0.9922       0.1047
 8412.02       0.5633       0.1845
 8413.05       0.7507       0.3219
 8414.09       1.3060       0.4618
 8415.13       1.5922       0.5305
 8416.17       1.5951       0.5147
 8417.21       1.3318       0.4158
 8418.24       0.9992       0.2721
 8419.28       0.6805       0.1531
 8420.32       0.5121       0.0940
 8421.36       0.6060       0.0817
 8422.39       0.6266       0.0887
 8423.43       0.4460       0.0934
 8424.47       0.6233       0.0887
 8425.51       0.8504       0.1352
 8426.55       0.7977       0.3158
 8427.58       0.4499       0.6967
 8428.62       0.1725       1.1665
 8429.66       0.3272       1.4750
 8430.70       0.6908       1.5354
 8431.73       0.9114       1.3258
 8432.77       0.8248       0.8880
 8433.81       0.6193       0.4572
 8434.85       0.5865       0.1987
 8435.89       0.4469       0.1027
 8436.92       0.3566       0.0888
 8437.96       0.5351       0.0774
 8439.00       0.6858       0.0757
 8440.04       0.6525       0.0708
 8441.07       0.4986       0.0694
 8442.11       0.4163       0.0697
 8443.15       0.5081       0.0717
 8444.19       0.8252       0.0777
 8445.22       0.8598       0.0793
 8446.26       0.5274       0.0815
 8447.30       0.6067       0.0853
 8448.34       0.8190       0.1257
 8449.38       0.6715       0.2149
 8450.41       0.7967       0.3333
 8451.45       1.0352       0.4315
 8452.49       0.7744       0.4655
 8453.53       0.2700       0.4205
 8454.56       0.0254       0.3228
 8455.60       0.3990       0.2050
 8456.64       0.8354       0.1191
 8457.68       0.7237       0.0823
 8458.72       0.6425       0.0767
 8459.75       0.5808       0.0786
 8460.79       0.3908       0.1066
 8461.83       0.5936       0.2480
 8462.87       0.8911       0.5305
 8463.90       0.5761       0.8398
 8464.94       0.6664       1.0470
 8465.98       1.4728       1.0636
 8467.02       1.8730       0.9154
 8468.06       1.3392       0.6310
 8469.09       0.5608       0.3097
 8470.13       0.4742       0.1310
 8471.17       0.9362       0.0993
 8472.21       1.0460       0.0975
 8473.24       0.6793       0.1043
 8474.28       0.2462       0.0958
 8475.32       0.1820       0.0940
 8476.36       0.3421       0.0907
 8477.39       0.4509       0.0820
 8478.43       0.4418       0.0727
 8479.47       0.4353       0.0672
 8480.51       0.5791       0.0670
 8481.55       0.6226       0.0680
 8482.58       0.5602       0.0678
 8483.62       0.5709       0.0682
 8484.66       0.5518       0.0688
 8485.70       0.5513       0.0697
 8486.73       0.7822       0.0720
 8487.77       0.8412       0.0696
 8488.81       0.5606       0.0751
 8489.85       0.5333       0.1080
 8490.89       0.6153       0.1757
 8491.92       0.4809       0.2532
 8492.96       0.7572       0.3116
 8494.00       1.1832       0.3222
 8495.04       1.0094       0.2842
 8496.07       0.5821       0.2101
 8497.11       0.3758       0.1358
 8498.15       0.4126       0.0932
 8499.19       0.6293       0.0809
 8500.23       0.6892       0.0965
 8501.26       0.2366       0.1653
 8502.30      -0.1815       0.2975
 8503.34       0.1245       0.4500
 8504.38       0.6772       0.5664
 8505.41       1.0397       0.5868
 8506.45       1.3032       0.5035
 8507.49       0.9643       0.3451
 8508.53       0.2816       0.1875
 8509.56       0.2939       0.0979
 8510.60       0.6444       0.0740
 8511.64       0.6354       0.0647
 8512.68       0.6939       0.0680
 8513.72       0.7894       0.0663
 8514.75       0.7023       0.0658
 8515.79       0.6198       0.0659
 8516.83       0.6683       0.0682
 8517.87       0.7810       0.0715
 8518.90       0.8046       0.0749
 8519.94       0.6962       0.0770
 8520.98       0.6974       0.0771
 8522.02       0.7440       0.0756
 8523.06       0.6583       0.0731
 8524.09       0.5059       0.0689
 8525.13       0.4274       0.0649
 8526.17       0.5849       0.0640
 8527.21       0.6927       0.0642
 8528.24       0.6606       0.0640
 8529.28       0.7724       0.0653
 8530.32       0.7809       0.0656
 8531.36       0.5459       0.0639
 8532.40       0.4045       0.0617
 8533.43       0.4339       0.0623
 8534.47       0.4836       0.0690
 8535.51       0.5227       0.0907
 8536.55       0.5114       0.1238
 8537.58       0.5357       0.1508
 8538.62       0.4578       0.1645
 8539.66       0.3999       0.1618
 8540.70       0.7207       0.1445
 8541.73       0.9920       0.1148
 8542.77       0.7979       0.0858
 8543.81       0.4604       0.0693
 8544.85       0.3538       0.0886
 8545.89       0.6565       0.1443
 8546.92       0.6726       0.2104
 8547.96       0.4071       0.2587
 8549.00       0.6324       0.2813
 8550.04       0.6472       0.2584
 8551.07       0.3311       0.2014
 8552.11       0.3739       0.1388
 8553.15       0.6339       0.0955
 8554.19       0.7917       0.0745
 8555.23       0.7176       0.0689
 8556.26       0.5405       0.0646
 8557.30       0.5632       0.0633
 8558.34       0.6964       0.0642
 8559.38       0.7602       0.0653
 8560.41       0.6573       0.0648
 8561.45       0.6011       0.0636
 8562.49       0.6744       0.0633
 8563.53       0.5962       0.0631
 8564.57       0.4505       0.0630
 8565.60       0.4396       0.0630
 8566.64       0.5599       0.0637
 8567.68       0.6764       0.0650
 8568.72       0.7114       0.0667
 8569.75       0.7040       0.0680
 8570.79       0.5992       0.0687
 8571.83       0.5277       0.0709
 8572.87       0.6749       0.0748
 8573.90       0.9482       0.0780
 8574.94       0.8386       0.0775
 8575.98       0.5665       0.0756
 8577.02       0.6279       0.0759
 8578.06       0.7130       0.0754
 8579.09       0.7095       0.0724
 8580.13       0.7689       0.0693
 8581.17       0.6966       0.0659
 8582.21       0.5255       0.0645
 8583.24       0.5706       0.0655
 8584.28       0.6896       0.0729
 8585.32       0.6614       0.0877
 8586.36       0.6998       0.1076
 8587.40       0.7235       0.1236
 8588.43       0.6185       0.1271
 8589.47       0.3985       0.1200
 8590.51       0.2943       0.1071
 8591.55       0.5285       0.0908
 8592.58       0.8519       0.0833
 8593.62       0.9728       0.0926
 8594.66       0.8579       0.1148
 8595.70       0.7414       0.1390
 8596.74       0.8073       0.1529
 8597.77       0.6300       0.1516
 8598.81       0.4748       0.1365
 8599.85       0.7908       0.1154
 8600.89       1.0831       0.0952
 8601.92       1.0186       0.0806
 8602.96       0.7794       0.0735
 8604.00       0.5449       0.0712
 8605.04       0.4863       0.0696
 8606.07       0.5708       0.0706
 8607.11       0.6331       0.0721
 8608.15       0.6131       0.0737
 8609.19       0.6193       0.0759
 8610.23       0.7168       0.0808
 8611.26       0.8308       0.0887
 8612.30       0.7838       0.0960
 8613.34       0.6128       0.1036
 8614.38       0.5718       0.1130
 8615.41       0.5854       0.1233
 8616.45       0.5524       0.1352
 8617.49       0.7950       0.1494
 8618.53       0.9916       0.1649
 8619.57       0.8503       0.1786
 8620.60       0.6605       0.1907
 8621.64       0.5189       0.2050
 8622.68       0.2679       0.2187
 8623.72       0.4350       0.2344
 8624.75       0.9242       0.2529
 8625.79       1.1699       0.2685
 8626.83       0.7595       0.2755
 8627.87       0.0474       0.2759
 8628.91       0.3983       0.2855
 8629.94       1.0818       0.2955
 8630.98       0.6051       0.2871
 8632.02       0.3401       0.2799
 8633.06       0.6705       0.2773
 8634.09       0.5678       0.2654
 8635.13       0.6006       0.2504
 8636.17       0.9249       0.2355
 8637.21       0.6352       0.2178
 8638.24       0.3036       0.2011
 8639.28       0.5928       0.1884
 8640.32       0.8061       0.1785
 8641.36       0.8066       0.1645
 8642.40       0.8359       0.1470
 8643.43       0.8877       0.1319
 8644.47       0.8781       0.1239
 8645.51       0.6119       0.1209
 8646.55       0.3089       0.1356
 8647.58       0.3211       0.1718
 8648.62       0.7107       0.2147
 8649.66       0.8805       0.2449
 8650.70       0.5297       0.2563
 8651.74       0.0820       0.2587
 8652.77       0.1206       0.2655
 8653.81       0.7311       0.2747
 8654.85       1.2187       0.2782
 8655.89       1.1059       0.2756
 8656.92       0.6638       0.2767
 8657.96       0.5206       0.2788
 8659.00       0.8630       0.2758
 8660.04       0.9537       0.2677
 8661.08       0.9505       0.2602
 8662.11       1.2559       0.2583
 8663.15       0.9082       0.2504
 8664.19       0.2392       0.2390
 8665.23       0.4170       0.2389
 8666.26       0.5874       0.2370
 8667.30       0.3050       0.2253
 8668.34       0.6487       0.2183
 8669.38       0.6812       0.2110
 8670.42      -0.1014       0.1975
 8671.45      -0.1301       0.1873
 8672.49       0.5062       0.1792
 8673.53       0.7255       0.1698
 8674.57       0.5225       0.1624
 8675.60       0.3795       0.1578
 8676.64       0.8691       0.1585
 8677.68       1.0501       0.1521
 8678.72       0.5165       0.1366
 8679.75       0.4383       0.1307
 8680.79       0.6348       0.1315
 8681.83       0.5577       0.1281
 8682.87       0.4225       0.1207
 8683.91       0.5030       0.1127
 8684.94       0.8991       0.1100
 8685.98       0.9112       0.1078
 8687.02       0.5255       0.1027
 8688.06       0.5122       0.0993
 8689.09       0.6982       0.0952
 8690.13       0.7471       0.0903
 8691.17       0.6946       0.0898
 8692.21       0.7169       0.0928
 8693.25       0.9005       0.0948
 8694.28       0.6867       0.0912
 8695.32       0.3375       0.0860
 8696.36       0.4985       0.0866
 8697.40       0.7162       0.0925
 8698.43       0.6397       0.0993
 8699.47       0.4402       0.1033
 8700.51       0.4980       0.1049
 8701.55       0.8267       0.1053
 8702.58       0.8166       0.1002
 8703.62       0.5919       0.0947
 8704.66       0.7154       0.0960
 8705.70       0.7486       0.1036
 8706.74       0.6059       0.1091
 8707.77       0.7722       0.1162
 8708.81       0.8330       0.1106
 8709.85       0.6261       0.1019
 8710.89       0.5220       0.0912
 8711.92       0.5344       0.0841
 8712.96       0.5889       0.0805
 8714.00       0.5394       0.0789
 8715.04       0.4995       0.0781
 8716.08       0.4740       0.0483
 8717.11       0.6424       0.0697
 8718.15       0.7052       0.0769
 8719.19       0.7884       0.0787
 8720.23       0.7378       0.0773
 8721.26       0.5240       0.0753
 8722.30       0.5219       0.0758
 8723.34       0.7468       0.0801
 8724.38       0.8999       0.0850
 8725.42       0.7647       0.0869
 8726.45       0.5854       0.0869
 8727.49       0.6576       0.0878
 8728.53       0.6659       0.0854
 8729.57       0.5549       0.0802
 8730.60       0.5137       0.0757
 8731.64       0.5063       0.0739
 8732.68       0.4686       0.0743
 8733.72       0.4401       0.0743
 8734.75       0.4970       0.0751
 8735.79       0.6213       0.0785
 8736.83       0.7306       0.0829
 8737.87       0.7641       0.0868
 8738.91       0.7461       0.0890
 8739.94       0.7524       0.0896
 8740.98       0.7934       0.0892
 8742.02       0.7495       0.0873
 8743.06       0.7349       0.0855
 8744.09       0.7747       0.0845
 8745.13       0.6318       0.0828
 8746.17       0.5116       0.0821
 8747.21       0.6230       0.0838
 8748.25       0.6172       0.0857
 8749.28       0.4518       0.0862
 8750.32       0.3712       0.0857
 8751.36       0.5928       0.0869
 8752.40       0.9296       0.0903
 8753.43       0.8932       0.0866
 8754.47       0.7444       0.0938
 8755.51       0.8381       0.1460
 8756.55       0.6213       0.2219
 8757.58       0.3081       0.3713
 8758.62       0.4155       0.5959
 8759.66       0.6322       0.8162
 8760.70       0.4533       0.9362
 8761.74      -0.3930       0.9109
 8762.77      -0.3727       0.7911
 8763.81       0.7113       0.7226
 8764.85       0.4163       0.7598
 8765.89      -0.3325       0.9390
 8766.92       0.1002       1.1444
 8767.96       0.7271       1.2377
 8769.00       0.9015       1.0994
 8770.04       0.6021       0.7975
 8771.08       0.4793       0.4617
 8772.11       0.5988       0.2579
 8773.15       0.0223       0.2254
 8774.19      -0.0598       0.4024
 8775.23       0.9284       0.7214
 8776.26       1.8511       1.1126
 8777.30       1.6983       1.3817
 8778.34       0.5504       1.4003
 8779.38      -0.0923       1.2000
 8780.42       0.1158       0.8648
 8781.45       0.1524       0.4824
 8782.49       0.2536       0.2237
 8783.53       0.3440       0.1144
 8784.57       0.3481       0.0891
 8785.60       0.3262       0.0886
 8786.64       0.2079       0.1007
 8787.68      -0.0322       0.1563
 8788.72      -0.1869       0.2635
 8789.75      -0.0847       0.3857
 8790.79       0.3089       0.4682
 8791.83       0.6865       0.4710
 8792.87       0.8375       0.4071
 8793.91       0.8472       0.2898
 8794.94       0.8303       0.1702
 8795.98       0.5856       0.1028
 8797.02       0.3946       0.0855
 8798.06       0.4575       0.0789
 8799.09       0.6583       0.0835
 8800.13       0.7510       0.0849
 8801.17       0.5962       0.0845
 8802.21       0.5843       0.0840
 8803.25       0.6914       0.0835
 8804.28       0.5502       0.0799
 8805.32       0.4196       0.0781
 8806.36       0.5227       0.0839
 8807.40       0.6197       0.0957
 8808.43       0.6226       0.1086
 8809.47       0.5533       0.1163
 8810.51       0.3785       0.1170
 8811.55       0.2837       0.1111
 8812.58       0.4276       0.1019
 8813.62       0.5901       0.0920
 8814.66       0.5990       0.0849
 8815.70       0.4988       0.0831
 8816.74       0.4359       0.0839
 8817.77       0.4632       0.0841
 8818.81       0.3856       0.0874
 8819.85       0.4174       0.0836
 8820.89       0.5981       0.1158
 8821.92       0.5130       0.1349
 8822.96       0.2455       0.3967
 8824.00       0.3405       1.0189
 8825.04       0.3791       1.9439
 8826.08       0.2622       2.8091
 8827.11       0.1569       3.2230
 8828.15       0.3248       2.9504
 8829.19       0.6745       2.1919
 8830.23       0.4852       1.2498
 8831.26      -0.0692       0.5754
 8832.30      -0.2613       0.3422
 8833.34       0.0309       0.5107
 8834.38       0.7500       0.7948
 8835.42       1.3318       1.0400
 8836.45       1.4079       1.1304
 8837.49       1.0650       1.0440
 8838.53       0.5566       0.7952
 8839.57       0.3525       0.4859
 8840.60       0.5135       0.2337
 8841.64       0.4665       0.1202
 8842.68       0.3072       0.1056
 8843.72       0.5240       0.1117
 8844.75       0.4743       0.1220
 8845.79       0.1590       0.1472
 8846.83       0.1245       0.2152
 8847.87       0.3493       0.3083
 8848.91       0.6083       0.3840
 8849.94       0.7461       0.4132
 8850.98       0.6881       0.3812
 8852.02       0.5730       0.3077
 8853.06       0.3280       0.2098
 8854.09       0.1699       0.1302
 8855.13       0.2064       0.0958
 8856.17       0.3669       0.0938
 8857.21       0.4858       0.0940
 8858.25       0.4298       0.0977
 8859.28       0.4257       0.1035
 8860.32       0.5443       0.1160
 8861.36       0.2214       0.1205
 8862.40       0.0352       0.1312
 8863.43       0.3403       0.1794
 8864.47       0.5023       0.3171
 8865.51       0.0590       0.5280
 8866.55      -0.6331       0.7024
 8867.58      -1.0048       0.7932
 8868.62      -0.7975       0.7640
 8869.66      -0.4226       0.6035
 8870.70       0.0572       0.3842
 8871.74       0.4584       0.2017
 8872.77       0.2900       0.1118
 8873.81       0.1176       0.0957
 8874.85       0.4813       0.0944
 8875.89       0.3553       0.0954
 8876.92      -0.1079       0.0885
 8877.96       0.1905       0.0991
 8879.00       0.4752       0.0925
 8880.04       0.3972       0.1101
 8881.08       0.7532       0.1439
 8882.11       1.0003       0.4228
 8883.15       0.6343       1.0423
 8884.19       0.2069       1.8301
 8885.23      -0.0266       2.4648
 8886.26      -0.1781       2.6693
 8887.30       0.3138       2.3347
 8888.34       0.9069       1.6341
 8889.38       0.6337       0.8524
 8890.42       0.1642       0.3442
 8891.45       0.0915       0.1534
 8892.49       0.1802       0.1316
 8893.53       0.2532       0.1338
 8894.57       0.1855       0.1309
 8895.60       0.2906       0.1368
 8896.64       0.3648       0.1380
 8897.68       0.1158       0.1390
 8898.72      -0.3975       0.1670
 8899.75      -0.7006       0.3270
 8900.79      -0.4581       0.6468
 8901.83       0.1595       0.9851
 8902.87       0.6971       1.1644
 8903.91       0.7578       1.1816
 8904.94       0.3496       0.9910
 8905.98      -0.1382       0.6510
 8907.02       0.2372       0.5054
 8908.06       0.3963       0.3044
 8909.09       0.0436       0.2363
 8910.13      -0.1605       0.2465
 8911.17      -0.0072       0.2351
 8912.21      -0.3803       0.2340
 8913.25      -0.4874       0.1795
 8914.28       0.2363       0.2211
 8915.32       0.9951       0.4341
 8916.36       1.2567       1.2044
 8917.40       1.0235       2.4253
 8918.43       0.2773       4.3839
 8919.47      -0.1503       5.3899
 8920.51       0.4691       3.6089
