 
TRANSIENT_NAME:     DES15X3lya 
SNID:               1334597    
OBS_DATE:           2015-11-14
MJD:                57340. 
PHASE:              -3.    
MJD_MAX:            57343.6
TYPE:               1  
SPEC_EVAL:          SNIa
REDSHIFT:           0.2900  
REDSHIFT_ERR:       0.0050  
REDSHIFT_SOURCE:    Z_SN
TELESCOPE:          AAT
INSTRUMENT:         AAOmega-2dF
 
======================================
 
# WAVE  FLUX  FLUX_ERR
 3757.75      16.3683     105.1050
 3758.79       2.7290      96.9703
 3759.83      -2.4200      85.3942
 3760.87       0.5625      90.7008
 3761.90       3.9911      89.8817
 3762.94       5.6082      83.5594
 3763.98      -2.5271      81.0813
 3765.02      -7.5375      82.2371
 3766.06      -2.8373      78.6269
 3767.09       6.1867      84.8891
 3768.13      15.0220      92.0266
 3769.17      15.6659      94.1373
 3770.21       8.2723      86.5094
 3771.24      -8.5673      74.7584
 3772.28     -13.4119      75.1474
 3773.32      -2.4711      78.5670
 3774.36       6.6318      81.5849
 3775.40       1.4856      79.6465
 3776.43       0.0784      79.2648
 3777.47      -2.2451      75.2708
 3778.51      -7.3640      70.7572
 3779.55      -0.2306      82.7870
 3780.58       2.3091      83.8575
 3781.62       3.4453      75.8381
 3782.66      -0.4393      72.1920
 3783.70      -3.2953      72.1810
 3784.73      -7.8741      71.2344
 3785.77      -8.4830      70.3815
 3786.81       5.4667      81.9137
 3787.85       7.0231      79.8756
 3788.89       8.3109      76.4223
 3789.92       2.6513      72.0367
 3790.96      -4.6139      66.7935
 3792.00       0.9604      70.3624
 3793.04       1.0338      69.6125
 3794.07      -6.8671      62.7999
 3795.11       0.2473      66.8828
 3796.15      14.2103      74.3107
 3797.19       6.1647      68.5820
 3798.23       3.2004      62.4890
 3799.26      11.5811      65.2923
 3800.30       8.2255      66.5490
 3801.34      -2.8438      62.6299
 3802.38      -9.2610      53.9809
 3803.41       1.1040      55.1934
 3804.45      -4.0808      55.3201
 3805.49      -6.0612      54.6241
 3806.53       5.1253      62.3122
 3807.57       1.4361      58.2588
 3808.60       5.3618      58.1293
 3809.64      14.7254      63.7569
 3810.68      16.3744      66.6380
 3811.72       8.0695      58.7701
 3812.75      -0.9192      49.1633
 3813.79       2.0105      53.7618
 3814.83       3.5611      57.6193
 3815.87      -5.3507      48.8082
 3816.90     -10.0945      43.1044
 3817.94      -1.2363      47.3713
 3818.98      10.9435      53.2539
 3820.02       6.5763      50.0887
 3821.06       4.8785      46.3824
 3822.09       5.6059      46.0690
 3823.13      -4.9690      38.8031
 3824.17      -9.5681      37.1480
 3825.21      -1.5000      41.6903
 3826.24       8.8370      46.7548
 3827.28       5.6541      44.9049
 3828.32      -0.3181      39.3117
 3829.36       6.2424      45.9925
 3830.40       9.0069      47.6499
 3831.43       5.8679      44.7931
 3832.47       4.2996      42.4977
 3833.51      -5.4744      33.3028
 3834.55      -7.0148      33.0722
 3835.58      -3.1870      36.2111
 3836.62      -2.2051      35.4397
 3837.66       2.3166      34.9195
 3838.70       6.6790      37.0366
 3839.74       7.2279      36.6341
 3840.77       3.4764      35.9653
 3841.81      -2.7945      32.8856
 3842.85      -1.9487      31.6112
 3843.89       2.2783      33.9816
 3844.92      -2.0011      30.0621
 3845.96      -6.4384      33.3855
 3847.00       2.2806      39.7447
 3848.04       0.9197      33.1445
 3849.07      -3.9648      29.4647
 3850.11       3.6485      31.7229
 3851.15       6.5871      32.8819
 3852.19       6.8600      33.3496
 3853.23       5.9546      31.3910
 3854.26      -4.0787      25.7095
 3855.30      -4.6635      26.2901
 3856.34      -1.5368      27.4034
 3857.38      -2.8415      25.2859
 3858.41       1.6872      28.7084
 3859.45       4.9566      30.6508
 3860.49      -3.0908      25.7999
 3861.53      -4.5635      24.8642
 3862.57      -2.5690      27.5102
 3863.60      -5.6767      26.7319
 3864.64      -2.5498      25.9118
 3865.68      -4.2458      24.9403
 3866.72      -6.8334      25.8949
 3867.75      -1.1012      26.7470
 3868.79      -0.3576      29.1000
 3869.83       0.7269      31.2830
 3870.87       0.1183      26.7625
 3871.91       3.1344      26.9811
 3872.94       6.8612      30.2510
 3873.98       2.7393      28.1249
 3875.02       2.5084      27.3018
 3876.06       0.5484      25.9650
 3877.09      -1.8647      25.4285
 3878.13       0.9979      25.7010
 3879.17       1.9319      25.1689
 3880.21       1.9796      25.2195
 3881.24       7.0008      26.8745
 3882.28       4.3462      25.2555
 3883.32      -2.5749      22.2607
 3884.36      -5.2693      20.2014
 3885.40      -8.7933      19.5858
 3886.43       0.1615      23.2705
 3887.47       0.9524      22.4376
 3888.51      -0.2097      22.0959
 3889.55       2.0547      22.3009
 3890.58      -1.3695      20.9077
 3891.62       2.3819      22.0513
 3892.66       2.9339      22.3717
 3893.70       7.0023      24.1945
 3894.74       3.0099      21.8959
 3895.77      -2.9771      19.0367
 3896.81      -2.0984      19.3358
 3897.85       2.8724      21.9350
 3898.89      -1.9734      20.0436
 3899.92      -5.1485      17.9872
 3900.96       3.0899      20.8794
 3902.00       4.2910      21.1341
 3903.04       0.9003      19.1017
 3904.07      -6.1314      15.7662
 3905.11      -2.1963      17.7875
 3906.15       7.3478      22.1946
 3907.19       0.9816      18.9406
 3908.23      -1.4127      17.5659
 3909.26      -0.5569      17.9669
 3910.30      -2.5364      17.6739
 3911.34       0.9703      18.5442
 3912.38      -0.5280      17.3958
 3913.41      -3.0946      16.6230
 3914.45      -2.5985      16.3846
 3915.49      -1.0297      16.7372
 3916.53       0.9005      16.7229
 3917.57      -1.0309      16.0789
 3918.60      -4.0910      15.3461
 3919.64      -0.3358      16.0016
 3920.68       1.3734      15.7562
 3921.72      -2.3369      14.3344
 3922.75       1.2591      15.5443
 3923.79       2.6348      16.0544
 3924.83       2.4966      14.9024
 3925.87      -0.4891      12.7517
 3926.91      -2.0175      11.9339
 3927.94       3.0087      13.5541
 3928.98       4.2819      14.0103
 3930.02      -1.8620      12.1871
 3931.06      -0.3913      11.8990
 3932.09       2.7585      11.8094
 3933.13       5.8686      12.3343
 3934.17       1.8734      11.1357
 3935.21      -1.2957       9.7772
 3936.24       3.0387      10.4807
 3937.28       5.7379      11.6270
 3938.32       1.0818      11.4573
 3939.36      -0.5932      11.4374
 3940.40       0.2074      12.0918
 3941.43       1.2392      12.8783
 3942.47       2.1820      12.7735
 3943.51       4.3365      12.4536
 3944.55       3.4626      12.1934
 3945.58       5.0052      12.6897
 3946.62       3.3301      11.8492
 3947.66      -0.0282      10.5247
 3948.70      -3.1192      10.2046
 3949.74      -0.8728      11.2708
 3950.77      -2.4481      10.7558
 3951.81       6.3186      13.2295
 3952.85       8.7262      14.0136
 3953.89       1.8311      11.7729
 3954.92       3.7561      12.4048
 3955.96      -1.0140      11.3079
 3957.00      -5.1459       9.6617
 3958.04      -1.2027      10.4821
 3959.08       3.6362      12.3260
 3960.11       3.5625      12.1846
 3961.15       4.1933      12.9708
 3962.19       4.0051      11.9952
 3963.23       5.1734      11.8787
 3964.26       5.1742      10.7403
 3965.30       1.3199      10.2378
 3966.34       2.8285      10.3082
 3967.38       0.5367       9.2431
 3968.41       1.8521       9.0481
 3969.45       0.7765       9.1530
 3970.49       1.1452       9.7244
 3971.53       2.8465      11.1642
 3972.57       1.4536      11.1003
 3973.60       2.5488      11.2155
 3974.64       3.2674      11.4785
 3975.68       4.1444      11.2263
 3976.72      -1.3937       9.1224
 3977.75      -0.7847       9.4403
 3978.79       2.3719      11.6799
 3979.83       5.0679      12.1967
 3980.87       2.0026      10.6241
 3981.91       0.2198      10.3434
 3982.94      -0.1110      10.9641
 3983.98      -0.6251      10.5494
 3985.02      -1.7963       9.7359
 3986.06       1.8772      10.8304
 3987.09       2.8516      11.0220
 3988.13       5.4005      11.6286
 3989.17       2.8082      10.8240
 3990.21       1.6966      11.3936
 3991.25       3.3864      11.8926
 3992.28       4.2687      12.0857
 3993.32      -0.3759      10.7037
 3994.36      -0.8418      10.1671
 3995.40       1.2499      10.2196
 3996.43       1.9949      10.7085
 3997.47       6.2670      12.1163
 3998.51      -0.8266      10.7408
 3999.55      -2.7479      10.5236
 4000.58       0.8934      10.8778
 4001.62       3.0593      12.4813
 4002.66       3.8605      12.6621
 4003.70      -3.2067      10.0585
 4004.74      -0.6101      11.1307
 4005.77      -0.9353      10.9044
 4006.81      -1.7325      11.2032
 4007.85      -2.1218      11.0440
 4008.89      -0.9975      11.6390
 4009.92       0.5218      12.9591
 4010.96       0.9509      13.6812
 4012.00       4.1748      13.4635
 4013.04       3.8655      13.2225
 4014.08      -3.7523      10.7122
 4015.11      -0.9078      11.6499
 4016.15       3.9296      13.0327
 4017.19       2.4394      12.5385
 4018.23      -1.3388      11.5410
 4019.26       3.5876      13.1676
 4020.30      -1.0140      11.3148
 4021.34      -1.2483      11.2649
 4022.38       4.8123      13.4642
 4023.42      -0.0386      11.4083
 4024.45       2.5203      12.0983
 4025.49       6.6057      13.2496
 4026.53       1.2249      11.2063
 4027.57       0.7199      11.3154
 4028.60      -2.6526      10.4909
 4029.64       4.1972      12.2937
 4030.68       2.5251      11.6083
 4031.72       0.5337      11.0129
 4032.75       3.2452      12.2492
 4033.79      -2.3231      10.0694
 4034.83      -1.2795       9.6676
 4035.87      -0.1785      10.8723
 4036.91       2.3771      11.8133
 4037.94       1.3727      11.5609
 4038.98      -2.6162      10.4432
 4040.02      -0.4944      11.1691
 4041.06      -0.9941      11.1772
 4042.09       1.6674      12.2864
 4043.13       2.1502      11.9193
 4044.17       3.3723      11.7135
 4045.21       2.1569      10.9763
 4046.25       3.3009      11.4625
 4047.28       3.3404      11.5126
 4048.32       3.1444      11.6249
 4049.36       1.7836      11.3047
 4050.40       1.6855      10.4671
 4060.77       0.4595       9.9360
 4061.81       0.3006      10.2090
 4062.85       2.2552      10.7262
 4063.89       2.2585      10.2466
 4064.92       1.4369      10.6665
 4065.96       3.8814      11.4153
 4067.00      -0.2068       9.7879
 4068.04      -0.8096       9.9308
 4069.08      -6.0795       9.0122
 4070.11      -1.5470       8.9509
 4071.15       7.4466      11.0872
 4072.19       5.5631      10.8832
 4073.23       2.2540       9.5703
 4074.26       1.8273       9.5141
 4075.30      -0.0349       9.4245
 4076.34       2.4942      10.6495
 4077.38       7.1540      11.0144
 4078.42       3.2627       9.3972
 4079.45       0.9046       9.3984
 4080.49       2.9285      10.5526
 4081.53      -2.3442       9.0236
 4082.57      -4.1469       8.7956
 4083.60      -3.4987       8.8130
 4084.64       3.1539      10.0569
 4085.68       3.0747       9.9162
 4086.72      -0.1537       9.4424
 4087.75      -1.5379       8.8769
 4088.79       0.7748       9.0111
 4089.83      -1.8643       8.3927
 4090.87      -3.7493       7.5521
 4091.91      -0.7166       8.8454
 4092.94       3.1284      10.0220
 4093.98      -0.6620       8.4109
 4095.02       0.9233       8.7825
 4096.06      -0.3797       8.1723
 4097.09       0.5013       8.2951
 4098.13      -3.6217       7.0186
 4099.17       3.7119       8.9817
 4100.21       4.8669       9.5840
 4101.25      -2.1479       7.2604
 4102.28       2.9584       8.4494
 4103.32       2.5082       7.5883
 4104.36       2.3832      10.6287
 4105.40      -3.5125       7.4688
 4106.43       1.4757       7.5918
 4107.47       1.1527       8.0871
 4108.51      -2.8298       7.0103
 4109.55       3.2667       8.3841
 4110.58       2.0214       8.0481
 4111.62       0.9281       7.5992
 4112.66       2.7390       7.9347
 4113.70       0.6502       8.0364
 4114.74       5.4794       9.2775
 4115.77       1.2475       7.7514
 4116.81      -2.6844       6.9816
 4117.85      -2.6134       6.5619
 4118.89       0.2351       7.1369
 4119.92       0.7226       7.0082
 4120.96      -1.6772       7.0634
 4122.00      -0.8583       7.1841
 4123.04       3.1735       8.0236
 4124.08       1.8004       8.1411
 4125.11       1.7211       7.9975
 4126.15      -3.6729       6.3023
 4127.19      -2.2662       6.8793
 4128.23      -0.0587       7.3102
 4129.26       2.3428       7.6837
 4130.30       4.5995       8.3278
 4131.34       0.0942       7.3379
 4132.38      -2.7741       7.2425
 4133.42       0.2943       7.7761
 4134.45       1.7156       7.8659
 4135.49       1.1327       7.8465
 4136.53       0.2309       7.8995
 4137.57       2.2896       8.1378
 4138.60       0.1949       7.2665
 4139.64      -3.1522       6.6184
 4140.68       0.1250       7.1799
 4141.72       1.3378       7.2243
 4142.75       0.5440       6.9825
 4143.79       0.0685       6.6398
 4144.83       3.4955       7.6719
 4145.87       0.1201       6.7982
 4146.91      -2.8487       5.9449
 4147.94      -0.8419       6.4099
 4148.98      -1.4746       6.2773
 4150.02      -1.6733       6.1561
 4151.06      -0.2592       6.5873
 4152.09       6.2901       8.1002
 4153.13       5.7682       8.1807
 4154.17       2.7844       7.3653
 4155.21       0.8764       7.0233
 4156.25      -2.9891       6.6791
 4157.28       1.1866       7.4302
 4158.32       4.3333       8.0000
 4159.36       3.8084       8.0944
 4160.40       0.3294       7.1940
 4161.43       2.8901       8.1530
 4162.47       2.1429       8.0716
 4163.51       0.7359       7.4376
 4164.55       2.0445       8.0723
 4165.59       1.4373       8.0653
 4166.62       3.0627       7.7544
 4167.66       1.3682       7.3558
 4168.70      -0.3842       7.2121
 4169.74      -2.1426       7.0741
 4170.77      -2.6192       6.7105
 4171.81      -0.9535       7.0213
 4172.85       2.0610       7.3654
 4173.89       3.8302       7.6017
 4174.92       1.4996       7.1287
 4175.96       3.2657       7.4037
 4177.00       1.5309       7.0092
 4178.04      -0.0806       6.7181
 4179.08      -2.6255       5.8904
 4180.11       0.9438       6.4872
 4181.15       4.8758       7.5259
 4182.19      -1.5508       6.0544
 4183.23      -1.1729       6.0774
 4184.26       0.8364       6.6515
 4185.30      -0.6820       6.0054
 4186.34       1.0204       6.2764
 4187.38       2.6581       6.4305
 4188.42       0.7446       6.0956
 4189.45       0.9435       6.2927
 4190.49       1.5754       6.3172
 4191.53       1.8470       6.2866
 4192.57       1.7730       6.2445
 4193.60       2.2524       6.5021
 4194.64       4.7274       6.8282
 4195.68       2.9684       6.0752
 4196.72      -0.2143       5.4669
 4197.76       0.0189       5.5343
 4198.79       1.4460       5.6425
 4199.83      -1.7802       4.9192
 4200.87      -0.4153       5.2356
 4201.91       5.0228       6.1795
 4202.94       4.7585       6.2108
 4203.98       1.1778       5.5094
 4205.02      -1.2324       5.2106
 4206.06      -0.2316       5.4261
 4207.09      -1.0320       5.5481
 4208.13       0.1149       5.9068
 4209.17      -1.9963       5.1488
 4210.21      -1.9014       4.8116
 4211.25      -2.0920       4.6803
 4212.28      -3.2061       4.6465
 4213.32      -3.2357       4.8926
 4214.36       0.7498       5.5068
 4215.40       2.3709       5.6234
 4216.43       0.9652       5.6268
 4217.47      -0.5165       5.4489
 4218.51      -0.5695       4.9683
 4219.55      -1.8071       4.5998
 4220.59      -1.7522       4.9541
 4221.62       0.5953       5.5802
 4222.66       2.5327       5.7956
 4223.70       4.7467       6.1529
 4224.74       2.7574       5.6480
 4225.77      -0.0464       4.8112
 4226.81       0.3891       4.8312
 4227.85       2.8436       5.3315
 4228.89      -0.7192       4.5410
 4229.93      -0.6123       4.8743
 4230.96       1.6288       5.1260
 4232.00       0.0036       4.7903
 4233.04      -1.6213       4.7017
 4234.08      -0.3767       5.1427
 4235.11       1.0262       5.3733
 4236.15      -0.5248       4.8370
 4237.19      -0.0308       4.6037
 4238.23       3.9111       5.3148
 4239.26       4.0232       5.4268
 4240.30      -1.7272       4.5377
 4241.34      -1.7090       4.7131
 4242.38      -0.1228       4.9798
 4243.42       2.1584       5.0802
 4244.45       2.7546       5.4096
 4245.49       4.1080       5.6711
 4246.53       2.4643       5.1809
 4247.57       1.1898       5.0076
 4248.60       0.6563       5.0142
 4249.64       1.3993       5.0109
 4250.68       0.4690       4.8418
 4251.72       0.0668       4.7759
 4252.76       2.0015       5.1907
 4253.79       2.3939       5.1635
 4254.83      -1.8101       4.3470
 4255.87      -1.7407       4.3787
 4256.91       2.5670       5.2539
 4257.94       3.6276       5.3579
 4258.98       2.4238       4.9998
 4260.02       1.5772       4.8968
 4261.06       0.0192       4.6552
 4262.10      -1.1166       4.4430
 4263.13      -0.3682       4.5814
 4264.17       2.1130       4.9596
 4265.21       3.9525       5.3958
 4266.25       2.0176       5.3345
 4267.28       0.1861       4.9217
 4268.32      -1.4178       4.5220
 4269.36       0.0233       4.6639
 4270.40       0.4775       4.5204
 4271.43      -0.3890       4.1724
 4272.47       3.0430       4.6583
 4273.51       5.9143       5.3235
 4274.55       4.0820       5.2346
 4275.59       2.8278       5.0847
 4276.62       4.7149       5.3424
 4277.66       2.2770       5.0235
 4278.70      -0.3740       4.5855
 4279.74       2.3282       4.5506
 4280.77      -0.5268       3.9317
 4281.81      -1.7782       3.9001
 4282.85       1.1239       4.4999
 4283.89      -0.1407       4.3204
 4284.93       0.0498       4.2248
 4285.96       2.9884       4.8159
 4287.00       4.8749       4.9109
 4288.04       3.3116       4.5063
 4289.08       3.8170       4.5963
 4290.11       1.7623       4.3108
 4291.15       0.2099       4.1132
 4292.19       2.3733       4.3897
 4293.23       4.4250       4.7727
 4294.27       2.7925       4.5220
 4295.30       2.4088       4.3560
 4296.34       0.7540       4.1104
 4297.38      -1.7273       3.5387
 4298.42      -1.2759       3.5402
 4299.45      -0.6388       3.4927
 4300.49       3.4265       3.9780
 4301.53       2.7981       3.9620
 4302.57       0.9001       3.5768
 4303.60       2.4460       3.9480
 4304.64       3.4206       4.0972
 4305.68       1.4979       3.7003
 4306.72       2.3377       3.8533
 4307.76       4.0049       4.0651
 4308.79       0.6376       3.5266
 4309.83      -0.5286       3.4124
 4310.87      -0.0154       3.3886
 4311.91      -0.3238       3.4093
 4312.94      -0.9041       3.5331
 4313.98      -0.7142       3.5797
 4315.02       1.2007       4.0539
 4316.06       3.0570       4.3833
 4317.10       3.4997       4.5550
 4318.13       2.0419       4.3320
 4319.17      -0.6809       3.9914
 4320.21       1.9368       4.2383
 4321.25       4.3090       4.4894
 4322.28       3.7768       4.3658
 4323.32       2.4021       4.0187
 4324.36       3.3322       4.1866
 4325.40       3.4943       4.2928
 4326.44       0.4389       3.8618
 4327.47       3.9370       4.4670
 4328.51       4.4861       4.6418
 4329.55       1.5900       4.1080
 4330.59      -0.1368       3.7408
 4331.62      -1.8704       3.6161
 4332.66      -2.0536       3.7162
 4333.70      -2.3021       3.5856
 4334.74      -1.8559       3.5718
 4335.77       2.5499       4.2675
 4336.81       2.0441       4.0776
 4337.85       1.0448       3.8070
 4338.89       2.6340       3.9212
 4339.93      -1.6839       3.3435
 4340.96      -1.5253       0.9915
 4342.00       0.8505       4.0550
 4343.04      -0.4585       4.1937
 4344.08      -2.6290       4.5816
 4345.11       0.8709       4.5481
 4346.15       4.0351       3.9311
 4347.19       1.8469       4.0845
 4348.23       0.9754       3.9248
 4349.27       1.3222       3.9250
 4350.30       0.7873       3.7839
 4351.34      -0.1275       3.4815
 4352.38      -0.0038       3.4756
 4353.42       1.4916       3.7618
 4354.45       0.0793       3.6134
 4355.49       0.5720       3.9007
 4356.53       3.8113       4.3988
 4357.57       4.0784       4.3761
 4358.60       5.0501       4.4825
 4359.64       3.6804       4.2696
 4360.68      -0.6008       3.7025
 4361.72      -0.2711       3.6530
 4362.76       0.8528       3.8544
 4363.79      -1.4798       3.4197
 4364.83       2.6889       3.9461
 4365.87       2.6994       4.1661
 4366.91       0.0921       3.6630
 4367.94       0.1401       3.5012
 4368.98       1.1798       3.6776
 4370.02       3.6239       4.0511
 4371.06       1.3847       3.8508
 4372.10       1.5354       3.7899
 4373.13       5.0527       4.2699
 4374.17       2.2868       3.8233
 4375.21       2.5293       3.9629
 4376.25       2.0271       3.9491
 4377.28       0.0157       3.6408
 4378.32       3.1444       4.2642
 4379.36       2.5417       4.0219
 4380.40       5.0261       4.4422
 4381.44       2.8434       4.0810
 4382.47       0.3275       3.5912
 4383.51      -0.1614       3.3498
 4384.55       0.4800       3.3126
 4385.59       2.1821       3.4733
 4386.62      -0.5705       3.2937
 4387.66      -1.2580       3.2566
 4388.70       3.4979       3.8084
 4389.74       3.1742       3.7904
 4390.77       1.1732       3.6085
 4391.81       0.4495       3.5034
 4392.85       0.1314       3.5154
 4393.89       1.6108       3.7268
 4394.93       2.0769       3.6823
 4395.96      -1.5336       3.0826
 4397.00       2.2606       3.6293
 4398.04       3.4535       3.9448
 4399.08       0.8671       3.4578
 4400.11       3.0544       3.7957
 4401.15       3.4430       3.8287
 4402.19       2.9536       3.9141
 4403.23       2.5456       3.8312
 4404.27       0.8626       3.7183
 4405.30       0.5408       3.6126
 4406.34       2.7587       3.9387
 4407.38       1.7733       3.8781
 4408.42       0.4308       3.7389
 4409.45       0.8990       4.0307
 4410.49      -0.1934       3.9342
 4411.53       1.2289       4.0316
 4412.57       1.7296       4.0182
 4413.61       1.1402       3.7434
 4414.64       2.6786       3.9193
 4415.68       1.6820       4.0512
 4416.72      -0.1124       3.6243
 4417.76       2.0780       3.9873
 4418.79      -0.5238       3.7675
 4419.83      -0.0525       3.8014
 4420.87       5.3793       4.6051
 4421.91       1.3804       3.9338
 4422.94       0.8872       3.9924
 4423.98       0.1877       3.8536
 4425.02       2.5225       4.1905
 4426.06       2.9737       4.2938
 4427.10       1.0399       3.8366
 4428.13       3.6190       4.1739
 4429.17       5.1554       4.4606
 4430.21       1.8537       3.9881
 4431.25       0.7612       3.8717
 4432.28      -0.3641       3.6854
 4433.32       2.1524       4.0377
 4434.36       1.0216       3.4132
 4435.40       1.4945       3.5726
 4436.44       2.9980       3.8214
 4437.47       2.5082       3.8197
 4438.51       2.9001       3.9645
 4439.55       3.9003       4.2160
 4440.59       4.1970       4.1737
 4441.62      -2.4147       2.9661
 4442.66       0.1220       3.2920
 4443.70      -0.2842       3.3004
 4444.74       1.2121       3.5514
 4445.78       1.0226       3.4997
 4446.81       1.1284       3.6007
 4447.85       0.4369       3.4235
 4448.89       3.3332       3.7654
 4449.93       2.4687       3.6432
 4450.96       2.5566       3.7411
 4452.00       0.8492       3.3797
 4453.04       2.5334       3.4269
 4454.08       0.8155       3.2551
 4455.11       1.5772       3.3170
 4456.15       0.8880       3.0217
 4457.19       1.9537       3.1773
 4458.23      -0.0290       2.8921
 4459.27       1.0056       3.0998
 4460.30       1.4452       3.3259
 4461.34       2.1247       3.2861
 4462.38       2.0719       3.3082
 4463.42       4.0148       3.6105
 4464.45       0.1095       3.0169
 4465.49       1.3328       3.3018
 4466.53      -0.2543       3.0805
 4467.57       3.4987       3.6435
 4468.61       3.8183       3.6051
 4469.64      -0.3609       2.8575
 4470.68       3.9003       3.4470
 4471.72       1.2141       3.2321
 4472.76       2.1437       3.3353
 4473.79       0.8421       3.1538
 4474.83      -0.0775       2.9917
 4475.87       1.8179       3.3637
 4476.91       3.2481       3.6058
 4477.95       0.8238       3.1855
 4478.98      -0.4920       3.1146
 4480.02       2.3011       3.2294
 4481.06       1.8824       3.2136
 4482.10       4.7142       3.5283
 4483.13       1.1425       3.2623
 4484.17      -0.0396       3.0821
 4485.21       1.5520       3.3865
 4486.25       2.9942       3.5019
 4487.28       2.3765       3.3503
 4488.32       2.9196       3.4595
 4489.36       0.7076       3.0538
 4490.40      -0.2402       3.0184
 4491.44       2.4510       3.4629
 4492.47       0.3859       3.1276
 4493.51       0.4427       3.2129
 4494.55       6.6683       3.9992
 4495.59       0.9758       3.0847
 4496.62       0.7204       3.1251
 4497.66       2.1389       3.4084
 4498.70       3.7501       3.6764
 4499.74       3.7623       3.5944
 4500.78       1.7093       3.3522
 4501.81       3.0602       3.4887
 4502.85       4.0102       3.6383
 4503.89       1.8075       3.3639
 4504.93       3.3054       3.5165
 4505.96       0.2120       3.1994
 4507.00       2.4658       3.5559
 4508.04       1.1445       3.2274
 4509.08       2.7347       3.3610
 4510.12       1.0867       3.1332
 4511.15      -1.9839       2.7039
 4512.19       1.2843       3.3241
 4513.23       1.0291       3.3053
 4514.27       0.6441       3.1026
 4515.30       0.1013       3.0826
 4516.34       0.7566       3.2452
 4517.38       1.4444       3.2632
 4518.42       2.2371       3.3012
 4519.45       2.2425       3.3488
 4520.49       0.9149       3.2465
 4521.53       3.9436       3.5227
 4522.57       5.3287       3.6954
 4523.61       2.3902       3.4992
 4524.64       2.9700       3.5085
 4525.68       1.8031       3.3712
 4526.72       1.0964       3.1191
 4527.76       1.3361       3.5912
 4528.79       0.5273       3.4307
 4529.83       2.1287       3.1727
 4530.87       4.5663       3.6029
 4531.91       3.7447       3.5582
 4532.95      -1.2636       2.9545
 4533.98       0.0742       3.0463
 4535.02       3.3300       3.3863
 4536.06       2.0479       3.2247
 4537.10       0.4993       3.0758
 4538.13       2.7241       3.3715
 4539.17       3.4761       3.4488
 4540.21       1.7720       3.2441
 4541.25       1.4418       3.1649
 4542.29       2.7463       3.3193
 4543.32       1.6036       3.2038
 4544.36      -0.5567       2.9146
 4545.40       2.0589       3.1968
 4546.44       5.6717       3.6689
 4547.47       2.4962       3.1666
 4548.51      -1.5181       2.6405
 4549.55       1.2481       2.9704
 4550.59       4.1067       3.3299
 4551.62       0.0135       2.8324
 4552.66      -0.4315       2.8095
 4553.70       3.4736       3.2775
 4554.74       1.8506       2.8217
 4555.78       1.7354       2.8530
 4556.81       1.4934       2.9131
 4557.85       0.1031       2.7906
 4558.89      -0.4937       2.8393
 4559.93       1.8459       3.1734
 4560.96       4.0004       3.2495
 4562.00       2.1722       2.9534
 4563.04       2.4029       2.9297
 4564.08       2.4198       3.0157
 4565.12      -0.1103       2.6862
 4566.15       1.6241       2.9002
 4567.19       4.0115       3.1478
 4568.23       2.2032       2.9353
 4569.27       2.0815       2.9019
 4570.30       2.1982       2.9602
 4571.34       1.6248       2.8629
 4572.38       2.8303       2.9304
 4573.42       4.5511       3.1391
 4574.46       2.6251       2.9867
 4575.49       0.9662       2.8852
 4576.53       1.4343       2.9525
 4577.57       1.3463       2.8943
 4578.61       4.2671       3.2899
 4579.64       4.6941       3.3214
 4580.68       4.6062       3.2937
 4581.72       5.1739       3.3345
 4582.76       6.0260       3.3356
 4583.79       3.5113       3.0231
 4584.83       1.4095       2.7630
 4585.87       1.7043       2.8160
 4586.91       3.1563       3.0225
 4587.95       2.4761       2.9246
 4588.98      -0.7976       2.5493
 4590.02      -2.6514       2.3895
 4591.06       0.2719       2.6699
 4592.10       3.0289       2.7831
 4593.13       3.2201       2.8735
 4594.17       3.1015       2.8857
 4595.21       3.0353       2.8005
 4596.25       2.9681       2.8635
 4597.29       3.5713       2.9125
 4598.32       2.8217       2.8115
 4599.36       1.1413       2.6855
 4600.40       1.8071       2.7022
 4601.44       3.2294       2.8482
 4602.47       3.6743       2.9351
 4603.51       2.7761       2.8064
 4604.55       2.0162       2.6398
 4605.59       2.1485       2.6718
 4606.62       1.6963       2.5877
 4607.66       2.6056       2.7274
 4608.70       2.9196       2.9605
 4609.74       0.2572       2.7066
 4610.78       0.0979       2.5504
 4611.81       0.8655       2.5671
 4612.85       0.9262       2.5986
 4613.89       2.9951       2.7365
 4614.93       2.0747       2.8329
 4615.96       1.1035       2.8328
 4617.00       0.0445       2.5459
 4618.04       1.1621       2.5911
 4619.08       4.4823       2.9158
 4620.12       5.2149       3.0172
 4621.15       4.0527       2.9365
 4622.19       2.8579       2.8518
 4623.23       2.7439       2.8352
 4624.27       3.4569       2.8270
 4625.30       3.1035       2.7776
 4626.34       2.8320       2.6420
 4627.38       3.8326       2.7533
 4628.42       2.5257       2.7900
 4629.46       1.3117       2.7057
 4630.49       1.5096       2.6899
 4631.53       0.8104       2.5715
 4632.57       1.1607       2.5285
 4633.61       1.7409       2.5938
 4634.64       1.9969       2.5993
 4635.68       1.5164       2.6261
 4636.72       1.6707       2.5972
 4637.76       2.1249       2.5861
 4638.79       1.8039       2.6464
 4639.83       1.6353       2.5450
 4640.87       0.0888       2.4220
 4641.91       1.9270       2.6002
 4642.95       3.6427       2.7749
 4643.98       3.2937       2.7060
 4645.02       3.4108       2.6806
 4646.06       3.9004       2.6891
 4647.10       3.4846       2.7236
 4648.13       3.5254       2.6998
 4649.17       2.9127       2.6646
 4650.21       2.4424       2.6300
 4651.25       2.1644       2.6388
 4652.29       1.5133       2.5770
 4653.32       1.0030       2.4304
 4654.36       1.8389       2.4706
 4655.40       2.1975       2.6297
 4656.44       2.5043       2.5944
 4657.47       3.6243       2.6896
 4658.51       3.1380       2.7077
 4659.55       1.3181       2.5378
 4660.59       2.3599       2.7145
 4661.62       3.9591       2.8896
 4662.66       1.2812       2.5385
 4663.70       1.9810       2.5322
 4664.74       4.1683       2.8288
 4665.78       3.2595       2.6848
 4666.81       1.3848       2.4036
 4667.85       0.5251       2.2637
 4668.89      -0.1548       2.1693
 4669.93       0.8845       2.3768
 4670.96       2.4420       2.6501
 4672.00       2.7571       2.5979
 4673.04       2.1581       2.5298
 4674.08       3.3788       2.7839
 4675.12       3.6051       2.7732
 4676.15       2.3028       2.5925
 4677.19       1.1968       2.4509
 4678.23       2.6536       2.5768
 4679.27       1.5703       2.3674
 4680.30       1.2961       2.3896
 4681.34       3.4140       2.6475
 4682.38       4.5010       2.6596
 4683.42       2.0896       2.5584
 4684.46       0.9804       2.3723
 4685.49       2.1399       2.4557
 4686.53       2.6059       2.6300
 4687.57       0.4593       2.3298
 4688.61       0.0525       2.2476
 4689.64       2.6707       2.5262
 4690.68       4.0539       2.6812
 4691.72       2.6831       2.4500
 4692.76      -0.7071       2.1014
 4693.79      -0.5965       2.1935
 4694.83       0.5543       2.2710
 4695.87       0.3219       2.0978
 4696.91       2.3053       2.3220
 4697.95       1.7637       2.3254
 4698.98      -0.2445       2.0842
 4700.02       1.4325       2.2334
 4701.06       2.8462       2.4192
 4702.10       1.5073       2.2904
 4703.13      -0.3086       2.0039
 4704.17       1.6852       2.1900
 4705.21       4.3870       2.6311
 4706.25       3.3531       2.4781
 4707.29       2.8130       2.4497
 4708.32       0.4162       2.1308
 4709.36      -0.5112       2.0263
 4710.40      -0.7459       2.0265
 4711.44       1.4594       2.2418
 4712.47       2.7951       2.4127
 4713.51       3.0955       2.4200
 4714.55       1.9981       2.3738
 4715.59       3.2919       2.4143
 4716.62       2.2724       2.2825
 4717.66       0.1293       2.1210
 4718.70      -0.0718       2.1287
 4719.74       4.1940       2.5174
 4720.78       2.5794       2.3369
 4721.81       0.4119       2.1203
 4722.85       1.0154       2.2332
 4723.89       1.6963       2.2159
 4724.93       1.1159       2.0933
 4725.96       3.4512       2.3822
 4727.00       2.3933       2.2514
 4728.04       0.7075       2.0775
 4729.08       2.5165       2.3020
 4730.12       1.3176       2.1522
 4731.15       0.9683       2.1634
 4732.19       1.0897       2.1696
 4733.23       1.2313       2.1025
 4734.27       1.2571       2.0826
 4735.30       0.3351       1.9852
 4736.34       1.3113       2.1804
 4737.38       0.7858       2.1182
 4738.42       1.9564       2.2218
 4739.46       3.9574       2.3800
 4740.49       1.2862       2.0953
 4741.53       2.2292       2.2273
 4742.57       3.7241       2.3996
 4743.61       1.4611       2.2752
 4744.64       0.8586       2.1561
 4745.68       1.7096       2.1630
 4746.72       1.0518       2.1722
 4747.76       0.8107       2.1424
 4748.80       1.4256       2.2301
 4749.83       2.2940       2.3477
 4750.87      -0.0942       2.1098
 4751.91       0.7558       2.1037
 4752.95       2.9308       2.3489
 4753.98      -0.4636       1.8815
 4755.02      -1.3020       1.9471
 4756.06       2.3935       2.8567
 4757.10       1.4822       2.2932
 4758.13      -0.7152       1.9329
 4759.17      -1.1190       1.8860
 4760.21      -1.1909       1.8159
 4761.25      -0.8941       1.8339
 4762.29      -1.5040       1.7014
 4763.32      -0.7708       1.8664
 4764.36      -0.1976       1.7947
 4765.40       0.3624       1.8762
 4766.44       2.2481       2.1534
 4767.47       0.5227       1.9697
 4768.51      -1.3377       1.7118
 4769.55      -0.8319       1.8059
 4770.59       0.3011       1.9820
 4771.63       0.3032       1.9460
 4772.66      -0.1110       1.8473
 4773.70       3.4443       2.2187
 4774.74       1.6343       2.0559
 4775.78       1.0832       2.1123
 4776.81       3.9197       2.3435
 4777.85       3.5447       2.2492
 4778.89       2.6436       2.2095
 4779.93       2.1902       2.1473
 4780.97       1.7396       2.1161
 4782.00      -2.2891       1.6772
 4783.04       1.6668       2.1567
 4784.08       1.3135       2.1457
 4785.12       3.0438       2.2773
 4786.15       3.8942       2.2723
 4787.19       2.7812       2.1500
 4788.23       0.9633       1.9821
 4789.27       1.0388       2.0278
 4790.30       0.8496       1.9824
 4791.34       2.5678       2.1352
 4792.38       3.3207       2.3336
 4793.42       1.7748       2.1469
 4794.46       0.6232       1.9620
 4795.49       0.5561       2.0401
 4796.53       1.1717       2.0959
 4797.57       0.0850       1.9216
 4798.61       0.2301       1.8814
 4799.64       1.7694       2.1053
 4800.68       3.1502       2.1830
 4801.72       1.3855       2.0879
 4802.76      -0.1958       1.9922
 4803.80       0.1928       1.9808
 4804.83       2.6296       2.1638
 4805.87       2.0765       2.1414
 4806.91       2.8744       2.1886
 4807.95       1.6335       2.0722
 4808.98      -0.2944       1.8705
 4810.02       0.3013       1.8902
 4811.06       3.0193       2.1778
 4812.10       0.7703       1.9804
 4813.14       0.5442       2.0467
 4814.17       2.5638       2.3050
 4815.21       0.0139       1.9802
 4816.25       0.5051       2.0570
 4817.29      -1.4316       1.8753
 4818.32       1.6121       2.1978
 4819.36       0.8245       2.1137
 4820.40       1.6359       2.1816
 4821.44       1.7118       2.1489
 4822.47       2.1261       2.2380
 4823.51       0.3739       2.1029
 4824.55       1.3724       2.0760
 4825.59       3.0681       2.2201
 4826.63       0.4610       2.0878
 4827.66       1.9218       2.2252
 4828.70       2.5286       2.2693
 4829.74       4.7719       2.4793
 4830.78       1.8676       2.2179
 4831.81       0.6860       2.0589
 4832.85       0.7068       1.9907
 4833.89       1.4758       2.0210
 4834.93       1.7895       2.1704
 4835.97       0.9556       2.1129
 4837.00       2.3507       2.2209
 4838.04       1.2264       2.0963
 4839.08       0.7835       2.0890
 4840.12       0.6664       2.0251
 4841.15       1.3494       1.9689
 4842.19       2.8468       2.1426
 4843.23       1.5953       2.0752
 4844.27       2.0564       2.1468
 4845.31       1.6921       2.0461
 4846.34      -0.3771       1.8491
 4847.38       1.0282       1.9295
 4848.42       2.3628       2.0938
 4849.46       0.2681       1.9146
 4850.49       3.7307       2.1351
 4851.53       0.2507       1.8051
 4852.57       0.5349       1.8489
 4853.61       1.6491       1.9721
 4854.64       1.6256       1.8720
 4855.68       2.0349       1.8709
 4856.72       1.7503       1.8900
 4857.76       1.2911       1.8042
 4858.80      -0.6466       1.5498
 4859.83       0.9481       1.6828
 4860.87       1.0342       1.7143
 4861.91       2.0965       1.8472
 4862.95       0.1635       1.6084
 4863.98       2.2500       1.7290
 4865.02       0.2330       1.5700
 4866.06       0.3209       1.6054
 4867.10       3.1684       1.8677
 4868.14       2.6986       1.8251
 4869.17       0.4339       1.5648
 4870.21       1.0117       1.6437
 4871.25       2.2974       1.6710
 4872.29       1.1852       1.6263
 4873.32      -0.0917       1.4714
 4874.36       0.1775       1.4983
 4875.40       0.6571       1.5920
 4876.44       0.6981       1.5820
 4877.48       1.5661       1.6429
 4878.51       2.6555       1.7254
 4879.55       2.8557       1.7880
 4880.59      -0.1730       1.5157
 4881.63      -0.1074       1.5722
 4882.66       1.6263       1.6931
 4883.70       0.9790       1.5918
 4884.74       0.8036       1.6245
 4885.78       1.2290       1.6963
 4886.81       1.2347       1.6618
 4887.85       1.6694       1.6447
 4888.89       2.5396       1.7418
 4889.93       0.4097       1.5717
 4890.97       0.3549       1.5917
 4892.00       1.6484       1.7363
 4893.04       1.9530       1.7876
 4894.08      -0.0300       1.6500
 4895.12       1.8183       1.7754
 4896.15       0.9604       1.7322
 4897.19       1.8991       1.7256
 4898.23       1.9170       1.7076
 4899.27       0.1628       1.5746
 4900.31       0.0310       1.6292
 4901.34       1.5622       1.7816
 4902.38      -0.4434       1.6013
 4903.42       1.3608       1.7510
 4904.46      -0.4429       1.5690
 4905.49      -0.5310       1.7273
 4906.53       1.5541       1.8303
 4907.57       3.2588       1.9122
 4908.61       0.3555       1.7348
 4909.65       2.5004       1.7882
 4910.68       0.5032       1.5341
 4911.72      -0.3503       1.4610
 4912.76       2.2165       1.7363
 4913.80      -0.1741       1.5762
 4914.83       0.9612       1.6370
 4915.87       1.4362       1.7200
 4916.91      -0.2731       1.6052
 4917.95       1.5641       1.6710
 4918.98      -0.3938       1.4152
 4920.02       0.7082       1.5088
 4921.06       3.5697       1.8295
 4922.10       0.9649       1.5746
 4923.14       0.0691       1.5397
 4924.17       0.5584       1.6257
 4925.21       1.2646       1.7362
 4926.25       1.3618       1.7164
 4927.29       0.6052       1.6826
 4928.32       1.1205       1.7033
 4929.36       1.3582       1.6695
 4930.40      -0.0517       1.5822
 4931.44      -1.3749       1.4578
 4932.48       1.0417       1.6431
 4933.51       1.8234       1.6445
 4934.55       1.4175       1.6688
 4935.59       0.5084       1.6237
 4936.63      -0.3530       1.6175
 4937.66       0.3116       1.6129
 4938.70       0.4974       1.5445
 4939.74       0.6221       1.5194
 4940.78       1.6296       1.6535
 4941.81       1.5302       1.7008
 4942.85       1.4479       1.7021
 4943.89       0.6307       1.5996
 4944.93      -0.2452       1.5439
 4945.97       1.1578       1.6334
 4947.00       0.9781       1.5640
 4948.04       0.5964       1.6251
 4949.08       1.8225       1.7513
 4950.12       1.5987       1.6823
 4951.15       1.8018       1.6748
 4952.19      -0.3579       1.5902
 4953.23       1.6999       1.7323
 4954.27       2.1351       1.7719
 4955.31       2.1445       1.7004
 4956.34       1.8070       1.5753
 4957.38       1.4106       1.5920
 4958.42       1.8858       1.6504
 4959.46       1.0953       1.5559
 4960.49       2.6050       1.7448
 4961.53       4.0533       1.9198
 4962.57       3.8976       1.8962
 4963.61       2.2250       1.7474
 4964.65       2.8850       1.8076
 4965.68       0.7254       1.5904
 4966.72       0.3798       1.5669
 4967.76       3.5334       1.8350
 4968.80       2.7059       1.7252
 4969.83       2.2833       1.7338
 4970.87       1.8617       1.7587
 4971.91       3.5623       1.8675
 4972.95       2.3310       1.7071
 4973.98       2.9704       1.7738
 4975.02       3.6323       1.7782
 4976.06       1.0145       1.5593
 4977.10       3.0177       1.7913
 4978.14       2.5998       1.7320
 4979.17       2.6053       1.6495
 4980.21       2.6723       1.7090
 4981.25       1.8232       1.5665
 4982.29       1.2906       1.5092
 4983.32       3.4852       1.7175
 4984.36       4.4016       1.7251
 4985.40       1.5742       1.4952
 4986.44       1.7283       1.5424
 4987.48       1.9030       1.6454
 4988.51       1.8761       1.6739
 4989.55       0.9501       1.5796
 4990.59       1.4632       1.5863
 4991.63       1.5885       1.6032
 4992.66       1.6126       1.6159
 4993.70       2.6410       1.6521
 4994.74       2.1732       1.6457
 4995.78       0.8654       1.5469
 4996.81       0.7502       1.5414
 4997.85       1.8690       1.6438
 4998.89       3.6370       1.7598
 4999.93       4.0720       1.7406
 5000.97       2.8718       1.6286
 5002.00       2.2946       1.5548
 5003.04       2.2425       1.5729
 5004.08       2.2675       1.5648
 5005.12       2.6437       1.6223
 5006.15       2.3428       1.5987
 5007.19       1.6904       1.5275
 5008.23       3.2309       1.6892
 5009.27       3.4427       1.7164
 5010.31       2.2917       1.5846
 5011.34       3.9462       1.6351
 5012.38       5.3447       1.7714
 5013.42       3.4399       1.6066
 5014.46       3.8321       1.6350
 5015.49       0.5316       1.3816
 5016.53       1.4677       1.4885
 5017.57       1.7858       1.4122
 5018.61       2.7452       1.5302
 5019.65       3.2301       1.5833
 5020.68       2.6562       1.5365
 5021.72       2.0645       1.4454
 5022.76       1.7311       1.4324
 5023.80       3.3169       1.5966
 5024.83       3.1742       1.5624
 5025.87       1.5374       1.4028
 5026.91       2.1842       1.4708
 5027.95       0.7026       1.3989
 5028.98       2.3644       1.5110
 5030.02       2.5132       1.5456
 5031.06       2.6649       1.5936
 5032.10       4.6927       1.6649
 5033.14       3.2100       1.5378
 5034.17       2.0500       1.4704
 5035.21       0.6394       1.3786
 5036.25       2.1971       1.4455
 5037.29       2.0869       1.4061
 5038.32      -0.5187       1.2628
 5039.36       0.8465       1.3880
 5040.40       3.6642       1.5571
 5041.44       2.5978       1.4427
 5042.48       1.8492       1.4708
 5043.51       2.9130       1.5464
 5044.55       2.7406       1.4746
 5045.59       1.5439       1.4530
 5046.63       1.2823       1.4240
 5047.66       1.9246       1.4705
 5048.70       3.0262       1.5438
 5049.74       2.5319       1.4910
 5050.78       0.9135       1.3637
 5051.82       2.2438       1.4876
 5052.85       2.2748       1.4448
 5053.89       2.8549       1.4843
 5054.93       3.4776       1.6127
 5055.97       2.0840       1.4923
 5057.00       2.5193       1.5198
 5058.04       2.1208       1.5044
 5059.08       0.6460       1.4040
 5060.12       1.1973       1.4347
 5061.16       2.5305       1.5493
 5062.19       4.3392       1.6640
 5063.23       3.7570       1.6327
 5064.27       1.7351       1.4792
 5065.31       2.0866       1.4642
 5066.34       2.7514       1.4789
 5067.38       2.9710       1.5337
 5068.42       3.0194       1.5348
 5069.46       3.2041       1.5515
 5070.49       4.1897       1.6660
 5071.53       2.6000       1.5048
 5072.57       2.0468       1.4061
 5073.61       3.6195       1.5558
 5074.65       2.7324       1.4622
 5075.68       1.4303       1.3699
 5076.72       1.7032       1.4433
 5077.76       2.1736       1.4949
 5078.80       3.5134       1.5632
 5079.83       3.3232       1.5014
 5080.87       1.9208       1.3401
 5081.91       2.3061       1.4197
 5082.95       2.7003       1.4779
 5083.99       0.8949       1.3456
 5085.02       0.7759       1.3518
 5086.06       2.6875       1.5302
 5087.10       2.8484       1.5035
 5088.14       2.1312       1.4410
 5089.17       3.0446       1.5062
 5090.21       2.6359       1.5150
 5091.25       1.8527       1.4417
 5092.29       2.8238       1.5495
 5093.33       1.9859       1.5107
 5094.36       1.2261       1.3679
 5095.40       3.4984       1.5472
 5096.44       4.9429       1.6335
 5097.48       4.4214       1.5762
 5098.51       4.2361       1.5491
 5099.55       3.0927       1.4853
 5100.59       2.3496       1.4516
 5101.63       2.1947       1.4672
 5102.66       2.6948       1.4266
 5103.70       1.9880       1.4137
 5104.74       2.9433       1.5056
 5105.78       2.9175       1.4531
 5106.82       1.0399       1.3254
 5107.85       1.4911       1.3377
 5108.89       1.8625       1.3534
 5109.93       3.7389       1.5410
 5110.97       3.5070       1.5096
 5112.00       1.4622       1.3599
 5113.04       2.5137       1.4508
 5114.08       2.2585       1.3947
 5115.12       2.7260       1.3899
 5116.16       2.4266       1.4148
 5117.19       1.3846       1.3399
 5118.23       2.1322       1.4529
 5119.27       3.4182       1.5447
 5120.31       2.1265       1.4413
 5121.34       2.1295       1.3980
 5122.38       0.9650       1.2877
 5123.42       0.8066       1.2539
 5124.46       1.8787       1.3284
 5125.50       1.7177       1.3247
 5126.53       2.0402       1.2985
 5127.57       1.2979       1.2737
 5128.61       3.5705       1.4684
 5129.65       4.7438       1.5574
 5130.68       1.7004       1.3753
 5131.72       1.0091       1.3772
 5132.76       2.6076       1.5071
 5133.80       2.4460       1.4699
 5134.83       1.4443       1.3607
 5135.87       1.8162       1.3994
 5136.91       3.5927       1.5168
 5137.95       3.2020       1.4562
 5138.99       3.9997       1.4851
 5140.02       2.1531       1.3440
 5141.06       1.9657       1.4003
 5142.10       1.7805       1.3847
 5143.14       1.9716       1.3548
 5144.17       2.2451       1.4055
 5145.21       1.9166       1.3369
 5146.25       2.1610       1.3301
 5147.29       3.6636       1.4241
 5148.33       4.4641       1.5277
 5149.36       2.4942       1.3846
 5150.40       1.5721       1.3517
 5151.44       2.3389       1.3894
 5152.48       3.4448       1.4063
 5153.51       1.4095       1.2873
 5154.55       0.2275       1.2183
 5155.59       2.7444       1.3695
 5156.63       3.1580       1.4091
 5157.67       1.8723       1.3109
 5158.70       1.1505       1.2462
 5159.74       1.3395       1.2945
 5160.78       1.3656       1.3110
 5161.82       2.4114       1.3509
 5162.85       3.3999       1.3974
 5163.89       1.9459       1.2898
 5164.93       1.5992       1.2255
 5165.97       2.8809       1.2492
 5167.00       2.1898       1.1557
 5168.04       1.5310       1.1169
 5169.08       0.8836       1.0983
 5170.12       3.2243       1.3000
 5171.16       1.9482       1.1749
 5172.19       3.0022       1.2341
 5173.23       3.0037       1.2363
 5174.27       1.0673       1.1000
 5175.31       1.4514       1.2207
 5176.34       3.8315       1.3705
 5177.38       3.0723       1.2844
 5178.42       2.4706       1.2565
 5179.46       1.0372       1.1672
 5180.50       0.6375       1.1672
 5181.53       0.6136       1.0554
 5182.57       1.5167       1.0843
 5183.61       3.2526       1.1896
 5184.65       3.6886       1.1888
 5185.68       3.2050       1.2945
 5186.72       2.7360       1.3374
 5187.76       2.7089       1.3265
 5188.80       2.2772       1.3310
 5189.83       3.9865       1.4064
 5190.87       2.2647       1.2770
 5191.91       2.1744       1.2269
 5192.95       2.8261       1.2467
 5193.99       3.3827       1.2916
 5195.02       3.2989       1.2646
 5196.06       2.8204       1.4228
 5197.10       1.7838       1.4544
 5198.14       2.5987       1.5893
 5199.17       1.8717       1.5874
 5200.21       2.8446       1.5645
 5201.25       3.7643       1.5469
 5202.29       3.3630       1.4665
 5203.33       0.6813       1.2543
 5204.36       1.9253       1.2668
 5205.40       1.8888       1.2556
 5206.44       3.8716       1.3627
 5207.48       2.0622       1.1974
 5208.51       1.8642       1.2367
 5209.55       1.5439       1.2086
 5210.59       2.7528       1.2892
 5211.63       0.9525       1.2277
 5212.67       2.1013       1.2759
 5213.70       2.1892       1.2777
 5214.74       4.3117       1.3598
 5215.78       2.2322       1.2461
 5216.82       0.5746       1.1330
 5217.85       2.2757       1.2968
 5218.89       3.4749       1.3796
 5219.93       3.8014       1.4275
 5220.97       1.5862       1.2893
 5222.00       3.5822       1.4203
 5223.04       1.4597       1.3291
 5224.08       3.6068       1.4934
 5225.12       4.8292       1.5360
 5226.16       2.3425       1.2417
 5227.19       1.8598       1.1578
 5228.23       3.1246       1.2984
 5229.27       2.9133       1.2670
 5230.31       0.9717       1.2018
 5231.34       4.3482       1.4631
 5232.38       4.3546       1.4075
 5233.42       2.0268       1.2312
 5234.46       2.4932       1.2401
 5235.50       3.5043       1.3644
 5236.53       2.3146       1.2736
 5237.57       2.2918       1.3951
 5238.61       0.6664       1.2878
 5239.65       2.1132       1.4340
 5240.68       2.0096       1.2936
 5241.72       2.3596       1.2267
 5242.76       3.9090       1.3498
 5243.80       1.6243       1.1906
 5244.83       2.6876       1.2523
 5245.87       4.0498       1.3986
 5246.91       3.5992       1.3372
 5247.95       2.1171       1.2534
 5248.99       1.3363       1.2760
 5250.02       2.1967       1.2777
 5251.06       0.9126       1.1479
 5252.10       1.9288       1.2192
 5253.14       4.0002       1.3707
 5254.17       3.6237       1.4459
 5255.21       2.6405       1.4914
 5256.25       4.2248       1.5759
 5257.29       3.1160       1.4160
 5258.33       2.8997       1.3295
 5259.36       2.8370       1.2903
 5260.40       2.4741       1.2754
 5261.44       2.7624       1.2491
 5262.48       2.3695       1.1961
 5263.51       2.8574       1.2080
 5264.55       2.8958       1.1944
 5265.59       2.9626       1.1746
 5266.63       3.5580       1.2279
 5267.67       2.5851       1.1762
 5268.70       3.3429       1.2507
 5269.74       3.4811       1.2325
 5270.78       2.8550       1.2093
 5271.82       2.5355       1.1989
 5272.85       3.0809       1.2754
 5273.89       4.0297       1.3703
 5274.93       3.3438       1.3974
 5275.97       2.9545       1.3812
 5277.00       0.9617       1.1999
 5278.04       3.1885       1.2802
 5279.08       4.4533       1.3309
 5280.12       1.4708       1.1262
 5281.16       1.4514       1.1066
 5282.19       2.8942       1.1964
 5283.23       2.7708       1.2367
 5284.27       1.8913       1.1694
 5285.31       2.2581       1.1956
 5286.34       2.4266       1.1899
 5287.38       1.7836       1.1942
 5288.42       2.7677       1.2924
 5289.46       2.5900       1.2647
 5290.50       1.9712       1.2006
 5291.53       2.1922       1.2708
 5292.57       2.7392       1.2667
 5293.61       2.7483       1.2821
 5294.65       1.6200       1.1988
 5295.68       1.7591       1.1704
 5296.72       2.6295       1.2550
 5297.76       4.0646       1.4054
 5298.80       3.0018       1.3455
 5299.83       2.4878       1.2693
 5300.87       1.4488       1.2110
 5301.91       1.3947       1.2408
 5302.95       3.0744       1.3412
 5303.99       2.1193       1.2763
 5305.02       2.0239       1.2607
 5306.06       2.3785       1.3025
 5307.10       1.8970       1.2639
 5308.14       1.2649       1.1631
 5309.17       3.7452       1.3402
 5310.21       3.0229       1.3168
 5311.25       1.3801       1.2526
 5312.29       2.3430       1.3275
 5313.33       2.5549       1.3173
 5314.36       2.3731       1.2841
 5315.40       3.4035       1.3470
 5316.44       2.4456       1.2867
 5317.48       2.2708       1.2650
 5318.51       1.9962       1.2269
 5319.55       1.8358       1.2301
 5320.59       1.4052       1.1965
 5321.63       1.9568       1.2495
 5322.67       1.9892       1.2557
 5323.70       2.9670       1.3374
 5324.74       2.8642       1.3177
 5325.78       3.2437       1.3275
 5326.82       0.9685       1.1517
 5327.85       1.5909       1.1469
 5328.89       3.4024       1.3258
 5329.93       1.0660       1.2169
 5330.97       2.2882       1.3024
 5332.00       2.3930       1.2825
 5333.04       2.4973       1.2421
 5334.08       1.9667       1.1887
 5335.12       1.4891       1.2053
 5336.16       1.6079       1.1879
 5337.19       3.7197       1.3095
 5338.23       2.0122       1.2199
 5339.27       2.7531       1.2674
 5340.31       1.7120       1.1877
 5341.34       1.6226       1.1536
 5342.38       3.1161       1.2658
 5343.42       2.1922       1.2591
 5344.46       1.4152       1.1616
 5345.50       1.8762       1.1705
 5346.53       3.8233       1.3149
 5347.57       4.6087       1.3326
 5348.61       2.4882       1.2421
 5349.65       0.7628       1.1313
 5350.68       2.1101       1.2416
 5351.72       2.7751       1.2666
 5352.76       1.8584       1.2318
 5353.80       1.7873       1.2378
 5354.84       2.0975       1.2393
 5355.87       1.8280       1.1790
 5356.91       3.2948       1.3242
 5357.95       0.9942       1.1592
 5358.99       3.2715       1.3351
 5360.02       3.5753       1.2889
 5361.06       2.2790       1.2005
 5362.10       3.0785       1.2336
 5363.14       1.3275       1.1413
 5364.17       1.3039       1.1489
 5365.21       3.4204       1.2479
 5366.25       3.3551       1.2552
 5367.29       2.2246       1.2201
 5368.33       3.7933       1.3472
 5369.36       3.6372       1.2896
 5370.40       3.0462       1.2353
 5371.44       2.3205       1.1642
 5372.48       1.6635       1.1458
 5373.51       2.2585       1.2406
 5374.55       1.0469       1.1458
 5375.59       1.5729       1.1637
 5376.63       2.2499       1.2456
 5377.67       2.5047       1.2266
 5378.70       1.9632       1.1526
 5379.74       2.9803       1.2724
 5380.78       2.1101       1.2069
 5381.82       2.2064       1.1827
 5382.85       2.8426       1.2406
 5383.89       2.1011       1.1442
 5384.93       2.9727       1.2373
 5385.97       4.1608       1.3129
 5387.01       2.3794       1.2056
 5388.04       1.9711       1.1827
 5389.08       1.0167       1.1147
 5390.12       2.4263       1.1900
 5391.16       0.2636       1.0472
 5392.19       1.1726       1.0628
 5393.23       2.0618       1.1218
 5394.27       2.2137       1.2023
 5395.31       3.1566       1.2706
 5396.34       1.7888       1.1286
 5397.38       1.5146       1.0988
 5398.42       1.8478       1.1230
 5399.46       1.5488       1.1007
 5400.50       2.6343       1.1624
 5401.53       1.9264       1.1324
 5402.57       2.4551       1.1726
 5403.61       1.9736       1.0992
 5404.65       2.0814       1.1146
 5405.68       2.1789       1.1074
 5406.72       1.3206       1.0984
 5407.76       1.6296       1.0985
 5408.80       2.0056       1.1176
 5409.84       0.5117       1.0087
 5410.87      -0.2979       0.9656
 5411.91       0.2780       1.0106
 5412.95       2.2134       1.1233
 5413.99       3.2049       1.1928
 5415.02       2.5435       1.1705
 5416.06       2.8437       1.1848
 5417.10       0.4320       1.0549
 5418.14      -0.4785       0.9889
 5419.18       1.9229       1.1557
 5420.21       2.9840       1.1704
 5421.25       2.6920       1.1674
 5422.29       1.7351       1.1458
 5423.33       1.9620       1.1262
 5424.36       1.0041       1.0563
 5425.40       1.0076       1.0672
 5426.44       2.1999       1.1381
 5427.48       2.4022       1.1801
 5428.52       0.9503       1.1180
 5429.55       2.5411       1.2047
 5430.59       3.0251       1.2137
 5431.63       2.5764       1.1774
 5432.67       1.8226       1.1231
 5433.70       3.0499       1.2225
 5434.74       3.1307       1.1952
 5435.78       2.7474       1.2059
 5436.82       4.2356       1.2904
 5437.85       2.4779       1.1973
 5438.89       0.8295       1.1189
 5439.93       3.5176       1.3089
 5440.97       1.4545       1.2007
 5442.01       1.7602       1.1872
 5443.04       1.8036       1.1495
 5444.08       2.1936       1.1844
 5445.12       1.5816       1.1459
 5446.16       0.9033       1.0706
 5447.19       2.0785       1.1142
 5448.23       1.6732       1.1832
 5449.27       0.7493       1.1286
 5450.31       0.7814       1.0946
 5451.35       1.1224       1.0977
 5452.38       1.7919       1.1812
 5453.42       4.1783       1.3435
 5454.46       0.7222       1.0871
 5455.50       1.7240       1.1114
 5456.53       1.3685       1.0883
 5457.57       1.8688       1.1777
 5458.61       2.2042       1.2496
 5459.65       1.2413       1.2097
 5460.69       2.8324       1.3033
 5461.72       2.8498       1.2808
 5462.76       2.0748       1.1893
 5463.80       1.8792       1.1613
 5464.84       2.4876       1.1958
 5465.87       2.9371       1.2711
 5466.91       0.8051       1.1334
 5467.95       2.3249       1.2488
 5468.99       1.1073       1.1688
 5470.02       2.2360       1.2046
 5471.06       1.2639       1.1218
 5472.10       0.4343       1.0593
 5473.14       0.9148       1.1026
 5474.18       2.3180       1.1962
 5475.21       2.5749       1.2049
 5476.25      -0.2124       1.0310
 5477.29      -0.5052       1.0137
 5478.33       1.5882       1.1421
 5479.36       1.4523       1.1147
 5480.40       1.9279       1.1548
 5481.44       0.7451       1.0563
 5482.48       1.7689       1.1315
 5483.52      -0.2989       1.0003
 5484.55       2.0387       1.1524
 5485.59       1.8553       1.1741
 5486.63       1.8887       1.2052
 5487.67       0.9379       1.0735
 5488.70       0.5937       1.0606
 5489.74       2.2198       1.1836
 5490.78       1.9769       1.1592
 5491.82       2.9456       1.2233
 5492.85       1.9187       1.1645
 5493.89       2.2444       1.1912
 5494.93       2.5961       1.2257
 5495.97       1.7558       1.1987
 5497.01       2.2531       1.1936
 5498.04       1.7129       1.2020
 5499.08       1.5651       1.1947
 5500.12       2.8197       1.2484
 5501.16       1.4480       1.1560
 5502.19      -0.1096       1.0631
 5503.23       0.4231       1.1060
 5504.27       0.9758       1.1691
 5505.31       1.5303       1.1854
 5506.35       1.6815       1.1937
 5507.38       1.4324       1.1712
 5508.42       1.6220       1.1934
 5509.46       2.4892       1.2236
 5510.50       1.1661       1.1539
 5511.53       1.4140       1.1879
 5512.57       1.6731       1.1954
 5513.61       0.6059       1.1249
 5514.65       0.7879       1.1614
 5515.69      -0.1006       1.0973
 5516.72       1.4976       1.1605
 5517.76       1.8016       1.2024
 5518.80       0.7837       1.1120
 5519.84       0.6584       1.1240
 5520.87       2.4863       1.2416
 5521.91       1.7787       1.2332
 5522.95       1.3073       1.2027
 5523.99       1.7931       1.2104
 5525.02       0.7293       1.1431
 5526.06       0.4596       1.1218
 5527.10       1.8863       1.1562
 5528.14       0.9970       1.1171
 5529.18       1.9563       1.1726
 5530.21       1.1786       1.1195
 5531.25       0.5710       1.0691
 5532.29       1.2769       1.1618
 5533.33       1.1499       1.1946
 5534.36       2.1821       1.1966
 5535.40       1.5895       1.1977
 5536.44       2.0940       1.2439
 5537.48       0.8519       1.1666
 5538.52       2.8810       1.3179
 5539.55       2.2194       1.2710
 5540.59       1.6272       1.2987
 5541.63       3.3512       1.4663
 5542.67       3.2327       1.5272
 5543.70       1.2351       1.4257
 5544.74       0.4952       1.2997
 5545.78       0.0130       1.2505
 5546.82       0.5186       1.2610
 5547.85       1.5228       1.2717
 5548.89       0.3184       1.2221
 5549.93      -1.6013       1.1161
 5550.97      -0.4460       1.1450
 5552.01       1.2904       1.2775
 5553.04       0.1727       1.1540
 5554.08       1.7771       1.2326
 5555.12       1.5359       1.2580
 5556.16       1.4129       1.2222
 5557.19       1.2635       1.2287
 5558.23       2.0846       1.3075
 5559.27       2.1215       1.2980
 5560.31       1.3432       1.2619
 5561.35       0.2873       1.2285
 5562.38       2.3845       1.5347
 5563.42       1.4074       1.5630
 5564.46       1.6234       1.5246
 5565.50       0.5190       1.3447
 5566.53       0.8557       1.2838
 5567.57       0.4740       1.2700
 5568.61       2.5737       1.4380
 5569.65       2.5052       1.4784
 5570.69       0.6967       1.3569
 5571.72       0.2091       1.3624
 5572.76      -0.3755       1.5234
 5573.80       2.4531       3.3359
 5574.84       1.9315      14.0211
 5575.87       1.8229      31.9358
 5576.91       2.9882      39.8490
 5577.95       1.0660      32.4645
 5578.99      -0.1352      15.4097
 5580.02      13.5369       3.3023
 5581.06      -1.0236       1.3710
 5582.10      -0.2278       1.3499
 5583.14       1.5847       1.3897
 5584.18       1.6123       1.3599
 5585.21       0.7821       1.2740
 5586.25       0.5987       1.2732
 5587.29       1.1112       1.3921
 5588.33       2.0454       1.5194
 5589.36       1.9110       1.5304
 5590.40       0.6817       1.3749
 5591.44       0.3250       1.2785
 5592.48       1.0645       1.2559
 5593.52       2.2900       1.3025
 5594.55       1.9662       1.3038
 5595.59       1.1471       1.3088
 5596.63       3.1919       1.4977
 5597.67       2.1799       1.4236
 5598.70       1.5133       1.3569
 5599.74       2.5211       1.3317
 5600.78       2.0321       1.3049
 5601.82       1.4288       1.2939
 5602.86       1.7060       1.4078
 5603.89       1.7241       1.5527
 5604.93       1.5076       1.5858
 5605.97       1.1726       1.5102
 5607.01       3.2369       1.4829
 5608.04       1.8079       1.3477
 5609.08       0.4109       1.2348
 5610.12       1.3606       1.2720
 5611.16       1.1902       1.2707
 5612.19       2.0773       1.3094
 5613.23       0.6825       1.2474
 5614.27       0.7356       1.2635
 5615.31       2.2059       1.4110
 5616.35       0.9200       1.3392
 5617.38       1.8137       1.3625
 5618.42       1.2000       1.3964
 5619.46       1.4157       1.3447
 5620.50       1.8966       1.3841
 5621.53       0.9826       1.4375
 5622.57       1.4175       1.5214
 5623.61       1.4494       1.5536
 5624.65      -0.0602       1.4439
 5625.69       2.2675       1.5014
 5626.72       1.9552       1.4467
 5627.76       1.3707       1.4016
 5628.80       0.8044       1.3285
 5629.84       1.3653       1.3940
 5630.87       2.0528       1.4319
 5631.91       1.3182       1.3893
 5632.95       1.6266       1.4351
 5633.99       1.8104       1.4565
 5635.03       2.0186       1.4600
 5636.06       1.6452       1.4247
 5637.10      -0.0002       1.3509
 5638.14       0.6532       1.4417
 5639.18       1.8604       1.4733
 5640.21       3.3891       1.5638
 5641.25       2.3869       1.5286
 5642.29       2.2142       1.5277
 5643.33       1.0010       1.5279
 5644.36      -1.5104       1.3734
 5645.40       0.2457       1.5073
 5646.44      -0.4589       1.4454
 5647.48       1.0128       1.5164
 5648.52       3.2700       1.6529
 5649.55       1.9993       1.5330
 5650.59      -0.3857       1.3131
 5651.63      -0.1237       1.3084
 5652.67       2.0904       1.5669
 5653.70       2.5780       1.6272
 5654.74       2.7910       1.6669
 5655.78       1.6978       1.5848
 5656.82       0.9461       1.5207
 5657.86       1.6295       1.4982
 5658.89       0.8308       1.4752
 5659.93       1.2185       1.5108
 5660.97       3.3282       1.6836
 5662.01       2.9106       1.6616
 5663.04       1.4827       1.5973
 5664.08       1.3400       1.6278
 5665.12       3.0109       1.7214
 5666.16       1.1420       1.6491
 5667.20       1.0266       1.6891
 5668.23       2.4504       1.7961
 5669.27       2.6800       1.8146
 5670.31       2.3850       1.8085
 5671.35       0.2510       1.5504
 5672.38       0.9194       1.6126
 5673.42      -1.0363       1.4909
 5674.46       4.1895       1.9378
 5675.50       1.9829       1.8054
 5676.53       3.1272       1.9422
 5677.57       3.2100       1.9170
 5678.61       3.2170       1.9491
 5679.65       1.8863       1.8388
 5680.69       3.2051       2.0083
 5681.72       0.1294       1.7118
 5682.76       3.0551       1.9726
 5683.80       0.8405       1.8026
 5684.84      -1.0755       1.6013
 5685.87       2.6273       1.9672
 5686.91       1.0119       1.8395
 5687.95       1.8228       1.8968
 5688.99       3.8533       2.1285
 5690.03       3.1043       2.0865
 5691.06       1.0437       2.0187
 5692.10       0.6999       1.9728
 5693.14       3.3923       2.0912
 5694.18       1.3470       1.9798
 5695.21       3.6592       2.2513
 5696.25       4.4853       2.3492
 5697.29       3.6962       2.2659
 5698.33       0.5043       1.9105
 5699.37       0.9143       1.9545
 5700.40       1.1152       1.9990
 5701.44       0.6213       1.8732
 5702.48       1.7884       2.0257
 5703.52       2.5141       2.1653
 5704.55       1.4678       2.1142
 5705.59       2.1332       2.1936
 5706.63       0.6838       2.0162
 5707.67       0.2425       1.9764
 5708.70       2.0325       2.2550
 5709.74       1.2459       2.1033
 5710.78       2.0428       2.2378
 5711.82       1.9625       2.2156
 5712.86       0.9478       2.1315
 5713.89       1.3058       2.2436
 5714.93       1.0694       2.1968
 5715.97       2.5314       2.2966
 5717.01       2.5814       2.4250
 5718.04       2.9010       2.4716
 5719.08       2.1431       2.4083
 5720.12       2.0158       2.4401
 5721.16       0.8183       2.2689
 5722.20       2.7181       2.6138
 5723.23       1.9258       2.4470
 5724.27       0.6141       2.3642
 5725.31       3.1824       2.7868
 5726.35       2.4671       2.7425
 5727.38       1.8055       2.5732
 5728.42       0.7929       2.4492
 5729.46       4.1515       2.8375
 5730.50       1.7983       2.5439
 5731.54       1.0390       2.5301
 5732.57      -0.4748       2.3846
 5733.61       3.2372       2.8766
 5734.65       3.5876       2.8975
 5735.69      -0.2041       2.4598
 5736.72       1.6162       2.6240
 5737.76       2.8312       2.9394
 5738.80      -0.7700       2.4533
 5739.84       3.0425       2.8333
 5740.87       1.5012       2.7719
 5741.91       0.9217       2.6629
 5742.95       0.7103       2.5875
 5743.99       2.5993       2.8955
 5745.03       0.8337       2.7108
 5746.06      -1.3364       2.3846
 5747.10       1.4788       2.9019
 5748.14      -0.1122       2.6991
 5749.18      -0.2967       2.6063
 5750.21       3.5866       3.2464
 5751.25       1.6768       2.8190
 5752.29       0.9613       2.8202
 5753.33       1.6910       2.9435
 5754.37      -0.2236       2.8856
 5755.40       0.5947       2.9729
 5756.44       1.6701       3.2509
 5757.48       2.6689       3.2779
 5758.52       1.9029       3.2066
 5759.55       0.6051       3.0616
 5760.59       0.0756       2.9234
 5761.63       0.4903       2.9024
 5762.67      -0.2054       2.9489
 5763.71      -0.0919       2.8442
 5764.74       1.0165       3.1350
 5765.78       0.0278       3.1980
 5766.82       1.2894       1.6880
 5767.86       1.5852       1.7380
 5768.89       0.9914       1.6961
 5769.93       1.4216       1.6898
 5770.97       2.3926       1.7161
 5772.01       2.0008       1.6873
 5773.04       1.0314       1.5901
 5774.08       0.4662       1.4771
 5775.12       0.5368       1.4442
 5776.16       1.6213       1.5222
 5777.20       2.5039       1.6038
 5778.23       2.7717       1.6242
 5779.27       2.4186       1.5897
 5780.31       1.4565       1.5474
 5781.35       0.7990       1.4873
 5782.38       0.9232       1.4512
 5783.42       1.5905       1.4986
 5784.46       1.4055       1.4985
 5785.50       0.3588       1.4064
 5786.54       0.4156       1.3567
 5787.57       1.6708       1.4055
 5788.61       2.6358       1.4825
 5789.65       1.9604       1.4308
 5790.69       0.7150       1.3258
 5791.72       0.3916       1.3242
 5792.76       1.1279       1.3716
 5793.80       1.7241       1.3941
 5794.84       2.0560       1.4192
 5795.88       2.1692       1.4498
 5796.91       2.2564       1.4684
 5797.95       2.3105       1.4467
 5798.99       2.0607       1.3948
 5800.03       1.6099       1.3600
 5801.06       1.5654       1.3525
 5802.10       1.7633       1.3414
 5803.14       2.0392       1.3114
 5804.18       1.9613       1.2871
 5805.21       1.5173       1.2833
 5806.25       1.5993       1.3123
 5807.29       1.8123       1.3119
 5808.33       1.5671       1.2572
 5809.37       1.2601       1.2423
 5810.40       0.7651       1.2356
 5811.44       0.1065       1.1806
 5812.48       0.5804       1.1757
 5813.52       1.4613       1.2117
 5814.55       1.5607       1.2302
 5815.59       1.4585       1.2307
 5816.63       1.4789       1.2127
 5817.67       0.8862       1.1618
 5818.71       0.9010       1.1478
 5819.74       1.9612       1.1955
 5820.78       2.2759       1.2272
 5821.82       1.7351       1.2108
 5822.86       1.3370       1.1713
 5823.89       0.8636       1.1106
 5824.93       0.8754       1.0963
 5825.97       1.9708       1.1817
 5827.01       2.4834       1.2396
 5828.04       1.6123       1.1802
 5829.08       0.8933       1.0690
 5830.12       0.8875       1.0359
 5831.16       1.4280       1.1286
 5832.20       1.7384       1.1634
 5833.23       1.7963       1.1186
 5834.27       2.0700       1.0999
 5835.31       1.7136       1.0881
 5836.35       0.9315       1.0719
 5837.38       0.7887       1.0546
 5838.42       1.0623       1.0445
 5839.46       1.3338       1.0465
 5840.50       1.4331       1.0330
 5841.54       1.6121       1.0307
 5842.57       2.0676       1.0595
 5843.61       1.9211       1.0603
 5844.65       1.0467       1.0105
 5845.69       0.2093       0.9500
 5846.72       0.6818       0.9607
 5847.76       1.9387       1.0222
 5848.80       1.8089       1.0224
 5849.84       1.3888       0.9885
 5850.88       1.8238       0.9747
 5851.91       1.8233       0.9550
 5852.95       1.2270       0.9421
 5853.99       0.7581       0.9530
 5855.03       0.7570       0.9497
 5856.06       1.2241       0.9384
 5857.10       1.5924       0.9494
 5858.14       1.8925       0.9746
 5859.18       2.0575       0.9832
 5860.21       1.6136       0.9369
 5861.25       1.5753       0.9201
 5862.29       2.3388       0.9931
 5863.33       2.1400       1.0384
 5864.37       1.2928       1.0942
 5865.40       1.3612       1.2354
 5866.44       1.1737       1.3063
 5867.48       0.7042       1.2837
 5868.52       0.9796       1.2770
 5869.55       1.2495       1.2317
 5870.59       1.2875       1.1460
 5871.63       2.0412       1.1298
 5872.67       2.4879       1.1082
 5873.71       1.8031       1.0081
 5874.74       1.5023       0.9423
 5875.78       1.5992       0.9345
 5876.82       1.6759       0.9610
 5877.86       1.7623       0.9610
 5878.89       1.8726       0.9146
 5879.93       1.5909       0.8574
 5880.97       1.4654       0.8325
 5882.01       1.8001       0.8611
 5883.04       2.0669       0.8916
 5884.08       2.4685       0.9623
 5885.12       3.0815       1.1489
 5886.16       3.5689       1.4452
 5887.20       3.0843       1.8715
 5888.23       1.4724       2.3283
 5889.27       0.4791       2.7375
 5890.31       0.7417       2.9702
 5891.35       0.9456       2.8960
 5892.38       1.0375       2.5822
 5893.42       1.1762       2.2456
 5894.46       1.2043       2.0574
 5895.50       1.4862       2.0386
 5896.54       2.4313       2.0354
 5897.57       2.3697       1.8919
 5898.61       1.5747       1.5660
 5899.65       1.7192       1.2599
 5900.69       2.2410       1.0523
 5901.72       2.3511       0.9349
 5902.76       2.3143       0.8911
 5903.80       2.0155       0.8833
 5904.84       1.5786       0.8848
 5905.88       1.3260       0.8963
 5906.91       1.3485       0.8878
 5907.95       1.4313       0.8524
 5908.99       1.5287       0.8316
 5910.03       1.4647       0.8323
 5911.06       1.1762       0.8138
 5912.10       1.8374       0.8684
 5913.14       2.9512       0.9897
 5914.18       2.0426       1.0221
 5915.21       0.5409       1.0023
 5916.25       0.5976       1.0127
 5917.29       1.5050       1.0246
 5918.33       2.2446       0.9886
 5919.37       2.3827       0.8932
 5920.40       1.6020       0.7959
 5921.44       0.7352       0.7552
 5922.48       1.1622       0.7858
 5923.52       1.5765       0.8364
 5924.55       1.3582       0.8632
 5925.59       1.2775       0.8680
 5926.63       1.7427       0.8724
 5927.67       2.4125       0.8938
 5928.71       2.3205       0.8903
 5929.74       1.5985       0.8852
 5930.78       1.1286       0.9135
 5931.82       1.3322       1.0041
 5932.86       2.0369       1.1097
 5933.89       2.6338       1.1492
 5934.93       2.6094       1.0766
 5935.97       2.1110       0.9386
 5937.01       1.9758       0.8351
 5938.05       2.0354       0.7913
 5939.08       1.6538       0.7606
 5940.12       1.1112       0.7365
 5941.16       0.9140       0.7180
 5942.20       1.4073       0.7317
 5943.23       1.6339       0.7542
 5944.27       1.3434       0.7744
 5945.31       1.9565       0.8237
 5946.35       2.1154       0.8270
 5947.38       1.0760       0.7641
 5948.42       0.6550       0.7432
 5949.46       1.3276       0.7925
 5950.50       2.1962       0.8539
 5951.54       1.6846       0.8760
 5952.57       0.5345       0.8857
 5953.61       1.4802       0.9689
 5954.65       2.5310       1.0054
 5955.69       2.1485       0.9287
 5956.72       1.7366       0.8352
 5957.76       1.5313       0.7629
 5958.80       1.4306       0.7161
 5959.84       1.7967       0.7260
 5960.88       2.0470       0.7395
 5961.91       1.6229       0.7041
 5962.95       0.8481       0.6690
 5963.99       0.3844       0.6674
 5965.03       0.6580       0.6795
 5966.06       1.1463       0.6928
 5967.10       1.0278       0.6941
 5968.14       0.9383       0.6995
 5969.18       1.0145       0.7144
 5970.22       1.0067       0.7290
 5971.25       0.8831       0.7216
 5972.29       0.9134       0.7150
 5973.33       1.2028       0.7370
 5974.37       1.8112       0.7883
 5975.40       2.3356       0.8395
 5976.44       2.2348       0.8526
 5977.48       1.7256       0.8294
 5978.52       1.3897       0.7959
 5979.55       1.4721       0.7642
 5980.59       1.5249       0.7322
 5981.63       1.0279       0.6914
 5982.67       0.7211       0.6645
 5983.71       0.8264       0.6466
 5984.74       0.7492       0.6183
 5985.78       0.7286       0.6114
 5986.82       1.0375       0.6314
 5987.86       0.9745       0.6260
 5988.89       1.0493       0.6195
 5989.93       1.5813       0.6398
 5990.97       1.3657       0.6430
 5992.01       0.6653       0.6214
 5993.05       0.6195       0.6040
 5994.08       0.8818       0.6130
 5995.12       1.1574       0.6462
 5996.16       1.6340       0.6827
 5997.20       1.6624       0.6938
 5998.23       1.2229       0.6796
 5999.27       0.9395       0.6581
 6000.31       1.1287       0.6601
 6001.35       1.5999       0.6904
 6002.39       1.0673       0.6811
 6003.42       0.7879       0.6741
 6004.46       2.4568       0.7400
 6005.50       2.8123       0.7352
 6006.54       1.3061       0.6420
 6007.57       1.1009       0.6097
 6008.61       1.6445       0.6220
 6009.65       1.7593       0.6245
 6010.69       1.6856       0.6155
 6011.72       1.5693       0.6054
 6012.76       1.6178       0.6120
 6013.80       1.7497       0.6232
 6014.84       1.6950       0.6218
 6015.88       1.3386       0.6044
 6016.91       0.9069       0.5840
 6017.95       0.5948       0.5669
 6018.99       0.4029       0.5461
 6020.03       0.4915       0.5419
 6021.06       0.7983       0.5590
 6022.10       1.0739       0.5727
 6023.14       1.3693       0.5782
 6024.18       1.7476       0.5850
 6025.22       2.0256       0.6067
 6026.25       1.9918       0.6299
 6027.29       1.7764       0.6339
 6028.33       1.2927       0.6061
 6029.37       0.8910       0.5724
 6030.40       1.2820       0.5792
 6031.44       1.7038       0.6020
 6032.48       1.2913       0.5978
 6033.52       0.8983       0.5860
 6034.56       0.9081       0.5849
 6035.59       1.0506       0.5968
 6036.63       1.1703       0.5964
 6037.67       1.2300       0.5816
 6038.71       1.3080       0.5739
 6039.74       1.4549       0.5773
 6040.78       1.5312       0.5807
 6041.82       1.2364       0.5643
 6042.86       1.1919       0.5591
 6043.89       1.5882       0.5814
 6044.93       1.3637       0.5695
 6045.97       0.7691       0.5357
 6047.01       0.7794       0.5339
 6048.05       1.0981       0.5463
 6049.08       1.2327       0.5494
 6050.12       1.1236       0.5430
 6051.16       1.0650       0.5414
 6052.20       1.3173       0.5543
 6053.23       0.9958       0.5539
 6054.27       0.8394       0.5496
 6055.31       1.5231       0.5577
 6056.35       1.7379       0.5488
 6057.39       1.4803       0.5391
 6058.42       1.7016       0.5614
 6059.46       1.7090       0.5771
 6060.50       1.2541       0.5662
 6061.54       0.8462       0.5505
 6062.57       0.9102       0.5514
 6063.61       1.3464       0.5693
 6064.65       1.6731       0.5784
 6065.69       1.4656       0.5658
 6066.73       1.1793       0.5511
 6067.76       0.9067       0.5372
 6068.80       0.6943       0.5272
 6069.84       0.4731       0.5208
 6070.88       0.4993       0.5223
 6071.91       0.8363       0.5331
 6072.95       1.3315       0.5535
 6073.99       1.3483       0.5506
 6075.03       0.9687       0.5250
 6076.06       0.9629       0.5214
 6077.10       1.2054       0.5354
 6078.14       1.2586       0.5405
 6079.18       1.6757       0.5554
 6080.22       2.0649       0.5638
 6081.25       1.5399       0.5360
 6082.29       0.9048       0.5034
 6083.33       0.7452       0.4956
 6084.37       0.7675       0.5053
 6085.40       1.0049       0.5228
 6086.44       1.3972       0.5335
 6087.48       1.3655       0.5137
 6088.52       1.2126       0.5000
 6089.56       1.8274       0.5460
 6090.59       2.2052       0.5707
 6091.63       1.8906       0.5446
 6092.67       1.1233       0.5165
 6093.71       0.6421       0.4970
 6094.74       0.9139       0.4927
 6095.78       0.9037       0.4948
 6096.82       1.3526       0.5206
 6097.86       2.7328       0.5700
 6098.90       2.5673       0.5709
 6099.93       1.3676       0.5382
 6100.97       1.4645       0.5414
 6102.01       1.5986       0.5380
 6103.05       0.9824       0.5089
 6104.08       0.7870       0.4985
 6105.12       1.0503       0.5054
 6106.16       1.6277       0.5185
 6107.20       1.7393       0.5174
 6108.23       1.3215       0.5026
 6109.27       1.0277       0.4958
 6110.31       1.0985       0.5039
 6111.35       1.5411       0.5230
 6112.39       2.0232       0.5393
 6113.42       2.1354       0.5383
 6114.46       1.8463       0.5234
 6115.50       1.5504       0.5125
 6116.54       1.4545       0.5120
 6117.57       1.4351       0.5126
 6118.61       1.1200       0.4930
 6119.65       0.6834       0.4688
 6120.69       0.6185       0.4674
 6121.73       1.4202       0.5005
 6122.76       2.3006       0.5306
 6123.80       1.8461       0.5059
 6124.84       1.0151       0.4719
 6125.88       0.9099       0.4761
 6126.91       1.3117       0.5068
 6127.95       1.5714       0.5207
 6128.99       1.2721       0.4953
 6130.03       1.1149       0.4857
 6131.06       1.4584       0.5031
 6132.10       1.9928       0.5167
 6133.14       2.3232       0.5173
 6134.18       2.0455       0.5020
 6135.22       1.0875       0.4760
 6136.25       0.7201       0.4812
 6137.29       1.3111       0.5241
 6138.33       1.4615       0.5588
 6139.37       1.1606       0.5588
 6140.40       1.0004       0.5358
 6141.44       1.3478       0.5461
 6142.48       1.7212       0.5757
 6143.52       1.0909       0.5563
 6144.56       0.9952       0.5469
 6145.59       1.7415       0.5621
 6146.63       1.6744       0.5453
 6147.67       1.1099       0.5075
 6148.71       0.8459       0.4784
 6149.74       0.8002       0.4667
 6150.78       1.0102       0.4710
 6151.82       1.2536       0.4774
 6152.86       1.2823       0.4816
 6153.90       1.1534       0.4814
 6154.93       1.0577       0.4788
 6155.97       1.1576       0.4765
 6157.01       1.2078       0.4689
 6158.05       0.6619       0.4434
 6159.08       0.3893       0.4307
 6160.12       0.8654       0.4443
 6161.16       1.0554       0.4423
 6162.20       0.9593       0.4334
 6163.23       1.1017       0.4469
 6164.27       1.3682       0.4661
 6165.31       1.4328       0.4728
 6166.35       1.0272       0.4595
 6167.39       0.8093       0.4706
 6168.42       1.1862       0.5274
 6169.46       1.6164       0.5885
 6170.50       1.9353       0.6225
 6171.54       2.0568       0.6186
 6172.57       1.5855       0.5739
 6173.61       1.0771       0.5296
 6174.65       1.1373       0.5184
 6175.69       1.4642       0.5225
 6176.73       1.5469       0.5142
 6177.76       1.2872       0.4954
 6178.80       1.0504       0.4737
 6179.84       1.0782       0.4618
 6180.88       0.8667       0.4575
 6181.91       0.9909       0.4728
 6182.95       1.8215       0.5043
 6183.99       1.9857       0.5073
 6185.03       1.2069       0.4761
 6186.06       0.6170       0.4511
 6187.10       0.7314       0.4502
 6188.14       1.1840       0.4602
 6189.18       0.8859       0.4432
 6190.22       0.9929       0.4488
 6191.25       2.0366       0.4974
 6192.29       1.8122       0.5024
 6193.33       0.8976       0.4733
 6194.37       0.9006       0.4657
 6195.40       1.2122       0.4657
 6196.44       1.3790       0.4673
 6197.48       1.2986       0.4682
 6198.52       1.6247       0.4886
 6199.56       2.2167       0.5251
 6200.59       1.9986       0.5446
 6201.63       1.2015       0.5469
 6202.67       0.6498       0.5452
 6203.71       0.7144       0.5415
 6204.74       1.2124       0.5333
 6205.78       1.5469       0.5163
 6206.82       1.3882       0.4873
 6207.86       0.9809       0.4601
 6208.90       0.9274       0.4568
 6209.93       0.9385       0.4640
 6210.97       0.8272       0.4667
 6212.01       0.8366       0.4660
 6213.05       1.2230       0.4812
 6214.08       1.7989       0.5132
 6215.12       2.0990       0.5192
 6216.16       1.7868       0.4909
 6217.20       0.9226       0.4557
 6218.23       0.4299       0.4581
 6219.27       0.7672       0.5065
 6220.31       1.3625       0.5576
 6221.35       1.7267       0.5836
 6222.39       1.6829       0.5789
 6223.42       1.2828       0.5576
 6224.46       1.2282       0.5358
 6225.50       1.8590       0.5185
 6226.54       1.7278       0.4831
 6227.57       1.1597       0.4526
 6228.61       1.4947       0.4712
 6229.65       1.4125       0.4736
 6230.69       0.9285       0.4776
 6231.73       2.0944       0.5773
 6232.76       2.7135       0.7173
 6233.80       1.4045       0.8243
 6234.84       1.3378       0.9481
 6235.88       1.9011       1.0159
 6236.91       1.1975       0.9578
 6237.95       0.7077       0.8592
 6238.99       0.9225       0.7796
 6240.03       1.3582       0.7110
 6241.07       1.2380       0.6560
 6242.10       0.7597       0.6123
 6243.14       1.0784       0.6097
 6244.18       1.5165       0.6081
 6245.22       1.2344       0.5704
 6246.25       0.6988       0.5142
 6247.29       0.4480       0.4660
 6248.33       0.7085       0.4490
 6249.37       0.9446       0.4486
 6250.40       0.9358       0.4445
 6251.44       0.9950       0.4400
 6252.48       1.2028       0.4478
 6253.52       1.5068       0.4955
 6254.56       1.7190       0.5800
 6255.59       1.6327       0.6945
 6256.63       1.2247       0.8016
 6257.67       0.6537       0.8600
 6258.71       0.1043       0.8466
 6259.74      -0.2486       0.7786
 6260.78      -0.2271       0.6794
 6261.82       0.1812       0.6000
 6262.86       0.8065       0.5738
 6263.90       1.4139       0.5973
 6264.93       1.7855       0.6242
 6265.97       1.9472       0.6382
 6267.01       1.6551       0.6126
 6268.05       0.8811       0.5563
 6269.08       0.7998       0.5080
 6270.12       1.2289       0.4818
 6271.16       1.0544       0.4629
 6272.20       0.7815       0.4531
 6273.24       0.8130       0.4526
 6274.27       0.9076       0.4614
 6275.31       1.1242       0.4912
 6276.35       1.2167       0.5235
 6277.39       0.4285       0.4973
 6278.42      -0.4089       0.4398
 6279.46      -0.1000       0.4207
 6280.50       0.8282       0.4237
 6281.54       1.5232       0.4338
 6282.58       1.7413       0.4478
 6283.61       1.2497       0.4816
 6284.65       0.7307       0.5571
 6285.69       0.4641       0.6469
 6286.73       0.7242       0.7379
 6287.76       1.0940       0.7934
 6288.80       0.6910       0.7473
 6289.84       0.0472       0.6321
 6290.88       0.2181       0.5354
 6291.91       0.7316       0.4796
 6292.95       1.0908       0.4604
 6293.99       1.1867       0.4626
 6295.03       1.3391       0.5264
 6296.07       1.6863       0.7722
 6297.10       1.6575       1.2253
 6298.14       1.2645       1.8052
 6299.18       0.8742       2.2918
 6300.22       0.1096       2.5229
 6301.25      -0.3195       2.4249
 6302.29       0.2563       2.0794
 6303.33       1.6948       1.6020
 6304.37       2.7546       1.1779
 6305.41       2.2708       0.9418
 6306.44       1.3009       0.8825
 6307.48       1.0795       0.8405
 6308.52       0.8844       0.7717
 6309.56       0.8875       0.6492
 6310.59       1.2432       0.5424
 6311.63       1.6295       0.4766
 6312.67       1.6995       0.4427
 6313.71       1.4365       0.4232
 6314.75       1.2074       0.4146
 6315.78       1.1102       0.4083
 6316.82       0.7642       0.3995
 6317.86       0.6552       0.4171
 6318.90       1.0116       0.4706
 6319.93       1.1218       0.5182
 6320.97       0.8677       0.5349
 6322.01       0.7941       0.5289
 6323.05       1.1362       0.5168
 6324.08       1.3192       0.4969
 6325.12       0.4944       0.4450
 6326.16       0.4774       0.4711
 6327.20       1.6032       0.5999
 6328.24       1.9936       0.7218
 6329.27       1.8140       0.7805
 6330.31       1.7381       0.7700
 6331.35       1.7161       0.7242
 6332.39       1.5448       0.6457
 6333.42       0.9030       0.5246
 6334.46       0.7036       0.4376
 6335.50       1.0765       0.4103
 6336.54       1.1820       0.4107
 6337.58       1.0250       0.4130
 6338.61       0.8041       0.4000
 6339.65       0.4698       0.3828
 6340.69       0.5788       0.3852
 6341.73       1.3084       0.4153
 6342.76       1.3776       0.4231
 6343.80       0.8647       0.4119
 6344.84       0.7245       0.4179
 6345.88       1.0138       0.4448
 6346.92       1.3211       0.4787
 6347.95       0.9943       0.4932
 6348.99       0.7301       0.4943
 6350.03       1.0105       0.4934
 6351.07       1.3254       0.4771
 6352.10       1.3752       0.4656
 6353.14       1.0795       0.4780
 6354.18       0.9734       0.5297
 6355.22       1.1640       0.5931
 6356.25       1.2156       0.6225
 6357.29       1.1450       0.6073
 6358.33       1.0598       0.5831
 6359.37       1.0401       0.5667
 6360.41       1.1060       0.6319
 6361.44       1.1827       0.7845
 6362.48       0.6611       0.9280
 6363.52       0.3614       1.0209
 6364.56       1.1068       1.0587
 6365.59       1.2939       0.9535
 6366.63       0.6770       0.7418
 6367.67       0.3274       0.5485
 6368.71       0.5235       0.4453
 6369.75       0.8731       0.4090
 6370.78       0.5586       0.3829
 6371.82       0.4668       0.3759
 6372.86       1.2504       0.4062
 6373.90       1.4262       0.4105
 6374.93       1.0650       0.3956
 6375.97       1.0931       0.4067
 6377.01       0.9642       0.4188
 6378.05       0.7352       0.4234
 6379.08       0.8054       0.4278
 6380.12       1.2745       0.4450
 6381.16       1.7552       0.4690
 6382.20       1.6890       0.4665
 6383.24       1.1706       0.4519
 6384.27       0.7623       0.4535
 6385.31       0.5035       0.4684
 6386.35       0.6398       0.4889
 6387.39       1.3519       0.5067
 6388.42       1.3999       0.4852
 6389.46       0.8051       0.4331
 6390.50       0.9038       0.3996
 6391.54       1.5155       0.4002
 6392.58       1.8436       0.4123
 6393.61       1.3071       0.4015
 6394.65       0.7183       0.3807
 6395.69       1.1431       0.3846
 6396.73       1.5237       0.3837
 6397.76       1.3692       0.3751
 6398.80       1.0010       0.3756
 6399.84       0.9820       0.3831
 6400.88       1.2196       0.3855
 6401.92       1.0508       0.3746
 6402.95       0.7644       0.3654
 6403.99       0.7785       0.3687
 6405.03       0.7786       0.3696
 6406.07       0.7667       0.3624
 6407.10       0.8791       0.3536
 6408.14       1.0723       0.3512
 6409.18       1.1989       0.3591
 6410.22       1.0624       0.3691
 6411.25       0.9679       0.3851
 6412.29       1.0374       0.3999
 6413.33       0.9892       0.3961
 6414.37       0.8305       0.3827
 6415.41       0.7274       0.3765
 6416.44       0.8484       0.3715
 6417.48       1.0475       0.3755
 6418.52       1.0572       0.3914
 6419.56       1.2023       0.4181
 6420.59       1.3101       0.4338
 6421.63       0.8001       0.4151
 6422.67       0.6490       0.3936
 6423.71       1.1017       0.3889
 6424.75       0.7633       0.3676
 6425.78       0.3131       0.3487
 6426.82       0.6672       0.3534
 6427.86       1.3091       0.3683
 6428.90       1.6094       0.3757
 6429.93       1.3373       0.3703
 6430.97       1.1598       0.3631
 6432.01       1.2805       0.3590
 6433.05       1.0743       0.3498
 6434.08       0.9036       0.3433
 6435.12       0.9798       0.3434
 6436.16       0.5756       0.3353
 6437.20       0.4960       0.3400
 6438.24       1.3660       0.3701
 6439.27       1.6673       0.3788
 6440.31       1.2342       0.3641
 6441.35       1.1413       0.3623
 6442.39       1.0674       0.3582
 6443.42       0.8684       0.3470
 6444.46       0.9015       0.3462
 6445.50       0.8404       0.3450
 6446.54       0.5726       0.3382
 6447.58       0.7806       0.3477
 6448.61       1.1860       0.3682
 6449.65       1.1675       0.3805
 6450.69       0.7574       0.3720
 6451.73       0.3853       0.3582
 6452.76       0.4806       0.3657
 6453.80       0.6572       0.3714
 6454.84       0.6807       0.3651
 6455.88       1.0731       0.3775
 6456.92       1.2100       0.3850
 6457.95       0.7563       0.3719
 6458.99       0.6136       0.3656
 6460.03       0.8806       0.3843
 6461.07       1.0657       0.4222
 6462.10       0.8004       0.4685
 6463.14       0.4525       0.5204
 6464.18       0.7625       0.5746
 6465.22       1.5948       0.6162
 6466.25       2.1912       0.6375
 6467.29       1.6083       0.6279
 6468.33       0.9433       0.6193
 6469.37       1.4354       0.6293
 6470.41       1.6734       0.6187
 6471.44       1.4700       0.5746
 6472.48       1.1119       0.5143
 6473.52       0.8355       0.4596
 6474.56       0.7637       0.4199
 6475.59       0.8379       0.3943
 6476.63       0.8472       0.3859
 6477.67       0.8022       0.3888
 6478.71       0.8846       0.3979
 6479.75       1.0143       0.3965
 6480.78       1.0113       0.3803
 6481.82       0.9423       0.3583
 6482.86       1.0824       0.3469
 6483.90       1.7258       0.3562
 6484.93       1.5560       0.3476
 6485.97       0.9053       0.3253
 6487.01       0.9405       0.3301
 6488.05       1.2352       0.3431
 6489.08       1.3622       0.3446
 6490.12       1.5425       0.3478
 6491.16       1.6139       0.3494
 6492.20       1.3799       0.3483
 6493.24       1.0873       0.3476
 6494.27       1.0771       0.3844
 6495.31       1.5733       0.4756
 6496.35       1.4577       0.5859
 6497.39       0.5718       0.6796
 6498.42       0.1290       0.7522
 6499.46       0.5293       0.7716
 6500.50       1.2808       0.7279
 6501.54       1.7489       0.6381
 6502.58       1.6606       0.5532
 6503.61       1.3831       0.5069
 6504.65       1.2069       0.4941
 6505.69       1.2478       0.4805
 6506.73       1.2911       0.4630
 6507.76       1.2389       0.4239
 6508.80       1.1604       0.3769
 6509.84       1.3919       0.3656
 6510.88       1.5452       0.3761
 6511.92       1.2598       0.3749
 6512.95       0.7988       0.3589
 6513.99       0.7127       0.3492
 6515.03       1.6022       0.3779
 6516.07       1.9044       0.3802
 6517.10       1.4460       0.3519
 6518.14       1.3708       0.3989
 6519.18       1.5315       0.4312
 6520.22       1.7336       0.4718
 6521.26       1.8748       0.5029
 6522.29       1.8983       0.5193
 6523.33       1.8872       0.5271
 6524.37       1.3063       0.4901
 6525.41       0.9337       0.3799
 6526.44       1.8550       0.4418
 6527.48       2.0076       0.3809
 6528.52       1.1708       0.3671
 6529.56       1.2309       0.4270
 6530.59       1.8294       0.5422
 6531.63       2.0324       0.6456
 6532.67       1.7849       0.7000
 6533.71       1.4420       0.6914
 6534.75       1.3884       0.6420
 6535.78       1.3081       0.5431
 6536.82       1.1318       0.4339
 6537.86       1.0257       0.3671
 6538.90       1.1377       0.3562
 6539.93       1.4277       0.3790
 6540.97       1.6897       0.4224
 6542.01       1.6939       0.4575
 6543.05       1.4330       0.4724
 6544.09       1.1819       0.4766
 6545.12       1.0588       0.4676
 6546.16       1.0363       0.4430
 6547.20       1.0755       0.3959
 6548.24       1.0883       0.3594
 6549.27       1.0345       0.3689
 6550.31       1.2140       0.4456
 6551.35       1.5650       0.5618
 6552.39       1.6746       0.6678
 6553.43       1.3182       0.7171
 6554.46       0.6847       0.6973
 6555.50       0.0880       0.6049
 6556.54       0.1397       0.4900
 6557.58       0.9315       0.4070
 6558.61       1.4468       0.3743
 6559.65       1.3228       0.3822
 6560.69       1.3660       0.4245
 6561.73       1.3777       0.4604
 6562.76       1.1570       0.4640
 6563.80       0.7826       0.4470
 6564.84       0.6322       0.4227
 6565.88       0.9050       0.4035
 6566.92       1.4936       0.4126
 6567.95       1.7710       0.4286
 6568.99       1.3037       0.4166
 6570.03       0.9215       0.3917
 6571.07       1.1223       0.3746
 6572.10       1.2343       0.3517
 6573.14       1.2652       0.3622
 6574.18       1.2093       0.4203
 6575.22       0.7839       0.4815
 6576.26       0.4384       0.5310
 6577.29       0.7645       0.5702
 6578.33       1.6275       0.5831
 6579.37       2.1935       0.5462
 6580.41       1.7154       0.4508
 6581.44       1.2694       0.3693
 6582.48       1.5028       0.3401
 6583.52       1.4042       0.3231
 6584.56       1.0509       0.3142
 6585.60       0.8883       0.3155
 6586.63       1.5046       0.3392
 6587.67       2.0059       0.3530
 6588.71       1.5673       0.3330
 6589.75       0.7348       0.3068
 6590.78       0.4669       0.3059
 6591.82       1.0384       0.3293
 6592.86       1.6703       0.3507
 6593.90       1.7334       0.3619
 6594.93       1.5699       0.3857
 6595.97       1.4208       0.4092
 6597.01       1.4021       0.4248
 6598.05       1.3513       0.4167
 6599.09       1.2759       0.3998
 6600.12       1.3065       0.4009
 6601.16       1.3101       0.4216
 6602.20       1.1517       0.4475
 6603.24       0.8386       0.4623
 6604.27       0.7887       0.4735
 6605.31       1.0981       0.4746
 6606.35       1.3417       0.4438
 6607.39       1.3628       0.3922
 6608.43       1.2913       0.3496
 6609.46       1.2407       0.3312
 6610.50       1.1549       0.3270
 6611.54       0.9438       0.3207
 6612.58       0.9188       0.3168
 6613.61       1.2075       0.3123
 6614.65       1.4338       0.3039
 6615.69       1.3444       0.3009
 6616.73       1.1137       0.3020
 6617.77       1.4515       0.3116
 6618.80       1.7319       0.3148
 6619.84       1.1260       0.3018
 6620.88       1.0436       0.3021
 6621.92       1.4129       0.3124
 6622.95       0.8702       0.3016
 6623.99       0.6123       0.2957
 6625.03       1.2487       0.3121
 6626.07       1.7996       0.3338
 6627.10       1.7586       0.3431
 6628.14       1.2901       0.3360
 6629.18       1.3675       0.3380
 6630.22       1.6188       0.3440
 6631.26       1.1503       0.3341
 6632.29       0.6450       0.3302
 6633.33       0.7312       0.3429
 6634.37       1.3632       0.3588
 6635.41       1.9288       0.3692
 6636.44       1.9137       0.3650
 6637.48       1.6503       0.3419
 6638.52       1.3785       0.3198
 6639.56       1.2160       0.3146
 6640.60       1.2678       0.3127
 6641.63       1.4440       0.3101
 6642.67       1.5247       0.3123
 6643.71       1.5033       0.3180
 6644.75       1.5645       0.3201
 6645.78       1.5270       0.3189
 6646.82       1.3851       0.3120
 6647.86       1.3374       0.3022
 6648.90       1.2729       0.2990
 6649.94       1.2960       0.3044
 6650.97       1.5169       0.3110
 6652.01       1.5383       0.3122
 6653.05       1.3360       0.3079
 6654.09       1.2976       0.3061
 6655.12       1.4497       0.3068
 6656.16       1.6933       0.3107
 6657.20       1.9058       0.3196
 6658.24       1.7825       0.3209
 6659.27       1.4715       0.3140
 6660.31       1.4854       0.3187
 6661.35       1.5306       0.3221
 6662.39       1.0687       0.3058
 6663.43       1.2503       0.3065
 6664.46       1.8134       0.3271
 6665.50       1.6101       0.3379
 6666.54       1.5232       0.3469
 6667.58       2.0362       0.3546
 6668.61       1.7996       0.3330
 6669.65       1.3460       0.3080
 6670.69       1.3934       0.3057
 6671.73       1.4423       0.3074
 6672.77       1.3846       0.3047
 6673.80       1.4019       0.3014
 6674.84       1.4695       0.3015
 6675.88       1.4420       0.3003
 6676.92       1.1572       0.2886
 6677.95       1.1641       0.2826
 6678.99       1.5113       0.2897
 6680.03       1.2889       0.2920
 6681.07       0.9485       0.2908
 6682.10       1.2495       0.2948
 6683.14       1.3729       0.2919
 6684.18       1.1306       0.2852
 6685.22       0.8868       0.2844
 6686.26       0.6338       0.2839
 6687.29       0.4980       0.2808
 6688.33       0.3638       0.2733
 6689.37       0.5990       0.2752
 6690.41       1.2160       0.2900
 6691.44       1.6724       0.3000
 6692.48       1.6538       0.2982
 6693.52       1.4371       0.2934
 6694.56       1.4217       0.2932
 6695.60       1.6477       0.3011
 6696.63       1.6270       0.3089
 6697.67       1.6417       0.3163
 6698.71       1.7460       0.3212
 6699.75       1.5779       0.3195
 6700.78       1.1587       0.3096
 6701.82       0.8177       0.2978
 6702.86       0.9516       0.2970
 6703.90       1.1676       0.3004
 6704.94       1.0014       0.2960
 6705.97       1.1299       0.3019
 6707.01       1.4291       0.3093
 6708.05       1.1451       0.2942
 6709.09       1.1440       0.2851
 6710.12       1.6603       0.2945
 6711.16       1.4366       0.2875
 6712.20       1.2575       0.2874
 6713.24       1.7481       0.3083
 6714.27       1.6427       0.3016
 6715.31       1.2363       0.2818
 6716.35       1.6295       0.2914
 6717.39       1.5735       0.2966
 6718.43       1.0322       0.2874
 6719.46       1.3107       0.2894
 6720.50       1.6485       0.2929
 6721.54       1.5342       0.2911
 6722.58       1.3628       0.2853
 6723.61       1.2080       0.2788
 6724.65       1.0352       0.2747
 6725.69       1.0001       0.2713
 6726.73       1.0368       0.2705
 6727.77       1.0391       0.2760
 6728.80       1.0322       0.2767
 6729.84       1.2156       0.2773
 6730.88       1.8908       0.2982
 6731.92       2.1177       0.3084
 6732.95       1.5358       0.2913
 6733.99       1.1845       0.2778
 6735.03       1.3608       0.2797
 6736.07       1.6351       0.2884
 6737.10       1.4275       0.2865
 6738.14       0.8839       0.2761
 6739.18       0.7233       0.2760
 6740.22       0.9252       0.2814
 6741.26       1.1553       0.2854
 6742.29       1.2617       0.2895
 6743.33       1.0296       0.2861
 6744.37       0.6390       0.2764
 6745.41       0.5695       0.2746
 6746.44       0.7873       0.2799
 6747.48       0.9208       0.2819
 6748.52       1.0923       0.2825
 6749.56       1.3475       0.2826
 6750.60       1.5360       0.2802
 6751.63       1.5208       0.2815
 6752.67       1.4531       0.2871
 6753.71       1.5020       0.2886
 6754.75       1.4456       0.2788
 6755.78       1.1822       0.2635
 6756.82       1.1911       0.2615
 6757.86       1.4213       0.2723
 6758.90       1.4862       0.2793
 6759.94       1.6265       0.2892
 6760.97       1.7377       0.2954
 6762.01       1.4251       0.2827
 6763.05       1.1629       0.2728
 6764.09       1.2429       0.2779
 6765.12       1.0600       0.2705
 6766.16       0.9070       0.2634
 6767.20       1.1563       0.2727
 6768.24       1.7516       0.2888
 6769.27       1.8781       0.2875
 6770.31       0.8691       0.2560
 6771.35       0.4380       0.2451
 6772.39       1.0559       0.2674
 6773.43       1.2886       0.2785
 6774.46       0.9723       0.2720
 6775.50       0.5401       0.2603
 6776.54       0.4648       0.2571
 6777.58       0.6688       0.2595
 6778.61       0.7811       0.2575
 6779.65       0.8766       0.2603
 6780.69       0.9156       0.2665
 6781.73       1.0939       0.2727
 6782.77       1.1765       0.2755
 6783.80       1.0797       0.2742
 6784.84       0.5226       0.2604
 6785.88       0.3116       0.2561
 6786.92       0.8612       0.2722
 6787.95       1.3283       0.2851
 6788.99       1.3113       0.2832
 6790.03       1.0693       0.2735
 6791.07       1.1604       0.2725
 6792.11       1.5279       0.2792
 6793.14       1.5907       0.2780
 6794.18       1.3814       0.2704
 6795.22       1.1110       0.2626
 6796.26       1.1053       0.2615
 6797.29       1.2595       0.2665
 6798.33       1.2508       0.2705
 6799.37       1.2851       0.2762
 6800.41       1.1345       0.2744
 6801.44       0.7129       0.2612
 6802.48       0.4546       0.2511
 6803.52       0.5632       0.2521
 6804.56       0.7797       0.2564
 6805.60       1.1210       0.2647
 6806.63       1.4942       0.2748
 6807.67       1.7209       0.2820
 6808.71       1.6569       0.2828
 6809.75       1.3827       0.2790
 6810.78       1.1024       0.2735
 6811.82       0.9425       0.2692
 6812.86       0.8713       0.2662
 6813.90       0.7864       0.2596
 6814.94       0.6861       0.2524
 6815.97       0.7052       0.2552
 6817.01       0.9449       0.2637
 6818.05       1.2562       0.2685
 6819.09       1.1462       0.2625
 6820.12       0.8789       0.2582
 6821.16       0.8580       0.2700
 6822.20       1.0822       0.2744
 6823.24       1.2750       0.2882
 6824.28       1.1329       0.3364
 6825.31       0.8697       0.4280
 6826.35       0.9500       0.5726
 6827.39       1.6019       0.7497
 6828.43       2.1787       0.8837
 6829.46       1.9907       0.9278
 6830.50       0.7631       0.8882
 6831.54      -0.1569       0.8469
 6832.58       0.4512       0.8526
 6833.61       1.2818       0.8501
 6834.65       1.3838       0.7907
 6835.69       1.3206       0.7091
 6836.73       1.3826       0.5899
 6837.77       1.6424       0.4597
 6838.80       1.4487       0.3911
 6839.84       1.2124       0.3855
 6840.88       1.3555       0.3950
 6841.92       1.3107       0.4004
 6842.95       1.0494       0.3789
 6843.99       1.0388       0.3476
 6845.03       1.0430       0.3111
 6846.07       0.9452       0.2791
 6847.11       0.9692       0.2628
 6848.14       0.9131       0.2609
 6849.18       0.8215       0.2641
 6850.22       0.8410       0.2666
 6851.26       1.0824       0.2683
 6852.29       1.3977       0.2720
 6853.33       1.3591       0.2728
 6854.37       0.9668       0.2640
 6855.41       0.5560       0.2467
 6856.45       0.5141       0.2381
 6857.48       0.8275       0.2553
 6858.52       1.0709       0.2759
 6859.56       1.0787       0.3601
 6860.60       0.8870       0.5556
 6861.63       0.2641       0.7998
 6862.67       0.2242       1.0627
 6863.71       1.2277       1.2744
 6864.75       1.6580       1.2998
 6865.78       1.1295       1.1359
 6866.82       0.7298       0.8981
 6867.86       0.2784       0.7075
 6868.90      -0.0242       0.6198
 6869.94       0.6647       0.6176
 6870.97       1.0952       0.6217
 6872.01       0.4835       0.5713
 6873.05       0.6514       0.5271
 6874.09       1.0145       0.4701
 6875.12       0.6218       0.3904
 6876.16       0.1343       0.3299
 6877.20       0.3170       0.3246
 6878.24       0.9325       0.3704
 6879.28       1.3520       0.4131
 6880.31       1.2668       0.4160
 6881.35       1.3126       0.4173
 6882.39       1.3757       0.4052
 6883.43       1.1190       0.3753
 6884.46       0.8754       0.3471
 6885.50       0.7835       0.3589
 6886.54       0.7711       0.4190
 6887.58       1.0290       0.4873
 6888.62       1.1846       0.5256
 6889.65       0.7826       0.5378
 6890.69       0.3862       0.5086
 6891.73       0.5101       0.4483
 6892.77       0.8053       0.3818
 6893.80       1.0067       0.3373
 6894.84       1.0334       0.3242
 6895.88       0.9741       0.3350
 6896.92       0.9619       0.3619
 6897.95       1.0048       0.3996
 6898.99       0.9742       0.4489
 6900.03       0.8724       0.4922
 6901.07       0.8731       0.5003
 6902.11       1.0685       0.4755
 6903.14       1.2183       0.4302
 6904.18       0.7023       0.3557
 6905.22       0.3279       0.2916
 6906.26       0.8825       0.2761
 6907.29       1.3962       0.2906
 6908.33       1.2926       0.3241
 6909.37       0.7859       0.3747
 6910.41       1.0450       0.4591
 6911.45       1.9978       0.5527
 6912.48       1.8562       0.5918
 6913.52       1.1883       0.5637
 6914.56       1.0198       0.4950
 6915.60       1.0496       0.3977
 6916.63       1.0078       0.3086
 6917.67       0.8216       0.2653
 6918.71       0.6915       0.2897
 6919.75       0.7607       0.3933
 6920.79       0.8959       0.5496
 6921.82       1.4384       0.7075
 6922.86       2.0159       0.7992
 6923.90       1.4142       0.7839
 6924.94       0.6496       0.6754
 6925.97       0.9659       0.5386
 6927.01       0.7532       0.3953
 6928.05       0.2577       0.2925
 6929.09       0.5659       0.2589
 6930.12       0.5847       0.2526
 6931.16       0.3194       0.2598
 6932.20       1.0919       0.3035
 6933.24       1.5733       0.3108
 6934.28       0.8035       0.2784
 6935.31       0.3776       0.2931
 6936.35       0.4224       0.3561
 6937.39       0.6334       0.4371
 6938.43       0.8341       0.5136
 6939.46       0.5568       0.5267
 6940.50       0.1164       0.5079
 6941.54       0.2999       0.4477
 6942.58       1.1095       0.3762
 6943.62       1.6872       0.3256
 6944.65       1.5337       0.3345
 6945.69       1.0257       0.4235
 6946.73       0.8986       0.5722
 6947.77       1.1569       0.7407
 6948.80       1.2639       0.8633
 6949.84       1.0903       0.8503
 6950.88       0.8313       0.7088
 6951.92       0.8451       0.5361
 6952.96       0.9204       0.3935
 6953.99       0.8964       0.3072
 6955.03       0.9906       0.2844
 6956.07       1.2604       0.2937
 6957.11       1.6092       0.2983
 6958.14       1.8834       0.3051
 6959.18       1.7480       0.3013
 6960.22       1.0992       0.2842
 6961.26       0.9419       0.2763
 6962.29       1.2615       0.2768
 6963.33       0.9155       0.2613
 6964.37       0.8256       0.2589
 6965.41       1.3137       0.2864
 6966.45       1.2555       0.3116
 6967.48       0.9690       0.3478
 6968.52       1.0117       0.3985
 6969.56       1.1252       0.4234
 6970.60       1.1516       0.4128
 6971.63       1.1145       0.3898
 6972.67       1.0667       0.3467
 6973.71       0.8466       0.3150
 6974.75       0.2189       0.3245
 6975.79       0.1100       0.4027
 6976.82       0.7720       0.5152
 6977.86       0.7060       0.5853
 6978.90       0.7114       0.5960
 6979.94       1.6518       0.5709
 6980.97       1.5696       0.4705
 6982.01       0.6591       0.3452
 6983.05       0.4532       0.2747
 6984.09       0.7156       0.2562
 6985.12       0.9167       0.2522
 6986.16       0.7676       0.2557
 6987.20       0.5973       0.2521
 6988.24       0.7021       0.2447
 6989.28       0.8123       0.2453
 6990.31       1.0343       0.2544
 6991.35       1.3193       0.2622
 6992.39       1.3023       0.2587
 6993.43       1.1457       0.2535
 6994.46       1.3290       0.2653
 6995.50       1.2686       0.2679
 6996.54       0.8044       0.2527
 6997.58       0.5444       0.2455
 6998.62       0.6716       0.2515
 6999.65       0.9619       0.2654
 7000.69       0.8600       0.2772
 7001.73       0.6822       0.2929
 7002.77       0.9611       0.3173
 7003.80       1.1071       0.3274
 7004.84       1.0243       0.3166
 7005.88       0.8996       0.2939
 7006.92       0.9947       0.2825
 7007.96       1.2383       0.2993
 7008.99       1.1563       0.3320
 7010.03       0.8429       0.3679
 7011.07       0.6843       0.3911
 7012.11       0.9236       0.3968
 7013.14       1.2819       0.3740
 7014.18       1.2739       0.3249
 7015.22       1.3325       0.2809
 7016.26       1.3995       0.2535
 7017.29       0.8572       0.2267
 7018.33       0.6046       0.2214
 7019.37       1.0570       0.2374
 7020.41       1.2490       0.2438
 7021.45       1.2490       0.2429
 7022.48       1.3954       0.2487
 7023.52       1.0641       0.2366
 7024.56       0.5873       0.2165
 7025.60       0.6733       0.2141
 7026.63       1.0052       0.2278
 7027.67       1.1239       0.2414
 7028.71       1.0565       0.2457
 7029.75       0.6929       0.2308
 7030.79       0.2970       0.2200
 7031.82       0.6772       0.2144
 7032.86       1.0064       0.2673
 7033.90       1.0410       0.2738
 7034.94       0.8371       0.2638
 7035.97       0.7218       0.2582
 7037.01       0.9941       0.2592
 7038.05       2.0569       0.2027
 7039.09       1.2631       0.2477
 7040.12       1.0824       0.2718
 7041.16       0.8707       0.2711
 7042.20       0.5097       0.2693
 7043.24       0.3709       0.2666
 7044.28       0.5512       0.2813
 7045.31       0.8177       0.3160
 7046.35       1.0141       0.3533
 7047.39       1.0332       0.3766
 7048.43       0.9104       0.3815
 7049.46       0.8290       0.3696
 7050.50       0.9162       0.3499
 7051.54       1.0083       0.3276
 7052.58       1.1228       0.3088
 7053.62       1.2400       0.2926
 7054.65       1.1372       0.2774
 7055.69       0.8756       0.2597
 7056.73       0.6948       0.2440
 7057.77       0.7927       0.2412
 7058.80       0.9902       0.2494
 7059.84       0.9817       0.2571
 7060.88       0.9326       0.2651
 7061.92       1.1935       0.2766
 7062.96       1.3794       0.2833
 7063.99       1.2713       0.2831
 7065.03       0.9482       0.2799
 7066.07       0.7608       0.2777
 7067.11       0.6862       0.2764
 7068.14       0.4185       0.2716
 7069.18       0.6364       0.2753
 7070.22       1.3086       0.2865
 7071.26       1.5462       0.2898
 7072.29       1.3423       0.2813
 7073.33       1.1755       0.2712
 7074.37       1.3360       0.2759
 7075.41       1.5890       0.2867
 7076.45       1.4749       0.2858
 7077.48       1.1802       0.2781
 7078.52       0.9539       0.2747
 7079.56       0.9619       0.2834
 7080.60       1.1348       0.2923
 7081.63       1.1697       0.2909
 7082.67       0.8635       0.2840
 7083.71       0.6752       0.2791
 7084.75       0.9331       0.2814
 7085.79       1.0304       0.2856
 7086.82       0.9303       0.2912
 7087.86       0.9393       0.2983
 7088.90       0.8647       0.2980
 7089.94       0.7912       0.2908
 7090.97       0.9213       0.2849
 7092.01       1.2575       0.2821
 7093.05       1.5624       0.2773
 7094.09       1.5520       0.2648
 7095.13       1.2510       0.2476
 7096.16       0.9077       0.2338
 7097.20       0.3495       0.2216
 7098.24       0.1173       0.2194
 7099.28       0.6438       0.2326
 7100.31       0.9809       0.2423
 7101.35       0.8587       0.2413
 7102.39       1.0029       0.2419
 7103.43       1.0734       0.2414
 7104.46       0.8238       0.2375
 7105.50       0.7370       0.2368
 7106.54       0.8901       0.2397
 7107.58       0.9939       0.2407
 7108.62       1.1217       0.2444
 7109.65       1.2616       0.2471
 7110.69       1.2627       0.2411
 7111.73       1.1968       0.2384
 7112.77       1.0740       0.2417
 7113.80       0.9173       0.2398
 7114.84       1.0259       0.2398
 7115.88       1.4045       0.2464
 7116.92       1.6730       0.2545
 7117.96       1.5543       0.2529
 7118.99       1.0874       0.2379
 7120.03       0.9388       0.2306
 7121.07       1.1698       0.2359
 7122.11       1.0051       0.2359
 7123.14       0.7265       0.2305
 7124.18       0.7291       0.2305
 7125.22       1.0637       0.2486
 7126.26       1.3940       0.2684
 7127.30       1.3526       0.2713
 7128.33       0.9556       0.2627
 7129.37       0.6011       0.2550
 7130.41       0.6103       0.2558
 7131.45       0.6353       0.2594
 7132.48       0.6657       0.2624
 7133.52       1.0645       0.2680
 7134.56       1.1955       0.2640
 7135.60       0.9205       0.2507
 7136.63       0.9526       0.2465
 7137.67       1.1823       0.2464
 7138.71       1.2099       0.2426
 7139.75       1.2923       0.2523
 7140.79       1.2963       0.2720
 7141.82       1.0193       0.2857
 7142.86       0.9363       0.2964
 7143.90       1.1014       0.3053
 7144.94       1.0749       0.3069
 7145.97       0.9825       0.3054
 7147.01       0.9335       0.3008
 7148.05       0.7740       0.2842
 7149.09       0.6801       0.2681
 7150.13       0.7692       0.2638
 7151.16       0.9772       0.2601
 7152.20       1.1533       0.2511
 7153.24       1.1533       0.2427
 7154.28       1.0140       0.2374
 7155.31       0.9994       0.2394
 7156.35       1.2702       0.2497
 7157.39       1.6377       0.2640
 7158.43       1.7808       0.2752
 7159.47       1.6091       0.2772
 7160.50       1.2805       0.2736
 7161.54       1.0553       0.2719
 7162.58       1.0956       0.2699
 7163.62       1.2586       0.2695
 7164.65       1.2855       0.2729
 7165.69       1.2066       0.2809
 7166.73       1.1007       0.2893
 7167.77       1.1254       0.2956
 7168.80       1.2879       0.2986
 7169.84       1.3990       0.2998
 7170.88       1.6212       0.3067
 7171.92       1.5655       0.3134
 7172.96       1.0077       0.3108
 7173.99       0.7723       0.3126
 7175.03       1.1664       0.3240
 7176.07       1.7552       0.3383
 7177.11       1.6253       0.3316
 7178.14       0.7616       0.3033
 7179.18       0.3557       0.2861
 7180.22       0.6064       0.2846
 7181.26       0.9885       0.2856
 7182.30       1.2360       0.2898
 7183.33       1.0912       0.2823
 7184.37       0.7122       0.2649
 7185.41       0.8983       0.2775
 7186.45       1.5981       0.3678
 7187.48       1.9098       0.4800
 7188.52       2.0040       0.4968
 7189.56       1.8542       0.4566
 7190.60       1.7064       0.3937
 7191.64       1.2188       0.2967
 7192.67       0.9579       0.2629
 7193.71       1.0669       0.2691
 7194.75       1.2332       0.2671
 7195.79       1.2245       0.2756
 7196.82       1.0900       0.2729
 7197.86       0.9784       0.2616
 7198.90       1.0683       0.2639
 7199.94       1.0374       0.2704
 7200.97       0.7810       0.2694
 7202.01       0.8513       0.2708
 7203.05       1.1345       0.2752
 7204.09       1.2147       0.2776
 7205.13       1.2215       0.2717
 7206.16       1.1580       0.2597
 7207.20       1.0617       0.2536
 7208.24       1.0353       0.2519
 7209.28       1.1503       0.2478
 7210.31       1.3145       0.2367
 7211.35       1.3204       0.2280
 7212.39       1.1501       0.2285
 7213.43       0.8613       0.2227
 7214.47       0.9430       0.2187
 7215.50       1.5419       0.2299
 7216.54       1.5821       0.2310
 7217.58       1.1467       0.2211
 7218.62       1.1969       0.2192
 7219.65       1.5007       0.2347
 7220.69       1.5775       0.2566
 7221.73       1.0997       0.2550
 7222.77       0.9999       0.2511
 7223.81       1.7213       0.2680
 7224.84       1.4686       0.2714
 7225.88       0.5618       0.2592
 7226.92       0.5308       0.2517
 7227.96       1.0226       0.2547
 7228.99       1.4386       0.2659
 7230.03       1.2638       0.2712
 7231.07       0.9782       0.2785
 7232.11       1.0985       0.2997
 7233.14       1.2758       0.3090
 7234.18       1.4739       0.3441
 7235.22       1.7068       0.4675
 7236.26       1.5180       0.6829
 7237.30       1.0368       1.0247
 7238.33       0.8119       1.4245
 7239.37       0.5213       1.7112
 7240.41       0.3606       1.8298
 7241.45       1.0407       1.8252
 7242.48       2.0132       1.8408
 7243.52       2.3360       1.8926
 7244.56       1.4594       1.8006
 7245.60       0.5377       1.5502
 7246.64       0.7688       1.2694
 7247.67       1.2882       0.9631
 7248.71       1.4614       0.6754
 7249.75       1.4618       0.5015
 7250.79       1.3311       0.4775
 7251.82       1.1988       0.5250
 7252.86       1.0505       0.5764
 7253.90       0.9384       0.5773
 7254.94       1.0047       0.5382
 7255.98       1.2768       0.4575
 7257.01       1.4012       0.3741
 7258.05       1.1286       0.3207
 7259.09       0.9043       0.2942
 7260.13       1.0752       0.2802
 7261.16       1.2522       0.2783
 7262.20       1.3738       0.2875
 7263.24       1.3682       0.3029
 7264.28       1.2584       0.3138
 7265.31       1.0189       0.3196
 7266.35       0.8330       0.3265
 7267.39       0.9216       0.3345
 7268.43       1.0841       0.3322
 7269.47       1.0298       0.3287
 7270.50       1.4244       0.3188
 7271.54       1.8464       0.4165
 7272.58       1.1985       0.6450
 7273.62       0.0725       1.1626
 7274.65      -0.5012       1.8387
 7275.69      -0.1553       2.2772
 7276.73       0.8285       2.2790
 7277.77       1.6112       1.9494
 7278.81       1.5046       1.3603
 7279.84       0.9314       0.8327
 7280.88       0.7215       0.5950
 7281.92       0.7792       0.6612
 7282.96       0.9030       0.8139
 7283.99       0.9787       0.9353
 7285.03       1.1825       0.9334
 7286.07       1.4432       0.8324
 7287.11       0.9093       0.6548
 7288.15       0.3629       0.4797
 7289.18       0.7596       0.3684
 7290.22       1.4962       0.3368
 7291.26       1.6356       0.3418
 7292.30       1.0412       0.3542
 7293.33       0.2718       0.3873
 7294.37       0.1124       0.4376
 7295.41       0.6333       0.4723
 7296.45       1.2268       0.4678
 7297.48       1.3516       0.4320
 7298.52       1.0209       0.3585
 7299.56       0.7233       0.3253
 7300.60       0.9201       0.3901
 7301.64       0.7960       0.5249
 7302.67       0.4932       0.6619
 7303.71       0.8225       0.7519
 7304.75       1.3612       0.7259
 7305.79       1.5712       0.6021
 7306.82       1.2223       0.4475
 7307.86       1.0313       0.3486
 7308.90       1.4528       0.3315
 7309.94       1.3317       0.3183
 7310.98       0.8948       0.3321
 7312.01       1.1603       0.4542
 7313.05       1.2267       0.7483
 7314.09       1.0223       1.1940
 7315.13       1.5998       1.6189
 7316.16       1.7328       1.8701
 7317.20       0.8068       1.8282
 7318.24       0.4869       1.4413
 7319.28       0.7744       0.9093
 7320.31       0.8019       0.4917
 7321.35       1.2019       0.2995
 7322.39       1.6055       0.2514
 7323.43       1.2998       0.2301
 7324.47       1.0025       0.2519
 7325.50       0.8889       0.3420
 7326.54       0.6274       0.4896
 7327.58       0.7689       0.6729
 7328.62       1.6138       0.8298
 7329.65       1.5292       0.8850
 7330.69       0.9630       0.7941
 7331.73       0.8531       0.5972
 7332.77       0.7570       0.4008
 7333.81       0.6104       0.2813
 7334.84       0.6072       0.2367
 7335.88       0.9053       0.2755
 7336.92       1.1962       0.4662
 7337.96       0.7917       0.8525
 7338.99       0.2328       1.3306
 7340.03       0.2555       1.6989
 7341.07       0.5985       1.8707
 7342.11       0.9706       1.7402
 7343.15       1.1320       1.3439
 7344.18       1.1562       0.8546
 7345.22       1.2257       0.4796
 7346.26       1.2294       0.3128
 7347.30       1.1441       0.2947
 7348.33       1.0599       0.2794
 7349.37       1.0712       0.2898
 7350.41       1.1152       0.2874
 7351.45       1.0965       0.2801
 7352.48       0.9339       0.2717
 7353.52       0.8901       0.2825
 7354.56       1.2260       0.3235
 7355.60       1.5258       0.4282
 7356.64       1.5646       0.5957
 7357.67       1.5263       0.7686
 7358.71       1.4549       0.8450
 7359.75       1.4064       0.7794
 7360.79       1.2220       0.6167
 7361.82       1.4576       0.4471
 7362.86       2.2887       0.3492
 7363.90       2.0251       0.2926
 7364.94       1.2633       0.3340
 7365.98       1.8232       0.5245
 7367.01       2.2125       0.8246
 7368.05       1.5339       1.1220
 7369.09       0.8067       1.3182
 7370.13       0.7593       1.3119
 7371.16       1.4588       1.1173
 7372.20       1.4159       0.8001
 7373.24       1.1074       0.5083
 7374.28       1.6543       0.3339
 7375.32       1.6381       0.2719
 7376.35       0.8749       0.2426
 7377.39       0.5265       0.2298
 7378.43       0.5636       0.2248
 7379.47       0.7320       0.2249
 7380.50       0.9519       0.2266
 7381.54       1.1897       0.2268
 7382.58       1.3492       0.2254
 7383.62       1.2644       0.2239
 7384.65       0.8697       0.2187
 7385.69       0.4030       0.2131
 7386.73       0.4297       0.2136
 7387.77       0.7760       0.2471
 7388.81       0.8788       0.3198
 7389.84       0.7643       0.4216
 7390.88       0.8052       0.5200
 7391.92       1.4936       0.5906
 7392.96       1.8205       0.5882
 7393.99       1.2596       0.5126
 7395.03       1.0982       0.4004
 7396.07       1.5449       0.3116
 7397.11       1.8210       0.2823
 7398.15       1.7638       0.3673
 7399.18       1.3463       0.5571
 7400.22       0.6734       0.7703
 7401.26       0.3981       0.9189
 7402.30       0.6952       0.9459
 7403.33       0.7432       0.8555
 7404.37       0.8619       0.6730
 7405.41       1.4776       0.4603
 7406.45       1.7550       0.3127
 7407.49       1.4791       0.2458
 7408.52       1.0912       0.2189
 7409.56       0.8476       0.2195
 7410.60       1.0169       0.2264
 7411.64       1.3805       0.2437
 7412.67       1.4919       0.2523
 7413.71       1.2075       0.2458
 7414.75       0.9260       0.2354
 7415.79       0.8544       0.2265
 7416.82       0.7038       0.2146
 7417.86       0.8294       0.2189
 7418.90       0.9423       0.2262
 7419.94       0.6231       0.2109
 7420.98       0.6113       0.2082
 7422.01       1.1381       0.2284
 7423.05       1.4718       0.2331
 7424.09       1.3584       0.2221
 7425.13       1.0561       0.2213
 7426.16       0.9889       0.2472
 7427.20       0.9279       0.2985
 7428.24       0.4177       0.3465
 7429.28       0.2981       0.3848
 7430.32       0.7789       0.4010
 7431.35       1.1188       0.3871
 7432.39       1.3346       0.3373
 7433.43       1.3853       0.2880
 7434.47       0.8950       0.2757
 7435.50       0.4982       0.3407
 7436.54       0.7175       0.4583
 7437.58       0.8902       0.5624
 7438.62       0.8013       0.6004
 7439.66       0.7591       0.5775
 7440.69       0.8300       0.4863
 7441.73       0.9910       0.3673
 7442.77       1.1340       0.2742
 7443.81       1.0951       0.2294
 7444.84       0.9832       0.2135
 7445.88       1.2264       0.2190
 7446.92       1.3744       0.2203
 7447.96       1.0191       0.2136
 7448.99       1.0970       0.2148
 7450.03       1.3547       0.2189
 7451.07       0.9697       0.2108
 7452.11       0.6310       0.2063
 7453.15       0.8280       0.2134
 7454.18       1.2113       0.2210
 7455.22       1.3776       0.2238
 7456.26       1.1854       0.2238
 7457.30       1.0249       0.2248
 7458.33       0.9226       0.2326
 7459.37       0.7453       0.2477
 7460.41       0.7287       0.2714
 7461.45       0.8445       0.2976
 7462.49       0.8206       0.3115
 7463.52       1.0386       0.3402
 7464.56       1.5515       0.3871
 7465.60       1.6135       0.4046
 7466.64       1.2447       0.3963
 7467.67       0.8374       0.3926
 7468.71       0.7900       0.4023
 7469.75       0.7624       0.4402
 7470.79       0.4470       0.4955
 7471.83       0.6041       0.5628
 7472.86       1.0850       0.6009
 7473.90       1.0691       0.5739
 7474.94       0.8188       0.5107
 7475.98       0.7097       0.4654
 7477.01       0.3609       0.4431
 7478.05       0.6912       0.4717
 7479.09       1.8981       0.5412
 7480.13       1.6908       0.6010
 7481.16       0.4889       0.6330
 7482.20       0.3595       0.6525
 7483.24       0.7248       0.6364
 7484.28       0.9271       0.5757
 7485.32       0.8901       0.4920
 7486.35       0.8645       0.3997
 7487.39       1.0637       0.3140
 7488.43       1.0790       0.2549
 7489.47       1.1091       0.2389
 7490.50       1.3444       0.2613
 7491.54       1.3263       0.2961
 7492.58       1.0746       0.3164
 7493.62       1.0538       0.3241
 7494.66       1.1703       0.3165
 7495.69       1.0640       0.2926
 7496.73       0.3881       0.2471
 7497.77       0.2525       0.2189
 7498.81       1.1563       0.2260
 7499.84       1.5155       0.2323
 7500.88       1.0981       0.2224
 7501.92       0.6618       0.2072
 7502.96       0.7869       0.2056
 7504.00       1.2128       0.2146
 7505.03       1.0548       0.2131
 7506.07       1.0445       0.2149
 7507.11       1.4351       0.2224
 7508.15       1.4069       0.2161
 7509.18       1.0517       0.2032
 7510.22       0.8319       0.1988
 7511.26       1.0117       0.2055
 7512.30       1.2393       0.2140
 7513.33       1.0857       0.2147
 7514.37       1.1698       0.2336
 7515.41       1.5315       0.2669
 7516.45       1.5483       0.2836
 7517.49       1.4908       0.2791
 7518.52       1.4805       0.2977
 7519.56       0.9608       0.3373
 7520.60       0.6640       0.5022
 7521.64       1.0266       0.7978
 7522.67       0.6230       1.0701
 7523.71      -0.2295       1.2103
 7524.75      -0.1661       1.2146
 7525.79       0.3012       1.0359
 7526.83       0.5404       0.7696
 7527.86       0.4092       0.5548
 7528.90       0.4541       0.4798
 7529.94       0.9876       0.4914
 7530.98       1.3256       0.5163
 7532.01       1.3804       0.4814
 7533.05       1.3908       0.4036
 7534.09       1.4743       0.3198
 7535.13       1.5975       0.2628
 7536.17       1.5792       0.2373
 7537.20       1.2532       0.2431
 7538.24       0.7794       0.2598
 7539.28       0.5747       0.2795
 7540.32       0.5957       0.2888
 7541.35       0.6483       0.2845
 7542.39       0.8515       0.2685
 7543.43       1.0354       0.2470
 7544.47       1.0596       0.2271
 7545.50       1.0108       0.2188
 7546.54       1.0352       0.2187
 7547.58       1.1833       0.2188
 7548.62       1.1753       0.2150
 7549.66       1.0147       0.2127
 7550.69       1.1308       0.2240
 7551.73       1.3524       0.2381
 7552.77       1.5337       0.2516
 7553.81       1.3815       0.2675
 7554.84       1.2899       0.3096
 7555.88       1.6611       0.3783
 7556.92       1.7224       0.4295
 7557.96       1.3880       0.4358
 7559.00       1.3762       0.4130
 7560.03       1.0861       0.3466
 7561.07       0.4863       0.2689
 7562.11       0.7946       0.2403
 7563.15       1.5239       0.2555
 7564.18       1.8230       0.2701
 7565.22       1.3365       0.2715
 7566.26       0.5587       0.2804
 7567.30       0.6941       0.3340
 7568.33       1.4020       0.4761
 7569.37       2.2002       0.7208
 7570.41       2.0036       0.9170
 7571.45       1.1706       0.9828
 7572.49       0.7100       0.9596
 7573.52       1.4718       0.8637
 7574.56       1.9623       0.6778
 7575.60       0.8133       0.4297
 7576.64       0.1806       0.2716
 7577.67       0.6674       0.2237
 7578.71       1.1523       0.2098
 7579.75       1.3209       0.2093
 7580.79       1.1662       0.2097
 7581.83       0.9013       0.2226
 7582.86       0.7918       0.2699
 7583.90       0.9169       0.3508
 7584.94       1.0996       0.4232
 7585.98       1.0738       0.4586
 7587.01       0.8971       0.4540
 7588.05       0.8861       0.4000
 7589.09       1.0942       0.3222
 7590.13       1.1861       0.2567
 7591.17       1.2005       0.2304
 7592.20       1.0848       0.2486
 7593.24       0.5611       0.2587
 7594.28       0.3695       0.3693
 7595.32       0.8294       0.7081
 7596.35       0.3012       1.1527
 7597.39      -0.6141       1.7676
 7598.43      -0.5178       2.4799
 7599.47       0.5303       3.1642
 7600.50       1.4479       3.4771
 7601.54       0.8860       3.0585
 7602.58      -0.3685       2.4318
 7603.62      -0.8537       2.1670
 7604.66       0.8769       2.2639
 7605.69       2.5337       2.4059
 7606.73       1.6031       2.2182
 7607.77       0.2498       2.0205
 7608.81      -0.1971       1.8403
 7609.84      -0.1063       1.5626
 7610.88       0.4748       1.3092
 7611.92       1.0007       1.0997
 7612.96       1.2516       0.9262
 7614.00       1.1678       0.8158
 7615.03       1.0985       0.7620
 7616.07       1.4740       0.7396
 7617.11       1.8151       0.7334
 7618.15       1.5184       0.7439
 7619.18       0.9922       0.7199
 7620.22       0.7920       0.6576
 7621.26       1.1079       0.6109
 7622.30       1.1837       0.5780
 7623.33       0.8673       0.6074
 7624.37       1.0915       0.7148
 7625.41       1.4673       0.9513
 7626.45       1.4049       1.2637
 7627.49       1.0093       1.4743
 7628.52       0.6068       1.5536
 7629.56       0.5200       1.5554
 7630.60       0.7377       1.3760
 7631.64       1.3018       1.0856
 7632.67       2.0815       0.8530
 7633.71       2.4402       0.7335
 7634.75       2.1754       0.6668
 7635.79       1.7520       0.6161
 7636.83       1.2988       0.5588
 7637.86       0.7944       0.5097
 7638.90       0.5021       0.4783
 7639.94       0.7759       0.4806
 7640.98       1.4740       0.5137
 7642.01       1.1698       0.4969
 7643.05       0.1470       0.4291
 7644.09       0.4564       0.4109
 7645.13       1.0862       0.4077
 7646.17       1.0484       0.3864
 7647.20       1.2638       0.3891
 7648.24       1.2406       0.3924
 7649.28       0.6140       0.3804
 7650.32       0.9908       0.4275
 7651.35       1.6180       0.4943
 7652.39       0.6805       0.4860
 7653.43       0.0127       0.4664
 7654.47       0.4475       0.4569
 7655.50       0.8757       0.4122
 7656.54       1.0852       0.3467
 7657.58       1.1821       0.3101
 7658.62       1.5418       0.3455
 7659.66       1.6257       0.4343
 7660.69       1.0285       0.5128
 7661.73       0.8660       0.5647
 7662.77       1.1530       0.5696
 7663.81       0.8943       0.5252
 7664.84       0.9671       0.4442
 7665.88       1.5494       0.3546
 7666.92       1.5426       0.2793
 7667.96       1.3588       0.2476
 7669.00       1.4401       0.2494
 7670.03       1.3584       0.2541
 7671.07       0.9812       0.2423
 7672.11       0.5714       0.2280
 7673.15       0.6330       0.2243
 7674.18       1.0627       0.2289
 7675.22       1.2942       0.2271
 7676.26       1.2806       0.2224
 7677.30       1.1146       0.2200
 7678.33       0.7531       0.2166
 7679.37       0.6199       0.2209
 7680.41       0.8982       0.2366
 7681.45       1.3317       0.2560
 7682.49       1.6327       0.2719
 7683.52       1.7031       0.2806
 7684.56       1.4514       0.2745
 7685.60       1.0819       0.2635
 7686.64       0.7286       0.2600
 7687.67       0.6247       0.2659
 7688.71       0.7752       0.2751
 7689.75       0.9328       0.2856
 7690.79       0.8054       0.2869
 7691.83       0.4672       0.2772
 7692.86       0.6417       0.2771
 7693.90       1.1364       0.2786
 7694.94       1.1350       0.2611
 7695.98       0.9631       0.2566
 7697.01       0.8701       0.2803
 7698.05       0.7505       0.3113
 7699.09       0.6012       0.3303
 7700.13       0.4561       0.3260
 7701.17       0.6271       0.3100
 7702.20       0.7933       0.2805
 7703.24       0.5885       0.2387
 7704.28       0.5178       0.2105
 7705.32       0.6029       0.1987
 7706.35       0.4460       0.2001
 7707.39       0.6795       0.2181
 7708.43       1.1755       0.3466
 7709.47       0.7242       0.6310
 7710.50       0.6554       1.0212
 7711.54       1.7184       1.4150
 7712.58       1.8900       1.7063
 7713.62       1.2778       1.9336
 7714.66       1.0783       2.1253
 7715.69       1.8824       2.1859
 7716.73       2.6001       2.0678
 7717.77       1.6477       1.8180
 7718.81       0.6648       1.4384
 7719.84       0.8024       0.9978
 7720.88       1.0124       0.6533
 7721.92       1.0498       0.4995
 7722.96       0.9061       0.4964
 7724.00       0.6609       0.5808
 7725.03       0.3734       0.6280
 7726.07       0.1289       0.6148
 7727.11       0.2728       0.5519
 7728.15       0.7093       0.4627
 7729.18       1.1150       0.3649
 7730.22       1.1842       0.2885
 7731.26       1.0195       0.2489
 7732.30       0.9924       0.2550
 7733.34       0.9729       0.2805
 7734.37       0.7636       0.2968
 7735.41       0.3183       0.2985
 7736.45       0.1872       0.2900
 7737.49       0.8770       0.2846
 7738.52       1.0788       0.2696
 7739.56       0.6486       0.2504
 7740.60       1.0466       0.2522
 7741.64       1.5226       0.2573
 7742.68       1.4059       0.2518
 7743.71       1.7105       0.2520
 7744.75       1.6272       0.2449
 7745.79       0.8621       0.2964
 7746.83       1.1252       0.5932
 7747.86       1.6545       1.1896
 7748.90       0.1925       1.8166
 7749.94      -0.9266       2.3136
 7750.98      -0.5711       2.4602
 7752.01       0.6084       2.1879
 7753.05       0.8681       1.5646
 7754.09       0.3916       0.8994
 7755.13       0.2374       0.4720
 7756.17       0.6728       0.4052
 7757.20       1.1065       0.5584
 7758.24       1.2899       0.7867
 7759.28       1.2049       0.9171
 7760.32       1.0786       0.9689
 7761.35       1.2328       0.8882
 7762.39       1.5264       0.6995
 7763.43       1.4007       0.4628
 7764.47       0.9627       0.2861
 7765.51       0.6795       0.2129
 7766.54       0.9061       0.2111
 7767.58       1.2505       0.2222
 7768.62       1.1357       0.2371
 7769.66       0.9450       0.2761
 7770.69       0.9732       0.3514
 7771.73       1.1562       0.4354
 7772.77       1.1164       0.4929
 7773.81       0.7898       0.5023
 7774.85       0.7384       0.4639
 7775.88       0.8654       0.4094
 7776.92       0.8824       0.3873
 7777.96       1.1623       0.4538
 7779.00       1.3981       0.5752
 7780.03       1.2019       0.6561
 7781.07       0.8848       0.6669
 7782.11       0.7717       0.6013
 7783.15       0.8805       0.4828
 7784.18       0.9570       0.3618
 7785.22       0.8410       0.2810
 7786.26       0.7765       0.2607
 7787.30       0.9461       0.2674
 7788.34       1.4470       0.3128
 7789.37       1.9726       0.3923
 7790.41       1.7143       0.6020
 7791.45       0.2157       1.0248
 7792.49       0.2964       1.5969
 7793.52       1.5309       2.0347
 7794.56       1.0311       2.1256
 7795.60       0.1798       1.8290
 7796.64       0.7160       1.3231
 7797.68       0.8619       0.7810
 7798.71       0.6093       0.4118
 7799.75       0.8265       0.2225
 7800.79       0.6011       0.2188
 7801.83       0.9009       0.1994
 7802.86       0.5059       0.2130
 7803.90       0.4688       0.2277
 7804.94       0.9125       0.3366
 7805.98       0.6974       0.5058
 7807.02       0.1913       0.6907
 7808.05       0.1484       0.8176
 7809.09       0.6772       0.8562
 7810.13       1.1218       0.7768
 7811.17       0.8315       0.6030
 7812.20       0.4085       0.4219
 7813.24       0.4335       0.3064
 7814.28       0.8627       0.2781
 7815.32       1.0195       0.2609
 7816.35       0.6196       0.2768
 7817.39       0.6724       0.4134
 7818.43       0.9906       0.8029
 7819.47       1.0470       1.3773
 7820.51       0.9533       1.8879
 7821.54       1.2010       2.1228
 7822.58       2.0970       2.0543
 7823.62       1.8816       1.6173
 7824.66       0.6250       1.0101
 7825.69       0.5630       0.5312
 7826.73       0.7091       0.3037
 7827.77       0.1626       0.2250
 7828.81       0.3622       0.2414
 7829.85       0.7847       0.2460
 7830.88       0.5402       0.2350
 7831.92       0.6300       0.2289
 7832.96       1.0059       0.2301
 7834.00       0.9297       0.2265
 7835.03       0.8813       0.2180
 7836.07       0.9690       0.2273
 7837.11       0.5588       0.2504
 7838.15       0.3617       0.3595
 7839.19       0.7238       0.5532
 7840.22       0.8167       0.7177
 7841.26       0.6310       0.7854
 7842.30       0.5815       0.7600
 7843.34       0.6399       0.6301
 7844.37       0.7334       0.4566
 7845.41       0.7688       0.3159
 7846.45       0.6732       0.2663
 7847.49       0.4936       0.3302
 7848.52       0.4268       0.4340
 7849.56       0.2412       0.7030
 7850.60      -0.0841       1.1979
 7851.64       0.6386       1.8021
 7852.68       1.6904       2.2562
 7853.71       1.6920       2.3449
 7854.75       0.6918       2.0613
 7855.79      -0.2004       1.5975
 7856.83       0.0761       1.1249
 7857.86       0.6650       0.9161
 7858.90       0.6307       0.9601
 7859.94       0.4975       1.0726
 7860.98       0.3701       1.0771
 7862.02       0.3435       0.9545
 7863.05       0.6468       0.7337
 7864.09       1.1051       0.5258
 7865.13       1.3966       0.4358
 7866.17       0.9689       0.4906
 7867.20       0.4811       0.6814
 7868.24       1.5346       0.9856
 7869.28       1.7042       1.2265
 7870.32       0.0218       1.2806
 7871.35       0.2690       1.2277
 7872.39       1.3789       1.0435
 7873.43       0.8845       0.7460
 7874.47       0.5478       0.4825
 7875.51       0.8296       0.3808
 7876.54       0.9348       0.4476
 7877.58       0.9784       0.6198
 7878.62       0.9260       0.7688
 7879.66      -0.0699       0.8549
 7880.69       0.9187       0.7803
 7881.73       4.1006       0.9014
 7882.77       1.1965       1.2584
 7883.81       0.9153       1.1016
 7884.85       1.0897       0.8983
 7885.88       1.3444       0.8459
 7886.92       6.9235       0.6833
 7887.96       2.7696       0.6851
 7889.00      -1.6957       1.1773
 7890.03      -0.5531       1.2213
 7891.07       0.8022       1.1856
 7892.11       1.1120       0.9770
 7893.15       0.8011       0.6561
 7894.19       0.5686       0.4065
 7895.22       0.6107       0.2942
 7896.26       0.4809       0.2538
 7897.30       0.6746       0.2578
 7898.34       0.9712       0.2467
 7899.37       0.7531       0.2335
 7900.41       0.5790       0.2238
 7901.45       0.8135       0.2270
 7902.49       1.0669       0.2348
 7903.52       1.0383       0.2416
 7904.56       0.6857       0.2451
 7905.60       0.3975       0.2427
 7906.64       0.3617       0.2351
 7907.68       0.4072       0.2540
 7908.71       0.4060       0.2915
 7909.75       0.3905       0.5653
 7910.79       0.6340       1.1859
 7911.83       0.9985       2.0217
 7912.86       1.4900       2.7062
 7913.90       2.5921       2.9892
 7914.94       2.8999       2.7097
 7915.98       1.6264       2.0624
 7917.02      -0.0045       1.3212
 7918.05      -0.2923       0.9118
 7919.09       1.3356       0.9803
 7920.13       2.3039       1.2537
 7921.17       1.5512       1.3352
 7922.20       1.4857       1.2792
 7923.24       1.3529       1.0169
 7924.28       0.4412       0.6586
 7925.32      -0.0041       0.3736
 7926.35       0.2014       0.2653
 7927.39       0.6138       0.3068
 7928.43       0.9804       0.4841
 7929.47       1.0184       0.6978
 7930.51       0.5149       0.8636
 7931.54       0.3729       0.9315
 7932.58       0.8089       0.8859
 7933.62       0.8352       0.7180
 7934.66       0.5719       0.4997
 7935.69       0.4826       0.3189
 7936.73       0.6741       0.2315
 7937.77       0.7478       0.2102
 7938.81       0.3153       0.2007
 7939.85       0.2832       0.2096
 7940.88       0.6948       0.2229
 7941.92       0.8462       0.2333
 7942.96       0.5137       0.2316
 7944.00       0.1596       0.2475
 7945.03       0.3946       0.2957
 7946.07       0.6819       0.4088
 7947.11       0.4054       0.5656
 7948.15       0.3303       0.7074
 7949.19       0.4552       0.7708
 7950.22       0.4809       0.7398
 7951.26       0.1324       0.6083
 7952.30      -0.1962       0.4343
 7953.34       0.2691       0.2927
 7954.37       0.9686       0.2247
 7955.41       1.1126       0.2025
 7956.45       0.6719       0.1973
 7957.49       0.3178       0.1844
 7958.52       0.5942       0.2035
 7959.56       0.9201       0.2036
 7960.60       0.8964       0.3501
 7961.64       0.5307       0.7431
 7962.68       0.6271       1.3330
 7963.71       1.2925       1.8946
 7964.75       1.6227       2.1929
 7965.79       1.7782       2.1086
 7966.83       1.9469       1.7278
 7967.86       0.9473       1.1096
 7968.90       0.0404       0.5769
 7969.94       0.7288       0.3524
 7970.98       1.3003       0.3023
 7972.02       1.1118       0.2507
 7973.05       1.2087       0.2520
 7974.09       1.3312       0.2802
 7975.13       1.2147       0.3663
 7976.17       0.7890       0.5117
 7977.20       0.4220       0.7312
 7978.24       0.4751       0.9643
 7979.28       1.0875       1.0969
 7980.32       1.5218       1.0617
 7981.36       1.1227       0.8967
 7982.39       0.4651       0.6427
 7983.43       0.1849       0.3999
 7984.47       0.3246       0.2589
 7985.51       0.4361       0.2192
 7986.54       0.2777       0.2202
 7987.58       0.3528       0.2227
 7988.62       0.7727       0.2920
 7989.66       0.9178       0.5483
 7990.69       0.7156       1.0894
 7991.73       0.4041       1.7847
 7992.77       0.6937       2.2902
 7993.81       0.6165       2.4446
 7994.85       0.0311       2.1886
 7995.88       0.0148       1.5777
 7996.92       0.3239       0.9117
 7997.96       0.5228       0.4546
 7999.00       1.0664       0.2919
 8000.03       1.2263       0.2818
 8001.07       0.7228       0.2510
 8002.11       0.3883       0.2417
 8003.15       0.6806       0.2408
 8004.19       1.1126       0.2407
 8005.22       0.9734       0.2266
 8006.26       0.4457       0.2059
 8007.30       0.6937       0.2058
 8008.34       1.1948       0.2117
 8009.37       1.0945       0.2297
 8010.41       0.6477       0.2907
 8011.45       0.3945       0.4303
 8012.49       0.6845       0.6130
 8013.53       0.7932       0.7449
 8014.56       0.6207       0.7688
 8015.60       0.7128       0.7089
 8016.64       1.0843       0.5832
 8017.68       1.3478       0.4440
 8018.71       0.9802       0.3432
 8019.75       0.3870       0.2866
 8020.79       0.1525       0.2966
 8021.83       0.4374       0.4124
 8022.86       0.7437       0.7140
 8023.90       0.5367       1.1524
 8024.94       0.1742       1.5553
 8025.98       0.0445       1.7476
 8027.02       0.1250       1.6955
 8028.05       0.4262       1.3779
 8029.09       0.7131       0.9347
 8030.13       0.5910       0.5625
 8031.17       0.3189       0.3613
 8032.20       0.3626       0.2756
 8033.24       0.5068       0.2624
 8034.28       0.7407       0.2415
 8035.32       1.1028       0.2330
 8036.36       1.1697       0.2245
 8037.39       0.8349       0.2120
 8038.43       0.4159       0.1979
 8039.47       0.2454       0.1921
 8040.51       0.4092       0.1977
 8041.54       0.7508       0.2069
 8042.58       0.9932       0.2093
 8043.62       1.0144       0.2037
 8044.66       0.8940       0.1947
 8045.70       0.8946       0.1958
 8046.73       1.2199       0.2147
 8047.77       1.1580       0.2495
 8048.81       0.9339       0.3223
 8049.85       1.8165       0.4513
 8050.88       2.4450       0.5673
 8051.92       1.6399       0.6000
 8052.96       0.5964       0.5800
 8054.00      -0.1745       0.4889
 8055.04      -0.1251       0.3548
 8056.07       0.2620       0.2437
 8057.11       0.4564       0.2183
 8058.15       0.5426       0.2624
 8059.19       0.4481       0.4175
 8060.22       0.3441       0.6508
 8061.26       0.5558       0.8671
 8062.30       0.5357       0.9658
 8063.34       0.0111       0.9153
 8064.37      -0.0172       0.7428
 8065.41       0.5052       0.5245
 8066.45       0.8868       0.3304
 8067.49       1.0141       0.2329
 8068.53       0.9262       0.2057
 8069.56       0.7523       0.1988
 8070.60       0.7161       0.1932
 8071.64       0.8176       0.1895
 8072.68       0.7234       0.1945
 8073.71       0.6661       0.2079
 8074.75       0.9447       0.2246
 8075.79       1.0343       0.2364
 8076.83       0.9286       0.2392
 8077.87       0.9827       0.2362
 8078.90       0.9116       0.2239
 8079.94       0.8091       0.2128
 8080.98       1.1219       0.2161
 8082.02       1.4059       0.2304
 8083.05       1.2344       0.2425
 8084.09       0.7790       0.2477
 8085.13       0.5251       0.2464
 8086.17       0.7511       0.2435
 8087.21       0.9433       0.2323
 8088.24       0.9593       0.2174
 8089.28       1.1049       0.2084
 8090.32       1.1447       0.2267
 8091.36       0.9630       0.2722
 8092.39       0.6809       0.3174
 8093.43       0.4963       0.3440
 8094.47       0.5364       0.3465
 8095.51       0.7774       0.3276
 8096.54       1.0194       0.2918
 8097.58       1.0897       0.2543
 8098.62       0.9115       0.2491
 8099.66       0.6788       0.3034
 8100.70       0.3791       0.3943
 8101.73       0.3268       0.4828
 8102.77       0.5875       0.5233
 8103.81       0.7670       0.5059
 8104.85       0.7745       0.4305
 8105.88       0.7251       0.3316
 8106.92       0.7344       0.2582
 8107.96       0.7765       0.2279
 8109.00       0.6844       0.2201
 8110.04       1.0448       0.2273
 8111.07       1.6193       0.2296
 8112.11       1.5816       0.2282
 8113.15       1.0895       0.2154
 8114.19       0.6685       0.1969
 8115.22       0.5898       0.1916
 8116.26       0.6352       0.1915
 8117.30       0.5392       0.1859
 8118.34       0.5878       0.1843
 8119.38       0.7704       0.1907
 8120.41       0.9102       0.2009
 8121.45       0.7795       0.2047
 8122.49       0.5120       0.2018
 8123.53       0.6497       0.2057
 8124.56       0.7117       0.2082
 8125.60       0.4538       0.2052
 8126.64       0.3717       0.2058
 8127.68       0.7159       0.2164
 8128.71       1.3379       0.2348
 8129.75       1.2426       0.2358
 8130.79       0.5828       0.2246
 8131.83       0.3546       0.2252
 8132.87       0.3077       0.2313
 8133.90       0.3436       0.2410
 8134.94       0.6932       0.2546
 8135.98       0.9506       0.2796
 8137.02       0.9298       0.3142
 8138.05       1.1730       0.3399
 8139.09       1.4033       0.3492
 8140.13       1.1362       0.3463
 8141.17       1.1124       0.3302
 8142.21       1.2608       0.3045
 8143.24       0.8502       0.2707
 8144.28       0.4846       0.2746
 8145.32       0.6083       0.3230
 8146.36       0.9622       0.3699
 8147.39       0.9796       0.3786
 8148.43       0.5668       0.3482
 8149.47       0.5034       0.3030
 8150.51       0.7984       0.2669
 8151.54       0.8960       0.2442
 8152.58       1.0193       0.2386
 8153.62       1.0789       0.2360
 8154.66       0.7427       0.2277
 8155.70       0.5279       0.2212
 8156.73       0.7209       0.2224
 8157.77       0.7898       0.2168
 8158.81       0.8464       0.2176
 8159.85       1.0917       0.2360
 8160.88       1.3677       0.2636
 8161.92       1.4038       0.2776
 8162.96       0.8997       0.2608
 8164.00       0.7063       0.2431
 8165.04       0.9726       0.2431
 8166.07       0.8760       0.2379
 8167.11       0.7067       0.2346
 8168.15       0.7843       0.2365
 8169.19       0.7993       0.2327
 8170.22       0.7598       0.2262
 8171.26       0.8322       0.2252
 8172.30       0.9082       0.2169
 8173.34       0.8807       0.2068
 8174.38       0.7519       0.2096
 8175.41       0.7093       0.2230
 8176.45       0.8554       0.2400
 8177.49       1.0408       0.2561
 8178.53       1.1802       0.2655
 8179.56       1.2306       0.2651
 8180.60       1.1919       0.2541
 8181.64       0.9938       0.2340
 8182.68       0.7650       0.2139
 8183.71       0.7581       0.2076
 8184.75       0.8252       0.2155
 8185.79       0.5176       0.2233
 8186.83       0.0567       0.2398
 8187.87      -0.1317       0.2632
 8188.90       0.0479       0.2727
 8189.94       0.5611       0.2719
 8190.98       1.0620       0.2717
 8192.02       1.1213       0.2611
 8193.05       0.7608       0.2499
 8194.09       0.3981       0.2503
 8195.13       0.7511       0.2753
 8196.17       1.3822       0.2994
 8197.21       1.1363       0.2880
 8198.24       0.9734       0.2671
 8199.28       1.4466       0.2589
 8200.32       1.1231       0.2322
 8201.36       0.3733       0.2018
 8202.39       0.1868       0.1934
 8203.43       0.6393       0.2024
 8204.47       1.1238       0.2123
 8205.51       0.9293       0.2111
 8206.54       1.0336       0.2170
 8207.58       1.4796       0.2299
 8208.62       1.0212       0.2228
 8209.66       0.6408       0.2136
 8210.70       1.0616       0.2188
 8211.73       1.3563       0.2208
 8212.77       1.2149       0.2187
 8213.81       0.8887       0.2175
 8214.85       0.7146       0.2150
 8215.88       0.8044       0.2109
 8216.92       0.8284       0.2053
 8217.96       0.8628       0.2036
 8219.00       1.0105       0.2088
 8220.04       1.0995       0.2129
 8221.07       1.0609       0.2173
 8222.11       0.9585       0.2270
 8223.15       0.9116       0.2382
 8224.19       0.7967       0.2530
 8225.22       0.5957       0.2717
 8226.26       0.6606       0.2960
 8227.30       0.8381       0.3160
 8228.34       0.5989       0.3132
 8229.38       0.6496       0.3135
 8230.41       1.1653       0.3207
 8231.45       1.0866       0.2917
 8232.49       0.8513       0.2573
 8233.53       1.1076       0.2517
 8234.56       1.0289       0.2394
 8235.60       0.7861       0.2184
 8236.64       0.9453       0.2110
 8237.68       0.9696       0.2124
 8238.71       0.8123       0.2181
 8239.75       1.0502       0.2302
 8240.79       1.2245       0.2434
 8241.83       1.0385       0.2538
 8242.87       1.1081       0.2634
 8243.90       1.2901       0.2665
 8244.94       1.2661       0.2615
 8245.98       1.1848       0.2558
 8247.02       1.0361       0.2482
 8248.05       0.7173       0.2304
 8249.09       0.6706       0.2214
 8250.13       0.9126       0.2237
 8251.17       0.8350       0.2173
 8252.21       0.8094       0.2165
 8253.24       1.0861       0.2302
 8254.28       1.3327       0.2438
 8255.32       1.2505       0.2483
 8256.36       0.8939       0.2446
 8257.39       0.6696       0.2364
 8258.43       0.8753       0.2301
 8259.47       1.2519       0.2261
 8260.51       1.3576       0.2200
 8261.54       1.0864       0.2115
 8262.58       0.9770       0.2112
 8263.62       0.9692       0.2137
 8264.66       0.8340       0.2105
 8265.70       0.6940       0.2021
 8266.73       0.6234       0.1956
 8267.77       0.6425       0.1979
 8268.81       0.6173       0.1987
 8269.85       0.5263       0.2001
 8270.88       0.5458       0.2178
 8271.92       0.4626       0.2217
 8272.96       0.2618       0.2251
 8274.00       0.2569       0.2539
 8275.04       0.4286       0.3671
 8276.07       0.5798       0.5902
 8277.11       0.5416       0.8370
 8278.15       0.5527       1.1400
 8279.19       0.7710       1.4885
 8280.22       1.6201       1.7466
 8281.26       2.2594       1.7891
 8282.30       1.5423       1.6057
 8283.34       1.0161       1.3160
 8284.38       1.4749       1.1564
 8285.41       1.1461       1.1899
 8286.45       0.8015       1.5784
 8287.49       1.3963       2.1624
 8288.53       1.1131       2.4285
 8289.56       0.6616       2.1599
 8290.60       1.7599       1.6638
 8291.64       2.5588       1.1093
 8292.68       2.0034       0.7394
 8293.71       1.1606       0.6304
 8294.75       0.8530       0.8940
 8295.79       1.4181       1.4471
 8296.83       2.1983       2.1472
 8297.87       2.6893       2.6374
 8298.90       2.7389       2.6880
 8299.94       1.8625       2.3829
 8300.98       0.5517       1.8360
 8302.02      -0.1929       1.1391
 8303.05      -0.0153       0.6345
 8304.09       0.5644       0.4041
 8305.13       0.9472       0.3113
 8306.17       0.7829       0.2907
 8307.21       0.5252       0.3488
 8308.24       0.3947       0.5309
 8309.28       0.6243       0.7515
 8310.32       1.0252       0.8813
 8311.36       0.7841       0.8754
 8312.39       0.1557       0.7461
 8313.43       0.1200       0.5483
 8314.47       0.5597       0.3782
 8315.51       0.8708       0.2867
 8316.54       0.7162       0.2658
 8317.58       0.5953       0.2835
 8318.62       0.8865       0.2989
 8319.66       1.0448       0.3087
 8320.70       0.8255       0.2931
 8321.73       0.4155       0.2549
 8322.77       0.3811       0.2227
 8323.81       0.7309       0.2097
 8324.85       0.8500       0.2041
 8325.88       0.8725       0.2010
 8326.92       0.9799       0.1981
 8327.96       0.9860       0.2017
 8329.00       1.0208       0.2083
 8330.04       1.1322       0.2113
 8331.07       1.1599       0.2094
 8332.11       0.9763       0.2049
 8333.15       0.6623       0.2022
 8334.19       0.4484       0.2067
 8335.22       0.5498       0.2242
 8336.26       0.9058       0.2627
 8337.30       1.2519       0.2715
 8338.34       1.2457       0.3137
 8339.38       0.6742       0.3004
 8340.41       0.3457       0.7480
 8341.45       0.7442       1.9194
 8342.49       0.8737       3.3763
 8343.53       0.8116       4.6384
 8344.56       1.6309       5.3908
 8345.60       1.6885       5.1461
 8346.64       0.7807       3.9833
 8347.68       0.7539       2.3591
 8348.71       1.0246       1.1751
 8349.75       0.6932       0.8537
 8350.79       0.0931       1.1741
 8351.83       0.0480       1.5948
 8352.87       0.9167       1.7889
 8353.90       1.2987       1.7264
 8354.94       0.7594       1.4048
 8355.98       0.3945       0.8697
 8357.02       0.4893       0.4403
 8358.05       0.6100       0.2747
 8359.09       0.5240       0.2548
 8360.13       0.3404       0.3003
 8361.17       0.4028       0.3819
 8362.21       0.6523       0.5332
 8363.24       1.0103       0.6992
 8364.28       1.2461       0.7883
 8365.32       0.9728       0.7792
 8366.36       0.3808       0.6808
 8367.39      -0.0076       0.5206
 8368.43       0.2045       0.3632
 8369.47       0.8165       0.2539
 8370.51       1.1047       0.2106
 8371.55       0.8523       0.2015
 8372.58       0.4485       0.1908
 8373.62       0.1199       0.1916
 8374.66       0.2234       0.1877
 8375.70       0.6520       0.0914
 8376.73       0.8426       0.2268
 8377.77       0.8044       0.3082
 8378.81       0.8288       0.5082
 8379.85       0.9417       0.8775
 8380.88       1.0019       1.2912
 8381.92       0.9960       1.5400
 8382.96       0.7252       1.4686
 8384.00       0.0588       1.1371
 8385.04       0.2022       0.8049
 8386.07       1.0859       0.4962
 8387.11       1.2859       0.2991
 8388.15       0.7588       0.2266
 8389.19       0.2602       0.2146
 8390.22       0.2036       0.2299
 8391.26       0.5904       0.2326
 8392.30       0.9668       0.2459
 8393.34       0.7582       0.2071
 8394.38       0.7015       0.2728
 8395.41       1.5380       0.6092
 8396.45       1.2250       1.4640
 8397.49      -0.5733       2.6569
 8398.53      -2.1897       3.5587
 8399.56      -2.2339       3.8818
 8400.60      -0.9023       3.5561
 8401.64      -0.0651       2.6164
 8402.68       0.2830       1.4724
 8403.72       0.8747       0.5722
 8404.75       0.9147       0.2137
 8405.79       0.5803       0.1970
 8406.83       0.2847       0.1853
 8407.87       0.3344       0.1880
 8408.90       0.5968       0.1899
 8409.94       0.5730       0.1771
 8410.98       0.6955       0.2563
 8412.02       1.0223       0.5219
 8413.05       0.8265       0.9082
 8414.09       0.0390       1.2834
 8415.13      -0.7387       1.4862
 8416.17      -0.3111       1.4825
 8417.21       0.9472       1.2493
 8418.24       1.4971       0.8333
 8419.28       1.2137       0.4638
 8420.32       0.5429       0.2694
 8421.36      -0.0051       0.2122
 8422.39       0.2139       0.2329
 8423.43       0.8790       0.2726
 8424.47       0.8199       0.2649
 8425.51       0.8402       0.3638
 8426.55       1.9747       0.7865
 8427.58       1.8806       1.8677
 8428.62       0.7501       3.3067
 8429.66       0.6282       4.2434
 8430.70       1.3173       4.5131
 8431.73       1.7675       4.0823
 8432.77       0.8815       2.8353
 8433.81       0.5108       1.4647
 8434.85       1.8142       0.6048
 8435.89       1.8275       0.2914
 8436.92       0.8306       0.2448
 8437.96       0.5891       0.2092
 8439.00       0.5796       0.1972
 8440.04       0.5179       0.1860
 8441.07       0.5959       0.1891
 8442.11       0.7316       0.1919
 8443.15       0.7886       0.1902
 8444.19       0.6580       0.1929
 8445.22       0.3743       0.1915
 8446.26       0.1496       0.2012
 8447.30       0.5977       0.2015
 8448.34       1.0877       0.3094
 8449.38       0.6872       0.5832
 8450.41       0.0174       0.9378
 8451.45      -0.3341       1.2288
 8452.49      -0.4303       1.3578
 8453.53      -0.2291       1.2650
 8454.56       0.1094       1.0025
 8455.60       0.4840       0.6349
 8456.64       0.7305       0.3437
 8457.68       0.8297       0.2299
 8458.72       0.9831       0.2182
 8459.75       0.9988       0.2246
 8460.79       0.5492       0.2717
 8461.83       0.4083       0.6374
 8462.87       0.6156       1.4421
 8463.90      -0.0604       2.3596
 8464.94      -0.1602       3.0150
 8465.98       1.0751       3.1318
 8467.02       1.9825       2.7479
 8468.06       1.7806       1.9409
 8469.09       0.9313       0.9609
 8470.13       0.5797       0.3689
 8471.17       0.8356       0.2284
 8472.21       0.6960       0.2165
 8473.24       0.5085       0.2521
 8474.28       0.5719       0.2564
 8475.32       0.7378       0.2615
 8476.36       0.8796       0.2503
 8477.39       0.9021       0.2277
 8478.43       0.7828       0.2018
 8479.47       0.7038       0.1833
 8480.51       0.8159       0.1768
 8481.55       0.7745       0.1755
 8482.58       0.5879       0.1746
 8483.62       0.6667       0.1798
 8484.66       0.9943       0.1897
 8485.70       1.2248       0.1963
 8486.73       0.9515       0.1906
 8487.77       0.4591       0.1711
 8488.81       0.2882       0.1805
 8489.85       0.6033       0.2789
 8490.89       0.9051       0.4876
 8491.92       0.6960       0.7237
 8492.96       0.6891       0.8937
 8494.00       1.1584       0.9411
 8495.04       1.5680       0.8974
 8496.07       1.4113       0.7067
 8497.11       0.7631       0.4306
 8498.15       0.2323       0.2582
 8499.19       0.0897       0.2130
 8500.23       0.3290       0.2554
 8501.26       0.8649       0.4663
 8502.30       1.3857       0.8720
 8503.34       1.6736       1.3497
 8504.38       1.3059       1.6783
 8505.41       0.6507       1.7116
 8506.45       0.4907       1.5111
 8507.49       0.6526       1.0957
 8508.53       0.6883       0.6086
 8509.56       0.8156       0.2975
 8510.60       0.8526       0.1936
 8511.64       0.6733       0.1630
 8512.68       0.6475       0.1785
 8513.72       0.7589       0.1752
 8514.75       0.7417       0.1751
 8515.79       0.5196       0.1684
 8516.83       0.3181       0.1660
 8517.87       0.6906       0.1826
 8518.90       0.9970       0.2010
 8519.94       0.6857       0.2029
 8520.98       0.7420       0.2096
 8522.02       0.7900       0.2094
 8523.06       0.3631       0.1893
 8524.09       0.0077       0.1664
 8525.13       0.0571       0.1580
 8526.17       0.4983       0.1692
 8527.21       0.6167       0.1728
 8528.24       0.2432       0.1590
 8529.28       0.4299       0.1623
 8530.32       0.7982       0.1740
 8531.36       0.6969       0.1753
 8532.40       0.5995       0.1680
 8533.43       0.7036       0.1676
 8534.47       0.8905       0.1880
 8535.51       0.9285       0.2525
 8536.55       0.7739       0.3540
 8537.58       0.6276       0.4434
 8538.62       0.5844       0.4971
 8539.66       0.5691       0.4979
 8540.70       0.2723       0.4319
 8541.73       0.1527       0.3256
 8542.77       0.4756       0.2373
 8543.81       0.7468       0.1977
 8544.85       0.7071       0.2542
 8545.89       0.4359       0.3987
 8546.92       0.5035       0.5966
 8547.96       0.7885       0.7647
 8549.00       0.3420       0.8378
 8550.04      -0.1378       0.7782
 8551.07       0.0935       0.6248
 8552.11       0.5527       0.4299
 8553.15       0.8693       0.2794
 8554.19       0.9156       0.2080
 8555.23       0.8442       0.1911
 8556.26       0.8541       0.1793
 8557.30       0.9177       0.1776
 8558.34       1.0082       0.1770
 8559.38       1.0290       0.1755
 8560.41       1.0198       0.1766
 8561.45       0.7869       0.1729
 8562.49       0.3960       0.1633
 8563.53       0.4887       0.1621
 8564.57       0.8637       0.1691
 8565.60       0.9165       0.1737
 8566.64       0.6774       0.1713
 8567.68       0.5206       0.1691
 8568.72       0.7935       0.1795
 8569.75       0.7646       0.1854
 8570.79       0.2406       0.1819
 8571.83       0.0247       0.1871
 8572.87       0.3610       0.2032
 8573.90       0.8136       0.2184
 8574.94       0.9178       0.2228
 8575.98       0.6998       0.2188
 8577.02       0.6761       0.2170
 8578.06       0.5846       0.2062
 8579.09       0.4618       0.1888
 8580.13       0.6024       0.1816
 8581.17       0.7771       0.1798
 8582.21       0.7414       0.1775
 8583.24       0.7969       0.1767
 8584.28       0.6838       0.1904
 8585.32       0.2514       0.2267
 8586.36       0.1079       0.2835
 8587.40       0.3162       0.3400
 8588.43       0.4520       0.3697
 8589.47       0.5338       0.3546
 8590.51       0.4882       0.3073
 8591.55       0.1852       0.2506
 8592.58       0.0943       0.2202
 8593.62       0.2358       0.2381
 8594.66       0.0083       0.3021
 8595.70      -0.2956       0.3807
 8596.74      -0.1257       0.4278
 8597.77       0.5976       0.4440
 8598.81       1.1613       0.4162
 8599.85       0.7797       0.3367
 8600.89       0.4730       0.2589
 8601.92       0.8041       0.2186
 8602.96       0.9358       0.2048
 8604.00       0.8603       0.2018
 8605.04       0.7981       0.1962
 8606.07       0.8803       0.1975
 8607.11       0.8309       0.2012
 8608.15       0.4677       0.2046
 8609.19       0.4153       0.2201
 8610.23       0.7280       0.2500
 8611.26       0.7911       0.2771
 8612.30       0.4765       0.2992
 8613.34       0.0820       0.3303
 8614.38      -0.0100       0.3732
 8615.41       0.1731       0.4249
 8616.45       0.3959       0.4804
 8617.49       0.7958       0.5454
 8618.53       0.7271       0.6136
 8619.57      -0.4107       0.6609
 8620.60      -0.4679       0.7225
 8621.64       0.8635       0.8243
 8622.68       1.4224       0.9213
 8623.72       1.1814       0.9954
 8624.75       0.8959       1.0547
 8625.79       0.8875       1.1109
 8626.83       0.6865       1.1533
 8627.87      -0.0201       1.1665
 8628.91       0.4889       1.2025
 8629.94       1.9917       1.2517
 8630.98       3.0045       1.2574
 8632.02       1.8817       1.2069
 8633.06      -0.2615       1.1311
 8634.09       0.0023       1.0990
 8635.13       0.5639       1.0420
 8636.17      -0.5477       0.9159
 8637.21      -0.2359       0.8534
 8638.24       1.1466       0.8243
 8639.28       1.6103       0.7455
 8640.32       1.3924       0.6587
 8641.36       0.8757       0.5668
 8642.40       0.2602       0.4752
 8643.43       0.2776       0.4121
 8644.47       0.7684       0.3934
 8645.51       0.7804       0.4070
 8646.55       0.5012       0.4808
 8647.58       0.5252       0.6240
 8648.62       0.5012       0.7812
 8649.66       0.3233       0.9089
 8650.70      -0.0355       0.9858
 8651.74       0.6589       1.0606
 8652.77       1.5332       1.1347
 8653.81       0.4159       1.1227
 8654.85      -0.5218       1.0998
 8655.89       0.2406       1.1255
 8656.92       1.1005       1.1576
 8657.96       1.2395       1.1615
 8659.00       0.7497       1.1281
 8660.04       0.4692       1.0959
 8661.08       0.8577       1.0851
 8662.11       1.4731       1.0824
 8663.15       1.8490       1.0758
 8664.19       1.6144       1.0442
 8665.23       0.7755       0.9898
 8666.26       0.5756       0.9456
 8667.30       1.2896       0.9220
 8668.34       1.0179       0.8842
 8669.38       0.8724       0.8480
 8670.42       2.0414       0.8332
 8671.45       1.8032       0.7897
 8672.49       0.4613       0.7162
 8673.53       0.3585       0.6643
 8674.57       0.8041       0.6428
 8675.60       0.8957       0.6234
 8676.64       0.5917       0.5852
 8677.68       0.2462       0.5348
 8678.72       0.3094       0.4943
 8679.75       0.7091       0.4787
 8680.79       1.0317       0.4699
 8681.83       0.9534       0.4460
 8682.87       0.7427       0.4127
 8683.91       0.6544       0.3760
 8684.94       0.5970       0.3454
 8685.98       0.8115       0.3412
 8687.02       1.0479       0.3478
 8688.06       0.6237       0.3309
 8689.09       0.2570       0.2979
 8690.13       0.6632       0.2777
 8691.17       1.1529       0.2809
 8692.21       1.1421       0.2881
 8693.25       0.5575       0.2752
 8694.28       0.0319       0.2537
 8695.32      -0.0679       0.2387
 8696.36       0.0438       0.2340
 8697.40       0.1358       0.2491
 8698.43       0.1011       0.2756
 8699.47       0.1117       0.2944
 8700.51       0.2366       0.2961
 8701.55       0.4037       0.2870
 8702.58       0.4221       0.2692
 8703.62       0.3803       0.2593
 8704.66       0.4293       0.2647
 8705.70       0.4899       0.2852
 8706.74       0.4933       0.3047
 8707.77       0.5632       0.3111
 8708.81       0.5248       0.2963
 8709.85       0.2744       0.2648
 8710.89      -0.0692       0.2239
 8711.92      -0.1688       0.1947
 8712.96       0.1486       0.1887
 8714.00       0.5163       0.1956
 8715.04       0.6708       0.1988
 8716.08       0.7133       0.1963
 8717.11       0.4813       0.1915
 8718.15       0.3551       0.1932
 8719.19       0.7498       0.2020
 8720.23       1.0470       0.2076
 8721.26       0.7731       0.2046
 8722.30       0.8272       0.2070
 8723.34       0.9352       0.2135
 8724.38       0.5027       0.2152
 8725.42       0.1935       0.2160
 8726.45       0.4510       0.2218
 8727.49       1.0624       0.2323
 8728.53       1.3978       0.2369
 8729.57       1.0810       0.2257
 8730.60       0.5496       0.2012
 8731.64       0.1058       0.1799
 8732.68      -0.0502       0.1762
 8733.72       0.2066       0.1855
 8734.75       0.6076       0.1996
 8735.79       0.8163       0.2120
 8736.83       0.7413       0.2195
 8737.87       0.5675       0.2259
 8738.91       0.4580       0.2336
 8739.94       0.4219       0.2364
 8740.98       0.4377       0.2336
 8742.02       0.6282       0.2352
 8743.06       0.7077       0.2342
 8744.09       0.5156       0.2241
 8745.13       0.4132       0.2167
 8746.17       0.5847       0.2182
 8747.21       0.8929       0.2251
 8748.25       0.8227       0.2289
 8749.28       0.4822       0.2284
 8750.32       0.5601       0.2329
 8751.36       0.7078       0.2320
 8752.40       0.6003       0.2283
 8753.43       0.7719       0.2244
 8754.47       0.8440       0.2533
 8755.51       0.4596       0.3878
 8756.55       0.1059       0.6167
 8757.58      -0.2678       1.0950
 8758.62      -0.9287       1.8055
 8759.66      -1.4286       2.4981
 8760.70      -1.3654       2.9037
 8761.74      -0.8443       2.9080
 8762.77      -0.1673       2.5926
 8763.81       0.1783       2.3300
 8764.85       0.2636       2.3848
 8765.89       0.0718       2.9067
 8766.92      -0.4455       3.5490
 8767.96       0.0328       3.8448
 8769.00       0.8888       3.4137
 8770.04       0.3534       2.4822
 8771.08      -0.3530       1.4205
 8772.11      -0.0849       0.7521
 8773.15       0.7908       0.6621
 8774.19       0.9501       1.2123
 8775.23       0.0899       2.1419
 8776.26       0.7221       3.3602
 8777.30       1.8787       4.2328
 8778.34       1.2349       4.2578
 8779.38       0.7779       3.6514
 8780.42       1.1585       2.7004
 8781.45       1.1485       1.5011
 8782.49       0.7225       0.6413
 8783.53       0.3425       0.2960
 8784.57       0.7734       0.2411
 8785.60       1.0807       0.2395
 8786.64       0.5294       0.2650
 8787.68       0.6191       0.4531
 8788.72       1.2556       0.8164
 8789.75       1.4196       1.1948
 8790.79       1.4729       1.4414
 8791.83       1.4840       1.4520
 8792.87       1.2932       1.2612
 8793.91       0.9601       0.8933
 8794.94       0.6280       0.4891
 8795.98       0.6009       0.2695
 8797.02       0.7790       0.2303
 8798.06       0.7461       0.2203
 8799.09       0.6756       0.2255
 8800.13       0.6812       0.2137
 8801.17       0.7540       0.2141
 8802.21       0.7718       0.2174
 8803.25       0.5922       0.2154
 8804.28       0.3191       0.2040
 8805.32       0.1164       0.1992
 8806.36       0.1617       0.2200
 8807.40       0.1649       0.2585
 8808.43       0.3962       0.3094
 8809.47       1.0695       0.3562
 8810.51       1.2880       0.3668
 8811.55       1.0528       0.3407
 8812.58       1.1681       0.3075
 8813.62       1.1663       0.2696
 8814.66       0.8262       0.2345
 8815.70       0.7563       0.2262
 8816.74       0.5424       0.2218
 8817.77      -0.0869       0.2040
 8818.81       0.2111       0.2215
 8819.85       0.7078       0.2270
 8820.89       0.3419       0.2893
 8821.92      -0.0052       0.3522
 8822.96       0.0477       1.1642
 8824.00      -0.1012       3.0565
 8825.04       0.0860       5.7981
 8826.08       0.5053       8.2895
 8827.11      -0.1610       9.4769
 8828.15      -0.6731       8.7803
 8829.19       0.2091       6.7565
 8830.23       1.2143       3.9829
 8831.26       1.4605       1.8058
 8832.30       0.9027       1.0161
 8833.34       1.2607       1.5452
 8834.38       1.9660       2.4096
 8835.42       0.2967       3.0939
 8836.45      -0.8476       3.3148
 8837.49       0.3168       3.1216
 8838.53       0.6818       2.3999
 8839.57       0.3250       1.4504
 8840.60       0.6187       0.6812
 8841.64       0.7231       0.3320
 8842.68       0.6242       0.2770
 8843.72       0.7642       0.3016
 8844.75       0.6632       0.3274
 8845.79       0.2553       0.3944
 8846.83       0.0860       0.6012
 8847.87       0.1429       0.8827
 8848.91       0.1712       1.0990
 8849.94      -0.0166       1.1896
 8850.98      -0.1270       1.1159
 8852.02       0.1509       0.9210
 8853.06       0.5552       0.6313
 8854.09       0.6821       0.3669
 8855.13       0.3625       0.2504
 8856.17       0.2953       0.2448
 8857.21       0.6618       0.2477
 8858.25       0.6303       0.2601
 8859.28       0.6152       0.2856
 8860.32       0.9883       0.3457
 8861.36       0.8135       0.3583
 8862.40       0.4410       0.3891
 8863.43       0.6896       0.5456
 8864.47       0.9110       0.9781
 8865.51       1.0559       1.6387
 8866.55       1.8677       2.2018
 8867.58       1.6538       2.4820
 8868.62       0.0737       2.3707
 8869.66      -0.7535       1.8268
 8870.70      -0.5373       1.1085
 8871.74      -0.0270       0.5427
 8872.77       0.7641       0.3059
 8873.81       1.2302       0.2785
 8874.85       1.1062       0.2619
 8875.89       0.4680       0.2499
 8876.92      -0.0568       0.2360
 8877.96       0.1336       0.2558
 8879.00       0.2570       0.2281
 8880.04       0.1541       0.2874
 8881.08       1.0860       0.3619
 8882.11       2.1663       1.1893
 8883.15       2.2081       3.0603
 8884.19       0.5761       5.4346
 8885.23      -0.2780       7.3381
 8886.26       2.2369       8.0018
 8887.30       3.3385       7.0069
 8888.34       1.3294       4.8871
 8889.38       0.6250       2.4957
 8890.42       0.9269       0.9351
 8891.45       0.8927       0.3840
 8892.49       0.9772       0.3656
 8893.53       1.1280       0.3694
 8894.57       1.2745       0.3960
 8895.60       1.3809       0.4190
 8896.64       1.3050       0.4138
 8897.68       1.0127       0.3751
 8898.72       0.4958       0.4661
 8899.75       0.2130       0.9835
 8900.79       0.7504       1.9839
 8901.83       1.7264       3.0462
 8902.87       2.1888       3.6018
 8903.91       1.7171       3.6518
 8904.94       0.3767       3.0714
 8905.98      -0.9326       1.9739
 8907.02      -0.6903       1.0511
 8908.06       0.6222       0.6312
 8909.09       1.0854       0.5042
 8910.13       0.9209       0.5207
 8911.17       0.8638       0.4857
 8912.21       0.8761       0.4763
 8913.25       0.7423       0.3490
 8914.28       0.2499       0.4002
 8915.32       0.0590       0.9064
 8916.36      -0.4737       2.7710
 8917.40      -1.6180       5.6146
 8918.43      -0.4127      10.2460
 8919.47       2.3797      12.9757
 8920.51       2.3461       8.6257
