,ID,host_g,host_g_err,host_r,host_r_err,host_i,host_i_err,host_z,host_z_err,local_g,local_g_err,local_r,local_r_err,local_i,local_i_err,local_z,local_z_err
0,1247022,1.763209104702567e-28,6.213386793400008e-31,4.717126900639971e-28,7.274516586003894e-31,6.755191080127242e-28,1.0595303424121504e-30,8.28914235740931e-28,1.4645540197743298e-30,2.8746407016932087e-29,9.053209804421036e-31,7.535321479621478e-29,3.0210842856097113e-30,1.0172985311077387e-28,2.8909242547705086e-30,1.365409880681547e-28,4.962141673809325e-30
1,1249308,2.0305365148945943e-27,1.1774473967945247e-30,5.142368317022797e-27,1.5600918705191768e-30,7.838103936163428e-27,1.948659393779496e-30,9.156547443726094e-27,2.8132757698200203e-30,9.053573384326407e-29,4.5559388237301924e-30,2.0857606183704703e-28,6.2475853176051865e-30,3.1294826528459277e-28,6.590103656203597e-30,3.7425929764953783e-28,7.958782082759965e-30
2,1249182,9.653218971919347e-29,7.91510892884075e-31,4.2821158168238755e-28,9.873572288542586e-31,8.879845687566154e-28,1.2940326304929358e-30,1.1678719397657074e-27,1.7786234886558073e-30,1.605611593059453e-29,3.7229278564267573e-31,8.4875640395107e-29,2.143712085177612e-30,1.658450601197567e-28,5.3362738986192214e-30,2.286694790471557e-28,7.653664564756045e-30
3,1249264,1.8092188981143229e-29,4.283277760609304e-31,8.059892532285207e-29,5.713296558627685e-31,1.5803080829974522e-28,7.776784024612676e-31,2.214653122090203e-28,1.0814424640416516e-30,4.462013327650604e-30,1.804454851563055e-31,2.00065212320017e-29,5.663909568687011e-31,4.0591056159818336e-29,1.0332280532906649e-30,6.240149734965478e-29,1.6705406302295203e-30
4,1249395,3.39034835543821e-29,5.689896688784273e-31,1.4226472356097663e-28,7.513382401015868e-31,2.596962319421754e-28,9.229088045190047e-31,3.416887659355423e-28,1.3750083523338421e-30,3.858122533490328e-30,1.2546758798032872e-31,1.3074899428226412e-29,4.387971961116054e-31,2.728458355080969e-29,8.120342433273953e-31,3.592097699162268e-29,9.015922431987063e-31
5,1248677,7.119019648701439e-29,2.9740068446085508e-31,1.412076044356007e-28,3.0738516603067742e-31,1.7334237119318532e-28,4.750701609463666e-31,2.1176312864455278e-28,7.754102437625804e-31,6.16797030131663e-30,2.450713476142449e-31,9.88360128810627e-30,5.117023289004954e-31,1.1884598584874939e-29,1.3482498599764556e-30,1.6024914823445054e-29,1.9150075812608296e-30
6,1248084,2.557374849237297e-28,5.582698179984864e-31,7.826549779671585e-28,5.530065591670991e-31,1.2707203194451107e-27,1.0069597070937886e-30,1.5653749669765775e-27,1.3657626174427274e-30,2.7232377656967165e-29,5.831624146350968e-31,1.0587790842296824e-28,5.303385274817572e-30,1.7656045645800535e-28,5.0384533801937695e-30,2.3322433250578288e-28,1.0100994659131143e-29
7,1248962,8.366275806361363e-30,3.600794575918134e-31,4.076872061248614e-29,4.277346952309221e-31,6.985021120957475e-29,6.215395294220902e-31,1.0611942875521415e-28,8.332967867965026e-31,3.0729981052543013e-30,1.4815600038504104e-31,1.3853294107080765e-29,3.742437410453259e-31,2.502624756982149e-29,5.833834196034497e-31,3.758255369349835e-29,1.2968794470657413e-30
8,1246626,1.9444381466961038e-28,4.268509130836918e-31,4.950947065501022e-28,3.951130638232312e-31,7.558402187420454e-28,7.545010223871396e-31,9.364049210164749e-28,1.0045348948350924e-30,8.734484214820626e-30,3.09780256010348e-31,2.2732562600653386e-29,6.409701080649641e-31,3.085440320641779e-29,1.0202030251449199e-30,3.943214003008243e-29,2.5076761606003012e-30
9,1249090,1.560537721503012e-28,9.176403983677966e-31,7.3917355470275435e-28,1.1698636869024152e-30,1.3495370080419272e-27,1.7185483765276282e-30,1.6830909070426062e-27,2.261757234431824e-30,4.851799966418991e-30,2.1877052161823016e-31,2.2900330834058747e-29,5.470919577302579e-31,3.916939036323141e-29,9.231309913582012e-31,4.904700719384431e-29,1.4346600724474425e-30
10,1246527,3.446695815943884e-28,6.317255903572161e-31,1.3498351602293716e-27,5.953233079016596e-31,2.3222849863847e-27,1.0764176278068823e-30,2.794457089306869e-27,1.4685442747885287e-30,1.5752137884110738e-29,3.6430573622132783e-31,5.316174879942313e-29,1.838032549336801e-30,7.552841260962492e-29,2.1990358529885308e-30,1.1081824008454107e-28,5.995939147429934e-30
11,1246529,4.124546338952035e-29,6.931537803429224e-31,1.2156241359787703e-28,6.578305672352635e-31,1.9457701714955429e-28,1.1499542739491522e-30,2.955047697666126e-28,1.6518588631274857e-30,3.0711882254670483e-30,8.335208391209484e-32,1.4672543963859725e-29,5.0751389755781485e-31,2.7167382227611686e-29,7.915624462352258e-31,4.3180243707367537e-29,2.3361361838947423e-30
12,1249483,4.826578491273538e-28,9.224309927517893e-31,1.4365953869690564e-27,1.344995055835845e-30,2.1569986489328227e-27,1.5308486462928731e-30,2.5820083602187356e-27,2.059675643709584e-30,1.1727979204352883e-28,3.9787940233319985e-30,3.571602721007689e-28,1.1298557543542113e-29,5.612573393834507e-28,2.9334603048453767e-29,7.260421534250231e-28,2.5768428711033344e-29
13,1250034,1.3138969630364591e-27,9.60761485172782e-31,2.487765543044694e-27,1.1994088412594094e-30,3.473409745794416e-27,1.5170526740777335e-30,4.033310893305999e-27,2.3583585375278866e-30,3.976354213837983e-28,8.207154395636701e-30,7.6640132413956285e-28,1.495848537932968e-29,1.0164475861588902e-27,2.3906999603545987e-29,1.373375057740682e-27,5.111404980881696e-29
14,1250275,3.750975183870049e-29,4.373981996873447e-31,1.614970367153551e-28,5.817639717595566e-31,2.569933473240536e-28,7.106467257218007e-31,3.242366125998445e-28,1.0532152218036826e-30,1.752035556479389e-29,4.248435514302158e-31,6.753968831730973e-29,2.2110088346120762e-30,1.108535409075394e-28,3.264298912901402e-30,1.4440619571966634e-28,3.5822977290250125e-30
15,1250357,1.1730497599315615e-28,6.647415350003383e-31,3.8419019524461215e-28,8.747909000869281e-31,6.0882982659549935e-28,1.0816211311234724e-30,7.910853817747841e-28,1.5054764857125842e-30,1.3028615588271892e-29,4.152782209648585e-31,3.439478295003185e-29,1.2250596574346372e-30,5.5521487045227e-29,2.424367604261129e-30,7.462119507131378e-29,2.0471362453855697e-30
16,1248243,1.949472921495138e-29,3.589484149454654e-31,3.979820379879616e-29,3.990040575849892e-31,4.9408696506625544e-29,5.4524741918137645e-31,6.375069046926818e-29,8.401643051381972e-31,1.4237541335540393e-29,3.565104621273633e-31,2.781095653106056e-29,7.665664696598223e-31,3.424619110557733e-29,8.111551629146304e-31,4.2697825268664876e-29,1.4408351974864412e-30
17,1248925,3.5281444493843214e-29,3.62592157209203e-31,7.674206577773421e-29,4.564885557501221e-31,1.0139041225610975e-28,6.238432815393693e-31,1.3728774449472278e-28,9.019375285901944e-31,1.4575292794576458e-29,5.791608960016983e-31,3.3415440975904457e-29,9.213650631984646e-31,4.2119166829515244e-29,1.3819592971509049e-30,5.531442153469775e-29,1.9180947587525526e-30
18,1249209,1.851958088776995e-29,3.5373814329002384e-31,8.755753544864435e-29,4.952765333034735e-31,1.452383859745725e-28,6.203396311451674e-31,1.8945735373415085e-28,9.021585393891467e-31,8.165247315928597e-30,3.051035143249028e-31,4.1903645099376657e-29,1.2398075104845791e-30,6.399031011398332e-29,2.53954710596066e-30,8.277691807242263e-29,2.703441716409686e-30
19,1249142,1.262126085635354e-28,6.108486983847505e-31,2.9948557875593683e-28,8.037612005756443e-31,3.7358054228985037e-28,1.0266799425266173e-30,4.45801674694803e-28,1.4381975033469592e-30,1.2320557046457046e-29,3.9375692436335774e-31,3.17546619920238e-29,7.978640708079843e-31,3.646571485398351e-29,1.084954109558176e-30,4.662367768330198e-29,1.5172882845870656e-30
20,1250464,4.435419554738774e-29,6.926312509528608e-31,1.8688012744265299e-28,6.252719396379746e-31,3.0041686023118235e-28,8.548378221775187e-31,3.8840521703013156e-28,1.2418907857319628e-30,2.402713730621751e-29,1.654217541201503e-30,8.96912110990552e-29,6.031781010607512e-30,1.471063857260668e-28,6.586889873813003e-30,2.097996056619564e-28,1.1334974806496617e-29
21,1249939,1.3182714628421395e-27,1.0056686579848213e-30,3.57570317169107e-27,1.2110580440059632e-30,5.816233228161325e-27,1.6811150983863116e-30,6.855387180251759e-27,2.2362248727948645e-30,2.476482902612516e-28,5.487063165552649e-30,6.844388869370428e-28,1.565908810715809e-29,1.0038028175887446e-27,2.6809532450175675e-29,1.2697471187388849e-27,5.000388179860017e-29
22,1249371,1.0332693307822062e-28,5.97662662787688e-31,3.116670776424565e-28,8.234170114398625e-31,4.661944774663144e-28,1.0001966856274268e-30,5.936303946719568e-28,1.3846205007624917e-30,2.5492450646416886e-29,8.435624185772919e-31,7.988098091457225e-29,1.9881994504288583e-30,1.3026513117552855e-28,5.350906454897325e-30,1.6992297333715946e-28,5.1516432710552994e-30
23,1249956,5.421571631497927e-29,4.868699046845493e-31,2.333147974704688e-28,6.828883147854782e-31,4.284013090550216e-28,8.552961500158551e-31,5.603621436803908e-28,1.2385234574189743e-30,1.694864911010042e-29,5.878388785405599e-31,8.792746634290134e-29,2.597170110538465e-30,1.509426521048538e-28,5.988228110747243e-30,2.106386012452985e-28,6.872889063301709e-30
24,1247420,2.111323582628013e-27,1.6039093145400854e-30,5.040725910938259e-27,1.4354372790882282e-30,7.722569333201143e-27,1.985502585822422e-30,8.216580538927169e-27,2.724620998413824e-30,4.098449628575821e-28,3.3374491584849935e-29,9.73920557698194e-28,3.598055572793766e-29,1.3260862443204802e-27,5.200360078781933e-29,5.145363479745778e-27,4.106930918604367e-28
25,1247537,6.317953704327272e-29,7.06214753267387e-31,1.471110541793605e-28,6.517094739651676e-31,1.9254964574857342e-28,9.210637946835993e-31,2.3672351408537344e-28,1.3757003472422762e-30,5.476895270922e-30,1.6328812701113036e-31,1.1716811223985969e-29,6.039470275493529e-31,1.4477800450568314e-29,3.1099942751447987e-31,1.7321431266137573e-29,4.738948022496902e-31
26,1247217,4.878747886997794e-29,5.459462450830492e-31,2.348506640702443e-28,6.670604710083481e-31,4.210480448006811e-28,9.270247322085175e-31,5.804004153732474e-28,1.2966232598626434e-30,1.6578940555419408e-30,1.2797951212483963e-31,7.139178417200577e-30,3.078898170766373e-31,1.1801053498783265e-29,2.5697919198665277e-31,1.9120283018013988e-29,6.902442936730196e-31
27,1248936,4.737537835068881e-30,3.0058749812477077e-31,1.1245693832050861e-29,3.6551750191241056e-31,1.5344778389182761e-29,5.238383314724393e-31,2.0268058112102526e-29,7.405254305252978e-31,1.5992169656580818e-30,1.3903220974206504e-31,4.564936725701768e-30,1.4522783128292316e-31,6.485369059603172e-30,2.4097352614128127e-31,7.671470972158843e-30,3.385581720024608e-31
28,1249137,1.491671998048504e-28,5.454535200266727e-31,2.8553337870504543e-28,6.5034744234377455e-31,3.982873272012731e-28,9.285513904637076e-31,4.270087495951936e-28,1.235692906238156e-30,7.134784855486307e-29,2.2070032649172483e-30,1.3165876801538795e-28,3.5795583467784346e-30,1.7730334090511083e-28,4.042847552234224e-30,1.966887812141783e-28,6.2816349513455074e-30
29,1248039,2.7695687784476324e-29,3.4976906269305944e-31,6.838412447442124e-29,4.565191139147385e-31,9.76510800939371e-29,5.771384407830167e-31,1.2245380280288512e-28,8.18773512527724e-31,2.2380237752757409e-29,7.16504969346884e-31,4.9986165616134826e-29,1.1722027576489224e-30,7.16646545029627e-29,2.113505149445428e-30,8.929239512494162e-29,4.372661898954581e-30
30,1250532,2.107482558017361e-29,4.4983233248552e-31,4.5899484154288716e-29,5.491616117057295e-31,5.824150980656673e-29,7.471479281134784e-31,6.64637551612603e-29,1.0655666813561042e-30,3.9869392409555144e-30,1.5026330826246824e-31,1.0251240372357555e-29,3.486051549934378e-31,1.432981264891361e-29,7.371892461532031e-31,1.6367177642771773e-29,7.085441459481348e-31
31,1250017,5.818381992834003e-29,4.737959543434291e-31,8.87793895609385e-29,6.579975531442465e-31,1.0617443761178246e-28,8.120225060090405e-31,1.1679101688389406e-28,1.270270884815284e-30,2.0540345794943245e-29,3.962418920698861e-31,2.9624299334057904e-29,7.78943886232292e-31,3.797550094966404e-29,8.721213323829812e-31,3.9995692229534565e-29,1.2216267805648611e-30
32,1250578,2.1970351492795013e-28,4.329601143901299e-31,4.645040777629815e-28,5.490530928229026e-31,6.6404441114183115e-28,7.121492317550811e-31,7.517509847599556e-28,1.009433285273224e-30,1.386604718113268e-28,2.8229527054765117e-30,2.790986829520563e-28,9.0401043221145e-30,4.003293996337651e-28,1.5381216140066386e-29,4.585666195411163e-28,2.2045750309007825e-29
33,1250435,1.3826703452115493e-29,4.604940471301302e-31,5.74016084992977e-29,4.6794744298589476e-31,8.232706134814421e-29,6.1844628452802885e-31,1.0576970343697116e-28,9.013670261033363e-31,2.920824769675917e-30,2.1023902176231247e-31,6.547392877457602e-30,2.506528855033096e-31,9.516877763258469e-30,5.351824854735024e-31,1.2843622174765793e-29,8.223660969979041e-31
34,1251552,1.683943558615818e-28,5.230628103470075e-31,3.3054435907289597e-28,6.385231664036169e-31,4.011913041949745e-28,8.387827045753857e-31,4.790884576415467e-28,1.1481888844843669e-30,2.775524636204178e-29,7.0213710373935605e-31,5.087548387972216e-29,1.3796753334902606e-30,6.557729334442174e-29,3.427861278675275e-30,8.306000154268115e-29,3.7214363827136854e-30
35,1251600,2.298559820542068e-29,2.466698462575049e-31,1.1159018466225423e-28,2.368595429051876e-31,2.506270669893708e-28,4.522351048690747e-31,3.258376939131752e-28,6.011729914095091e-31,7.022334698325002e-30,1.7740678343760451e-31,3.523425560562954e-29,1.2113182156492629e-30,6.698776147711017e-29,1.5158613034786571e-30,1.021552576989303e-28,6.1452955645623275e-30
36,1249970,3.173741753104992e-29,3.64395840674058e-31,5.667436457489221e-29,4.449684136541532e-31,6.82263494543139e-29,6.898549171600383e-31,7.768056525850256e-29,9.471856781270823e-31,1.6378566525501106e-29,5.12437936013224e-31,2.647352249428953e-29,6.7416987709397886e-31,3.304938828233517e-29,6.933850701722511e-31,3.940123750027597e-29,1.0413749503500942e-30
37,1251381,5.494172907817646e-29,5.87895133829566e-31,2.354203692777786e-28,7.947232404925879e-31,4.063103609430796e-28,9.357341772875618e-31,5.760442155228741e-28,1.352115105914449e-30,5.1341909181306815e-30,2.1997462644414487e-31,2.3002449884019897e-29,7.58638250430104e-31,4.078795327330587e-29,2.28606670509256e-30,5.635675810009466e-29,1.9139481860811724e-30
38,1251536,1.167037776678488e-28,5.345649655208133e-31,3.0313349823216833e-28,7.158166396355327e-31,4.720548626876198e-28,9.455428108802482e-31,6.1462917184031285e-28,1.3370056157281906e-30,5.7030425730606385e-30,2.0284599671029122e-31,1.4516723834292025e-29,3.5589696817991046e-31,2.2097060209588965e-29,4.257721188767729e-31,2.8272419689110965e-29,1.386203751532592e-30
39,1252449,3.1345150912605085e-29,4.212675627152067e-31,9.024968022920731e-29,5.202210335537487e-31,1.3250009677362322e-28,6.827902800335834e-31,1.7982940614525411e-28,9.08595119365203e-31,9.545220693919428e-31,1.2783537304745586e-31,2.5551773723762626e-30,1.1445258592818918e-31,4.750088290747459e-30,1.921632356557804e-31,6.06478866102817e-30,2.844833051693821e-31
40,1250925,3.7256677188503e-29,3.1852298020275647e-31,1.8064761685893474e-28,3.037111334955588e-31,4.171412950735051e-28,5.831132965805788e-31,5.486806736298297e-28,7.610527990720703e-31,5.174708550356649e-30,1.531539841852993e-31,2.495864443471989e-29,1.2928368908007416e-30,4.5693287232365627e-29,1.6716652117521658e-30,7.714162976720124e-29,4.9386044590263456e-30
41,1251436,4.623699460864712e-29,4.585744944764071e-31,1.0966510227687294e-28,5.846685886315633e-31,1.6073355058943926e-28,7.000546494041504e-31,2.096029083973678e-28,9.740692859751951e-31,6.690358084584882e-31,1.1241632457988292e-31,2.6543194913059558e-30,1.2596701821950248e-31,4.8870118298554794e-30,2.4565309159303607e-31,5.9090786872050745e-30,2.7661232635538607e-31
42,1252364,5.77892985159869e-29,5.10514062799595e-31,1.706038746215989e-28,6.8386503002147295e-31,3.0127612145555343e-28,8.835218275559103e-31,3.5729622741765086e-28,1.2687238062871085e-30,2.0506424578625877e-29,8.746886944989899e-31,6.510419137081649e-29,1.7373450118697825e-30,1.0880851184894159e-28,2.8014423983628183e-30,1.298435532272103e-28,4.221761370016525e-30
43,1251390,4.121872217839508e-29,4.7187945362430216e-31,1.7849730102238807e-28,6.85630370332087e-31,2.929070237735469e-28,7.836864967681621e-31,3.9651666559701262e-28,1.1258616259699677e-30,1.3403517681705254e-29,4.259347291029554e-31,5.879038443839454e-29,2.5840444947455808e-30,1.0186539626092283e-28,4.116203510544116e-30,1.3355273560448371e-28,4.0857359871569786e-30
44,1250912,6.908301192976906e-28,5.376580206736105e-31,1.4691054485889269e-27,4.743324543136099e-31,2.2441536305369847e-27,8.664467793372656e-31,2.4836551211001176e-27,1.134202752341756e-30,1.4646678715096655e-28,3.281416958868056e-30,3.909172838649641e-28,1.9504165476793839e-29,5.5917447281283515e-28,3.201022833404025e-29,8.545990817540766e-28,4.275520893590798e-29
45,1253474,7.45078305207764e-29,8.829619926822288e-31,2.803588683777064e-28,7.803626250799072e-31,5.059973155405521e-28,1.1449529396305734e-30,6.648582702555789e-28,1.6352813880494343e-30,1.3881358566499333e-29,5.4713368875019615e-31,5.120689849673808e-29,3.875560728620901e-30,9.413158739956791e-29,3.3916422986221284e-30,1.3206073687669484e-28,8.954700121235812e-30
46,1253029,9.997976184526599e-29,6.248438798579373e-31,2.594194565400325e-28,9.304330552218608e-31,3.880671407558219e-28,1.3357350729322384e-30,3.2076602063341965e-14,-3.6237361491415177e-12,5.0748114115266334e-30,2.297945830516764e-31,1.2792047777551612e-29,6.453548656548601e-31,1.927892857157057e-29,6.076261489678152e-31,2.5519781079500683e-29,6.571354098319181e-31
47,1252829,5.162672897100475e-29,9.356215994798093e-31,2.3109474928237807e-28,8.444369676631925e-31,4.066873414230942e-28,1.2340412945087324e-30,5.567600711667829e-28,1.7507094666674244e-30,1.2471893902285825e-29,7.357245311745165e-31,6.132604214992485e-29,4.1056482477912734e-30,1.1243562291785255e-28,3.2952184688093564e-30,1.776412941485678e-28,9.709339495613381e-30
48,1251975,1.280008170741573e-28,6.914806054221781e-31,4.427145562503113e-28,8.752234229902669e-31,6.915068425380908e-28,1.090465315180634e-30,8.972661875533586e-28,1.5112195664665083e-30,3.0393114196696404e-29,8.233662701909703e-31,9.769675076933223e-29,2.450363869494516e-30,1.5164616303359014e-28,2.431543353341233e-30,2.2055409095476155e-28,1.2495698358838707e-29
49,1253180,8.048345983888397e-29,2.92411318389941e-31,2.659808229290625e-28,3.2431189803147103e-31,4.1803649376194555e-28,4.836133259265e-31,6.086079195589662e-28,7.829721582368761e-31,3.036353450251684e-30,1.89320883147464e-31,9.448338948550155e-30,4.689216080194146e-31,1.4059924205146128e-29,5.217929400268841e-31,1.9937066738319607e-29,1.2280992669933028e-30
50,1252142,1.234160484804826e-29,2.6976060157002133e-31,6.503563720630623e-29,3.7687207627404342e-31,1.409750916134398e-28,4.862069003405775e-31,1.9308621651086345e-28,6.967958872266817e-31,4.4949207493734005e-30,2.0844900216845485e-31,2.337786657807545e-29,8.095172347668291e-31,4.884692365880285e-29,2.022729956123621e-30,6.822377127203278e-29,2.0294015527576453e-30
51,1253572,2.1318688488197658e-29,4.315482937713472e-31,5.167463478968992e-29,4.981960650376794e-31,7.137342641347973e-29,6.561731562313758e-31,8.064538020017186e-29,9.543869926529593e-31,5.4583224384057896e-30,1.3888752031703584e-31,1.4889571685205048e-29,2.3896469917768e-31,2.0275188660112088e-29,5.86859093269319e-31,2.622358758756326e-29,1.3682484992072784e-30
52,1252970,7.242660502964905e-29,3.4605626205251312e-31,1.7563238105542886e-28,4.789598681959588e-31,2.6332402980653123e-28,6.693862574624837e-31,3.617747165675217e-28,9.308647483368893e-31,1.802426925320983e-29,5.616571848113028e-31,4.321343509925858e-29,1.4536822171784408e-30,6.086261025419715e-29,2.3625688130734316e-30,8.912546521969907e-29,2.2981950914551428e-30
53,1253046,3.225745713178457e-29,5.012953717719631e-31,1.495559543911429e-28,7.207809884235693e-31,2.5354077471906504e-28,1.0415673434532856e-30,2.9670879081828643e-14,-3.6237361491415177e-12,1.4642252315390292e-30,7.751460868294144e-32,6.256607721692522e-30,1.4884454498217624e-31,1.2040720143489987e-29,6.441553076289196e-31,1.414601662202297e-29,5.893810204618057e-31
54,1253243,1.876907954342536e-29,4.839279605580522e-31,9.016625431117988e-29,6.0505034164770416e-31,1.926138801375046e-28,8.085020372232312e-31,2.719507387326545e-28,1.1890309133697743e-30,1.3597240377412951e-30,9.115046508132011e-32,5.746479177973769e-30,1.5424339227891462e-31,1.0784542536802182e-29,3.323720403050577e-31,1.505246641250511e-29,5.904935765604253e-31
55,1254746,5.474835232999042e-29,1.2456387042200625e-30,1.8296317834852626e-28,1.6175942184484534e-30,4.118190492031495e-28,2.1488867093237203e-30,7.961973510715801e-28,3.157159315022855e-30,7.493441235229542e-30,2.9729977952204947e-31,1.914011438522209e-29,9.408674692334199e-31,2.628659698863393e-29,1.3304421560080671e-30,3.378063077451604e-29,7.591564224043419e-31
56,1252751,2.4991775735435745e-29,5.660215723619779e-31,1.128624173185079e-28,7.466237558364892e-31,2.2154328278491947e-28,9.18311834970701e-31,2.95532924120708e-28,1.3696197965339806e-30,9.526109328228067e-30,2.434459304607602e-31,4.032430771369619e-29,1.331507515258848e-30,7.904572534718602e-29,2.3359689535009545e-30,1.1013550246086752e-28,2.7373707862740002e-30
57,1254000,6.51442523380183e-29,4.714507618665359e-31,1.6517412431391235e-28,6.562395972256654e-31,2.370999126220858e-28,8.984609230677333e-31,2.805960719420849e-28,1.2834782314260398e-30,1.03897185345036e-29,3.073359999087388e-31,2.8611212036527305e-29,1.56331941477226e-30,4.2506830213230254e-29,1.6059868877847617e-30,5.314643283912788e-29,1.874296062368245e-30
58,1257102,1.6638110567978084e-29,3.1754804668277544e-31,4.2414701423694136e-29,3.662323488085668e-31,5.745123216236894e-29,5.3116310632691955e-31,7.012531890596145e-29,7.4468058678407825e-31,6.287688967753456e-30,2.093987634572672e-31,1.3959362404417928e-29,3.2183776595702104e-31,1.8675843224994923e-29,4.169365176690448e-31,2.3739463337501642e-29,9.019373960387677e-31
59,1253119,3.629717137621734e-28,1.0372128838708874e-30,1.2555761565689684e-27,1.1752344787774341e-30,1.9857648067404128e-27,1.69755568870435e-30,2.4215241614216488e-27,2.382604200966017e-30,5.944589589021109e-29,1.0838076213924097e-30,2.2088931819035566e-28,8.196534242424309e-30,3.7254815655409213e-28,1.1228259356006162e-29,5.18361639202824e-28,2.162953244933476e-29
60,1259246,8.644657527838122e-28,9.302894632402604e-31,2.3354820222446783e-27,1.2373731463980989e-30,3.622514573319159e-27,1.682227766933226e-30,4.425873196845826e-27,2.4422181557945413e-30,2.620153175132312e-29,6.499653673068101e-31,6.771115431685831e-29,2.8704179927817263e-30,9.961750491655831e-29,4.8075365310483074e-30,1.2798432819338435e-28,3.602886231608207e-30
61,1260000,1.3546422705390992e-29,3.2958710620071117e-31,3.8774430138338875e-29,4.827768956493058e-31,5.75781814584013e-29,5.674752896114173e-31,7.055834561531813e-29,7.978644791182449e-31,4.4203683127081934e-30,1.4918033065505267e-31,1.1229697299900658e-29,3.698483208630747e-31,1.5971078567607234e-29,5.614176721647281e-31,2.051822691867028e-29,7.993915232762353e-31
62,1261579,3.202423398837905e-28,4.881841937443947e-31,1.1902694059761242e-27,4.570059928054004e-31,2.0080719140825604e-27,8.391397928207003e-31,2.344509478607805e-27,1.1159121553529738e-30,2.6623807625018307e-30,8.475014543822214e-32,7.704823678472337e-30,2.70111059788252e-31,1.1966723850806473e-29,3.5395088006510795e-31,1.7314690097566005e-29,9.410977303292362e-31
63,1257144,2.565321883379825e-29,3.725562788465925e-31,7.130576928176202e-29,4.518468380377189e-31,1.0070040550918849e-28,6.329294406821016e-31,1.1434867066876327e-28,9.180691484063553e-31,7.4007669261499e-30,1.987114050079867e-31,1.7387935772767472e-29,8.642068250361922e-31,2.4230628266934668e-29,5.722997144584082e-31,3.0640117278001785e-29,1.0695946435309426e-30
64,1256764,7.189294331644288e-29,5.6409094565667945e-31,1.903169857617057e-28,6.883043304121937e-31,2.907910561204453e-28,8.680161908184782e-31,3.481324890262588e-28,1.2145870985144177e-30,9.285516883299362e-31,1.1320710538288046e-31,3.42898383490947e-30,1.0902432061350744e-31,5.387470626875535e-30,2.167551723690666e-31,7.422854252110749e-30,3.2119936739027133e-31
65,1260107,2.1405522073535786e-29,5.8185139114913245e-31,5.406482482638942e-29,5.370145680171232e-31,7.49474415637982e-29,7.792758762381069e-31,9.377657689107204e-29,1.1668531221872254e-30,5.9512741095463325e-30,2.634098081390258e-31,1.5943195076147004e-29,6.677224484177665e-31,2.364273624023253e-29,6.648830882063291e-31,2.719226134096688e-29,1.0031543389496564e-30
66,1264068,2.578324294337377e-28,5.861457591648908e-31,4.989888917294007e-28,7.150430460700425e-31,6.207078486252243e-28,9.276416963244684e-31,7.571436123217665e-28,1.4134289710406262e-30,5.50964602269718e-29,1.1563090275641912e-30,1.0628394388134143e-28,1.6349840623909426e-30,1.215239745083135e-28,4.7328957719415415e-30,1.7669759624733522e-28,6.1374186057167775e-30
67,1262181,1.1297144260728548e-28,4.797974598036248e-31,3.0043655504317e-28,6.618624018274688e-31,4.3198165187474075e-28,9.328600150428786e-31,5.416004430403311e-28,1.2829529465854976e-30,9.461750439525321e-30,3.8424441532940296e-31,2.484421022210269e-29,1.4718470835900709e-30,3.492733920548744e-29,1.1664625007384402e-30,4.621297798789921e-29,1.5174724378572248e-30
68,1257775,7.235912299411316e-29,2.642677561103233e-31,1.427831549153539e-28,2.910876452950781e-31,1.7222559254568232e-28,4.346906125940433e-31,2.2840825669853686e-28,7.0330203830382765e-31,3.9137071797198616e-30,2.4184362179987627e-31,7.387036277671194e-30,3.671373492724685e-31,8.756948495136233e-30,3.261643781955979e-31,1.1474164532447067e-29,7.083780128496241e-31
69,1253101,2.3786550233083162e-30,2.3375989582587223e-31,6.825036442354135e-30,3.118713245213027e-31,7.478964613466097e-30,4.57344910321129e-31,1.0837829483494668e-29,6.342744236025345e-31,2.3114122585240125e-30,2.7973335825477606e-31,3.983074910285689e-30,1.6310641428980562e-31,4.672729612203286e-30,1.7317860128949503e-31,5.3922065669910724e-30,2.5236629884454344e-31
70,1259412,3.22562201017757e-28,4.6199545770879375e-31,6.839800253599497e-28,4.462715695758341e-31,9.32020713655357e-28,8.115527358091288e-31,1.0844790695804531e-27,1.0954496725365058e-30,1.938997363622073e-29,4.179461643905042e-31,3.682451572508e-29,1.8453703882452083e-30,4.353439634561029e-29,1.2442476387335252e-30,5.893818020268191e-29,2.5543906676514473e-30
71,1260159,1.1517394966723302e-28,1.1306033683882891e-30,4.5739165811267135e-28,1.0670021834835391e-30,7.694875197751929e-28,1.57211608013518e-30,1.0149667342270164e-27,2.2742110349089696e-30,4.100657738250174e-30,2.280775944676053e-31,1.1951565346012141e-29,5.748887689350065e-31,1.9832735481977597e-29,9.217985711909305e-31,2.3801056153782687e-29,9.50310250280802e-31
72,1263291,1.0115157341395306e-29,3.33553647120521e-31,2.0664350129309237e-29,4.558373359836254e-31,2.2815785556500318e-29,6.0615505507671945e-31,2.999358104419824e-29,8.971111198949813e-31,3.9984222309075665e-30,1.6599045816868723e-31,9.060025381922953e-30,3.1551211082115914e-31,1.1445425961431384e-29,2.4339825326854472e-31,1.5696549767625465e-29,7.792713131261358e-31
73,1256680,3.028251392286444e-28,1.1093395938361122e-30,4.832781718005273e-28,9.50472678557552e-31,5.582432134264723e-28,1.295984671777829e-30,6.262024242808543e-28,1.9651281782656797e-30,4.6167710202448964e-29,1.291801316589049e-30,7.5581223839563e-29,4.0588965774575965e-30,9.969811479464761e-29,4.1280815941588624e-30,1.191574025739637e-28,2.728115273588564e-30
74,1259511,2.322551688662052e-28,4.656837640433665e-31,7.753302634019696e-28,4.659720262240639e-31,1.2135036905228546e-27,8.480248780228378e-31,1.4945444226485259e-27,1.1019256902801917e-30,1.0368956269955789e-29,2.276234282621094e-31,2.785272296660408e-29,7.029319458136607e-31,4.0996200766596193e-29,9.508891522806112e-31,5.259177468211765e-29,3.668280057664757e-30
75,1262131,3.5785175494820265e-29,3.813415245372305e-31,1.366874515353314e-28,5.243861262489942e-31,2.242023528816449e-28,7.623989953779207e-31,2.854023389990469e-28,1.0927597299572711e-30,1.4473527464685625e-29,5.918651141293304e-31,5.497571927075553e-29,1.81595186766546e-30,9.088080061646707e-29,3.0733678585722804e-30,1.1747831262740112e-28,5.3660325829831325e-30
76,1258940,1.405779813307046e-28,6.6744822032640355e-31,4.685535935046022e-28,8.769321321484212e-31,6.909820632307423e-28,1.1630971139541096e-30,9.16518934190926e-28,1.8301621786657206e-30,2.1586677312992682e-30,8.889087987007469e-32,6.456675489417702e-30,1.873465301287701e-31,8.49627119941282e-30,2.4624318340209037e-31,9.764038250356962e-30,3.2584898651675443e-31
77,1259352,2.3372608526432927e-28,2.5491353086840004e-31,7.281702224587844e-28,2.673762853749104e-31,1.0048425277157766e-27,3.790569196717085e-31,1.3333232291944426e-27,6.7987771785879256e-31,1.534123099478784e-28,4.205703085634421e-30,4.206232383590241e-28,1.1813948382705921e-29,6.18473981684647e-28,1.4578469678796757e-29,8.666736442003487e-28,4.99762597741846e-29
78,1264631,7.102161710211028e-30,1.8972487013389103e-31,1.3527160311210026e-29,1.8673843688239955e-31,1.8436596704045626e-29,3.059160756725223e-31,1.8722403998558247e-29,4.632498906104075e-31,2.2720514288641875e-30,5.870263927058517e-32,4.6813952505221965e-30,2.2274227287373358e-31,5.930006992655379e-30,1.768656437455839e-31,5.6242064124190526e-30,3.2297471134582604e-31
79,1276513,1.4928695605032252e-27,1.5023606788534132e-30,3.7625519122025206e-27,2.0600105803001643e-30,5.6251989864963946e-27,2.3112631623859224e-30,7.505089235607295e-27,3.321435462094702e-30,6.3826490511197355e-28,1.4036851919646307e-29,1.634640597092915e-27,3.20500552347732e-29,2.7985679592217235e-27,1.924071182636485e-28,5.39406680375832e-27,2.1319840382345953e-28
80,1257016,6.659467154189525e-29,4.8761186615045475e-31,1.429811575840317e-28,6.165009875983884e-31,1.8187819412328542e-28,8.029238693808798e-31,2.324115085646294e-28,1.1798224014170208e-30,2.2652922071605989e-29,5.787984780248174e-31,4.8192578980987575e-29,1.4287947142630881e-30,6.098633400445238e-29,2.0718379295333368e-30,7.991200306177044e-29,3.1445565766612564e-30
81,1277715,4.943693574257091e-29,3.350313253446601e-31,9.101539628237539e-29,3.796085654674783e-31,9.644356102784396e-29,4.982843138131089e-31,8.024242633919525e-29,9.89925287961636e-31,5.947249886968576e-30,1.4348804550022263e-31,1.1712766155517835e-29,5.1418854123972154e-31,1.3392251653135484e-29,3.4932914271897712e-31,1.4816172824521088e-29,5.5698635411874455e-31
82,1259771,8.787288854280939e-30,3.232045844540411e-31,2.0677536239744798e-29,3.944496802749812e-31,2.573479672349641e-29,5.535002026703532e-31,3.0689036620533616e-29,7.380734453984141e-31,1.2049931328134922e-30,9.490811854416288e-32,3.4644581098839266e-30,1.509211212247869e-31,4.59444588566283e-30,2.8692516750297727e-31,4.3583795869206064e-30,2.3826419634107537e-31
83,1255412,1.441397888483834e-28,6.809969081567201e-31,3.680566408289634e-28,8.853870186415994e-31,5.338645802559529e-28,1.1661071892955052e-30,6.604037682442189e-28,1.6669630945547162e-30,1.6979986741826485e-29,6.151616433876106e-31,4.4905557233455844e-29,1.5430900804152065e-30,6.505526404064347e-29,2.1195903951650287e-30,8.070965310559337e-29,3.759073159993281e-30
84,1262573,5.118986857170748e-28,9.810399110835855e-31,1.709728183615148e-27,1.3147303823481992e-30,2.588655443260512e-27,1.587404471673938e-30,3.238514951165156e-27,2.321410975648421e-30,2.910464429709003e-29,7.070400251684644e-31,8.800040616445298e-29,2.8948099497376797e-30,1.270155478293305e-28,3.7493907854989774e-30,1.695957437916608e-28,4.213639137077399e-30
85,1264512,1.3552356472580988e-29,4.605578542950154e-31,3.10992212860425e-29,5.631890738499545e-31,3.409261809095887e-29,6.7972533333983196e-31,4.1817948087090883e-29,1.0497213244089712e-30,8.129511464333628e-31,1.2574857408565214e-31,9.878999542667949e-31,1.189494953852129e-31,5.609807133355529e-31,1.3853464753584412e-31,4.290391677305265e-31,1.8086007210467967e-31
86,1279420,3.330650271173805e-28,7.4038351756773515e-31,1.100040630439227e-27,1.0643995706733324e-30,1.8475974255760422e-27,1.3874416237952803e-30,2.3479312283250543e-27,1.9496061113642882e-30,9.855174399114051e-29,2.890962794181937e-30,3.390190681653309e-28,6.744103321616259e-30,6.067804823375907e-28,1.820110498438561e-29,8.653879308551146e-28,4.912170355416136e-29
87,1279488,1.4028459750202912e-29,3.3802462044617173e-31,3.0899828835840164e-29,3.20096702569216e-31,4.4408644076707257e-29,6.2986486862108825e-31,5.142646029225722e-29,8.719739662269278e-31,1.160934379818279e-30,6.154064574223922e-32,3.6470624170251944e-30,1.6079560293598112e-31,5.034934054754558e-30,1.5392722074073616e-31,5.966759779588877e-30,2.960221430018069e-31
88,1279500,1.0549478394651436e-28,4.2851390238432e-31,2.1206750818849e-28,4.184487582339905e-31,2.870016881907164e-28,7.707233716175971e-31,3.45247584768087e-28,1.0647808727400851e-30,1.8996375800750266e-29,4.4776836345255306e-31,4.2239930308671546e-29,2.3414398583208397e-30,5.222949469065819e-29,2.005206400131296e-30,6.056839097470502e-29,2.3393929888387137e-30
89,1279501,1.3394564156433948e-29,2.623106968181575e-31,5.283906184960093e-29,2.604929401390289e-31,9.897745278043717e-29,5.088633715069731e-31,1.342554723638188e-28,6.629251361182575e-31,3.2395597038105295e-30,1.2537882737306231e-31,1.344825155976959e-29,8.880893022740198e-31,2.580102096612528e-29,9.118700956361158e-31,3.434467355263407e-29,1.4994628679364155e-30
90,1259500,4.3340567682529254e-29,3.517750235852292e-31,1.0000384622563071e-28,3.34786960391874e-31,1.4682734445050519e-28,5.728165772765368e-31,1.78980068893187e-28,8.266231889090341e-31,4.316284823137886e-30,1.1252272055626418e-31,9.959152455541722e-30,6.000124126565402e-31,1.5133401783718725e-29,4.476300659731445e-31,1.882743354385179e-29,9.502331385437499e-31
91,1264434,3.693249553906903e-28,5.3484846353643075e-31,1.1535667554922072e-27,4.982487740573681e-31,1.8316124000026608e-27,9.455123644013113e-31,2.2050926839690067e-27,1.3068027489256074e-30,7.299899929692241e-29,1.2994546020591942e-30,3.069597907809897e-28,1.7292965197414914e-29,4.7425144056458455e-28,3.45779082987973e-29,6.802692132604655e-28,6.65632801920953e-29
92,1260030,7.334200068505199e-29,6.48587034390958e-31,2.0879138882649277e-28,8.475261630815799e-31,2.993550914784259e-28,1.0705643548735702e-30,3.643376827674765e-28,1.4247981662423451e-30,5.6005612990641854e-30,2.172052946746368e-31,1.7875173479640186e-29,5.614934658234442e-31,2.2010245904236853e-29,1.0981570207519904e-30,2.8439665785591487e-29,1.104242306040842e-30
93,1254002,2.8489180910054016e-29,3.942995673250788e-31,1.4332246989582694e-28,5.861715654692695e-31,2.839674708640102e-28,8.112785120868685e-31,3.9254665834351885e-28,1.1907333186680014e-30,8.449018386221127e-30,3.31726196950557e-31,4.1623288192759156e-29,1.1314737571537537e-30,8.394644691175041e-29,1.9798484322910136e-30,1.1499482452215147e-28,2.2709640017009893e-30
94,1263715,1.659690081235722e-29,3.509971354926188e-31,2.989478138651079e-29,4.593893782600433e-31,3.4202047197269464e-29,5.636305958086952e-31,4.071314461367605e-29,8.435973042978574e-31,8.819013260811198e-30,2.433846328701073e-31,1.5979129091045388e-29,5.397865217390981e-31,1.9744668527478032e-29,6.038539094984096e-31,2.22773351530348e-29,5.880350022742863e-31
95,1263936,7.973695825460754e-29,6.052131072785736e-31,1.9348461989386455e-28,8.894978673650843e-31,2.575766482929425e-28,1.2299935206533294e-30,3.147830859155887e-28,1.814464225860773e-30,4.3894804963982334e-30,1.82067728380416e-31,1.0313455043723127e-29,2.911941135268851e-31,1.4203077044677222e-29,3.4809573889498117e-31,1.8273659186268757e-29,3.8172759863330392e-31
96,1261503,1.113904496876213e-28,6.278172579523551e-31,4.634552864633019e-28,8.295884011442548e-31,7.5816077985081915e-28,1.101739032929829e-30,9.768965705531611e-28,1.6134079648924223e-30,3.8746900030352575e-29,2.0653686166700752e-30,1.5693820427869923e-28,4.722615834897695e-30,2.631994537394911e-28,7.956558126179338e-30,3.661247443939853e-28,1.3335189303832686e-29
97,1255576,5.0802369737556565e-28,8.83325865477225e-31,1.55119121704798e-27,1.2210723371248434e-30,2.200976973277588e-27,1.5007998486242669e-30,2.6289842974663107e-27,2.07143818561138e-30,3.655509007554122e-30,1.6843020189742922e-31,9.70162766399632e-30,3.854488757575007e-31,1.2198079453748613e-29,4.113319338784155e-31,1.5571789064475694e-29,7.087091992838972e-31
98,1262190,7.743689158341016e-28,7.223446552911713e-31,1.5455950221142548e-27,1.00728632174719e-30,2.0024346635217034e-27,1.3184390137220554e-30,2.630978183100203e-27,1.856141837943783e-30,1.7286555067214638e-29,4.148255246036121e-31,3.4958777028067934e-29,1.5273393414757524e-30,4.5053215401714464e-29,1.8298026868862677e-30,4.9975075653819366e-29,1.7117516415424058e-30
99,1254299,1.8113457673613005e-28,2.0677015876291893e-30,4.517571488567946e-28,2.0553826478586555e-30,6.4742716761374945e-28,2.9800155365867304e-30,9.5182241550417e-28,4.3437550254414944e-30,1.0983681617607545e-29,2.9242793404671997e-31,4.0333759478619446e-29,2.6190696167554762e-30,7.502393569134354e-29,2.4961201774562367e-30,1.1617977289880595e-28,4.8965490099467786e-30
100,1262746,2.8389856892680555e-28,3.4542365244152682e-31,8.09844827110806e-28,3.2472074817764812e-31,1.2115493500639872e-27,5.8896279483319e-31,1.4036779061473956e-27,7.749184786387824e-31,9.471337821343847e-29,2.421832740519324e-30,2.522691361165889e-28,1.1014277330214188e-29,3.259048842871389e-28,6.118871503628373e-30,4.38363528755625e-28,2.238480261374573e-29
101,1257609,7.654930320535389e-29,2.6615924948736434e-31,2.9617886956318582e-28,3.0310753731905403e-31,5.1612789315655095e-28,4.338074042017312e-31,7.783407657580962e-28,7.268393869894042e-31,1.7340867539218186e-29,2.376319402711975e-31,6.871145586489879e-29,1.6132108286146368e-30,1.1923008330575354e-28,3.1356681379681577e-30,1.941853957473812e-28,1.0091718281087633e-29
102,1259341,1.713376596224923e-29,3.059828315676662e-31,2.8527359509674135e-29,4.069641929905932e-31,3.412060727021852e-29,5.189913041692496e-31,3.8903049481946067e-29,7.789109675813358e-31,1.2320279268829243e-29,5.436107605876307e-31,2.106305117374192e-29,1.1996763025123348e-30,2.5369609899192545e-29,7.1784479257824656e-31,2.6538526935676777e-29,8.907957277232975e-31
103,1273127,3.900606899424698e-28,7.261361842460419e-31,9.65780741478742e-28,1.0142550993719485e-30,1.4483422375013702e-27,1.3970887680392952e-30,1.9614164256037806e-27,2.02088432178236e-30,1.796290920572535e-28,4.246984740421608e-30,4.749738967038688e-28,1.3856537751580476e-29,7.230665191772353e-28,2.3623120004458002e-29,9.620164421547996e-28,4.4470573665134547e-29
104,1264106,2.460425349002674e-29,3.998239786811804e-31,1.178816331795213e-28,5.252789249747263e-31,1.959465575241897e-28,7.001030879528224e-31,2.6318777928905493e-28,1.104957090876982e-30,8.490134995008985e-30,2.082630624614142e-31,3.821771901922068e-29,9.959304018483609e-31,6.413469674044811e-29,1.624571723619427e-30,9.531130928876841e-29,2.7912607957026907e-30
105,1265089,1.821670998255121e-28,9.173642275574734e-31,5.540567725094529e-28,1.1222990972317495e-30,8.515768278647262e-28,1.4144861060280498e-30,1.0816669910206576e-27,1.978332221194538e-30,2.275765475454949e-30,1.3857973166046926e-31,8.683461674123869e-30,1.8714323095790727e-31,1.2891788488384374e-29,4.560687603586664e-31,1.5981911065005717e-29,6.4838771262538135e-31
106,1281008,1.106605343963151e-27,2.9340562003791277e-30,1.2378577751680836e-27,3.582663989918698e-30,8.720948417562969e-14,-3.6237361491415177e-12,1.3518451997395627e-27,8.753982705166407e-30,6.010354661948251e-30,1.6143940777009368e-31,1.318220265292445e-29,4.378995959467162e-31,1.7337201386681517e-29,8.405590651738222e-31,2.440612601002573e-29,1.2689310720502064e-30
107,1255470,6.398306495393387e-29,8.91162049251719e-31,2.5000724969384583e-28,8.770535850591702e-31,4.374544737000731e-28,1.2164998189352512e-30,5.874448255168844e-28,1.7479236313894695e-30,4.647265019333357e-30,1.9492644043405123e-31,1.841438061440805e-29,9.44316657829192e-31,3.399326616185956e-29,1.02949599101237e-30,4.586971950593088e-29,2.6704148096961493e-30
108,1256933,3.1388559998766397e-28,7.213895350209821e-31,7.578625988365944e-28,1.0451405862321825e-30,9.797906669474746e-28,1.368139482363218e-30,2.4591703599008252e-14,-3.6237361491415177e-12,7.369950230657738e-30,2.775823987981541e-31,1.4762507064054747e-29,3.243349000476298e-31,1.6988457740866878e-29,6.471907289011795e-31,2.33190679743901e-29,1.1629856340333305e-30
109,1262726,1.923435494309092e-28,4.9329963380346826e-31,6.906084951030218e-28,4.642527084054804e-31,1.0271838333164989e-27,8.28585876105592e-31,1.2660384319596129e-27,1.2216531130083783e-30,6.3660742462833e-29,1.3431242663555533e-30,2.820638721485892e-28,1.2331236861201919e-29,3.692013763215891e-28,2.3621988569628658e-29,5.376042108915115e-28,4.6352460865461274e-29
110,1257335,6.730005139029536e-29,3.8282491787336016e-31,1.6759675681977624e-28,5.314004763680181e-31,2.1775901610721834e-28,7.607001202884675e-31,2.949470412008441e-14,-3.6237361491415177e-12,1.0499606673321906e-29,3.152764581663651e-31,2.4543791887044775e-29,5.2939442334946715e-31,3.373046546160832e-29,9.979584669321268e-31,4.1402529539026354e-29,9.464697658480448e-31
111,1259585,2.817093638038868e-29,6.346023027976149e-31,8.433797672878207e-29,5.578217242189256e-31,1.4702261460872259e-28,8.208169723682385e-31,1.9635268960027791e-28,1.1764929368891617e-30,8.592037516746743e-30,3.4871642504550447e-31,2.432770877197936e-29,1.840878608558549e-30,4.5404069229170044e-29,1.6385687878580375e-30,6.678653969063557e-29,4.528854892058637e-30
112,1261233,3.003661453248447e-29,2.0446891467465425e-31,5.241948695970013e-29,2.207230794466277e-31,6.30056610565327e-29,3.1902608633416576e-31,6.522875219103292e-29,5.671935071951258e-31,4.5477566617076164e-30,7.08111459879784e-32,8.614012653077479e-30,1.9142719204825323e-31,1.066130570262286e-29,2.922471039293673e-31,1.183339216202648e-29,5.933642578005308e-31
113,1262135,2.3073285126974773e-28,6.718556784584296e-31,6.411782766557702e-28,8.761526403364111e-31,9.882030389278388e-28,1.1913253491192281e-30,1.2539211134073912e-27,1.6602505355688456e-30,1.3013353970173238e-29,4.5059544045094115e-31,2.7793558671466855e-29,1.4824194182982369e-30,4.185137225520837e-29,2.191465901540591e-30,5.22372194124548e-29,1.399188153464092e-30
114,1256570,4.192032188388781e-29,1.9308893711322787e-31,1.6679013382650406e-28,2.065283924576696e-31,2.6627647778660816e-28,2.971819841608209e-31,3.6990172607435863e-28,5.303911495915308e-31,2.3465714561004e-29,4.1319415116192916e-31,9.345715431591787e-29,1.6640961534378942e-30,1.460675764182513e-28,2.7276568670879863e-30,2.1574404909979844e-28,1.997434716338433e-29
115,1256505,8.287299917387809e-30,4.335435578483401e-31,4.522503811114863e-29,5.671804088142208e-31,9.633807266304223e-29,7.076010914109063e-31,1.338304304578674e-28,9.923222568392602e-31,1.3520124697404485e-30,1.0960428664456939e-31,4.9173173537218635e-30,2.0399746344465838e-31,9.121281220505998e-30,4.138711202122685e-31,1.1684253847704692e-29,3.5220044775242768e-31
116,1259006,1.3431041782363166e-29,4.120975516212242e-31,2.3440453046843682e-29,5.024114788451254e-31,3.0945539319419875e-29,6.846962084888748e-31,3.2324029074461615e-29,9.77247871332286e-31,8.685371347480153e-31,9.097022113049971e-32,1.6651193633951797e-30,1.081996420726324e-31,1.4945155759980912e-30,1.2496608469744112e-31,1.8100756183983724e-30,1.594893858930178e-31
117,1259972,7.927410367937722e-30,3.593568040602168e-31,1.730707988277581e-29,4.959846226521166e-31,2.280609902918033e-29,5.858889810087392e-31,2.1883109788045305e-29,8.319375157049886e-31,3.1252062358049595e-30,1.2916777648233474e-31,7.946583645703869e-30,2.811128137218752e-31,9.104298148461812e-30,4.886528988650021e-31,1.034406256422476e-29,4.504908796325514e-31
118,1265832,8.857247723485236e-29,5.636610063749111e-31,3.468436836891609e-28,6.458376983866934e-31,5.715345043454739e-28,9.927352025918465e-31,7.391218109724818e-28,1.3703021574928328e-30,1.3894400879172938e-29,2.812437054383544e-31,4.7433945441758106e-29,2.4864749619848882e-30,7.368012430022153e-29,2.3686689207976262e-30,1.039406719646702e-28,4.2506283739204084e-30
119,1255399,1.039246776644762e-28,5.8068557823991565e-31,3.4299777653831528e-28,7.865475023800029e-31,5.45399022201229e-28,9.806865627669411e-31,6.862012891518078e-28,1.4191620483163469e-30,3.5775084939091816e-30,1.4232800690554387e-31,9.096428670299008e-30,4.855222954222781e-31,1.3209730399950346e-29,4.749522102534445e-31,1.5423186204517525e-29,6.513039454564517e-31
120,1255523,2.2477978976337366e-29,4.835113966685258e-31,1.2659116000401682e-28,5.913043539984049e-31,2.734354549260305e-28,8.537283323628291e-31,3.884237117310214e-28,1.1050814328119716e-30,9.367892883171636e-30,8.110233909209471e-31,4.316864387349253e-29,2.530828212750251e-30,9.667157208471231e-29,2.4581884491508395e-30,1.4644221621927156e-28,5.7200917621483866e-30
121,1264499,4.0094900761970065e-29,4.877612958950633e-31,1.966399554036441e-28,6.180201338633626e-31,3.449182843162833e-28,7.724827520459157e-31,4.499913311389251e-28,1.1037417824792971e-30,1.2554039271559045e-29,3.2021539058413247e-31,7.242075820716922e-29,1.322961015400476e-30,1.2760122860618271e-28,4.1714963845759086e-30,1.7478747831692876e-28,9.227467594918542e-30
122,1264039,1.9996113742713613e-29,1.7432021308314624e-31,4.4485015134266976e-29,1.9150129347277304e-31,5.169825030441183e-29,2.7300603313376343e-31,5.94120831035638e-29,4.9486376998447935e-31,7.254617899034871e-30,1.4113425829936644e-31,1.447352079905605e-29,2.646809226318265e-31,1.661907538072042e-29,3.343012462421726e-31,1.9458369088241757e-29,1.1513390188790474e-30
123,1258309,1.4925595890167008e-29,3.6466895653350632e-31,3.119080598364739e-29,4.294961746073553e-31,3.6883138079441617e-29,5.317635003785557e-31,3.8259277123519147e-29,8.511427773622086e-31,6.577316424491712e-30,2.6794353963093805e-31,1.5650960715525508e-29,4.259127644807477e-31,1.8362783016163717e-29,3.949356650713265e-31,1.861457306445349e-29,7.900976484477878e-31
124,1260050,1.540556927848915e-28,6.7156260311741075e-31,4.652748479877025e-28,9.242223167863454e-31,7.1487384067085395e-28,1.0816788061873756e-30,9.144394317273756e-28,1.5232588171502485e-30,8.365686919703841e-30,2.4298706866538517e-31,2.13838888133631e-29,3.665703602698446e-31,2.8977307311114444e-29,8.630852195453743e-31,3.9458572910448667e-29,1.342384172009922e-30
125,1257022,6.895514497241097e-29,5.220559533249334e-31,2.280981751986828e-28,6.5123694415469124e-31,3.782202200727118e-28,9.400941193358173e-31,4.993595638811996e-28,1.3195660467466547e-30,5.122535396976247e-31,1.6011795645183382e-31,1.7260755212703213e-30,1.2670813180840474e-31,1.7500290040658193e-30,1.4484093241629266e-31,3.050128007836553e-30,1.9589415492164982e-31
126,1262550,2.510481117914719e-28,7.067889771943091e-31,5.865625689446313e-28,9.484121959526005e-31,8.609455437088189e-28,1.1775656980052089e-30,1.0174602334399464e-27,1.7006425080930936e-30,4.4938215281854317e-29,9.556779987179656e-31,9.908438766756963e-29,5.122145254270885e-30,1.5004535758091132e-28,5.1218279731607854e-30,1.7409773606889714e-28,7.087761658407445e-30
127,1266830,4.366417949725162e-29,7.030237775479285e-31,2.076845628238854e-28,6.64920154838725e-31,4.153045722732571e-28,9.358804769670958e-31,5.5161402627248595e-28,1.3773295828154994e-30,1.3424355956447576e-29,5.743434137218726e-31,6.054183642881018e-29,2.979094645173395e-30,1.2527749068082518e-28,3.437004429346253e-30,1.8479080556850786e-28,7.033598807505336e-30
128,1263273,1.0887117110544344e-29,3.0326720711995603e-31,5.154396351594873e-29,4.0974825551574665e-31,8.929316719840236e-29,5.228648698372924e-31,1.2599310264895336e-28,7.8174725627837295e-31,5.424505658986505e-30,2.508705135479501e-31,2.3884965895626038e-29,1.3597667718191833e-30,4.186206878047957e-29,1.1619370395031946e-30,6.326776552987367e-29,2.0844298512894282e-30
129,1255008,7.160652728933082e-29,5.535095080725837e-31,3.448746563231656e-28,7.32500756446556e-31,6.372530073231209e-28,9.634831685374462e-31,8.269511401478058e-28,1.4033591853664887e-30,2.024655011408281e-29,5.505512529975046e-31,1.0572672962195043e-28,3.0405092393463177e-30,1.9269103762012046e-28,5.716681573916469e-30,2.682955582058958e-28,1.016100580413654e-29
130,1258330,1.9524740496179518e-29,4.537994607916612e-31,4.608173685796001e-29,5.458117188106757e-31,6.157408499822977e-29,6.787511702269143e-31,7.357417785320603e-29,9.80271907444414e-31,2.6326521813870235e-30,1.1597982730026291e-31,7.343773436902312e-30,2.2292257263045944e-31,8.318522587069881e-30,3.5309837622659847e-31,1.0396742307140997e-29,3.9401509564944117e-31
131,1276546,1.3813820382093014e-29,7.214398451854029e-31,2.68233740673551e-29,9.122773435008776e-31,2.965037271663177e-29,1.0876604047634832e-30,3.6508895995596106e-29,1.5704812175289612e-30,3.7641416281407005e-30,2.2610153255895807e-31,8.368721022317426e-30,3.334096071101063e-31,8.915699054498923e-30,5.3899474476017805e-31,1.0202579848526712e-29,5.460542206290202e-31
132,1263893,2.183379899147793e-29,3.191490003762393e-31,4.817457765951906e-29,4.610604294756671e-31,6.087973663895347e-29,6.4868629901833886e-31,3.264246745518161e-30,1.0475241449372857e-30,1.0810631689289833e-29,4.1329267736578345e-31,2.1906942903613925e-29,4.2733958094592615e-31,2.71308200228551e-29,6.996586009758636e-31,3.348650730015813e-29,9.761894892490612e-31
133,1258422,4.0454566455769705e-29,2.774704861361239e-31,1.1007605591462714e-28,2.7128678534686044e-31,1.7695948535799103e-28,4.505710592559754e-31,2.2128007098332274e-28,6.6938609243467804e-31,1.0852653629814626e-29,2.125554198227733e-31,3.011113327109949e-29,1.4161542451724269e-30,4.109822915875144e-29,1.1849122236756073e-30,6.114538535104246e-29,3.4262902687295784e-30
134,1255487,3.657363357662881e-29,5.209729010834026e-31,7.74404869648447e-29,4.612206897931483e-31,9.927861713995091e-29,6.460963049552658e-31,1.152194951428511e-28,9.615515749167583e-31,1.3679124896087342e-29,4.24850745765016e-31,2.8679933646428304e-29,1.5917371503398132e-30,3.6220102784277187e-29,1.1216228718401573e-30,4.4881776220957557e-29,2.971041450468123e-30
135,1259538,1.7048739699808045e-29,2.173599185051313e-31,3.591215192475292e-29,2.3182099010639e-31,4.4017589487719604e-29,3.777799528572694e-31,5.086678476163795e-29,5.523897927590699e-31,1.7713833039735232e-30,6.497997253651867e-32,4.286106133058406e-30,2.20844292522887e-31,5.3309056976920215e-30,2.640279086915937e-31,5.439664617992382e-30,5.143297702056792e-31
136,1260058,2.3806191627614179e-29,4.075867077694596e-31,6.533298391936171e-29,5.4734988615164455e-31,9.950873286394715e-29,6.869967008176845e-31,1.2831888232205928e-28,1.003341496749916e-30,9.93664132843812e-30,2.394590486226544e-31,2.6800321893679287e-29,1.3867120282067289e-30,3.8970088450344285e-29,1.3362553910203708e-30,4.865249227746269e-29,1.9861700578695945e-30
137,1255312,8.294650036064103e-29,5.5777402218764985e-31,2.826865919286374e-28,7.245299472808554e-31,4.5102183327920885e-28,1.0006994199354714e-30,5.625338584300073e-28,1.4807398013339957e-30,1.2069112537853835e-29,3.2331347165386074e-31,3.91473447892869e-29,1.0474678209958923e-30,6.178658218848093e-29,1.185187637839668e-30,9.085341223273487e-29,3.126725763813564e-30
138,1263930,2.7818534810858e-28,1.93775916196702e-30,4.796327447438054e-28,2.67081290364136e-30,6.021318496846415e-28,3.4447323933862e-30,9.36557758038589e-28,4.9890594395633965e-30,8.982087074372843e-30,4.022170180712353e-31,2.175161320441172e-29,7.557797783658284e-31,3.0296298817268405e-29,1.2582913265918354e-30,4.0297258938037505e-29,1.2042761566049103e-30
139,1260241,2.1752033956388396e-28,5.185196441136738e-31,7.965916197368713e-28,5.016504863217196e-31,1.325027996085869e-27,9.528785139918846e-31,1.5839303068054107e-27,1.2706952764971995e-30,4.804060153364585e-29,1.7229760992007497e-30,2.3875846963470473e-28,1.3915546553191466e-29,3.497584369127533e-28,1.6056638884127738e-29,4.412077795683433e-28,2.5790308514318506e-29
140,1263369,2.0310038373467888e-28,7.533013655228262e-31,4.563147655045211e-28,9.151791663785989e-31,6.663183627005775e-28,1.2315901318975782e-30,8.977359227722708e-28,1.83461330217344e-30,2.0220875152722568e-29,4.3462064975406324e-31,4.953941198274087e-29,8.545860192520203e-31,6.692900148525655e-29,2.095788675247284e-30,1.0132199123695172e-28,3.474450434227832e-30
141,1257040,2.339945397347538e-28,8.469733079479655e-31,6.171749620673059e-28,1.010674450591264e-30,9.170573678897395e-28,1.3800139064061477e-30,1.0994067636929842e-27,1.9978367268336384e-30,1.7821100355088725e-30,1.786415304408261e-31,4.643033875295083e-30,1.8248372040073207e-31,6.475164493260473e-30,1.90811157819016e-31,6.810713574815507e-30,2.9326170117869715e-31
142,1262267,5.734860993691186e-29,7.0086006504841105e-31,2.674006240437752e-28,8.463038001002434e-31,5.760968190732875e-28,1.2253628130532806e-30,7.797505573900034e-28,1.6361408324144487e-30,1.0459965882089017e-29,3.4586057073592517e-31,5.288025205677682e-29,1.4390007205019074e-30,1.0656739078155694e-28,2.42899374030538e-30,1.5315051520800986e-28,4.8888682825474544e-30
143,1257695,5.1624073640219315e-28,1.0511100723120521e-30,8.247273858982122e-28,1.326294723425272e-30,1.0237783390477335e-27,1.8735861394895648e-30,1.0375984587584334e-27,2.554306761406308e-30,2.6426898234724324e-29,7.261018032278112e-31,3.958165157481677e-29,9.046446074005734e-31,4.747337466690375e-29,1.664020185285139e-30,5.265643056995411e-29,2.0702724552222567e-30
144,1262016,3.67771631119897e-29,2.591616853529121e-31,7.375852360593587e-29,2.400279719389346e-31,9.263919588738423e-29,4.410258284573872e-31,1.0873801274295944e-28,6.231617102014835e-31,8.120113490192393e-30,1.9060164059925343e-31,2.0237714191945274e-29,9.276898539404954e-31,2.350344801261843e-29,6.706319307955482e-31,2.6374732331326025e-29,1.925765989145488e-30
145,1265426,3.625762090544841e-29,3.689374364255685e-31,8.035079737231475e-29,5.031381548064925e-31,9.265127369216419e-29,7.129009816467777e-31,1.1064815108031703e-28,9.591831482496744e-31,5.1625777934021386e-30,1.6586029436185312e-31,1.1480207881241314e-29,5.812935416068344e-31,1.3254146298960638e-29,4.8749291080243e-31,1.5639825933784437e-29,4.869706839069146e-31
146,1256817,6.998084733641262e-29,3.233695032343108e-31,3.29802957316239e-28,3.117198237756316e-31,6.0099575895296895e-28,5.7691706136938805e-31,7.452932230483381e-28,7.778859620579073e-31,1.7164657813638077e-29,4.708063914407168e-31,1.0101275101085148e-28,3.2670835982495875e-30,1.6247762229641083e-28,1.2558610565052912e-29,2.224053788606058e-28,2.0829010956474853e-29
147,1264948,1.4722925222029557e-29,3.717128272365375e-31,6.876035460633297e-29,4.201410665635029e-31,1.274282189553435e-28,6.195103770374856e-31,1.7364221720905283e-28,8.578826146275711e-31,5.69827683383686e-30,1.7351831493341046e-31,2.4412812684893406e-29,7.948459339786875e-31,4.425952559309051e-29,1.7855764187824808e-30,6.362462847358813e-29,2.7865247286671032e-30
148,1262252,4.291545704240222e-29,5.747110442544209e-31,9.123312441697695e-29,7.164602736138711e-31,1.1291041094874504e-28,9.779915059643132e-31,1.3081757290308823e-28,1.4188886714403466e-30,2.204416881625479e-30,1.533895678659395e-31,4.7913480354719996e-30,1.726588147464308e-31,6.0171201156626734e-30,1.6924998932071258e-31,7.099662295821584e-30,3.157452589831696e-31
149,1276034,1.596700545963325e-28,5.073465418110185e-31,4.160744177955427e-28,7.121534424088948e-31,5.778553885577755e-28,1.0122005825775296e-30,8.128803940935312e-28,1.4284715697976335e-30,7.475229732279945e-31,1.0068725331690946e-31,2.4705917069853772e-30,1.088582472010474e-31,2.570362395196693e-30,1.3745196045050376e-31,3.964809746366937e-30,2.686961768723149e-31
150,1258191,3.670001543844964e-29,5.540659911815841e-31,1.008516016395274e-28,5.266745825761756e-31,1.6270056882556191e-28,7.600900250020178e-31,2.117547323526191e-28,1.0365724041035645e-30,7.810084007484495e-30,4.934769130102614e-31,2.025925775675539e-29,1.5098665304318406e-30,3.369316497817816e-29,1.3178217291660124e-30,5.0367826819101843e-29,3.508953805531256e-30
151,1256701,2.4792293212870896e-29,5.1953474658921935e-31,1.1411438713821667e-28,5.331590956162984e-31,1.9709936763657267e-28,7.289191261684087e-31,2.657217086677673e-28,1.0586905032274051e-30,4.867316393782592e-30,1.970313917234014e-31,2.3422182892733606e-29,8.195685597621362e-31,4.0712783178012866e-29,8.058295441677273e-31,5.590642658845645e-29,3.241348977792983e-30
152,1256332,1.558959571695665e-29,2.848558509353203e-31,4.80657444330237e-29,2.918455979788937e-31,6.979623963226138e-29,5.047702349580191e-31,9.901375458182177e-29,7.095406024984103e-31,1.6235424672807845e-30,9.29237575084639e-32,5.2471458769140665e-30,2.8150620145424304e-31,7.772378804720741e-30,2.850134982646569e-31,1.1125746722203472e-29,9.26144106911109e-31
153,1260889,9.478265491451277e-30,3.625918148511773e-31,3.5685376894245025e-29,4.4279403757958095e-31,5.981011302306695e-29,6.188586567976294e-31,8.943132192893447e-29,9.107166817278031e-31,1.581883275106596e-30,9.41694260967122e-32,5.931880552285085e-30,1.9661688011733399e-31,1.0226454470319237e-29,2.622496543234441e-31,1.450769529268313e-29,6.9552126893589794e-31
154,1275873,1.1611893540423187e-28,5.6809706052733016e-31,4.589734276131946e-28,7.939608824843899e-31,7.440708585240478e-28,1.1283292984328412e-30,1.0022582905046389e-27,1.5935223558537758e-30,3.1802360645374057e-29,4.921660573544581e-31,1.3794251132697806e-28,2.7906424857668117e-30,2.347689127957281e-28,5.546553088958032e-30,3.227585396572018e-28,1.7383973695677554e-29
155,1257673,8.093622692747618e-30,2.8861283930608077e-31,1.732465919905414e-29,4.023747722699518e-31,2.4195930160604658e-29,5.522107130170867e-31,3.5646301056480664e-29,7.749454096820252e-31,2.870448121854084e-30,1.5206457613516164e-31,7.107573626510198e-30,2.264177680403133e-31,9.738348344818762e-30,2.563849016045217e-31,1.355517520164207e-29,5.452866132488474e-31
156,1263989,6.326162263124794e-29,4.0387546095606675e-31,2.450573340081279e-28,5.4818120043497e-31,4.255078347419698e-28,7.7864973751972375e-31,5.734540233971366e-28,1.1071939330645796e-30,2.4860799289407678e-29,4.552663233746942e-31,9.977189578262467e-29,2.2793100382538493e-30,1.8772026868808374e-28,6.427555767253426e-30,2.546395327658333e-28,7.490387447927869e-30
157,1278602,6.16962535224219e-29,6.8530527273912276e-31,1.8423727914317854e-28,8.698857286468065e-31,2.7919139930560224e-28,1.142984560245674e-30,4.000553625370141e-28,1.622772391806507e-30,4.255198487256997e-30,2.548340034851169e-31,1.6133283710763433e-29,5.052262407679538e-31,2.634076753042129e-29,1.3193176709215224e-30,3.865452788771933e-29,1.5311302262246408e-30
158,1258090,3.3021761125932505e-29,4.565170697835932e-31,1.3226182454061376e-28,6.344622128035181e-31,2.05349732508791e-28,7.529156741523194e-31,2.491953551036455e-28,1.0091759900373745e-30,1.5765769676805474e-29,5.1877676720062725e-31,5.892377881725353e-29,1.3145247802887128e-30,9.860445447306145e-29,4.523639183431444e-30,1.1514278112380252e-28,5.147514917484728e-30
159,1263579,3.841688135003778e-29,5.5950453544126575e-31,1.867645528503906e-28,6.845285103671413e-31,3.84010791319695e-28,9.438581568427064e-31,5.409533545741172e-28,1.42267112351674e-30,1.7223680192340667e-30,1.4296399170592487e-31,6.56689521346733e-30,1.7545658851011467e-31,1.1049565824714296e-29,3.249533460455869e-31,1.5198178834076253e-29,4.61830455849664e-31
160,1299034,1.9697260591039698e-29,4.6199437268994285e-31,1.0031730207415663e-28,6.3627599160842595e-31,1.9736975676615542e-28,8.58689752732405e-31,2.923485099335521e-28,1.2892837369848225e-30,7.266813424365502e-30,2.066933716236292e-31,3.69703664167465e-29,8.552549729597773e-31,7.273182941086891e-29,4.883095778583253e-30,1.1567714072080326e-28,5.9907470062881524e-30
161,1290332,4.9375187834365066e-29,6.5890515864468255e-31,1.0933782563517662e-28,7.221958193198901e-31,1.546896728435436e-28,1.1039568733561227e-30,2.11478063469601e-28,2.0734667006784343e-30,3.73323593612402e-30,1.06391610956458e-31,1.2115777517581913e-29,5.223781738204531e-31,2.1147006159810227e-29,5.68903361904261e-31,3.07257909826532e-29,3.0252982541664263e-30
162,1300912,6.500339296874599e-29,3.3708500121803022e-31,1.3467217742115623e-28,3.800918607382493e-31,1.6072530779550515e-28,5.571447479337417e-31,1.9828370048422967e-28,1.0537448928286162e-30,8.958245412416587e-30,2.1149612473567677e-31,2.0580114825998385e-29,1.2131400911916872e-30,2.2752685950877427e-29,6.239385188875593e-31,2.869628738954523e-29,2.6027186696231063e-30
163,1297061,1.1295500770339692e-29,3.855629770528802e-31,3.7005013048648546e-29,5.239168242545678e-31,5.823443623941988e-29,7.5253309435827806e-31,8.203673357285548e-29,1.114014067766899e-30,3.233479781135271e-30,1.2034684082036796e-31,1.0822865260528775e-29,4.64157730705229e-31,1.781660068426617e-29,5.2734537618689565e-31,2.433912856321537e-29,1.0212096479435121e-30
164,1297063,1.1738836723582364e-28,7.1088944998756815e-31,3.323474255916031e-28,9.690673173914473e-31,4.7873623290264165e-28,1.3772627978256364e-30,6.210805713076837e-28,2.0294873201013807e-30,1.7003544127427454e-29,4.7777965119258605e-31,4.879997442158697e-29,2.056153432756704e-30,7.396743305850875e-29,2.135705949253284e-30,1.0428846194054466e-28,4.3369757844659854e-30
165,1292997,1.1041712177436483e-28,5.611006770330409e-31,4.64765107454149e-28,5.48045882587245e-31,8.943531850702563e-28,9.443167866715294e-31,1.1469322819394378e-27,1.2192352229883076e-30,9.446537599078272e-30,2.9161637923944435e-31,5.192161050877331e-29,2.8771808013129397e-30,8.147557061154604e-29,4.522809552334231e-30,1.2286913843349394e-28,7.721870491625257e-30
166,1283855,3.839521837714058e-29,5.568719004080935e-31,1.4610412049457054e-28,7.276424679175824e-31,2.8643599665362207e-28,9.653520979425724e-31,4.14436645186369e-28,1.5095447225053136e-30,4.553508441455318e-30,1.6600490110707347e-31,1.9288669814810264e-29,4.666248942360824e-31,3.814605836872047e-29,1.1256437297579112e-30,5.588047269734399e-29,2.7292649144474297e-30
167,1291794,7.240328116363014e-29,4.574685013553093e-31,2.494203702337976e-28,6.1142757568404385e-31,3.9223876006706317e-28,8.470122137796045e-31,5.1989045696444785e-28,1.3313475706839971e-30,5.1254229124924884e-30,1.5637399312708964e-31,1.504926514903764e-29,4.191304981239227e-31,2.6443277777103045e-29,8.356605877951587e-31,3.26578894080934e-29,1.62938017435628e-30
168,1292650,1.0125460309721413e-29,6.196048958198273e-31,3.797410882380975e-29,6.668599701964451e-31,6.186177090489557e-29,9.242720351890828e-31,9.361941009432543e-29,1.3522405138092358e-30,1.9008865142212315e-30,1.833281484007969e-31,8.084047041013008e-30,2.8739590289664847e-31,1.6313404395294298e-29,1.0615065122197164e-30,2.621009124894211e-29,1.98222893234047e-30
169,1284066,3.198414579862845e-28,5.487599887808271e-31,4.402928185952514e-28,6.870827129595054e-31,5.072572770664485e-28,8.097523994565446e-31,7.080258693547501e-28,1.1414375164539593e-30,1.3628348261263502e-28,3.9388869292728776e-30,1.929723063471874e-28,5.2965217041316324e-30,2.1176130778285876e-28,4.7266853698963366e-30,3.1550944507405897e-28,7.087840061295845e-30
170,1289306,4.3107437984649486e-29,5.7606338317680635e-31,1.4331915459845832e-28,7.396198261342295e-31,2.630543606856281e-28,9.961630584344365e-31,3.8860455103715196e-28,1.5106873930053502e-30,7.525735127906779e-30,2.071228627828313e-31,3.0462550881171976e-29,7.551119587224034e-31,6.15979147491027e-29,2.2978590005506148e-30,9.530092702206816e-29,5.578387358135156e-30
171,1297157,4.7255219100660955e-29,4.455385965439491e-31,1.4572175547684432e-28,6.530389615009191e-31,2.528107253452089e-28,8.325311817613599e-31,3.2412313622152277e-28,1.2348242852522716e-30,1.6118297584443814e-29,5.303453959111104e-31,5.093156467211251e-29,2.3530909720946542e-30,8.872107878936034e-29,4.715152348878431e-30,1.189086363712309e-28,7.795063519196878e-30
172,1300025,9.603741380272293e-30,4.229484951765387e-31,3.4125465368759445e-29,5.565198742096165e-31,5.378280204625468e-29,6.900544605974574e-31,6.905880389424117e-29,1.062520606814672e-30,5.708976626122304e-31,1.5254102032291192e-31,4.8217722182751915e-30,1.7712997416696302e-31,5.0460578352787735e-30,2.2692604924966486e-31,7.266070698286789e-30,2.6332789110882037e-31
173,1290007,4.7865381465661483e-29,2.5431207151705006e-31,1.1664841647533231e-28,2.908334233756898e-31,1.549626073339328e-28,4.01037436915659e-31,2.071398581551202e-28,8.001207454221237e-31,1.1105626775510161e-29,2.325431594345552e-31,3.0471769201654325e-29,1.0022683686652012e-30,3.9749863416091e-29,7.796787168431179e-31,5.227742414286933e-29,4.175764027811071e-30
174,1291090,1.4453720273789286e-28,8.214172537479419e-31,2.4188185482711204e-28,8.399802191029312e-31,2.828454083873437e-28,1.1973888354225662e-30,3.3222741598932287e-28,1.9757988581853522e-30,3.309475157530004e-29,6.6086411298203255e-31,5.997274462847252e-29,1.2000123870124445e-30,7.028517283201121e-29,1.9243039476158842e-30,8.642969333580986e-29,3.36082344275917e-30
175,1292033,2.195193467825717e-29,4.5805895805411635e-31,4.1685550540427654e-29,6.054082988635118e-31,4.9495221244398534e-29,7.389294375114579e-31,5.923279696394629e-29,1.0938049904037917e-30,9.065930724895236e-30,3.019176618692584e-31,1.750780563257338e-29,2.9664753983422923e-31,2.3892720825058838e-29,5.273330403173903e-31,2.7332378114643376e-29,1.0222501433808757e-30
176,1298079,6.394349950812355e-28,1.0272135069902984e-30,1.7702138442962442e-27,1.2202031975349709e-30,2.8882692076463958e-27,1.5514572570717982e-30,3.67172065700136e-27,2.3268300270942115e-30,3.485451484586621e-29,6.588861988675734e-31,9.252929084077005e-29,1.7949526137919528e-30,2.4880502725566477e-28,6.807697974372363e-30,3.520882825096421e-28,1.8181504120945908e-29
177,1291159,3.1530856607292515e-29,5.4889546245096035e-31,1.3761982535331635e-28,6.94021302639043e-31,2.954781000038937e-28,9.321559942946382e-31,4.432997254249147e-28,1.4531759111827808e-30,2.5289343622649493e-30,1.603853686288285e-31,1.0729629854241388e-29,2.190008772454431e-31,2.0786867999424866e-29,6.994003360416345e-31,3.191773628554561e-29,1.3768058086570327e-30
178,1299775,5.9372717983929985e-28,8.978977220324662e-31,1.5242074660588538e-27,1.2308578920435106e-30,2.4682610424726566e-27,1.8076821716520768e-30,3.452609333688774e-27,2.5169576506086323e-30,2.495750629876169e-28,5.785340072796872e-30,7.141085330440629e-28,1.8755137937358148e-29,1.2102865806984774e-27,5.416722275208193e-29,1.8702925695539062e-27,1.5627361247387968e-28
179,1291155,2.3896129120872412e-29,4.760663512239209e-31,1.186705641397532e-28,6.767556796574331e-31,2.334835921993843e-28,8.835232773231122e-31,3.387643529570358e-28,1.3172074278482022e-30,1.7443105075732074e-30,1.7335289287431348e-31,5.811930876228428e-30,1.6128389340544823e-31,1.0644730477488213e-29,3.1848401685012827e-31,1.4504682105437385e-29,9.077184478419515e-31
180,1297742,8.413372554525022e-29,7.811851508175816e-31,3.191904716177619e-28,9.602978240934808e-31,5.258630453516463e-28,1.3057394023845621e-30,7.249875512550633e-28,2.036170170926432e-30,9.611932371326801e-30,8.184521914129892e-31,4.1438677973441126e-29,1.5612401754884208e-30,7.418040622470058e-29,2.810260702994024e-30,1.140803510905322e-28,6.917459637472356e-30
181,1295315,8.845275904083253e-29,5.122805639076456e-31,3.7329259046194535e-28,7.51595111120008e-31,6.3634054539975965e-28,1.0204487114047844e-30,7.748906434474909e-28,1.4718056683114857e-30,3.4476149704286186e-29,1.0767121464529635e-30,1.6705222062055636e-28,8.70486201227129e-30,3.6916803506516755e-28,1.8479709259058918e-29,3.81677588664662e-28,3.1045275783672745e-29
182,1281668,1.0910172257281927e-28,5.0806998142677675e-31,2.280432967710588e-28,6.726475032674998e-31,3.080343870549244e-28,9.885209277847262e-31,3.985129842028446e-28,1.4765382238569836e-30,1.6405436801155156e-29,4.0428371727764995e-31,3.25874237375633e-29,6.0179144972722165e-31,4.49417822988749e-29,1.027996567137649e-30,5.828796537607775e-29,2.746826464902629e-30
183,1281879,6.303850906953236e-29,6.515802654792766e-31,1.8028724869042826e-28,8.31129244110015e-31,2.892539542506457e-28,1.0699467913752344e-30,3.8524890885204956e-28,1.4691105439245525e-30,8.506382233469936e-30,2.9641434769006114e-31,2.642060286064928e-29,4.631515746580103e-31,4.19587537608159e-29,2.1944384830723082e-30,5.7056150980801e-29,2.4323621068235372e-30
184,1283373,1.8564636651566478e-28,4.953635127930655e-31,5.445470473533269e-28,7.139190594347856e-31,8.324204024542033e-28,9.45950876915385e-31,1.0408740467665269e-27,1.3350963618653442e-30,7.175813169841589e-29,1.3750896121342009e-30,2.1068156642394316e-28,3.998323481983093e-30,3.1553221806868758e-28,6.182638692335779e-30,4.305449577186595e-28,1.7283981841054626e-29
185,1299758,3.8785421018849727e-29,4.005730655615418e-31,1.1189360766026563e-28,5.455470745490878e-31,1.6476672995943142e-28,6.8398901624842885e-31,2.3154892874288957e-28,1.0423327511555238e-30,4.610600018037476e-30,1.0809196133151759e-31,1.2858837812674573e-29,3.2099801825522555e-31,1.809885795194013e-29,1.583102120201233e-30,2.681628362194028e-29,2.6048330738991742e-30
186,1301922,5.492839713789033e-29,4.8804073513638686e-31,1.4962267156484675e-28,7.042509646305976e-31,2.1224828457680126e-28,9.411892523041918e-31,2.6715296586714176e-28,1.4232128554308321e-30,1.1523899412073662e-29,4.2417130680560995e-31,3.307855714092432e-29,1.7853737227266718e-30,4.86491425194557e-29,1.8491219875044293e-30,6.61086941334182e-29,4.124170604915316e-30
187,1297465,1.380937904316964e-28,5.439498344463856e-31,2.85213144888583e-28,6.2746713774038275e-31,3.844804222553119e-28,8.743310321817852e-31,5.230245437524511e-28,1.7831611263575582e-30,8.801706693844907e-30,2.315937997968981e-31,1.895177025399965e-29,1.1317532721982512e-30,2.461432502036125e-29,4.937750503513909e-31,2.886266795770884e-29,2.3770039932916613e-30
188,1281886,1.1738142467119029e-29,3.919785959274147e-31,3.4273394347884226e-29,5.723163304986843e-31,4.3824502013183424e-29,6.348205035965258e-31,5.850498879542461e-29,9.546157716488835e-31,8.165766331117611e-30,2.625826198878298e-31,2.1419720657675585e-29,5.096630480738677e-31,2.8469360120964185e-29,8.85388986059001e-31,3.68618594406906e-29,1.8378371247263122e-30
189,1302110,9.115604385319083e-29,5.180924902393119e-31,2.6677991468538353e-28,6.953298619776153e-31,3.8318347568075133e-28,8.827332568470032e-31,5.384833025433358e-28,1.4705334389043026e-30,5.301887186748016e-30,2.112932968189833e-31,1.573124919852314e-29,3.5995068490129288e-31,2.046847841830672e-29,5.410109923995318e-31,2.823867576934847e-29,1.1006098424274072e-30
190,1289714,1.0838041814493463e-29,3.4099764407055613e-31,4.8481911190934684e-29,4.615325479270242e-31,9.315291928821395e-29,6.1340344755682045e-31,1.3342252942110334e-28,9.532013617943464e-31,9.847651393652722e-31,7.618037908100322e-32,4.335672897425589e-30,1.3139900723976031e-31,8.752289796230156e-30,2.5054029394017443e-31,1.1381685501641596e-29,2.739088957134477e-31
191,1290995,4.803510997435805e-29,4.81387429671789e-31,1.2735826396067463e-28,6.94605366944358e-31,1.8473699732632117e-28,9.605179647273732e-31,2.309908396907661e-28,1.4072570744896028e-30,5.4365473477836864e-30,2.079607367937652e-31,1.4230914934869974e-29,4.588649638108851e-31,2.0627299176510762e-29,6.399976973763357e-31,2.608482041165595e-29,1.28118124159732e-30
192,1302117,1.8920791005263334e-29,4.086664651346233e-31,8.788915635928242e-29,5.3250989807254476e-31,1.5896519998449744e-28,7.950477510526188e-31,2.2919675859035964e-28,1.1365080198634653e-30,5.579193320369668e-30,1.6207892517574347e-31,2.3517568583535402e-29,3.934172849591339e-31,4.065153403673749e-29,1.0894138663423805e-30,5.907504952846032e-29,3.4614780779627355e-30
193,1302123,2.303923482972411e-28,3.141378008645676e-31,5.321318899051229e-28,3.520839235210045e-31,8.288698278108684e-28,4.581497963720399e-31,1.17879998532045e-27,9.195682615337678e-31,4.9973232987344505e-29,1.275035185497112e-30,1.330440149016924e-28,5.851953817857537e-30,1.813690319578897e-28,3.6188722543669444e-30,2.6259032152616448e-28,2.0209003102941963e-29
194,1295249,2.3853511978318893e-29,4.41305573575642e-31,9.885456768674822e-29,6.1245921406838505e-31,1.8229887346587365e-28,8.796390683332036e-31,2.633806712721036e-28,1.3160943826712152e-30,7.682224985393792e-30,1.4854144323696635e-31,3.273873413399761e-29,1.2844589847766785e-30,6.323343958377065e-29,1.9711735382867808e-30,9.538535234477485e-29,5.144237397183383e-30
195,1283272,7.605658469521621e-29,5.495913818663344e-31,3.0402225245067247e-28,8.22949635573091e-31,4.823201614244485e-28,1.0558654448236395e-30,6.321029100428336e-28,1.5246838118419162e-30,1.8179896672713747e-29,3.087241337431689e-31,7.892194843062544e-29,1.7450769625694313e-30,1.4177621064851482e-28,3.761346737805155e-30,2.060091876899764e-28,8.382415273726117e-30
196,1292332,7.759462120407716e-29,6.195300208382188e-31,2.551449294639194e-28,7.428839419199567e-31,3.937121144441385e-28,9.403564379874375e-31,5.2476402876954695e-28,1.2507991726239806e-30,3.8936906223665437e-29,1.1697284704562349e-30,1.2899040468978732e-28,3.795009622483808e-30,2.048703027500553e-28,5.2593515413962455e-30,2.750884120852298e-28,1.2880064704884045e-29
197,1293006,7.767749154703644e-29,9.742409942515132e-31,3.6004934375890597e-28,9.43247262167838e-31,6.761098626565453e-28,1.3827802378557252e-30,9.986740366695511e-28,2.04583793829488e-30,1.053926029873586e-29,5.304503660058786e-31,5.277514710414022e-29,2.049982851690935e-30,1.07874083724853e-28,3.3145848961057434e-30,1.526624845151433e-28,6.912710440258773e-30
198,1282018,8.134065482183691e-29,7.695095579963175e-31,3.5277686680625893e-28,1.0108200325860153e-30,5.661297637363614e-28,1.2562416609344156e-30,7.485168135714333e-28,1.6858340013390905e-30,2.1087040587143586e-29,8.246178578011382e-31,1.036478238540242e-28,3.3871763749974846e-30,1.5799805571621385e-28,1.1385224752249245e-29,2.1448670144892597e-28,1.147314941832064e-29
199,1300390,1.3842172809077051e-28,7.967794367394191e-31,4.441826093054089e-28,1.0015830852713178e-30,6.572795392538359e-28,1.442624245566418e-30,8.334277499120244e-28,2.0297000720955737e-30,4.8932747638710764e-29,4.4194160074971266e-30,1.727989303490808e-28,6.519500601477304e-30,2.746732885633998e-28,1.1597602738504416e-29,3.8361952368362918e-28,3.1019454430657115e-29
200,1294743,1.5805935066165974e-28,4.094677410391206e-31,3.475029885095152e-28,3.665920519471157e-31,5.454628517537473e-28,6.624290298385568e-31,6.240788962552631e-28,8.812505831860108e-31,2.318617044306856e-29,5.383555305020045e-31,6.075182442360516e-29,2.971407792260986e-30,7.457072865362856e-29,3.2260087997165486e-30,1.031575689594177e-28,8.881594482876797e-30
201,1294351,5.124674903957083e-29,5.277602747152767e-31,9.545307895197958e-29,6.529376732159329e-31,1.0737998517163586e-28,8.41759480582259e-31,1.3298460912663215e-28,1.1597103481487984e-30,2.1904860343958385e-29,7.547185947555081e-31,4.0997071838364785e-29,1.1193921842980435e-30,4.846581110513105e-29,2.5126205841509097e-30,6.033896473628029e-29,3.1684177875128504e-30
202,1300470,5.972015165939125e-29,6.405752503315412e-31,1.901284693423595e-28,7.638884631103529e-31,2.941940066297826e-28,1.0635774267986832e-30,4.291288518097753e-28,1.6564257365411955e-30,4.878329201803119e-30,1.821785908185321e-31,1.463786303383156e-29,3.217274640541064e-31,2.1500151334516728e-29,7.644248389513091e-31,3.555563704391721e-29,1.540591357452516e-30
203,1286398,8.446821643273648e-28,8.806929131035551e-31,1.8211400257271348e-27,8.747204806956186e-31,2.4947011892615965e-27,1.615164055275163e-30,3.2965863847492956e-27,2.3196068242721223e-30,2.508195192628292e-28,4.884635468012335e-30,6.994337907549122e-28,4.7093258745255265e-29,8.383297421828524e-28,2.342102788275951e-29,1.2883675555484179e-27,7.689521742532557e-29
204,1297353,8.442720711160103e-30,3.8145094656065487e-31,2.689382510607087e-29,5.2681658169165e-31,3.786069026537993e-29,7.531627031602509e-31,5.066362162176398e-29,1.0117096921826193e-30,1.064613478988978e-30,8.882028213861349e-32,3.6840015636290696e-30,1.5669435948204498e-31,5.766972160172139e-30,3.0166220782745047e-31,6.72637552477717e-30,6.257815438143261e-31
205,1294340,1.8319158251287143e-28,6.584590043634098e-31,3.1639836297176677e-28,8.270506769228783e-31,3.6723290646726095e-28,1.0494423384169088e-30,5.152301432512097e-28,1.3484555526696473e-30,4.6135895832005645e-29,9.203943474621524e-31,7.342571072763248e-29,1.7720987441891624e-30,7.774250418155953e-29,1.7757967960467574e-30,1.264708677015622e-28,4.8364538914152054e-30
206,1294341,1.0716389589316814e-28,6.5527610729598905e-31,3.401154553073977e-28,8.420857297359629e-31,4.606849469997615e-28,1.0712808589427945e-30,5.565000902425066e-28,1.3714090439668385e-30,4.073776286254186e-29,8.165508117363944e-31,1.2358510558204006e-28,2.9775886946029105e-30,1.7433362664741584e-28,3.9663786636226025e-30,2.086319614174472e-28,7.973319806756487e-30
207,1281638,4.0656467038084166e-29,3.5970490889891597e-31,2.055131852922357e-28,4.634267503904271e-31,3.7488503500804755e-28,5.713359663591506e-31,5.048138904467873e-28,8.069885240737862e-31,1.3840716762094817e-29,4.23038235054698e-31,7.321944385820234e-29,1.7198435953650314e-30,1.3388100937926786e-28,3.4241535216037224e-30,1.9473943895362226e-28,7.704397182422657e-30
208,1282112,1.3955761453265933e-29,6.043806195429226e-31,3.1671159572601945e-29,6.893708980704199e-31,4.1043253610805106e-29,9.817792220256911e-31,4.111982770250221e-29,1.3755697536654065e-30,5.383637487706034e-30,1.9039306095244463e-31,1.1209337465889703e-29,3.731963716040143e-31,1.480019343055959e-29,1.0409455884834785e-30,1.8209088704600795e-29,1.3064126693333198e-30
209,1282114,4.218421898743169e-28,8.187616115801019e-31,7.75914844773796e-28,8.920044682153841e-31,1.1414509751516227e-27,1.2301954853278096e-30,1.2732769393968514e-27,1.6861805443905434e-30,1.9133200263319754e-28,4.897950236390389e-30,3.632814444286426e-28,1.1328932616575645e-29,5.6668494495362925e-28,3.949978723751881e-29,6.3935581500512255e-28,4.543668298544637e-29
210,1283936,3.204248302940244e-29,3.8869345288327484e-31,7.117425665916824e-29,5.164783942517839e-31,9.898067196374399e-29,7.722374998740774e-31,1.2220852165818122e-28,1.1195907468602344e-30,1.2501168962037175e-29,2.654104885863306e-31,2.8551125789035123e-29,7.160636892459085e-31,3.860327196969513e-29,9.271211874367148e-31,4.855533197964938e-29,2.291052601007404e-30
211,1296321,1.3013065220595308e-28,6.286329712042643e-31,2.120751037049955e-28,7.980269252028158e-31,2.6573347773738703e-28,1.0021605194022937e-30,2.9691534516202286e-28,1.3220709537915621e-30,7.956134536344637e-29,1.9648028246517312e-30,1.2528973355356795e-28,2.8975820188788484e-30,1.577319696030103e-28,4.477357152392866e-30,1.7807634215294894e-28,8.31353728251172e-30
212,1296963,1.2345983882290135e-28,7.748170545174553e-31,3.714405756172359e-28,9.880080426982342e-31,5.447420849077898e-28,1.2812568407714698e-30,7.428345740050295e-28,2.02449252758216e-30,1.9394942555504305e-29,5.1713414500866095e-31,5.188605666111508e-29,1.1017954282193888e-30,7.691721763876526e-29,1.6085299219260702e-30,1.0947715692508144e-28,5.1809939747146546e-30
213,1298266,2.292119272293756e-29,5.2621824816804015e-31,6.216030658681715e-29,7.601091521449995e-31,8.959038639268916e-29,8.616027882868973e-31,1.1313032842094044e-28,1.210669781184096e-30,5.3019492449184325e-30,1.8978519015765981e-31,1.577725621942719e-29,4.3384722271480315e-31,2.256663268106349e-29,5.485579847092105e-31,2.931754882660931e-29,1.1675070778798091e-30
214,1291783,8.086630233290023e-29,6.533451369862291e-31,2.0573709821929643e-28,7.462427276041445e-31,2.8383473445818e-28,1.0642326321555945e-30,3.7817371194519803e-28,1.6573843867801516e-30,1.6806221292583817e-29,6.137554394152855e-31,4.325936286170678e-29,1.3327812419983992e-30,5.853917749308324e-29,2.0743816295056382e-30,8.294473861593962e-29,3.8449498292743364e-30
215,1289555,1.1745986381666253e-29,4.11439021937743e-31,2.2013709481783974e-29,5.742829021728087e-31,2.898650114622989e-29,6.766516261198064e-31,2.985918598458749e-29,1.0657118249858881e-30,4.16789817910402e-30,1.2476977327779247e-31,8.188866644529397e-30,2.9196600515653078e-31,9.898768065089001e-30,4.635056975881933e-31,9.69460459707834e-30,3.675937539629661e-31
216,1302058,1.918346358914898e-28,6.154767893866505e-31,3.8443169635253485e-28,7.939466081856945e-31,5.417158126639173e-28,1.0843027189828444e-30,6.580131825255572e-28,1.5319189631866938e-30,8.151179795835047e-29,2.9689718004042437e-30,1.57335720492653e-28,4.956204050601096e-30,2.159470240990245e-28,1.0597502439800344e-29,2.779393504383178e-28,2.4770400684134683e-29
217,1301933,5.36278149071367e-29,3.948393922054396e-31,1.1528412139917855e-28,3.873501467865255e-31,1.5757984378248574e-28,5.732253184488874e-31,1.9996674270968407e-28,8.190009333949396e-31,-9.855638059247315e-32,-6.627704654330294e-32,5.086695502616554e-31,6.584518168244081e-32,5.163049028530003e-31,8.547414824463192e-32,5.482978137770365e-31,1.1580251592015686e-31
218,1291242,2.3209097526609515e-28,6.668967319818361e-31,4.080603951414576e-28,8.719889160827475e-31,5.138555875410523e-28,1.1551157719936128e-30,5.904128827200325e-28,1.7862507654158232e-30,6.661483562361926e-29,2.0110406214919243e-30,1.2494637521264127e-28,2.8337771637173564e-30,1.7006435356465999e-28,1.3005572027908078e-29,1.9560118641141902e-28,9.5605448971995e-30
219,1302055,4.519599848448231e-29,5.887056473967371e-31,2.0244138742654253e-28,7.749863888653095e-31,4.206214947175616e-28,1.0878634003083431e-30,6.124966416738364e-28,1.5437005308554994e-30,2.4820727656255623e-30,1.1806336375534813e-31,5.40608218699182e-30,1.7572039436820051e-31,8.350454397394002e-30,3.732639699798389e-31,1.1439729828255765e-29,1.0031027443267356e-30
220,1293366,2.83822753626454e-28,9.254469659340798e-31,1.154877601521187e-27,1.2538565138127668e-30,1.9300109385086877e-27,1.725873310447176e-30,2.7004306001702102e-27,2.4316481958555768e-30,5.83783968957406e-29,1.1227493185292483e-30,2.4743592065291372e-28,4.474177872484048e-30,4.72198206831009e-28,3.567226554240523e-29,6.1973519668100475e-28,3.016995026847583e-29
221,1301332,1.1135213648167442e-28,7.707485958351724e-31,3.166803000216645e-28,9.322188455143351e-31,4.5735435050952575e-28,1.2551523445609872e-30,6.191303390225022e-28,1.8003248704375693e-30,1.311815005666283e-29,4.337582006231499e-31,4.4383357693641366e-29,1.0295753382345696e-30,7.040382933294967e-29,1.901353763903824e-30,1.0224462364984007e-28,4.064729925898445e-30
222,1301936,2.0492834633984608e-29,3.378876202641681e-31,3.9255035566214507e-29,4.67348058529191e-31,4.365439404477458e-29,5.918444771773011e-31,5.681744298332663e-29,9.195829386501109e-31,1.2899932998825194e-29,3.2008775936850233e-31,2.523993422582714e-29,5.065790649196349e-31,2.920311109933036e-29,2.345467221695268e-30,3.746263149424974e-29,4.1257654847990135e-30
223,1299746,6.739019990762204e-29,5.344485561116599e-31,1.857874332134613e-28,6.881059286018979e-31,2.787628770333254e-28,9.66762805781896e-31,3.759618308989825e-28,1.4153601560825777e-30,1.5449778132661478e-29,2.502325361712096e-31,5.28799949005463e-29,1.1732288958939775e-30,8.62407874344592e-29,3.5404228963769216e-30,1.281885187869392e-28,1.4336101510568325e-29
224,1302187,8.628768551612605e-28,5.918429548408818e-31,2.1435859329227846e-27,6.780593170965934e-31,3.360573337382663e-27,9.5643211557994e-31,5.447377977356172e-27,1.7316149727395452e-30,1.6877933085415244e-28,5.125170274533635e-30,6.0540557208633875e-28,3.01620824955466e-29,3.099478879337582e-27,8.514059586274601e-29,8.969022920412675e-28,8.611377463090125e-29
225,1291788,2.994802385343435e-29,4.372730413791133e-31,5.699548320454939e-29,5.516465803341228e-31,6.198385725242621e-29,7.827778442148947e-31,7.731297085946784e-29,1.345047777091912e-30,8.942505711793281e-30,2.2129659512153807e-31,1.6264078451907142e-29,4.2605217200335155e-31,1.814067813174681e-29,7.910167638224826e-31,2.2465965089017128e-29,1.1147410097905436e-30
226,1289288,2.385818098712362e-28,6.094700680670426e-31,6.318313127021907e-28,8.0550990595358e-31,9.556792253784151e-28,1.1245978133172517e-30,1.2593069545279996e-27,1.6409229619127748e-30,1.053901008338893e-28,1.8511786192772166e-30,2.629087254786781e-28,7.371879318296245e-30,4.1224847036547525e-28,1.1561414895895228e-29,5.457828510755028e-28,3.049015381340526e-29
227,1297318,1.652704215359869e-28,5.119326485867304e-31,3.192527984041135e-28,7.077120054732786e-31,4.139504746402146e-28,9.507262954104097e-31,5.537885803785978e-28,1.2889402985661956e-30,6.299801728507457e-29,1.0468134390905314e-30,1.2143549750997063e-28,4.170827374410561e-30,1.5394929554562412e-28,7.140524066976676e-30,2.3746667470098766e-28,2.9113447311109053e-29
228,1298375,1.4943865661392534e-28,9.870526016856988e-31,3.9481967173869396e-28,9.543415520018456e-31,5.593652550363794e-28,1.362332346461064e-30,7.523409107712665e-28,1.934105406158052e-30,2.4191534407337407e-30,2.3390329450124347e-31,1.1810782019702092e-29,3.6664883017680565e-31,1.793719588953933e-29,4.260617185855271e-31,2.289803866802443e-29,7.484854251819575e-31
229,1300179,1.452960964185717e-28,7.532720944200549e-31,2.9352622518669473e-28,9.907366952639655e-31,3.6632971266867748e-28,1.1878934532786178e-30,4.7503055904557355e-28,1.6014293353649155e-30,1.6564305882161393e-29,4.619084621528758e-31,3.271127535306697e-29,6.627134467904803e-31,3.78097221259974e-29,1.2154953285357356e-30,5.058376979342109e-29,2.8369393286007525e-30
230,1295285,1.0710035575145761e-29,2.964909702989262e-31,4.172135951405917e-29,2.9730262330683714e-31,7.508435454327776e-29,4.862295623967999e-31,1.1100805684414035e-28,6.792752012972039e-31,1.4651391377016512e-30,6.994821186373698e-32,7.06365514773819e-30,4.566576365984005e-31,1.1229473426475257e-29,3.4259199985073967e-31,1.651229761964119e-29,1.5020820845783425e-30
231,1289600,4.7564920290359705e-29,2.6222539910348653e-31,9.704362803299675e-29,2.9664019888521524e-31,1.140354262383864e-28,4.078639258097014e-31,1.4049769326388867e-28,7.857889116709349e-31,9.709761136279021e-30,1.8700222709179302e-31,1.964903067397396e-29,6.703233292958985e-31,2.1197792881506824e-29,5.7530332576380735e-31,2.566561395096765e-29,7.518648300861578e-31
232,1289913,9.9964257269824e-30,4.319385232659768e-31,3.419974118397994e-29,5.520216537025241e-31,5.639502696581488e-29,6.9695504207541255e-31,8.337713353659962e-29,1.136643387530282e-30,-1.1366278558195791e-30,-5.435911163987522e-31,6.953431922447143e-30,3.382343618039455e-31,1.1061769633941737e-29,4.141634037765258e-31,1.4553524438266604e-29,1.034202318715802e-30
233,1291254,5.0533676388335e-29,5.339472849705918e-31,1.2901009886103398e-28,6.230867531913905e-31,1.7438736007768455e-28,8.924744353313856e-31,2.3579725672297933e-28,1.3793741118411616e-30,1.962557166832353e-29,6.499863230697167e-31,4.9513689283534313e-29,8.443441426522294e-31,6.491514164376938e-29,2.7357992249249782e-30,9.058471442341535e-29,3.264234104586418e-30
234,1285317,6.4009441172848e-30,2.873515158510903e-31,1.1113314892481709e-29,3.992539750371921e-31,1.3224276343682338e-29,5.891501088624721e-31,1.2140815412472653e-29,8.182095059672599e-31,2.600642914075676e-30,1.1551833050402662e-31,4.8592275831155524e-30,1.3781386297397088e-31,5.1253755607511086e-30,1.6046631662470686e-31,4.1344965779149666e-30,2.2950695337686053e-31
235,1293921,6.121189635447344e-29,2.4218337850061807e-31,1.5811376892121034e-28,2.7428936675227754e-31,2.2237600166902908e-28,3.6950450957111695e-31,3.2211282315760198e-28,7.438400088798791e-31,6.807482720078739e-30,2.0699813418698057e-31,2.0851076161601386e-29,7.1137013133378935e-31,2.913252056647128e-29,4.0633679194913065e-31,4.0913101929886255e-29,4.592959214276871e-30
236,1295592,1.8574423654093507e-28,3.502921259778718e-31,5.691247130954064e-28,3.760879760800987e-31,9.472304567548323e-28,5.150668084826957e-31,1.4793451679511076e-27,1.0613036409654732e-30,2.608039368566648e-29,4.99806970380554e-31,9.008891953952943e-29,3.0630504199332937e-30,1.1563319638045314e-28,1.7356326512555853e-30,1.7392557218659042e-28,1.2819681542907894e-29
237,1283878,3.243260845812764e-28,5.988378576809488e-31,1.0812628983216776e-27,5.8017606667304045e-31,1.64542335163852e-27,1.0926277567480516e-30,2.8397198713255478e-27,1.4057434966567856e-30,1.0411919779332508e-28,3.039967507885877e-30,5.5757662113764325e-28,3.0773697421087846e-29,5.488300507484066e-28,2.379337095759561e-29,9.06404150683276e-28,6.904447990392716e-29
238,1289794,2.8928567819848576e-29,5.637086883715573e-31,1.1514230982818675e-28,6.593988043170579e-31,1.9702833713531167e-28,8.692111043373481e-31,2.8007766837317323e-28,1.4199973255427488e-30,7.947756247630763e-30,1.9572505187536191e-31,3.5169453651272366e-29,4.1046758839244455e-31,6.374033750650556e-29,1.6419380131679657e-30,9.154303703583058e-29,5.8375198846248015e-30
239,1310396,5.254523347136539e-29,5.5283608868662215e-31,9.831983215843735e-29,7.179424359186685e-31,1.1092061835040675e-28,9.681389534858822e-31,1.36215081286396e-28,1.4882235707256718e-30,1.8863098289763757e-29,4.657351092477194e-31,3.795929598033672e-29,7.713201797479183e-31,4.6227479798107917e-29,1.462746442677248e-30,5.7917569299757e-29,2.968354391603449e-30
240,1309288,5.7101148755165855e-28,9.26575636018688e-31,1.523322624992487e-27,1.2626352847254521e-30,2.314401583886797e-27,1.5631525319077808e-30,2.8682216323363728e-27,2.332949965692643e-30,2.216915328032457e-28,3.572852686081773e-30,6.5376752102667425e-28,1.5645152743319759e-29,1.3219454560902304e-27,1.151455419876233e-28,2.06054585517284e-27,1.9968121041598646e-28
241,1306578,6.180187818654612e-29,6.049761755453427e-31,2.5146901615579397e-28,7.538137881456142e-31,3.871281272478827e-28,9.389834622634307e-31,4.80469516810392e-28,1.5698703645682947e-30,-3.557104859740764e-31,-4.750753039136024e-31,1.1476485739078713e-29,4.7257757902743595e-31,1.6729714019665353e-29,9.321612317897312e-31,2.313487979880043e-29,1.5434433460087376e-30
242,1306991,1.0098684041690422e-28,7.398276665186949e-31,4.7844149784447916e-28,9.686181328524495e-31,7.874214335282641e-28,1.4179956537798636e-30,1.1179647008373989e-27,2.008038566256504e-30,3.259269729805731e-29,1.0497506885615241e-30,1.6540461709375195e-28,3.8256642608479696e-30,2.7822196167789837e-28,6.0326361192897854e-30,4.173990079177441e-28,2.0936328366997254e-29
243,1306785,2.221859805260643e-29,7.199150019159907e-31,1.1371879940147544e-28,7.928332023271817e-31,2.49976186832287e-28,1.1138421478619008e-30,3.7756401197451302e-28,1.5806894343294497e-30,2.3535299788272233e-30,1.7136742689681735e-31,1.1205515642789725e-29,4.964967667761521e-31,2.5437672277935185e-29,2.65062146230468e-30,3.4181329901425626e-29,2.8055480807566964e-30
244,1315197,2.192608101390581e-28,7.109681448225627e-31,5.394923138298703e-28,9.610594506642942e-31,7.442888733938055e-28,1.140068667293894e-30,9.467608244622149e-28,1.6401534102791543e-30,1.3117964658616587e-28,2.3055749752177393e-30,3.1749800532358328e-28,5.929298996951079e-30,4.295005511564282e-28,7.906425299546476e-30,5.458113780975411e-28,1.882923863113364e-29
245,1303140,2.8703816580739266e-29,5.342221365302473e-31,6.898754576199873e-29,5.661821211319167e-31,1.0097282214204847e-28,8.310943714479319e-31,1.4031721120775939e-28,1.13857308114942e-30,9.731110731502253e-30,4.501654546055132e-31,2.4396604033103294e-29,8.408755140666426e-31,3.6782970703061037e-29,2.1913671825532107e-30,5.342732004112547e-29,4.3650872586878974e-30
246,1313594,6.313704274739592e-29,8.479193385929586e-31,1.3833677754554083e-28,8.83895947203154e-31,2.298206027760036e-28,1.2907694836245332e-30,3.3349220266341498e-28,1.7276379332642763e-30,1.3618729483147372e-29,5.9579878991799235e-31,2.8779867260290784e-29,1.423920239084846e-30,4.285447844111635e-29,2.5981650267712346e-30,5.973349231950118e-29,6.1180970072144814e-30
247,1306626,1.3143379515345328e-29,3.373344999914458e-31,2.569165415318248e-29,4.404147939614427e-31,2.914244061326504e-29,6.401411364082125e-31,3.327090399459872e-29,8.535913553261556e-31,3.881761194914586e-30,1.0098749616666632e-31,8.679820801017852e-30,1.8354474013642743e-31,9.94684801908827e-30,2.6542210687058674e-31,1.0932205397268068e-29,4.419125446274999e-31
248,1302418,2.5101783092612177e-29,6.699185252204822e-31,1.094787743252188e-28,7.494875008896525e-31,1.9670507177491734e-28,1.0716487879974233e-30,3.0107798991178093e-28,1.664104138078162e-30,4.9382575172734834e-30,1.6240448265874855e-31,2.2678540305277588e-29,6.3536866612488256e-31,4.220486949194362e-29,1.44992204192462e-30,7.120827922103422e-29,4.730074772930408e-30
249,1305051,3.004756724590869e-28,9.094854443881082e-31,5.562342580366563e-28,1.2109560866902056e-30,6.859398242540958e-28,1.46964888245574e-30,8.624038216749448e-28,2.3977727290367986e-30,3.2412381068826845e-29,9.468954775805625e-31,6.072310356542492e-29,1.2371668225344708e-30,7.638812493838715e-29,1.904798042925676e-30,9.442727781029172e-29,3.5535226789536946e-30
250,1313057,6.720316917995772e-29,3.335432424445127e-31,1.9560275768872135e-28,3.664279955619649e-31,3.1019835107365113e-28,5.558412841030765e-31,4.568464748242856e-28,1.0470424933624582e-30,1.2691534751384988e-29,3.277235333049436e-31,4.207433038394667e-29,1.8123081999517363e-30,6.71202438274873e-29,1.8012432934314922e-30,1.1644477630309142e-28,1.146389793800909e-29
251,1313230,2.1894219868156332e-28,6.617383911405382e-31,5.316059699999075e-28,8.081712883272328e-31,7.815239527734809e-28,1.0959086720036826e-30,9.633966503540937e-28,1.7105214819352032e-30,1.3128193903743296e-28,1.0928457124095933e-29,3.081103014551406e-28,9.338133877315512e-30,4.549584712258796e-28,2.1877830382867426e-29,6.230549074719781e-28,6.347706622391863e-29
252,1308582,8.96573354330725e-29,3.824442469289685e-31,3.7694715207262367e-28,3.7292150690318256e-31,6.1063071225803435e-28,7.090952697411503e-31,8.671617527386317e-28,9.793908780247785e-31,4.010496051969844e-29,8.814796949700429e-31,2.1425556434467123e-28,9.418153696582377e-30,2.719182738048833e-28,9.753870164999919e-30,3.72060667276288e-28,1.517854375677636e-29
253,1302359,4.893032844961361e-28,4.606580759354707e-31,1.4014044781426475e-27,5.259427442926507e-31,2.2905482262184766e-27,7.144278070013952e-31,3.816448388143705e-27,1.4250132287890208e-30,1.8024496635800127e-28,5.0164626426446494e-30,7.4212616611346095e-28,2.206680309758199e-29,7.680245925745117e-28,1.5718953352716146e-29,1.1877473766857843e-27,1.0679331690749346e-28
254,1303215,5.776180798829538e-29,6.014073958625051e-31,1.6337300693565209e-28,8.887020880091162e-31,2.508588549103103e-28,1.1950537576317678e-30,3.450930944085156e-28,1.6836483639801775e-30,8.893905705451304e-30,2.875207000206044e-31,3.1150095615915247e-29,1.3071055396487369e-30,4.93387423313085e-29,1.923775665430316e-30,7.48274765412768e-29,4.311199039868665e-30
255,1306800,2.614143120751567e-29,5.556730533292227e-31,1.4033756213611527e-28,8.110640358597114e-31,2.996885411621731e-28,1.0295351036538572e-30,4.311684407619657e-28,1.4693586526537585e-30,7.17385417401095e-30,1.561772125186289e-31,3.229111515020183e-29,7.560355297466679e-31,7.130748938196659e-29,2.462963298960005e-30,1.0773929850410679e-28,3.877074540567968e-30
256,1311590,1.701141790279249e-29,5.950711783168666e-31,4.062625304291808e-29,6.367361908827182e-31,5.799084110347009e-29,8.919181755633305e-31,7.581646670981731e-29,1.2588692180385022e-30,7.622605364726959e-30,3.4003046720101996e-31,1.688495622402737e-29,7.549930238087606e-31,2.39243350189499e-29,1.1833393023070351e-30,3.007659715683278e-29,1.6761740592810718e-30
257,1312897,1.0831708734579088e-28,4.744232829289943e-31,2.714120022747349e-28,4.681203599896699e-31,5.609950572672367e-28,8.066163899857975e-31,6.8116710984045e-28,1.0480304669328206e-30,2.569496425728359e-29,6.5069672730845995e-31,1.0363857799577254e-28,1.0934251506533168e-29,1.514040550625113e-28,7.348635332131155e-30,2.6864211987528652e-28,2.2082400534248318e-29
258,1306360,9.730250434053131e-29,6.546251868980803e-31,3.710347454336549e-28,9.77006083740291e-31,5.779468596415187e-28,1.2720525827336054e-30,7.764263754815565e-28,1.7878841623803127e-30,6.41284234201285e-30,1.7944789528920995e-31,2.5541515330169224e-29,3.534241802454717e-31,3.9342866820590994e-29,1.101045655022032e-30,5.658448609787413e-29,2.139420663267984e-30
259,1315795,2.812998390803002e-28,1.1274904583792692e-30,1.3495471285001469e-27,1.7365856775091143e-30,2.3420531647564118e-27,2.3812387646814933e-30,2.8541344500433885e-27,3.2554615397497604e-30,7.412482874222397e-30,1.621677712347007e-31,3.2075537744087036e-29,1.7082937843880634e-30,5.483204917820819e-29,2.4576538421370696e-30,7.006345194926686e-29,6.054215012243431e-30
260,1302648,1.259681860444923e-28,7.312344123740012e-31,3.7147648703086303e-28,7.436598949391449e-31,5.642769858737839e-28,1.0247433723980802e-30,7.294770157925369e-28,1.5591112200127744e-30,6.910635857202542e-29,1.7937772533401373e-30,2.0854627740028647e-28,5.7652404819453886e-30,3.148480485801433e-28,1.0765376169263065e-29,4.206521049142436e-28,1.85709819633944e-29
261,1315910,3.4918429596065787e-28,9.324203065832612e-31,9.050817824031374e-28,1.088586615331962e-30,1.267662715448811e-27,1.483479720871636e-30,1.670549094522845e-27,2.189111545012771e-30,3.850947355486306e-29,4.185793719613711e-30,8.493858082987228e-29,3.4333291762806335e-30,1.1851259974559615e-28,3.5401010782604094e-30,1.682314133912783e-28,1.5158774788679066e-29
262,1314897,2.497412327043817e-28,5.914468402177835e-31,7.2864438828431165e-28,5.517613362858422e-31,1.0960142658879138e-27,1.0341129098177186e-30,1.60394506179362e-27,1.4375414150813443e-30,1.9558843289810367e-29,4.992333977832452e-31,6.185590821990039e-29,2.74973740728944e-30,7.340150117362634e-29,1.7950712446094358e-30,1.139292407700523e-28,8.194693137325636e-30
263,1315950,4.696069788122494e-29,2.376825652305031e-31,1.9776408756996481e-28,2.7353285996818595e-31,3.737351665577685e-28,3.695800661861554e-31,5.064374596377139e-28,7.294117932172382e-31,2.996511122375336e-30,7.262339962816828e-32,1.4412889190963365e-29,5.658103648081712e-31,2.57262535439741e-29,4.382945603367603e-31,3.4380601419098517e-29,2.4531361711842613e-30
264,1305350,4.3692837518161713e-29,4.519698429228775e-31,8.509294170746022e-29,6.2064456415810705e-31,1.1094432629089969e-28,7.577135701969632e-31,1.3512967916344035e-28,1.2013909843942618e-30,1.3803727208475602e-29,4.1820694313924265e-31,2.564581010923836e-29,6.9666967015058005e-31,3.460640538281478e-29,2.424384504911332e-30,4.3185131446168506e-29,2.044664855533746e-30
265,1305807,6.114588234493711e-30,3.384178418858372e-31,1.44618911471175e-29,3.605451752508989e-31,1.91027288038729e-29,5.503769189217621e-31,2.428260290385426e-29,8.583406470082487e-31,1.136546298408297e-30,1.3937859505813291e-31,2.6321669905899643e-30,1.1692547241121526e-31,4.1235773820752935e-30,1.7007916325602142e-31,5.075614260607357e-30,2.36223445309168e-31
266,1312171,1.6206227475546024e-28,7.6123960098857705e-31,4.053271772959481e-28,8.863488515259218e-31,5.523316877345892e-28,1.3287832184607466e-30,6.612219277812503e-28,1.9653873704773638e-30,1.4801523002160204e-29,3.936193531580224e-31,3.8820493886685205e-29,9.692274381119071e-31,6.024619647488175e-29,2.0906312692133288e-30,8.951320196528607e-29,3.446747209818582e-30
267,1309694,1.5469212994298056e-28,7.015237023575359e-31,3.574651314508211e-28,8.007947815951119e-31,4.553626181823787e-28,1.150088803989735e-30,6.062919573232043e-28,1.757617041826299e-30,4.339547263071001e-29,1.2841775054782625e-30,9.833215526159847e-29,1.8478105146409124e-30,1.2584971046366754e-28,5.736065402064896e-30,1.7617961805036292e-28,1.0217295508241637e-29
268,1306980,3.390581957158354e-29,4.963003673914698e-31,9.405696011617683e-29,6.627086076104755e-31,1.432209471946776e-28,8.49606269865259e-31,1.9499320240819242e-28,1.4298045106464916e-30,5.203011920655239e-30,2.002202419227534e-31,1.448922215392721e-29,3.3064150362767874e-31,2.327550788692895e-29,6.08343623383625e-31,3.176573975915534e-29,1.2332395993153272e-30
269,1309323,1.5056401940531396e-29,3.8826252601867935e-31,3.439730539913913e-29,5.0588093396220175e-31,4.407811573735812e-29,7.169399575758784e-31,5.324698794968878e-29,1.0406936136072841e-30,5.253986403761957e-30,1.2606314220310584e-31,1.3524810889337732e-29,5.1169180115741605e-31,1.8278209994756e-29,1.3990661762749452e-30,2.0346671806191226e-29,1.8828267175220392e-30
270,1302353,3.1881479178045804e-29,5.687504854380684e-31,9.948829467844761e-29,6.364608273815989e-31,1.808141074016693e-28,9.21301134474177e-31,2.4897600284548853e-28,1.4181416998263868e-30,1.6098395725758258e-30,1.343090954555844e-31,5.463176580490354e-30,1.4464171245849386e-31,9.755637768641413e-30,4.290208311553645e-31,1.2784825753464092e-29,8.303934077476356e-31
271,1310485,1.231847789316621e-29,4.511800181644831e-31,3.206240824281412e-29,5.712593490975675e-31,4.11426594285021e-29,7.879634846757968e-31,4.7532066893652954e-29,1.2068698066895748e-30,3.880167528245462e-30,2.1615592845550124e-31,9.065984326229465e-30,2.699248502036951e-31,1.1920598991595149e-29,3.81873732746718e-31,1.4750688657895477e-29,7.621280190700268e-31
272,1306378,1.9860465239915662e-28,7.994919223992331e-31,4.535705199944016e-28,1.06520472752419e-30,6.034622716543919e-28,1.3676833397387482e-30,8.070415863789948e-28,1.8035638729958635e-30,4.8770712975610897e-29,1.0178675927001132e-30,1.346337844429152e-28,5.2133884009398265e-30,1.8667147170836759e-28,1.2746415715370648e-29,2.736386385756424e-28,2.012343639501761e-29
273,1309293,1.334991939878403e-29,3.887612748349821e-31,3.0413547445972566e-29,5.3745154320469285e-31,4.0717721559417275e-29,7.703395917671652e-31,5.730650326082121e-29,1.0933562605435794e-30,6.66090083545584e-30,1.912006207948614e-31,1.7276743562177517e-29,7.275576884308521e-31,2.1927004722475985e-29,1.0278094013198296e-30,2.7424588459980826e-29,3.144748647006361e-30
274,1310432,8.947557517837923e-29,7.689273686135518e-31,2.2338647224481503e-28,9.542774955908905e-31,3.73077774409946e-28,1.296918099500662e-30,5.2972551884547035e-28,1.9849642244798623e-30,3.086112711169212e-29,7.653362829966593e-31,9.054844465589271e-29,1.932240839210168e-30,1.4961281539642967e-28,9.399631600985124e-30,2.0095876816694763e-28,1.1065400135085805e-29
275,1312213,8.173353592303876e-29,6.328260699861381e-31,2.014751306688117e-28,7.535962533168434e-31,2.611381127006866e-28,9.596433449613146e-31,3.4653987947934474e-28,1.5305156462362931e-30,1.3408198742468484e-29,2.6243601674245995e-31,3.2865023379074934e-29,7.823501933193945e-31,4.459279659807513e-29,1.6502378994757266e-30,5.88633969264257e-29,2.6873437074678168e-30
276,1304777,1.3545962486852602e-28,1.0597578712057088e-30,7.132271850164029e-28,1.4016738590779664e-30,1.2684100479678586e-27,2.114571975684873e-30,1.72344242088821e-27,2.8251007139402123e-30,-9.136449030333996e-32,-1.0249491196323871e-31,1.0106463119605453e-30,1.0991951076173251e-31,1.4714877459964408e-30,1.4419572750046382e-31,1.2876134060608149e-30,2.2338849846065607e-31
277,1306141,9.188891560316835e-29,5.9510800141620355e-31,1.875146447686963e-28,8.223773175606797e-31,2.260710432251078e-28,1.0386152564750426e-30,2.860329272623362e-28,1.6091822157961832e-30,4.930558086408608e-30,1.5373741291812104e-31,1.0942747335464073e-29,2.4076367011190283e-31,1.279596398641193e-29,1.0366499737284457e-30,1.6253784723124364e-29,1.7997099637020362e-30
278,1302523,6.135372104680215e-29,4.384837439285814e-31,1.627029846365288e-28,4.153243346207555e-31,2.4433183496995677e-28,7.996626739001754e-31,3.2907281638910972e-28,1.1016124978325078e-30,4.746005982156378e-30,1.377860299158156e-31,1.4779726118059462e-29,7.010292588627897e-31,2.0799725235209486e-29,4.266951396419249e-31,2.971553086678986e-29,9.415865896010551e-31
279,1303883,1.99540082385379e-28,5.967152178951116e-31,6.025141755391874e-28,8.070378802676693e-31,9.29017530874388e-28,1.1593721320131848e-30,1.2949300746042444e-27,1.6875981411166352e-30,2.7675220124938536e-29,6.924028056107302e-31,7.480515405212922e-29,1.2620182612156829e-30,1.088589572054468e-28,3.1370450269418026e-30,1.5185018265338706e-28,6.707780173137995e-30
280,1305835,7.552948274605756e-29,6.352144952699944e-31,2.914821689000021e-28,7.560901682681182e-31,4.9293440272260195e-28,1.0678164399331612e-30,6.91358972166741e-28,1.6269434348219487e-30,3.207892695107657e-29,7.474948194876043e-31,1.2787245540022866e-28,2.542954986865712e-30,2.1780175830493296e-28,9.894397369562539e-30,3.260923707752973e-28,1.9587076307193225e-29
281,1305504,6.464095888598452e-29,4.206690613016151e-31,2.4447894365786923e-28,3.8684527507206608e-31,5.428850330792739e-28,6.971631638098844e-31,7.524743093878579e-28,9.30875576777823e-31,5.1616552581159015e-31,5.979378740736452e-32,3.3739246488373124e-30,1.2599758940131516e-31,5.9018371167052094e-30,3.0097823853490483e-31,7.551894881392707e-30,5.391421010726578e-31
282,1302915,8.265964999932658e-29,7.291695736489766e-31,2.2835887750463403e-28,9.738810141513995e-31,3.1916562249042707e-28,1.1313463005805928e-30,4.215847332572186e-28,1.4706236988569046e-30,4.9556884847574935e-30,2.4445904122682804e-31,1.604160330583339e-29,4.3405968927307295e-31,2.1117361616270282e-29,5.9077237519132596e-31,2.789294429920461e-29,9.36464324274738e-31
283,1307830,4.586579140436478e-29,2.4770226160269293e-31,1.9642093658444687e-28,2.937722008871742e-31,3.795644206548255e-28,3.833211857328135e-31,4.360610651008121e-28,7.518077056851561e-31,3.267901584134381e-30,7.366031075790731e-32,1.496113270576849e-29,5.743855451967959e-31,2.103629313017164e-29,5.545823455934439e-31,2.967493122656368e-29,7.091124728601805e-31
284,1314067,3.38271579951294e-29,3.2927325947571933e-31,6.955725384293387e-29,3.0210242841085366e-31,8.262852579795377e-29,5.029416222172935e-31,9.38953043590655e-29,7.169742657303928e-31,1.0493692294335464e-29,2.4890204821569875e-31,2.301856836376731e-29,1.9862774792368515e-30,2.47308280142398e-29,3.692861978791187e-31,2.88332227082472e-29,2.5449989847917805e-30
285,1303952,1.049548315674709e-28,8.736724446304479e-31,3.8757931019498317e-28,1.1338824795563815e-30,7.684492507083102e-28,1.5154976085424016e-30,1.0651626802007964e-27,2.4221176746332448e-30,3.660143642521172e-31,1.1418168089316726e-31,2.6518520752136e-30,1.3803251689966946e-31,5.0739349016032695e-30,2.0377072305624114e-31,6.75334211846741e-30,4.533827372383671e-31
286,1305785,5.445399679589198e-29,6.186603290721981e-31,2.4014860285565443e-28,7.178250590809638e-31,4.273516382039821e-28,9.542772002631184e-31,5.996407148063075e-28,1.4987126038012351e-30,1.4662295308610133e-29,3.6111919390229615e-31,6.990649600393125e-29,1.1372041046097173e-30,1.268082198063097e-28,4.096691452228018e-30,1.9371086671850007e-28,8.413561672073323e-30
287,1311632,1.7331455260075337e-29,5.4245858417807105e-31,7.196400081620861e-29,5.205324615577912e-31,1.2708294224115559e-28,7.562050422357725e-31,1.7764502547109403e-28,1.0583859046848178e-30,6.11502804413291e-30,2.342909139476832e-31,3.0120950792647017e-29,9.33189218058532e-31,5.340931427133392e-29,1.4370401906562756e-30,7.643724105584092e-29,3.8639826542513535e-30
288,1303317,9.40739091974397e-29,4.389238231132293e-31,2.4716764121111327e-28,4.314118994765836e-31,4.526601176867564e-28,7.4406657939437745e-31,5.579621762677389e-28,9.886961836225416e-31,5.667185360307079e-30,1.898166158801645e-31,1.648561708749843e-29,1.0152952567939357e-30,2.567893191131482e-29,1.2981897770398452e-30,3.6252204831510166e-29,3.4593903225739644e-30
289,1308326,8.550665723815326e-29,6.7121182239971184e-31,1.6043326174487763e-28,8.378168870896108e-31,1.7577008478117222e-28,1.0939068319729356e-30,2.152654288919313e-28,1.6117764605848744e-30,6.762989703453863e-30,2.145932511961538e-31,1.3077333001722714e-29,3.868715335004336e-31,1.5028128537022332e-29,5.9741237659534876e-31,1.632224171749971e-29,8.027013285723026e-31
290,1309492,2.349407124570091e-29,2.7076552531771328e-31,5.13052655427237e-29,3.0790724255204284e-31,6.406626563530907e-29,4.193393239224433e-31,8.865512781680656e-29,8.257149920713383e-31,7.819825512749548e-30,1.4321675922851882e-31,1.9449363500136282e-29,7.628654295268395e-31,2.4797681811830066e-29,4.2303996770417365e-31,3.435959793910037e-29,2.4517829203754247e-30
291,1309013,7.760832851122673e-28,9.655519706431303e-31,1.5396216316151175e-27,1.2421983807501755e-30,2.1668864474059508e-27,1.5625330917376974e-30,2.5223291874229195e-27,2.431294275699209e-30,1.4990729423123543e-28,5.0270548605830164e-30,2.6430887803351873e-28,6.788459294106346e-30,3.5734761387859412e-28,7.246533459527238e-30,4.593219030554999e-28,2.3824344503640763e-29
292,1304503,2.891819132182413e-29,3.2810500410436303e-31,9.764677487682963e-29,3.440463106219075e-31,1.6426387215355126e-28,4.8453293361064326e-31,2.4500824144998403e-28,9.669730707052191e-31,3.4924106486651654e-30,8.27204156180573e-32,1.5650190942795934e-29,6.538651723934214e-31,2.7912968942997925e-29,5.45636096460436e-31,4.20685253643011e-29,3.5328567874946936e-30
293,1304779,4.8540782097253714e-29,5.33394992639826e-31,1.2814468883396674e-28,7.177409843201169e-31,1.9166471770765643e-28,1.0303134682583962e-30,2.532619347027598e-28,1.3912623653299969e-30,2.41253591013292e-30,1.204565306813897e-31,6.809917497963187e-30,2.683889331956762e-31,1.0097740969234904e-29,4.456425047043147e-31,1.3061685455276509e-29,5.939030695594981e-31
294,1305276,1.7328912498561219e-28,8.230397310525362e-31,4.032427926949662e-28,7.713467490207586e-31,5.995707828720177e-28,1.1085713396964629e-30,7.294054903585418e-28,1.5661236407299176e-30,4.908899539182463e-29,1.2468824057676744e-30,1.132020634598511e-28,4.6000476572906925e-30,1.6066077971166231e-28,3.4195488705364434e-30,1.9910782906679966e-28,8.57248799954023e-30
295,1311247,2.6800274210795e-28,7.620981743106509e-31,9.155238868373257e-28,8.331988287913974e-31,1.24976959643869e-27,1.1881073207219185e-30,1.3925733182460252e-27,1.7664299038600427e-30,1.1330739027740215e-28,2.365457209511772e-30,3.8413386554617446e-28,6.249503126791623e-30,5.223063725779215e-28,2.4798629935138548e-29,7.668529849761603e-28,4.985631344273592e-29
296,1305626,1.6261671313582994e-29,2.672396758096589e-31,3.6442622417893756e-29,2.614831152369317e-31,4.9111527739881293e-29,4.3977871350187205e-31,6.319158466259262e-29,5.7980916959897244e-31,9.240637916923792e-30,2.271170140052084e-31,2.3851298793548146e-29,1.0853961811860021e-30,2.87132360083118e-29,1.5345034052069962e-30,3.7686659082498285e-29,2.6913363648186008e-30
297,1310367,3.352246962549476e-28,7.216289127921438e-31,7.972726994210259e-28,9.117199393296504e-31,1.232119458332261e-27,1.1933373985430554e-30,1.6096105308265828e-27,1.8217637692609422e-30,1.3680867359404555e-28,3.5611969738012264e-30,3.179811112571201e-28,5.662154130267552e-30,5.02891351849033e-28,1.659179401282967e-29,6.627981098920249e-28,2.836933201492594e-29
298,1304501,3.4446174696357934e-29,5.269154631591051e-31,6.874696974805671e-29,6.666419187251456e-31,7.909815622802854e-29,8.547073577366651e-31,8.672402168961586e-29,1.2128605942624208e-30,4.5490182822003264e-30,1.899055957401886e-31,8.300462056193896e-30,2.203697802297853e-31,1.0072045729530189e-29,2.709439666352368e-31,9.721660442564369e-30,4.0829685351693385e-31
299,1303776,3.95009140850951e-29,5.151404653003492e-31,1.6483211971395384e-28,6.213140941259061e-31,2.7729540660958413e-28,8.944809867601568e-31,3.6682542869185837e-28,1.3797116649208272e-30,2.123283746794766e-29,1.877693061402464e-30,7.690093296664194e-29,2.6367092994670623e-30,1.227581708332557e-28,3.44578981274593e-30,1.6731786477806047e-28,9.418675464298673e-30
300,1310182,9.476968931616749e-30,4.0233272114744475e-31,4.456646463912629e-29,5.336696980323527e-31,6.520546870955311e-29,6.654040956105354e-31,8.290984954114073e-29,8.768140342746135e-31,3.8375876029620135e-30,1.8510585627103963e-31,1.6226930567739258e-29,4.015239854424796e-31,2.4527638526371238e-29,1.2942547490143185e-30,3.183601482730262e-29,1.5322733894088152e-30
301,1314047,1.5773613737615058e-29,3.653064449651895e-31,4.0607090864885627e-29,3.635002883070419e-31,5.587513131676488e-29,5.666687453125275e-31,7.858058057854901e-29,7.818524174121428e-31,1.0690830294200311e-30,1.0060106336815171e-31,4.2899841011583596e-30,3.196205813005607e-31,6.262035312972415e-30,4.5002654956196055e-31,7.647752176373715e-30,7.274809997807998e-31
302,1308038,2.7035313792448725e-29,2.502028641423193e-31,8.953170912880696e-29,2.9327880134344097e-31,1.4095510320131834e-28,3.770875242684159e-31,2.0588608844034827e-28,7.221082575135275e-31,2.350056195854101e-30,5.257938249778749e-32,8.444143353274394e-30,2.650682832516069e-31,1.3517595577807174e-29,4.091462747582006e-31,1.8669754764692778e-29,8.36624981097557e-31
303,1314581,8.825722821992439e-30,3.857444287971827e-31,2.2475937187468897e-29,4.8536878462780445e-31,3.595725361470339e-29,6.858001132522467e-31,4.568035348615919e-29,9.090638118274932e-31,9.653589426271472e-31,1.2467098000404323e-31,1.7431561883456223e-30,1.2373686954650967e-31,2.3785345631074417e-30,1.5585430566286328e-31,4.0599307484672484e-30,2.948209621627237e-31
304,1309632,1.645416578766609e-28,1.029489299221503e-30,7.928975290193582e-28,1.2888135763398108e-30,1.3103104213123558e-27,1.6068680832031292e-30,1.7209051400327925e-27,2.681499970904341e-30,7.064832780461474e-30,1.2444775137787788e-30,4.0390299896250197e-29,1.4953303227855346e-30,5.708196758629328e-29,3.1423922333461035e-30,8.373852548350489e-29,5.543156634322412e-30
305,1305387,4.717388957082448e-29,5.077528608072175e-31,1.1444625616574316e-28,6.938728565089429e-31,1.503441952744264e-28,9.413966499032935e-31,1.84462984815581e-28,1.3760913904578967e-30,1.3578221286394738e-29,4.3932398560523755e-31,3.414177368252987e-29,7.347496101311456e-31,4.7250621645246084e-29,2.2214417035344597e-30,6.003473924218097e-29,3.5141417617401394e-30
306,1306736,1.1321902690646423e-28,7.742111495767196e-31,2.9261181553011475e-28,1.0905081046303347e-30,4.883982741622085e-28,1.4539108881794144e-30,6.336391587692796e-28,2.0824250033125522e-30,5.2045724077844056e-30,1.743232686416866e-31,1.5536871912956266e-29,3.180161749839484e-31,2.8534005293804726e-29,8.616247896250679e-31,4.151234321806465e-29,2.3611482939553848e-30
307,1315259,2.0265992372328805e-27,1.4267116548733029e-30,5.194149695719415e-27,1.8485062042167305e-30,8.079994105235508e-27,2.2111723236306576e-30,1.0061038326097524e-26,3.1555265345193985e-30,1.2753770374618178e-29,3.6368204265051213e-31,3.202459971139753e-29,8.227141069752606e-31,4.5250848568642503e-29,1.1761899627842154e-30,5.656136169271084e-29,2.0098542111649483e-30
308,1313026,6.000559472744517e-29,4.80662588467314e-31,1.536855554808649e-28,6.230401286676896e-31,2.2215934966889523e-28,8.851975999796723e-31,2.747052568461855e-28,1.2605528986686555e-30,1.8716752193560297e-29,4.723468925954078e-31,4.546705192966146e-29,2.2176927277205623e-30,6.421323863311413e-29,4.525478874521247e-30,8.324271973905868e-29,8.04387063973953e-30
309,1306390,2.9486166174753357e-29,4.478252189509941e-31,1.1034039233929076e-28,6.633506121424855e-31,1.802876904400379e-28,7.977904576351273e-31,2.53422243145376e-28,1.098025468757494e-30,1.2609708451898535e-29,3.024711882411267e-31,5.10980723198652e-29,9.404091293006891e-31,8.405307890834771e-29,3.1097902117130075e-30,1.2064810452158902e-28,4.222757222184451e-30
310,1314847,6.558581315423219e-29,7.321192638333133e-31,3.197436374115623e-28,7.2301769477691255e-31,6.556667365249585e-28,1.304167706764631e-30,9.555247021846338e-28,1.8036386306784506e-30,3.7545821750997616e-30,1.0680027775262347e-31,2.0666928616554776e-29,1.2909038099681737e-30,3.6203013393226087e-29,1.0161387101294521e-30,5.622675168669635e-29,1.6287910775086416e-30
311,1309874,4.168737188428871e-28,1.3551832606559748e-30,1.4934665210266918e-27,1.5008520169400829e-30,2.3581756812113694e-27,2.1569398694882598e-30,3.075869305466548e-27,3.320480423868509e-30,1.166430637067562e-28,3.1122055709782936e-30,4.432682769233542e-28,1.0568534208003177e-29,8.023612287170019e-28,3.5602556491192846e-29,9.832033527955283e-28,4.876207263207236e-29
312,1308916,6.741469546728789e-29,4.191735248446323e-31,1.4836329767499122e-28,5.488663845635225e-31,1.888190065279556e-28,7.851919642611236e-31,2.314299652933729e-28,1.0415632797860244e-30,2.1727258117058647e-29,2.853545317912469e-31,4.8224120092710513e-29,9.058933016047355e-31,6.287801968690512e-29,1.5206146079826024e-30,7.908731985381211e-29,3.0443526096886382e-30
313,1313698,4.7412809336073085e-29,6.4089552758743765e-31,1.152516692426193e-28,6.25439834550099e-31,1.485507268374079e-28,9.019084893692331e-31,2.019489293166889e-28,1.2357376343585442e-30,2.0307136839459636e-29,9.91769647508278e-31,4.601825788543586e-29,1.6236104639644067e-30,6.265756592582273e-29,3.1046560956814736e-30,9.077693063050955e-29,7.496825432440256e-30
314,1307277,4.4762936370680715e-29,5.765383421367879e-31,1.410382971916633e-28,7.341563625907149e-31,2.154818694519237e-28,8.711490097949911e-31,2.974453790501629e-28,1.2485896825629052e-30,1.9245706591127805e-29,8.366259844276461e-31,6.408969326063721e-29,2.3489333015071012e-30,8.949490367197413e-29,5.138184833328257e-30,1.3132112490155375e-28,6.499287613258425e-30
315,1316465,2.4186572046364498e-29,2.6802345807013166e-31,4.745343805570045e-29,2.9114070256387212e-31,6.019904199672235e-29,4.000363285113799e-31,7.124768827225631e-29,7.970587114677082e-31,4.5162898852266216e-30,1.1321656442111347e-31,7.648914501926758e-30,3.958999056484438e-31,8.748822062794487e-30,2.080228485707638e-31,1.0620955354851439e-29,9.368848447848092e-31
316,1315296,5.979272455906127e-29,5.350572184166709e-31,1.268283281638168e-28,7.1766223559789115e-31,1.450670364132197e-28,9.364532516325161e-31,1.795744466692167e-28,1.1352922123757465e-30,2.1784345999730848e-29,6.604304313726011e-31,4.36874731314066e-29,8.043246244938129e-31,5.205654778633887e-29,1.2327340928893229e-30,6.571415456688126e-29,3.491304609855788e-30
317,1319539,6.954573068177587e-29,5.429605978209721e-31,2.437326046496156e-28,7.026052683508382e-31,3.796148759592639e-28,9.351351910068765e-31,5.186422741034501e-28,1.4209998377671052e-30,2.881526824481667e-29,9.132778279229845e-31,9.911529354214423e-29,5.528317656192175e-30,1.7585397453436867e-28,5.052158182546685e-30,2.438966177949888e-28,8.725885297793676e-30
318,1318266,6.005799747413414e-29,7.631770112917517e-31,2.7128137301190373e-28,8.645740681122411e-31,4.5950754438781175e-28,1.2163310258742882e-30,6.497431619206609e-28,1.9707950204348404e-30,1.4109951525762992e-29,3.8298434951844455e-31,7.078033200450081e-29,1.5460573410651144e-30,1.2787379188060614e-28,5.3054615143737784e-30,2.159442524199162e-28,1.228919181229957e-29
319,1315818,1.5920648716452542e-29,3.452003718092833e-31,6.34930961215562e-29,4.698377954215215e-31,1.0087919200444773e-28,6.384747626666036e-31,1.247700483251331e-28,1.0871208239080936e-30,5.4588735092356536e-30,2.6963683054252504e-31,2.5503412094988725e-29,1.1264733723953461e-30,4.016846032746028e-29,1.4128045852271418e-30,4.822592859354208e-29,2.9566698296566947e-30
320,1318304,1.4451883322006873e-29,4.176652958682869e-31,3.8781943892970504e-29,5.8776409864935115e-31,5.603496263768356e-29,7.550304883999455e-31,7.337669535103537e-29,9.332779907968702e-31,3.50938696797328e-30,1.9575597041064447e-31,9.135965038317456e-30,2.518416792294741e-31,1.3818011290364057e-29,4.661005941912519e-31,2.054764416047191e-29,7.804124421114099e-31
321,1317526,1.507985228649703e-29,2.7415063980604104e-31,3.4508798813615035e-29,2.623190905921081e-31,4.1283857540005145e-29,4.5094679358880505e-31,4.9982819472697457e-29,5.883814410316465e-31,6.943383560177434e-30,1.7226276707802054e-31,1.7298157594134778e-29,5.7974022684334215e-31,1.9474561860862116e-29,8.386441128927653e-31,2.325226650069505e-29,1.8343766461339506e-30
322,1318142,1.5200397681774583e-28,7.247677949929348e-31,3.0109193455727926e-28,7.134215501155871e-31,3.8261465955966414e-28,1.0336286333954421e-30,4.864198234101668e-28,1.6634555535844966e-30,4.290828158156583e-29,7.297566661507464e-31,7.936439168346857e-29,1.6331266553439325e-30,9.712930380251587e-29,3.464659202912947e-30,1.3164290290012636e-28,8.30581329517911e-30
323,1321006,4.156894215840977e-28,1.0877571115102746e-30,1.5863470240583446e-27,1.5179981626530016e-30,2.6257800191787354e-27,2.0386583499761848e-30,3.5817660099708196e-27,2.9360003219103616e-30,5.846885557049022e-30,2.634478453215665e-31,2.1338487063034934e-29,4.819291647043032e-31,3.567055875401165e-29,1.6858980772492446e-30,4.877605267672837e-29,2.862318013763987e-30
324,1319366,1.4947845955569719e-28,7.765889495734791e-31,2.4607943288983237e-28,9.749399059103847e-31,3.134865409406909e-28,1.1780004137240202e-30,3.560222949815126e-28,1.8104793995142584e-30,3.0303888039912556e-29,8.904154475324075e-31,4.877172988458621e-29,9.301832145295348e-31,6.147297568298715e-29,2.4392837757126862e-30,6.896827085820481e-29,3.655865444063572e-30
325,1321973,1.482794795469539e-28,1.0555978763070454e-30,5.280224059982217e-28,1.0826925711381383e-30,8.659235713838607e-28,1.4604341611628722e-30,1.1151403190818114e-27,2.1107138713229986e-30,3.8813376443598434e-29,9.847752035337931e-31,1.7309541656541152e-28,6.0878572116397776e-30,3.090268564852054e-28,2.2013175583083596e-29,4.254181267078459e-28,2.3953949396339237e-29
326,1319821,3.05322904463818e-28,6.599473277323359e-31,5.816897849857684e-28,8.718395403886148e-31,7.551433963799853e-28,1.2223004163275932e-30,9.829862894172412e-28,1.636815394785491e-30,6.515285191223013e-30,2.6267165093035922e-31,1.475124599384001e-29,5.654489638706203e-31,1.8228253256375065e-29,7.956320298982443e-31,2.3145155694294728e-29,1.0437739917183724e-30
327,1318235,1.0142369060937684e-28,7.566481785054606e-31,2.034618097835237e-28,9.102378712378742e-31,2.5485144153576907e-28,1.1580487105053371e-30,3.1251525102767757e-28,1.506627861530364e-30,1.0404892245240117e-29,3.9465676209725824e-31,2.263713814117201e-29,1.013642249334177e-30,2.883342257926015e-29,1.3464868093317357e-30,3.4100247815178335e-29,1.5871653888368754e-30
328,1321450,5.810329997486411e-29,1.0011516629055196e-30,1.055804749725513e-28,1.244952513177057e-30,1.2650897326677966e-28,1.8230047782860284e-30,1.663133937929412e-28,2.5849822061477243e-30,1.1524806892789313e-29,1.2236466350748226e-30,1.985684016271877e-29,7.97422728036184e-31,2.3337960831985682e-29,1.0089282499743136e-30,2.923687096391738e-29,2.3753658662659007e-30
329,1316437,2.626898371440708e-28,4.174783750482137e-30,7.602967407470976e-28,5.280700799488695e-30,3.324950658970574e-28,7.378983266078499e-30,1.983970800704172e-27,9.704364608050537e-30,5.22720613620499e-31,9.325613948086316e-32,1.6237709195109547e-30,1.0559860693583155e-31,1.297360543841197e-30,1.337091391959913e-31,1.2241482933176268e-30,1.9461254714581271e-31
330,1319614,2.3444203747559294e-29,4.177282821295224e-31,8.089253509004737e-29,6.130042739199118e-31,1.2484170300700514e-28,8.343738285345786e-31,1.854318087846734e-28,1.3061561201913073e-30,1.0888054165662197e-29,2.794049216042489e-31,3.9691779121905237e-29,1.5366616194658401e-30,6.689547521255731e-29,2.8086232770135884e-30,9.980774800014063e-29,5.6057530783244456e-30
331,1319840,5.626174077327224e-29,4.520973750096017e-31,1.4838384154559043e-28,6.482303827577002e-31,2.103359951983617e-28,8.92862007139423e-31,2.8015319278224208e-28,1.2744141388993584e-30,1.2943326064101728e-29,3.4393913580032147e-31,3.512125381242904e-29,1.038628536129432e-30,5.080391589536246e-29,2.3374658340266767e-30,6.862338229061463e-29,8.088388605075128e-30
332,1329312,1.626338133681441e-28,4.748374349998231e-31,5.215575495140855e-28,4.834114715928771e-31,8.088098677769284e-28,8.866314816914838e-31,1.1620652239384531e-27,1.1693326027554631e-30,2.5008373823716378e-29,6.8761087649213715e-31,1.162995617609431e-28,5.375188295296768e-30,1.664439801694929e-28,4.6457660032686005e-30,2.5039686522976754e-28,1.5484631562813006e-29
333,1322819,4.288871512996878e-28,5.666606116005416e-30,2.874478375127744e-27,7.695716985466873e-30,2.210278800052412e-27,1.099329301170077e-29,8.128192834811266e-27,1.6948897973598428e-29,6.703678166145142e-30,2.2006021694037017e-31,2.1567061437283386e-29,5.3867908408012935e-31,3.5405278940200144e-29,2.7164589419146284e-30,5.819264043107051e-29,5.5373723341502894e-30
334,1321338,1.5395225845003242e-28,5.995684155574141e-31,2.970404838126216e-28,8.143579653188517e-31,3.8136203143159775e-28,1.0410203455633948e-30,4.8770999593372215e-28,1.5800905432172315e-30,4.643274905816741e-29,1.1900523509197849e-30,8.98829438300873e-29,2.8088107217527943e-30,1.1278330870020324e-28,4.126995469043808e-30,1.469610740593934e-28,6.80988735451486e-30
335,1316989,1.2465268989426503e-28,1.0425482335779917e-30,3.4935348659798418e-28,1.1508331531184523e-30,5.90121736177826e-28,1.5096423368185384e-30,8.091946803479733e-28,2.291036748531459e-30,2.8711503711457973e-30,1.5186713776887554e-31,6.986717424788278e-30,3.95964631447341e-31,7.782679878122663e-30,5.514398594295205e-31,1.2707053761902358e-29,7.741639310339978e-31
336,1320762,5.628057102951149e-29,5.6518134398242805e-31,7.752721811708438e-29,6.9484858277950365e-31,1.0023575800069967e-28,9.457312736365982e-31,1.3153315781181724e-28,1.3879695682904698e-30,1.3817723914292871e-30,9.450926242073305e-32,2.4216684861733973e-30,1.0266910760263024e-31,3.067165572911732e-30,1.4253090685083855e-31,3.54052414228244e-30,2.084758970152414e-31
337,1315890,2.491099916291302e-29,5.444951174415668e-31,8.672930532790391e-29,6.575704051793944e-31,1.4635563190318892e-28,9.004173400167679e-31,2.023934940166556e-28,1.3856364444483568e-30,3.164452075105516e-30,4.779665731847677e-31,1.6626678568371256e-29,5.4122733478391305e-31,3.06654491428207e-29,9.003497094894344e-31,4.320693810053143e-29,3.5729841342143985e-30
338,1316831,1.5098925463336067e-28,1.278783685009678e-30,4.0967433933476295e-28,1.2509835494952882e-30,5.94882629338979e-28,1.8087572758084992e-30,8.410095878139895e-28,2.4789050874098583e-30,6.832887276738801e-30,4.018575179122996e-31,1.88731786453219e-29,6.7990850894619295e-31,2.701533489925373e-29,1.3493852602832304e-30,3.541660051428894e-29,2.9320140752470123e-30
339,1317783,3.332103088847344e-29,4.376561038444271e-31,5.567879429509753e-29,5.991578756100735e-31,5.848974851392416e-29,7.994899028388127e-31,6.69665797291277e-29,1.1826441980316978e-30,7.999107004546218e-30,3.1357986052935207e-31,1.3679220399726793e-29,6.7080279361481025e-31,1.7012340793712646e-29,8.0837107775154e-31,1.831713747884169e-29,1.086822565633092e-30
340,1321492,1.4994793540152778e-29,5.152057717692822e-31,6.479758605733615e-29,5.90461063293791e-31,1.3062087589250508e-28,7.890317963732363e-31,1.8151757228371222e-28,1.2542628014189429e-30,4.6626388217456175e-30,5.752022652969118e-31,1.5718792787716168e-29,6.098019902026403e-31,3.3590298570209564e-29,9.854072128153936e-31,4.6302581542148973e-29,3.539356051124189e-30
341,1316884,1.7816086463005835e-28,1.175889699182543e-30,9.240772120960725e-28,1.2994426782994644e-30,1.7092226709346644e-27,1.9071525441827124e-30,2.3622482403388605e-27,2.4004155062671438e-30,3.0825870086216887e-30,2.6365123082150016e-31,1.2226392196702803e-29,3.876552463871309e-31,2.2261808855547207e-29,1.1304638551367606e-30,3.6469777765429425e-29,3.1957807372969534e-30
342,1324790,2.6404682422112005e-29,4.961824741716206e-31,5.926010780465694e-29,6.7197632835910625e-31,7.218304401967105e-29,9.641921854687308e-31,8.298360009619364e-29,1.4277756043871372e-30,2.5445541612209868e-30,1.2363454069718648e-31,6.0397443239361524e-30,2.777745189609968e-31,6.060096919356997e-30,2.314560724887139e-31,8.332935772889639e-30,3.889271573965002e-31
343,1323988,5.274997215007527e-29,7.11360397662263e-31,2.5495188165096068e-28,8.578559479889097e-31,4.763328396555008e-28,1.095393993958285e-30,6.8554012628389345e-28,1.773160917374851e-30,1.0196268634601006e-29,3.389741975463801e-31,5.10936664998688e-29,1.5811004631371564e-30,9.876899219617563e-29,2.066230517372974e-30,1.39514790012785e-28,6.986369629408971e-30
344,1329615,8.449616135935214e-29,7.678933125835976e-31,3.5086458228253836e-28,9.568706991991198e-31,6.0386425801366235e-28,1.1726512705365907e-30,8.284699097848904e-28,1.7475613479195437e-30,8.035453107221259e-30,2.4501485188613803e-31,3.1173856903401905e-29,8.383515428037246e-31,5.07087141873613e-29,1.389708912706543e-30,6.984793943562193e-29,4.39799797361976e-30
345,1317565,1.2466475312632515e-28,5.081602989770993e-31,3.169385330635333e-28,4.507211135808496e-31,5.227029869683135e-28,7.855284363513225e-31,6.11607788293293e-28,1.0557256878979944e-30,2.4498369681516387e-29,7.255010094475359e-31,6.280376696221666e-29,3.5459879528910016e-30,7.304355950887424e-29,1.645206229232475e-30,1.1760455084196455e-28,6.812826565978389e-30
346,1324582,6.244662146510268e-29,5.6751808703438395e-31,3.273974790099195e-28,7.674420524882011e-31,5.762027272254922e-28,1.1341754310471673e-30,7.780957613665336e-28,1.6124893774304893e-30,6.545722303568487e-30,1.6748786845803856e-31,3.107843466954148e-29,1.4014209337830786e-30,5.27378293363786e-29,2.4086201483278806e-30,7.456089425432843e-29,3.1373744758806872e-30
347,1319711,7.666507470822443e-29,3.234679012378961e-31,2.295030319155276e-28,2.920261781327267e-31,3.9622209300914324e-28,5.140763579348325e-31,4.6047802169316915e-28,6.816283994290404e-31,5.693087140827532e-29,1.3126286750851551e-30,2.3192139940935503e-28,1.993674934763401e-29,2.3353512792645275e-28,3.4285111915962675e-30,3.5026954753906883e-28,3.0868622928928604e-29
348,1318661,1.443224353093175e-28,7.394747893957211e-31,5.697105212420677e-28,9.6928495430769e-31,9.061235133895313e-28,1.3111908872636612e-30,1.2363412548900039e-27,1.8796834780149743e-30,3.4107953897562605e-29,8.046896486853332e-31,1.3858305042213086e-28,2.2961337499579048e-30,2.379475901020801e-28,1.0201170028720235e-29,3.454040953352201e-28,2.707359883041817e-29
349,1329622,2.4895933327248657e-29,4.908773219257683e-31,6.927911794048802e-29,6.276323072649657e-31,9.399752960703099e-29,7.8834569854538575e-31,1.1851512806259682e-28,1.187204078069503e-30,4.477354461665319e-30,1.7148958189550832e-31,1.3668883744427036e-29,3.351495540583901e-31,1.7584245315404186e-29,4.134947941124678e-31,2.2423196927238123e-29,1.6717272514791852e-30
350,1320126,2.465790354746069e-29,4.9398062455930205e-31,1.2631767830823998e-28,5.363688847607369e-31,2.5527319786793827e-28,7.670178828535514e-31,3.619431110838886e-28,1.1589199877843602e-30,4.4537237947234506e-30,1.9082483879653088e-31,3.2407684450617e-29,6.097028043570746e-31,6.106281384274401e-29,2.4155094122106097e-30,8.677403152585482e-29,4.344791671537933e-30
351,1330304,1.3050917888794576e-28,2.8024357650214265e-31,5.531836599645783e-28,3.216135655711487e-31,1.028023087416068e-27,4.324489980894237e-31,1.0773739135620015e-27,7.896200164576911e-31,2.2241179092393603e-30,5.474956936871761e-32,1.2142492941496405e-29,8.261295342885325e-31,2.0441393488025985e-29,5.124514986373645e-31,2.1413369085284586e-29,8.284972416962776e-31
352,1320704,4.655757820256835e-28,1.1592560257172414e-30,1.2553204729911169e-27,1.3850389105016691e-30,1.8639784483974205e-27,1.7264005489524105e-30,2.452824003152909e-27,2.5959681865693776e-30,9.079598195439623e-29,1.7501556363941455e-30,3.0621808285020497e-28,6.690338281159496e-30,4.765764548779409e-28,1.9109076428003e-29,6.5500691585994875e-28,2.9745747356292805e-29
353,1328016,1.105010687425475e-28,4.8495447815332364e-31,4.350441911891823e-28,6.807390464053332e-31,7.116453943633723e-28,9.957592032486499e-31,9.325878977079722e-28,1.3799372820678749e-30,4.7916660244053655e-29,1.2527323535899165e-30,1.934068827786558e-28,4.445220246601341e-30,3.27162676461773e-28,9.605932237820442e-30,4.382968977971239e-28,2.1359084254827185e-29
354,1316701,3.754931074641093e-29,6.035264776532385e-31,8.539847911004086e-29,7.169871806830782e-31,1.0013095469827393e-28,9.121460356485598e-31,1.275578731963565e-28,1.4935134944519085e-30,1.3261997650927596e-29,4.419293953819798e-31,2.6123450034997864e-29,8.181143260253372e-31,3.162405080695789e-29,6.761784003913335e-31,4.071954529287638e-29,2.0488839395767933e-30
355,1328089,2.857260060203691e-29,4.343907492241719e-31,6.012485020754743e-29,5.336483783404041e-31,7.862968859444024e-29,7.544703519413393e-31,9.090320641341487e-29,1.1530215722878309e-30,1.2440877251344663e-30,1.350495631095581e-31,1.2632587518057672e-30,1.0143479052081332e-31,1.3779478259161052e-30,1.1977606199402267e-31,2.8227457810287927e-30,1.871670400845064e-31
356,1328105,3.033301135623809e-28,8.87372903049457e-31,9.097327862651892e-28,1.1073481559780815e-30,1.3283279751362376e-27,1.6415580584487863e-30,1.8451033294538057e-27,2.460352605850257e-30,6.2510617641984676e-30,2.2737855743087877e-31,1.804489960962521e-29,4.1065008345757725e-31,2.4885217992642181e-29,7.656447700822899e-31,3.292234337025029e-29,1.3622759340684068e-30
357,1324562,8.953659307228107e-29,5.285819140090959e-31,2.3769345994850846e-28,7.321355148566885e-31,3.5205490786700475e-28,1.0370812261689103e-30,4.7570395207125e-28,1.461610250523097e-30,8.390719318857081e-30,2.245268270366082e-31,2.155492893052479e-29,9.038395775160551e-31,3.086751881236368e-29,1.4397755262548711e-30,4.2911624885650586e-29,4.915838830965177e-30
358,1323106,3.7263531876149182e-28,1.1073743720084225e-30,7.326740433693821e-28,1.053266061402163e-30,8.990277016458963e-28,1.4840239447374392e-30,1.1578704646005159e-27,2.0975929577797934e-30,7.484823935601474e-29,1.891490240218329e-30,1.575303503205938e-28,4.4418924264885616e-30,2.108793547072658e-28,4.43534754181103e-30,2.7606082328507096e-28,8.635871239178272e-30
359,1318689,6.1067989952593925e-30,3.928357994584977e-31,1.359631320431653e-29,5.1401567916514245e-31,1.6240279975904074e-29,7.247474458442806e-31,1.7331258905116878e-29,1.068751008878404e-30,2.0224161530161622e-30,1.009479768897412e-31,4.5443559859694494e-30,1.3604618492632642e-31,5.3339400624147965e-30,2.1158421245050324e-31,5.4886060200732056e-30,2.4842443291071473e-31
360,1324685,2.4313842646097537e-29,2.42128878633958e-31,6.517110657453443e-29,2.705476440834605e-31,9.504967843750251e-29,3.980905755039323e-31,1.242182724507274e-28,7.340011761995373e-31,1.1595706632501e-31,4.291624850106442e-32,3.286408910878905e-31,3.441894920502775e-32,4.449126164302756e-31,5.011582921784327e-32,4.267140695893824e-31,8.341215989387162e-32
361,1320278,1.3590032332302312e-28,9.827512256561646e-31,3.405575169010269e-28,1.2426896542098985e-30,5.539534984935924e-28,1.5909412130296374e-30,7.5275823216373135e-28,2.1518225665676688e-30,1.3168143029034085e-29,3.958832559779134e-31,3.4944298945914186e-29,1.1702925729621626e-30,5.734293220442022e-29,2.337815871443264e-30,8.196898209690016e-29,5.0773945479954724e-30
362,1330530,3.1208469719212976e-29,3.6955399560852816e-31,9.095717301928321e-29,5.368632565246073e-31,1.4355450570416426e-28,7.26416455491531e-31,1.9296716342820021e-28,1.0511954291489171e-30,9.987617512237029e-30,2.332892753365414e-31,2.9433936374098725e-29,7.7289302640388735e-31,5.11110051561979e-29,1.7883724904405207e-30,6.891290605905175e-29,1.908879128892781e-30
363,1330533,3.87027670060334e-29,3.993198011963656e-31,1.438599446363974e-28,5.662334427736756e-31,2.237175123792219e-28,7.802468056322439e-31,2.9122134022900876e-28,1.1538656423087118e-30,1.630126606176695e-29,3.7805831247183302e-31,6.461648451916933e-29,1.919869560409512e-30,1.075193154817132e-28,2.8129654633378964e-30,1.4828563760474462e-28,6.50299321824387e-30
364,1319066,1.5670728995204786e-29,3.271212030788959e-31,3.1472543677128905e-29,4.1358753000831805e-31,3.541111637368148e-29,5.743552608095846e-31,4.577378515364599e-29,9.72681317297926e-31,8.928520175069579e-30,2.491728116458157e-31,1.68952099115422e-29,4.860960396513977e-31,2.0352056339994718e-29,7.879044920925005e-31,2.478590027985179e-29,1.4817694807467697e-30
365,1324509,5.432453735105855e-28,6.654546184171231e-31,1.033987272358362e-27,8.481013202332199e-31,1.5094055023683884e-27,1.147561912030567e-30,1.8118320587003663e-27,1.6109488628292213e-30,2.245618321596068e-28,4.28459791400788e-30,4.5325762318217995e-28,1.6928733939719168e-29,7.403072565904997e-28,5.647023097745827e-29,8.643145163056469e-28,7.971461397615713e-29
366,1322954,1.3691962228672193e-29,2.400350978516064e-31,4.720310957827438e-29,2.721489171221071e-31,7.833708175682178e-29,3.6635356277735525e-31,1.1328282808556423e-28,7.1379198890655475e-31,6.851762279908607e-31,5.339916353618087e-32,4.061313526139749e-30,2.255759898543776e-31,7.794998855056452e-30,2.493293403617023e-31,9.647332559267243e-30,9.552461542442537e-31
367,1323600,2.266458809527183e-28,9.396513694219071e-31,5.9344260066628315e-28,1.2548381925796452e-30,8.028130682826965e-28,1.5621036239089126e-30,1.0748052796610633e-27,2.358701187574731e-30,9.020496159310012e-30,3.2456200669602913e-31,1.995714382891765e-29,7.749921776792163e-31,2.5484775907868966e-29,1.2345531906749734e-30,3.1341142834067573e-29,1.2007213873559826e-30
368,1333291,2.2711393769975618e-29,2.3032442286271977e-31,7.360718411716664e-29,2.247485589768777e-31,1.1454272334544282e-28,4.264420158319689e-31,1.4040972323591287e-28,5.836271765886751e-31,8.732195569285367e-30,2.110870029324326e-31,3.1876496788452565e-29,1.4468746625996495e-30,4.4454092760327626e-29,1.7003201921532756e-30,5.852542046292095e-29,2.155855675485665e-30
369,1334645,2.665661571717825e-28,1.0946442083496498e-30,6.9434022434682e-28,1.3732803502230592e-30,9.936133446418942e-28,1.7093184561282354e-30,1.2306974403184174e-27,2.575546749257595e-30,1.1254857092752545e-29,3.5576707230003768e-31,2.819811392450397e-29,7.938276506948273e-31,4.102177966264005e-29,1.3507654304105265e-30,5.367297284436974e-29,3.4100839490417376e-30
370,1339450,1.3279554814036446e-28,8.214333490963007e-31,4.4971143688872135e-28,1.0070399027743625e-30,8.167587775280427e-28,1.3784771696003183e-30,1.0849397238810262e-27,2.170780390936205e-30,5.6618737690377006e-30,1.805773895084837e-31,1.5908996736211858e-29,6.151834646888082e-31,2.741961584615145e-29,1.4153945580674461e-30,3.738525254298309e-29,2.0587989507294986e-30
371,1338324,2.8154619447874e-29,5.47886357145016e-31,7.993459819771385e-29,5.487324998091896e-31,1.1571972534432611e-28,7.535907379176095e-31,1.5987539995800718e-28,1.1766018693150204e-30,1.1097989572270817e-29,3.716464036754847e-31,3.0283681587951886e-29,6.99141456483305e-31,4.3471301037284624e-29,2.5925214842028442e-30,6.267234675750641e-29,3.6722421107254895e-30
372,1335671,7.683318914949066e-29,6.011572865870723e-31,3.2234751896961273e-28,8.03285805982611e-31,6.0818364592653025e-28,1.1227440482348249e-30,8.182954408930972e-28,1.7685430433260733e-30,1.2906140094529549e-30,8.928579681806546e-32,3.732262099315615e-30,1.2983126643056915e-31,6.289021347616649e-30,2.230452607023662e-31,9.0574050195673e-30,4.696744428844425e-31
373,1334644,4.225311900468797e-28,1.4877877711061489e-30,1.6165964803473745e-27,1.937276553366067e-30,2.6027677863421428e-27,2.3991633640888823e-30,3.276244018374595e-27,3.6915026494980195e-30,5.762402583522328e-30,2.689051399915445e-31,2.1831782630413453e-29,6.986222950549643e-31,3.246104634546272e-29,8.177357572385756e-31,4.755070818948554e-29,3.6689029972138064e-30
374,1337267,3.8062233751653684e-29,5.17295182059613e-31,7.09946506148212e-29,5.242448582171178e-31,8.113833800791904e-29,7.319103275061466e-31,9.409081220326427e-29,1.1237371439041162e-30,1.2563901845549857e-29,3.429452238736077e-31,2.430802004111742e-29,6.140080756131738e-31,2.8203039034275344e-29,1.5702328365111678e-30,3.33586073808112e-29,1.5402869222438124e-30
375,1331513,3.6389164893348615e-29,4.482893160451784e-31,9.28892102181748e-29,6.088611953621544e-31,1.229946861122308e-28,7.378683656430837e-31,1.6060579841120603e-28,1.0834802550152186e-30,1.7798475723607265e-29,6.153666160246365e-31,4.701364424135881e-29,1.3290387202170722e-30,6.066286898439343e-29,2.5732900027020548e-30,8.268758723718476e-29,3.681419873099e-30
376,1342712,3.759669270105582e-29,5.685114105397208e-31,1.9199224930539958e-28,7.364759097047934e-31,3.7166288610306735e-28,9.254648926017184e-31,4.950318006195143e-28,1.3826400547644256e-30,1.1495823542440579e-29,3.377852085360248e-31,5.809417346792762e-29,1.348103489931499e-30,1.132246966163049e-28,2.5367350254837363e-30,1.6876862216259835e-28,1.2514838836745916e-29
377,1334742,1.6291842808599566e-29,4.727876331692044e-31,7.838584883606705e-29,6.020708273146928e-31,1.4999229789626594e-28,7.938665129588357e-31,2.1723262221733683e-28,1.1264001561600151e-30,2.096732297807397e-30,1.6130131716357103e-31,1.1099978251887896e-29,3.521631738849724e-31,1.9686916701123958e-29,9.859899164492407e-31,2.320233694129561e-29,9.245853774837392e-31
378,1342906,6.079802115369146e-29,4.569304644347822e-31,2.9438501459335173e-28,6.573957592545617e-31,5.455558115277074e-28,8.709477196207281e-31,7.180136702276694e-28,1.2268308176654131e-30,2.45035588377603e-29,5.4264928126464375e-31,1.1998296650289064e-28,2.759701502744745e-30,2.27317558824817e-28,7.018805486154523e-30,3.277094549749125e-28,1.6762233925450613e-29
379,1336453,2.108444925728725e-28,8.970219232547148e-31,2.9283497275447468e-28,1.1300849856430438e-30,3.3248207211644643e-28,1.4221255091457124e-30,3.567934118865865e-28,2.024963056901325e-30,7.387566987045381e-29,1.847420299790585e-30,1.1195716361867e-28,2.7549519767804245e-30,1.3400812486977623e-28,5.649916833887864e-30,1.486611559273848e-28,4.9120035894039074e-30
380,1331123,6.1110237033058275e-28,1.1279690282921896e-30,1.9383083937611987e-27,1.3750841866024431e-30,3.0160382911053617e-27,1.8621676490034603e-30,4.212683963966367e-27,2.814895768314116e-30,1.0038715873508513e-29,3.1833318197164077e-31,2.652577703389336e-29,7.436210047983984e-31,4.0436155349426056e-29,1.1320302649180266e-30,5.481065384642765e-29,3.0108363435732197e-30
381,1335756,4.0636110185154497e-29,5.419195515944827e-31,1.7283841238597869e-28,6.913931648164521e-31,2.772640337040649e-28,9.030394301583489e-31,3.7075811751311886e-28,1.2836239821252802e-30,1.1458440783863515e-29,3.7367820659627054e-31,4.891215192509163e-29,1.2830017741816504e-30,9.131942218425176e-29,3.2274808621232445e-30,1.210166616934384e-28,6.443250660211105e-30
382,1336687,3.751964312336565e-29,5.6437864966816115e-31,5.314838092839889e-29,7.165138985140735e-31,5.66354278552181e-29,9.013807205728642e-31,6.189870237196725e-29,1.36046156172417e-30,1.7088717702262998e-29,5.084489785459536e-31,2.4274604899243002e-29,5.88700099150348e-31,2.775379748163025e-29,6.536508338118635e-31,2.7115550504904056e-29,2.0288837395967875e-30
383,1339702,1.3021295010984182e-28,6.2852210928536825e-31,2.5259030061763166e-28,8.051010316346082e-31,3.445678736518189e-28,1.193404865084326e-30,4.316414495867215e-28,1.7047084451515296e-30,7.671845394492756e-29,1.4366806840972196e-30,1.481387135034756e-28,2.376925266411493e-30,2.032669262025146e-28,5.4095367661748e-30,2.4276712013651075e-28,1.4211550005492504e-29
384,1336150,6.858714436067479e-29,4.1126220643005225e-31,1.3247005605811576e-28,5.513148837207207e-31,1.62610915458705e-28,7.695247142564623e-31,2.193401229486455e-28,1.1012162098311144e-30,3.003394435631783e-29,5.572077503582876e-31,5.965657360865655e-29,1.4161417487155984e-30,7.463394391010003e-29,1.7708196853306716e-30,1.006063104938014e-28,5.254743684884115e-30
385,1344355,6.323323953383403e-29,4.826111030076831e-31,1.0698389231327035e-28,6.312623443252791e-31,1.3183389031937716e-28,7.424996772511689e-31,1.4283631213940532e-28,1.1328721590366005e-30,1.3591931622153871e-30,1.6790609354977495e-31,3.14821813459498e-30,1.8823246234946195e-31,2.9586913659902507e-30,2.4096711035175838e-31,3.607079044875553e-30,2.8794901764387823e-31
386,1334087,3.883613031374925e-28,8.671123170766683e-31,1.3176342687062919e-27,1.2499321352293925e-30,2.0249914637188287e-27,1.4588134552127741e-30,2.645607398794513e-27,2.0337885494956312e-30,1.0932368465615415e-29,2.774735560377583e-31,3.7160499311365754e-29,1.4525315457308044e-30,5.456446336814782e-29,2.7363607812109148e-30,7.114434370238993e-29,3.253644569082405e-30
387,1334620,3.848732769868668e-28,7.869802199978988e-31,7.797393379110528e-28,9.478719656131941e-31,1.099171330134472e-27,1.1971076849699831e-30,1.2798711731146755e-27,1.9168134359935004e-30,1.35201225049278e-28,3.225827669446636e-30,2.713709062611654e-28,5.6556884652690346e-30,3.923877354553121e-28,1.2759071953440546e-29,5.189933614869238e-28,2.923271695678337e-29
388,1333246,1.1958110024846458e-28,8.564281472611583e-31,3.8523767545451084e-28,1.1181464379127363e-30,5.775375206907627e-28,1.3895417747640569e-30,7.857053748554449e-28,1.8683592968658644e-30,2.413463603053729e-29,9.373346600297151e-31,7.540794018655048e-29,2.4638271315031378e-30,1.2782020313205599e-28,9.207514441449293e-30,1.7721715509769087e-28,9.478188442694765e-30
389,1335432,4.29682692373672e-29,3.1532594450399164e-31,1.2762330439426198e-28,3.5500227709900993e-31,1.7623767479046483e-28,4.660990549733644e-31,2.645574619341493e-28,9.123174161241758e-31,4.0620768147693594e-30,1.016745358583941e-31,1.1200286825606048e-29,3.645001886013969e-31,1.3880103599059194e-29,3.709155825573701e-31,1.942717948378616e-29,6.384430349088481e-31
390,1335885,1.186429881725443e-28,5.269462759978638e-31,3.853092469614621e-28,7.031272437967579e-31,6.303697309720587e-28,9.992009181161704e-31,8.844353320375097e-28,1.3187408419177248e-30,1.4143302239650178e-29,1.9980704461676622e-31,4.272945961778063e-29,8.053837625774431e-31,6.944905478004018e-29,1.6803209179072796e-30,9.970693308913851e-29,3.838432422369197e-30
391,1340539,1.1275507744896239e-29,3.1833825748450752e-31,2.617572282631028e-29,4.222839182623646e-31,3.3184196617227256e-29,5.588853186918397e-31,4.2635336250009417e-29,8.24474893821038e-31,5.0669828790005536e-30,1.6989787692416676e-31,1.2139346642999429e-29,3.139464499779301e-31,1.5865984742328142e-29,3.8718574372055327e-31,1.9066540685912465e-29,8.042371525686822e-31
392,1334423,7.005204601965704e-29,6.660289245518943e-31,1.2252519469752126e-28,8.717160052237714e-31,1.2300004062936143e-28,1.1067011421371206e-30,1.561948104776774e-28,1.5469486942558516e-30,1.7967481190331234e-29,5.430857983619842e-31,3.230735290912624e-29,6.0977647072437245e-31,3.9425631271622057e-29,1.1108059350132831e-30,4.571857099183298e-29,2.2905459321680952e-30
393,1340706,5.190942406818132e-29,2.756633594066851e-31,9.733405725661553e-29,2.756871593415343e-31,1.3179297244563615e-28,5.006666130968935e-31,1.623407536707205e-28,7.08712944898046e-31,3.096894753433222e-29,1.0723124758611236e-30,6.895502851896789e-29,3.577864023172177e-30,8.030572210823044e-29,3.2179723432078555e-30,1.0177423257591783e-28,6.372880552217909e-30
394,1334448,2.0716154435760653e-29,5.280193068762343e-31,1.1310375440484567e-28,5.348209481286764e-31,2.347457320260041e-28,7.804758925504124e-31,3.547669092832612e-28,1.185754801979286e-30,6.378823702962509e-30,2.1813081254703486e-31,3.744005987611432e-29,7.512893468341291e-31,8.426751526260274e-29,4.886397113057183e-30,1.225676507358048e-28,7.090712651983514e-30
395,1342647,5.118072994275048e-29,4.681657524439111e-31,1.2500440098225731e-28,6.75380538659115e-31,1.7168675769258072e-28,9.134186808078505e-31,2.064841435319086e-28,1.3775454062341482e-30,8.413469128789895e-30,1.571280611309791e-31,2.1576545046477506e-29,5.511788893538228e-31,3.0348359131108046e-29,7.469340451981756e-31,4.0221443779103364e-29,2.2300736746013624e-30
396,1338471,2.963242497141461e-29,5.770614543230371e-31,8.964851173422532e-29,7.3800537679541904e-31,1.3193843103784892e-28,9.935675231987803e-31,1.7839654298192059e-28,1.524806927613562e-30,2.787387024476508e-30,1.251389602845503e-31,1.0732975781265075e-29,6.049717587766381e-31,1.5004925383639414e-29,4.4526804767432284e-31,1.988178313137295e-29,7.293167806268198e-31
397,1338675,4.76319668516476e-29,3.7979115474637232e-31,8.496939319703321e-29,3.627719954105706e-31,1.0483656237764227e-28,6.342778767743789e-31,1.3324160377307762e-28,9.363580646498133e-31,1.957199729757785e-29,3.0377145758609022e-31,3.8118316468635925e-29,2.367375177276229e-30,4.1591918883847005e-29,1.5166518619317602e-30,5.201718645184403e-29,4.7122065365141555e-30
398,1338128,3.1465786417576826e-29,3.9209100875000222e-31,5.745721988543623e-29,4.988726323022286e-31,6.58869975336049e-29,6.694340809655702e-31,8.047722059113967e-29,1.0176646302868427e-30,1.9566779381438088e-29,4.433335837195146e-31,3.6671666225197925e-29,1.1185196140199528e-30,4.391994544089975e-29,1.817868628047586e-30,5.127590131441997e-29,2.572783935797136e-30
399,1335305,1.6363087420018475e-28,7.009584041008213e-31,2.722446140436816e-28,9.312044159254036e-31,2.741981060679285e-28,1.0876759569824748e-30,3.806946616916972e-28,1.6161194058164377e-30,2.51273858194958e-29,5.642182953038606e-31,4.23109719944206e-29,9.686965002870007e-31,4.2879028120172155e-29,2.1235407929275547e-30,5.871528361597213e-29,2.913930094846232e-30
400,1338170,3.537280349979237e-29,3.965696547209944e-31,1.34541284559048e-28,5.03640651776695e-31,1.9909030702893393e-28,6.962471984523879e-31,2.600807987743589e-28,1.0702595093625086e-30,7.331923983386516e-30,2.707537885143317e-31,2.9389299708833506e-29,7.494179325210894e-31,4.4785145712455604e-29,1.7446219856335248e-30,5.509296564213155e-29,2.3650634525791923e-30
401,1341857,4.13577337480349e-29,4.862213082068213e-31,1.9300570080360923e-28,6.312431227552641e-31,3.729488640022575e-28,8.3845801113949e-31,5.149514993456281e-28,1.2564580411499143e-30,6.1431975680642025e-30,1.4889133175709655e-31,3.1272265803004046e-29,7.1805712125311015e-31,6.089345128887472e-29,1.8875062895077842e-30,8.475095362273363e-29,1.944863213165596e-30
402,1341894,1.5747952146477064e-28,8.713686777878926e-31,2.924056976485142e-28,9.195470619374804e-31,3.527429718991974e-28,1.3894864945621417e-30,4.473760907263268e-28,1.8799656783255588e-30,3.763706573872623e-29,9.713876564432861e-31,7.372113335989136e-29,2.8494022759947748e-30,9.618819125866432e-29,7.544183300157018e-30,1.1938558118232371e-28,8.451311019759659e-30
403,1332721,2.1965434587249272e-29,3.9791620811094364e-31,6.395342688374334e-29,5.773042156185213e-31,9.351578600693251e-29,7.808628172725652e-31,1.2009705534351932e-28,1.0788758935194193e-30,7.356452288442553e-30,1.8001420241883607e-31,2.048118051953181e-29,2.593427244585293e-31,2.883784161473449e-29,4.893988411810466e-31,3.894478482113018e-29,1.0570073899337431e-30
404,1339703,4.8583891850645917e-29,4.09728111152292e-31,2.35605105175862e-28,5.4587339148798255e-31,3.835182788182986e-28,7.988061618319181e-31,5.138773820690004e-28,1.1292820848099362e-30,2.214342601092628e-29,4.298739588156321e-31,1.0645437032672236e-28,1.7079978151067972e-30,1.680347580415717e-28,4.4715121864914866e-30,2.2569917060893253e-28,1.3212718922276268e-29
405,1332819,1.3579069022813263e-28,3.279837721811282e-31,4.364574871787129e-28,3.8347705213547756e-31,7.066118784438762e-28,5.246006207781131e-31,9.32123156786042e-28,9.574224794970664e-31,3.688946081087077e-29,5.2615589845460294e-31,1.185757810647083e-28,6.380517300792211e-30,1.8241693616102085e-28,4.5529450900455234e-30,2.452900685691369e-28,8.719077493594168e-30
406,1338762,1.2365281255875867e-28,4.378614436377882e-31,2.3652761572534268e-28,5.818753713012099e-31,2.924949210135781e-28,7.683826511845656e-31,3.4986909934992287e-28,1.1230288024366956e-30,9.57918181393268e-31,8.872931336876838e-32,1.7339155985930995e-30,8.540208076239198e-32,2.1757452969528625e-30,1.2230925605472952e-31,2.4244132730880654e-30,1.6778264674767626e-31
407,1336480,2.1305750159615566e-28,6.712605315521549e-31,3.9287962713845837e-28,8.439910851570164e-31,5.329526613369615e-28,1.0433655385908091e-30,6.127678799931584e-28,1.4215790492234746e-30,4.45434381697954e-29,1.1192602532031577e-30,7.839115062659222e-29,1.910239074347852e-30,1.0773548210091735e-28,4.050004544655213e-30,1.177110240088197e-28,4.394812353341692e-30
408,1339756,4.465408639437457e-28,1.0408411311926474e-30,1.5376191441507132e-27,1.2384094337760294e-30,2.3953418223843485e-27,1.812596364732304e-30,3.277367655502973e-27,2.7198050779780516e-30,1.299905186346424e-28,2.8614039806367682e-30,4.817092505560103e-28,9.267017199293817e-30,7.736079988364363e-28,1.974628746929509e-29,1.0224448697105005e-27,5.258222362712299e-29
409,1340954,6.064514878906594e-28,1.0129540613675656e-30,2.1811754678713022e-27,1.3739023708979354e-30,3.57726180644557e-27,1.8654578984556586e-30,4.77992383104149e-27,3.0100631827005506e-30,1.1542682943295993e-29,3.008837172762333e-31,4.01882408996729e-29,1.867098496106024e-30,6.317317284302198e-29,2.9583626954387523e-30,8.789139049994803e-29,5.4177071483949824e-30
410,1341000,3.6900265026398956e-29,3.4169225310248333e-31,7.92355352509986e-29,4.339829583290848e-31,1.026016715097929e-28,5.892554202982413e-31,1.2353196116366746e-28,9.776798743680231e-31,1.3725291922853196e-29,2.496239888130744e-31,2.9701953404229603e-29,7.393280879766438e-31,4.0660939873068967e-29,1.7213116055490063e-30,4.8525344715552533e-29,3.3095721625246004e-30
411,1337272,4.841747399568303e-30,4.115952464079024e-31,9.085430501962677e-30,3.9012066182774524e-31,1.0644322986133889e-29,5.340612795375942e-31,1.4046429565646762e-29,8.42351340337881e-31,2.0594882685975112e-30,1.6073495172091252e-31,3.702671688584188e-30,1.5551658341599892e-31,4.6205261523936266e-30,4.785908163825784e-31,4.5320790304104034e-30,2.4604864794317423e-31
412,1331344,2.7009199154281056e-29,4.587326183187793e-31,6.101114505189342e-29,4.593277165042401e-31,8.232885127013965e-29,6.485681174559197e-31,1.0543023229113134e-28,1.0151634289144943e-30,1.068913584508038e-29,2.584273690390334e-31,2.4902605623490958e-29,4.745433315739635e-31,3.404347849420205e-29,2.0776011165285643e-30,4.1953223077784486e-29,1.3047178138241609e-30
413,1337971,2.4446217405655937e-29,3.6932015956538312e-31,1.0848894600259514e-28,5.393138772717702e-31,1.814342863883375e-28,7.293107044991004e-31,2.5824769034132533e-28,1.0966045991935522e-30,1.0040892507476913e-29,1.8443653455804083e-31,4.569055651266913e-29,1.1563282942121592e-30,8.044461155672086e-29,1.960676096269864e-30,1.136781729885761e-28,6.2908969583739815e-30
414,1338430,5.559832584882486e-29,7.421066898906799e-31,2.1826323147213533e-28,9.272374077216892e-31,3.974615910074576e-28,1.1655695757073142e-30,5.747996193083717e-28,1.6532257025282742e-30,1.0950639992614787e-30,1.0058379917879327e-31,4.1700990855472845e-30,1.9828881539183354e-31,7.722064226390137e-30,4.3471101646085415e-31,1.12609145622419e-29,4.307606278693292e-31
415,1331130,4.3709019421433466e-29,5.377056161758753e-31,1.71212105412562e-28,6.2823158238214055e-31,2.711069816171962e-28,9.394069820918532e-31,3.6910658729086926e-28,1.4275108062035695e-30,1.5392623136938018e-29,3.721623984691408e-31,6.428303009705235e-29,1.2437154116261095e-30,1.0473272526058996e-28,2.678351718674031e-30,1.4046711638569823e-28,7.227018648591851e-30
416,1332689,2.218693150658145e-29,3.7700074056693783e-31,5.712119137798987e-29,5.359594828450397e-31,7.921586187668398e-29,6.672879408415239e-31,1.0111484757461295e-28,1.0342522367251652e-30,5.943605239507421e-30,1.8977626127843879e-31,1.6707534798906932e-29,5.138447531887273e-31,2.3823444095402659e-29,6.097587961994631e-31,3.03662167008401e-29,1.1294878149726829e-30
417,1338959,6.525466980479798e-29,5.9744597085731685e-31,1.5553494710561363e-28,7.313465120425765e-31,2.0845966724386187e-28,1.0294295054173724e-30,2.610570230489882e-28,1.4837108864090082e-30,1.9989768369926168e-29,4.0405504003270205e-31,5.069937329684356e-29,1.1482426635105617e-30,6.802894692598465e-29,2.0615782496471824e-30,9.003384698617217e-29,5.038149805019424e-30
418,1337321,3.1565215993780836e-29,6.381795512088234e-31,1.326496220908518e-28,7.182654555571119e-31,2.921744574986851e-28,1.0127043040033391e-30,4.303629416692312e-28,1.4542026599249549e-30,4.5961169858214546e-30,2.576546165837886e-31,2.058117096753376e-29,8.192273164147959e-31,5.143508005047964e-29,3.614813671348736e-30,1.7615299676504616e-28,4.8595192873096216e-30
419,1337687,7.908407222277649e-30,2.5812232022772514e-31,1.3557090978813604e-29,3.494332709898254e-31,1.4143729972310038e-29,5.032992468238049e-31,1.7388610033055985e-29,7.0132948383363196e-31,4.4091411489524645e-30,1.3671188084822426e-31,8.050834187438665e-30,1.685359429059747e-31,9.72042785756492e-30,2.8000122347381443e-31,1.1390524632795435e-29,5.3413709633046425e-31
420,1340700,1.962278589273672e-28,4.547994927330006e-31,4.503046311167412e-28,4.3083337163472835e-31,6.156287375259799e-28,8.31263450655053e-31,8.24745174416072e-28,1.1466374267032665e-30,4.814219627207458e-29,1.3000089017347264e-30,1.4400664325454322e-28,6.1811839255778016e-30,1.8878826673326906e-28,5.2796759490225664e-30,2.536287598155809e-28,1.1899900856440457e-29
421,1341426,2.556815624701636e-29,4.4931962116687854e-31,6.277487050853527e-29,5.962652731542954e-31,8.043538724958251e-29,8.407413446650057e-31,9.016212566529765e-29,1.2079044651162896e-30,1.852146450548369e-30,9.383472442966796e-32,5.273595147151802e-30,1.486996174780963e-31,6.67376364966247e-30,2.1285182854300687e-31,7.198707580091977e-30,3.3190502562226555e-31
422,1339425,2.629428518555599e-29,4.196941108053994e-31,1.0282385415487586e-28,5.46571408942401e-31,1.982221593245672e-28,7.671941463969281e-31,2.8322256225508247e-28,1.3110219213599409e-30,7.820319703268359e-30,1.82594825412708e-31,3.025637838848673e-29,9.906471384556945e-31,5.774784714211461e-29,2.5764874011464643e-30,8.869827210095997e-29,5.780756522812031e-30
423,1342255,1.4432460767352103e-28,7.212959297952984e-31,2.865081783119881e-28,9.624077585779818e-31,3.961396643378477e-28,1.1372903221692911e-30,4.769632750182128e-28,1.5898584191293397e-30,4.420848528029989e-30,2.671117777914849e-31,9.031815871658773e-30,3.6155682659596605e-31,1.0779929344228598e-29,5.273780440317301e-31,1.3587482731427469e-29,7.892359993381876e-31
424,1332392,5.675418016176556e-29,6.442591258548584e-31,1.5028183006345002e-28,7.901793672247671e-31,2.0632632346962267e-28,9.924315955507296e-31,2.548853252636842e-28,1.501915569576706e-30,9.58886080761069e-30,2.7086654854560536e-31,2.546351084491907e-29,5.08841634436456e-31,3.7291249437418577e-29,8.826630687658758e-31,4.675347508086856e-29,2.8573773801017782e-30
425,1343401,1.0438360740668042e-28,1.1330490968994216e-30,4.2792313950319635e-28,1.0961903019088984e-30,7.086426042128783e-28,1.6024173859502984e-30,9.441058614795145e-28,2.3606483502679337e-30,9.276215353033336e-30,3.3621919362437835e-31,3.876605370812483e-29,1.65656670355559e-30,6.914908832044455e-29,4.59553243431906e-30,8.939049444236863e-29,6.1078450420739356e-30
426,1337228,1.2566067838647225e-29,4.2753508936873955e-31,3.2799481660688986e-29,5.567667203821267e-31,4.734586145555673e-29,8.343873694864081e-31,6.345465572264727e-29,1.2605476157486473e-30,3.0626895583023998e-30,3.229538720153009e-31,7.826339257411746e-30,2.1051756674096997e-31,1.0698726801430181e-29,3.408558340690402e-31,1.2272952289949715e-29,5.501835138333536e-31
427,1332614,1.557215102339448e-29,2.829839565084409e-31,5.313901603115582e-29,3.274069976745601e-31,8.388305166605275e-29,4.3751537063541084e-31,1.2173852989051174e-28,8.367628039658559e-31,3.0238364285784652e-30,5.851286469845648e-32,1.1158361368979056e-29,4.046146197334428e-31,1.7035640836197428e-29,3.812894863628152e-31,2.5041736651550093e-29,6.7022783349717315e-31
428,1339875,1.1101217982470096e-28,9.3129568574525e-31,2.496488996649428e-28,9.903962626928904e-31,3.6087614022828605e-28,1.5050323062172836e-30,5.4026915350884e-28,2.039127248855196e-30,5.9148929864414675e-30,1.993742043245568e-31,1.4587451577678485e-29,5.796598288585746e-31,1.8715202096069448e-29,1.4767487369501188e-30,2.3884378690651626e-29,1.7012833398993962e-30
429,1336359,1.115086436343346e-29,4.568256040751163e-31,2.8037582892718105e-29,4.70724194517912e-31,3.5613647117021525e-29,6.6121997474890275e-31,4.398358557709581e-29,9.868203879009152e-31,5.189769939853454e-30,1.7932224228848582e-31,1.2191194923120472e-29,4.70889483987097e-31,1.6287550112719038e-29,9.86581525244515e-31,1.9167346307253002e-29,1.3737108879355049e-30
430,1341459,1.1306358336597691e-28,7.152848072898609e-31,3.6831462146951085e-28,8.688903357745365e-31,6.1701382463628515e-28,1.117951829932889e-30,8.236947092719281e-28,1.81018326517825e-30,1.7002114073781658e-29,4.2262423805790405e-31,6.43779121026154e-29,1.3468619043134344e-30,1.142539060308454e-28,3.718095732503613e-30,1.7570613410099836e-28,9.899833326492508e-30
431,1341502,2.563922411496916e-29,4.162039309541965e-31,6.786791771613836e-29,5.1355267624444425e-31,1.014890814293164e-28,6.370802655967614e-31,1.3430301238879622e-28,1.0003708575070096e-30,8.145249915105976e-30,2.0968192079706358e-31,2.1581516193185985e-29,5.940077412071113e-31,3.233895547288009e-29,8.789479435114881e-31,4.457275209139676e-29,3.1518146312572e-30
432,1370135,5.775163111228442e-30,3.5876406894395784e-31,1.3074616157215426e-29,4.174227846081356e-31,2.039931243930384e-29,5.914323383175717e-31,3.157176936861288e-29,8.430606770722481e-31,2.299635662942336e-30,1.1685961760966756e-31,5.895330327132908e-30,1.3892556761007082e-31,9.001260687891921e-30,1.8596913577700727e-31,1.3280179443566258e-29,4.0124934459855335e-31
433,1389177,8.235958845371144e-29,5.875936447025533e-31,3.093713221594945e-28,7.746568429793255e-31,5.087851914611751e-28,1.0417870276523e-30,6.932827715189489e-28,1.2994915702057817e-30,1.7514516503776738e-29,5.251515734486758e-31,5.954334373730682e-29,1.6309093904514893e-30,9.376354257356679e-29,3.07735715427482e-30,1.4268080707853966e-28,5.162910677987622e-30
434,1366195,4.895388724033942e-29,3.821271070727243e-31,1.4331905821824202e-28,3.693410162587342e-31,2.2290651767398677e-28,5.7546080103192165e-31,2.74222717183731e-28,8.985827795737568e-31,7.195793558624061e-30,1.6742668560125867e-31,1.611708575856107e-29,3.964572877206525e-31,2.5707850920352256e-29,4.899272081639037e-31,3.491517181827748e-29,2.5279646465719308e-30
435,1366237,1.221161478675637e-28,3.9171404107282455e-31,1.8254565578658147e-28,3.793518712937449e-31,2.183458711756785e-28,5.990158811992048e-31,2.4346078398201598e-28,8.826962403560183e-31,3.3842556534695165e-29,6.112392758935732e-31,5.466310098083064e-29,1.2432589214549745e-30,6.323723895793485e-29,1.7338298783737327e-30,6.653938007412267e-29,4.339441442056991e-30
436,1368482,4.8347479163814133e-29,7.128498805598061e-31,2.1029770405934083e-28,8.9509806634115e-31,3.918041082381981e-28,1.1442788524329507e-30,5.4512818300492885e-28,1.4968750507676447e-30,3.2852040567129996e-30,1.5517057749647454e-31,1.3352370208633817e-29,4.5042543661009645e-31,2.94584099629637e-29,1.0509018262220369e-30,3.632657095463135e-29,9.066177887386545e-31
437,1367331,3.1473254720942e-29,4.820500262539252e-31,1.0464993129263527e-28,6.509023019670628e-31,1.578834606688447e-28,8.091488039875416e-31,2.1654601121909508e-28,1.039409950688878e-30,1.8140253564023352e-30,1.5317051174474474e-31,5.4139757162189976e-30,1.955533980949908e-31,7.689663186325709e-30,3.1010397029162224e-31,1.1412653490008868e-29,3.734938378404129e-31
438,1389074,3.6307557034641587e-29,4.543095160652289e-31,8.001915261833803e-29,5.790645804201175e-31,9.801271565410888e-29,8.130634698122804e-31,1.2251362931412932e-28,1.0428435977822916e-30,1.288458721844935e-29,3.6016201084762987e-31,2.605394413982245e-29,6.081999665289496e-31,3.4607867946424325e-29,1.0660512350802613e-30,4.6877448406343514e-29,1.9442803467548862e-30
439,1367408,3.7687982491242096e-29,4.4998600136789865e-31,1.2414181795371406e-28,6.872499968947795e-31,2.310881073734869e-28,8.356414364579995e-31,3.313015235522313e-28,1.150172055869568e-30,1.3579319184759177e-29,4.502068812391264e-31,4.5954222382064073e-29,1.729956728374329e-30,8.853056174787026e-29,1.7720570742554487e-30,1.265293477211489e-28,3.4439722223526446e-30
440,1344347,6.525714720370829e-28,1.1439121827981265e-30,2.089275983182355e-27,1.468830987680368e-30,3.417744046859252e-27,1.7283932468131928e-30,4.060320070916888e-27,2.47240307628902e-30,2.2027587269485848e-29,4.8515674213348e-31,6.713518414814725e-29,1.4384978202580194e-30,9.451662115681759e-29,5.11279434007492e-30,1.324986253004107e-28,6.704332247642976e-30
441,1366179,7.741866317900982e-29,6.566610745415452e-31,1.7168059846337947e-28,8.245032456395479e-31,2.1834391279082667e-28,1.186468240261379e-30,2.6294955943427828e-28,1.4872422721407556e-30,9.889586642362282e-30,2.369926238271105e-31,2.253026421994552e-29,4.903281480118168e-31,3.3351303069883866e-29,4.6617660689464905e-31,4.0580841072235976e-29,1.1146648636846106e-30
442,1373040,2.9115565529984067e-28,4.369561564120135e-31,8.606589530693455e-28,4.22761405161428e-31,1.4434185898287809e-27,7.514505001159852e-31,1.6678504386056845e-27,1.0089434110144731e-30,7.356059409931004e-29,1.6244099284019625e-30,2.4293847511405516e-28,6.820928388217742e-30,3.511064250033488e-28,1.2719327223948902e-29,5.8983038863339415e-28,3.620208776344672e-29
443,1345458,3.7072335209265786e-29,2.221967344932373e-31,8.5327716117569e-29,2.594371038829632e-31,1.1488732990549918e-28,3.734263460242341e-31,1.315846117230548e-28,6.7803624666991534e-31,9.916325782287265e-30,1.8339192215784395e-31,2.0706772469257734e-29,1.0476008869700944e-30,2.6341462588238387e-29,5.6611053660543355e-31,2.790861921536336e-29,6.784363336322657e-31
444,1370944,4.056260545326538e-29,6.2904277340284055e-31,1.9460490049143638e-28,7.957326517189701e-31,3.759425505272522e-28,1.1233309922242009e-30,5.647979253375466e-28,1.4855116308400649e-30,1.1899480902895141e-29,3.6603858650318543e-31,5.301539662941155e-29,1.1697147886392244e-30,1.1255794252439522e-28,3.7970673099964185e-30,1.6560092907586383e-28,5.785207096501677e-30
445,1345553,5.807253487908018e-29,6.711568561033787e-31,1.3549199057903815e-28,7.143227620067901e-31,1.867022315108805e-28,1.0846145000991632e-30,2.404076118542993e-28,1.468519820789416e-30,2.136877990450061e-29,5.684050530441836e-31,5.099228714470826e-29,1.9759967240813647e-30,7.000208223037867e-29,5.4937445032668484e-30,9.279365741904832e-29,6.57168680783949e-30
446,1346966,8.160393872186273e-29,4.366184268172459e-31,1.519746473421902e-28,5.699945033113718e-31,1.7442342050686866e-28,7.862945218809302e-31,2.2084082564416903e-28,1.2076325835114893e-30,4.1742411209873116e-30,1.5771889553717356e-31,1.0031043427127201e-29,4.217855070802582e-31,1.281586107341319e-29,3.9218951974414464e-31,1.403015677959521e-29,7.617107103276893e-31
447,1373042,5.453791539365769e-28,6.414264461407727e-31,1.2819671241497672e-27,6.329818600037529e-31,1.882789651180701e-27,9.884623024690325e-31,2.1480739089914503e-27,1.5025054095495542e-30,1.0005134525875579e-28,2.1813320007290967e-30,2.918398964028056e-28,6.930865686636915e-30,4.242982588487201e-28,1.0804771113636353e-29,6.748648471511769e-28,3.8324899337505153e-29
448,1373028,8.547740555076603e-28,1.2142177986468569e-30,2.3156432081989268e-27,1.5402433605375932e-30,3.499974682719812e-27,1.9516980948715568e-30,4.4759456331877686e-27,2.4702199783149923e-30,1.1550613602726796e-28,4.8911607181250224e-30,3.467217890954874e-28,1.4750225542347297e-29,5.451411900706863e-28,1.4574993624008522e-29,7.2882818704667005e-28,1.7818133868937894e-29
449,1372045,2.9917801981578956e-29,4.970072653264895e-31,1.1821139668691092e-28,6.525070358847867e-31,1.8440567127139511e-28,8.474657694297469e-31,2.4260076764108102e-28,1.101615839669872e-30,1.2107301701054285e-29,3.5474309471813367e-31,5.324338074983831e-29,1.0996585690083729e-30,8.528705660111891e-29,2.2408181891915908e-30,1.1184450556511974e-28,2.9686370665173308e-30
450,1371022,2.43993271863718e-29,4.029624037198193e-31,3.8055632031566245e-29,5.33228705186988e-31,3.5603954816591107e-29,7.736694616204491e-31,3.28361322714704e-29,1.0410883590755417e-30,1.2336701106214485e-29,3.8462444746538365e-31,1.9950833228147769e-29,4.971400880091754e-31,1.8014027188276233e-29,4.4458032755975995e-31,1.6885700817524094e-29,4.712539440525144e-31
451,1368188,6.292426224906952e-28,4.621291860522283e-31,1.5504752652541719e-27,4.7021022015313255e-31,2.3655406750497987e-27,7.09574035129985e-31,2.9303791627820982e-27,1.2005000518960891e-30,2.896195159511072e-29,1.9312472279996123e-30,6.613887097592233e-29,1.4959462672138286e-30,9.338504679157221e-29,2.030483603130205e-30,1.1746119784852823e-28,8.391577186741671e-30
452,1367571,1.2456841468148932e-28,1.024329133595035e-30,3.525740714758529e-28,8.95632491413368e-31,5.198935185768868e-28,1.3858300803631046e-30,6.868666860735917e-28,1.6754504135138536e-30,3.749232611726039e-30,1.6945486378290847e-31,1.1744430780018717e-29,4.8444237485908314e-31,1.5261152491394758e-29,6.104883371770839e-31,2.02757847606062e-29,1.3445174439789577e-30
453,1376168,8.02779554235856e-29,7.8587419245902175e-31,3.818153193531973e-28,9.126027371857956e-31,7.107874017093186e-28,1.391970320604681e-30,1.0005199028334427e-27,1.7234994692554626e-30,1.1220713806480595e-29,2.5247515463578307e-31,5.307803798394965e-29,7.707703625023429e-31,1.030035107975332e-28,1.6022470582296022e-30,1.5455281374200795e-28,3.344634097840012e-30
454,1385187,1.2602961336976767e-29,3.7994875048769736e-31,2.601580390717578e-29,4.767889926036669e-31,3.3364378842592286e-29,7.300956053171386e-31,3.8172911053592724e-29,9.727561571833678e-31,1.0267261627717852e-30,9.636794005723035e-32,2.5215621120737852e-30,1.1323280843471544e-31,3.1176277266411312e-30,1.370527041360006e-31,3.862012752778589e-30,1.808646953933669e-31
455,1368131,4.6262013193013395e-28,6.206437246915683e-31,1.2044704867320443e-27,6.186632134773093e-31,1.8656534571088423e-27,1.0051126856052485e-30,2.2143035478836583e-27,1.4421399299278368e-30,7.618162874205638e-29,1.5540252699296052e-30,2.1823405190953234e-28,5.6861111174387695e-30,3.2753720573333996e-28,7.298857186023024e-30,5.528789392158985e-28,3.0789753830245486e-29
456,1368133,3.452565700421997e-29,2.3011771721318065e-31,7.312522120906962e-29,2.3137635089850877e-31,1.0851111103073698e-28,4.062138978379966e-31,1.2805895612251515e-28,5.335510938734466e-31,1.4286128499880413e-29,3.170474221068001e-31,3.1606376488803407e-29,7.297512584350954e-31,4.6763338707568804e-29,3.069790647315581e-30,5.72549962025386e-29,3.663178633089916e-30
457,1371048,1.232937834653918e-28,6.808281230602008e-31,4.759548369574321e-28,8.002061704790473e-31,7.746995374558678e-28,1.1162693856439597e-30,1.0596900029500146e-27,1.5830634253260357e-30,3.80489864069504e-29,1.108285377398739e-30,1.567720044266641e-28,3.9648721010904254e-30,2.6087355598341366e-28,5.0450531792038006e-30,3.584856157151646e-28,9.164023152168373e-30
458,1346137,1.138646274737836e-28,4.127219190125456e-31,2.3374745099765097e-28,5.900056632513043e-31,2.9059262809425902e-28,7.673393243180066e-31,3.7378151157384157e-28,1.1323432835993656e-30,4.788219271699743e-29,1.2679464693321894e-30,1.0011514617655811e-28,2.3103779884332812e-30,1.2925417672004082e-28,3.666536220851038e-30,1.7226926798237935e-28,6.757118624940097e-30
459,1370334,7.303635710913395e-30,6.783867845404281e-31,1.3907221449349606e-29,8.183253315018946e-31,1.7211330083326046e-29,1.1690232547026548e-30,1.0129295474562768e-29,1.5429295284707324e-30,2.1925997998552342e-30,1.4255348488879078e-31,2.6344120889426233e-30,1.1707297719647656e-31,5.235490432406122e-30,1.7236848606308507e-31,2.3069341910692643e-30,1.598433634631378e-31
460,1435067,5.133141810477937e-29,5.2954810672657785e-31,2.3554792045261235e-28,6.75662417321174e-31,3.9600138778698213e-28,9.679860607599274e-31,5.394162512740974e-28,1.2066855059884948e-30,8.771039276297089e-30,2.213075579489716e-31,3.8284045783035047e-29,8.270222817156983e-31,7.306730557164159e-29,1.0024974492307228e-30,1.010776565143602e-28,2.7604814982434235e-30
461,1382058,1.9807295155338318e-29,4.1952391629561815e-31,7.111737681014856e-29,5.335512373707081e-31,1.364887043766663e-28,7.003510845756111e-31,1.89281495167888e-28,9.16395841987776e-31,2.4548964216059192e-30,1.355155799094517e-31,9.147265829178733e-30,4.476827753208468e-31,1.7202117737715036e-29,6.436097828727817e-31,2.454708352048041e-29,8.396454334498391e-31
462,1390393,4.7556267466854233e-29,5.841783556103605e-31,2.3330782936639468e-28,9.05772011176622e-31,4.716996564425313e-28,1.1034605624493284e-30,6.648426184727415e-28,1.3808460029623109e-30,5.959772958976284e-30,2.0384025955586154e-31,2.624036128807481e-29,9.745023986751922e-31,5.393085791523188e-29,1.3097380705455492e-30,7.391441901656918e-29,2.037907920901828e-30
463,1450148,1.508481922879565e-29,5.900814435079417e-31,4.0007879076366124e-29,8.43529047865681e-31,4.98178271451908e-29,1.0650338648833754e-30,5.75156098991402e-29,1.4011070953504198e-30,6.609361368509256e-31,1.5852632344017124e-31,2.540688390301628e-30,1.4831002718852335e-31,1.7069115735161556e-30,1.5146801558680919e-31,1.806680309513848e-30,1.7769017927013294e-31
464,1370320,4.952852147273874e-28,7.061571159385446e-31,9.156928374241366e-28,7.837235732287085e-31,1.1875418232372204e-27,1.0462129665616412e-30,1.6710871652989118e-27,1.3684163160305431e-30,2.3046098030129424e-29,4.677100178120588e-31,5.560200470975302e-29,1.097590283889409e-30,7.341954090904e-29,1.5963517685053848e-30,9.831906906725671e-29,2.42024575649772e-30
465,1370330,1.5791186606534543e-28,6.891825519167768e-31,3.534822535693654e-28,7.798716098897997e-31,4.657787069710102e-28,1.1614810050766362e-30,5.658191028913489e-28,1.5051868366639252e-30,2.4444589971154428e-29,5.673570048974901e-31,5.413187248951671e-29,1.0968881299012544e-30,7.372060603528532e-29,1.207529979616634e-30,9.261141527957661e-29,2.5245124011409213e-30
466,1501075,1.1405145294983643e-28,6.718173069302866e-31,3.609748486597518e-28,1.0578054136813651e-30,5.451202350063919e-28,1.1434950900445449e-30,7.077255317514755e-28,1.590932528934053e-30,2.908940765228699e-29,9.42830132550145e-31,1.0108450717373183e-28,2.6046778082390863e-30,1.6216722752491887e-28,4.3165753072314914e-30,2.100522409074125e-28,8.792906893379478e-30
467,1448122,1.8924908783189858e-29,2.42442985904819e-31,3.9068235465883213e-29,2.321682154958577e-31,5.473121997967972e-29,3.745276994943655e-31,6.119359508123957e-29,6.354762796617409e-31,5.95190429203592e-30,1.3652830354493071e-31,1.2340870466203593e-29,3.411226942275255e-31,1.5919859454069178e-29,5.652875201703175e-31,1.8356955900877164e-29,1.4939994550302325e-30
468,1452059,2.2855944150818027e-29,7.218751211344489e-31,6.884963502992505e-29,7.697803090677789e-31,1.1710065539876804e-28,9.864066159386256e-31,1.5981390161023403e-28,1.263555772418059e-30,-4.633658881875581e-31,-1.2120448660836374e-31,1.4776825040110769e-30,1.2547103365690019e-31,2.9052281500467937e-30,1.414689840631766e-31,4.0395590616797455e-30,2.3861295637072044e-31
469,1389210,8.418565131204147e-29,4.7205575083551735e-31,1.737473234733469e-28,6.6279631557938895e-31,2.223099502275989e-28,9.038621825031736e-31,2.5428703479335128e-28,1.2387023334282071e-30,4.157647597116877e-30,1.6986204349357083e-31,7.350086658615051e-30,3.6581220689132327e-31,9.485051874686076e-30,3.69678795229569e-31,1.0594276300634128e-29,2.711721635339181e-31
470,1418043,1.2815042054932843e-28,6.356697163409593e-31,4.4433372989659555e-28,8.502373439263563e-31,7.096001703648151e-28,1.1722993962844094e-30,1.0194900757242313e-27,1.4789191873746517e-30,2.531018874898356e-29,8.108656740151074e-31,8.09680307193502e-29,3.7642118817663146e-30,1.3153761598120812e-28,5.2646635082279024e-30,1.9183895912214838e-28,5.4241752645486624e-30
471,1366482,8.147997402804312e-29,2.515971632007781e-31,1.3791116044909894e-28,2.5985787447901104e-31,1.5458557035764296e-28,3.827605650441506e-31,1.9026519784217246e-28,6.8355465287956485e-31,2.8649905483152336e-29,1.2094512948839545e-30,4.6037015310236476e-29,1.2952698809323893e-30,5.225161357405873e-29,1.7105544429288772e-30,6.462315816670716e-29,4.061295584516176e-30
472,1366475,1.927515921605048e-29,3.322614509791424e-31,3.24882502819025e-29,4.353732485558147e-31,3.849055591452169e-29,6.05699328033216e-31,4.221114540240861e-29,7.512104769820878e-31,7.559560467852342e-30,2.7491660930104168e-31,1.4310031203388478e-29,3.388338831259373e-31,1.7054802828339129e-29,3.429596068731001e-31,1.9303565997434885e-29,4.7810484008260725e-31
473,1434248,9.010431958421115e-28,7.524021614849539e-31,2.6738889396055658e-27,7.5290241121715025e-31,4.4820827540142605e-27,1.2669033827432502e-30,5.3307841783826906e-27,1.718820368741431e-30,4.133973789050224e-30,1.382418855632654e-31,1.1047574172646733e-29,3.1254096655942503e-31,1.513180167418263e-29,4.196036850229802e-31,1.9467515676558352e-29,1.3073108079424698e-30
474,1473027,2.2710022168492996e-28,7.403405798115146e-31,5.297835972724496e-28,1.0106927648738364e-30,7.3180080829048265e-28,1.2751539761471429e-30,9.685142473358223e-28,1.6735652669265883e-30,1.6641487293009173e-29,4.478824571204152e-31,3.542436527843512e-29,1.2172094598297267e-30,4.3804791121424986e-29,1.5285818842407231e-30,5.55107936245363e-29,1.409385542057074e-30
475,1560034,7.035034462244751e-29,5.559476806798661e-31,1.9782678929579941e-28,6.50795472939677e-31,3.117833396213786e-28,9.723424449131146e-31,4.148913572269575e-28,1.2162734370608066e-30,3.022941892621287e-29,4.669679234104892e-31,8.811577292074165e-29,3.1946446041823335e-30,1.4451233854352072e-28,3.24830053669413e-30,2.0118094216565725e-28,5.536331458004959e-30
476,1516019,1.8075505616375425e-29,4.063387032913567e-31,4.0088182961474434e-29,5.2577824957164156e-31,4.8693568144124426e-29,7.478866164419259e-31,5.904489619680033e-29,9.898294783352844e-31,6.643256990913117e-30,1.7620844724937566e-31,1.3777329826385284e-29,2.5361737914354107e-31,1.6300521776744454e-29,3.2277494082715157e-31,2.0229793603522944e-29,4.66489158922395e-31
477,1502065,3.286895389665016e-29,4.803889197775636e-31,6.578294435726987e-29,6.112730412523161e-31,8.505259704870683e-29,8.604948008366302e-31,9.786404611017085e-29,1.1044251949785778e-30,8.120848613928909e-30,2.6258729059447077e-31,1.5558673049450686e-29,3.9042421539285692e-31,2.3669177980292938e-29,7.469009457240551e-31,2.818723539896592e-29,1.187761338977482e-30
478,1469040,6.5559468898569585e-28,8.72270920198977e-31,1.1616753338109329e-27,1.1198308022057035e-30,1.4138287342747429e-27,1.6533104985920728e-30,1.819297086000248e-27,2.2019198606793024e-30,7.598774076753798e-29,2.7088778229279042e-30,1.328629064071757e-28,3.271119545628443e-30,1.706758624745005e-28,4.2011468575305854e-30,2.222095302926108e-28,6.790765960475377e-30
479,1422097,1.2648296231292163e-27,1.479055197094008e-30,3.346661415120051e-27,1.9615157758667478e-30,4.757739397651757e-27,2.6014085525847443e-30,6.3294069033504554e-27,3.353136121925687e-30,3.5380223930754726e-28,1.4572816555567974e-29,9.431599775826392e-28,2.108173815156839e-29,1.3621584598690959e-27,4.1141944176618217e-29,1.876897068662291e-27,6.902311907589494e-29
480,1513071,2.605884731912599e-29,4.582544251309045e-31,6.23005539187124e-29,6.0504514370777375e-31,8.225378036090948e-29,8.42866488198344e-31,1.0452126808073475e-28,1.0712728885194313e-30,7.889579995521029e-30,2.656842999268673e-31,1.97107479048057e-29,9.218622353308386e-31,2.6617065609678416e-29,1.07125852992466e-30,3.603860794494929e-29,1.0308630695963205e-30
481,1578103,2.318780540073049e-28,6.791283121475914e-31,5.742436937102399e-28,9.877922012012464e-31,8.61547255304732e-28,1.103099891511134e-30,1.1207929267160846e-27,1.5185514791635884e-30,8.660303729338484e-29,1.9521023430037844e-30,2.143414546453872e-28,4.3503810260975406e-30,3.322884977343337e-28,6.1578594273983e-30,4.279951140622523e-28,1.4801444001398153e-29
482,1622075,1.271667107934965e-28,4.325611172869558e-31,4.854834110448937e-28,4.283775007733155e-31,8.269032122539387e-28,6.967834003194661e-31,1.0252341417037916e-27,1.067134692020833e-30,4.2980587899142455e-29,1.2071284625262612e-30,1.828595577979084e-28,3.7391630778324446e-30,3.1777422169288267e-28,1.4734472938774154e-29,4.418764868661003e-28,2.6998856574997603e-29
483,1537020,1.6553680672661262e-29,2.2347345723177794e-31,2.4799580785475688e-29,2.647907126690886e-31,2.4129608293853774e-29,3.6645066316095335e-31,3.1083899234532445e-29,4.902156914886057e-31,1.0410235781327813e-29,2.363070119424481e-31,1.4565011517766018e-29,3.048994833240494e-31,1.4440327202566877e-29,3.3227861531778195e-31,1.7685179352784092e-29,4.654592704172045e-31
484,1431096,1.2998477039811237e-29,3.946913401260751e-31,3.0421158204511806e-29,4.624517928812606e-31,3.697428168805272e-29,6.631892981603386e-31,4.3741804133699664e-29,8.73937363214552e-31,4.1014555083680696e-30,1.5159741077766192e-31,9.709151983086873e-30,2.3304446984720992e-31,1.168102197139328e-29,2.210160289763184e-31,1.567868039056237e-29,5.448458110675515e-31
485,1538019,4.410758680528491e-28,1.3516249483750281e-30,1.4140788812759812e-27,1.9197712418995578e-30,2.1680436900497335e-27,2.2245321216291685e-30,2.9385703915130063e-27,3.2186598446784185e-30,-3.2688139269311447e-32,-1.2399568731289674e-31,1.5838240633426582e-30,1.3483099278380864e-31,1.3563573028806815e-30,1.8527509491722235e-31,3.784655933518627e-30,2.4860271973281983e-31
486,1484053,2.147788409391361e-28,7.890693686079269e-31,4.93491073997806e-28,9.469528113617612e-31,6.305440367174165e-28,1.2639186029535182e-30,8.245446506654678e-28,1.6608006466748905e-30,1.5705313945902496e-29,4.0516602153786005e-31,3.380641644655124e-29,7.165534454979831e-31,4.33440765745837e-29,9.194746703681282e-31,5.418609539758166e-29,9.770136881981492e-31
487,1431163,1.264583297544885e-28,9.102775625418491e-31,4.703458009824551e-28,1.2880406943703358e-30,7.369371883321981e-28,1.5344586999419048e-30,9.773435242722155e-28,1.9604557577513826e-30,3.017295180401121e-30,3.2238417374207336e-31,1.3156677769710348e-29,3.3070211878106768e-31,1.936021398708883e-29,5.5855831661789525e-31,2.7653802037828773e-29,8.181974635285633e-31
488,1500031,2.07006051332715e-29,4.1365764438221284e-31,4.6029313624582186e-29,4.936687852579458e-31,5.650487990848292e-29,7.075243370431676e-31,6.30371300931074e-29,9.493831870111115e-31,5.1447852350678224e-30,1.7981347098701443e-31,1.3354993227095804e-29,3.706336456454678e-31,1.6849396287159066e-29,4.555788085337641e-31,1.9121121493517889e-29,5.5379222878510576e-31
489,1408024,1.991990169986054e-28,8.884986317702254e-31,5.893759811227994e-28,1.0308352514868617e-30,8.846539972384497e-28,1.4649081912140351e-30,1.189293357028228e-27,2.1110176111420962e-30,2.2276672693265622e-30,1.4027818401484095e-31,5.721139652608948e-30,2.0932693554331827e-31,8.193366359623075e-30,2.476640348742252e-31,1.0077216766045348e-29,3.425100694999822e-31
490,1474020,1.7284828954569125e-29,2.029919793368121e-31,3.923923940349561e-29,1.9684045974518944e-31,4.8843483731906506e-29,2.9088566983536153e-31,6.245909905810912e-29,5.345245327126578e-31,6.251694669020649e-30,1.8832439218726144e-31,1.337717640848207e-29,4.522354559759822e-31,1.606703721626689e-29,8.809943982133842e-31,1.941719684957991e-29,1.8000859099210413e-30
491,1403033,4.5819645232943464e-29,6.099937092423523e-31,1.5043205371475992e-28,6.7474461495576235e-31,2.390805694904815e-28,9.976324275402584e-31,3.42171237077281e-28,1.4654980465527168e-30,7.774537352328123e-30,2.1207710854057603e-31,2.1239470256156282e-29,5.856437400433833e-31,3.308318218900479e-29,8.808522068037355e-31,4.7161981203986923e-29,1.509799825066411e-30
492,1480038,1.2636934202118043e-28,6.042168892591048e-31,3.431532108359185e-28,7.368445345791438e-31,5.096098198920922e-28,9.43937993964888e-31,6.7151802967037725e-28,1.2689780429662644e-30,3.208120243540276e-29,8.129888078927374e-31,9.008072883326647e-29,5.481612490620217e-30,1.4041607176308676e-28,4.2931231596218194e-30,1.899683046955633e-28,6.290606802113388e-30
493,1565032,7.911577939835592e-29,8.612925437378928e-31,3.218473356138915e-28,8.21265569321674e-31,5.172479129439139e-28,1.0750656193526464e-30,6.806081804917108e-28,1.4136587950027908e-30,2.7298502980193887e-30,1.397786336039229e-31,1.0021601672977526e-29,2.918051793579708e-31,1.5071690837956518e-29,3.2097660786959287e-31,2.1294885064082406e-29,8.225567111135568e-31
494,1596033,1.412478048931477e-29,4.222137687628638e-31,3.3433920116449535e-29,4.964663240177483e-31,4.40278683642614e-29,7.486588298114958e-31,5.20160695798519e-29,9.417079648268616e-31,3.606891566671967e-30,1.1430044367745585e-31,8.881301708128939e-30,3.337764893636441e-31,1.2620800946083106e-29,3.0343557629089608e-31,1.5422688896041333e-29,4.4985127286406425e-31
495,1531145,2.1645331700950125e-29,3.199717519911894e-31,4.872552863862053e-29,3.011190393705909e-31,6.473876134277982e-29,4.805707938570672e-31,8.554231951385706e-29,7.259284438321442e-31,2.2282900211475698e-30,9.583728170172459e-32,5.3612284714074036e-30,1.5557002979941963e-31,6.657720874609231e-30,1.863788278761157e-31,7.60153843876477e-30,5.402641866650195e-31
496,1574017,2.4378938309939214e-29,4.817500128889857e-31,6.028502719016324e-29,6.100579807895626e-31,9.201574855882784e-29,8.439729342756758e-31,1.1758836755789715e-28,1.1277718607208431e-30,4.958981050987688e-30,2.073402191614858e-31,1.3964963621815342e-29,3.2040611421827816e-31,2.1313394526618158e-29,5.4328382251517685e-31,2.5486138080090615e-29,7.8343836539167325e-31
497,1444028,4.845813943304912e-30,2.844896138878416e-31,1.1006265658753889e-29,3.4105564214547804e-31,1.5306958351192492e-29,4.905838164797243e-31,1.3634363862851972e-29,6.5908591964768976e-31,2.4907441589039743e-30,1.1860029027526498e-31,5.591284865177656e-30,1.6938232365392522e-31,7.186494380241057e-30,2.091791713620724e-31,7.970940080204195e-30,2.570494156003632e-31
498,1650024,5.892086227410368e-29,7.276180272375322e-31,1.4599758725176107e-28,6.797630803394013e-31,2.2365966495560477e-28,8.971582911697569e-31,3.126221402639575e-28,1.1766043504124805e-30,2.2359644073868087e-29,5.488011000420627e-31,5.416675886875668e-29,1.8656613923382e-30,8.366753000241652e-29,2.1601457281344332e-30,1.1372948200992519e-28,3.4179959988602504e-30
499,1490034,1.4186574816237401e-29,2.814748790410709e-31,2.7628841663233615e-29,4.226222757498845e-31,3.071523175967778e-29,5.076947510096241e-31,3.1351944077356357e-29,7.282450610140143e-31,4.559591913376477e-30,2.264621249364907e-31,8.0765617992996e-30,3.562400339783167e-31,9.737303886399296e-30,2.232587020579089e-31,1.0146656632656029e-29,3.815605141291285e-31
500,1430136,9.288679829372287e-29,5.368025321022839e-31,1.9319892776755637e-28,7.436684769251008e-31,2.429569198008264e-28,1.0181656824068102e-30,3.2234856532259548e-28,1.2997255947995792e-30,2.829692935484013e-29,7.790828784986854e-31,6.116871910522261e-29,1.3518735890114638e-30,7.279660007882121e-29,2.0918843202902528e-30,8.694070259361575e-29,2.7460738740763562e-30
501,1632070,7.241295582696974e-29,7.207390601710291e-31,1.7060468361609307e-28,8.896857961810757e-31,2.0781027532326873e-28,1.169596018188082e-30,2.395269866886248e-28,1.5544791561569968e-30,1.0885836548818307e-29,4.1715232090504885e-31,2.8500717093613997e-29,2.2139817883876467e-30,3.7467197053308214e-29,1.0940255729497385e-30,4.63022477609708e-29,1.735621018141609e-30
502,1592028,5.314698871117515e-29,4.885893767526771e-31,1.5897971362938119e-28,6.566895447635031e-31,2.435650371294433e-28,8.252301028893429e-31,3.4699986511948473e-28,1.0966848981823415e-30,6.688758046407332e-30,2.4369879846841118e-31,1.4656733835295348e-29,3.2746659330446813e-31,2.4411390022025367e-29,9.718821466015562e-31,3.509379284421376e-29,8.40444871033043e-31
503,1644211,6.410854013676842e-29,6.289990864351158e-31,2.5277187455683966e-28,7.7872483384959014e-31,4.1858461668499125e-28,1.1169813509144483e-30,5.902281845598675e-28,1.4463474105627455e-30,2.8956949357985198e-30,1.3749127495913687e-31,1.054160894967144e-29,2.206791720821933e-31,1.694685550629202e-29,3.409109610790223e-31,2.185075035097e-29,4.760470653881179e-31
504,1644290,1.6285699248241029e-28,6.936887097725464e-31,4.005711462872188e-28,9.22964118707026e-31,6.137117929209319e-28,1.2695744196385032e-30,8.056566900616455e-28,1.7039746112148432e-30,1.4283972820192186e-29,3.2182933352105262e-31,4.23480569810557e-29,2.2085410534318174e-30,7.033679945044082e-29,3.887727567926163e-30,9.882631025965421e-29,3.114889460752836e-30
505,1566028,7.298497138093794e-29,4.794864538325316e-31,2.2921579102056354e-28,5.993782510099781e-31,3.563997267404165e-28,7.809335179457951e-31,4.380324313551486e-28,1.0270152948912664e-30,2.688561844423921e-29,1.0121251129226589e-30,8.952498761126072e-29,6.95704994071287e-30,1.4016773244686566e-28,4.0693711210358526e-30,1.7170433063021694e-28,6.413444349477447e-30
506,1625037,2.519785733953632e-28,9.908519963823271e-31,6.6123108482979455e-28,1.3487486473029696e-30,9.533515962247309e-28,1.7946043883591964e-30,1.2796901724124682e-27,2.39293210480712e-30,2.309877746034196e-30,1.6814608190075386e-31,8.71550336857856e-30,2.3781468268102225e-31,1.1599148008741897e-29,3.214386682672501e-31,1.6317350328403777e-29,5.6345577277673106e-31
507,1570024,4.6834027613508246e-29,5.727529669764927e-31,2.0175442629421362e-28,8.664783879486039e-31,3.816808207688579e-28,1.066959953153207e-30,5.35028927074477e-28,1.5017930996481232e-30,9.962986542031428e-30,4.818631761133342e-31,3.792298533884532e-29,1.3609235366571776e-30,7.74213928935757e-29,2.1344340202732272e-30,1.1159460036668826e-28,2.726639479823025e-30
508,1644213,1.7310195196810307e-29,4.172821084796369e-31,7.388091856072093e-29,5.640776460292423e-31,1.364541795262793e-28,7.355029492557291e-31,1.9562759209584286e-28,1.0124483085450427e-30,5.0362946829089264e-30,1.8513572694761886e-31,2.4816494720734967e-29,8.633657076458078e-31,4.6640994570520824e-29,1.3936366477132569e-30,6.548229306384685e-29,1.7884042537286642e-30
509,1532057,1.6907338940937588e-29,3.8581380077997684e-31,7.303044305891155e-29,4.702108933746542e-31,1.2611836162324786e-28,6.661398620208323e-31,1.7146216425598303e-28,9.549773445925776e-31,6.39535712913058e-30,1.5500374141351216e-31,2.6758272517500614e-29,5.825552727496634e-31,4.7736940211341925e-29,9.521186446338164e-31,6.619478717782577e-29,1.8883562328470497e-30
510,1574062,3.7638505259877763e-29,5.437780264064568e-31,8.693979622203506e-29,6.8968885920195454e-31,1.383273422823851e-28,8.970434730814667e-31,1.8792984177922854e-28,1.2657621652154766e-30,5.405134483046496e-30,2.071015384975817e-31,2.2441922455416757e-29,2.0296846169926268e-30,4.054582865790076e-29,1.6213030835349093e-30,5.925784408959304e-29,2.2454772294505533e-30
511,1392400,2.5496791572116103e-29,4.021829158367719e-31,4.5377675996639763e-29,5.883177829799604e-31,5.789255492790455e-29,7.305220327314044e-31,6.635685504881838e-29,9.553493686506528e-31,8.133091745475813e-30,4.250901924738724e-31,1.4553842740958633e-29,1.0353721298127444e-30,1.968215181054345e-29,6.3027197380124605e-31,2.1107043554561747e-29,1.0103542817451506e-30
512,1432027,1.467950836257825e-28,9.573790974456974e-31,5.171612168964367e-28,1.4432433606624318e-30,8.40893318279122e-28,1.709037284510291e-30,1.1605480328771678e-27,2.4312301811178312e-30,5.4701855804584075e-30,1.9908143540355782e-31,1.929854304041701e-29,6.094159169209352e-31,3.107429524869619e-29,7.942579360344175e-31,4.1521327705696427e-29,7.965841265113843e-31
513,1432017,5.0222045441288986e-29,3.980035867873188e-31,2.2149697767314496e-28,6.1382512070430105e-31,3.711213136568158e-28,7.422660827585845e-31,4.834535873800893e-28,9.304926717865905e-31,2.2112301564198665e-29,7.126927491622749e-31,9.418627438517134e-29,3.0076533919955327e-30,1.6399822308686091e-28,3.8571645890312966e-30,2.0098526478311214e-28,9.143199437868556e-30
514,1531113,4.268211200604225e-29,6.875930856993548e-31,1.114752559339394e-28,6.806537955035012e-31,1.4479458535935798e-28,9.294637519252116e-31,1.8492460098465862e-28,1.0934248978745431e-30,1.408902771693669e-29,7.905269347696729e-31,3.409832402513511e-29,9.287574317660312e-31,4.669062784156152e-29,1.7354069949657318e-30,6.129552753473374e-29,4.430797087334861e-30
515,1536028,3.72813518152776e-29,4.969773152335884e-31,1.6245658580579386e-28,6.1625603823565665e-31,2.9218834542234068e-28,8.84782042930686e-31,4.290268608234358e-28,1.1452239732044755e-30,2.3083757982744633e-30,1.3266717075626662e-31,1.1833901229246617e-29,2.398583756007743e-31,1.888200190705633e-29,3.778618974303974e-31,2.8532486110989134e-29,5.993130091329295e-31
516,1503024,5.164284787532751e-28,1.7789804467424027e-30,1.9251099302962557e-27,2.101191078154885e-30,2.9036215437410406e-27,2.6045543178539883e-30,3.692873036166211e-27,3.6369302685088526e-30,1.2458221529891513e-30,1.7628688908078639e-31,4.715778980897168e-30,3.0806010526837117e-31,7.152802743321796e-30,3.403192318972278e-31,9.379733108109482e-30,4.158809308848839e-31
517,1643316,1.601628021307012e-28,6.177338358087088e-31,4.413740411941028e-28,8.375234602369242e-31,6.987309934709945e-28,1.1157621979244606e-30,9.010747592144549e-28,1.4558467914650498e-30,2.745487107436297e-29,7.224967349861971e-31,7.440301956641008e-29,2.483637716469261e-30,1.243095395151145e-28,6.973429540465391e-30,1.6197111048484026e-28,4.3744319427359624e-30
518,1643312,5.4849324260789e-29,5.135170523822126e-31,1.9541579055053025e-28,6.874517235751235e-31,3.188759006588743e-28,9.917231073588778e-31,4.1386704291645315e-28,1.1679455449526629e-30,1.1675503754142565e-29,4.984092320249842e-31,4.512775030148243e-29,1.8689767540664497e-30,8.328084358168098e-29,1.775359754215858e-30,9.689790850888427e-29,3.971703269011552e-30
519,1439028,1.1436484082989e-29,2.4802766913226784e-31,5.542733456063589e-29,2.6061542914156213e-31,1.0656717026441203e-28,4.111961134145515e-31,1.5531857182777215e-28,6.045008848518324e-31,2.6134390101209804e-30,8.090869661864834e-32,1.3059432567863188e-29,2.6922322873712783e-31,2.4140330695318154e-29,4.241845448727864e-31,3.765680745011101e-29,2.58430812096081e-30
520,1449074,2.718883081790719e-28,7.400170893305335e-31,6.603246086374225e-28,1.0983841892027513e-30,9.272467372666264e-28,1.3046678996752431e-30,1.2064718859439979e-27,1.70013626689944e-30,8.375463993610969e-29,2.2673382118542124e-30,2.1053685728999567e-28,5.5713038622469526e-30,3.0757621571427023e-28,8.565361343592026e-30,4.244923166480371e-28,1.0867856126531289e-29
521,1531089,6.624465602669857e-29,5.919495416659794e-31,2.191742246797951e-28,7.161709047893136e-31,3.269987837395772e-28,9.941523675288907e-31,4.3338812787927475e-28,1.3656697437297369e-30,3.247224475952202e-29,7.023649326292684e-31,1.1267004092620823e-28,3.1472957728232322e-30,1.7205921143345942e-28,3.814926039907132e-30,2.259030877276665e-28,6.408289864006253e-30
522,1432141,3.490549385521956e-29,4.960309608456976e-31,8.979871175086807e-29,5.880258244133569e-31,1.3042744191923932e-28,8.432806229880664e-31,1.6054224586120452e-28,1.1516364098133062e-30,1.257825622564724e-30,1.0604144494312823e-31,5.048218272578413e-30,1.3911221861976072e-31,7.734928859068143e-30,1.8089254318100123e-31,8.629770561909578e-30,2.182546664684289e-31
523,1504139,9.277296956446131e-29,3.7766553855113895e-31,2.615529745767105e-28,3.7032056532983023e-31,4.1998049485104155e-28,5.48548834746284e-31,5.792448898748533e-28,9.829941847714945e-31,1.4216049358248464e-31,3.929464323624141e-32,4.992140353869842e-31,3.619160013056232e-32,9.434803065961048e-31,4.670303985178571e-32,1.5071120528474005e-30,1.2822162251237553e-31
524,1634024,7.466707316395819e-30,5.619844192911795e-31,3.9996242083898397e-29,5.280441131821345e-31,7.957970269570462e-29,6.937839968977456e-31,1.1465661637849594e-28,9.247689159223906e-31,2.462495931462689e-30,1.4182217768931176e-31,1.3050870705843928e-29,3.9746341730025576e-31,2.7478216200939183e-29,6.826368973019427e-31,3.937910098682852e-29,2.713838437909188e-30
525,1488029,1.0564592003583791e-28,7.271631235575248e-31,4.24629667865187e-28,9.341200503564013e-31,7.024982826710912e-28,1.2555448185709408e-30,1.00006726368417e-27,1.7580315941760887e-30,9.980817039176691e-31,1.0012182485123563e-31,5.4088215482200394e-30,1.2782500622466063e-31,8.656885491776212e-30,2.0658246487280797e-31,1.2143373209381e-29,3.645598186184975e-31
526,1520020,4.5479041643437597e-29,5.258952579709945e-31,8.954832564772977e-29,6.294193266910738e-31,1.0866835822574215e-28,8.139936440388666e-31,1.252862264163828e-28,1.1171265394420517e-30,7.928723351371255e-30,2.1751819946318286e-31,1.558042753206918e-29,8.865008199723598e-31,1.7748480015717928e-29,3.861683709518624e-31,2.278886919632861e-29,8.178729411821773e-31
527,1547086,3.1938764956452176e-29,1.7313187084168696e-31,6.003175715355387e-29,1.78145490531366e-31,7.42631289892949e-29,2.717598314916725e-31,8.912677450919053e-29,3.817623702858005e-31,1.716304443335094e-29,7.392709107946996e-31,2.923337202563925e-29,7.4570016851476e-31,3.678807907394544e-29,6.447419278619985e-31,4.142535133560672e-29,2.4376424649891287e-30
528,1504096,5.516815153478327e-29,8.975800897768635e-31,2.322966797753103e-28,8.611840979864458e-31,4.2846498021163125e-28,1.2167041208724664e-30,6.2753319508318425e-28,1.544818265925354e-30,1.006846006920402e-29,3.6149716389419847e-31,4.7573929888992747e-29,1.4363801576573462e-30,9.541650681152435e-29,2.9550032696534823e-30,1.405745089342789e-28,6.324396848323597e-30
529,1531112,3.4049471417226817e-29,8.295123025758075e-31,7.520439693000144e-29,6.930990977385448e-31,9.229744419970559e-29,1.1231560518450163e-30,1.106542422705067e-28,1.3893804505872453e-30,9.824006094045977e-30,4.885333264418155e-31,1.886471299419931e-29,7.813010918862392e-31,2.4817060027001224e-29,7.224381398051761e-31,3.151081497524037e-29,1.012873348855772e-30
530,1547071,1.8520632202338635e-28,3.208269803218579e-31,3.2511593711129217e-28,3.205033287850335e-31,3.9690768678003164e-28,4.910976477800156e-31,4.911531786751275e-28,8.406696604500021e-31,5.59577985730856e-29,2.5273780119824773e-30,1.1079449301525515e-28,2.3184432090834056e-30,1.364341195348903e-28,3.2806785573864495e-30,1.7910498075192856e-28,9.944552714461521e-30
531,1536026,6.022203747185403e-29,5.824472370859411e-31,1.353689154706291e-28,7.716953045131369e-31,1.6160540551885971e-28,1.0294773216886909e-30,1.9265648585047651e-28,1.341175274772627e-30,8.17379252644035e-30,3.2747238881783882e-31,1.8409993037505038e-29,4.302242546312871e-31,2.009065889739053e-29,8.615415252206887e-31,2.6035677959927836e-29,6.112979152487656e-31
532,1562098,1.3611800025356232e-29,3.4047132149750787e-31,2.9447520814497704e-29,4.299076989783415e-31,4.065253383821174e-29,5.63807086513092e-31,4.448755524377221e-29,7.492030634732025e-31,5.4887307145603374e-30,1.900378369919154e-31,1.0630192091855485e-29,4.346099819703529e-31,1.4725660828359709e-29,4.971536253918211e-31,1.596404614288075e-29,5.747804602091475e-31
533,1562077,1.4277560083682464e-29,1.7175553229177974e-31,2.968708521195528e-29,1.6938361525136744e-31,3.9067277573912975e-29,2.5662845900986823e-31,5.133110385849367e-29,4.3185679776470085e-31,7.564197132173536e-30,2.506148845685221e-31,1.4350562021533217e-29,4.216271758286652e-31,1.8440545313454368e-29,4.155035449179607e-31,2.367175910294569e-29,1.0578739546828247e-30
534,1643313,2.471949661122538e-28,7.136666387331122e-31,6.393352282232284e-28,9.892392565202672e-31,8.946190433081164e-28,1.3452167835795035e-30,1.1587752604610591e-27,1.70088960799694e-30,1.577818337149239e-29,5.155790932820193e-31,3.6339410839715736e-29,8.771282808358541e-31,4.963504355330829e-29,1.1874192595388877e-30,6.401429351210413e-29,1.8362954479328645e-30
535,1440057,3.8994328019523765e-29,6.242255458891213e-31,8.306510454977171e-29,6.368064638365562e-31,1.0509872454800359e-28,8.7499694186304e-31,1.2200925951692718e-28,1.0741988361330836e-30,8.154724506978477e-30,3.333256356458415e-31,1.7454833594969274e-29,6.755744975497423e-31,2.2669988025480736e-29,8.110412109410631e-31,2.6676958040753426e-29,2.071782830596244e-30
536,1643292,2.6083915499356356e-29,5.2979560361705515e-31,7.870681255796247e-29,7.134185660095288e-31,1.1722548595260444e-28,9.300250393666344e-31,1.5641497236943e-28,1.2830682766509788e-30,4.448901962512335e-30,1.7961377592632803e-31,1.3858445457241908e-29,4.9374507683885584e-31,1.9143936728466905e-29,5.818306432987346e-31,2.532881775015156e-29,7.054009012406429e-31
537,1536021,4.255597873829088e-30,3.7742857781498063e-31,2.9525136106940355e-29,4.498756055761931e-31,5.348017948802138e-29,6.418733460327484e-31,7.47384296272265e-29,8.602089143624559e-31,2.1850038572101628e-30,1.4399704464345522e-31,5.9060775761946744e-30,1.8064597211997007e-31,8.557226566337686e-30,2.424542223121144e-31,1.30889081430011e-29,3.737262796187757e-31
538,1599030,1.1177118731717141e-29,4.654388359439795e-31,1.995722268421808e-29,5.4066103973187525e-31,2.1376930639619053e-29,7.655813377194217e-31,2.3809791523995286e-29,1.0916762854666228e-30,1.2234465516272997e-30,1.3345617857251883e-31,2.1697920002890363e-30,1.1318338360675782e-31,2.3047920212238548e-30,1.2319719687995956e-31,3.859441196161343e-30,2.055728080006639e-31
539,1552028,5.067465518346198e-29,7.7897397492443974e-31,1.2702037055566196e-28,7.604297475987748e-31,1.783238295447996e-28,1.0040046384088463e-30,2.368785452720298e-28,1.3161358264200867e-30,8.538894183932977e-30,2.4475299905906536e-31,2.4174289930408974e-29,1.0304547256752735e-30,3.652969062777213e-29,1.0345728630174012e-30,4.6877611889859375e-29,3.1562920155915484e-30
540,1653101,6.535497956611135e-29,5.568957585782804e-31,1.866047758364345e-28,7.592100144582227e-31,2.821276423383579e-28,9.586520889857432e-31,4.072908648828887e-28,1.2710227234447185e-30,1.8811879974840148e-29,9.260603029423369e-31,5.410631353118051e-29,2.2177811279512032e-30,8.972403647361039e-29,2.2589442567765995e-30,1.4067232851168335e-28,7.342879217447638e-30
541,1662023,1.2091066049188286e-28,6.343449004227059e-31,3.1620998357989686e-28,7.750517310423202e-31,4.7179203326383e-28,9.941476358547141e-31,6.257521693507306e-28,1.3405131775618306e-30,1.62558275688971e-29,5.014193253007146e-31,4.095191159093497e-29,1.733649653205773e-30,5.35850168565136e-29,1.4267567033251712e-30,7.26066409359584e-29,2.7304888411500394e-30
542,1618036,1.2078041289562624e-28,7.4720690645722044e-31,2.8702309215860307e-28,1.0551240866481049e-30,3.465371529232381e-28,1.2951364051620387e-30,4.528362782822081e-28,1.7617475666267947e-30,6.2571378873397195e-30,2.567202327709828e-31,1.4976002902636882e-29,4.0125171198983064e-31,1.702599358829387e-29,4.0110288240346114e-31,2.2716929286393358e-29,6.739845134233988e-31
543,1701055,4.219099031268465e-28,4.002701959125457e-31,8.614790333349064e-28,3.924094571621749e-31,1.2118180782515093e-27,6.0421380219133255e-31,1.5832531472450248e-27,1.0312834964000634e-30,1.203267498582297e-28,2.66308494202131e-30,2.784489350714355e-28,1.1307120044376746e-29,4.176576714802179e-28,1.672040734342013e-29,6.051353336629834e-28,4.7660131725892015e-29
544,1676034,6.05228622442104e-29,4.490077518849843e-31,1.1224504161900934e-28,5.721049562712697e-31,1.3883332344586375e-28,7.290285593902608e-31,1.8224648984667554e-28,9.464827658134536e-31,6.768849946039147e-30,4.383272048793096e-31,9.442741825724643e-30,4.5350269505998335e-31,1.1845038080315329e-29,4.203184668900689e-31,1.4602192485549222e-29,4.9957258704022215e-31
545,1673068,5.180306322530053e-29,4.304105899244679e-31,2.013946737274565e-28,6.528136431938504e-31,3.6494156222568727e-28,7.962399266091124e-31,5.09709507337317e-28,1.0810825514665412e-30,1.0659212914444712e-29,3.7238307040970805e-31,5.059933136977696e-29,1.4163852684983789e-30,9.68123259285264e-29,2.1680935240906243e-30,1.329242424271894e-28,6.716977639350797e-30
546,1569050,3.598201027276938e-29,4.059949843660095e-31,6.038147210593005e-29,5.7414885631852825e-31,6.325973924928345e-29,6.829561193338234e-31,7.648759649327712e-29,9.35882407432411e-31,2.1195793514734377e-29,4.939042136936792e-31,3.606129826329158e-29,1.4877846501014508e-30,3.9745800800621186e-29,9.560608732508895e-31,4.698688810583186e-29,1.8498688639304826e-30
547,1595127,4.7397976453544874e-29,5.8039162503645595e-31,1.730565620808946e-28,7.389607558464161e-31,3.2637362074880183e-28,9.887344181134203e-31,4.751395779839756e-28,1.3081279720564082e-30,9.932727204117395e-31,6.393325277493241e-32,3.9641313172471736e-30,1.8611954011598984e-31,7.696327061564239e-30,3.607742863139994e-31,1.1464893962892042e-29,5.683753229346879e-31
548,1550021,6.31176794141278e-28,8.130759683378265e-31,1.106421153588534e-27,1.0493401070266173e-30,1.4645550682380786e-27,1.4704766411250592e-30,1.6863195593183872e-27,1.906384697715357e-30,8.106871778954757e-29,1.8803051024491487e-30,1.356447141703704e-28,2.609209281658545e-30,1.696407691390469e-28,3.426298121735773e-30,1.9107752731910727e-28,5.7700988383028135e-30
549,1567044,7.459678055946353e-29,5.604377072778969e-31,3.4438135094419437e-28,7.2166050774985664e-31,5.875880806989017e-28,1.0089351472078133e-30,7.851066727739022e-28,1.2973779709193796e-30,1.9067259649034048e-29,6.171725378173581e-31,8.397794858272382e-29,2.7063000361424787e-30,1.4945963776865871e-28,4.2624165943415944e-30,1.985564539313888e-28,4.8130658278191215e-30
550,1581048,6.959657107501729e-29,4.041660443150132e-31,1.5541995662454872e-28,6.10650483063263e-31,2.0022269644518974e-28,7.380529722924385e-31,2.5518744439213357e-28,9.3067564997896e-31,3.309359495082953e-29,1.0684836335909455e-30,7.284641128326592e-29,2.3340140985723988e-30,9.153665450234875e-29,2.1577852420686042e-30,1.1957229236702706e-28,5.4446955236082816e-30
551,1659122,2.5304147043621403e-29,4.0589898810484745e-31,5.208698745395147e-29,5.846533296125207e-31,5.893429820833117e-29,7.234949403241632e-31,6.296729264038766e-29,9.620279999296212e-31,2.3224489117342852e-30,1.0186686551929356e-31,5.278925832032408e-30,2.3256153360127838e-31,6.1809917703500485e-30,1.5498527525006171e-31,6.699016815506502e-30,2.2514287810753062e-31
552,1636093,4.071169110192942e-29,4.136829152415666e-31,1.04565442041026e-28,5.595363785955387e-31,1.336270176594554e-28,7.172952458862635e-31,1.6477990225323064e-28,9.551106608640233e-31,1.275965597858977e-29,3.5935198909039603e-31,3.0256363513047924e-29,6.745576576574811e-31,3.90942500489596e-29,8.030993659168261e-31,4.9156141644770626e-29,1.2500955012630162e-30
553,1550103,2.4509602478119824e-29,3.5720950415360646e-31,4.4746579023858593e-29,4.619018380426741e-31,5.511495020795642e-29,6.5404432489536946e-31,5.768494130373097e-29,8.389067339077881e-31,2.0426266627659024e-30,8.587753901916148e-32,3.7257058351987884e-30,2.48424687849889e-31,4.1274503266364936e-30,1.8618829308264122e-31,4.1694628301573365e-30,2.1579061248993085e-31
554,1636043,8.30211483848002e-29,5.162842387933875e-31,1.7402053504005612e-28,5.909752264509601e-31,2.281656846732647e-28,8.264854423596719e-31,2.667543369322068e-28,1.1810290194551605e-30,4.88453977044075e-30,1.8030363078585808e-31,1.2229729495005105e-29,3.2264852120793552e-31,1.5968136661513054e-29,3.241537217930585e-31,1.943506887800977e-29,5.212969244663887e-31
555,1595028,1.3220220291683397e-29,4.134123669442624e-31,4.319976810729017e-29,5.182405806355292e-31,6.662812584166106e-29,6.723478090740647e-31,9.262976388828027e-29,9.255503874775042e-31,1.6125850756480972e-30,1.1973152919306794e-31,5.138399674017485e-30,2.1366553405168308e-31,6.838318142916833e-30,2.238067276546381e-31,9.827142488814813e-30,2.727600506524287e-31
556,1645195,8.43223468385555e-29,5.571256685593413e-31,1.9789431536744186e-28,7.666434885009776e-31,2.618897522219586e-28,9.996187463512824e-31,3.277259705224901e-28,1.295421259288702e-30,9.602451918063359e-30,3.3680623611115603e-31,2.5027169675965866e-29,6.012438863095056e-31,3.712114261333945e-29,1.1863356548563652e-30,4.4335801914981226e-29,1.5432064320332668e-30
557,1645158,2.7291310324544787e-29,3.6472309883597126e-31,1.1084886389843395e-28,5.2135291550934314e-31,1.8277346358032182e-28,6.650701715531828e-31,2.410070467166946e-28,8.575498428887235e-31,1.5344061461575226e-29,3.4660693306864507e-31,5.925862254631433e-29,1.3304662407237364e-30,9.922753433637071e-29,2.546936964499716e-30,1.309126886605145e-28,3.640443106932776e-30
558,1621023,3.21731555485786e-29,8.910565710621507e-31,1.6182172410967606e-28,1.2017289524845568e-30,3.1048608470713163e-28,1.5697175635244672e-30,4.514927770691677e-28,2.166451837493237e-30,3.8957119963886434e-30,1.5024076319643318e-31,2.113439594555705e-29,6.643148137782071e-31,4.624257825165389e-29,1.3580415743912288e-30,7.217729107945501e-29,2.0151400153860298e-30
559,1699061,1.935883486838513e-29,5.029046494263333e-31,1.0041101228899831e-28,6.965674302594974e-31,1.9379161559655934e-28,8.820721733172356e-31,2.864254397006612e-28,1.4781061739332221e-30,4.8058768960116495e-30,2.6696234043724647e-31,2.2510678282056105e-29,4.771173253567173e-31,4.4247280650570185e-29,1.2848516688856198e-30,6.158373885524205e-29,1.6936050232580287e-30
560,1638030,8.333044666651835e-29,5.366918844600832e-31,3.576273552675093e-28,8.531309381375155e-31,6.0238978787665695e-28,9.231315519294425e-31,8.103583781189223e-28,1.2744600515882657e-30,2.637789281844948e-29,8.585832660046307e-31,1.1669824653319882e-28,3.0095586660193607e-30,2.099880301719556e-28,5.590553786819747e-30,2.717124818276019e-28,1.1376047105827134e-29
561,1641279,1.0081015535821114e-27,1.2014672600927393e-30,2.8084688825700574e-27,1.5865054134073382e-30,4.0080277004743145e-27,2.08175706400156e-30,5.23513658737364e-27,2.7580745175425675e-30,3.08516356874014e-28,9.869719165414837e-30,9.05270318660491e-28,2.4092556294676329e-29,1.3207513427799454e-27,3.7524178756209553e-29,1.721591600143416e-27,5.381078818743248e-29
562,1660018,7.79880133113682e-29,7.177774638671119e-31,1.7129974635846287e-28,8.880751231627799e-31,2.1544920320478376e-28,1.1406707484633618e-30,2.551870231350776e-28,1.4610935756977628e-30,2.0317726812358285e-30,1.7186671533557542e-31,4.049567903559088e-30,1.8310098047259764e-31,5.4652027944795346e-30,2.09209451756978e-31,6.13381846556892e-30,2.457140818070512e-31
563,1699105,1.2216692911793922e-28,7.230850632576642e-31,3.7927013216748437e-28,9.203521856679146e-31,5.781809603985669e-28,1.2642168447303643e-30,7.839230644991975e-28,1.6176286153164945e-30,8.995439998486274e-30,2.4821821603234853e-31,2.339239127490481e-29,1.445439440270604e-30,3.4414881800219105e-29,1.87731128075916e-30,4.1209290641478804e-29,1.8335258761180097e-30
564,1641288,1.1865937305278934e-29,3.767182839422415e-31,5.918185273128916e-29,5.097190595520061e-31,1.183525080650408e-28,6.651855360088363e-31,1.671686911607374e-28,9.152988119670098e-31,2.6245608478826283e-30,1.4646096449443531e-31,1.3642015601735282e-29,4.8523353075751775e-31,2.5742284682762893e-29,7.7475938904345305e-31,3.438580251663117e-29,9.468322871567836e-31
565,1655086,1.0285997037276204e-29,1.8151841247388224e-31,2.2339276658150565e-29,1.7926198176745415e-31,2.625445729134108e-29,2.7088319858479207e-31,3.039103813992725e-29,4.716042970891947e-31,2.09022271126201e-30,7.04648036823645e-32,5.171660128230406e-30,1.4106010895738083e-31,5.6788449432574814e-30,2.4396553578765267e-31,6.607323196367874e-30,5.043249328282414e-31
566,1593067,1.0626835961170844e-28,4.964916075273652e-31,2.942017666677106e-28,6.457664822909999e-31,4.471207022279195e-28,9.050135272455188e-31,6.0884329613759285e-28,1.1112823587829035e-30,3.259049399583705e-29,7.937691113543737e-31,1.0356545275866984e-28,3.2624150163073614e-30,1.6281143584690427e-28,4.962135145234468e-30,2.234673609142306e-28,7.79659288063249e-30
567,1703072,1.0396601565467852e-28,4.988098186254955e-31,2.611946227751533e-28,7.494790283842478e-31,3.517721052104457e-28,9.156163102841538e-31,4.738128620287959e-28,1.237934269026586e-30,2.0630432191659015e-29,6.546796125460545e-31,5.014199214557192e-29,1.223506963325792e-30,6.917172833832126e-29,1.620165381461888e-30,9.074659897147243e-29,2.826751217242326e-30
568,1702083,5.469796831035737e-29,3.914402236898786e-31,1.1107591878011892e-28,5.345576550381458e-31,1.3263151065637231e-28,6.962154262016586e-31,1.609450172182419e-28,8.736732089890724e-31,3.020321402449501e-29,6.345748705455472e-31,6.121644259822628e-29,1.697307807578989e-30,7.324637102245524e-29,2.1046256786250198e-30,8.852710324873648e-29,2.638837641243665e-30
569,1702096,3.8882177059299506e-29,4.71219049854731e-31,1.1616101901899275e-28,6.278228070873416e-31,1.8193510060291006e-28,7.933904833887515e-31,2.638788928438949e-28,1.0474038436376395e-30,4.282353360629024e-30,1.6773896793380321e-31,1.3756401789845848e-29,9.020877757692942e-31,2.3403197651953207e-29,1.2878826110115926e-30,3.3708005897864604e-29,1.0803991251736453e-30
570,1810037,1.3029836355539954e-29,3.604041856703378e-31,2.9832538979007963e-29,5.0171266788371166e-31,4.1009924857436346e-29,6.367330631003364e-31,5.090050978188234e-29,9.054978702960396e-31,3.9770984943573866e-30,1.7457210310912948e-31,1.0784324750500445e-29,2.425088647121745e-31,1.2975167471155228e-29,3.0246210217814343e-31,1.534732010151651e-29,4.800194522390388e-31
571,1797044,4.254976732534828e-29,3.0370378683682984e-31,1.135145992848808e-28,3.023737009881997e-31,1.6124180795004263e-28,5.188019217259057e-31,2.032290614991257e-28,7.069088868294727e-31,6.752472634384647e-30,1.5915408514692319e-31,2.0187865199394787e-29,4.512485242183177e-31,2.5082560043146879e-29,6.913170189492814e-31,3.181079559845397e-29,2.2644116515717152e-30
572,1849051,2.193153551633692e-28,8.99529242539616e-31,4.494316520441816e-28,1.1814646349866992e-30,6.000407682734253e-28,1.4582778732765112e-30,7.410798860678403e-28,1.8973810741364552e-30,6.341800882034858e-30,2.0007976171569557e-31,1.0443819739730739e-29,3.580835810254522e-31,1.3673435892287385e-29,3.544566983472252e-31,1.751789969329485e-29,5.368321759735232e-31
573,1849244,7.385803582992769e-29,6.243153029229342e-31,1.6025830378965315e-28,8.239361815364607e-31,2.432745335530274e-28,1.0489090624050936e-30,3.188253730684874e-28,1.348942278399792e-30,5.8977101096160485e-30,1.9481970218811879e-31,1.4544725193585518e-29,4.322181905842452e-31,2.0618272915698424e-29,4.892833315525996e-31,2.374288372801389e-29,1.017098927716968e-30
574,1780122,5.898234805589366e-29,5.0154922914438955e-31,1.966317833174803e-28,6.526350967357651e-31,2.944165554006827e-28,9.160978833648245e-31,3.941398773180302e-28,1.2014835434737594e-30,1.7095722407694326e-29,6.649367799566999e-31,5.922119965796355e-29,1.1834839883322665e-30,9.379203859848435e-29,3.144215868092576e-30,1.2186015794837746e-28,3.8915726770581366e-30
575,1810087,3.4551113169960453e-29,4.771295901009538e-31,9.336469688606919e-29,6.352042312571317e-31,1.270914039051552e-28,9.641624680631941e-31,1.4841811053963287e-28,1.2108495221732053e-30,4.052972328845909e-30,1.2863127337783331e-31,1.2540844386858861e-29,3.904608162061701e-31,1.618557583796772e-29,4.128039080837471e-31,1.9832448547667346e-29,6.870632512694105e-31
576,1790098,8.827620395764282e-30,3.288002724780042e-31,1.9840374480867644e-29,4.206322842119814e-31,2.5104806204570794e-29,6.283931599941003e-31,2.7834699463498373e-29,8.030282714557613e-31,4.233169330034605e-30,1.7529552377907339e-31,1.0662453874953054e-29,2.740538959665093e-31,1.2031246206286235e-29,2.9973281875962982e-31,1.5327975482990777e-29,5.223237164559788e-31
577,1817269,2.2235463295326638e-29,2.0142313094210024e-31,5.213467262620369e-29,2.06445922267843e-31,6.772335430790785e-29,2.8989095194753225e-31,8.16490350916959e-29,5.5479928271619975e-31,7.940548532658964e-30,1.8472008733094471e-31,1.836426833016541e-29,3.7869811530629892e-31,2.2827856340838967e-29,6.2903042556209385e-31,2.7512900169974037e-29,1.7685444510159874e-30
578,1770442,8.919961486012654e-29,7.815228267253244e-31,3.252584291347456e-28,1.0877949712452347e-30,5.263164032721546e-28,1.4062083093258422e-30,6.935761015666752e-28,1.8904703015817323e-30,-6.806353531821423e-33,-1.7099735814913375e-31,1.2517301123604868e-30,1.3826343232489934e-31,2.8607496849662746e-30,2.022587836805265e-31,2.4459762986941767e-30,2.421911858036069e-31
579,1833067,2.9963119604334735e-29,4.5722729310828525e-31,6.455995524957004e-29,5.2156580500485885e-31,8.048411287431134e-29,7.4521588507089585e-31,9.081800679904187e-29,1.0063703628911604e-30,3.8151199368826826e-30,1.145372959855359e-31,8.066088012706464e-30,1.4370121504835999e-31,1.0265660111121053e-29,3.005911982390678e-31,1.0262513085740261e-29,3.4804032538963202e-31
580,1770386,6.278941794941568e-29,5.519875781567694e-31,2.381696369463438e-28,6.865683322644508e-31,4.076371285950289e-28,1.0253694106268545e-30,5.753515627027405e-28,1.2945125006146276e-30,1.7970723836467073e-30,1.2842889056729007e-31,8.091683814612163e-30,2.176777920378772e-31,1.3619876894296686e-29,3.679303436292518e-31,1.723908039312787e-29,5.725655442374069e-31
581,1847151,1.2571796722605987e-28,1.0509115331863109e-30,5.010578499051503e-28,1.426055387027422e-30,7.792158051062817e-28,1.558244012866775e-30,1.0493924216088878e-27,2.143328840250606e-30,4.627728063383246e-30,1.6343546004441432e-31,2.109893121497721e-29,4.5252834625455214e-31,3.241995411783813e-29,7.007286009079034e-31,4.354567992823453e-29,1.3538802628182567e-30
582,1847303,8.776473787860687e-30,2.093862041700899e-31,1.8727821902706217e-29,2.0687558036409507e-31,2.3673293718670775e-29,3.404213535767917e-31,2.945948100299144e-29,4.8010383077820846e-31,3.5491687700526e-30,1.0685301411587816e-31,8.978109111857255e-30,2.1733601430646033e-31,1.1183082497764765e-29,2.7437378670031652e-31,1.4019028019377825e-29,1.0225676064301338e-30
583,1774072,4.4533252235358275e-28,8.512214033397483e-31,9.016562006930407e-28,1.1674143931808022e-30,1.1852640382716798e-27,1.5064452457091585e-30,1.4095699983963742e-27,1.9244683221873727e-30,4.55563502578544e-29,1.3736127640881584e-30,9.648547049621993e-29,2.0620006639371912e-30,1.2983109684910192e-28,3.1254497484582003e-30,1.528190506284575e-28,4.299100715380565e-30
584,1847079,8.807847283456542e-29,6.516756298314031e-31,1.4798291137483014e-28,7.82749925958094e-31,1.5848575453578723e-28,1.0195898717435002e-30,1.8462814561759915e-28,1.370484034708358e-30,2.3698840740323468e-29,8.514499815308682e-31,3.843075886095777e-29,9.810519335043944e-31,4.328184552990051e-29,1.1628087605673117e-30,5.444860073767736e-29,1.6129324254286644e-30
585,1861178,8.920920650889664e-29,1.1010700327324392e-30,1.6822046801265609e-28,8.185437067141997e-31,2.2154518935731113e-28,1.2591411681788177e-30,2.628954329942407e-28,1.5221623312464048e-30,3.042231315215119e-29,5.9331081523235395e-31,5.946655760272224e-29,1.3759158775638891e-30,8.20745937710169e-29,2.140077210173714e-30,9.637597667145971e-29,3.820463430221083e-30
586,1777082,1.4386284530203752e-28,9.03280348794959e-31,3.395279374388333e-28,1.179390268959918e-30,4.817837380186519e-28,1.6302981692770486e-30,6.021544629667549e-28,2.1395744298413056e-30,2.7300879106567327e-30,1.6009868212048011e-31,7.902609887555889e-30,2.6104115119216872e-31,9.796788983409145e-30,2.4924721553485465e-31,1.3454390451441106e-29,4.526030278185942e-31
587,1834104,5.613231838873291e-28,8.697541084286633e-31,1.0896396616417656e-27,1.2679505946599826e-30,1.5123891537005968e-27,1.5503609927370876e-30,1.7768025257456742e-27,1.9512139239564693e-30,3.831414666155453e-29,6.848078621953438e-31,7.657142541481687e-29,1.642941077751739e-30,1.020378541260143e-28,2.4850729341197682e-30,1.2260643785066315e-28,3.5354494605241096e-30
588,1847148,1.3519311606809584e-28,6.972371842140417e-31,3.735529452627127e-28,1.0176176110046898e-30,5.363867835469647e-28,1.1626687877676528e-30,7.099719925741585e-28,1.5630062005009097e-30,1.531540321507931e-29,5.207992040132357e-31,5.474159982846182e-29,1.4065353893622964e-30,9.374090736041871e-29,2.4321678739442933e-30,1.3086273796726554e-28,5.3735076443868274e-30
589,1811099,3.860249351802471e-29,4.484711289089499e-31,1.8226010214029102e-28,6.563332555979483e-31,3.432991003791028e-28,9.032362846671345e-31,4.856503127540512e-28,1.0861489466811966e-30,8.267287096947159e-30,2.000338315879332e-31,4.4392525641282285e-29,7.7360790029169775e-31,8.71097981937131e-29,1.5684552290376608e-30,1.273094277683094e-28,3.884687235801888e-30
590,1847165,1.6243587369299654e-29,5.013352089408772e-31,3.156917271922672e-29,6.777756553655266e-31,3.556907470030579e-29,7.624136089889428e-31,3.714208270798901e-29,1.0757885793445105e-30,1.777254937754426e-30,1.251258948340501e-31,4.4510602264079184e-30,1.640243088481623e-31,5.018101388350532e-30,1.956357624384324e-31,5.5822979930662165e-30,2.45436784943122e-31
591,1792093,1.2342596968446914e-28,3.934265161180948e-31,2.763196650161113e-28,3.8630114362417503e-31,4.268157398916928e-28,6.570471043396019e-31,4.541119164407066e-28,8.875001622590594e-31,4.61375751367463e-29,7.562314794911898e-31,1.0205747349822792e-28,2.2581266113839907e-30,1.6031720930611599e-28,1.0684669754801192e-29,1.8898520788658643e-28,1.2283368533925696e-29
592,1861210,1.826149022586481e-29,3.350289667235832e-31,3.9292025643928607e-29,4.821175296656502e-31,5.154693563764234e-29,6.933795316806319e-31,5.870398401148179e-29,8.630285121490498e-31,1.3881589867769211e-30,7.323042781023417e-32,2.735720530675197e-30,1.2451309467411283e-31,3.672272578053105e-30,1.6633532281274187e-31,3.86071903628989e-30,1.674702761572433e-31
593,1847216,3.2780967002361824e-29,4.892200819961071e-31,1.0881732362053003e-28,6.264441065980441e-31,1.7709170536412115e-28,7.719974528044255e-31,2.4949525934509693e-28,1.0136168204221716e-30,7.022384282455783e-30,2.9684063615340093e-31,2.4425128966281729e-29,7.264600420159037e-31,4.3256047488963886e-29,1.1017676518261282e-30,6.310757680726626e-29,2.5506602484169676e-30
594,1777216,6.968316139562792e-29,6.286955652067698e-31,1.9652447734980006e-28,8.102098270840221e-31,3.417602362680902e-28,1.0381303497546802e-30,4.755805690532007e-28,1.5524496318332224e-30,7.396844464507414e-30,2.5035621405740763e-31,2.1541493327146785e-29,5.126283201865327e-31,3.9227831105319155e-29,7.900964262414028e-31,5.27451201176662e-29,1.36277522374016e-30
595,1880686,1.1252550273424264e-28,5.073676991531312e-31,3.796799910930355e-28,8.023573228146551e-31,5.973248558645322e-28,1.0349061329970093e-30,7.947203413244375e-28,1.2927496582224684e-30,3.528631533746576e-29,7.258813694415379e-31,1.310929830152173e-28,2.833355883936408e-30,2.048361774773893e-28,5.148902147966684e-30,2.814048872398455e-28,6.929951378577889e-30
596,1791116,3.571894919909478e-28,9.756926113093518e-31,1.0098705808894464e-27,1.27075917962696e-30,1.5334964506697602e-27,1.8865199658190392e-30,2.0465221924750755e-27,2.3742999591327253e-30,1.5536127934448018e-29,4.3128240618348565e-31,3.888352747399297e-29,7.93715200581353e-31,5.47443773032667e-29,8.88627035633971e-31,7.269489609668948e-29,1.9968865645623358e-30
597,1835110,1.3898125202300757e-29,3.3198669485952865e-31,2.4894057381380637e-29,4.604100527321811e-31,2.4985316233925934e-29,6.528974979055202e-31,2.994220821893003e-29,8.165621529263348e-31,2.8876091368858432e-30,1.187201318110023e-31,4.973243284697911e-30,2.7095950280544513e-31,5.437165219223928e-30,1.9625667579948888e-31,6.2168137684424155e-30,2.2021138950720587e-31
598,1782065,2.2733299214263427e-28,5.194429507888858e-31,6.4503968865450355e-28,7.491233095162383e-31,9.667484873514828e-28,9.740031185010428e-31,1.2755182466169596e-27,1.2324254334943311e-30,1.1586917674615999e-28,2.4486385462993318e-30,3.338587639352637e-28,8.982328698933166e-30,4.8539653489664975e-28,1.3177238674681654e-29,6.398232302088633e-28,1.639543930370776e-29
599,1880429,7.516170779456779e-29,5.947692903978022e-31,1.686965946910246e-28,8.646365168712706e-31,1.992056852577456e-28,9.888680188077324e-31,2.2962732451793208e-28,1.3353564354858436e-30,3.671647058937442e-30,1.5293518567815616e-31,7.169023708482381e-30,2.0331986949468107e-31,8.834096322052463e-30,2.675543591687339e-31,1.0098206688564713e-29,4.384605877328679e-31
600,1773078,2.2706146751310673e-28,7.182169913836143e-31,3.6417266313025647e-28,8.22022164675023e-31,4.5239832932491295e-28,1.3057086786088886e-30,5.656656471959718e-28,1.621353672158117e-30,1.3474596980635986e-29,4.215986455775439e-31,1.8822253401630046e-29,4.5214475262612025e-31,2.1698341534634843e-29,4.927603677981499e-31,2.9761462698643505e-29,1.2309323557469255e-30
601,1854103,1.275518621984081e-28,7.240361484974977e-31,3.772038111926381e-28,9.351498689858349e-31,5.92958857547193e-28,1.3580366099377922e-30,8.152743614125453e-28,1.7010411999648476e-30,2.812724955093007e-30,1.1002837746640763e-31,7.218229796804973e-30,3.556390426084852e-31,1.030914335727126e-29,3.6589618842836472e-31,1.540732711828201e-29,5.0383068533221615e-31
602,1880632,5.407765556498523e-29,3.2793508461718635e-31,2.3780884580107726e-28,3.1235963925178588e-31,4.360370670027718e-28,5.224494414752025e-31,5.3560779939521795e-28,7.696965794234439e-31,1.6436857833742886e-29,3.531331083142289e-31,8.54862339019283e-29,1.9639606364818862e-30,1.4711180040855414e-28,9.94804100860077e-30,1.851817061537521e-28,1.0208207745760269e-29
603,1878288,5.540511856503333e-29,5.000923066477563e-31,1.5334533384491055e-28,7.184643943955082e-31,2.242610368618162e-28,1.0067476600558173e-30,3.061641580564213e-28,1.2549731550413622e-30,8.32680138001664e-30,2.168012153094651e-31,2.840422004413508e-29,6.4729773600587885e-31,5.0189438178288077e-29,1.1353998533489265e-30,6.838299492448268e-29,1.7539582839433867e-30
604,1776329,1.5373785787998326e-29,5.342760156683477e-31,3.352302694801473e-29,6.788141364291931e-31,3.7395724822981225e-29,7.961780599477718e-31,4.626291114998941e-29,1.1153214583925852e-30,3.362208472860046e-30,1.3766863541668912e-31,6.779358890559456e-30,1.9397796930152583e-31,8.636432519601585e-30,2.402273228369107e-31,9.858884956944606e-30,3.2540418894682075e-31
605,1878756,4.128048810444268e-29,4.23732675991689e-31,1.256139757562683e-28,3.978609400568632e-31,2.097519453539697e-28,7.061990005898868e-31,2.9227482958223297e-28,9.988327228939057e-31,1.7974315752011767e-30,6.211377528412671e-32,7.282683759830992e-30,1.320731706456392e-31,1.1817249069217875e-29,2.6319928835554467e-31,1.649174990561514e-29,7.4062385122743215e-31
606,1773237,1.526470217536027e-28,6.130287591943948e-31,3.472591564987633e-28,8.145099690366824e-31,4.587147845154385e-28,1.0736932707652453e-30,6.12530026748192e-28,1.4901589691420002e-30,5.125030139211256e-29,2.149268866819697e-30,1.2581698006476878e-28,3.0297022782740476e-30,1.7686081906013014e-28,5.5947337658683854e-30,2.3298835182681437e-28,7.735905561317073e-30
607,1860025,4.96740177671524e-29,4.747718834712491e-31,8.276123123679618e-29,6.337414328194237e-31,9.401713491059573e-29,9.333925930119961e-31,1.0225093073568789e-28,1.1686357145978985e-30,2.8164685182730975e-29,8.578759475710074e-31,4.70933500625352e-29,9.543607730753704e-31,5.499820088077029e-29,1.1585754244102633e-30,6.039720113356981e-29,1.7951039668708332e-30
608,1878148,4.142159682813194e-28,8.283166501440658e-31,8.911891120808573e-28,1.061634531197772e-30,1.3472735310612144e-27,1.3522811940210836e-30,1.702894667696167e-27,1.7482425355433473e-30,3.5457344844314046e-29,1.2072713367595371e-30,7.67515659796991e-29,1.5445685737904769e-30,1.1094547133658171e-28,2.6800504144443013e-30,1.290921667529958e-28,4.290337490452341e-30
609,1876287,1.6744072299377328e-29,5.648219842802523e-31,8.552070793909307e-29,7.903395305349581e-31,1.5835605479779029e-28,1.1524115355499322e-30,2.230756061202378e-28,1.4004443272591184e-30,3.54375574245654e-30,1.4370335153189123e-31,1.5548834345821677e-29,2.3180594656897437e-31,3.033116149198029e-29,6.500870082272851e-31,4.428731617593357e-29,1.0421595090559146e-30
610,1850045,6.017821158305054e-29,5.944582275992087e-31,1.7626145255290503e-28,8.002184532798711e-31,2.711903278139584e-28,1.178013563883215e-30,3.849413696403116e-28,1.473390362631634e-30,9.140461544767293e-31,1.8569288807064655e-31,2.635068319463293e-30,1.8085948763314206e-31,3.086120006908197e-30,1.8762151563601923e-31,4.132387778850692e-30,2.352674116109112e-31
611,1872027,5.465628670445824e-28,6.843552745423103e-31,1.1081260214597434e-27,9.67182313333764e-31,1.6199128842361482e-27,1.2514193989482651e-30,2.017281299097147e-27,1.592590269827588e-30,1.5003786557787375e-28,2.8004176256122623e-30,2.8781519603698113e-28,6.322998237596352e-30,4.0589399039159405e-28,8.155750239309336e-30,4.892715203279e-28,1.5047401364613238e-29
612,1876421,5.450228443910134e-29,4.566673232997555e-31,9.910970761825237e-29,5.864297338260948e-31,1.1483345909249506e-28,7.124100153467091e-31,1.4206917260582176e-28,1.0029330817449915e-30,1.9703076041261218e-29,6.948013986543604e-31,3.536157958626669e-29,1.4086012080824245e-30,4.1335876995658686e-29,1.5912683092285802e-30,4.673841732768552e-29,2.0959980935093384e-30
613,1862039,1.7630980510004543e-28,7.923034709232681e-31,5.819080366224613e-28,9.459227148281034e-31,8.95284989590861e-28,1.2364336768364586e-30,1.1750275463475962e-27,1.7412129461919603e-30,6.245634404530774e-30,2.048893240979752e-31,2.197670009074197e-29,5.946632923225658e-31,3.085676595274694e-29,7.090384279637642e-31,3.914040557346769e-29,1.3483186658234993e-30
614,1850249,1.0788047335215722e-28,1.2785332658708202e-30,5.433698536538513e-28,1.539136682343622e-30,1.1309216791234136e-27,1.936145396629486e-30,1.6041492672119588e-27,2.4891208685010527e-30,1.2478776847485813e-29,3.0174488991338326e-31,6.247569280651088e-29,1.694701274330496e-30,1.2417225246883731e-28,2.470534597878659e-30,1.7869476224399584e-28,4.606054643589485e-30
615,1876533,8.797528571457151e-29,3.282372683845552e-31,2.356272725609184e-28,2.8736577533682205e-31,4.373650306272149e-28,5.028358636829582e-31,5.559314641073963e-28,7.081225136571895e-31,1.0249292817736231e-30,6.086126386240322e-32,2.4773480529194383e-30,6.571036687666405e-32,3.871797058186735e-30,2.864683108641503e-31,4.801171791245784e-30,2.830980855467164e-31
616,1876308,7.662175079992234e-30,3.532866658606005e-31,1.6236780448641788e-29,4.260226003192694e-31,2.0788748564235093e-29,6.1956455611286095e-31,2.217441329115205e-29,7.868389735007805e-31,3.4543388337563984e-30,1.4733350180070163e-31,8.612968581980454e-30,1.840429579626821e-31,9.482709475930825e-30,2.297981465453527e-31,1.3149658450524486e-29,3.8834530437585184e-31
617,1840041,5.364711344813284e-29,7.291052784022309e-31,1.545872883447009e-28,5.943404736876985e-31,2.293016051577094e-28,8.499477201062687e-31,3.00275896091629e-28,1.0451345581718703e-30,3.78247656939309e-29,1.4436903427523916e-30,1.1500521560990323e-28,3.8464533187173066e-30,1.751791380179831e-28,6.175839438471321e-30,2.283547583144727e-28,1.2545555040103477e-29
618,1867019,3.4441780633706803e-28,6.708253023540947e-31,6.899705939925869e-28,9.285008091869822e-31,9.961843297223965e-28,1.1976578638112964e-30,1.203673591843769e-27,1.6165548643014534e-30,4.182924958534073e-29,9.311445408391918e-31,8.82291439194267e-29,2.0196065719523597e-30,1.2234346017358595e-28,2.3366618734801425e-30,1.4126689208964299e-28,3.3734372712790385e-30
619,1773049,7.046817013790393e-29,4.963030825376822e-31,1.7756564875077255e-28,6.6787746260118785e-31,2.54212632175563e-28,8.846942235655359e-31,3.4263141300693793e-28,1.1393068224896118e-30,1.525845255961815e-29,3.5719844712759394e-31,3.780761595704808e-29,8.435681065741939e-31,5.629477538187644e-29,1.1727308354836704e-30,7.647596257784465e-29,1.896283309131389e-30
620,1862334,2.91783225763303e-29,5.106841509651621e-31,1.058712145634094e-28,6.5683275174817225e-31,1.960432501730339e-28,8.927297105576103e-31,2.736565628792042e-28,1.1784395227342208e-30,4.728107549179421e-30,1.8110208088700787e-31,1.5886435982933974e-29,6.769041815415053e-31,3.442084298730032e-29,1.1461912361586704e-30,4.71883904919309e-29,1.7295282557428542e-30
621,1879256,4.628535340990888e-29,4.501442674087282e-31,8.378666542687968e-29,5.764012874423877e-31,1.039983071974969e-28,8.165821333504075e-31,1.1408989512403583e-28,1.058010515300082e-30,2.2684639236303123e-29,8.737564341405052e-31,4.1849377362235764e-29,1.1696388459707724e-30,5.311970292605755e-29,1.1595586029795853e-30,5.844638392813843e-29,1.3265518715674804e-30
622,1879532,9.72526388703181e-29,6.167525143990951e-31,3.51697259839123e-28,8.213307262975857e-31,5.512959608462415e-28,1.0689107243616096e-30,7.340637503713296e-28,1.4893711718778512e-30,1.386954443235213e-29,5.542701938768496e-31,4.761486693297782e-29,1.643157449961783e-30,7.554791283387158e-29,2.4575792142585698e-30,9.7464474344978e-29,3.491505699976511e-30
623,1879414,1.230273038861512e-30,2.3302627659243662e-31,2.9381949272569896e-30,2.2250039889341937e-31,3.4454614924017894e-30,3.7511348975080173e-31,3.4334587340139114e-30,5.454053509929076e-31,4.996643647499551e-31,5.953047009913104e-32,1.537614806089261e-30,5.396818023378776e-32,1.69662085806807e-30,7.813767984252579e-32,1.5205008294451524e-30,1.2576695152109203e-31
624,1909375,7.027045258703212e-29,2.807113844422468e-31,2.1681673690514793e-28,2.8820604791030013e-31,3.4043788739386797e-28,4.057904143194218e-31,5.031211296031761e-28,7.291114621956208e-31,9.565236248012477e-30,2.2486815753156923e-31,3.5365329728671275e-29,1.1537386301613542e-30,5.527988164964281e-29,1.0399330876585357e-30,7.6385542490017e-29,4.5533440088955154e-30
625,1922297,5.446340179728095e-29,4.804556247985834e-31,1.3266117308035842e-28,5.760234643023946e-31,1.768286039850953e-28,8.408484014126491e-31,2.2670831786524443e-28,1.0691248428850815e-30,4.667373931498811e-31,1.124033183374876e-31,1.8373736293879944e-30,1.0750066328009746e-31,2.5649979650275033e-30,1.3104947609618162e-31,2.2608490793321947e-30,1.6795369974550342e-31
626,1929063,1.3524905644976762e-28,5.584852617781015e-31,2.717939705376551e-28,7.124813652254283e-31,3.8304197992225565e-28,1.0499150029420604e-30,4.527334804665202e-28,1.3330191816470814e-30,4.1161574126138686e-29,1.3997360207557258e-30,8.681128027192837e-29,2.1821307910074783e-30,1.2545712423076395e-28,2.80182619323218e-30,1.472566537610462e-28,4.8771392986457184e-30
627,1929024,8.573373952507388e-29,5.378101969798631e-31,1.9484295421256563e-28,7.715862925922743e-31,2.464124788965962e-28,1.0131866942450469e-30,3.1986266031426092e-28,1.265848082630833e-30,1.2081237333221706e-29,2.785474199814905e-31,3.244697897601515e-29,6.597098657784882e-31,4.3933746069157673e-29,1.1977839452592032e-30,5.428056955775142e-29,1.8056424921084198e-30
628,1897267,1.348652579884959e-28,2.6997582340541873e-31,2.382353997162742e-28,2.677134558161476e-31,2.667469884950941e-28,3.8037208196557597e-31,3.368081394154227e-28,6.714651829109154e-31,5.320618103413645e-29,8.332447056971518e-31,9.001719640194786e-29,1.65584716082076e-30,1.0584293355329223e-28,1.940508131688653e-30,1.4554820924672792e-28,8.200827789774685e-30
629,1904092,1.9475429622726831e-28,7.812912910892351e-31,5.762003462894133e-28,9.38709207748589e-31,9.001974191749896e-28,1.3511435142967773e-30,1.2389813715779849e-27,1.866888435223184e-30,2.9251585612736765e-29,6.825531667363711e-31,8.51764635794302e-29,2.1792848054628372e-30,1.3760477944206839e-28,2.8191392442568983e-30,1.9423488320442965e-28,4.365613425845011e-30
630,1929216,1.2297315471872487e-28,9.139383006887302e-31,2.49167505815923e-28,7.750264367506278e-31,3.2790611576248998e-28,1.0657473804924456e-30,4.354409970643489e-28,1.3959718371379404e-30,3.248877280924375e-29,1.1350030640764787e-30,6.119100372008696e-29,2.261048665926788e-30,7.899816940365682e-29,2.8246378232072398e-30,1.1837398121091918e-28,4.8317707923649784e-30
631,1887027,1.0018092354317645e-27,1.1271624104943416e-30,2.1890767562339627e-27,1.4360797728661768e-30,3.2322069350690456e-27,2.056614823171894e-30,4.32470298975875e-27,2.539494421271264e-30,3.5028899767582824e-30,1.5981845547641367e-31,7.950296850924195e-30,5.521995074875365e-31,1.060777594404332e-29,5.096936346023225e-31,1.333377280488245e-29,5.51930094213596e-31
632,1913214,1.3375274406074902e-28,7.806210947656876e-31,4.490976710940016e-28,9.990616726048941e-31,7.062466592489208e-28,1.2961663937520668e-30,9.19480180900953e-28,1.698581151761001e-30,1.0464351681651717e-29,3.588548736127277e-31,3.4141964566492336e-29,8.878875501568362e-31,4.8889706536769017e-29,1.2783982075385132e-30,6.480306546224372e-29,1.6944816706526203e-30
633,1923060,1.8863717779505142e-28,6.234980720230757e-31,3.9884843979560282e-28,9.086975609414077e-31,5.261430726826349e-28,1.2290990694215256e-30,7.0501958102269925e-28,1.5052292990663158e-30,6.708834374091923e-30,1.7942920606370012e-31,1.3223586627950842e-29,4.1455621900148355e-31,1.3350187923462408e-29,4.541771000901348e-31,1.952183608279765e-29,1.1425896478903644e-30
634,1882097,6.45043147638807e-29,6.2379984753077294e-31,1.5211658574898202e-28,8.528333068452677e-31,1.888003702322319e-28,9.575804375543682e-31,2.215445721979282e-28,1.2974727662125967e-30,1.3397095722344486e-29,3.5163834737185727e-31,2.932641378381169e-29,6.099022070294318e-31,3.61358315230339e-29,7.8248900797298655e-31,4.3070077273203394e-29,1.5222992457968745e-30
635,1900662,7.237994063462581e-29,6.010905251133012e-31,1.9482093409952506e-28,7.028831085948783e-31,2.720289425017758e-28,1.0111967279321673e-30,3.504945084863451e-28,1.2641670020380611e-30,7.449805649314154e-30,1.5739008630178744e-31,1.916912366341521e-29,3.5215420406610715e-31,2.7567141552189667e-29,6.281538389986531e-31,3.6581554122527824e-29,1.1856678601456793e-30
636,1889211,1.0765594331034416e-28,6.798302311718539e-31,4.983142842778726e-28,9.84981551788121e-31,8.840186022271053e-28,1.3069149007011106e-30,1.1956345032459033e-27,1.6832251010305e-30,1.7607968781877527e-29,3.3941918799754642e-31,8.520746910524928e-29,1.875320920127412e-30,1.5128913243525794e-28,3.0421446064672003e-30,2.021077973248184e-28,6.2178390126781134e-30
637,1896111,6.571977165907952e-29,3.845056192201284e-31,2.4096918715822867e-28,3.682572249005257e-31,5.119826544769472e-28,6.5869727840658685e-31,6.374919014563754e-28,8.916467127223333e-31,1.1373307295145985e-29,2.7429819463874887e-31,5.84491518557677e-29,1.5094337465622182e-30,1.061885121861919e-28,2.827119458946532e-30,1.807796962372968e-28,1.1935647226885085e-29
638,1896254,5.9156372985732846e-30,2.33071344894222e-31,1.1228036731595823e-29,3.3537578906325315e-31,1.5138653574364522e-29,4.833940702876755e-31,1.2163860184918143e-29,6.020238535359001e-31,2.8982984143292443e-30,8.872186749758908e-32,4.839032404836785e-30,1.9156055031861167e-31,7.396755407916936e-30,2.814228144414192e-31,5.3292061478803675e-30,1.9812906822693837e-31
639,1908380,8.092536851510588e-29,6.754710098079267e-31,3.592347647593949e-28,8.990423405836791e-31,6.36835198268339e-28,1.3325027361247245e-30,8.872574568602407e-28,1.5806925265592347e-30,2.36111985749102e-29,4.953487251390732e-31,1.169380408864666e-28,2.1968436405294432e-30,2.1322531158003e-28,3.63491280217344e-30,3.024408702555868e-28,7.788912146281652e-30
640,1915087,2.038588057305645e-29,7.077900007380918e-31,7.924782406189258e-29,8.024406135778375e-31,1.483505045912306e-28,1.1800064108917276e-30,2.0666557331678834e-28,1.5333419810863611e-30,4.151409969031193e-30,1.1514135619992846e-31,1.7445210211177232e-29,3.497346164701427e-31,3.6319424035395045e-29,9.837451487081364e-31,5.253236785935267e-29,1.932922065958861e-30
641,1933020,1.1566420612424108e-29,3.331568801335745e-31,3.2678860961525556e-29,4.342692779708675e-31,4.879583850892456e-29,6.355866288673749e-31,6.41101299359488e-29,8.291945339535353e-31,2.4602491295513115e-30,1.490373884973219e-31,5.326469453000806e-30,1.8145856143396984e-31,7.999459988466613e-30,2.2720748130538767e-31,1.0503626463704924e-29,3.922411626378199e-31
642,1904152,1.222987089312027e-28,3.765157529599656e-31,3.9257739177276395e-28,3.6066241907284254e-31,6.715394953257254e-28,6.126949990673862e-31,8.764662955933e-28,9.084869396484944e-31,8.133594131642576e-30,2.078718448176121e-31,3.2302208339461056e-29,8.376267224294693e-31,5.393515792533837e-29,1.489934736381786e-30,7.605965007188297e-29,6.1996706887224325e-30
643,1915184,5.620079433380425e-29,2.905978802495637e-31,1.2084193751520718e-28,2.716289844976232e-31,1.5551888215327183e-28,4.793504766476975e-31,1.7550005822280355e-28,6.8894664023113135e-31,1.6309673989616306e-30,5.683377202706882e-32,5.032702652155854e-30,1.2191968465447526e-31,6.216522757012024e-30,4.628812459382628e-31,6.775694947711713e-30,2.6106156299145465e-31
644,1915067,1.027235714197463e-28,7.189646295958e-31,3.1866295046496347e-28,8.74528733386616e-31,4.6994976485477155e-28,1.2811735139646605e-30,6.395494863799366e-28,1.6438462099049283e-30,6.5118145187064e-30,2.329664359602019e-31,2.1673383145098498e-29,4.9915861383627555e-31,3.196547423563777e-29,7.7982739226672885e-31,4.52434595218537e-29,1.1553404261528505e-30
645,1922405,2.3549764894337997e-29,3.424263315507796e-31,5.550896260049743e-29,4.618614086775891e-31,7.547521773903244e-29,6.760069889940408e-31,9.058446708208372e-29,7.893730400701286e-31,1.2247156362002084e-30,8.418916837041007e-32,4.1045175479641184e-30,1.3631833582203632e-31,5.9916207670782985e-30,1.5104230788817732e-31,5.9552152851910984e-30,2.7686829601245803e-31
646,1918076,8.910615925113996e-29,3.290001916715189e-31,1.846034262064785e-28,3.1620321441433383e-31,2.3175200987474275e-28,5.198034169671471e-31,2.7392766116614368e-28,7.160536077473103e-31,2.373850876100004e-29,4.717273655934092e-31,4.650635047432299e-29,1.8792245312554724e-30,5.188793218188101e-29,1.8624988607690332e-30,6.802616531271144e-29,6.135715348958652e-30
647,1883166,4.2728165549507227e-29,7.491297140800343e-31,1.9335791987351127e-28,9.339596627861797e-31,3.5913499855625236e-28,1.2368440166965831e-30,4.97180436139281e-28,1.6217595460300575e-30,4.549172490086412e-30,1.5131580007193002e-31,2.524063500851533e-29,8.529937137075881e-31,5.053124583749994e-29,1.2511000567868209e-30,6.753243181403276e-29,2.2523348047023452e-30
648,1912110,5.379650722967978e-29,4.5110632449205024e-31,1.1352909958619383e-28,5.293381460451555e-31,1.4347249052428406e-28,7.886314150256593e-31,1.6281083013082702e-28,1.0490036933726628e-30,1.74068028596622e-29,4.3257177363752775e-31,3.14352925447834e-29,8.115345164013919e-31,3.866967676170757e-29,9.325360886216793e-31,4.3569446700735523e-29,1.1175289668412434e-30
649,1901803,4.31461001250227e-29,6.354447231645488e-31,1.9282476373231062e-28,7.949351764367962e-31,3.942214804513956e-28,9.966603956754372e-31,5.57456548260028e-28,1.3057109289197922e-30,3.5546717876508084e-30,1.5717554874190643e-31,1.105130273220906e-29,3.750606338552263e-31,1.968734426571029e-29,3.946210479183306e-31,2.854959526652925e-29,6.838511203630671e-31
650,1901059,5.178231605756097e-29,9.741686016261765e-31,9.385606927577447e-29,7.887404591966791e-31,1.1705717458467328e-28,1.1361857224278944e-30,1.2554297936971951e-28,1.4038332356212746e-30,1.5380669151856638e-29,6.175050669825571e-31,2.454060166075701e-29,8.438080163639225e-31,3.4617152468831765e-29,1.2370762380102373e-30,3.794331455528172e-29,2.101710717228366e-30
651,1901738,8.17261588920527e-29,5.671532772931209e-31,3.3574477481058358e-28,8.337482347195345e-31,5.5640052808371955e-28,1.0586723880656871e-30,7.185659351563098e-28,1.430558140809996e-30,1.896602690119369e-29,5.764207465849926e-31,8.426985941601716e-29,3.616032768071418e-30,1.4177564582053735e-28,4.3026398264158594e-30,1.7558808854035995e-28,1.1802900629720549e-29
652,1920365,1.3600068936113172e-28,6.0327315511943685e-31,3.7441203593286127e-28,8.021730976989968e-31,5.557125106689012e-28,1.0695315657168103e-30,7.902941580202013e-28,1.4453558509636968e-30,9.82989292788609e-31,8.867831976543939e-32,3.82292118500701e-30,2.650320234869083e-31,4.7561248212182e-30,2.58015322093722e-31,6.270348642887943e-30,2.941486190344342e-31
653,1901798,7.876935203402958e-29,6.915505885066388e-31,2.391210777125394e-28,8.131623610492848e-31,3.9065548046253477e-28,1.125791293404536e-30,4.9702711743684405e-28,1.3856873730285968e-30,2.2275622794064539e-29,5.1819628860450425e-31,7.77103294663494e-29,1.935578687052052e-30,1.261734979161494e-28,2.6811977901769572e-30,1.5457933275193415e-28,5.518664893180009e-30
654,1901115,1.1063421159023284e-28,7.862378546337151e-31,2.720185175650717e-28,9.98194629222319e-31,4.1027727250796695e-28,1.2997853671514008e-30,5.386349139986725e-28,1.710399675187415e-30,1.0215925330783057e-29,3.5244593731448687e-31,2.8021333647340416e-29,7.338089233658426e-31,4.1884824190450527e-29,1.099301442028719e-30,5.488688966529314e-29,1.4404986599187969e-30
655,1916124,6.981342903808756e-29,7.866741013820774e-31,1.3481536759012807e-28,6.089687133777847e-31,1.6437254597925043e-28,8.859292435611425e-31,1.9677624820100825e-28,1.1620743957596915e-30,2.240585820930964e-29,6.473004413008399e-31,4.858356635307743e-29,1.4007662172315925e-30,5.845638760371261e-29,1.6910115199964234e-30,6.721092236599313e-29,2.982881588808736e-30
656,1891082,2.08328823689279e-29,8.19337938250982e-31,4.6777950721311773e-29,6.687881235195194e-31,6.374600293233475e-29,8.877837885760992e-31,6.824430424173038e-29,1.1456376989418796e-30,2.047778976649257e-30,1.5290406045940506e-31,5.1324374880262094e-30,1.8336153698131704e-31,8.030314211173326e-30,2.266827107190832e-31,7.875103745995732e-30,2.453406337933007e-31
657,1905244,5.235137552822592e-29,3.49266412926974e-31,2.172067369284547e-28,3.3968724161388765e-31,3.835324505799032e-28,5.9399413383625704e-31,4.6375902266892475e-28,8.374610820513671e-31,2.0715877584490688e-29,3.640864227707361e-31,9.160394435205142e-29,2.0514379389094567e-30,1.467555595431212e-28,4.604959619778503e-30,2.04956511897937e-28,1.0474201920388135e-29
658,1905171,5.906863154414048e-29,5.225243437544002e-31,1.0344162705337655e-28,7.162756212942595e-31,1.1844220993784839e-28,8.473860745510599e-31,1.390969911311766e-28,1.1231947644932627e-30,2.4130348396738947e-29,7.608698386191176e-31,4.2339160713125365e-29,1.0772697735092536e-30,4.9272346774304734e-29,1.5916685515687163e-30,5.942668100501303e-29,1.9833867261853506e-30
659,1936171,1.144284245398928e-28,5.474850110461843e-31,3.644837111984504e-28,7.119877959029682e-31,6.107792197837263e-28,1.027603927349451e-30,8.563046674944004e-28,1.280827507666037e-30,1.3175294931529753e-29,3.691477337342295e-31,4.2021595110396605e-29,2.0159097996897858e-30,6.83838705330355e-29,2.308539581028108e-30,9.331709232729845e-29,2.9185960337432487e-30
660,1883111,4.013719603521012e-29,4.3400049438400445e-31,1.75776925840247e-28,5.8698885324098315e-31,2.912370157094264e-28,8.116932654655294e-31,3.9590985689049134e-28,1.064517661543316e-30,1.2334275927990992e-29,4.923011090250105e-31,6.067345729327424e-29,1.831966669210785e-30,1.0016963984678485e-28,3.3610825334806165e-30,1.3067713339684471e-28,4.291597722773276e-30
661,1899442,8.11462120936542e-29,3.2948773733059994e-31,3.518664323832071e-28,3.503403140863523e-31,6.038856805519486e-28,5.084979108310913e-31,8.744359140731598e-28,9.034405290944821e-31,4.12067791948592e-31,5.211698707522045e-32,3.1153790172249383e-30,1.2642488724838354e-31,5.2585001270594676e-30,2.547005592190416e-31,7.649435504542153e-30,5.817475682252651e-31
662,1916207,4.491992126946799e-29,5.8591977985198155e-31,9.812759059828631e-29,8.043539272437336e-31,1.0646744493354618e-28,8.860259057097796e-31,1.3403046940946396e-28,1.2289265910030732e-30,5.3327513979330215e-30,1.7257183219211114e-31,1.1383619503304637e-29,3.6224531297021662e-31,1.4078179020726618e-29,3.582144322468381e-31,2.3057372170627093e-29,8.273896448829529e-31
663,1899053,3.4133870649292816e-29,4.215110765521771e-31,1.0287406769857748e-28,5.448250039566688e-31,1.8048477535520038e-28,7.795225194215944e-31,2.5548364502426236e-28,9.983560444323571e-31,5.8305836785106694e-30,1.9768911424690272e-31,2.9185273094554164e-29,6.754123319176383e-31,5.339151840568053e-29,1.1477827995252851e-30,7.509726915172268e-29,1.7809808380439136e-30
664,1921361,6.1362078649712936e-30,2.612294714573005e-31,1.1100114834915817e-29,3.741528334162885e-31,1.296092220852801e-29,5.270002305768437e-31,1.587482016936138e-29,6.591227284857047e-31,3.789500564598862e-30,1.2669366285025856e-31,6.801267600251252e-30,1.834071105831423e-31,7.464397050944568e-30,2.1730476091902545e-31,8.744941680804545e-30,2.7714681454048983e-31
665,1895233,2.4277061218618802e-29,2.0312961329052246e-31,5.590964068360324e-29,2.1272703126195027e-31,7.562353075233366e-29,2.9996617081442856e-31,8.99896166515641e-29,5.522320935902932e-31,5.018246606937048e-30,1.289722075052413e-31,1.2147633773451497e-29,2.224311119070605e-31,1.685968263888575e-29,3.458332263298738e-31,1.9429085231475287e-29,1.1044435247966726e-30
666,1895036,3.6244779629192923e-29,5.315789162119767e-31,1.0535823067620283e-28,7.416806697366697e-31,1.4830881433238491e-28,9.398111503683038e-31,1.9529417059776795e-28,1.334356707116665e-30,4.7321130638433e-30,1.933498987418798e-31,1.6407574123615392e-29,3.4345326669393803e-31,2.4033789418240694e-29,5.305549430594555e-31,2.9257240081983e-29,8.843061784338137e-31
667,1910132,4.9227067203101505e-28,8.037870620291261e-31,1.769812639031183e-27,7.616861566833201e-31,2.814905584816661e-27,1.3448560312585468e-30,3.3742410550859375e-27,1.8359120217940533e-30,9.440444902758775e-29,2.4979690849218368e-30,3.2667312986917778e-28,9.363706362756479e-30,4.862505572695101e-28,1.538269208202774e-29,7.858373032226488e-28,4.4183922626078027e-29
668,1902212,1.8921750940089403e-28,3.16471085369877e-31,3.210661914611999e-28,3.114920927795669e-31,3.8806028448789275e-28,4.382265792926588e-31,4.409386063822009e-28,7.9969314242624e-31,9.213580405261058e-30,2.4151282969935213e-31,1.575231167882369e-29,3.391700091023073e-31,1.8919298965557248e-29,3.154704562098357e-31,2.096439262389939e-29,1.362859011053114e-30
669,1945116,5.0153965318845705e-29,4.3153413838768154e-31,1.2946173694480244e-28,5.566801369080558e-31,1.973850595256616e-28,7.584165664244852e-31,2.695235072317644e-28,9.766526988261151e-31,9.523346824909565e-30,3.0529261066845364e-31,2.61198997366338e-29,1.844552435650201e-30,4.554151640711689e-29,2.2531671808846284e-30,6.295069631112991e-29,1.4045010282335012e-30
670,1956190,4.2315527160923386e-29,7.181833462427458e-31,1.6455655752709603e-28,1.0130032071486111e-30,2.653530477671559e-28,1.3758822298044654e-30,3.583086992335754e-28,1.807894139463884e-30,4.72893772903134e-30,1.0161289081855348e-31,1.8074998325250438e-29,8.528785635586953e-31,3.079578151134975e-29,1.195990644252162e-30,4.012565466660567e-29,1.4713618867017474e-30
671,1960031,3.54536595535337e-29,3.967806400296473e-31,8.192700255153685e-29,5.49908659202973e-31,1.1484261465432954e-28,7.704969368403873e-31,1.3642440894657188e-28,9.839701813407471e-31,1.1996919640723477e-29,2.870899144609639e-31,2.83549874166123e-29,6.282665261059351e-31,4.0427082159534914e-29,7.917312289974476e-31,4.7758988107800606e-29,1.6871644437681452e-30
672,1942106,5.701842534524965e-29,6.572988795320386e-31,2.5544482966172744e-28,9.82781230477076e-31,5.467860360716946e-28,1.3185290967171334e-30,7.950449698102575e-28,1.671614330002963e-30,3.49434046723502e-30,9.846641385731316e-32,1.6626758884349436e-29,5.132317640017935e-31,3.591614025436978e-29,9.464484695909241e-31,5.255773018222995e-29,1.7004760365614546e-30
673,1933168,1.4578382612183706e-28,8.717508665432971e-31,6.806175976530531e-28,1.3097735250132478e-30,1.1948152343020208e-27,1.6802100284336313e-30,1.6514820983679768e-27,2.0294046072491962e-30,9.92887910253782e-31,1.057941410062324e-31,1.6693616934701774e-30,1.2302964215703443e-31,3.0745230286223052e-30,1.3529569537708747e-31,3.60844864507409e-30,2.0452045959629406e-31
674,1943111,3.0005063678872836e-28,4.6546284672203855e-31,1.0927971128884015e-27,4.8126899107049004e-31,1.773703792658471e-27,7.256881965678261e-31,2.454007217754665e-27,1.2569571052757537e-30,6.367579208136787e-30,1.8795985000794315e-31,2.1868731052979385e-29,7.1533394594458455e-31,3.3944156242723405e-29,1.6079288485973742e-30,4.4481390596303736e-29,3.9847807998946476e-30
