 
TRANSIENT_NAME:     DES14E2ar  
SNID:               1291133    
OBS_DATE:           2014-09-19
MJD:                56919. 
PHASE_EXP:          unknown (no firm constraint on t_exp)
MJD_EXP:            ---
TYPE:               129
SPEC_EVAL:          SNII?
REDSHIFT:           0.1217  
REDSHIFT_ERR:       0.0005  
REDSHIFT_SOURCE:    Z_GAL
TELESCOPE:          AAT
INSTRUMENT:         AAOmega-2dF
 
======================================
 
# WAVE  FLUX  FLUX_ERR
 3743.23       8.7336     129.9680
 3744.26      13.4464     142.9350
 3745.30      -3.9789     111.1610
 3746.34      -8.5262     100.4390
 3747.38      -0.6746     104.7750
 3748.41      -6.4938      94.6470
 3749.45     -15.1048      86.6580
 3750.49     -10.1553      88.5800
 3751.53      13.0005      93.8670
 3752.56       6.6789      89.3015
 3753.60      -5.5335      73.3558
 3754.64      -5.4271      67.2656
 3755.68     -10.1451      67.7399
 3756.72       0.2870      78.1891
 3757.75       1.1740      79.1015
 3758.79      -2.2682      76.3902
 3759.83       3.4051      78.1486
 3760.87      -9.6428      65.8537
 3761.90     -13.6638      61.2426
 3762.94      -5.0330      70.6579
 3763.98       2.2802      74.1259
 3765.02       0.4464      71.4608
 3766.06      -4.3682      64.9561
 3767.09       6.2825      78.3147
 3768.13      12.0516      79.7455
 3769.17       8.0339      72.1602
 3770.21      -0.4122      68.8207
 3771.24       1.4306      70.3668
 3772.28      -0.5893      77.2051
 3773.32      -7.3960      64.2101
 3774.36       2.4034      67.8597
 3775.40       2.2103      68.3010
 3776.43      -5.2733      64.7992
 3777.47       0.1216      76.3024
 3778.51      10.7558      80.8965
 3779.55       9.9040      70.8126
 3780.58      -0.3297      65.0962
 3781.62      -4.2458      65.2486
 3782.66      -4.0402      61.1261
 3783.70       4.9662      71.5013
 3784.73       5.6521      79.2077
 3785.77       4.2578      61.6776
 3786.81      -2.0491      58.3181
 3787.85     -10.9746      55.0001
 3788.89      -5.3702      49.6612
 3789.92      -3.1056      59.4370
 3790.96      -0.1812      59.8108
 3792.00       2.4464      53.8577
 3793.04      -3.3584      60.7995
 3794.07      -2.8692      62.9553
 3795.11      -8.3131      47.8982
 3796.15      -4.7734      48.4350
 3797.19      -2.0305      55.8880
 3798.23      -6.0110      52.0045
 3799.26       3.1507      50.1016
 3800.30       2.3946      50.1561
 3801.34      -1.5444      49.5300
 3802.38       2.5199      54.7487
 3803.41       2.4028      58.3040
 3804.45       6.1447      57.0414
 3805.49      10.4026      54.0953
 3806.53      -0.6938      44.5202
 3807.57      -1.8372      39.5179
 3808.60       3.6782      44.0690
 3809.64      -1.7386      44.0664
 3810.68       4.8566      44.5311
 3811.72       7.1872      47.2578
 3812.75      -0.3684      46.6917
 3813.79       0.4801      51.2086
 3814.83       0.9667      46.4920
 3815.87      -8.2145      35.1958
 3816.90      -6.6620      37.4081
 3817.94      -2.4622      40.1534
 3818.98       3.7186      40.7822
 3820.02      10.2919      43.4379
 3821.06      -0.4746      33.3538
 3822.09      -3.1513      33.4102
 3823.13       8.9217      43.8726
 3824.17       5.6121      37.4691
 3825.21       2.4680      32.9452
 3826.24       6.5312      38.3749
 3827.28       9.5287      40.0639
 3828.32      -1.1555      34.8365
 3829.36      -9.1882      33.5973
 3830.40      -6.9949      35.0862
 3831.43      -7.2722      32.1074
 3832.47      -5.1238      29.2333
 3833.51      -4.7413      30.9194
 3834.55      -0.1493      33.9700
 3835.58       3.1538      33.7856
 3836.62      -2.1614      30.1917
 3837.66      -2.9253      27.4304
 3838.70       2.4003      28.1993
 3839.74       3.0693      28.3729
 3840.77      -0.0774      27.5044
 3841.81       0.7462      28.0058
 3842.85       3.3856      28.9870
 3843.89       3.9118      30.2521
 3844.92       2.6612      28.6537
 3845.96       4.2068      27.6604
 3847.00      -3.3076      25.0269
 3848.04       0.3326      26.3833
 3849.07       2.5387      26.9886
 3850.11       1.0632      26.2776
 3851.15       1.6879      27.2820
 3852.19      -2.1024      25.3623
 3853.23      -3.5071      25.1326
 3854.26      -2.2081      25.7523
 3855.30      -1.1489      22.8450
 3856.34      -4.1728      21.5656
 3857.38      -0.8535      22.4311
 3858.41       5.9733      24.2287
 3859.45      -0.3765      23.7223
 3860.49      -3.1057      20.9387
 3861.53       2.0750      23.7785
 3862.57      -1.7369      22.5389
 3863.60       0.6859      22.5428
 3864.64       6.3800      25.4948
 3865.68      -0.6320      23.6091
 3866.72      -6.5975      20.6021
 3867.75      -2.5403      20.8713
 3868.79       4.7633      24.0632
 3869.83       1.2750      22.5927
 3870.87      -7.5788      18.5842
 3871.91      -7.5539      18.3603
 3872.94      -1.9571      20.8273
 3873.98       4.3784      22.1977
 3875.02       4.8651      22.8519
 3876.06      -1.1975      19.2390
 3877.09       1.2867      20.9305
 3878.13       1.0080      21.1145
 3879.17      -1.0547      18.6798
 3880.21       1.3012      20.7876
 3881.24       0.6362      19.8284
 3882.28       5.4983      21.7012
 3883.32      -0.9479      19.2143
 3884.36      -2.4747      16.3521
 3885.40      -0.3330      16.4171
 3886.43       1.1926      17.8901
 3887.47       9.3147      20.4662
 3888.51      -2.4988      16.8734
 3889.55       1.0211      19.0029
 3890.58       3.4547      19.9823
 3891.62      -0.0743      19.0155
 3892.66       0.1603      17.2176
 3893.70      -2.4491      15.4567
 3894.74      -3.0117      15.0712
 3895.77      -1.2883      15.6958
 3896.81      -0.7204      15.2795
 3897.85      -1.4789      14.5682
 3898.89       5.3191      16.9799
 3899.92       4.7713      16.6182
 3900.96       2.7422      16.7708
 3902.00       1.4214      16.1232
 3903.04      -0.3727      15.2078
 3904.07       1.7671      16.5552
 3905.11       4.0220      17.2752
 3906.15       5.9668      18.0661
 3907.19       4.0177      16.7009
 3908.23       0.8525      15.4297
 3909.26       1.1989      16.0680
 3910.30       2.5424      16.0276
 3911.34       3.2094      16.1508
 3912.38      -1.1047      15.1014
 3913.41      -2.4121      14.5566
 3914.45      -0.9734      14.3066
 3915.49       1.4724      14.9785
 3916.53       0.2110      14.6289
 3917.57      -2.6356      13.1346
 3918.60      -1.0115      13.0146
 3919.64      -0.5481      12.6019
 3920.68      -1.5481      11.9156
 3921.72      -0.7996      12.2116
 3922.75       2.6312      13.0070
 3923.79       1.9419      12.2941
 3924.83       2.8845      12.3572
 3925.87       3.4861      12.2393
 3926.91       3.7057      11.8759
 3927.94       4.7970      11.5911
 3928.98       1.8006      10.4572
 3930.02       0.2346       9.8132
 3931.06       1.5845       9.7031
 3932.09       1.1328       9.4527
 3933.13       2.9149       9.5097
 3934.17       3.2466       9.0418
 3935.21       0.0477       8.1698
 3936.24       0.1866       8.4072
 3937.28      -0.2011       8.8152
 3938.32      -1.3345       8.6939
 3939.36       3.5625       9.9144
 3940.40       6.3267      10.5357
 3941.43       4.4880       9.7017
 3942.47       0.7136       8.9691
 3943.51       3.9892      10.1669
 3944.55       4.8260      10.2633
 3945.58      -1.6976       8.2073
 3946.62      -1.3578       8.5868
 3947.66      -0.1815       8.9084
 3948.70      -0.1818       8.9832
 3949.74       0.8689       8.9787
 3950.77      -1.6886       8.1010
 3951.81      -0.1308       8.6112
 3952.85       5.8782      10.3348
 3953.89       1.8912       9.2602
 3954.92      -0.9618       8.1313
 3955.96       1.5138       8.5691
 3957.00       3.5687       9.1284
 3958.04       4.8438       9.6167
 3959.08       3.4177       9.0796
 3960.11       0.1929       7.9936
 3961.15      -0.1137       7.9522
 3962.19       0.9443       8.3976
 3963.23       0.4705       8.2067
 3964.26       2.4384       8.1741
 3965.30       1.1713       7.6953
 3966.34      -0.1984       7.4632
 3967.38       2.3115       7.8644
 3968.41       1.3716       7.3039
 3969.45      -0.6326       6.8624
 3970.49       0.1193       7.1902
 3971.53      -0.5376       7.1167
 3972.57       2.6443       7.3616
 3973.60       1.0979       7.5387
 3974.64       1.1106       8.0877
 3975.68       0.8157       8.0749
 3976.72       0.8082       7.8657
 3977.75       0.2154       7.6954
 3978.79       3.2686       8.6498
 3979.83       3.0252       8.0740
 3980.87       2.1337       7.8497
 3981.91      -0.8586       7.1259
 3982.94       0.3104       7.3488
 3983.98       2.6747       8.1276
 3985.02      -2.6975       7.0450
 3986.06       1.8016       7.6971
 3987.09       3.9933       8.4065
 3988.13      -0.9754       7.4153
 3989.17       1.7800       7.8625
 3990.21       2.4748       8.1570
 3991.25       0.7679       7.5717
 3992.28       3.4153       8.9829
 3993.32      -0.2162       8.3899
 3994.36       0.0378       7.8893
 3995.40       1.7876       8.0590
 3996.43      -0.4518       7.7352
 3997.47      -0.2301       8.0253
 3998.51       1.2896       8.7168
 3999.55       0.0665       8.5629
 4000.58      -0.2404       8.2938
 4001.62      -5.0515       7.3215
 4002.66      -7.0516       6.7582
 4003.70       0.0271       8.4406
 4004.74       3.0510       9.1453
 4005.77       0.0761       8.7293
 4006.81      -0.7453       8.9056
 4007.85      -0.2411       9.1388
 4008.89       0.7145       9.5933
 4009.92       2.0041       9.7280
 4010.96       2.1959       9.4151
 4012.00       3.7746      10.2404
 4013.04       1.9068      10.0479
 4014.08       0.4179       9.2285
 4015.11       1.1008       9.5085
 4016.15       2.0883       9.3485
 4017.19       2.0984       9.1621
 4018.23       3.0749       9.7246
 4019.26       2.4632       9.5195
 4020.30      -0.2675       8.7666
 4021.34      -1.8216       8.4338
 4022.38      -2.1231       8.2607
 4023.42      -3.5294       7.7974
 4024.45      -1.5745       8.2150
 4025.49       0.2209       8.4622
 4026.53       0.2484       8.2321
 4027.57      -1.2291       7.8222
 4028.60       0.4241       8.2654
 4029.64       2.9811       8.7233
 4030.68       2.5037       8.4564
 4031.72       3.1478       8.3934
 4032.75       1.0302       7.9597
 4033.79       1.1159       8.0730
 4034.83       2.6491       8.2866
 4035.87      -3.3550       7.1023
 4036.91      -4.7894       7.1360
 4037.94       3.3905       8.6090
 4038.98       5.3540       9.0804
 4040.02       1.2780       8.3540
 4041.06      -0.7297       7.9572
 4042.09       0.9265       8.8870
 4043.13       2.9652       9.0661
 4044.17       3.3710       8.5428
 4045.21       1.9192       8.2373
 4046.25       3.9488       8.8916
 4047.28       1.8583       8.4266
 4048.32      -0.5321       7.7009
 4049.36       2.7355       8.2846
 4050.40       4.3695       8.7211
 4051.43       1.3147       7.7038
 4052.47       1.7579       7.6853
 4053.51       3.4337       8.0997
 4054.55       3.4810       7.9011
 4055.58       1.3366       7.1968
 4056.62      -1.6093       6.6211
 4057.66      -0.5525       6.7113
 4058.70       2.4557       7.0665
 4059.74       1.0313       7.4098
 4060.77      -2.9506       6.5433
 4061.81      -0.6439       8.2600
 4062.85       0.7042       8.2954
 4063.89       0.5545       6.9888
 4064.92       2.4675       7.6308
 4065.96      -0.1953       7.4231
 4067.00       1.8733       7.5389
 4068.04       1.9213       7.4319
 4069.08      -1.3175       6.7015
 4070.11      -2.7095       6.3013
 4071.15       0.0153       6.8760
 4072.19       1.7266       6.9749
 4073.23       1.1621       6.6168
 4074.26       0.5963       6.4176
 4075.30       0.4459       6.9490
 4076.34      -0.2377       6.6391
 4077.38       3.2821       6.9151
 4078.42       3.8617       6.8351
 4079.45       3.4594       7.0098
 4080.49       0.4642       6.4965
 4081.53      -3.6486       5.6338
 4082.57       1.5590       6.7453
 4083.60       1.2058       6.3884
 4084.64       0.9324       6.1723
 4085.68       3.3612       6.8495
 4086.72       1.3568       6.4809
 4087.75      -2.9933       5.4953
 4088.79      -3.3240       5.6618
 4089.83      -2.0509       5.9728
 4090.87      -0.0869       6.0669
 4091.91       1.0954       6.3387
 4092.94       2.6457       6.7070
 4093.98      -0.7075       5.9025
 4095.02      -4.4051       4.9471
 4096.06       1.3349       5.7287
 4097.09       0.7299       5.5346
 4098.13      -2.9253       5.0829
 4099.17       0.9659       5.8051
 4100.21       3.5820       6.0388
 4101.25       2.9972       5.7020
 4102.28       1.4748       5.2697
 4103.32      -0.0465       5.2242
 4104.36       0.5832       5.3914
 4105.40      -1.1015       5.1968
 4106.43       0.7584       5.5415
 4107.47       1.3959       5.7870
 4108.51      -1.3325       5.3404
 4109.55      -1.3477       5.0971
 4110.58      -1.5031       4.8859
 4111.62      -0.3981       4.7887
 4112.66      -0.8330       4.8934
 4113.70      -1.5657       5.1258
 4114.74      -0.1776       5.3788
 4115.77       1.1917       5.5398
 4116.81       1.7545       5.3805
 4117.85       1.5912       4.9244
 4118.89       2.0398       5.1061
 4119.92       3.1876       5.4797
 4120.96       2.1119       5.0698
 4122.00       0.1486       4.9762
 4123.04       1.0130       5.3368
 4124.08      -1.1727       4.9289
 4125.11      -1.9400       4.6444
 4126.15       1.1840       5.1077
 4127.19       1.3254       5.2832
 4128.23      -0.2822       4.8000
 4129.26      -0.7163       4.8782
 4130.30       1.3169       5.3169
 4131.34       1.3409       5.2221
 4132.38       1.1571       5.0382
 4133.42       2.2116       5.4096
 4134.45      -0.0750       5.1086
 4135.49       0.2813       5.0666
 4136.53       3.4851       5.7154
 4137.57       2.9093       5.6195
 4138.60       1.3251       5.2894
 4139.64       1.0153       5.1005
 4140.68      -1.1307       4.5585
 4141.72      -0.8956       4.4813
 4142.75       1.1125       4.6333
 4143.79      -0.3239       4.4550
 4144.83      -0.3639       4.7151
 4145.87       0.6700       4.8487
 4146.91       0.5978       4.7872
 4147.94       0.5592       4.7068
 4148.98       1.1685       4.7324
 4150.02       0.2144       4.5329
 4151.06      -1.3911       4.3934
 4152.09      -1.7678       4.4271
 4153.13      -0.1141       4.5912
 4154.17      -2.1571       4.3328
 4155.21      -2.3351       4.5701
 4156.25      -1.5672       4.7345
 4157.28       1.5240       5.1833
 4158.32       3.4635       5.4315
 4159.36       1.6153       5.1227
 4160.40       1.3328       4.7126
 4161.43      -3.6688       5.1388
 4162.47      -1.2630       5.4343
 4163.51       2.1805       5.1272
 4164.55       1.3185       5.3650
 4165.59       2.8485       5.4896
 4166.62      -0.7873       4.8520
 4167.66       0.6835       5.0149
 4168.70       0.0771       4.8883
 4169.74      -0.7011       4.9573
 4170.77      -0.2419       4.9551
 4171.81      -0.9957       4.6357
 4172.85       1.3038       4.7108
 4173.89       2.0143       4.7901
 4174.92       2.4379       4.8000
 4175.96      -0.9910       4.2822
 4177.00      -1.2960       4.2772
 4178.04       3.2096       4.9522
 4179.08       5.2108       5.3413
 4180.11       4.1720       5.1538
 4181.15       7.5924       5.3668
 4182.19      10.0237       5.6736
 4183.23       7.2284       5.2709
 4184.26       3.0558       4.5867
 4185.30       1.5855       4.3685
 4186.34       0.5170       4.0592
 4187.38      -0.0489       3.9532
 4188.42      -0.0584       3.9353
 4189.45       1.3337       4.1201
 4190.49       2.3263       4.2833
 4191.53       1.1188       4.0419
 4192.57       0.8055       3.8735
 4193.60       0.2824       3.8497
 4194.64       1.3123       3.8900
 4195.68      -0.6288       3.4355
 4196.72       0.1688       3.5369
 4197.76       2.0189       3.7078
 4198.79       0.0156       3.4952
 4199.83      -0.7935       3.4714
 4200.87       0.6127       3.6383
 4201.91       0.9829       3.7895
 4202.94       0.6658       3.6758
 4203.98       1.3509       3.7238
 4205.02       1.1588       3.7564
 4206.06       1.6398       3.9762
 4207.09       2.1619       4.1653
 4208.13       1.3597       3.9815
 4209.17      -1.1753       3.4542
 4210.21      -0.0389       3.5637
 4211.25       1.4677       3.7300
 4212.28      -0.9434       3.3721
 4213.32      -0.1443       3.5122
 4214.36       2.2489       3.6851
 4215.40      -1.4872       3.2370
 4216.43       0.1591       3.4487
 4217.47       2.9067       3.6581
 4218.51       2.1133       3.6495
 4219.55       3.6997       3.8600
 4220.59       3.3561       3.7333
 4221.62       1.4117       3.6311
 4222.66       0.5967       3.6477
 4223.70       0.7199       3.4861
 4224.74       0.7442       3.3547
 4225.77       1.6179       3.5136
 4226.81       2.1183       3.4263
 4227.85      -0.6225       3.0006
 4228.89      -0.2326       3.1070
 4229.93       0.6935       3.2831
 4230.96       1.1324       3.4521
 4232.00       2.9002       3.5663
 4233.04       1.8316       3.3469
 4234.08      -0.1673       3.1781
 4235.11       0.8638       3.2967
 4236.15       1.2900       3.3131
 4237.19       0.1369       3.1077
 4238.23       1.0864       3.1309
 4239.26       2.7834       3.3498
 4240.30       0.3561       3.1135
 4241.34      -0.8725       2.8245
 4242.38       0.4121       3.0096
 4243.42       1.4211       3.2483
 4244.45      -0.5459       2.9714
 4245.49      -0.8830       2.9706
 4246.53       1.0226       3.1592
 4247.57       0.1294       3.1242
 4248.60      -0.7205       3.0851
 4249.64       2.1508       3.2251
 4250.68       2.1143       3.2308
 4251.72       2.8844       3.5774
 4252.76       1.4001       3.2945
 4253.79      -1.6037       2.8624
 4254.83      -2.3851       2.9255
 4255.87      -0.2040       3.1192
 4256.91       1.7566       3.2705
 4257.94       1.5187       3.2610
 4258.98       0.2359       3.0528
 4260.02      -2.6766       2.4866
 4261.06      -2.0169       2.6321
 4262.10       0.8168       2.9625
 4263.13       1.1605       3.0526
 4264.17       1.1741       3.1349
 4265.21       0.7434       3.1343
 4266.25       1.7741       3.2232
 4267.28       2.3654       3.2438
 4268.32      -0.0793       2.9371
 4269.36      -0.1537       2.7797
 4270.40       2.5297       3.1218
 4271.43       0.1136       2.7945
 4272.47      -1.0539       2.5654
 4273.51       0.1453       2.7319
 4274.55       1.9207       2.9991
 4275.59       1.5282       3.0565
 4276.62       1.0399       3.0446
 4277.66       3.5341       3.3480
 4278.70       2.3714       3.0902
 4279.74      -2.1956       2.3560
 4280.77       0.5458       2.5625
 4281.81       3.9800       3.1240
 4282.85       2.8753       3.0685
 4283.89       0.8079       2.7571
 4284.93       2.0194       2.9128
 4285.96       0.5108       2.7374
 4287.00      -0.3834       2.5421
 4288.04       1.3772       2.6671
 4289.08       0.1956       2.4569
 4290.11      -0.4347       2.5718
 4291.15       0.0945       2.8007
 4292.19      -0.1008       2.8725
 4293.23      -0.9614       2.7031
 4294.27       1.6421       2.2894
 4295.30       2.8668       2.8599
 4296.34       2.8867       2.7703
 4297.38       1.0507       2.5001
 4298.42       1.1303       2.4204
 4299.45       1.3446       2.3835
 4300.49      -0.3511       2.0669
 4301.53       1.0804       2.2457
 4302.57       1.0321       2.2913
 4303.60      -1.3290       2.0162
 4304.64      -0.0530       2.1262
 4305.68      -0.5641       2.0293
 4306.72       0.8976       2.1440
 4307.76       1.9732       2.3616
 4308.79      -0.1108       2.3057
 4309.83      -0.1066       2.2961
 4310.87      -0.3707       2.1728
 4311.91       0.1521       2.2010
 4312.94       1.5258       2.4065
 4313.98       0.9605       2.3818
 4315.02      -0.1669       2.3827
 4316.06       0.2785       2.5618
 4317.10      -0.9588       2.3828
 4318.13      -0.6406       2.4483
 4319.17       2.2430       2.8183
 4320.21       4.3641       2.9971
 4321.25       2.8456       2.7568
 4322.28      -0.2350       2.2915
 4323.32      -0.0914       2.2308
 4324.36       0.6345       2.2807
 4325.40       0.6290       2.2838
 4326.44      -0.4209       2.2061
 4327.47      -0.0358       2.3423
 4328.51       1.7086       2.6316
 4329.55       1.7277       2.5813
 4330.59       0.9244       2.5093
 4331.62       0.1097       2.4720
 4332.66       0.9400       2.5683
 4333.70      -0.1624       2.4052
 4334.74       0.4126       2.4202
 4335.77       2.1505       2.6323
 4336.81       1.4354       2.4846
 4337.85       2.1152       2.4499
 4338.89       1.5635       2.4009
 4339.93       1.7870       2.4027
 4340.96       2.7454       2.5482
 4342.00       1.4669       2.5340
 4343.04      -0.1837       2.3288
 4344.08       0.6583       2.3146
 4345.11       2.7579       2.5754
 4346.15       2.0936       2.5069
 4347.19       1.0553       2.4404
 4348.23       1.4190       2.5380
 4349.27       0.6540       2.3768
 4350.30       0.8481       2.3524
 4351.34       1.4801       2.3887
 4352.38      -0.0446       2.1765
 4353.42       1.9054       2.3532
 4354.45       2.3110       2.4218
 4355.49       0.4498       2.2697
 4356.53       0.7778       2.4225
 4357.57       0.0422       2.3601
 4358.60       0.3039       2.4265
 4359.64       0.6000       2.4734
 4360.68       1.6568       2.5449
 4361.72       0.6048       2.3773
 4362.76       0.3338       2.3012
 4363.79      -0.3038       2.2027
 4364.83       1.0722       2.2950
 4365.87       2.6527       2.4021
 4366.91       1.4852       2.3185
 4367.94      -1.0535       2.0660
 4368.98      -0.3389       2.1575
 4370.02       0.8558       2.2495
 4371.06       0.8925       2.1960
 4372.10       2.6313       2.4514
 4373.13       1.7281       2.3452
 4374.17       0.8987       2.2651
 4375.21       1.9414       2.3721
 4376.25       1.7955       2.4720
 4377.28      -0.3449       2.2539
 4378.32       1.2936       2.4938
 4379.36       2.1729       2.5042
 4380.40       0.5545       2.1598
 4381.44       1.3835       2.3082
 4382.47       0.2059       2.1308
 4383.51       0.9925       2.1323
 4384.55       1.7167       2.1706
 4385.59       1.1862       2.2260
 4386.62       1.8489       2.3323
 4387.66       2.3659       2.2748
 4388.70       1.7139       2.2050
 4389.74      -0.2900       2.0034
 4390.77      -0.4721       1.9580
 4391.81       1.4032       2.1653
 4392.85       0.2848       2.1480
 4393.89       1.1393       2.2046
 4394.93       1.2637       2.1741
 4395.96       0.1668       2.1241
 4397.00       0.7134       2.1420
 4398.04       1.9163       2.2456
 4399.08       2.0886       2.2934
 4400.11       1.0406       2.1258
 4401.15       1.4064       2.2648
 4402.19       2.1245       2.4082
 4403.23       0.4122       2.2119
 4404.27      -1.2134       2.1516
 4405.30      -2.1130       2.1315
 4406.34      -0.9074       2.2880
 4407.38       0.8602       2.4997
 4408.42       1.5851       2.5798
 4409.45       1.3306       2.5721
 4410.49       1.0186       2.4667
 4411.53       0.6533       2.4241
 4412.57       1.5724       2.5789
 4413.61       2.6070       2.6613
 4414.64       0.2936       2.3551
 4415.68      -1.6054       2.1442
 4416.72      -0.9982       2.2039
 4417.76      -1.6339       2.1079
 4418.79      -0.3023       2.2766
 4419.83       1.7180       2.5608
 4420.87       0.7826       2.5239
 4421.91       2.1880       2.5678
 4422.94       2.0834       2.4928
 4423.98      -0.0892       2.2791
 4425.02       1.5567       2.4635
 4426.06       2.2999       2.5419
 4427.10       1.5480       2.4260
 4428.13       2.8071       2.4723
 4429.17       0.9703       2.3105
 4430.21       0.4380       2.2853
 4431.25       2.4872       2.5122
 4432.28       1.7459       2.3991
 4433.32       0.8348       2.2151
 4434.36       2.5936       2.3301
 4435.40       2.6599       2.3394
 4436.44       2.3750       2.2440
 4437.47       0.1519       2.4071
 4438.51      -1.4526       2.2641
 4439.55      -0.9491       2.2644
 4440.59       0.5025       2.1531
 4441.62       1.4013       2.1796
 4442.66       0.3663       2.1145
 4443.70       0.7140       2.1019
 4444.74       1.3245       2.2341
 4445.78       1.6262       2.2723
 4446.81      -0.8689       2.0291
 4447.85      -0.9201       2.0130
 4448.89       0.0695       2.0134
 4449.93       0.0341       2.0435
 4450.96       0.4080       2.0908
 4452.00       0.3016       2.0541
 4453.04       0.5872       1.9688
 4454.08       2.2975       2.0799
 4455.11      -0.0852       1.8952
 4456.15       0.0794       1.9651
 4457.19       2.7288       2.1479
 4458.23       1.9812       2.0271
 4459.27      -0.2631       1.8991
 4460.30       0.7281       1.9522
 4461.34       0.4940       1.8100
 4462.38      -0.5893       1.8241
 4463.42       0.1390       1.9505
 4464.45       1.1603       2.0008
 4465.49      -0.5308       1.8755
 4466.53       1.6291       2.0658
 4467.57       2.4875       2.1261
 4468.61       1.4570       2.0357
 4469.64      -0.9176       1.7683
 4470.68       0.1226       1.8372
 4471.72       2.0434       2.0692
 4472.76       1.1309       1.9675
 4473.79       1.2895       2.0245
 4474.83       1.5384       2.0336
 4475.87      -0.6286       1.8654
 4476.91      -0.5665       1.8431
 4477.95       1.4338       2.0141
 4478.98       1.9632       2.0082
 4480.02      -0.1244       1.8164
 4481.06       1.8003       1.9567
 4482.10       0.6359       1.8803
 4483.13      -0.0586       1.8414
 4484.17       0.2500       1.9157
 4485.21       0.8145       1.9719
 4486.25       1.3075       2.0219
 4487.28       0.0989       1.8592
 4488.32       2.1268       1.9208
 4489.36       3.2268       2.0559
 4490.40       1.2039       1.9804
 4491.44       1.3666       2.0476
 4492.47       1.9770       2.1390
 4493.51       1.8453       2.0847
 4494.55       0.4455       1.8908
 4495.59       1.6580       1.9784
 4496.62       2.2667       2.0901
 4497.66       0.9874       2.0149
 4498.70       0.1824       1.9653
 4499.74       1.3721       2.0329
 4500.78       2.2792       2.1284
 4501.81       1.0476       2.0357
 4502.85       1.2390       2.0280
 4503.89       2.6792       2.1336
 4504.93       4.1276       2.2776
 4505.96       1.4501       2.1154
 4507.00      -0.5382       1.9540
 4508.04       2.3768       2.1655
 4509.08       3.1377       2.2247
 4510.12       0.4658       2.0161
 4511.15       0.4136       2.0198
 4512.19       0.6070       2.0283
 4513.23       1.5037       2.0652
 4514.27       1.6633       2.0308
 4515.30       2.8007       2.1088
 4516.34       4.1360       2.2780
 4517.38       2.4299       2.1191
 4518.42       2.5863       2.0733
 4519.45       2.3099       2.1012
 4520.49       1.3915       2.0931
 4521.53       1.3107       2.0961
 4522.57       0.8587       1.9901
 4523.61       0.4581       1.9231
 4524.64       2.5829       2.1425
 4525.68       2.5818       2.1266
 4526.72       1.2605       1.9825
 4527.76       1.8984       2.0189
 4528.79       1.0209       1.9251
 4529.83       1.6552       2.0059
 4530.87       2.8791       2.1819
 4531.91       1.3973       2.0796
 4532.95      -0.1793       1.9060
 4533.98       1.2102       2.0551
 4535.02       1.4647       2.0366
 4536.06       0.4634       1.9196
 4537.10      -0.2239       1.9452
 4538.13       0.3273       1.9790
 4539.17       1.8432       2.0464
 4540.21       1.4621       1.9302
 4541.25       2.1779       1.9844
 4542.29       2.1211       2.0686
 4543.32       1.1558       1.9715
 4544.36       1.1447       1.9090
 4545.40       0.9779       1.9443
 4546.44       1.0400       1.9527
 4547.47      -0.6032       1.7918
 4548.51       0.1492       1.8005
 4549.55       2.0851       1.9846
 4550.59       2.0144       2.0058
 4551.62       2.2124       1.9888
 4552.66       1.1724       1.8634
 4553.70       1.2238       1.8991
 4554.74       1.0492       2.1522
 4555.78       1.6162       2.1637
 4556.81       1.2550       2.1340
 4557.85       0.9837       2.2211
 4558.89       0.8993       2.2065
 4559.93      -1.1120       1.8807
 4560.96       1.3844       1.8990
 4562.00       2.0645       1.9465
 4563.04       0.1385       1.8029
 4564.08      -0.5426       1.6708
 4565.12       1.9087       1.8176
 4566.15       3.2080       2.1674
 4567.19      -0.0637       2.8452
 4568.23       0.8559       2.7478
 4569.27       1.7873       1.5333
 4570.30       2.6306       2.0170
 4571.34       3.2014       1.9946
 4572.38       0.8179       1.7445
 4573.42       1.8843       1.8651
 4574.46       3.0989       1.9688
 4575.49       1.5342       1.8833
 4576.53       2.0671       1.9526
 4577.57       2.8693       2.0688
 4578.61       2.1292       2.0147
 4579.64       1.8795       1.9384
 4580.68       3.1605       2.0334
 4581.72       3.5081       2.0358
 4582.76       1.6906       1.9017
 4583.79       2.6985       1.9234
 4584.83       3.3546       1.9493
 4585.87       2.9836       1.9893
 4586.91       3.4558       2.0052
 4587.95       2.5854       1.8650
 4588.98       2.2504       1.8113
 4590.02       1.5481       1.7604
 4591.06       1.8508       1.7642
 4592.10       1.5878       1.7012
 4593.13      -0.0672       1.6196
 4594.17       0.7965       1.7142
 4595.21       1.4261       1.7159
 4596.25       3.0330       1.8287
 4597.29       1.6566       1.7395
 4598.32       0.5775       1.6515
 4599.36       1.7635       1.7251
 4600.40       1.8669       1.6717
 4601.44       1.3664       1.6346
 4602.47       1.2708       1.6820
 4603.51       2.3607       1.7755
 4604.55       1.7812       1.7026
 4605.59       1.7732       1.7363
 4606.62       2.1497       1.7529
 4607.66       1.1441       1.6715
 4608.70       0.6441       1.7174
 4609.74       0.2306       1.7003
 4610.78       1.4861       1.7056
 4611.81       2.0794       1.7046
 4612.85       0.5795       1.6008
 4613.89       2.2623       1.7354
 4614.93       1.6693       1.6958
 4615.96      -0.6788       1.4862
 4617.00       1.9099       1.7200
 4618.04       3.3122       1.8315
 4619.08       1.3092       1.6389
 4620.12       2.0036       1.7063
 4621.15       2.6092       1.7976
 4622.19       1.4246       1.7595
 4623.23       0.5835       1.6737
 4624.27       1.1037       1.6299
 4625.30       2.9449       1.7875
 4626.34       0.7421       1.6409
 4627.38      -0.7396       1.5050
 4628.42       0.7579       1.6165
 4629.46       1.7806       1.6886
 4630.49       1.1843       1.5720
 4631.53       1.3813       1.6450
 4632.57       1.1309       1.6887
 4633.61       1.7973       1.6868
 4634.64       0.7661       1.5655
 4635.68      -0.7460       1.4258
 4636.72       1.3306       1.5613
 4637.76       0.2437       1.4659
 4638.79      -1.4831       1.2811
 4639.83       0.1607       1.6106
 4640.87       2.0321       1.7521
 4641.91       0.5326       1.5832
 4642.95       1.7152       1.6732
 4643.98       3.2840       1.7382
 4645.02       2.8882       1.6688
 4646.06       1.4799       1.5305
 4647.10       1.1485       1.5460
 4648.13       1.6671       1.5650
 4649.17       2.2508       1.6380
 4650.21       1.9128       1.6387
 4651.25       1.2130       1.5687
 4652.29       2.0971       1.6425
 4653.32       1.1995       1.5731
 4654.36       1.0555       1.5722
 4655.40       1.3690       1.5848
 4656.44       1.5393       1.5093
 4657.47       2.6896       1.6975
 4658.51       0.5817       1.6528
 4659.55      -0.0825       1.6586
 4660.59       2.4523       1.8399
 4661.62       0.6794       1.6307
 4662.66       0.7532       1.6300
 4663.70       1.8094       1.7024
 4664.74       0.8643       1.5395
 4665.78       0.8494       1.4921
 4666.81       0.1870       1.4528
 4667.85      -0.0605       1.4002
 4668.89       2.3774       1.6351
 4669.93       3.4715       1.7348
 4670.96       3.3094       1.7129
 4672.00       1.5831       1.6156
 4673.04       0.7748       1.5933
 4674.08       1.7965       1.6301
 4675.12       1.5192       1.5739
 4676.15       0.3036       1.4909
 4677.19       0.2019       1.5072
 4678.23       0.1331       1.4399
 4679.27       0.4409       1.4665
 4680.30       1.9914       1.5805
 4681.34       3.0932       1.6411
 4682.38       2.2015       1.6075
 4683.42       1.2768       1.5774
 4684.46       1.3456       1.5612
 4685.49       0.5113       1.4184
 4686.53       0.6987       1.4445
 4687.57       0.9088       1.4688
 4688.61       1.0190       1.4413
 4689.64       0.6305       1.4210
 4690.68      -0.4515       1.3198
 4691.72      -0.3340       1.3232
 4692.76       0.8456       1.4418
 4693.79       2.0704       1.5114
 4694.83       1.4732       1.4924
 4695.87       0.5320       1.4189
 4696.91       1.4569       1.4322
 4697.95       1.9953       1.4242
 4698.98       0.6236       1.3497
 4700.02       0.6943       1.3751
 4701.06       1.5648       1.3954
 4702.10       1.3280       1.4067
 4703.13       2.8017       1.4987
 4704.17       3.3262       1.4996
 4705.21       1.3857       1.3718
 4706.25       1.6027       1.4201
 4707.29       1.4988       1.4371
 4708.32       1.0513       1.3781
 4709.36       1.2457       1.3918
 4710.40       0.7210       1.3642
 4711.44       1.0764       1.3766
 4712.47       1.5763       1.4206
 4713.51       0.6552       1.3506
 4714.55       1.5050       1.4174
 4715.59       1.9760       1.4062
 4716.62       0.0029       1.2583
 4717.66       1.0205       1.3490
 4718.70       2.1185       1.4467
 4719.74       0.7702       1.3662
 4720.78       0.0178       1.3244
 4721.81       0.9233       1.3323
 4722.85       1.2081       1.3526
 4723.89       0.1420       1.3849
 4724.93      -1.1923       1.2450
 4725.96      -0.0778       1.2441
 4727.00       3.0460       1.4817
 4728.04       1.4891       1.3409
 4729.08       0.8720       1.3022
 4730.12       3.3431       1.4694
 4731.15       2.2327       1.3645
 4732.19       1.4351       1.3263
 4733.23       2.1147       1.3698
 4734.27       0.0611       1.2426
 4735.30       1.7424       1.3420
 4736.34       1.0419       1.3525
 4737.38      -0.2664       1.2733
 4738.42       1.3113       1.3198
 4739.46       1.2100       1.3104
 4740.49       0.1146       1.2327
 4741.53       0.6998       1.2550
 4742.57       2.0400       1.3780
 4743.61       2.5237       1.4319
 4744.64       0.3070       1.2194
 4745.68       0.9964       1.2759
 4746.72       1.7817       1.3487
 4747.76       1.2471       1.3271
 4748.80       0.6422       1.2668
 4749.83       1.0029       1.3075
 4750.87       2.1459       1.3812
 4751.91       2.0484       1.3424
 4752.95       0.0127       1.1880
 4753.98       0.9875       1.2468
 4755.02       2.7057       1.3524
 4756.06       1.3398       1.2262
 4757.10       2.0102       1.3118
 4758.13       2.7475       1.3587
 4759.17       2.5698       1.3363
 4760.21       1.6532       1.2997
 4761.25       0.6334       1.2121
 4762.29       0.2303       1.1795
 4763.32       0.2259       1.2004
 4764.36       2.1867       1.3120
 4765.40       3.4182       1.4141
 4766.44       1.9503       1.3145
 4767.47       0.3407       1.1754
 4768.51      -0.2733       1.1444
 4769.55      -0.4449       1.1597
 4770.59       1.1863       1.2487
 4771.63       2.4901       1.3431
 4772.66       2.3779       1.3347
 4773.70       1.4540       1.3023
 4774.74       1.8004       1.3187
 4775.78       1.5514       1.2445
 4776.81       0.4910       1.2081
 4777.85       0.9740       1.2692
 4778.89       1.4317       1.2686
 4779.93       1.1382       1.2346
 4780.97       0.9427       1.2570
 4782.00       0.6107       1.2355
 4783.04       0.6162       1.1946
 4784.08       0.3907       1.1646
 4785.12      -0.1255       1.1545
 4786.15       1.1217       1.2446
 4787.19       2.0509       1.3076
 4788.23       1.1416       1.2460
 4789.27       1.0365       1.2477
 4790.30       1.9505       1.2666
 4791.34       1.3036       1.3078
 4792.38       1.4163       1.3695
 4793.42       0.7696       1.2386
 4794.46       0.4499       1.2146
 4795.49       1.2968       1.3064
 4796.53       3.5726       1.4603
 4797.57       2.6720       1.3879
 4798.61       0.6423       1.2151
 4799.64       2.2615       1.3262
 4800.68       2.3302       1.3485
 4801.72       1.7684       1.3010
 4802.76       3.2018       1.4121
 4803.80       2.2618       1.3764
 4804.83       1.4201       1.2876
 4805.87       0.7240       1.2164
 4806.91       0.9039       1.2131
 4807.95       1.9111       1.2921
 4808.98       1.5953       1.2666
 4810.02       0.6066       1.2031
 4811.06       0.7896       1.2309
 4812.10       1.9805       1.2937
 4813.14       1.9875       1.3120
 4814.17       1.4698       1.3055
 4815.21       1.6612       1.3221
 4816.25       1.6384       1.3546
 4817.29       1.5197       1.3581
 4818.32       2.1359       1.4074
 4819.36       1.4146       1.3726
 4820.40       1.6462       1.3696
 4821.44       3.4132       1.5010
 4822.47       2.8409       1.4582
 4823.51       0.9494       1.3171
 4824.55       1.4957       1.3211
 4825.59       1.6319       1.2988
 4826.63       0.0224       1.2037
 4827.66       0.9786       1.3084
 4828.70       2.7349       1.4455
 4829.74       2.6607       1.4391
 4830.78       2.5126       1.4039
 4831.81       2.2651       1.3492
 4832.85       2.6278       1.3828
 4833.89       1.5787       1.3484
 4834.93       0.2473       1.2458
 4835.97       1.1240       1.2898
 4837.00       1.2347       1.3073
 4838.04       1.2678       1.3237
 4839.08       0.8597       1.2633
 4840.12       0.6087       1.2067
 4841.15       1.5568       1.2511
 4842.19       1.8503       1.2863
 4843.23       1.7598       1.2739
 4844.27       1.5798       1.2559
 4845.31       1.2002       1.2283
 4846.34       0.3979       1.1716
 4847.38       0.0353       1.1394
 4848.42       1.8111       1.2277
 4849.46       1.4344       1.1974
 4850.49       0.4584       1.1129
 4851.53       0.4535       1.1150
 4852.57       1.0430       1.1761
 4853.61      -0.0049       1.0991
 4854.64      -0.2393       1.0431
 4855.68       1.2706       1.0855
 4856.72       1.1065       1.0806
 4857.76       1.4514       1.1003
 4858.80       1.6613       1.0579
 4859.83       1.4288       1.0401
 4860.87       0.3330       1.0038
 4861.91       0.4576       1.0110
 4862.95       1.3784       1.0660
 4863.98       0.9109       1.0168
 4865.02       0.9342       0.9868
 4866.06       0.8587       0.9971
 4867.10       0.3999       0.9750
 4868.14       1.5462       1.0403
 4869.17       1.0587       1.0338
 4870.21      -0.1767       0.9413
 4871.25       0.3652       0.9280
 4872.29       1.4505       0.9793
 4873.32       0.7149       0.9366
 4874.36       0.7479       0.9522
 4875.40       1.7846       1.0146
 4876.44       0.0132       0.9019
 4877.48      -1.6289       0.8347
 4878.51      -0.1767       0.9444
 4879.55       0.4747       0.9672
 4880.59       0.2548       0.9388
 4881.63       0.4169       0.9352
 4882.66       0.7681       0.9552
 4883.70      -0.5683       0.8856
 4884.74       1.3160       1.0094
 4885.78       0.9338       0.9883
 4886.81       0.9974       0.9767
 4887.85       1.5245       1.0483
 4888.89       0.7575       0.9885
 4889.93       2.0132       1.0428
 4890.97       1.4916       1.0562
 4892.00       0.3616       0.9758
 4893.04       1.0151       0.9872
 4894.08       0.8322       1.0268
 4895.12       0.6290       1.0132
 4896.15       0.8349       1.0270
 4897.19       1.0171       1.0778
 4898.23       0.8845       1.0245
 4899.27       1.8701       1.1049
 4900.31       1.6052       1.1224
 4901.34       1.3618       1.0541
 4902.38       2.4115       1.0997
 4903.42       2.8789       1.1457
 4904.46       1.3615       1.0750
 4905.49       1.3153       1.0888
 4906.53       1.1335       1.0704
 4907.57      -0.0880       0.9663
 4908.61       0.7647       1.0195
 4909.65       0.2802       0.9775
 4910.68       0.5973       0.9721
 4911.72       1.8051       1.0398
 4912.76       1.1552       1.0203
 4913.80       1.4049       1.0417
 4914.83       1.5103       1.0496
 4915.87       1.3603       1.0411
 4916.91       2.3821       1.0920
 4917.95       2.3356       1.0549
 4918.98       0.7641       0.9308
 4920.02       1.6475       0.9837
 4921.06       3.2585       1.1008
 4922.10       2.1448       1.0353
 4923.14       1.0152       0.9955
 4924.17       1.3561       1.0496
 4925.21       1.7550       1.0411
 4926.25       1.3500       1.0037
 4927.29       0.4037       0.9716
 4928.32       0.1157       0.9567
 4929.36       0.6910       0.9849
 4930.40       0.1521       0.9589
 4931.44       0.6816       0.9794
 4932.48       1.2781       0.9967
 4933.51       1.9280       1.0174
 4934.55       1.2190       0.9847
 4935.59       0.7030       0.9645
 4936.63       1.3960       1.0412
 4937.66       1.8501       1.0541
 4938.70      -0.2613       0.8947
 4939.74      -0.7152       0.8795
 4940.78       1.4991       1.0237
 4941.81       1.7396       1.0134
 4942.85       0.5257       0.9408
 4943.89       0.7129       0.9591
 4944.93       1.6233       1.0094
 4945.97       1.9159       1.0462
 4947.00       2.2085       1.0761
 4948.04       2.1247       1.0632
 4949.08       1.6902       1.0414
 4950.12       1.7025       1.0262
 4951.15       1.4379       0.9911
 4952.19       1.6501       1.0767
 4953.23      -0.0994       0.9923
 4954.27       0.4670       0.9949
 4955.31       2.7218       1.0847
 4956.34       1.6129       0.9722
 4957.38       1.4403       0.9717
 4958.42       2.0782       1.0318
 4959.46       2.1404       1.0490
 4960.49       0.9744       0.9642
 4961.53      -0.2283       0.9160
 4962.57      -0.5698       0.9304
 4963.61       1.5773       1.0220
 4964.65       1.7018       1.0291
 4965.68       1.4757       1.0205
 4966.72       2.0299       1.0629
 4967.76       2.0916       1.0809
 4968.80       2.4598       1.0815
 4969.83       1.4321       1.0358
 4970.87       1.1479       1.0206
 4971.91       0.8140       0.9694
 4972.95       1.7292       1.0264
 4973.98       3.2447       1.0878
 4975.02       3.2158       1.0743
 4976.06       1.8823       1.0484
 4977.10       0.6347       0.9961
 4978.14       1.6838       1.0041
 4979.17       1.5105       0.9840
 4980.21       1.1798       0.9565
 4981.25       1.6856       0.9571
 4982.29       1.3500       0.9201
 4983.32       0.5645       0.8493
 4984.36      -0.1108       0.8069
 4985.40       0.7384       0.8790
 4986.44       2.1657       1.0040
 4987.48       1.8664       1.0200
 4988.51       0.9477       0.9500
 4989.55       1.2300       0.9438
 4990.59       1.9560       0.9689
 4991.63       1.4402       0.9459
 4992.66       0.9045       0.9156
 4993.70       1.6335       0.9473
 4994.74       1.3985       0.9581
 4995.78       0.4503       0.9086
 4996.81       1.5259       0.9367
 4997.85       2.0017       0.9667
 4998.89       0.1329       0.8672
 4999.93       1.5146       0.9274
 5000.97       1.3888       0.9132
 5002.00       0.4157       0.8685
 5003.04       1.5690       0.9329
 5004.08       0.8740       0.8923
 5005.12       1.2061       0.8911
 5006.15       2.0945       0.9358
 5007.19       2.1696       0.9393
 5008.23       1.4688       0.8948
 5009.27       1.8089       0.9293
 5010.31       0.9840       0.8957
 5011.34       2.2424       0.9305
 5012.38       1.5865       0.8706
 5013.42       0.7214       0.8392
 5014.46       1.7042       0.9024
 5015.49       1.3899       0.8902
 5016.53       2.8287       0.9411
 5017.57       2.8919       0.9494
 5018.61       2.7044       0.9365
 5019.65       0.9803       0.8610
 5020.68       0.8463       0.8514
 5021.72       2.0261       0.8983
 5022.76       1.1957       0.8272
 5023.80       1.4513       0.8435
 5024.83       1.6084       0.8722
 5025.87       0.3816       0.7953
 5026.91       1.2515       0.8502
 5027.95       1.4299       0.8272
 5028.98      -0.2550       0.7430
 5030.02      -0.3286       0.7734
 5031.06       1.6226       0.8725
 5032.10       2.0560       0.9103
 5033.14       0.1819       0.8112
 5034.17       0.5575       0.8165
 5035.21       2.0271       0.8834
 5036.25       2.0257       0.8705
 5037.29       1.3829       0.8544
 5038.32       1.0898       0.8464
 5039.36       0.6963       0.7933
 5040.40       0.8544       0.7929
 5041.44       0.3873       0.7812
 5042.48       1.0496       0.8203
 5043.51       2.2416       0.8742
 5044.55       1.4560       0.8437
 5045.59       1.3826       0.8449
 5046.63       2.3655       0.9073
 5047.66       2.3497       0.8858
 5048.70       1.4626       0.8110
 5049.74       2.1333       0.8676
 5050.78       2.0758       0.8809
 5051.82       1.1450       0.8204
 5052.85       1.1433       0.8245
 5053.89       1.3594       0.8322
 5054.93       0.8103       0.8135
 5055.97       1.0625       0.8447
 5057.00       0.9151       0.8306
 5058.04       0.0978       0.7976
 5059.08       0.5158       0.8299
 5060.12       0.3734       0.8044
 5061.16       0.7718       0.8379
 5062.19       1.4831       0.8688
 5063.23       1.0995       0.8442
 5064.27       1.6574       0.8610
 5065.31       1.6492       0.8355
 5066.34       1.3997       0.8449
 5067.38       0.5852       0.8211
 5068.42       0.8956       0.8376
 5069.46       0.2997       0.8197
 5070.49       0.1514       0.8039
 5071.53       1.4830       0.8513
 5072.57       0.3109       0.7944
 5073.61       0.4486       0.7894
 5074.65       1.2951       0.8071
 5075.68       1.4039       0.8325
 5076.72       2.4022       0.8927
 5077.76       1.7928       0.8401
 5078.80       1.4950       0.8091
 5079.83       1.1593       0.8062
 5080.87       1.6458       0.8415
 5081.91       1.3911       0.8182
 5082.95       0.5649       0.7906
 5083.99       0.9741       0.7988
 5085.02       1.0733       0.7908
 5086.06       1.0359       0.7926
 5087.10       1.9295       0.8642
 5088.14       1.5806       0.8579
 5089.17       0.8860       0.8047
 5090.21       2.1273       0.8693
 5091.25       0.5160       0.7884
 5092.29       1.1338       0.8242
 5093.33       1.6194       0.8348
 5094.36       0.8777       0.8067
 5095.40       1.8989       0.8448
 5096.44       2.2628       0.8501
 5097.48       1.9727       0.8256
 5098.51       0.7633       0.7671
 5099.55       0.6760       0.7690
 5100.59       2.5652       0.8572
 5101.63       2.5118       0.8711
 5102.66       1.3927       0.8356
 5103.70       1.2694       0.8399
 5104.74       0.7078       0.8043
 5105.78      -0.7927       0.6893
 5106.82      -0.0020       0.7164
 5107.85       2.3246       0.8616
 5108.89       1.6616       0.8281
 5109.93       0.7449       0.7634
 5110.97       0.5953       0.7599
 5112.00       0.9674       0.7786
 5113.04       1.1964       0.7903
 5114.08       0.5906       0.7673
 5115.12       0.7904       0.7768
 5116.16       1.0782       0.7864
 5117.19       0.8538       0.7783
 5118.23       1.5013       0.8070
 5119.27       2.6603       0.8620
 5120.31       1.8268       0.8233
 5121.34       0.6459       0.7670
 5122.38       1.1266       0.7706
 5123.42       1.5865       0.7640
 5124.46       1.7519       0.7883
 5125.50       0.8487       0.7527
 5126.53       0.5354       0.7201
 5127.57       1.2149       0.7545
 5128.61       1.8800       0.8088
 5129.65       0.8460       0.7601
 5130.68       1.4804       0.8038
 5131.72       0.9131       0.7784
 5132.76       0.0828       0.7580
 5133.80       0.7779       0.7811
 5134.83       1.7596       0.8161
 5135.87       1.4160       0.8353
 5136.91       1.3743       0.7999
 5137.95       1.4928       0.7821
 5138.99       1.8878       0.8105
 5140.02       0.8384       0.7623
 5141.06      -0.1242       0.7268
 5142.10       1.9329       0.8345
 5143.14       1.3681       0.7796
 5144.17       0.3217       0.7206
 5145.21       1.5035       0.8001
 5146.25       1.7875       0.8059
 5147.29       1.5192       0.7866
 5148.33       1.7134       0.7831
 5149.36       1.4606       0.7833
 5150.40       1.9759       0.8124
 5151.44       0.6599       0.7391
 5152.48       1.6565       0.7951
 5153.51       2.3102       0.8284
 5154.55       0.9093       0.7511
 5155.59       0.6489       0.7431
 5156.63       0.7553       0.7549
 5157.67       1.5646       0.7741
 5158.70       2.5795       0.8314
 5159.74       0.9417       0.7473
 5160.78       0.6456       0.7213
 5161.82       1.7291       0.7823
 5162.85       1.3699       0.7511
 5163.89       1.3431       0.7130
 5164.93       1.8496       0.7094
 5165.97       1.7392       0.6969
 5167.00       1.3158       0.6677
 5168.04       1.5338       0.6812
 5169.08       1.8989       0.7021
 5170.12       1.0609       0.6753
 5171.16       0.1011       0.6212
 5172.19       0.7152       0.6320
 5173.23       1.3717       0.6482
 5174.27       1.7263       0.6897
 5175.31       1.5787       0.7261
 5176.34       0.9530       0.6946
 5177.38       1.8087       0.7153
 5178.42       2.3096       0.7459
 5179.46       0.9818       0.6906
 5180.50       1.2629       0.6824
 5181.53       0.8158       0.6361
 5182.57       0.2681       0.5842
 5183.61       0.2571       0.5540
 5184.65       0.3317       0.5767
 5185.68       0.9308       0.6593
 5186.72       1.0245       0.7242
 5187.76       0.6968       0.7443
 5188.80       0.3306       0.7556
 5189.83       1.3675       0.7535
 5190.87       1.6529       0.7272
 5191.91       2.2777       0.7441
 5192.95      -0.0442       0.6259
 5193.99      -0.0123       0.6223
 5195.02       1.2821       0.7117
 5196.06       0.4108       0.8074
 5197.10       0.1979       0.9642
 5198.14       1.5090       1.1477
 5199.17       2.2363       1.1977
 5200.21       2.3956       1.0892
 5201.25       2.1658       0.9862
 5202.29       0.4617       0.8371
 5203.33       0.4126       0.7533
 5204.36       2.1201       0.7868
 5205.40       1.7206       0.7088
 5206.44       0.9274       0.6365
 5207.48       1.4858       0.7091
 5208.51       1.5645       0.7116
 5209.55       1.3543       0.6926
 5210.59       2.2461       0.7573
 5211.63       2.1510       0.7450
 5212.67       1.2452       0.7017
 5213.70       0.4136       0.6711
 5214.74       0.2790       0.6667
 5215.78       1.1709       0.6991
 5216.82       1.9326       0.7340
 5217.85       1.4728       0.7486
 5218.89       1.2769       0.7331
 5219.93       1.2476       0.7028
 5220.97       1.2669       0.7125
 5222.00       1.3190       0.7475
 5223.04       1.2554       0.7791
 5224.08       2.1710       0.8391
 5225.12       2.1210       0.8020
 5226.16       0.7745       0.6940
 5227.19       0.8988       0.6643
 5228.23       1.5059       0.6766
 5229.27       1.5616       0.6852
 5230.31       1.0579       0.6900
 5231.34       1.0615       0.7191
 5232.38       0.9652       0.7107
 5233.42       2.2682       0.7223
 5234.46       1.7975       0.7121
 5235.50       0.7720       0.6905
 5236.53       1.2749       0.7367
 5237.57       0.5091       0.7326
 5238.61       1.2000       0.8059
 5239.65       2.4322       0.8865
 5240.68       1.2893       0.7637
 5241.72       1.3476       0.7111
 5242.76       1.6812       0.7156
 5243.80       0.3830       0.6556
 5244.83       0.9026       0.6816
 5245.87       0.9144       0.6879
 5246.91       0.3003       0.6547
 5247.95       0.0331       0.6477
 5248.99       1.8611       0.7470
 5250.02       2.0149       0.7541
 5251.06       0.8796       0.6763
 5252.10       1.6247       0.7041
 5253.14       0.7412       0.6995
 5254.17      -0.1688       0.6900
 5255.21       0.3918       0.7541
 5256.25       0.7580       0.8034
 5257.29       1.8776       0.8314
 5258.33       1.6995       0.7499
 5259.36       1.5800       0.7269
 5260.40       2.0710       0.7473
 5261.44       1.8467       0.7036
 5262.48       1.5812       0.6664
 5263.51       1.0237       0.6258
 5264.55       1.8486       0.6627
 5265.59       2.1788       0.6597
 5266.63       1.4904       0.6255
 5267.67       1.2682       0.6336
 5268.70       1.1259       0.6347
 5269.74       1.0311       0.6389
 5270.78       0.8265       0.6325
 5271.82       1.7260       0.6671
 5272.85       1.6205       0.6816
 5273.89       0.4718       0.6548
 5274.93       0.8257       0.7086
 5275.97       2.0255       0.7760
 5277.00       1.0047       0.7249
 5278.04       0.6135       0.6875
 5279.08       2.0485       0.7182
 5280.12       2.2935       0.7266
 5281.16       1.9663       0.7051
 5282.19       1.4683       0.6639
 5283.23       1.6395       0.6672
 5284.27       1.7213       0.6725
 5285.31       0.7530       0.6319
 5286.34       1.2480       0.6653
 5287.38       0.7845       0.6484
 5288.42      -0.1465       0.6234
 5289.46       1.5714       0.6994
 5290.50       1.2164       0.6746
 5291.53       0.8304       0.6796
 5292.57       1.2094       0.6957
 5293.61       1.4789       0.6980
 5294.65       1.6443       0.7173
 5295.68       1.2873       0.6807
 5296.72       1.7042       0.6982
 5297.76       1.0990       0.6996
 5298.80       0.5562       0.7011
 5299.83       0.7923       0.7083
 5300.87       0.5258       0.6774
 5301.91       0.9875       0.7028
 5302.95       1.9581       0.7396
 5303.99       0.9919       0.6895
 5305.02       0.7265       0.6783
 5306.06       1.4626       0.7199
 5307.10       1.4375       0.7357
 5308.14       1.7614       0.7352
 5309.17       1.6554       0.7271
 5310.21       1.0483       0.7213
 5311.25      -0.1849       0.6835
 5312.29      -0.2887       0.6847
 5313.33       1.8110       0.7576
 5314.36       2.0059       0.7625
 5315.40       0.9658       0.7090
 5316.44       0.7741       0.6832
 5317.48       0.8258       0.6876
 5318.51       1.0434       0.6975
 5319.55       0.9086       0.6934
 5320.59       1.9285       0.7432
 5321.63       2.1924       0.7556
 5322.67       1.0671       0.7042
 5323.70       1.3222       0.7084
 5324.74       0.8166       0.6891
 5325.78       1.4957       0.7151
 5326.82       2.0886       0.7293
 5327.85       1.1400       0.6806
 5328.89       1.5563       0.7164
 5329.93       1.5365       0.7379
 5330.97       2.2454       0.7975
 5332.00       1.4328       0.7374
 5333.04       0.8777       0.6741
 5334.08       1.7623       0.7065
 5335.12       1.5010       0.6976
 5336.16       0.2781       0.6741
 5337.19       1.0218       0.6782
 5338.23       1.7399       0.6984
 5339.27       0.5399       0.6406
 5340.31       1.2292       0.6779
 5341.34       0.3016       0.6395
 5342.38       1.4640       0.6910
 5343.42       1.6916       0.7108
 5344.46       0.5719       0.6458
 5345.50       1.5632       0.6928
 5346.53       1.4169       0.6904
 5347.57       0.9572       0.6664
 5348.61       0.8144       0.6772
 5349.65       0.2968       0.6719
 5350.68       0.0235       0.6486
 5351.72       1.5522       0.6898
 5352.76       1.4105       0.6943
 5353.80       0.5562       0.6659
 5354.84       0.9761       0.6835
 5355.87       0.4337       0.6689
 5356.91       0.3344       0.6600
 5357.95       1.8191       0.7147
 5358.99       1.8309       0.7103
 5360.02       0.5545       0.6588
 5361.06       0.7217       0.6519
 5362.10       1.0570       0.6544
 5363.14       0.5972       0.6396
 5364.17       1.5734       0.6584
 5365.21       1.7923       0.6681
 5366.25       1.9749       0.6923
 5367.29       2.0523       0.7110
 5368.33       1.1671       0.6767
 5369.36       0.8165       0.6614
 5370.40       1.2821       0.6792
 5371.44       2.0403       0.7136
 5372.48       1.4284       0.6917
 5373.51       0.4587       0.6600
 5374.55       0.5346       0.6526
 5375.59       0.0187       0.6351
 5376.63       0.5079       0.6689
 5377.67       1.1270       0.6962
 5378.70       1.4533       0.7017
 5379.74       1.1100       0.6624
 5380.78       1.0340       0.6560
 5381.82       2.6442       0.7302
 5382.85       2.5860       0.7382
 5383.89       1.0347       0.6571
 5384.93       1.0355       0.6643
 5385.97       1.4346       0.6777
 5387.01       1.1059       0.6700
 5388.04       1.9814       0.7095
 5389.08       1.2755       0.6502
 5390.12       0.4133       0.6161
 5391.16       0.6332       0.6438
 5392.19       1.8261       0.6650
 5393.23       3.0629       0.7172
 5394.27       1.3512       0.6506
 5395.31       1.2020       0.6296
 5396.34       1.1621       0.6262
 5397.38       0.3885       0.5920
 5398.42       1.4353       0.6463
 5399.46       1.6410       0.6617
 5400.50       1.7466       0.6714
 5401.53       1.0728       0.6428
 5402.57       0.4226       0.6081
 5403.61       0.8882       0.6136
 5404.65       0.5085       0.5791
 5405.68       0.6236       0.5881
 5406.72       1.7250       0.6456
 5407.76       1.7918       0.6586
 5408.80      -0.0613       0.5814
 5409.84      -0.7795       0.5322
 5410.87       0.7687       0.6012
 5411.91       1.1352       0.6371
 5412.95       1.1055       0.6377
 5413.99       1.4399       0.6422
 5415.02       1.0692       0.6234
 5416.06       0.4475       0.6038
 5417.10       1.2227       0.6326
 5418.14       2.3522       0.6881
 5419.18       2.5022       0.7038
 5420.21       1.1236       0.6425
 5421.25       0.0908       0.5852
 5422.29       1.3100       0.6423
 5423.33       2.2249       0.6796
 5424.36       1.1771       0.6234
 5425.40       0.5811       0.6128
 5426.44       0.8361       0.6298
 5427.48       1.1633       0.6370
 5428.52       1.2959       0.6335
 5429.55       1.9257       0.6582
 5430.59       1.6238       0.6610
 5431.63       2.1538       0.6830
 5432.67       1.8185       0.6710
 5433.70       0.3334       0.6169
 5434.74       1.0157       0.6336
 5435.78       1.1827       0.6629
 5436.82       1.0401       0.6662
 5437.85       0.9578       0.6584
 5438.89       1.2513       0.6692
 5439.93       1.7626       0.6892
 5440.97       1.9972       0.6940
 5442.01       1.0747       0.6612
 5443.04       1.4934       0.6737
 5444.08       1.6755       0.6590
 5445.12       0.6252       0.5954
 5446.16       1.3411       0.6483
 5447.19       1.0714       0.6527
 5448.23       0.3180       0.6148
 5449.27       1.0523       0.6639
 5450.31       1.3877       0.6764
 5451.35       1.8575       0.6932
 5452.38       3.6650       0.7867
 5453.42       4.3371       0.8011
 5454.46       3.0290       0.7211
 5455.50       1.8381       0.6754
 5456.53       1.8288       0.6910
 5457.57       0.8354       0.6588
 5458.61       0.4572       0.6597
 5459.65       1.0782       0.7209
 5460.69       0.5475       0.7116
 5461.72       0.7362       0.7007
 5462.76       1.5409       0.7103
 5463.80       0.8789       0.6536
 5464.84       0.7637       0.6459
 5465.87       1.4044       0.6759
 5466.91       1.7912       0.6913
 5467.95       2.0030       0.6921
 5468.99       1.3799       0.6683
 5470.02       0.4947       0.6259
 5471.06       0.7573       0.6283
 5472.10       1.7507       0.6669
 5473.14       1.2831       0.6532
 5474.18       1.7399       0.6787
 5475.21       1.7788       0.6517
 5476.25       1.0931       0.6243
 5477.29       0.9837       0.6180
 5478.33       0.3617       0.5957
 5479.36       0.5177       0.6242
 5480.40       1.0467       0.6368
 5481.44       1.8383       0.6691
 5482.48       1.8923       0.6890
 5483.52       0.9497       0.6485
 5484.55       0.8777       0.6493
 5485.59       0.6002       0.6469
 5486.63       1.5094       0.6619
 5487.67       1.9230       0.6632
 5488.70       1.1389       0.6230
 5489.74       0.5254       0.6220
 5490.78       0.8369       0.6623
 5491.82       1.0580       0.6542
 5492.85       1.0108       0.6320
 5493.89       1.6006       0.6621
 5494.93       2.0189       0.6903
 5495.97       1.7473       0.6798
 5497.01       1.1967       0.6660
 5498.04       1.1054       0.6731
 5499.08       0.6129       0.6606
 5500.12       1.2974       0.6751
 5501.16       1.6846       0.6857
 5502.19       0.6959       0.6524
 5503.23       1.0492       0.6760
 5504.27       2.3605       0.7143
 5505.31       1.3625       0.6784
 5506.35       0.7467       0.6601
 5507.38       1.5096       0.6805
 5508.42       1.6149       0.6877
 5509.46       1.2901       0.6867
 5510.50       1.2016       0.6871
 5511.53       1.9490       0.7056
 5512.57       0.5496       0.6564
 5513.61       0.3843       0.6497
 5514.65       1.8372       0.6911
 5515.69       2.6196       0.7300
 5516.72       1.3822       0.6745
 5517.76       0.7769       0.6528
 5518.80       0.9493       0.6550
 5519.84       1.0999       0.6762
 5520.87       1.0476       0.6680
 5521.91       0.2563       0.6311
 5522.95       1.8755       0.7082
 5523.99       2.5983       0.7537
 5525.02       1.5933       0.6832
 5526.06       1.0286       0.6456
 5527.10       1.7166       0.6803
 5528.14       1.3806       0.6648
 5529.18       2.1284       0.6900
 5530.21       2.6489       0.7264
 5531.25       2.2831       0.7076
 5532.29       1.8036       0.6902
 5533.33       1.9148       0.7057
 5534.36       2.0916       0.7038
 5535.40       1.7807       0.7009
 5536.44       1.7588       0.6996
 5537.48       1.8060       0.6989
 5538.52       1.2260       0.6826
 5539.55       0.4811       0.6486
 5540.59       0.8580       0.6914
 5541.63       0.4643       0.7135
 5542.67       0.6154       0.7812
 5543.70       2.4107       0.8768
 5544.74       2.7336       0.8586
 5545.78       1.9074       0.7939
 5546.82       0.7147       0.7083
 5547.85       1.4841       0.7302
 5548.89       1.0486       0.7079
 5549.93       0.8008       0.6990
 5550.97       1.4681       0.7726
 5552.01       0.1861       0.6707
 5553.04      -0.6919       0.6436
 5554.08       0.1710       0.6750
 5555.12       1.6505       0.6881
 5556.16       2.3659       0.7532
 5557.19       2.9746       0.7665
 5558.23       1.2885       0.7262
 5559.27       1.7960       0.7128
 5560.31       2.6364       0.7521
 5561.35       1.6239       0.7392
 5562.38       2.5766       0.8558
 5563.42       3.1862       0.9578
 5564.46       1.9372       0.9368
 5565.50       2.8440       0.8959
 5566.53       1.5388       0.7813
 5567.57       2.3154       0.8185
 5568.61       3.4485       0.9426
 5569.65       2.3102       0.9283
 5570.69       2.3097       0.8793
 5571.72       1.7269       0.8176
 5572.76       1.2297       0.8499
 5573.80      -0.8755       0.9277
 5574.84     -15.8445       2.2364
 5575.87     -47.1962      10.5126
 5576.91     -42.4692      21.7568
 5577.95     -19.5438      26.3855
 5578.99      50.0851      19.5691
 5580.02      82.8800       7.5665
 5581.06      26.0261       1.5056
 5582.10      -1.8280       0.8584
 5583.14       2.4586       0.8702
 5584.18       1.5870       0.8115
 5585.21       1.2532       0.7449
 5586.25       1.1096       0.7342
 5587.29       3.1645       0.7728
 5588.33       1.8384       0.7968
 5589.36       1.8235       0.8912
 5590.40       2.8611       0.8957
 5591.44       2.0341       0.8153
 5592.48       1.9496       0.7248
 5593.52       0.5380       0.6530
 5594.55       1.0678       0.6983
 5595.59       0.7528       0.7069
 5596.63       1.8326       0.7749
 5597.67       1.7616       0.7972
 5598.70       1.9866       0.7845
 5599.74       2.5654       0.7807
 5600.78       1.2552       0.7244
 5601.82       1.1005       0.7053
 5602.86       0.5838       0.7171
 5603.89      -0.0819       0.7891
 5604.93       0.4776       0.8937
 5605.97       2.0060       0.9313
 5607.01       2.8604       0.8831
 5608.04       2.5237       0.8015
 5609.08       1.6924       0.7506
 5610.12       1.6818       0.7522
 5611.16       1.2270       0.7290
 5612.19       0.8603       0.7250
 5613.23       1.9345       0.7583
 5614.27       2.7290       0.7775
 5615.31       2.8544       0.8180
 5616.35       5.1596       0.9554
 5617.38       5.6239       0.9931
 5618.42       4.6502       0.9291
 5619.46       2.9225       0.8328
 5620.50       2.3145       0.8085
 5621.53       1.2484       0.7982
 5622.57       0.0345       0.8105
 5623.61      -0.3233       0.8339
 5624.65       1.4863       0.9040
 5625.69       2.3860       0.8593
 5626.72       0.9365       0.7308
 5627.76       1.4609       0.7703
 5628.80       1.7391       0.8031
 5629.84       0.1483       0.7368
 5630.87       1.3261       0.7629
 5631.91       3.0105       0.8385
 5632.95       1.0766       0.7856
 5633.99      -0.0045       0.7273
 5635.03       1.7494       0.7912
 5636.06       2.7529       0.8291
 5637.10       1.6408       0.8093
 5638.14       2.2200       0.8601
 5639.18       1.0148       0.8319
 5640.21       1.2087       0.8376
 5641.25       1.9082       0.8363
 5642.29       2.1027       0.8303
 5643.33       2.4115       0.8740
 5644.36       1.6983       0.8969
 5645.40       0.7941       0.8906
 5646.44       1.5209       0.9106
 5647.48       2.2655       0.9215
 5648.52       0.8517       0.8265
 5649.55       1.0522       0.8351
 5650.59       1.8398       0.8695
 5651.63       2.1598       0.8821
 5652.67       1.6961       0.8665
 5653.70       1.2939       0.8661
 5654.74       2.0293       0.9003
 5655.78      -0.2101       0.7662
 5656.82       0.3147       0.7877
 5657.86       2.9057       0.9159
 5658.89       2.2218       0.8859
 5659.93       0.7027       0.8107
 5660.97       1.7430       0.8945
 5662.01       1.2473       0.8877
 5663.04       1.5043       0.9192
 5664.08       2.0866       0.9785
 5665.12       0.9796       0.9297
 5666.16       0.4427       0.8813
 5667.20       0.2188       0.8778
 5668.23       1.0370       0.9530
 5669.27       1.1224       0.9503
 5670.31       2.0639       0.9924
 5671.35       3.2805       1.0637
 5672.38       2.1605       1.0083
 5673.42       1.9532       0.9901
 5674.46       1.9336       0.9863
 5675.50       1.6550       0.9778
 5676.53       1.5886       0.9906
 5677.57       1.7027       1.0021
 5678.61       1.8408       1.0316
 5679.65       2.3461       1.0823
 5680.69       2.0251       1.0701
 5681.72       0.4830       0.9848
 5682.76       1.3052       1.0122
 5683.80       1.7367       1.0340
 5684.84       1.2844       1.0403
 5685.87       1.4723       1.0582
 5686.91       0.8648       1.0384
 5687.95       1.2450       1.0752
 5688.99       1.9663       1.1175
 5690.03       1.5784       1.1234
 5691.06       1.8150       1.1962
 5692.10       2.8180       1.2403
 5693.14       2.6906       1.1911
 5694.18       1.3002       1.1317
 5695.21       0.5349       1.1243
 5696.25       1.6375       1.1954
 5697.29       1.3155       1.1518
 5698.33       1.0161       1.1168
 5699.37       2.3349       1.2202
 5700.40       1.3409       1.1623
 5701.44       0.8276       1.1618
 5702.48       1.3226       1.1700
 5703.52       1.1911       1.1499
 5704.55       1.1145       1.1715
 5705.59       1.5161       1.2073
 5706.63       2.2285       1.2456
 5707.67       1.1686       1.1736
 5708.70       0.4011       1.1229
 5709.74       1.4697       1.1812
 5710.78       2.0045       1.2428
 5711.82       1.8176       1.2287
 5712.86       1.6979       1.2026
 5713.89       1.4353       1.2157
 5714.93       1.4749       1.2557
 5715.97       1.2713       1.2383
 5717.01       1.7198       1.2690
 5718.04       1.4067       1.2876
 5719.08       1.9383       1.3772
 5720.12       1.8337       1.3546
 5721.16      -0.1616       1.1759
 5722.20       3.0210       1.4303
 5723.23       2.7106       1.4217
 5724.27       1.2120       1.3259
 5725.31       2.1097       1.4202
 5726.35       2.0847       1.4404
 5727.38       1.5122       1.3818
 5728.42       2.7153       1.4587
 5729.46       0.9542       1.3438
 5730.50       0.2641       1.3463
 5731.54       2.2132       1.4930
 5732.57       2.2191       1.4825
 5733.61       0.5615       1.3845
 5734.65      -0.3644       1.3192
 5735.69       0.4457       1.3683
 5736.72      -0.1542       1.3484
 5737.76      -0.3242       1.3667
 5738.80       1.6148       1.5103
 5739.84       1.8611       1.5154
 5740.87       2.6682       1.5835
 5741.91       1.0792       1.4733
 5742.95       1.4423       1.3849
 5743.99       1.3088       1.3253
 5745.03       1.1898       1.3315
 5746.06       1.3747       1.3226
 5747.10       1.0191       1.1779
 5748.14       0.4897       1.0102
 5749.18       0.8390       1.0626
 5750.21       1.3994       1.1650
 5751.25       1.4097       1.1544
 5752.29       1.1211       1.1421
 5753.33       0.8349       1.1175
 5754.37       0.6849       1.0754
 5755.40       0.5916       1.0876
 5756.44       0.6963       1.1407
 5757.48       1.3674       1.1833
 5758.52       1.3048       1.1566
 5759.55       0.4683       1.0840
 5760.59       0.1626       1.0585
 5761.63       0.2876       1.0630
 5762.67       0.3980       1.0614
 5763.71       0.1752       1.0644
 5764.74       0.4010       1.0860
 5765.78       1.2470       1.1207
 5766.82       1.6465       1.1511
 5767.86       1.4553       1.1667
 5768.89       1.1932       1.1631
 5769.93       1.2218       1.1516
 5770.97       1.3018       1.1196
 5772.01       1.2066       1.0618
 5773.04       1.0987       1.0448
 5774.08       0.8877       1.0689
 5775.12       0.2168       1.0435
 5776.16      -0.2614       0.9844
 5777.20      -0.1847       0.9481
 5778.23      -0.1790       0.9608
 5779.27      -0.1298       0.9907
 5780.31       0.2984       0.9759
 5781.35       0.8660       0.9675
 5782.38       1.2325       0.9934
 5783.42       1.0109       1.0057
 5784.46       0.9305       1.0056
 5785.50       1.4096       1.0080
 5786.54       1.6787       1.0314
 5787.57       1.3574       1.0249
 5788.61       0.7612       0.9565
 5789.65       0.8684       0.9498
 5790.69       1.8195       1.0187
 5791.72       2.6731       1.0592
 5792.76       2.3060       1.0253
 5793.80       0.9466       0.9438
 5794.84       0.1734       0.8885
 5795.88       0.0442       0.8733
 5796.91      -0.0182       0.8733
 5797.95       0.6447       0.9084
 5798.99       1.3210       0.9387
 5800.03       1.0684       0.9247
 5801.06       1.0903       0.9211
 5802.10       1.6563       0.9442
 5803.14       1.5749       0.9447
 5804.18       1.0109       0.9141
 5805.21       0.5724       0.8814
 5806.25       0.7010       0.9020
 5807.29       1.6340       0.9580
 5808.33       2.7000       0.9923
 5809.37       2.0085       0.9530
 5810.40       0.5564       0.8703
 5811.44       0.8136       0.8222
 5812.48       1.3181       0.8233
 5813.52       1.1149       0.8487
 5814.55       1.0568       0.8632
 5815.59       1.0821       0.8722
 5816.63       1.0958       0.8749
 5817.67       0.8525       0.8083
 5818.71       0.5986       0.7447
 5819.74       0.9257       0.7843
 5820.78       1.2697       0.8396
 5821.82       1.2922       0.8526
 5822.86       1.0775       0.8363
 5823.89       0.8287       0.8278
 5824.93       0.9012       0.8417
 5825.97       1.6425       0.8484
 5827.01       2.0867       0.8303
 5828.04       1.6647       0.7941
 5829.08       1.0181       0.7675
 5830.12       0.9071       0.7709
 5831.16       1.5346       0.7973
 5832.20       1.8102       0.8042
 5833.23       1.5524       0.7900
 5834.27       1.3344       0.7871
 5835.31       1.0943       0.7858
 5836.35       0.6224       0.7663
 5837.38       0.4718       0.7382
 5838.42       0.1918       0.6967
 5839.46      -0.2342       0.6590
 5840.50      -1.0236       0.6228
 5841.54      -0.7015       0.6484
 5842.57       1.5435       0.7588
 5843.61       2.2292       0.7719
 5844.65       1.2176       0.6927
 5845.69       1.1206       0.6920
 5846.72       1.3404       0.7209
 5847.76       1.0133       0.7106
 5848.80       0.6988       0.6949
 5849.84       0.7469       0.6890
 5850.88       1.1841       0.6988
 5851.91       1.6292       0.7247
 5852.95       1.7114       0.7352
 5853.99       1.4741       0.7071
 5855.03       1.2121       0.6866
 5856.06       1.2740       0.6966
 5857.10       1.7074       0.7092
 5858.14       1.9378       0.7063
 5859.18       1.5995       0.6881
 5860.21       1.1150       0.6790
 5861.25       1.1292       0.6937
 5862.29       1.6903       0.7297
 5863.33       1.6079       0.7777
 5864.37       0.9286       0.8561
 5865.40       0.7168       0.9679
 5866.44       0.9932       1.0399
 5867.48       1.3104       1.0350
 5868.52       1.2045       0.9837
 5869.55       1.2398       0.9375
 5870.59       1.7628       0.9116
 5871.63       1.5631       0.8452
 5872.67       1.3528       0.7766
 5873.71       2.1929       0.7719
 5874.74       1.9690       0.7411
 5875.78       0.8604       0.6786
 5876.82       1.1531       0.6815
 5877.86       1.2721       0.6738
 5878.89       0.6178       0.6255
 5879.93       1.1328       0.6251
 5880.97       1.9520       0.6521
 5882.01       1.7468       0.6688
 5883.04       1.4087       0.6696
 5884.08       1.4886       0.7103
 5885.12       1.8142       0.8611
 5886.16       2.0997       1.2530
 5887.20       1.8490       1.9818
 5888.23       0.8880       2.8494
 5889.27       0.1663       3.5180
 5890.31       0.2832       3.7282
 5891.35       0.4199       3.4228
 5892.38       1.0046       2.9357
 5893.42       2.1912       2.6091
 5894.46       1.9803       2.4510
 5895.50       1.0582       2.3776
 5896.54       1.4977       2.3120
 5897.57       1.8053       2.1328
 5898.61       1.4254       1.7362
 5899.65       1.5581       1.1915
 5900.69       1.6065       0.8781
 5901.72       1.1457       0.8249
 5902.76       0.3749       0.7783
 5903.80       0.0961       0.7051
 5904.84       0.6500       0.6793
 5905.88       1.2952       0.6889
 5906.91       1.4847       0.6881
 5907.95       1.3532       0.6625
 5908.99       1.5073       0.6444
 5910.03       1.9394       0.6503
 5911.06       1.3858       0.6319
 5912.10       0.4869       0.6374
 5913.14       0.3265       0.7061
 5914.18       1.0990       0.7974
 5915.21       1.9526       0.8659
 5916.25       1.8849       0.8820
 5917.29       1.7932       0.8280
 5918.33       2.0203       0.7396
 5919.37       1.9168       0.6639
 5920.40       1.8029       0.6317
 5921.44       1.6296       0.6271
 5922.48       0.8871       0.6198
 5923.52       0.0038       0.6120
 5924.55      -0.1640       0.6264
 5925.59       0.6055       0.6578
 5926.63       1.4505       0.6717
 5927.67       1.3881       0.6485
 5928.71       1.0574       0.6251
 5929.74       0.9695       0.6535
 5930.78       0.8542       0.7360
 5931.82       0.7862       0.8276
 5932.86       0.8314       0.8708
 5933.89       1.0465       0.8646
 5934.93       1.4227       0.8091
 5935.97       1.7439       0.7260
 5937.01       1.7794       0.6565
 5938.05       1.6351       0.6110
 5939.08       1.5322       0.5739
 5940.12       1.0869       0.5394
 5941.16       0.5827       0.5163
 5942.20       0.9157       0.5342
 5943.23       1.4155       0.5830
 5944.27       1.4075       0.6288
 5945.31       1.1769       0.6364
 5946.35       1.1629       0.6284
 5947.38       1.5299       0.6429
 5948.42       1.8657       0.6491
 5949.46       1.7193       0.6423
 5950.50       0.9708       0.6328
 5951.54       0.6475       0.6607
 5952.57       1.0073       0.7213
 5953.61       0.7946       0.7528
 5954.65       0.5318       0.7390
 5955.69       0.9445       0.6987
 5956.72       1.2740       0.6429
 5957.76       1.4777       0.5896
 5958.80       1.7340       0.5490
 5959.84       1.7790       0.5333
 5960.88       1.5846       0.5378
 5961.91       1.4748       0.5514
 5962.95       1.1013       0.5403
 5963.99       0.6977       0.5187
 5965.03       0.6781       0.5079
 5966.06       0.8488       0.5203
 5967.10       0.8777       0.5386
 5968.14       0.5505       0.5449
 5969.18       0.4778       0.5514
 5970.22       1.2224       0.5790
 5971.25       1.2253       0.5728
 5972.29       0.5263       0.5478
 5973.33       1.3308       0.5862
 5974.37       1.9813       0.6213
 5975.40       1.4488       0.6137
 5976.44       1.5183       0.6445
 5977.48       1.7472       0.6776
 5978.52       1.2218       0.6535
 5979.55       1.0934       0.6137
 5980.59       1.3772       0.5737
 5981.63       1.4601       0.5327
 5982.67       1.2377       0.5047
 5983.71       1.0100       0.4950
 5984.74       1.1892       0.5085
 5985.78       1.4424       0.5171
 5986.82       1.3896       0.5033
 5987.86       1.4219       0.4947
 5988.89       1.3878       0.4869
 5989.93       1.0567       0.4684
 5990.97       0.9074       0.4795
 5992.01       0.9339       0.5027
 5993.05       0.7263       0.4881
 5994.08       0.7796       0.4755
 5995.12       1.2099       0.4948
 5996.16       1.4687       0.5280
 5997.20       1.2169       0.5356
 5998.23       0.8095       0.5087
 5999.27       0.8060       0.4919
 6000.31       1.1671       0.4992
 6001.35       1.0993       0.5059
 6002.39       1.2265       0.5238
 6003.42       1.5339       0.5420
 6004.46       1.4521       0.5403
 6005.50       1.5579       0.5384
 6006.54       1.8673       0.5332
 6007.57       0.9113       0.4706
 6008.61       0.0980       0.4188
 6009.65       0.8373       0.4400
 6010.69       1.3498       0.4579
 6011.72       1.4340       0.4599
 6012.76       1.8333       0.4773
 6013.80       1.7432       0.4736
 6014.84       1.2666       0.4507
 6015.88       1.2325       0.4462
 6016.91       1.4311       0.4490
 6017.95       1.3910       0.4436
 6018.99       1.2760       0.4400
 6020.03       1.2832       0.4469
 6021.06       1.5850       0.4643
 6022.10       1.7148       0.4677
 6023.14       1.4976       0.4497
 6024.18       1.1731       0.4281
 6025.22       0.9994       0.4158
 6026.25       1.1577       0.4229
 6027.29       1.2934       0.4419
 6028.33       1.3957       0.4581
 6029.37       1.5743       0.4674
 6030.40       2.0690       0.4911
 6031.44       2.1893       0.5030
 6032.48       1.4423       0.4771
 6033.52       0.9946       0.4598
 6034.56       1.1828       0.4623
 6035.59       1.0732       0.4490
 6036.63       1.0815       0.4374
 6037.67       1.2661       0.4341
 6038.71       1.0599       0.4236
 6039.74       1.0731       0.4279
 6040.78       1.6074       0.4519
 6041.82       1.6492       0.4500
 6042.86       1.3449       0.4338
 6043.89       1.4005       0.4404
 6044.93       1.5539       0.4414
 6045.97       1.6655       0.4332
 6047.01       1.8652       0.4399
 6048.05       1.8146       0.4417
 6049.08       1.5981       0.4307
 6050.12       1.7471       0.4307
 6051.16       1.8124       0.4301
 6052.20       1.3528       0.4157
 6053.23       0.9485       0.4036
 6054.27       0.8808       0.4017
 6055.31       1.0632       0.4089
 6056.35       1.0581       0.4055
 6057.39       0.8631       0.3942
 6058.42       1.1239       0.4026
 6059.46       1.3285       0.4183
 6060.50       1.2322       0.4270
 6061.54       1.5925       0.4429
 6062.57       1.8250       0.4447
 6063.61       1.3031       0.4202
 6064.65       1.1992       0.4112
 6065.69       1.4975       0.4251
 6066.73       1.3829       0.4349
 6067.76       1.0577       0.4364
 6068.80       0.8990       0.4300
 6069.84       0.9194       0.4176
 6070.88       0.9942       0.4081
 6071.91       1.0122       0.4055
 6072.95       1.1178       0.3990
 6073.99       1.2212       0.3966
 6075.03       1.2218       0.4069
 6076.06       1.0416       0.4050
 6077.10       0.9172       0.3904
 6078.14       1.1128       0.3829
 6079.18       1.1704       0.3837
 6080.22       1.0022       0.3862
 6081.25       0.8388       0.3765
 6082.29       0.8057       0.3693
 6083.33       0.9334       0.3789
 6084.37       1.4294       0.3995
 6085.40       1.7756       0.4088
 6086.44       1.5234       0.3949
 6087.48       1.2255       0.3789
 6088.52       1.2697       0.3808
 6089.56       1.4305       0.3972
 6090.59       1.6760       0.4101
 6091.63       1.8449       0.4072
 6092.67       1.7092       0.3984
 6093.71       1.5224       0.3953
 6094.74       1.5149       0.4007
 6095.78       1.3796       0.3969
 6096.82       1.1865       0.3947
 6097.86       1.2657       0.4144
 6098.90       1.3037       0.4205
 6099.93       1.2613       0.4052
 6100.97       1.6886       0.4048
 6102.01       1.6070       0.3957
 6103.05       1.0209       0.3739
 6104.08       1.0822       0.3816
 6105.12       1.5333       0.3992
 6106.16       1.3054       0.3881
 6107.20       0.6771       0.3673
 6108.23       0.2465       0.3596
 6109.27       0.6145       0.3763
 6110.31       0.9446       0.3849
 6111.35       0.8526       0.3753
 6112.39       0.9490       0.3795
 6113.42       1.1390       0.3894
 6114.46       1.0682       0.3860
 6115.50       0.8614       0.3708
 6116.54       0.9042       0.3635
 6117.57       1.3684       0.3778
 6118.61       1.4886       0.3849
 6119.65       1.2193       0.3767
 6120.69       1.2447       0.3737
 6121.73       1.4063       0.3716
 6122.76       1.4954       0.3696
 6123.80       1.5360       0.3748
 6124.84       1.3404       0.3751
 6125.88       0.9740       0.3643
 6126.91       0.9620       0.3606
 6127.95       1.0506       0.3600
 6128.99       0.8478       0.3526
 6130.03       1.0277       0.3563
 6131.06       1.4717       0.3692
 6132.10       1.5619       0.3758
 6133.14       1.3906       0.3726
 6134.18       1.2377       0.3692
 6135.22       1.4272       0.3802
 6136.25       1.7029       0.4041
 6137.29       1.5990       0.4241
 6138.33       1.8206       0.4438
 6139.37       1.9400       0.4483
 6140.40       1.2765       0.4263
 6141.44       0.7493       0.4109
 6142.48       0.7186       0.4159
 6143.52       0.6346       0.4197
 6144.56       0.6499       0.4165
 6145.59       0.9232       0.4087
 6146.63       1.6860       0.4129
 6147.67       2.0295       0.4098
 6148.71       1.3133       0.3826
 6149.74       0.5456       0.3581
 6150.78       0.3812       0.3514
 6151.82       0.6582       0.3582
 6152.86       0.9274       0.3661
 6153.90       0.9429       0.3679
 6154.93       1.1504       0.3736
 6155.97       1.3724       0.3793
 6157.01       1.3225       0.3780
 6158.05       0.8914       0.3636
 6159.08       0.6198       0.3513
 6160.12       1.0315       0.3562
 6161.16       1.4805       0.3653
 6162.20       1.4115       0.3601
 6163.23       0.7605       0.3340
 6164.27       0.4909       0.3223
 6165.31       0.8735       0.3399
 6166.35       1.0813       0.3554
 6167.39       0.9612       0.3691
 6168.42       0.8302       0.3907
 6169.46       0.6534       0.4196
 6170.50       0.4850       0.4425
 6171.54       0.4421       0.4455
 6172.57       0.7326       0.4366
 6173.61       1.3042       0.4279
 6174.65       1.7873       0.4216
 6175.69       1.7849       0.4086
 6176.73       1.3307       0.3859
 6177.76       1.3178       0.3808
 6178.80       1.5192       0.3807
 6179.84       1.1457       0.3620
 6180.88       0.8517       0.3477
 6181.91       0.9339       0.3482
 6182.95       0.8841       0.3504
 6183.99       1.0811       0.3605
 6185.03       1.3941       0.3715
 6186.06       1.2458       0.3704
 6187.10       1.2035       0.3629
 6188.14       1.5819       0.3593
 6189.18       1.6560       0.3594
 6190.22       1.3639       0.3595
 6191.25       1.1449       0.3596
 6192.29       1.2230       0.3698
 6193.33       1.3395       0.3805
 6194.37       1.2162       0.3785
 6195.40       1.0870       0.3677
 6196.44       1.2134       0.3604
 6197.48       1.5370       0.3636
 6198.52       1.5754       0.3634
 6199.56       1.1714       0.3574
 6200.59       0.7187       0.3762
 6201.63       0.5110       0.4068
 6202.67       0.6199       0.4185
 6203.71       0.8335       0.4255
 6204.74       1.0064       0.4237
 6205.78       1.2641       0.4013
 6206.82       1.3713       0.3745
 6207.86       1.2213       0.3581
 6208.90       1.1201       0.3577
 6209.93       1.0330       0.3583
 6210.97       1.0463       0.3546
 6212.01       1.4033       0.3688
 6213.05       1.7358       0.3919
 6214.08       1.5999       0.3992
 6215.12       1.0868       0.3799
 6216.16       0.5944       0.3491
 6217.20       0.4187       0.3315
 6218.23       0.6712       0.3461
 6219.27       1.0374       0.3866
 6220.31       1.1633       0.4321
 6221.35       1.1308       0.4593
 6222.39       1.2485       0.4614
 6223.42       1.6279       0.4432
 6224.46       1.9089       0.4168
 6225.50       1.7251       0.3921
 6226.54       1.2348       0.3629
 6227.57       1.0659       0.3388
 6228.61       1.4944       0.3411
 6229.65       1.8624       0.3559
 6230.69       1.5777       0.3823
 6231.73       0.7540       0.4242
 6232.76       0.3952       0.5151
 6233.80       1.7085       0.6648
 6234.84       2.1615       0.7882
 6235.88       1.4440       0.8404
 6236.91       1.2100       0.8359
 6237.95       1.2960       0.7659
 6238.99       1.3535       0.6664
 6240.03       1.1067       0.5814
 6241.07       1.1243       0.5431
 6242.10       1.6720       0.5328
 6243.14       1.5671       0.5148
 6244.18       1.2001       0.4796
 6245.22       1.4247       0.4518
 6246.25       1.4870       0.4189
 6247.29       1.1499       0.3813
 6248.33       0.7473       0.3555
 6249.37       0.6518       0.3461
 6250.40       0.8683       0.3447
 6251.44       1.4291       0.3506
 6252.48       1.6469       0.3544
 6253.52       1.0831       0.3663
 6254.56       0.4238       0.4138
 6255.59       0.3760       0.5171
 6256.63       0.9638       0.6407
 6257.67       1.2012       0.7327
 6258.71       1.1196       0.7589
 6259.74       1.8214       0.7315
 6260.78       2.3220       0.6428
 6261.82       2.0259       0.5323
 6262.86       1.5565       0.4687
 6263.90       0.9482       0.4607
 6264.93       0.5291       0.4728
 6265.97       0.9814       0.4908
 6267.01       1.7113       0.4874
 6268.05       1.8000       0.4670
 6269.08       1.4105       0.4249
 6270.12       1.0842       0.3830
 6271.16       1.2385       0.3736
 6272.20       1.4578       0.3766
 6273.24       1.2988       0.3714
 6274.27       1.6083       0.3971
 6275.31       1.7637       0.4176
 6276.35       1.2485       0.3991
 6277.39       0.9146       0.3845
 6278.42       1.0491       0.3853
 6279.46       1.2150       0.3801
 6280.50       1.4139       0.3658
 6281.54       1.4642       0.3490
 6282.58       1.2373       0.3387
 6283.61       1.0194       0.3618
 6284.65       1.0503       0.4319
 6285.69       1.2421       0.5406
 6286.73       1.2972       0.6372
 6287.76       1.0635       0.6702
 6288.80       1.1795       0.6457
 6289.84       1.6244       0.5819
 6290.88       1.8059       0.4953
 6291.91       1.4455       0.4166
 6292.95       0.8406       0.3767
 6293.99       0.7085       0.3693
 6295.03       0.8207       0.4232
 6296.07       0.8020       0.7875
 6297.10       1.0292       1.6960
 6298.14       1.3440       3.2907
 6299.18       1.6068       5.0398
 6300.22       1.2694       6.1638
 6301.25       0.6633       6.0864
 6302.29       1.2134       4.9646
 6303.33       0.6653       3.2587
 6304.37      -1.3068       1.7356
 6305.41      -0.9027       0.9603
 6306.44       0.7196       0.8009
 6307.48       0.9279       0.7035
 6308.52       1.0558       0.6843
 6309.56       1.2737       0.5869
 6310.59       1.0631       0.4681
 6311.63       1.0886       0.3782
 6312.67       1.3673       0.3387
 6313.71       1.3627       0.3239
 6314.75       1.2484       0.3209
 6315.78       1.2720       0.3217
 6316.82       1.2139       0.3238
 6317.86       1.0988       0.3380
 6318.90       0.9720       0.3698
 6319.93       0.8571       0.4021
 6320.97       0.7373       0.4199
 6322.01       0.6769       0.4207
 6323.05       0.7656       0.4151
 6324.08       0.9993       0.4092
 6325.12       1.3831       0.3856
 6326.16       1.7197       0.3949
 6327.20       1.9072       0.4656
 6328.24       1.4210       0.5470
 6329.27       0.8567       0.6066
 6330.31       1.0762       0.6336
 6331.35       1.4784       0.6149
 6332.39       1.4399       0.5458
 6333.42       1.1213       0.4443
 6334.46       0.8074       0.3535
 6335.50       0.8365       0.3028
 6336.54       1.1234       0.3024
 6337.58       1.2169       0.3146
 6338.61       0.8970       0.3068
 6339.65       1.1874       0.3141
 6340.69       1.7024       0.3303
 6341.73       1.5054       0.3335
 6342.76       1.1146       0.3259
 6343.80       0.8748       0.3182
 6344.84       0.6748       0.3169
 6345.88       0.6092       0.3336
 6346.92       0.7124       0.3641
 6347.95       1.0165       0.3874
 6348.99       1.3418       0.4011
 6350.03       1.4515       0.4102
 6351.07       1.3111       0.3980
 6352.10       1.1466       0.3813
 6353.14       1.0937       0.3807
 6354.18       1.3244       0.4278
 6355.22       1.7161       0.5034
 6356.25       1.8582       0.5510
 6357.29       1.6324       0.5273
 6358.33       1.1830       0.4956
 6359.37       0.4832       0.4901
 6360.41       0.3840       0.6982
 6361.44       1.1187       1.1442
 6362.48       1.4595       1.6355
 6363.52       1.3223       1.9608
 6364.56       1.7129       2.0422
 6365.59       1.9670       1.7827
 6366.63       1.5752       1.2944
 6367.67       0.6610       0.7952
 6368.71       0.4723       0.4795
 6369.75       1.3086       0.3452
 6370.78       1.5447       0.3243
 6371.82       1.1864       0.3101
 6372.86       1.1135       0.2974
 6373.90       1.1415       0.2982
 6374.93       1.1736       0.3089
 6375.97       1.1555       0.3143
 6377.01       1.0351       0.3167
 6378.05       0.9357       0.3251
 6379.08       1.1716       0.3496
 6380.12       1.3588       0.3621
 6381.16       1.1917       0.3477
 6382.20       1.4923       0.3452
 6383.24       1.8317       0.3624
 6384.27       1.4013       0.3771
 6385.31       0.8269       0.3860
 6386.35       0.5797       0.3882
 6387.39       0.5406       0.3874
 6388.42       0.6217       0.3760
 6389.46       0.7497       0.3533
 6390.50       0.8840       0.3290
 6391.54       1.0822       0.3136
 6392.58       1.3789       0.3098
 6393.61       1.3421       0.3054
 6394.65       1.1687       0.2969
 6395.69       1.3484       0.2946
 6396.73       1.5246       0.2945
 6397.76       1.2855       0.2890
 6398.80       0.5566       0.2749
 6399.84       0.3253       0.2681
 6400.88       0.9305       0.2764
 6401.92       1.2855       0.2869
 6402.95       1.2875       0.2932
 6403.99       1.3607       0.2946
 6405.03       1.0550       0.2858
 6406.07       0.7435       0.2742
 6407.10       1.0523       0.2714
 6408.14       1.3428       0.2757
 6409.18       1.2393       0.2814
 6410.22       1.2048       0.2846
 6411.25       1.3132       0.2929
 6412.29       1.4009       0.3071
 6413.33       1.0432       0.3047
 6414.37       0.6629       0.2951
 6415.41       0.8567       0.2984
 6416.44       1.2012       0.3032
 6417.48       1.3183       0.3063
 6418.52       1.1676       0.3111
 6419.56       1.1419       0.3212
 6420.59       1.3265       0.3309
 6421.63       1.1928       0.3284
 6422.67       1.1104       0.3185
 6423.71       1.3126       0.3083
 6424.75       1.1469       0.2927
 6425.78       0.8392       0.2791
 6426.82       0.9620       0.2762
 6427.86       1.0233       0.2804
 6428.90       0.9742       0.2837
 6429.93       1.3126       0.2858
 6430.97       1.1104       0.2718
 6432.01       0.3211       0.2487
 6433.05       0.5229       0.2495
 6434.08       1.1565       0.2675
 6435.12       1.2116       0.2792
 6436.16       1.4857       0.2885
 6437.20       1.6291       0.2849
 6438.24       0.9176       0.2618
 6439.27       0.8055       0.2587
 6440.31       1.3884       0.2766
 6441.35       1.0798       0.2720
 6442.39       0.7371       0.2643
 6443.42       1.0207       0.2719
 6444.46       1.1829       0.2760
 6445.50       1.1735       0.2776
 6446.54       1.2013       0.2826
 6447.58       1.0232       0.2824
 6448.61       0.8997       0.2812
 6449.65       1.1098       0.2868
 6450.69       1.3654       0.2932
 6451.73       1.3817       0.2966
 6452.76       1.1854       0.3003
 6453.80       0.9760       0.3014
 6454.84       0.9661       0.2993
 6455.88       1.2003       0.2991
 6456.92       1.3714       0.2995
 6457.95       1.1366       0.2967
 6458.99       0.8576       0.2945
 6460.03       0.8134       0.3025
 6461.07       1.0071       0.3215
 6462.10       1.0644       0.3611
 6463.14       0.8447       0.4189
 6464.18       0.8531       0.4740
 6465.22       1.1791       0.5047
 6466.25       1.5722       0.5077
 6467.29       1.4727       0.4940
 6468.33       0.8978       0.4787
 6469.37       0.3414       0.4624
 6470.41       0.6403       0.4654
 6471.44       1.4134       0.4664
 6472.48       1.4260       0.4329
 6473.52       1.1450       0.3796
 6474.56       1.1286       0.3346
 6475.59       0.8611       0.3050
 6476.63       0.8437       0.3048
 6477.67       1.3412       0.3245
 6478.71       1.3058       0.3263
 6479.75       0.9090       0.3045
 6480.78       1.0528       0.2896
 6481.82       1.1552       0.2722
 6482.86       0.9346       0.2534
 6483.90       0.6627       0.2453
 6484.93       0.8373       0.2509
 6485.97       1.4075       0.2610
 6487.01       1.6363       0.2658
 6488.05       1.2517       0.2581
 6489.08       0.6852       0.2454
 6490.12       0.6085       0.2419
 6491.16       1.0330       0.2517
 6492.20       1.4153       0.2677
 6493.24       1.4042       0.2731
 6494.27       1.1360       0.2906
 6495.31       1.1810       0.3465
 6496.35       1.2233       0.4524
 6497.39       0.9259       0.5710
 6498.42       1.2275       0.6568
 6499.46       1.5463       0.6655
 6500.50       1.0852       0.6023
 6501.54       0.8885       0.5069
 6502.58       1.1421       0.4297
 6503.61       1.1495       0.3866
 6504.65       0.9847       0.3772
 6505.69       0.8634       0.3702
 6506.73       1.5158       0.3744
 6507.76       1.7099       0.3443
 6508.80       0.8321       0.2809
 6509.84       0.3623       0.2509
 6510.88       0.6236       0.2642
 6511.92       0.9280       0.2822
 6512.95       1.2689       0.2921
 6513.99       1.4356       0.2883
 6515.03       1.5087       0.2886
 6516.07       1.2645       0.2776
 6517.10       0.9304       0.2590
 6518.14       1.2524       0.2628
 6519.18       1.7625       0.2869
 6520.22       1.7424       0.3108
 6521.26       1.3650       0.3314
 6522.29       0.9574       0.3434
 6523.33       0.9223       0.3471
 6524.37       1.0998       0.3370
 6525.41       1.1820       0.3143
 6526.44       1.0311       0.2865
 6527.48       0.9595       0.2703
 6528.52       1.1782       0.2839
 6529.56       1.4107       0.3230
 6530.59       1.2808       0.3926
 6531.63       0.7378       0.4754
 6532.67       0.6280       0.5464
 6533.71       1.1633       0.5716
 6534.75       1.7644       0.5401
 6535.78       1.7621       0.4530
 6536.82       1.1786       0.3525
 6537.86       0.7965       0.2900
 6538.90       0.8571       0.2766
 6539.93       1.0754       0.2862
 6540.97       1.3977       0.3205
 6542.01       1.3147       0.3512
 6543.05       0.7951       0.3632
 6544.09       0.9372       0.3771
 6545.12       1.5183       0.3853
 6546.16       1.3679       0.3620
 6547.20       1.0283       0.3174
 6548.24       1.0374       0.2877
 6549.27       1.1718       0.2909
 6550.31       1.3146       0.3441
 6551.35       1.3054       0.4296
 6552.39       0.9876       0.5318
 6553.43       0.6392       0.5997
 6554.46       0.6033       0.5956
 6555.50       0.9931       0.5306
 6556.54       1.3484       0.4358
 6557.58       1.0581       0.3323
 6558.61       0.6566       0.2705
 6559.65       0.6559       0.2636
 6560.69       0.6047       0.2928
 6561.73       0.5541       0.3241
 6562.76       0.6646       0.3388
 6563.80       0.8277       0.3374
 6564.84       0.8705       0.3273
 6565.88       0.6789       0.3148
 6566.92       1.0437       0.3213
 6567.95       1.6684       0.3379
 6568.99       1.1198       0.3319
 6570.03       0.6120       0.3172
 6571.07       1.0423       0.3100
 6572.10       1.0626       0.2843
 6573.14       0.6984       0.2683
 6574.18       0.5974       0.2946
 6575.22       0.8518       0.3677
 6576.26       1.2848       0.4528
 6577.29       1.6727       0.5039
 6578.33       1.7039       0.4924
 6579.37       1.4796       0.4312
 6580.41       1.3703       0.3585
 6581.44       1.1925       0.2922
 6582.48       0.8501       0.2404
 6583.52       1.0364       0.2371
 6584.56       1.3969       0.2506
 6585.60       1.2563       0.2411
 6586.63       0.9220       0.2268
 6587.67       0.6648       0.2205
 6588.71       0.5927       0.2210
 6589.75       0.6799       0.2281
 6590.78       0.8217       0.2361
 6591.82       1.2037       0.2397
 6592.86       1.5129       0.2448
 6593.90       1.5273       0.2588
 6594.93       1.0099       0.2688
 6595.97       0.5476       0.2768
 6597.01       0.7295       0.2880
 6598.05       1.1755       0.2950
 6599.09       1.4678       0.2924
 6600.12       1.5123       0.2752
 6601.16       1.4615       0.2829
 6602.20       1.4324       0.3241
 6603.24       0.9300       0.3438
 6604.27       0.3961       0.3421
 6605.31       0.4839       0.3416
 6606.35       0.7152       0.3203
 6607.39       0.7850       0.2815
 6608.43       0.7114       0.2456
 6609.46       0.6459       0.2257
 6610.50       0.8361       0.2242
 6611.54       1.3504       0.2356
 6612.58       1.6538       0.2436
 6613.61       1.4545       0.2389
 6614.65       1.0819       0.2247
 6615.69       0.9322       0.2178
 6616.73       1.0972       0.2278
 6617.77       1.2319       0.2333
 6618.80       1.2285       0.2317
 6619.84       1.2174       0.2358
 6620.88       1.1358       0.2371
 6621.92       1.0055       0.2326
 6622.95       0.7955       0.2265
 6623.99       0.8638       0.2292
 6625.03       1.2388       0.2437
 6626.07       1.2625       0.2587
 6627.10       0.9693       0.2659
 6628.14       0.9084       0.2673
 6629.18       0.9523       0.2607
 6630.22       1.0029       0.2552
 6631.26       1.1042       0.2585
 6632.29       1.2224       0.2749
 6633.33       1.3187       0.2943
 6634.37       1.3830       0.3012
 6635.41       1.0889       0.2891
 6636.44       0.5968       0.2694
 6637.48       0.6337       0.2486
 6638.52       1.1667       0.2410
 6639.56       1.4647       0.2490
 6640.60       1.4680       0.2510
 6641.63       1.2990       0.2387
 6642.67       1.1170       0.2297
 6643.71       1.1588       0.2278
 6644.75       1.3088       0.2294
 6645.78       1.2904       0.2298
 6646.82       1.2122       0.2299
 6647.86       1.3158       0.2335
 6648.90       1.4049       0.2410
 6649.94       1.1661       0.2431
 6650.97       0.8658       0.2378
 6652.01       0.8889       0.2344
 6653.05       1.2320       0.2383
 6654.09       1.3084       0.2417
 6655.12       1.1402       0.2386
 6656.16       1.0169       0.2312
 6657.20       1.1455       0.2338
 6658.24       1.2526       0.2403
 6659.27       0.9760       0.2372
 6660.31       0.9385       0.2370
 6661.35       1.1542       0.2408
 6662.39       1.1338       0.2399
 6663.43       1.0093       0.2388
 6664.46       0.9214       0.2405
 6665.50       0.7717       0.2408
 6666.54       0.8888       0.2452
 6667.58       1.3053       0.2545
 6668.61       1.5448       0.2610
 6669.65       1.4582       0.2581
 6670.69       1.2322       0.2469
 6671.73       1.0056       0.2338
 6672.77       1.0347       0.2273
 6673.80       1.5601       0.2328
 6674.84       1.6000       0.2351
 6675.88       0.9962       0.2277
 6676.92       1.1505       0.2304
 6677.95       1.2943       0.2293
 6678.99       0.9024       0.2178
 6680.03       0.9209       0.2145
 6681.07       1.1648       0.2183
 6682.10       0.8388       0.2147
 6683.14       0.6683       0.2171
 6684.18       0.8829       0.2257
 6685.22       1.0094       0.2278
 6686.26       0.9041       0.2220
 6687.29       0.7423       0.2158
 6688.33       0.8853       0.2203
 6689.37       1.1522       0.2268
 6690.41       1.2456       0.2246
 6691.44       1.2107       0.2243
 6692.48       1.1849       0.2261
 6693.52       1.2270       0.2238
 6694.56       1.0968       0.2180
 6695.60       0.9468       0.2177
 6696.63       1.2638       0.2322
 6697.67       1.5407       0.2472
 6698.71       1.3514       0.2487
 6699.75       1.1557       0.2428
 6700.78       1.0908       0.2373
 6701.82       1.0272       0.2362
 6702.86       1.1916       0.2409
 6703.90       1.4121       0.2442
 6704.94       1.2489       0.2372
 6705.97       0.9853       0.2317
 6707.01       0.9512       0.2322
 6708.05       1.0156       0.2247
 6709.09       1.1620       0.2178
 6710.12       1.3055       0.2205
 6711.16       1.2802       0.2247
 6712.20       1.1420       0.2264
 6713.24       1.0296       0.2258
 6714.27       1.0192       0.2244
 6715.31       1.1341       0.2266
 6716.35       1.2497       0.2337
 6717.39       1.2941       0.2327
 6718.43       1.2371       0.2214
 6719.46       0.9856       0.2151
 6720.50       0.8247       0.2160
 6721.54       0.8647       0.2168
 6722.58       0.8738       0.2151
 6723.61       0.8852       0.2114
 6724.65       1.1516       0.2109
 6725.69       1.4157       0.2130
 6726.73       1.4016       0.2142
 6727.77       0.8359       0.2086
 6728.80       0.5137       0.2051
 6729.84       0.8388       0.2089
 6730.88       1.1293       0.2118
 6731.92       1.1166       0.2129
 6732.95       0.9962       0.2154
 6733.99       0.9870       0.2205
 6735.03       1.1119       0.2232
 6736.07       1.0911       0.2172
 6737.10       1.2270       0.2163
 6738.14       1.3741       0.2215
 6739.18       1.0238       0.2212
 6740.22       0.5901       0.2160
 6741.26       0.5365       0.2124
 6742.29       0.7416       0.2141
 6743.33       1.0192       0.2225
 6744.37       1.2048       0.2322
 6745.41       1.1095       0.2294
 6746.44       0.9371       0.2193
 6747.48       1.0490       0.2200
 6748.52       1.3007       0.2263
 6749.56       1.2706       0.2247
 6750.60       0.8482       0.2102
 6751.63       0.5152       0.2003
 6752.67       0.7670       0.2090
 6753.71       1.0478       0.2119
 6754.75       1.1559       0.2092
 6755.78       1.0779       0.2111
 6756.82       0.8512       0.2092
 6757.86       0.7311       0.2042
 6758.90       1.0389       0.2062
 6759.94       1.2588       0.2104
 6760.97       1.0271       0.2105
 6762.01       0.7733       0.2083
 6763.05       0.6913       0.2051
 6764.09       0.7758       0.2036
 6765.12       1.0130       0.2067
 6766.16       1.1400       0.2102
 6767.20       1.2359       0.2119
 6768.24       1.0407       0.2069
 6769.27       0.7932       0.1999
 6770.31       0.7028       0.1967
 6771.35       0.7860       0.1987
 6772.39       0.8013       0.2020
 6773.43       0.8419       0.2063
 6774.46       0.9829       0.2086
 6775.50       1.0172       0.2057
 6776.54       0.8522       0.2009
 6777.58       0.6890       0.1999
 6778.61       0.9664       0.2071
 6779.65       1.1150       0.2091
 6780.69       1.0001       0.2054
 6781.73       1.2492       0.2128
 6782.77       1.4232       0.2209
 6783.80       1.2019       0.2192
 6784.84       1.1234       0.2169
 6785.88       1.1926       0.2146
 6786.92       1.1371       0.2099
 6787.95       0.9686       0.2070
 6788.99       0.9759       0.2103
 6790.03       1.3593       0.2194
 6791.07       1.6293       0.2225
 6792.11       1.3798       0.2133
 6793.14       0.7249       0.1975
 6794.18       0.5143       0.1924
 6795.22       1.0598       0.2029
 6796.26       1.3365       0.2105
 6797.29       1.0895       0.2065
 6798.33       0.8143       0.1982
 6799.37       0.5997       0.1915
 6800.41       0.6527       0.1950
 6801.44       1.0552       0.2093
 6802.48       1.3980       0.2190
 6803.52       1.4397       0.2172
 6804.56       1.3975       0.2160
 6805.60       1.4182       0.2156
 6806.63       1.3888       0.2114
 6807.67       1.4691       0.2107
 6808.71       1.3532       0.2090
 6809.75       0.7388       0.1990
 6810.78       0.6616       0.2002
 6811.82       1.0878       0.2098
 6812.86       0.9571       0.2050
 6813.90       0.9196       0.2012
 6814.94       1.5158       0.2112
 6815.97       1.5646       0.2124
 6817.01       1.2310       0.2073
 6818.05       1.2120       0.2083
 6819.09       1.2338       0.2119
 6820.12       1.1316       0.2103
 6821.16       0.8802       0.2003
 6822.20       0.8099       0.1946
 6823.24       1.0127       0.2150
 6824.28       1.0369       0.2506
 6825.31       1.1246       0.3290
 6826.35       1.3910       0.4596
 6827.39       1.2002       0.6045
 6828.43       0.9621       0.7180
 6829.46       1.2420       0.7708
 6830.50       1.7676       0.7805
 6831.54       2.0215       0.7756
 6832.58       1.7144       0.7489
 6833.61       1.2770       0.7229
 6834.65       1.2287       0.6891
 6835.69       1.5908       0.6409
 6836.73       1.7927       0.5420
 6837.77       1.4710       0.4057
 6838.80       1.2566       0.3214
 6839.84       1.2324       0.3074
 6840.88       1.1108       0.3202
 6841.92       1.0843       0.3329
 6842.95       1.1440       0.3180
 6843.99       1.2815       0.2961
 6845.03       1.1639       0.2611
 6846.07       0.9353       0.2239
 6847.11       1.0736       0.2074
 6848.14       1.1616       0.2084
 6849.18       0.9302       0.2118
 6850.22       1.0723       0.2199
 6851.26       1.2942       0.2203
 6852.29       0.9990       0.2077
 6853.33       0.7328       0.1966
 6854.37       0.8568       0.1962
 6855.41       1.1457       0.2017
 6856.45       0.9514       0.1964
 6857.48       0.2727       0.1889
 6858.52       0.2698       0.1924
 6859.56       0.8508       0.2575
 6860.60       1.1298       0.4069
 6861.63       0.6744       0.6055
 6862.67      -0.1409       0.8341
 6863.71      -0.3359       1.0378
 6864.75       0.0708       1.1511
 6865.78       0.6596       1.1155
 6866.82       1.0863       0.9089
 6867.86       1.1158       0.6751
 6868.90       0.9662       0.5408
 6869.94       0.7365       0.5184
 6870.97       0.6395       0.5304
 6872.01       0.8941       0.5027
 6873.05       1.1795       0.4530
 6874.09       1.2382       0.3901
 6875.12       1.1186       0.3305
 6876.16       0.9381       0.2899
 6877.20       0.8520       0.2754
 6878.24       0.8542       0.2866
 6879.28       1.0572       0.3193
 6880.31       1.4607       0.3558
 6881.35       1.0212       0.3438
 6882.39       0.4223       0.3044
 6883.43       0.9919       0.3013
 6884.46       1.1453       0.2854
 6885.50       0.7006       0.2759
 6886.54       1.0194       0.3297
 6887.58       1.2905       0.4141
 6888.62       1.0107       0.4711
 6889.65       1.0586       0.4834
 6890.69       1.2588       0.4580
 6891.73       1.1666       0.4173
 6892.77       0.6993       0.3435
 6893.80       0.2010       0.2703
 6894.84       0.1708       0.2421
 6895.88       0.7026       0.2531
 6896.92       1.2949       0.2808
 6897.95       1.4843       0.3151
 6898.99       1.0616       0.3538
 6900.03       0.4971       0.3940
 6901.07       0.4699       0.4251
 6902.11       0.7806       0.4143
 6903.14       0.8625       0.3539
 6904.18       0.5986       0.2840
 6905.22       0.4336       0.2374
 6906.26       0.8066       0.2223
 6907.29       1.1829       0.2214
 6908.33       1.1960       0.2362
 6909.37       1.2146       0.2929
 6910.41       1.1317       0.3773
 6911.45       0.8963       0.4534
 6912.48       0.6144       0.4993
 6913.52       0.5530       0.4954
 6914.56       0.8519       0.4505
 6915.60       0.9020       0.3596
 6916.63       0.7429       0.2691
 6917.67       0.9208       0.2278
 6918.71       0.9895       0.2323
 6919.75       0.7005       0.2892
 6920.79       0.4856       0.4265
 6921.82       0.5830       0.5867
 6922.86       0.7245       0.6851
 6923.90       0.7676       0.7261
 6924.94       0.8908       0.6707
 6925.97       1.4040       0.5144
 6927.01       1.5035       0.3592
 6928.05       1.1122       0.2672
 6929.09       1.0085       0.2237
 6930.12       1.0943       0.2131
 6931.16       1.0714       0.2001
 6932.20       1.0127       0.1947
 6933.24       1.0249       0.1930
 6934.28       1.1149       0.2014
 6935.31       1.3738       0.2219
 6936.35       1.3519       0.2621
 6937.39       0.5885       0.3104
 6938.43       0.1325       0.3562
 6939.46       0.5643       0.3959
 6940.50       1.1256       0.4258
 6941.54       1.2208       0.3935
 6942.58       0.8635       0.3092
 6943.62       0.8168       0.2424
 6944.65       1.0022       0.2407
 6945.69       0.9907       0.3049
 6946.73       1.3769       0.4679
 6947.77       1.7434       0.6513
 6948.80       1.2851       0.7817
 6949.84       0.7765       0.7910
 6950.88       0.7031       0.7068
 6951.92       0.9145       0.5491
 6952.96       1.2131       0.3917
 6953.99       1.3316       0.2838
 6955.03       0.9731       0.2444
 6956.07       0.6032       0.2392
 6957.11       0.7966       0.2344
 6958.14       0.7085       0.2283
 6959.18       0.3992       0.2029
 6960.22       0.6593       0.2016
 6961.26       1.0829       0.2078
 6962.29       1.2366       0.2082
 6963.33       1.1772       0.2089
 6964.37       0.9582       0.2105
 6965.41       0.7496       0.2171
 6966.45       0.5604       0.2353
 6967.48       0.6126       0.2708
 6968.52       1.0158       0.3130
 6969.56       1.4232       0.3427
 6970.60       1.4865       0.3441
 6971.63       1.2033       0.3208
 6972.67       1.0744       0.2823
 6973.71       1.2634       0.2597
 6974.75       1.1385       0.2663
 6975.79       0.9003       0.3264
 6976.82       0.9848       0.4221
 6977.86       1.2357       0.5011
 6978.90       1.6727       0.5266
 6979.94       2.2505       0.5057
 6980.97       2.1219       0.4269
 6982.01       1.4110       0.3228
 6983.05       1.1815       0.2459
 6984.09       1.1283       0.2119
 6985.12       0.8230       0.1993
 6986.16       0.7823       0.2049
 6987.20       0.9854       0.2092
 6988.24       1.1742       0.2075
 6989.28       0.8302       0.1933
 6990.31       0.4415       0.1808
 6991.35       0.8947       0.1884
 6992.39       1.2657       0.1965
 6993.43       1.1641       0.1967
 6994.46       1.2975       0.2059
 6995.50       1.4847       0.2122
 6996.54       1.4743       0.2087
 6997.58       1.2703       0.2068
 6998.62       1.0720       0.2108
 6999.65       1.0784       0.2182
 7000.69       1.0568       0.2261
 7001.73       1.0295       0.2399
 7002.77       1.2494       0.2640
 7003.80       1.4225       0.2781
 7004.84       1.3091       0.2693
 7005.88       0.9681       0.2446
 7006.92       0.8576       0.2255
 7007.96       1.0862       0.2297
 7008.99       0.9637       0.2556
 7010.03       0.5319       0.2881
 7011.07       0.3629       0.3087
 7012.11       0.5538       0.3155
 7013.14       0.9262       0.3043
 7014.18       1.1439       0.2729
 7015.22       1.2825       0.2342
 7016.26       1.3961       0.2029
 7017.29       1.2522       0.1840
 7018.33       1.0536       0.1779
 7019.37       1.0345       0.1787
 7020.41       1.5033       0.1905
 7021.45       1.6157       0.1925
 7022.48       0.6819       0.1728
 7023.52       0.1840       0.1618
 7024.56       0.8201       0.1745
 7025.60       0.9214       0.1803
 7026.63       0.7793       0.1815
 7027.67       0.8600       0.1846
 7028.71       1.1340       0.1917
 7029.75       1.3945       0.1962
 7030.79       1.3149       0.1905
 7031.82       1.0749       0.1821
 7032.86       0.8353       0.1759
 7033.90       0.6414       0.1721
 7034.94       0.5726       0.1697
 7035.97       0.6428       0.1693
 7037.01       0.8305       0.1729
 7038.05       1.1012       0.1825
 7039.09       1.3225       0.1972
 7040.12       1.2649       0.2142
 7041.16       1.0932       0.2262
 7042.20       1.0386       0.2291
 7043.24       1.1858       0.2303
 7044.28       1.2180       0.2365
 7045.31       0.7922       0.2410
 7046.35       0.6460       0.2684
 7047.39       1.0048       0.3125
 7048.43       1.0742       0.3294
 7049.46       0.8842       0.3164
 7050.50       0.7786       0.2944
 7051.54       0.9479       0.2737
 7052.58       1.1557       0.2561
 7053.62       1.0332       0.2345
 7054.65       0.8734       0.2197
 7055.69       0.8403       0.2093
 7056.73       0.7480       0.1982
 7057.77       0.6766       0.1890
 7058.80       0.7723       0.1885
 7059.84       1.1334       0.2023
 7060.88       1.4275       0.2171
 7061.92       1.4079       0.2215
 7062.96       1.2747       0.2275
 7063.99       1.0888       0.2331
 7065.03       0.8455       0.2286
 7066.07       1.0210       0.2314
 7067.11       1.4929       0.2432
 7068.14       1.5682       0.2459
 7069.18       1.3750       0.2403
 7070.22       1.2926       0.2341
 7071.26       1.3553       0.2321
 7072.29       1.4085       0.2302
 7073.33       1.2846       0.2237
 7074.37       1.1069       0.2206
 7075.41       0.9371       0.2198
 7076.45       0.7436       0.2150
 7077.48       0.8005       0.2153
 7078.52       1.0303       0.2206
 7079.56       1.0620       0.2187
 7080.60       0.9780       0.2200
 7081.63       1.0499       0.2321
 7082.67       1.3205       0.2409
 7083.71       1.5505       0.2421
 7084.75       1.4456       0.2397
 7085.79       1.1893       0.2330
 7086.82       0.9402       0.2281
 7087.86       0.7029       0.2295
 7088.90       0.7896       0.2366
 7089.94       1.1595       0.2423
 7090.97       1.3690       0.2429
 7092.01       1.2975       0.2287
 7093.05       1.0831       0.2040
 7094.09       0.9097       0.1904
 7095.13       0.8593       0.1898
 7096.16       0.8860       0.1895
 7097.20       0.9815       0.1877
 7098.24       1.1301       0.1855
 7099.28       1.3467       0.1891
 7100.31       1.2856       0.1885
 7101.35       1.0252       0.1821
 7102.39       0.9093       0.1783
 7103.43       1.0578       0.1826
 7104.46       1.2761       0.1915
 7105.50       1.2611       0.1929
 7106.54       1.0202       0.1861
 7107.58       0.8518       0.1811
 7108.62       0.9452       0.1840
 7109.65       1.1207       0.1905
 7110.69       1.0755       0.1909
 7111.73       0.9933       0.1863
 7112.77       1.0296       0.1825
 7113.80       0.8566       0.1793
 7114.84       0.6822       0.1798
 7115.88       0.8368       0.1843
 7116.92       0.7566       0.1824
 7117.96       0.6025       0.1765
 7118.99       0.9443       0.1775
 7120.03       1.1304       0.1796
 7121.07       0.9580       0.1787
 7122.11       1.0167       0.1786
 7123.14       0.9474       0.1779
 7124.18       0.5667       0.1784
 7125.22       0.7871       0.1918
 7126.26       1.2058       0.2086
 7127.30       1.0656       0.2128
 7128.33       0.9072       0.2129
 7129.37       0.9548       0.2122
 7130.41       0.8930       0.2046
 7131.45       0.8620       0.2037
 7132.48       0.8783       0.2108
 7133.52       0.8695       0.2130
 7134.56       0.8507       0.2058
 7135.60       0.8544       0.1942
 7136.63       0.9122       0.1847
 7137.67       1.0484       0.1844
 7138.71       1.2373       0.1928
 7139.75       1.1572       0.2021
 7140.79       0.9211       0.2112
 7141.82       0.9709       0.2256
 7142.86       0.9797       0.2383
 7143.90       0.7595       0.2450
 7144.94       0.6591       0.2485
 7145.97       0.6675       0.2496
 7147.01       0.6541       0.2464
 7148.05       0.7099       0.2361
 7149.09       0.7343       0.2231
 7150.13       0.5741       0.2148
 7151.16       0.7866       0.2076
 7152.20       1.3478       0.1992
 7153.24       1.5604       0.1943
 7154.28       1.4205       0.1927
 7155.31       1.2796       0.1939
 7156.35       0.8905       0.1922
 7157.39       0.6472       0.1912
 7158.43       0.8421       0.1962
 7159.47       0.9949       0.2036
 7160.50       0.8899       0.2068
 7161.54       0.6822       0.2004
 7162.58       0.6828       0.1998
 7163.62       0.9025       0.2083
 7164.65       1.0065       0.2114
 7165.69       1.1934       0.2164
 7166.73       1.5793       0.2297
 7167.77       1.5738       0.2358
 7168.80       1.1896       0.2272
 7169.84       0.8533       0.2108
 7170.88       0.6239       0.2070
 7171.92       0.6468       0.2179
 7172.96       1.0266       0.2271
 7173.99       1.0711       0.2259
 7175.03       0.6264       0.2194
 7176.07       0.7681       0.2317
 7177.11       1.0219       0.2414
 7178.14       0.8139       0.2282
 7179.18       0.6957       0.2146
 7180.22       0.8703       0.2116
 7181.26       1.0942       0.2136
 7182.30       1.0201       0.2170
 7183.33       0.7694       0.2171
 7184.37       0.8239       0.2139
 7185.41       0.9497       0.2128
 7186.45       1.0006       0.2140
 7187.48       1.2355       0.2062
 7188.52       1.4240       0.1965
 7189.56       1.2816       0.1939
 7190.60       0.9252       0.1868
 7191.64       0.7115       0.1781
 7192.67       0.8622       0.1784
 7193.71       1.1991       0.1838
 7194.75       1.2799       0.1859
 7195.79       0.8555       0.1838
 7196.82       0.6147       0.1811
 7197.86       1.0291       0.1848
 7198.90       1.1175       0.1912
 7199.94       0.9858       0.1977
 7200.97       1.0606       0.2006
 7202.01       0.8121       0.1953
 7203.05       0.5023       0.1868
 7204.09       0.6814       0.1827
 7205.13       0.9627       0.1845
 7206.16       0.9805       0.1851
 7207.20       0.8018       0.1758
 7208.24       0.6712       0.1642
 7209.28       0.8399       0.1620
 7210.31       1.0657       0.1669
 7211.35       1.1779       0.1719
 7212.39       1.1566       0.1708
 7213.43       1.0740       0.1661
 7214.47       0.9637       0.1608
 7215.50       0.8305       0.1576
 7216.54       0.8217       0.1570
 7217.58       0.9487       0.1592
 7218.62       0.9794       0.1629
 7219.65       1.0338       0.1702
 7220.69       1.1643       0.1805
 7221.73       0.8856       0.1835
 7222.77       0.6243       0.1867
 7223.81       0.9678       0.2003
 7224.84       1.2494       0.2026
 7225.88       1.1479       0.1923
 7226.92       1.1242       0.1904
 7227.96       0.9017       0.1884
 7228.99       0.5497       0.1842
 7230.03       0.6123       0.1906
 7231.07       1.0641       0.2099
 7232.11       1.4949       0.2354
 7233.14       1.4829       0.2388
 7234.18       1.0364       0.2433
 7235.22       0.4858       0.2898
 7236.26       0.3178       0.4341
 7237.30       0.6319       0.7087
 7238.33       0.6687       1.0110
 7239.37       0.5234       1.3073
 7240.41       0.6229       1.5410
 7241.45       1.5078       1.5617
 7242.48       1.9129       1.4840
 7243.52       0.8538       1.4592
 7244.56       0.1272       1.4566
 7245.60       0.2197       1.3757
 7246.64       0.1565       1.1742
 7247.67       0.6331       0.8836
 7248.71       1.4062       0.5939
 7249.75       1.2650       0.3927
 7250.79       0.8612       0.3454
 7251.82       0.9513       0.4009
 7252.86       0.6893       0.4774
 7253.90       0.6887       0.4946
 7254.94       1.5265       0.4640
 7255.98       1.8648       0.3926
 7257.01       1.3429       0.3127
 7258.05       0.8740       0.2501
 7259.09       0.6041       0.2146
 7260.13       0.5239       0.1973
 7261.16       0.6918       0.2049
 7262.20       0.9591       0.2150
 7263.24       1.0265       0.2135
 7264.28       0.9218       0.2124
 7265.31       0.7942       0.2229
 7266.35       0.6222       0.2416
 7267.39       0.7773       0.2553
 7268.43       1.0581       0.2557
 7269.47       0.6956       0.2507
 7270.50       0.5159       0.2400
 7271.54       0.9732       0.2975
 7272.58       1.3938       0.4282
 7273.62       0.9983       0.7802
 7274.65       0.0374       1.3265
 7275.69       0.0986       1.8284
 7276.73       1.3870       2.0145
 7277.77       2.3315       1.8271
 7278.81       2.4791       1.3283
 7279.84       2.1052       0.8275
 7280.88       1.0589       0.5180
 7281.92       0.0447       0.4842
 7282.96      -0.2536       0.5873
 7283.99       0.0315       0.7540
 7285.03       0.6107       0.8106
 7286.07       1.2093       0.7243
 7287.11       1.3938       0.5633
 7288.15       1.1978       0.4106
 7289.18       1.0899       0.2854
 7290.22       0.8263       0.2279
 7291.26       0.5024       0.2233
 7292.30       0.6152       0.2492
 7293.33       0.9557       0.3005
 7294.37       1.1691       0.3628
 7295.41       0.8102       0.3817
 7296.45       0.5189       0.3592
 7297.48       0.7970       0.3353
 7298.52       1.0948       0.2886
 7299.56       0.9662       0.2581
 7300.60       0.5079       0.2884
 7301.64       0.3660       0.3920
 7302.67       0.6996       0.5094
 7303.71       0.7556       0.5565
 7304.75       0.8146       0.5379
 7305.79       1.1411       0.5012
 7306.82       1.0855       0.3935
 7307.86       0.9270       0.2809
 7308.90       0.8859       0.2358
 7309.94       0.6972       0.2250
 7310.98       0.5437       0.2412
 7312.01       0.9611       0.2984
 7313.05       1.3249       0.4846
 7314.09       1.2379       0.8373
 7315.13       0.9530       1.2732
 7316.16       1.0883       1.5698
 7317.20       1.7700       1.5566
 7318.24       1.8461       1.2974
 7319.28       1.5618       0.9012
 7320.31       1.4672       0.4869
 7321.35       1.1472       0.2499
 7322.39       0.8445       0.1809
 7323.43       1.0181       0.1822
 7324.47       1.3255       0.1964
 7325.50       1.3862       0.2414
 7326.54       0.9866       0.3716
 7327.58       0.6978       0.5504
 7328.62       1.1729       0.6815
 7329.65       1.8549       0.7444
 7330.69       1.9820       0.7054
 7331.73       1.6899       0.5664
 7332.77       1.0632       0.3831
 7333.81       0.8652       0.2505
 7334.84       1.0642       0.1945
 7335.88       1.6922       0.2141
 7336.92       2.2236       0.3330
 7337.96       1.7525       0.6263
 7338.99       1.0483       1.0452
 7340.03       1.3032       1.4070
 7341.07       0.5704       1.5795
 7342.11      -0.7243       1.4893
 7343.15      -0.3667       1.1904
 7344.18       1.0085       0.8034
 7345.22       1.9264       0.4681
 7346.26       1.7648       0.2052
 7347.30       1.1626       0.2224
 7348.33       0.9746       0.3133
 7349.37       1.4562       0.3606
 7350.41       1.9849       0.3700
 7351.45       1.7484       0.3578
 7352.48       1.0393       0.3030
 7353.52       0.8980       0.2691
 7354.56       1.2055       0.2190
 7355.60       1.8101       0.3842
 7356.64       2.2029       0.7062
 7357.67       3.4446       0.8562
 7358.71       5.0197       1.0706
 7359.75       5.6357       1.1969
 7360.79       5.9625       1.0345
 7361.82       6.3770       0.7114
 7362.86       6.1072       0.5692
 7363.90       4.8767       0.4488
 7364.94       4.0142       0.4172
 7365.98       2.7287       0.4735
 7367.01       1.6039       0.7322
 7368.05       2.5636       1.0017
 7369.09       3.6098       1.2053
 7370.13       3.6369       1.2226
 7371.16       3.7315       1.0748
 7372.20       3.0199       0.7859
 7373.24       1.6353       0.4806
 7374.28       0.9721       0.2829
 7375.32       1.1843       0.2165
 7376.35       1.1044       0.1929
 7377.39       1.0199       0.1911
 7378.43       1.0244       0.1845
 7379.47       1.2766       0.1825
 7380.50       1.2963       0.1809
 7381.54       1.2859       0.1819
 7382.58       1.5887       0.1882
 7383.62       2.1541       0.1961
 7384.65       2.4605       0.1981
 7385.69       2.1576       0.1933
 7386.73       1.6866       0.1851
 7387.77       1.4862       0.1998
 7388.81       1.4975       0.2531
 7389.84       1.4796       0.3438
 7390.88       1.2336       0.4337
 7391.92       0.9254       0.4796
 7392.96       0.7146       0.4677
 7393.99       0.7435       0.4242
 7395.03       0.8312       0.3398
 7396.07       0.8971       0.2531
 7397.11       1.0017       0.2081
 7398.15       1.2645       0.2634
 7399.18       1.5133       0.4188
 7400.22       1.2727       0.6166
 7401.26       0.8305       0.7738
 7402.30       0.7058       0.8277
 7403.33       0.4782       0.7497
 7404.37       0.3157       0.5759
 7405.41       0.6160       0.3823
 7406.45       1.0152       0.2479
 7407.49       1.1882       0.1855
 7408.52       1.1095       0.1683
 7409.56       0.8737       0.1685
 7410.60       0.7652       0.1678
 7411.64       0.9170       0.1765
 7412.67       1.1760       0.1879
 7413.71       1.2465       0.1951
 7414.75       1.3007       0.1934
 7415.79       1.2137       0.1843
 7416.82       0.7594       0.1730
 7417.86       0.5092       0.1679
 7418.90       0.7017       0.1690
 7419.94       0.9630       0.1691
 7420.98       1.0121       0.1651
 7422.01       0.8352       0.1602
 7423.05       0.7892       0.1630
 7424.09       0.8214       0.1669
 7425.13       0.6586       0.1655
 7426.16       0.8973       0.1884
 7427.20       1.3227       0.2405
 7428.24       0.9321       0.2846
 7429.28       0.7539       0.3209
 7430.32       1.2974       0.3435
 7431.35       1.4115       0.3330
 7432.39       1.1150       0.2819
 7433.43       0.8722       0.2232
 7434.47       1.1251       0.2122
 7435.50       1.4486       0.2765
 7436.54       1.1094       0.3750
 7437.58       0.9313       0.4647
 7438.62       1.1144       0.5038
 7439.66       0.9073       0.4942
 7440.69       0.7717       0.4222
 7441.73       0.9651       0.3149
 7442.77       0.9986       0.2250
 7443.81       1.0341       0.1804
 7444.84       1.2197       0.1666
 7445.88       1.0023       0.1634
 7446.92       0.6679       0.1544
 7447.96       0.7798       0.1542
 7448.99       1.1116       0.1615
 7450.03       1.3756       0.1699
 7451.07       1.5324       0.1724
 7452.11       1.3629       0.1676
 7453.15       0.9530       0.1615
 7454.18       0.7548       0.1610
 7455.22       0.9215       0.1655
 7456.26       1.1741       0.1688
 7457.30       1.1449       0.1698
 7458.33       0.8679       0.1743
 7459.37       0.7955       0.1865
 7460.41       0.9996       0.2072
 7461.45       1.2677       0.2325
 7462.49       1.2164       0.2493
 7463.52       0.8633       0.2618
 7464.56       0.7040       0.2801
 7465.60       1.0430       0.2972
 7466.64       1.3741       0.3071
 7467.67       1.1906       0.3103
 7468.71       1.0298       0.3217
 7469.75       1.0936       0.3555
 7470.79       1.1372       0.3992
 7471.83       1.0102       0.4427
 7472.86       0.7935       0.4647
 7473.90       0.9660       0.4447
 7474.94       1.1257       0.4034
 7475.98       0.9042       0.3784
 7477.01       0.9961       0.3883
 7478.05       1.1545       0.4241
 7479.09       1.0365       0.4566
 7480.13       0.8588       0.4829
 7481.16       0.7574       0.4987
 7482.20       1.0877       0.5223
 7483.24       1.3038       0.5190
 7484.28       1.1185       0.4610
 7485.32       0.7119       0.3918
 7486.35       0.5694       0.3206
 7487.39       0.8708       0.2501
 7488.43       1.2747       0.2059
 7489.47       1.3996       0.1911
 7490.50       1.1052       0.1962
 7491.54       0.8915       0.2156
 7492.58       0.8914       0.2329
 7493.62       0.6256       0.2410
 7494.66       0.3741       0.2355
 7495.69       0.4583       0.2213
 7496.73       0.9381       0.2021
 7497.77       1.1370       0.1820
 7498.81       0.6856       0.1660
 7499.84       0.4898       0.1607
 7500.88       0.7467       0.1629
 7501.92       0.7342       0.1641
 7502.96       0.7556       0.1654
 7504.00       0.9459       0.1674
 7505.03       1.1339       0.1685
 7506.07       1.1267       0.1658
 7507.11       0.9377       0.1598
 7508.15       0.7331       0.1532
 7509.18       0.7233       0.1498
 7510.22       0.8582       0.1508
 7511.26       0.9562       0.1514
 7512.30       0.9494       0.1533
 7513.33       0.9713       0.1620
 7514.37       1.1049       0.1791
 7515.41       1.2669       0.2001
 7516.45       1.2846       0.2164
 7517.49       1.1775       0.2207
 7518.52       1.0362       0.2334
 7519.56       0.8078       0.2527
 7520.60       0.7933       0.3629
 7521.64       1.1824       0.5846
 7522.67       0.6548       0.7935
 7523.71      -0.4230       0.9005
 7524.75      -0.0491       0.9308
 7525.79       0.9862       0.8337
 7526.83       1.4704       0.6448
 7527.86       1.0534       0.4643
 7528.90       0.6160       0.3794
 7529.94       1.1872       0.3802
 7530.98       1.4809       0.3944
 7532.01       1.3867       0.3637
 7533.05       1.9361       0.3296
 7534.09       2.1165       0.2716
 7535.13       1.7511       0.2086
 7536.17       1.5132       0.1827
 7537.20       1.4870       0.1922
 7538.24       1.4583       0.2088
 7539.28       1.2728       0.2221
 7540.32       0.8995       0.2215
 7541.35       0.5760       0.2136
 7542.39       0.5452       0.2018
 7543.43       0.7616       0.1882
 7544.47       0.9598       0.1732
 7545.50       1.1676       0.1671
 7546.54       1.3970       0.1697
 7547.58       1.5638       0.1729
 7548.62       1.5830       0.1717
 7549.66       1.5072       0.1694
 7550.69       1.7853       0.1779
 7551.73       1.8755       0.1864
 7552.77       1.3128       0.1844
 7553.81       0.7072       0.1902
 7554.84       0.6042       0.2230
 7555.88       1.0406       0.2761
 7556.92       1.1490       0.3139
 7557.96       0.6730       0.3135
 7559.00       0.5947       0.2934
 7560.03       0.9939       0.2621
 7561.07       1.3226       0.2261
 7562.11       1.0797       0.1878
 7563.15       0.5971       0.1632
 7564.18       0.4832       0.1660
 7565.22       0.7408       0.1807
 7566.26       1.1046       0.2027
 7567.30       1.3507       0.2310
 7568.33       1.3052       0.3136
 7569.37       1.0212       0.4635
 7570.41       0.4031       0.5979
 7571.45       0.1380       0.7080
 7572.49       0.5751       0.7824
 7573.52       1.0297       0.7344
 7574.56       1.2117       0.5726
 7575.60       1.3164       0.3791
 7576.64       1.0568       0.2395
 7577.67       0.6567       0.1757
 7578.71       0.7331       0.1602
 7579.75       0.9596       0.1614
 7580.79       0.9096       0.1627
 7581.83       0.9345       0.1728
 7582.86       0.9822       0.2047
 7583.90       1.0400       0.2610
 7584.94       1.3394       0.3297
 7585.98       1.5474       0.3765
 7587.01       1.1835       0.3755
 7588.05       0.6805       0.3291
 7589.09       0.5281       0.2673
 7590.13       0.6153       0.2146
 7591.17       0.9027       0.1902
 7592.20       1.1273       0.2005
 7593.24       0.8756       0.2131
 7594.28       0.5509       0.2634
 7595.32       0.7850       0.4201
 7596.35       1.0327       0.8773
 7597.39       1.0245       1.5997
 7598.43       1.2644       2.2584
 7599.47       0.9455       2.4839
 7600.50       0.3535       2.3354
 7601.54       1.5505       2.2771
 7602.58       2.3181       2.1561
 7603.62       1.1452       1.8579
 7604.66       0.4532       1.7404
 7605.69       1.0092       1.8120
 7606.73       1.8669       1.8101
 7607.77       1.2676       1.6570
 7608.81      -0.3034       1.3922
 7609.84      -0.4310       1.2003
 7610.88       0.3599       1.0749
 7611.92       0.7719       0.9152
 7612.96       0.9437       0.7316
 7614.00       0.8336       0.5887
 7615.03       0.6055       0.5521
 7616.07       0.7549       0.5703
 7617.11       1.0623       0.5669
 7618.15       1.1248       0.5423
 7619.18       1.2293       0.5211
 7620.22       1.2364       0.5127
 7621.26       0.7091       0.4881
 7622.30       0.3946       0.4724
 7623.33       0.6910       0.5069
 7624.37       0.6958       0.5665
 7625.41       0.6921       0.7077
 7626.45       1.1154       0.9382
 7627.49       1.2238       1.1230
 7628.52       0.9667       1.2413
 7629.56       0.6744       1.3655
 7630.60       0.6309       1.2607
 7631.64       0.6009       0.9297
 7632.67       0.6687       0.6785
 7633.71       0.6316       0.5429
 7634.75       0.3665       0.4436
 7635.79       0.5786       0.4270
 7636.83       1.0493       0.4315
 7637.86       1.0753       0.4178
 7638.90       1.3074       0.4157
 7639.94       1.7023       0.4233
 7640.98       1.5617       0.4181
 7642.01       1.1410       0.3947
 7643.05       0.7289       0.3567
 7644.09       0.5112       0.3339
 7645.13       0.6135       0.3226
 7646.17       0.8527       0.3084
 7647.20       0.8873       0.2949
 7648.24       0.6774       0.2830
 7649.28       0.5760       0.2784
 7650.32       1.0183       0.3082
 7651.35       1.5019       0.3539
 7652.39       1.4007       0.3662
 7653.43       1.0428       0.3778
 7654.47       0.9149       0.3934
 7655.50       0.8272       0.3442
 7656.54       0.7092       0.2625
 7657.58       0.5730       0.2233
 7658.62       0.8850       0.2526
 7659.66       1.3267       0.3279
 7660.69       1.4610       0.3882
 7661.73       1.0375       0.4455
 7662.77       0.5580       0.4808
 7663.81       0.3826       0.4373
 7664.84       0.6386       0.3473
 7665.88       0.9894       0.2685
 7666.92       1.2641       0.2203
 7667.96       1.2049       0.1972
 7669.00       0.9667       0.1797
 7670.03       0.6175       0.1732
 7671.07       0.5080       0.1716
 7672.11       0.7511       0.1710
 7673.15       1.0070       0.1761
 7674.18       1.0026       0.1823
 7675.22       0.9857       0.1760
 7676.26       0.8707       0.1639
 7677.30       0.6413       0.1594
 7678.33       0.3594       0.1620
 7679.37       0.4490       0.1716
 7680.41       1.0576       0.1841
 7681.45       1.4086       0.1989
 7682.49       1.1021       0.2101
 7683.52       0.6652       0.2100
 7684.56       0.3471       0.2095
 7685.60       0.3855       0.2167
 7686.64       0.7700       0.2160
 7687.67       0.7683       0.2174
 7688.71       0.1145       0.2293
 7689.75       0.3621       0.2409
 7690.79       1.1308       0.2434
 7691.83       1.2335       0.2417
 7692.86       1.0919       0.2366
 7693.90       1.1534       0.2313
 7694.94       1.1820       0.2246
 7695.98       1.1278       0.2223
 7697.01       1.0219       0.2307
 7698.05       0.9555       0.2523
 7699.09       1.0463       0.2719
 7700.13       1.2522       0.2740
 7701.17       1.1542       0.2589
 7702.20       0.9157       0.2318
 7703.24       1.0265       0.2036
 7704.28       0.9079       0.1769
 7705.32       0.4194       0.1559
 7706.35       0.3421       0.1521
 7707.39       0.6790       0.1652
 7708.43       1.1498       0.2557
 7709.47       2.1239       0.4826
 7710.50       2.7280       0.8600
 7711.54       2.1635       1.2751
 7712.58       0.4598       1.5173
 7713.62      -0.8618       1.6353
 7714.66      -0.2281       1.7924
 7715.69       0.4166       1.8404
 7716.73       0.1959       1.7059
 7717.77       1.3344       1.5572
 7718.81       2.0052       1.3017
 7719.84       0.8570       0.8984
 7720.88      -0.0759       0.5589
 7721.92       0.2258       0.3997
 7722.96       1.4497       0.4060
 7724.00       1.7721       0.4920
 7725.03       0.9502       0.5331
 7726.07       1.0442       0.5527
 7727.11       1.0223       0.5020
 7728.15       0.3458       0.3960
 7729.18       0.1951       0.2941
 7730.22       0.4681       0.2310
 7731.26       0.6374       0.2043
 7732.30       0.9808       0.2188
 7733.34       1.2198       0.2409
 7734.37       1.0818       0.2471
 7735.41       0.7940       0.2444
 7736.45       0.6820       0.2422
 7737.49       0.6189       0.2309
 7738.52       0.6706       0.2157
 7739.56       0.8359       0.2025
 7740.60       1.2320       0.1980
 7741.64       1.3592       0.1953
 7742.68       0.9177       0.1903
 7743.71       1.0218       0.1935
 7744.75       1.3143       0.2058
 7745.79       0.7068       0.2310
 7746.83       0.5347       0.4103
 7747.86       1.2620       0.8928
 7748.90       1.7981       1.6188
 7749.94       1.9682       2.1500
 7750.98       1.8002       2.1693
 7752.01       1.1166       1.9332
 7753.05       0.2784       1.4797
 7754.09      -0.2227       0.8443
 7755.13      -0.0131       0.4071
 7756.17       0.4096       0.3224
 7757.20       0.1493       0.4244
 7758.24      -0.1529       0.6259
 7759.28      -0.0644       0.7682
 7760.32       0.2276       0.8093
 7761.35       0.6042       0.7230
 7762.39       0.8148       0.5684
 7763.43       1.0257       0.3866
 7764.47       0.9636       0.2428
 7765.51       0.5400       0.1707
 7766.54       0.3760       0.1590
 7767.58       0.6053       0.1656
 7768.62       0.7298       0.1852
 7769.66       0.8937       0.2373
 7770.69       1.1328       0.3320
 7771.73       1.2669       0.4317
 7772.77       0.9214       0.4987
 7773.81       0.2200       0.5142
 7774.85      -0.0055       0.4720
 7775.88       0.5147       0.4109
 7776.92       1.1700       0.3694
 7777.96       0.9807       0.3894
 7779.00       0.4162       0.4629
 7780.03       1.2496       0.5445
 7781.07       1.7141       0.5705
 7782.11       0.8020       0.5149
 7783.15       0.6984       0.4085
 7784.18       1.2149       0.3023
 7785.22       1.1985       0.2341
 7786.26       0.8755       0.2073
 7787.30       0.5501       0.2035
 7788.34       0.5296       0.2251
 7789.37       0.8853       0.2716
 7790.41       1.0985       0.4312
 7791.45       0.4406       0.7392
 7792.49      -0.0490       1.1307
 7793.52       0.3988       1.4316
 7794.56       0.7449       1.5217
 7795.60       0.3948       1.3373
 7796.64      -0.3701       0.9732
 7797.68      -0.0982       0.5815
 7798.71       0.7939       0.3035
 7799.75       0.5841       0.1763
 7800.79       0.1625       0.1609
 7801.83       0.3880       0.1558
 7802.86       0.6048       0.1616
 7803.90       0.8316       0.1822
 7804.94       1.1695       0.2601
 7805.98       1.1015       0.4030
 7807.02       0.8447       0.5758
 7808.05       0.8600       0.7008
 7809.09       0.8552       0.7263
 7810.13       0.7786       0.6475
 7811.17       0.7512       0.5076
 7812.20       0.7878       0.3632
 7813.24       0.7827       0.2584
 7814.28       0.3605       0.2154
 7815.32       0.4266       0.2048
 7816.35       1.5062       0.2376
 7817.39       1.6658       0.3339
 7818.43       0.8012       0.6191
 7819.47       0.1654       1.0869
 7820.51       0.7034       1.5404
 7821.54       1.5170       1.7672
 7822.58       0.3056       1.7279
 7823.62      -0.4173       1.3839
 7824.66       0.8246       0.8868
 7825.69       1.2702       0.4699
 7826.73       0.7881       0.2581
 7827.77       0.5542       0.1890
 7828.81       0.6874       0.2028
 7829.85       1.0051       0.1968
 7830.88       1.1794       0.1966
 7831.92       1.0664       0.1904
 7832.96       0.8505       0.1836
 7834.00       0.8681       0.1818
 7835.03       0.9278       0.1759
 7836.07       0.7657       0.1774
 7837.11       0.3446       0.1907
 7838.15       0.3062       0.2779
 7839.19       0.9391       0.4452
 7840.22       1.3200       0.6006
 7841.26       1.1935       0.6745
 7842.30       1.0759       0.6729
 7843.34       0.9211       0.5627
 7844.37       0.7060       0.3945
 7845.41       0.2622       0.2587
 7846.45       0.1272       0.2077
 7847.49       0.8013       0.2568
 7848.52       1.6546       0.3492
 7849.56       2.0837       0.5747
 7850.60       1.8599       0.9756
 7851.64       1.0292       1.4481
 7852.68       0.1471       1.8155
 7853.71      -0.4765       1.9336
 7854.75       0.1825       1.7708
 7855.79       1.6221       1.4441
 7856.83       2.0083       1.0273
 7857.86       1.3746       0.7756
 7858.90       0.8686       0.7721
 7859.94       0.1686       0.8592
 7860.98      -0.1820       0.8535
 7862.02       0.2560       0.7639
 7863.05       0.7751       0.5938
 7864.09       0.9421       0.4301
 7865.13       1.1434       0.3511
 7866.17       1.1928       0.3918
 7867.20       1.0512       0.5292
 7868.24       1.2303       0.7554
 7869.28       1.0706       0.9538
 7870.32       0.1549       1.0191
 7871.35       0.1721       0.9732
 7872.39       0.9910       0.8281
 7873.43       1.2120       0.6055
 7874.47       0.6547       0.3976
 7875.51      -0.0053       0.3038
 7876.54       0.3631       0.3692
 7877.58       1.0636       0.5201
 7878.62       1.1944       0.6403
 7879.66       1.3010       0.7300
 7880.69       1.4071       0.7502
 7881.73       1.3700       0.6940
 7882.77       1.0864       0.5879
 7883.81       0.7924       0.4743
 7884.85       0.7910       0.3774
 7885.88       1.0458       0.3773
 7886.92       1.1768       0.5152
 7887.96       1.0463       0.7540
 7889.00       0.6110       0.9793
 7890.03       0.2044       1.0754
 7891.07       0.3358       1.0354
 7892.11       0.7901       0.8583
 7893.15       0.9942       0.5958
 7894.19       0.8413       0.3751
 7895.22       0.6470       0.2560
 7896.26       0.8174       0.2179
 7897.30       0.8634       0.2157
 7898.34       0.6226       0.1986
 7899.37       0.7035       0.1923
 7900.41       0.9028       0.1857
 7901.45       0.8771       0.1773
 7902.49       0.8748       0.1806
 7903.52       0.8972       0.1900
 7904.56       0.8220       0.1919
 7905.60       0.8245       0.1947
 7906.64       0.9308       0.2060
 7907.68       0.6311       0.2099
 7908.71       0.6073       0.2493
 7909.75       1.0319       0.4596
 7910.79       1.0340       0.9067
 7911.83       0.5945       1.5343
 7912.86       0.4523       2.0816
 7913.90       0.1420       2.3338
 7914.94       0.0296       2.1583
 7915.98       0.7258       1.6522
 7917.02       1.5349       1.1033
 7918.05       1.6781       0.8100
 7919.09       1.2168       0.8351
 7920.13       0.5972       1.0165
 7921.17       0.2392       1.0792
 7922.20      -0.1086       1.0271
 7923.24       0.1059       0.8313
 7924.28       1.1564       0.5766
 7925.32       1.5046       0.3534
 7926.35       1.1333       0.2456
 7927.39       1.1331       0.2633
 7928.43       1.6133       0.4056
 7929.47       1.9674       0.5917
 7930.51       1.7056       0.7529
 7931.54       1.1575       0.8162
 7932.58       0.8493       0.7672
 7933.62       1.2253       0.6198
 7934.66       1.3711       0.4317
 7935.69       0.3852       0.2643
 7936.73       0.0868       0.1849
 7937.77       0.7437       0.1697
 7938.81       0.8275       0.1696
 7939.85       0.6391       0.1702
 7940.88       0.5696       0.1729
 7941.92       0.5742       0.1850
 7942.96       0.5457       0.1951
 7944.00       0.4213       0.2067
 7945.03       0.4922       0.2387
 7946.07       0.5896       0.3248
 7947.11       0.4057       0.4505
 7948.15       0.3468       0.5582
 7949.19       0.4621       0.5996
 7950.22       0.2148       0.5792
 7951.26       0.2822       0.4947
 7952.30       0.8683       0.3738
 7953.34       0.8870       0.2560
 7954.37       0.5649       0.1802
 7955.41       0.5584       0.1502
 7956.45       0.5109       0.1479
 7957.49       0.4792       0.1431
 7958.52       0.8645       0.1557
 7959.56       0.8023       0.1563
 7960.60       0.2941       0.2609
 7961.64       0.9617       0.5656
 7962.68       1.2255       1.0317
 7963.71       0.2732       1.4673
 7964.75       1.5896       1.7423
 7965.79       3.3475       1.7129
 7966.83       2.3904       1.3994
 7967.86       0.6356       0.9213
 7968.90       0.0103       0.5071
 7969.94       0.6628       0.3067
 7970.98       1.2879       0.2540
 7972.02       0.9511       0.2023
 7973.05       0.6472       0.1942
 7974.09       0.6158       0.2177
 7975.13       0.7399       0.2952
 7976.17       1.0008       0.4233
 7977.20       0.7590       0.5939
 7978.24      -0.2547       0.7561
 7979.28      -0.6771       0.8403
 7980.32      -0.0710       0.8127
 7981.36       0.5554       0.7046
 7982.39       0.9122       0.5288
 7983.43       0.9529       0.3391
 7984.47       0.8286       0.2231
 7985.51       0.6997       0.1869
 7986.54       0.6217       0.1920
 7987.58       0.8242       0.1926
 7988.62       1.0311       0.2462
 7989.66       0.7615       0.4245
 7990.69       1.1308       0.8432
 7991.73       1.7739       1.4099
 7992.77       1.1200       1.8147
 7993.81       0.6925       1.9540
 7994.85       1.3245       1.8195
 7995.88       1.0273       1.3350
 7996.92       0.1642       0.7578
 7997.96       0.0004       0.3768
 7999.00       0.7321       0.2472
 8000.03       1.4978       0.2327
 8001.07       1.1339       0.2196
 8002.11       0.5748       0.2020
 8003.15       0.6422       0.1897
 8004.19       0.8968       0.1839
 8005.22       1.0361       0.1793
 8006.26       0.8577       0.1727
 8007.30       0.6503       0.1649
 8008.34       0.5540       0.1598
 8009.37       0.4960       0.1711
 8010.41       0.8629       0.2335
 8011.45       1.1372       0.3558
 8012.49       0.6291       0.4857
 8013.53      -0.0051       0.5887
 8014.56      -0.0920       0.6293
 8015.60       0.2026       0.5845
 8016.64       0.6362       0.4747
 8017.68       0.8549       0.3568
 8018.71       0.5881       0.2774
 8019.75       0.3291       0.2497
 8020.79       0.6109       0.2659
 8021.83       0.3128       0.3420
 8022.86      -0.7167       0.5421
 8023.90      -1.4696       0.8614
 8024.94      -0.6421       1.1980
 8025.98       1.1548       1.3965
 8027.02       1.8161       1.3965
 8028.05       0.9523       1.1518
 8029.09      -0.0717       0.7670
 8030.13      -0.0403       0.4652
 8031.17       0.6744       0.3184
 8032.20       0.7095       0.2410
 8033.24       0.3613       0.2135
 8034.28       0.1919       0.1822
 8035.32       0.4450       0.1680
 8036.36       0.7554       0.1613
 8037.39       0.7061       0.1587
 8038.43       0.6139       0.1584
 8039.47       0.4847       0.1567
 8040.51       0.2612       0.1539
 8041.54       0.5398       0.1606
 8042.58       0.9505       0.1672
 8043.62       0.8133       0.1594
 8044.66       0.5776       0.1507
 8045.70       0.6639       0.1557
 8046.73       0.8843       0.1642
 8047.77       0.9253       0.1896
 8048.81       0.7481       0.2463
 8049.85       0.8941       0.3375
 8050.88       1.1393       0.4290
 8051.92       1.0691       0.4719
 8052.96       1.0359       0.4608
 8054.00       0.9397       0.3959
 8055.04       0.3876       0.2897
 8056.07       0.3410       0.1996
 8057.11       0.9138       0.1777
 8058.15       0.9911       0.2101
 8059.19       0.5105       0.3267
 8060.22      -0.0109       0.5038
 8061.26       0.1513       0.6722
 8062.30       0.6084       0.7599
 8063.34       0.4402       0.7431
 8064.37       0.7666       0.6189
 8065.41       1.5015       0.4437
 8066.45       1.3433       0.2809
 8067.49       0.7917       0.1899
 8068.53       0.7297       0.1612
 8069.56       0.7951       0.1564
 8070.60       1.0257       0.1535
 8071.64       1.3153       0.1608
 8072.68       1.1502       0.1641
 8073.71       0.7998       0.1667
 8074.75       0.8831       0.1800
 8075.79       1.0377       0.1895
 8076.83       1.0295       0.1885
 8077.87       0.9675       0.1849
 8078.90       0.9190       0.1794
 8079.94       0.9462       0.1743
 8080.98       0.9497       0.1700
 8082.02       0.9640       0.1760
 8083.05       1.1350       0.1952
 8084.09       0.9376       0.2052
 8085.13       0.6090       0.2020
 8086.17       0.7513       0.2015
 8087.21       0.9352       0.1915
 8088.24       0.8716       0.1732
 8089.28       0.8091       0.1582
 8090.32       0.8309       0.1695
 8091.36       0.9256       0.2100
 8092.39       1.1451       0.2582
 8093.43       1.2895       0.2894
 8094.47       1.1503       0.2927
 8095.51       0.8855       0.2681
 8096.54       0.7103       0.2298
 8097.58       0.7141       0.1895
 8098.62       0.7954       0.1924
 8099.66       0.8005       0.2512
 8100.70       0.8491       0.3290
 8101.73       0.8906       0.3932
 8102.77       0.8832       0.4221
 8103.81       0.8809       0.4077
 8104.85       0.8424       0.3523
 8105.88       0.7551       0.2744
 8106.92       0.8907       0.2203
 8107.96       1.1847       0.1977
 8109.00       0.9232       0.1774
 8110.04       0.6268       0.1650
 8111.07       0.6702       0.1618
 8112.11       0.8516       0.1618
 8113.15       0.9061       0.1606
 8114.19       0.7269       0.1591
 8115.22       0.5950       0.1545
 8116.26       0.6443       0.1497
 8117.30       0.7744       0.1490
 8118.34       0.8126       0.1493
 8119.38       0.7317       0.1480
 8120.41       0.6588       0.1443
 8121.45       0.7587       0.1453
 8122.49       0.9941       0.1541
 8123.53       0.9074       0.1597
 8124.56       0.7549       0.1656
 8125.60       0.9067       0.1758
 8126.64       1.1459       0.1797
 8127.68       1.1504       0.1733
 8128.71       0.7546       0.1628
 8129.75       0.4992       0.1613
 8130.79       0.7053       0.1733
 8131.83       0.8331       0.1843
 8132.87       0.9119       0.1941
 8133.90       1.0075       0.2052
 8134.94       0.9381       0.2110
 8135.98       0.7428       0.2148
 8137.02       0.5564       0.2197
 8138.05       0.6107       0.2350
 8139.09       0.8616       0.2522
 8140.13       0.9959       0.2516
 8141.17       0.8831       0.2327
 8142.21       0.7123       0.2133
 8143.24       0.9187       0.2047
 8144.28       1.1739       0.2213
 8145.32       1.0491       0.2537
 8146.36       0.9407       0.2802
 8147.39       0.7596       0.2797
 8148.43       0.4725       0.2576
 8149.47       0.5410       0.2311
 8150.51       0.8542       0.2083
 8151.54       0.9389       0.1834
 8152.58       0.8526       0.1703
 8153.62       0.7787       0.1691
 8154.66       0.7165       0.1657
 8155.70       0.7818       0.1610
 8156.73       0.9474       0.1627
 8157.77       0.8952       0.1602
 8158.81       0.7825       0.1588
 8159.85       0.9666       0.1692
 8160.88       0.9620       0.1759
 8161.92       0.7369       0.1755
 8162.96       0.8762       0.1874
 8164.00       0.8861       0.1896
 8165.04       0.4935       0.1715
 8166.07       0.5548       0.1615
 8167.11       0.7482       0.1609
 8168.15       0.7485       0.1609
 8169.19       0.6965       0.1576
 8170.22       0.8449       0.1566
 8171.26       1.3270       0.1692
 8172.30       1.5506       0.1720
 8173.34       1.2704       0.1585
 8174.38       1.0943       0.1523
 8175.41       1.0837       0.1583
 8176.45       1.0225       0.1685
 8177.49       1.0198       0.1787
 8178.53       0.9481       0.1816
 8179.56       0.7575       0.1762
 8180.60       0.5614       0.1689
 8181.64       0.4556       0.1629
 8182.68       0.4560       0.1544
 8183.71       0.5595       0.1550
 8184.75       0.6624       0.1667
 8185.79       0.6695       0.1749
 8186.83       0.6109       0.1837
 8187.87       0.5999       0.1985
 8188.90       0.7301       0.2133
 8189.94       0.8834       0.2174
 8190.98       0.8428       0.2060
 8192.02       0.7058       0.1953
 8193.05       0.5738       0.1951
 8194.09       0.3386       0.1953
 8195.13       0.3077       0.2000
 8196.17       0.5655       0.2065
 8197.21       0.6956       0.2087
 8198.24       0.7529       0.1987
 8199.28       0.9200       0.1787
 8200.32       0.8595       0.1607
 8201.36       0.7601       0.1533
 8202.39       0.9908       0.1558
 8203.43       0.9215       0.1571
 8204.47       0.5169       0.1559
 8205.51       0.5178       0.1676
 8206.54       0.7730       0.1760
 8207.58       0.9084       0.1707
 8208.62       0.9877       0.1629
 8209.66       1.0475       0.1608
 8210.70       1.1264       0.1639
 8211.73       1.0477       0.1654
 8212.77       0.8867       0.1628
 8213.81       0.9139       0.1624
 8214.85       0.8163       0.1582
 8215.88       0.5992       0.1519
 8216.92       0.5228       0.1533
 8217.96       0.6524       0.1545
 8219.00       0.8863       0.1508
 8220.04       1.1276       0.1567
 8221.07       1.0208       0.1629
 8222.11       0.5261       0.1570
 8223.15       0.2832       0.1596
 8224.19       0.5513       0.1749
 8225.22       1.0664       0.1842
 8226.26       1.1549       0.1924
 8227.30       0.7631       0.2031
 8228.34       0.7843       0.2082
 8229.38       1.0132       0.2084
 8230.41       0.9388       0.2044
 8231.45       0.6030       0.1877
 8232.49       0.3692       0.1692
 8233.53       0.6353       0.1650
 8234.56       0.7789       0.1634
 8235.60       0.6154       0.1567
 8236.64       0.5191       0.1517
 8237.68       0.6441       0.1523
 8238.71       0.9195       0.1596
 8239.75       0.9144       0.1671
 8240.79       0.7730       0.1742
 8241.83       0.8269       0.1823
 8242.87       0.7867       0.1908
 8243.90       0.5568       0.1910
 8244.94       0.3175       0.1779
 8245.98       0.3996       0.1729
 8247.02       0.7072       0.1837
 8248.05       0.6439       0.1859
 8249.09       0.6328       0.1844
 8250.13       0.8862       0.1828
 8251.17       0.8842       0.1678
 8252.21       0.7584       0.1558
 8253.24       1.1587       0.1679
 8254.28       1.3945       0.1839
 8255.32       1.0887       0.1850
 8256.36       0.7654       0.1780
 8257.39       0.7200       0.1695
 8258.43       0.9603       0.1649
 8259.47       0.9368       0.1560
 8260.51       0.6676       0.1482
 8261.54       0.4895       0.1466
 8262.58       0.6623       0.1476
 8263.62       0.8863       0.1498
 8264.66       0.7402       0.1526
 8265.70       0.5850       0.1495
 8266.73       0.5999       0.1428
 8267.77       0.6357       0.1419
 8268.81       0.7103       0.1449
 8269.85       0.8095       0.1499
 8270.88       0.8403       0.1607
 8271.92       0.9490       0.1701
 8272.96       1.3412       0.1871
 8274.00       1.3072       0.2037
 8275.04       0.9445       0.2723
 8276.07       0.7855       0.4207
 8277.11       0.4676       0.5937
 8278.15       0.4989       0.8144
 8279.19       1.9798       1.1170
 8280.22       2.8262       1.3486
 8281.26       1.8252       1.3901
 8282.30       0.8681       1.2672
 8283.34       0.6671       1.0815
 8284.38       0.9332       0.9654
 8285.41       0.9855       0.9873
 8286.45       0.9636       1.1912
 8287.49       1.5597       1.4830
 8288.53       1.4420       1.7283
 8289.56       0.5866       1.7175
 8290.60       0.3995       1.3773
 8291.64       0.7460       0.8867
 8292.68       0.9911       0.5557
 8293.71       0.9653       0.4892
 8294.75       1.2391       0.7062
 8295.79       2.0644       1.0535
 8296.83       1.4514       1.5097
 8297.87       0.0334       1.8803
 8298.90       0.0808       1.9727
 8299.94       0.9389       1.7736
 8300.98       1.4556       1.3999
 8302.02       1.4957       0.9576
 8303.05       0.7848       0.5811
 8304.09       0.1077       0.3315
 8305.13       0.2977       0.2304
 8306.17       1.1068       0.2286
 8307.21       1.2901       0.2883
 8308.24       1.1586       0.4121
 8309.28       0.9879       0.5512
 8310.32       1.0088       0.6433
 8311.36       0.9733       0.6775
 8312.39       0.7598       0.6373
 8313.43       0.8418       0.4727
 8314.47       0.8703       0.2924
 8315.51       0.5516       0.2059
 8316.54       0.6308       0.1934
 8317.58       1.0062       0.2094
 8318.62       1.0863       0.2249
 8319.66       1.0554       0.2217
 8320.70       1.0247       0.2009
 8321.73       0.8824       0.1825
 8322.77       0.7772       0.1693
 8323.81       0.8362       0.1579
 8324.85       1.0057       0.1479
 8325.88       1.0130       0.1417
 8326.92       0.7637       0.1423
 8327.96       0.6069       0.1423
 8329.00       0.7319       0.1434
 8330.04       0.9799       0.1526
 8331.07       0.8818       0.1527
 8332.11       0.5737       0.1436
 8333.15       0.6491       0.1414
 8334.19       0.9238       0.1514
 8335.22       0.9691       0.1698
 8336.26       0.9011       0.1928
 8337.30       0.6995       0.2006
 8338.34       0.4398       0.2417
 8339.38       0.5455       0.2510
 8340.41       1.0201       0.5679
 8341.45       1.4623       1.3763
 8342.49       1.2667       2.5569
 8343.53       0.4521       3.6585
 8344.56      -0.6072       4.2804
 8345.60      -0.4210       4.1387
 8346.64       1.1495       3.3657
 8347.68       1.7465       2.1183
 8348.71       1.1183       1.0841
 8349.75       0.5995       0.7315
 8350.79       0.3441       0.9582
 8351.83       0.2701       1.2680
 8352.87      -0.2508       1.4431
 8353.90       0.0112       1.3821
 8354.94       1.0403       1.1444
 8355.98       0.9060       0.7508
 8357.02       0.3739       0.3994
 8358.05       0.7422       0.2322
 8359.09       1.2899       0.2171
 8360.13       1.3168       0.2599
 8361.17       0.8619       0.3193
 8362.21       0.5919       0.4204
 8363.24       0.7689       0.5472
 8364.28       0.9627       0.6291
 8365.32       1.2107       0.6461
 8366.36       1.3986       0.5949
 8367.39       1.1106       0.4602
 8368.43       0.7274       0.3070
 8369.47       0.7773       0.2060
 8370.51       1.0657       0.1673
 8371.55       1.2411       0.1589
 8372.58       1.1703       0.1579
 8373.62       1.0204       0.1567
 8374.66       0.9173       0.1554
 8375.70       0.8809       0.1625
 8376.73       0.6394       0.1677
 8377.77       0.3021       0.2134
 8378.81       0.6871       0.3415
 8379.85       1.3132       0.5942
 8380.88       1.2947       0.8932
 8381.92       0.7397       1.0701
 8382.96       0.4933       1.0600
 8384.00       1.3484       0.9509
 8385.04       1.1984       0.7010
 8386.07      -0.1034       0.3953
 8387.11       0.5604       0.2307
 8388.15       1.7201       0.1973
 8389.19       1.3231       0.1813
 8390.22       0.8637       0.1897
 8391.26       0.7700       0.1848
 8392.30       0.8058       0.2017
 8393.34       1.0072       0.1802
 8394.38       1.2092       0.2400
 8395.41       1.5455       0.5021
 8396.45       1.2665       1.1753
 8397.49       0.4790       2.1386
 8398.53       0.3895       2.9128
 8399.56       1.1412       3.1542
 8400.60       1.3684       2.9267
 8401.64       2.2276       2.1728
 8402.68       2.8588       1.2375
 8403.72       1.7878       0.5320
 8404.75       0.8781       0.2301
 8405.79       0.9096       0.1573
 8406.83       0.7418       0.1590
 8407.87       0.8328       0.1570
 8408.90       1.2627       0.1625
 8409.94       1.1363       0.1553
 8410.98       0.9312       0.2077
 8412.02       1.2564       0.3864
 8413.05       1.2781       0.7029
 8414.09       1.1256       1.0479
 8415.13       1.3763       1.2433
 8416.17       1.2366       1.2429
 8417.21       0.6011       1.0575
 8418.24       0.5154       0.7137
 8419.28       0.7270       0.3923
 8420.32       0.7748       0.2164
 8421.36       1.0848       0.1813
 8422.39       1.1645       0.1950
 8423.43       0.7325       0.2154
 8424.47       0.0584       0.1763
 8425.51       0.0763       0.2779
 8426.55       1.4793       0.6645
 8427.58       2.0124       1.4868
 8428.62       1.1229       2.5533
 8429.66       1.0942       3.3947
 8430.70       1.6021       3.6522
 8431.73       1.7010       3.2767
 8432.77       1.6592       2.3351
 8433.81       1.2245       1.2884
 8434.85       0.4792       0.5595
 8435.89       0.2827       0.2680
 8436.92       0.6188       0.1854
 8437.96       0.9034       0.1737
 8439.00       1.0036       0.1620
 8440.04       0.9415       0.1469
 8441.07       1.2157       0.1467
 8442.11       1.3029       0.1517
 8443.15       0.7234       0.1562
 8444.19       0.1175       0.1669
 8445.22       0.1048       0.1828
 8446.26       0.8344       0.2089
 8447.30       1.0752       0.2169
 8448.34       0.5936       0.2827
 8449.38       0.6403       0.4702
 8450.41       0.9417       0.7451
 8451.45       1.0043       0.9863
 8452.49       0.9017       1.1109
 8453.53       0.7030       1.0535
 8454.56       0.5889       0.8507
 8455.60       0.9713       0.5651
 8456.64       1.4653       0.3192
 8457.68       1.4070       0.2002
 8458.72       1.4011       0.1729
 8459.75       1.4583       0.1862
 8460.79       0.6876       0.2117
 8461.83      -0.1905       0.4805
 8462.87      -0.2540       1.1024
 8463.90       0.2231       1.8382
 8464.94       1.0194       2.4060
 8465.98       1.7467       2.5907
 8467.02       3.1413       2.2954
 8468.06       3.7654       1.6383
 8469.09       1.6233       0.8616
 8470.13       0.0146       0.3545
 8471.17       0.6919       0.1895
 8472.21       1.2076       0.1809
 8473.24       1.2958       0.2022
 8474.28       1.2973       0.2092
 8475.32       0.6931       0.2024
 8476.36       0.1632       0.1819
 8477.39       0.4544       0.1661
 8478.43       0.7663       0.1508
 8479.47       0.7664       0.1375
 8480.51       0.9581       0.1342
 8481.55       0.9803       0.1349
 8482.58       0.7281       0.1329
 8483.62       0.4824       0.1292
 8484.66       0.5985       0.1312
 8485.70       1.0265       0.1421
 8486.73       1.1723       0.1467
 8487.77       0.9533       0.1434
 8488.81       0.6811       0.1477
 8489.85       0.7599       0.2174
 8490.89       1.0545       0.3797
 8491.92       0.9933       0.5671
 8492.96       0.4915       0.7091
 8494.00       0.1705       0.7561
 8495.04       0.8358       0.7180
 8496.07       1.6308       0.5817
 8497.11       1.4765       0.3832
 8498.15       0.9966       0.2387
 8499.19       0.9248       0.1983
 8500.23       1.5185       0.2248
 8501.26       1.4598       0.3721
 8502.30       0.6940       0.6679
 8503.34       0.8089       1.0515
 8504.38       1.2478       1.3514
 8505.41       1.0880       1.4157
 8506.45       0.4552       1.2429
 8507.49       0.0711       0.9003
 8508.53       0.4642       0.5223
 8509.56       0.8053       0.2687
 8510.60       0.7510       0.1610
 8511.64       0.7567       0.1299
 8512.68       0.8566       0.1374
 8513.72       0.9128       0.1339
 8514.75       0.8342       0.1310
 8515.79       0.8660       0.1290
 8516.83       1.1064       0.1364
 8517.87       1.0493       0.1443
 8518.90       0.7870       0.1500
 8519.94       0.7611       0.1549
 8520.98       0.6987       0.1545
 8522.02       0.6545       0.1510
 8523.06       0.9555       0.1499
 8524.09       1.1531       0.1456
 8525.13       0.9959       0.1364
 8526.17       0.8777       0.1319
 8527.21       0.9032       0.1314
 8528.24       1.0048       0.1305
 8529.28       0.9477       0.1292
 8530.32       0.7658       0.1265
 8531.36       0.6914       0.1249
 8532.40       0.5948       0.1208
 8533.43       0.4865       0.1234
 8534.47       0.4528       0.1352
 8535.51       0.7789       0.1877
 8536.55       1.3112       0.2791
 8537.58       1.1180       0.3570
 8538.62       0.6690       0.3967
 8539.66       0.7319       0.3974
 8540.70       1.1699       0.3531
 8541.73       1.4263       0.2794
 8542.77       0.9876       0.2045
 8543.81       0.5376       0.1600
 8544.85       0.6707       0.1921
 8545.89       0.5918       0.3031
 8546.92       0.8300       0.4693
 8547.96       1.4207       0.6177
 8549.00       0.8966       0.6790
 8550.04       0.0118       0.6296
 8551.07       0.1537       0.5148
 8552.11       0.3674       0.3607
 8553.15       0.2997       0.2267
 8554.19       0.4658       0.1603
 8555.23       0.5752       0.1431
 8556.26       0.5783       0.1289
 8557.30       0.7024       0.1281
 8558.34       0.8487       0.1282
 8559.38       0.8738       0.1273
 8560.41       0.8492       0.1251
 8561.45       0.8268       0.1239
 8562.49       0.8198       0.1260
 8563.53       1.0174       0.1309
 8564.57       1.2057       0.1337
 8565.60       1.0015       0.1301
 8566.64       0.7539       0.1269
 8567.68       0.8135       0.1306
 8568.72       1.1040       0.1381
 8569.75       1.2029       0.1439
 8570.79       0.9427       0.1462
 8571.83       0.9505       0.1539
 8572.87       1.1312       0.1648
 8573.90       0.9500       0.1682
 8574.94       0.8196       0.1714
 8575.98       0.9543       0.1770
 8577.02       1.0261       0.1770
 8578.06       1.0227       0.1695
 8579.09       0.9459       0.1565
 8580.13       0.7485       0.1446
 8581.17       0.6171       0.1356
 8582.21       0.6629       0.1307
 8583.24       0.8003       0.1311
 8584.28       0.8774       0.1468
 8585.32       0.7826       0.1794
 8586.36       0.8992       0.2296
 8587.40       1.1659       0.2784
 8588.43       0.9499       0.2979
 8589.47       0.8229       0.2873
 8590.51       1.1569       0.2623
 8591.55       1.2276       0.2181
 8592.58       0.9437       0.1842
 8593.62       0.6720       0.1867
 8594.66       0.6741       0.2351
 8595.70       0.7352       0.3016
 8596.74       0.5935       0.3482
 8597.77       0.4484       0.3551
 8598.81       0.4699       0.3244
 8599.85       0.3548       0.2672
 8600.89       0.4153       0.2099
 8601.92       0.7722       0.1710
 8602.96       1.0265       0.1594
 8604.00       1.1698       0.1617
 8605.04       1.2918       0.1626
 8606.07       1.2058       0.1618
 8607.11       1.0527       0.1645
 8608.15       1.1494       0.1756
 8609.19       1.1536       0.1905
 8610.23       0.9181       0.2090
 8611.26       0.7806       0.2289
 8612.30       0.8857       0.2609
 8613.34       1.1835       0.3105
 8614.38       1.2506       0.3579
 8615.41       1.0591       0.4030
 8616.45       0.8884       0.4484
 8617.49       1.0104       0.5013
 8618.53       1.2534       0.5739
 8619.57       1.0694       0.6437
 8620.60       1.0742       0.7118
 8621.64       1.5085       0.7841
 8622.68       1.6812       0.8371
 8623.72       1.1184       0.8853
 8624.75       0.1377       0.9415
 8625.79       0.0512       1.0062
 8626.83       0.9455       1.0657
 8627.87       1.7056       1.0887
 8628.91       1.2491       1.0907
 8629.94       0.1377       1.0942
 8630.98       0.3511       1.0978
 8632.02       0.9879       1.0850
 8633.06       0.8288       1.0410
 8634.09       0.5724       0.9915
 8635.13       0.8671       0.9360
 8636.17       1.8009       0.8688
 8637.21       1.7731       0.7968
 8638.24       1.0107       0.7165
 8639.28       1.2252       0.6471
 8640.32       1.5889       0.5818
 8641.36       1.4052       0.5022
 8642.40       1.0276       0.4211
 8643.43       0.9261       0.3585
 8644.47       1.2105       0.3385
 8645.51       1.1710       0.3429
 8646.55       0.7181       0.3974
 8647.58       0.3208       0.5187
 8648.62       0.5527       0.6650
 8649.66       1.0036       0.7901
 8650.70       0.5928       0.8524
 8651.74       0.4640       0.9010
 8652.77       1.1060       0.9718
 8653.81       0.8390       0.9883
 8654.85       0.5623       0.9820
 8655.89       1.3282       0.9994
 8656.92       1.3542       1.0259
 8657.96       0.9162       1.0475
 8659.00       1.3860       1.0529
 8660.04       1.4292       1.0231
 8661.08       0.5199       0.9729
 8662.11      -0.3200       0.9423
 8663.15      -0.3512       0.9342
 8664.19       0.2954       0.9262
 8665.23       0.9720       0.9162
 8666.26       0.9120       0.8899
 8667.30       0.2020       0.8492
 8668.34       0.4365       0.8176
 8669.38       1.4006       0.7927
 8670.42       1.5107       0.7634
 8671.45       1.1118       0.7208
 8672.49       0.8388       0.6663
 8673.53       0.8717       0.6274
 8674.57       0.9053       0.6022
 8675.60       0.6802       0.5742
 8676.64       0.7925       0.5510
 8677.68       0.9702       0.5120
 8678.72       0.7479       0.4544
 8679.75       0.7995       0.4286
 8680.79       1.0851       0.4286
 8681.83       0.9447       0.4136
 8682.87       0.7704       0.3824
 8683.91       0.8179       0.3467
 8684.94       0.6528       0.3197
 8685.98       0.4862       0.3193
 8687.02       0.9631       0.3707
 8688.06       1.2273       0.4973
 8689.09       3.8956       0.2078
 8690.13       1.3584       0.4156
 8691.17       0.9712       0.3992
 8692.21       0.4623       0.3918
 8693.25       0.9674       0.4125
 8694.28       1.2941       0.4093
 8695.32       1.0133       0.3553
 8696.36       0.6341       0.3542
 8697.40       1.0011       0.2823
 8698.43       0.8080       0.2619
 8699.47       0.8638       0.2484
 8700.51       1.0494       0.2548
 8701.55       0.9516       0.2439
 8702.58       0.9434       0.2265
 8703.62       1.1285       0.2189
 8704.66       1.1365       0.2223
 8705.70       1.1541       0.2367
 8706.74       1.2251       0.2503
 8707.77       0.9545       0.2540
 8708.81       0.6733       0.2425
 8709.85       0.7542       0.2213
 8710.89       0.7699       0.1919
 8711.92       0.6271       0.1646
 8712.96       0.5954       0.1515
 8714.00       0.8278       0.1502
 8715.04       1.1265       0.1506
 8716.08       1.2792       0.1555
 8717.11       0.9704       0.1521
 8718.15       0.6220       0.1429
 8719.19       0.8128       0.1456
 8720.23       1.2081       0.1540
 8721.26       1.0837       0.1524
 8722.30       1.0905       0.1542
 8723.34       1.2075       0.1603
 8724.38       0.9031       0.1594
 8725.42       0.5164       0.1603
 8726.45       0.4484       0.1678
 8727.49       0.7441       0.1744
 8728.53       0.9485       0.1733
 8729.57       0.7716       0.1644
 8730.60       0.8462       0.1567
 8731.64       1.0718       0.1530
 8732.68       0.9815       0.1503
 8733.72       0.9760       0.1509
 8734.75       1.0519       0.1540
 8735.79       0.8066       0.1568
 8736.83       0.6464       0.1642
 8737.87       0.8542       0.1782
 8738.91       1.3847       0.1955
 8739.94       1.5571       0.2027
 8740.98       1.0979       0.1943
 8742.02       1.1509       0.1890
 8743.06       1.5307       0.1866
 8744.09       1.1227       0.1726
 8745.13       0.7385       0.1619
 8746.17       0.8539       0.1635
 8747.21       1.0683       0.1709
 8748.25       1.2510       0.1815
 8749.28       1.2854       0.1888
 8750.32       1.0965       0.1869
 8751.36       0.8112       0.1759
 8752.40       0.6605       0.1710
 8753.43       0.6355       0.1634
 8754.47       0.6033       0.1865
 8755.51       0.5701       0.2747
 8756.55       0.5872       0.4516
 8757.58       0.8925       0.8270
 8758.62       1.9049       1.4026
 8759.66       1.8935       2.0141
 8760.70       0.9648       2.4289
 8761.74       3.0567       2.4993
 8762.77       5.9430       2.2971
 8763.81       5.5040       2.0626
 8764.85       5.3200       2.0883
 8765.89       5.9310       2.4875
 8766.92       4.7305       3.0083
 8767.96       2.3970       3.2396
 8769.00       0.5662       2.9111
 8770.04       0.9653       2.2328
 8771.08       1.7450       1.4139
 8772.11       0.9597       0.7744
 8773.15       0.7203       0.5598
 8774.19       0.8235       0.8819
 8775.23       0.1274       1.5573
 8776.26      -1.3605       2.4354
 8777.30      -2.0995       3.1522
 8778.34      -0.3209       3.4293
 8779.38       1.6324       3.1251
 8780.42       1.8088       2.3963
 8781.45       1.8363       1.4665
 8782.49       1.6469       0.7157
 8783.53       0.9999       0.3105
 8784.57       0.4970       0.2008
 8785.60       0.4757       0.1791
 8786.64       0.8544       0.2070
 8787.68       0.9825       0.3272
 8788.72       0.7415       0.5764
 8789.75       1.0447       0.8937
 8790.79       1.0517       1.1295
 8791.83       0.3494       1.1680
 8792.87       0.1860       1.0459
 8793.91       0.3095       0.7850
 8794.94       0.0175       0.4593
 8795.98       0.2649       0.2486
 8797.02       0.8245       0.1801
 8798.06       0.6615       0.1618
 8799.09       0.6548       0.1706
 8800.13       1.0502       0.1708
 8801.17       1.0514       0.1719
 8802.21       0.8389       0.1676
 8803.25       0.7627       0.1630
 8804.28       0.7374       0.1597
 8805.32       0.6797       0.1625
 8806.36       0.6423       0.1762
 8807.40       0.7171       0.2083
 8808.43       0.8118       0.2481
 8809.47       0.4331       0.2667
 8810.51       0.3748       0.2773
 8811.55       0.8307       0.2804
 8812.58       0.7524       0.2465
 8813.62       0.4056       0.1977
 8814.66       0.2345       0.1651
 8815.70       0.2982       0.1543
 8816.74       0.4642       0.1580
 8817.77       0.4554       0.1655
 8818.81       0.6849       0.1796
 8819.85       0.9955       0.1960
 8820.89       0.6516       0.2181
 8821.92       0.6410       0.2630
 8822.96       1.2392       0.7705
 8824.00       0.8862       1.9599
 8825.04       0.4419       3.9920
 8826.08       0.8178       6.1915
 8827.11       1.3009       7.6330
 8828.15       0.8730       7.5000
 8829.19      -0.6682       5.9341
 8830.23      -1.5401       3.6819
 8831.26      -0.8688       1.8737
 8832.30       0.1205       1.0036
 8833.34       0.4967       1.1784
 8834.38       0.3464       1.7674
 8835.42       1.4901       2.4532
 8836.45       1.9770       2.7625
 8837.49      -0.0110       2.6532
 8838.53       0.3363       2.1404
 8839.57       2.3435       1.4219
 8840.60       1.5718       0.7227
 8841.64       0.4894       0.3355
 8842.68       0.6841       0.2302
 8843.72       0.7112       0.2363
 8844.75       0.5329       0.2531
 8845.79       0.3896       0.3060
 8846.83       0.4035       0.4380
 8847.87       0.4331       0.6501
 8848.91       0.3080       0.8614
 8849.94       0.6775       0.9919
 8850.98       1.3137       0.9721
 8852.02       1.4175       0.8128
 8853.06       1.0415       0.5675
 8854.09       0.5973       0.3406
 8855.13       0.5190       0.2263
 8856.17       0.5999       0.2024
 8857.21       0.3998       0.1873
 8858.25       0.2442       0.1940
 8859.28       0.3028       0.2139
 8860.32       0.4426       0.2560
 8861.36       0.3614       0.2803
 8862.40       0.0682       0.3184
 8863.43      -0.1431       0.3814
 8864.47      -0.2552       0.6462
 8865.51      -0.3127       1.1419
 8866.55       0.1134       1.6402
 8867.58       0.4149       1.9404
 8868.62       0.1205       1.9421
 8869.66       0.2342       1.6262
 8870.70       0.7594       1.1156
 8871.74       0.9409       0.5941
 8872.77       0.6614       0.2889
 8873.81       0.1961       0.1932
 8874.85       0.0183       0.1828
 8875.89       0.1410       0.1901
 8876.92       0.2398       0.1915
 8877.96      -0.1492       0.1952
 8879.00      -0.2473       0.1839
 8880.04       0.5547       0.2450
 8881.08       0.0969       0.2462
 8882.11      -1.0255       0.7001
 8883.15      -0.4947       1.8890
 8884.19       0.5695       3.7754
 8885.23       0.7402       5.6025
 8886.26      -0.7418       6.4371
 8887.30       0.2755       5.9647
 8888.34       4.5345       4.6249
 8889.38       3.8384       2.6938
 8890.42       0.5279       1.1038
 8891.45       0.8875       0.4123
 8892.49       1.1050       0.3290
 8893.53       0.0152       0.2822
 8894.57      -0.1909       0.3026
 8895.60      -0.0812       0.3044
 8896.64      -0.1181       0.3125
 8897.68      -0.2934       0.2835
 8898.72       0.3660       0.3705
 8899.75       1.8503       0.7036
