 
TRANSIENT_NAME:     DES14X1qt  
SNID:               1302929    
OBS_DATE:           2014-11-19
MJD:                56980. 
PHASE_EXP:          post-max (based on r-band light-curve)
MJD_EXP:            ---
TYPE:               29 
SPEC_EVAL:          SNII
REDSHIFT:           0.1388  
REDSHIFT_ERR:       0.0005  
REDSHIFT_SOURCE:    Z_GAL
TELESCOPE:          AAT
INSTRUMENT:         AAOmega-2dF
 
======================================
 
# WAVE  FLUX  FLUX_ERR
 3743.23      -0.3717      27.0241
 3744.26      -4.3284      25.2806
 3745.30      -0.5980      24.9760
 3746.34       7.8944      27.5944
 3747.38      -0.7556      24.0843
 3748.41      -2.9832      22.3631
 3749.45       3.1127      23.8255
 3750.49       4.1796      22.4185
 3751.53       4.2000      22.4901
 3752.56       1.2503      21.9425
 3753.60      -2.6311      19.3131
 3754.64      -3.5900      19.1642
 3755.68       0.0842      20.5879
 3756.72      -2.8631      18.2104
 3757.75       3.1598      20.3293
 3758.79       2.3955      18.9093
 3759.83       2.6240      20.4122
 3760.87       4.4533      20.0453
 3761.90       1.2179      17.6894
 3762.94       2.3140      17.3976
 3763.98       0.6174      17.7677
 3765.02       4.8304      18.8767
 3766.06       1.8964      17.6370
 3767.09      -1.1578      17.0131
 3768.13       2.4778      17.2919
 3769.17       5.3075      17.3364
 3770.21       1.4272      17.4382
 3771.24      -0.7150      17.4971
 3772.28      -6.5162      15.2510
 3773.32       1.2312      17.7971
 3774.36       6.7582      19.3317
 3775.40       1.6036      17.1349
 3776.43      -3.6220      15.3624
 3777.47      -2.5029      15.2535
 3778.51      -1.0863      15.3235
 3779.55      -1.0433      15.6430
 3780.58       2.9523      17.3893
 3781.62       4.8123      17.9182
 3782.66       2.0826      16.5116
 3783.70       0.3129      16.1030
 3784.73      -2.3731      15.4113
 3785.77      -1.7438      16.7675
 3786.81       0.9911      17.4262
 3787.85      -1.5141      14.2807
 3788.89       0.0803      14.5475
 3789.92      -0.7486      14.5415
 3790.96       0.6768      14.7844
 3792.00       0.1073      15.3538
 3793.04       2.1341      16.0907
 3794.07       3.6892      16.4195
 3795.11       1.0642      14.9762
 3796.15       0.3514      13.9406
 3797.19       0.3004      13.4068
 3798.23      -0.3509      12.9634
 3799.26       2.5138      13.8721
 3800.30       4.3700      14.0257
 3801.34       0.5232      13.4819
 3802.38      -1.3928      13.1521
 3803.41      -1.3518      12.0443
 3804.45      -0.6734      11.9164
 3805.49      -0.2069      11.7296
 3806.53       3.7512      12.6919
 3807.57      -0.2533      11.8405
 3808.60      -1.6798      11.3368
 3809.64       1.0720      11.9194
 3810.68       1.7019      11.7492
 3811.72       3.1342      11.9131
 3812.75       0.3410      11.3996
 3813.79      -2.5466      10.8640
 3814.83      -4.0319      10.4995
 3815.87       1.9814      11.8973
 3816.90       3.5069      11.6332
 3817.94       2.7288      11.2213
 3818.98       2.1491      10.5070
 3820.02       0.1820       9.9158
 3821.06      -1.3734       9.4133
 3822.09       4.8176      10.5581
 3823.13      -0.3893       9.3449
 3824.17      -1.2774       8.7782
 3825.21       5.1298       9.8838
 3826.24       1.2822       9.0921
 3827.28       0.0544       9.0770
 3828.32      -2.2470       8.6998
 3829.36      -2.6002       8.7528
 3830.40       2.9142      10.2127
 3831.43       2.9509      10.1986
 3832.47      -0.0830       9.1297
 3833.51      -0.9029       8.4370
 3834.55       2.4615       8.8108
 3835.58       0.6711       8.3353
 3836.62      -0.0810       7.8837
 3837.66       0.8974       7.7434
 3838.70      -2.0833       7.0002
 3839.74       2.1954       7.9609
 3840.77       0.8803       7.5875
 3841.81      -0.3946       7.1823
 3842.85       1.8034       7.5560
 3843.89       0.9914       7.2599
 3844.92       1.6173       7.4535
 3845.96       0.0775       6.9376
 3847.00      -0.3980       6.6678
 3848.04      -0.2103       6.5814
 3849.07      -0.3406       6.5893
 3850.11       1.6952       6.8326
 3851.15       2.3594       6.9403
 3852.19       0.4091       6.6989
 3853.23      -1.3879       6.3278
 3854.26      -1.0428       6.4180
 3855.30      -2.4042       6.1841
 3856.34       1.1807       6.5709
 3857.38       2.4680       6.4893
 3858.41       0.5104       5.9410
 3859.45       2.3127       6.3100
 3860.49       0.3838       6.2777
 3861.53      -2.4787       5.7264
 3862.57      -0.5467       5.8742
 3863.60       1.6403       6.4136
 3864.64      -1.1303       6.1121
 3865.68      -1.1032       5.9931
 3866.72      -2.2627       5.7714
 3867.75      -2.9227       5.5862
 3868.79      -0.6622       5.6715
 3869.83       0.3493       5.7857
 3870.87      -0.4770       5.4333
 3871.91      -0.0710       5.5860
 3872.94       1.5266       6.4273
 3873.98       0.9634       6.0111
 3875.02      -0.9605       5.1526
 3876.06      -0.5590       5.6006
 3877.09       3.0062       6.1215
 3878.13       3.6748       6.0090
 3879.17      -0.2945       5.2163
 3880.21       1.2316       5.3339
 3881.24       1.0518       5.2930
 3882.28       1.2713       5.1896
 3883.32       2.8404       5.3828
 3884.36       3.8688       5.6041
 3885.40       2.2752       5.2558
 3886.43       2.0282       5.3250
 3887.47       1.0445       5.0509
 3888.51      -0.5646       4.6479
 3889.55      -3.2627       4.2695
 3890.58      -1.8603       4.3336
 3891.62       1.1787       4.7497
 3892.66      -0.8696       4.4233
 3893.70      -1.3234       4.2222
 3894.74       1.1935       4.5906
 3895.77       2.4786       4.8018
 3896.81       1.9867       4.6383
 3897.85       0.1141       4.3515
 3898.89      -1.1818       4.1382
 3899.92      -2.6782       3.8153
 3900.96      -1.1464       4.0719
 3902.00      -0.0762       4.3735
 3903.04       1.0850       4.6543
 3904.07       2.0912       4.8188
 3905.11       1.8336       4.8618
 3906.15       1.4662       4.8093
 3907.19       0.1754       4.7344
 3908.23       0.5247       4.9981
 3909.26       1.0447       5.0771
 3910.30      -0.4725       3.9921
 3911.34       1.3457       4.9539
 3912.38      -0.5131       5.2787
 3913.41      -0.8333       5.1800
 3914.45       2.4169       5.2993
 3915.49       1.3386       3.9839
 3916.53      -0.5386       4.3407
 3917.57       0.6089       4.4168
 3918.60       0.8572       4.0768
 3919.64      -0.6492       3.5029
 3920.68      -0.3340       3.5512
 3921.72      -0.5100       3.3544
 3922.75      -0.2898       3.1833
 3923.79       0.9511       3.4265
 3924.83       0.4110       3.3811
 3925.87      -0.2255       3.1774
 3926.91      -0.7469       2.9795
 3927.94       0.2710       3.0313
 3928.98       1.1835       3.0485
 3930.02       0.2628       2.7636
 3931.06       0.4234       2.6983
 3932.09       1.4288       2.8140
 3933.13       1.9688       2.7665
 3934.17       1.8311       2.6433
 3935.21       1.1788       2.5239
 3936.24      -0.1718       2.3514
 3937.28       0.0364       2.4642
 3938.32       0.2557       2.5715
 3939.36      -1.3663       2.4601
 3940.40      -1.4540       2.6416
 3941.43      -0.1959       2.7394
 3942.47      -0.8363       2.5183
 3943.51       0.5678       2.6147
 3944.55       1.8381       2.7427
 3945.58       1.9094       2.7032
 3946.62       0.3951       2.5556
 3947.66      -0.2698       2.4986
 3948.70      -0.0670       2.5146
 3949.74       0.0142       2.5831
 3950.77      -0.2575       2.5331
 3951.81      -1.1201       2.3472
 3952.85      -0.6113       2.3693
 3953.89      -0.8186       2.3308
 3954.92       1.8612       2.5606
 3955.96       3.8004       2.7472
 3957.00       1.2094       2.5334
 3958.04       0.4841       2.4154
 3959.08       0.4076       2.4324
 3960.11      -1.2347       2.2761
 3961.15      -0.8746       2.2994
 3962.19      -0.0099       2.3530
 3963.23       2.1666       2.4708
 3964.26       1.9518       2.3976
 3965.30       0.7912       2.0836
 3966.34       0.3253       2.1648
 3967.38       0.2102       2.2897
 3968.41       1.6044       2.1941
 3969.45       1.8325       2.1155
 3970.49       0.1496       2.0818
 3971.53      -1.0385       2.0199
 3972.57      -0.8693       1.9591
 3973.60       0.8607       2.3168
 3974.64       1.1748       2.7714
 3975.68       0.5482       2.6863
 3976.72       0.9649       2.5961
 3977.75       2.0591       2.5300
 3978.79       3.4621       2.7653
 3979.83       1.8550       2.5587
 3980.87       0.8243       2.3702
 3981.91       1.1501       2.4908
 3982.94       1.1391       2.4462
 3983.98      -0.2311       2.2259
 3985.02       0.1758       2.2846
 3986.06      -0.0254       2.2692
 3987.09       0.4910       2.3531
 3988.13       1.2722       2.4626
 3989.17       2.0761       2.6026
 3990.21       1.5201       2.4500
 3991.25       0.1020       2.2424
 3992.28       0.5298       2.3443
 3993.32       0.8018       2.4047
 3994.36       0.5352       2.2864
 3995.40      -0.7088       2.1592
 3996.43      -0.2250       2.3957
 3997.47       1.2680       2.6156
 3998.51       1.2948       2.5685
 3999.55       1.6459       2.7072
 4000.58       0.1885       2.6757
 4001.62      -0.5663       2.5643
 4002.66       0.9397       2.6704
 4003.70       1.8129       2.7240
 4004.74       0.9021       2.7477
 4005.77       0.4513       2.8254
 4006.81       2.0521       3.0166
 4007.85       2.1049       3.1161
 4008.89       1.1006       3.0476
 4009.92       0.2677       2.9850
 4010.96      -0.5311       2.9299
 4012.00      -1.0804       2.8683
 4013.04      -1.1595       2.8419
 4023.42       1.4766       2.7885
 4024.45       0.1588       2.5745
 4025.49      -0.6162       2.5018
 4026.53       0.4236       2.6304
 4027.57       1.1763       2.7933
 4028.60       0.7800       2.7948
 4029.64      -0.0570       2.6757
 4030.68       0.7632       2.6326
 4031.72       1.6538       2.6319
 4032.75       1.4600       2.6709
 4033.79       2.0332       2.7135
 4034.83       0.7058       2.5868
 4035.87      -1.3427       2.3735
 4036.91      -0.3632       2.4526
 4037.94      -0.0727       2.4951
 4038.98       0.1299       2.4898
 4040.02       2.2175       2.8075
 4041.06       2.1856       2.9846
 4042.09       1.3477       2.8744
 4043.13       1.3798       2.8485
 4044.17       0.7426       2.7903
 4045.21       0.1869       2.6303
 4046.25       1.0724       2.6442
 4047.28       1.8365       2.7263
 4048.32      -0.1285       2.4846
 4049.36      -1.2386       2.3084
 4050.40      -1.2906       2.3505
 4051.43       0.2898       2.4275
 4052.47       0.3365       2.3368
 4053.51      -0.5864       2.2553
 4054.55       0.1298       2.2807
 4055.58       0.7300       2.2889
 4056.62       1.1737       2.2743
 4057.66      -0.1010       2.1434
 4058.70       0.5220       2.3329
 4059.74       1.2329       2.4621
 4060.77      -2.2002       2.0336
 4061.81      -1.2043       2.1471
 4062.85       0.1206       2.3406
 4063.89      -1.4327       2.2615
 4064.92      -0.3084       2.4562
 4065.96       0.4982       2.4929
 4067.00      -0.0849       2.3332
 4068.04       0.5513       2.3755
 4069.08       1.8907       2.4505
 4070.11       1.4959       2.3201
 4071.15       0.9969       2.2009
 4072.19       0.7868       2.2019
 4073.23       1.1728       2.2534
 4074.26       1.7993       2.3407
 4075.30       0.8186       2.2845
 4076.34       0.3819       2.2739
 4077.38       2.0784       2.3315
 4078.42       1.9137       2.2371
 4079.45       0.4513       2.1869
 4080.49       0.7862       2.2979
 4081.53       1.4747       2.2943
 4082.57      -1.2738       2.0053
 4083.60      -2.0262       1.9490
 4084.64      -0.1101       2.1741
 4085.68       0.0011       2.1970
 4086.72       0.3249       2.1474
 4087.75       0.8373       2.1259
 4088.79       0.7886       2.0995
 4089.83       1.0170       2.1052
 4090.87       0.1982       2.0682
 4091.91      -0.1094       2.0165
 4092.94       0.4865       2.0141
 4093.98       0.6497       1.9983
 4095.02       0.4795       1.9373
 4096.06      -0.8724       1.8181
 4097.09      -0.4443       1.9117
 4098.13       1.6307       2.0258
 4099.17       0.6101       1.8498
 4100.21       1.4016       1.8752
 4101.25       2.6778       1.9429
 4102.28       0.6301       1.7527
 4103.32      -0.7336       1.6015
 4104.36      -0.0426       1.6419
 4105.40       0.1056       1.6843
 4106.43      -0.7014       1.6499
 4107.47       0.6949       1.8098
 4108.51       1.9790       1.9334
 4109.55       1.1413       1.8453
 4110.58      -0.2746       1.6591
 4111.62      -1.5765       1.5172
 4112.66      -0.5174       1.5924
 4113.70       1.5251       1.7478
 4114.74       1.5695       1.8100
 4115.77       1.3449       1.7761
 4116.81       1.3013       1.6670
 4117.85       1.0051       1.6503
 4118.89       1.3686       1.6833
 4119.92       1.5054       1.6601
 4120.96       0.3614       1.6548
 4122.00       0.4480       1.7201
 4123.04       0.9834       1.7724
 4124.08       1.1460       1.7530
 4125.11       0.9532       1.7603
 4126.15       0.0468       1.7186
 4127.19      -0.2407       1.6876
 4128.23       0.3369       1.6942
 4129.26       1.0407       1.7292
 4130.30       1.0834       1.7071
 4131.34       0.3220       1.6757
 4132.38      -0.1077       1.6296
 4133.42       0.1411       1.5972
 4134.45       0.1477       1.6372
 4135.49       0.0173       1.6491
 4136.53       0.7044       1.7266
 4137.57       0.9318       1.7661
 4138.60       0.9808       1.7834
 4139.64       0.8728       1.7383
 4140.68      -0.1227       1.5873
 4141.72       0.1243       1.5538
 4142.75       1.6955       1.6605
 4143.79       0.9265       1.5534
 4144.83      -0.5963       1.4460
 4145.87      -0.4723       1.5113
 4146.91       0.8228       1.5992
 4147.94       1.4439       1.6000
 4148.98       1.3938       1.5712
 4150.02       0.7073       1.5319
 4151.06       0.1912       1.4433
 4152.09       0.3936       1.4751
 4153.13       1.4855       1.6543
 4154.17       2.4269       1.7524
 4155.21       0.4124       1.6693
 4156.25      -0.5903       1.5658
 4157.28      -0.0597       1.5690
 4158.32       0.1148       1.6067
 4159.36       0.3456       1.6711
 4160.40       1.0568       1.7470
 4161.43       1.7170       1.7330
 4162.47       1.0994       1.6894
 4163.51       0.5729       1.7158
 4164.55      -0.3934       1.6736
 4165.59      -1.5460       1.5786
 4166.62      -1.5971       1.5819
 4167.66      -0.5040       1.6116
 4168.70       0.2315       1.6426
 4169.74       0.1473       1.6803
 4170.77       0.6318       1.7040
 4171.81       0.8950       1.6693
 4172.85       0.1554       1.5681
 4173.89      -0.9294       1.4733
 4174.92       1.1157       1.5762
 4175.96       1.7783       1.6242
 4177.00       0.4149       1.5625
 4178.04       0.1617       1.5336
 4179.08       1.3579       1.5423
 4180.11       0.9556       1.4776
 4181.15      -0.4681       1.3583
 4182.19       0.4800       1.4132
 4183.23       0.7015       1.4364
 4184.26       0.3255       1.3808
 4185.30       1.0216       1.4113
 4186.34       1.1079       1.3984
 4187.38      -0.0494       1.3003
 4188.42       0.3320       1.3518
 4189.45       1.0723       1.4104
 4190.49       0.7946       1.3725
 4191.53      -0.0375       1.3253
 4192.57      -0.4937       1.2969
 4193.60       0.1330       1.2784
 4194.64       1.0863       1.3344
 4195.68       1.3143       1.3331
 4196.72       0.6444       1.2126
 4197.76       0.6423       1.1985
 4198.79       0.3687       1.1805
 4199.83       0.1903       1.2055
 4200.87       0.5913       1.2539
 4201.91       1.1609       1.2657
 4202.94       2.3354       1.3528
 4203.98       2.0905       1.3311
 4205.02       0.3323       1.2434
 4206.06       0.6431       1.3096
 4207.09       0.9197       1.3073
 4208.13       0.1324       1.2406
 4209.17       0.6209       1.2830
 4210.21       1.5779       1.3372
 4211.25       2.1213       1.3497
 4212.28       1.4990       1.2650
 4213.32       0.5102       1.2049
 4214.36       0.0150       1.2157
 4215.40      -0.2058       1.1516
 4216.43       1.1955       1.2458
 4217.47       1.6550       1.2754
 4218.51       0.3116       1.1246
 4219.55       0.7011       1.1381
 4220.59       1.6258       1.2422
 4221.62       0.4358       1.2069
 4222.66      -0.0613       1.1562
 4223.70       1.1206       1.1616
 4224.74       1.1996       1.1408
 4225.77       0.6075       1.0763
 4226.81      -0.1948       1.0075
 4227.85       0.0624       1.0524
 4228.89       0.1462       1.0894
 4229.93       0.3474       1.1523
 4230.96       0.8471       1.1757
 4232.00       0.8210       1.1179
 4233.04       0.2027       1.0751
 4234.08      -0.0598       1.0342
 4235.11       0.8001       1.0732
 4236.15       1.0071       1.0968
 4237.19       0.1537       1.0685
 4238.23       0.8124       1.0945
 4239.26       0.9297       1.0667
 4240.30       0.9104       1.0702
 4241.34       2.0388       1.1636
 4242.38       3.5838       1.2556
 4243.42       6.7808       1.4406
 4244.45       9.7657       1.6683
 4245.49      10.1337       1.7436
 4246.53       8.9807       1.6742
 4247.57       6.2549       1.5211
 4248.60       3.3127       1.3251
 4249.64       1.8960       1.1726
 4250.68      -0.2060       1.0178
 4251.72      -1.2032       0.9539
 4252.76      -0.1682       1.0565
 4253.79       1.0044       1.1414
 4254.83       1.3856       1.1434
 4255.87       1.4611       1.1402
 4256.91       1.0337       1.1329
 4257.94      -0.6993       1.0227
 4258.98       0.3301       1.0029
 4260.02       1.3938       1.0423
 4261.06       0.5362       1.0041
 4262.10      -0.1008       0.9823
 4263.13      -0.3791       1.0082
 4264.17       0.2566       1.0491
 4265.21       0.7394       1.0728
 4266.25       0.3496       1.0667
 4267.28      -0.1356       1.0368
 4268.32      -0.7206       0.9572
 4269.36      -0.6468       0.9404
 4270.40       1.0861       1.0505
 4271.43       0.7266       1.0238
 4272.47      -0.4586       0.9462
 4273.51       0.8647       1.0104
 4274.55       0.7842       0.9933
 4275.59      -0.1973       0.9667
 4276.62       0.5302       1.0333
 4277.66       1.3304       1.0660
 4278.70       0.9885       1.0505
 4279.74       0.5191       1.0036
 4280.77       0.7395       0.9742
 4281.81       1.3879       1.0063
 4282.85       1.0304       0.9813
 4283.89       1.1051       0.9836
 4284.93       1.0573       0.9834
 4285.96       0.7534       0.9488
 4287.00       0.5913       0.8882
 4288.04       0.3942       0.8803
 4289.08       0.3316       0.8749
 4290.11       1.2269       0.9132
 4291.15       1.2759       0.9415
 4292.19       0.7356       0.9214
 4293.23      -0.6832       0.8569
 4294.27      -0.2664       0.8778
 4295.30       1.9300       0.9853
 4296.34       1.8153       0.9528
 4297.38       0.0552       0.8422
 4298.42       0.4293       0.8498
 4299.45       1.5495       0.8749
 4300.49       1.0986       0.8146
 4301.53       0.3948       0.7717
 4302.57      -0.0368       0.7446
 4303.60      -0.4041       0.7363
 4304.64       0.9426       0.8160
 4305.68       1.2385       0.8210
 4306.72       0.6114       0.7886
 4307.76       1.7529       0.8778
 4308.79       1.8092       0.8929
 4309.83       2.0299       0.8760
 4310.87       0.8784       0.8144
 4311.91       0.6071       0.8223
 4312.94       2.1810       0.9304
 4313.98       2.0201       0.9563
 4315.02       1.5424       0.9471
 4316.06       0.7390       0.9286
 4317.10       0.0940       0.9184
 4318.13      -0.0226       0.9184
 4319.17       0.9368       0.9736
 4320.21       0.6665       0.9507
 4321.25      -0.3030       0.8588
 4322.28       0.4368       0.8531
 4323.32       0.7387       0.8165
 4324.36       0.1527       0.7829
 4325.40       0.6528       0.8416
 4326.44       0.7117       0.8776
 4327.47       0.7500       0.8838
 4328.51       1.0577       0.9007
 4329.55       0.5508       0.8710
 4330.59       0.3864       0.8780
 4331.62       0.4421       0.8946
 4332.66       0.6767       0.8992
 4333.70       0.3675       0.9028
 4334.74       0.9694       0.9390
 4335.77       1.6831       0.9235
 4336.81       0.3783       0.8447
 4337.85       0.4714       0.8390
 4338.89       1.3303       0.8549
 4339.93       1.6463       0.8701
 4340.96       1.5604       0.8683
 4342.00       1.8799       0.8763
 4343.04       1.3957       0.8706
 4344.08       0.4807       0.8439
 4345.11      -0.1614       0.8171
 4346.15       0.4767       0.8383
 4347.19       1.1390       0.8779
 4348.23       0.1181       0.8621
 4349.27      -0.4634       0.8242
 4350.30       0.5887       0.8332
 4351.34       1.6787       0.8577
 4352.38       0.8520       0.8156
 4353.42       0.3580       0.7844
 4354.45       0.8423       0.8121
 4355.49       2.2131       0.8905
 4356.53       1.1769       0.9359
 4357.57      -0.0150       0.8741
 4358.60       0.3232       0.8136
 4359.64       0.8678       0.8645
 4360.68       1.4484       0.8735
 4361.72       0.3166       0.8189
 4362.76       0.4469       0.8194
 4363.79       0.6327       0.8132
 4364.83      -0.1503       0.7629
 4365.87       1.4047       0.8419
 4366.91       1.2415       0.8554
 4367.94       0.0643       0.8024
 4368.98       0.5004       0.8173
 4370.02       0.1646       0.7957
 4371.06       0.5744       0.7892
 4372.10       2.2464       0.8560
 4373.13       1.5217       0.8437
 4374.17       1.1138       0.8471
 4375.21       0.5025       0.8091
 4376.25      -0.2226       0.8048
 4377.28       0.6242       0.8725
 4378.32       0.9620       0.8814
 4379.36       0.9087       0.8777
 4380.40       1.0587       0.8595
 4381.44       1.1968       0.8399
 4382.47       0.9519       0.8125
 4383.51      -0.0922       0.7468
 4384.55       1.0902       0.8038
 4385.59       1.9693       0.8657
 4386.62       1.7862       0.8662
 4387.66      -0.2033       0.7627
 4388.70      -0.0374       0.7477
 4389.74       1.1883       0.7773
 4390.77       0.7256       0.7846
 4391.81       1.6715       0.8611
 4392.85       0.9609       0.8200
 4393.89       0.3376       0.7680
 4394.93       0.9548       0.8020
 4395.96       0.4167       0.7861
 4397.00       1.5544       0.8362
 4398.04       0.5831       0.7884
 4399.08       0.9013       0.8073
 4400.11       1.0315       0.8288
 4401.15       0.1263       0.8016
 4402.19       1.6443       0.8903
 4403.23       2.3976       0.9588
 4404.27       1.8237       0.9498
 4405.30       2.2575       1.0193
 4406.34       3.2642       1.1703
 4407.38       2.1815       1.1221
 4408.42       2.5717       1.0085
 4409.45       1.3683       0.9562
 4410.49      -0.0225       0.9189
 4411.53       0.1509       0.9043
 4412.57       0.2959       0.8864
 4413.61       1.1611       0.9252
 4414.64       1.4700       0.9451
 4415.68       0.9664       0.9059
 4416.72       0.9460       0.9018
 4417.76       1.3167       0.9405
 4418.79       0.5090       0.9239
 4419.83       0.5427       0.9202
 4420.87       0.4117       0.9227
 4421.91       0.2963       0.8898
 4422.94       1.0409       0.9005
 4423.98       0.4020       0.8607
 4425.02       0.6104       0.9467
 4426.06       0.7405       0.9648
 4427.10       0.0329       0.8440
 4428.13       1.5266       0.9293
 4429.17       1.5288       0.8768
 4430.21       1.2808       0.8798
 4431.25       1.3347       0.9039
 4432.28       0.0521       0.8087
 4433.32       0.2654       0.8046
 4434.36       0.8648       0.8164
 4435.40       0.8830       0.8265
 4436.44       1.6722       0.8741
 4437.47       0.9085       0.8637
 4438.51       0.8727       0.8822
 4439.55       1.0693       0.8681
 4440.59       0.9205       0.8341
 4441.62       1.6705       0.8585
 4442.66       1.2218       0.7977
 4443.70       0.3477       0.7687
 4444.74      -0.1371       0.7909
 4445.78       1.8039       0.8857
 4446.81       2.1400       0.8851
 4447.85       0.8518       0.7884
 4448.89       0.6983       0.7956
 4449.93       0.5286       0.7767
 4450.96       1.4071       0.8035
 4452.00       2.4444       0.8516
 4453.04       1.3611       0.7921
 4454.08       0.7789       0.7192
 4455.11       1.7065       0.7458
 4456.15       0.8199       0.7132
 4457.19       0.0033       0.6653
 4458.23       1.4432       0.7186
 4459.27       2.0238       0.7617
 4460.30       1.2472       0.7377
 4461.34       1.6231       0.7550
 4462.38       0.8174       0.7282
 4463.42       0.4302       0.7049
 4464.45       0.6970       0.7238
 4465.49       0.5871       0.7358
 4466.53       1.6617       0.7863
 4467.57       1.5833       0.7715
 4468.61       0.8084       0.7265
 4469.64       1.2307       0.7432
 4470.68       0.1260       0.6751
 4471.72       1.1071       0.7181
 4472.76       1.0484       0.7402
 4473.79       0.2231       0.7182
 4474.83       1.1012       0.7599
 4475.87       0.3222       0.7144
 4476.91       0.1858       0.6951
 4477.95       1.5851       0.7601
 4478.98       1.0304       0.7094
 4480.02      -0.0720       0.6407
 4481.06      -0.1268       0.6539
 4482.10       1.0034       0.7060
 4483.13       2.1005       0.7717
 4484.17       0.7339       0.7320
 4485.21       0.1717       0.7127
 4486.25       1.4541       0.7618
 4487.28       1.6804       0.7612
 4488.32       1.8627       0.7571
 4489.36       1.7569       0.7445
 4490.40       0.4626       0.7065
 4491.44       1.6019       0.7651
 4492.47       1.8392       0.7966
 4493.51       0.5532       0.7322
 4494.55       1.0159       0.7336
 4495.59       0.9280       0.7261
 4496.62       0.5026       0.7232
 4497.66       0.9180       0.7615
 4498.70       1.8584       0.7865
 4499.74       0.6203       0.7183
 4500.78       0.7509       0.7360
 4501.81       1.2653       0.7563
 4502.85       0.9636       0.7559
 4503.89      -0.1790       0.7161
 4504.93       1.2960       0.7722
 4505.96       1.4343       0.7838
 4507.00      -0.2152       0.7922
 4508.04       1.4046       0.9115
 4509.08       0.8564       0.8301
 4510.12       0.7042       0.6343
 4511.15       1.7710       0.7975
 4512.19       1.8516       0.7767
 4513.23       0.5080       0.7191
 4514.27       0.3502       0.7140
 4515.30       1.5794       0.7549
 4516.34       0.1839       0.6957
 4517.38       0.1810       0.6797
 4518.42       0.2911       0.6770
 4519.45       0.9906       0.7268
 4520.49       2.0497       0.7892
 4521.53       1.0803       0.7438
 4522.57      -0.0997       0.6860
 4523.61      -0.0960       0.6900
 4524.64       0.7379       0.7010
 4525.68       0.7325       0.6965
 4526.72       0.9013       0.7124
 4527.76       0.8096       0.7383
 4528.79       0.5862       0.7583
 4529.83       1.0715       0.7454
 4530.87      -0.2216       0.6796
 4531.91       0.4813       0.7126
 4532.95       2.5695       0.8181
 4533.98       1.3849       0.7355
 4535.02       0.6771       0.6904
 4536.06       1.4183       0.7490
 4537.10       1.8593       0.7745
 4538.13       0.4162       0.7540
 4539.17       0.7027       0.7513
 4540.21       1.2898       0.7201
 4541.25       1.4606       0.7377
 4542.29       1.0422       0.7203
 4543.32       0.6480       0.6992
 4544.36       2.0426       0.7629
 4545.40       1.6498       0.7510
 4546.44       1.2229       0.7245
 4547.47       1.2699       0.7150
 4548.51       0.9938       0.6977
 4549.55       1.5255       0.6932
 4550.59       2.9227       0.7627
 4551.62       2.8973       0.7815
 4552.66       1.7078       0.7210
 4553.70       0.3739       0.6705
 4554.74       0.6051       0.6543
 4555.78       1.4471       0.6837
 4556.81       0.4176       0.6630
 4557.85       0.8679       0.6736
 4558.89       1.7127       0.6991
 4559.93       1.6077       0.7045
 4560.96       1.4620       0.6914
 4562.00       2.4342       0.7144
 4563.04       2.2815       0.7081
 4564.08       1.2060       0.6652
 4565.12       1.9930       0.7073
 4566.15       1.5278       0.6938
 4567.19       0.6468       0.6621
 4568.23       1.3864       0.6812
 4569.27       1.4941       0.6965
 4570.30       1.2510       0.6722
 4571.34       1.8279       0.6725
 4572.38       0.8268       0.6304
 4573.42       1.3339       0.6629
 4574.46       1.0995       0.6579
 4575.49       0.6859       0.6486
 4576.53       1.4725       0.7094
 4577.57       1.3389       0.7052
 4578.61       1.9152       0.7426
 4579.64       2.3526       0.7558
 4580.68       2.5631       0.7370
 4581.72       2.6620       0.7465
 4582.76       0.2349       0.6563
 4583.79       0.7428       0.6697
 4584.83       1.9851       0.6824
 4585.87       1.2391       0.6524
 4586.91       2.0591       0.6913
 4587.95       1.8754       0.6925
 4588.98       1.0358       0.6525
 4590.02       0.8262       0.6520
 4591.06       0.6879       0.6370
 4592.10       0.3007       0.6044
 4593.13       1.3274       0.6318
 4594.17       2.2800       0.6689
 4595.21       2.8152       0.7085
 4596.25       2.2961       0.6668
 4597.29       2.6437       0.6807
 4598.32       1.2034       0.6288
 4599.36       0.4020       0.5886
 4600.40       1.3412       0.6310
 4601.44       0.8326       0.5946
 4602.47       1.7216       0.6290
 4603.51       1.8711       0.6520
 4604.55       2.1168       0.6326
 4605.59       1.1781       0.6272
 4606.62       0.8128       0.6717
 4607.66       1.4272       0.6914
 4608.70       0.9743       0.6596
 4609.74       1.1049       0.6307
 4610.78       1.4241       0.6327
 4611.81       1.5433       0.6350
 4612.85       1.8637       0.6426
 4613.89       1.5144       0.6427
 4614.93       0.7476       0.6159
 4615.96       1.0478       0.6142
 4617.00       0.9899       0.6279
 4618.04       0.7207       0.5921
 4619.08       0.8179       0.6581
 4620.12       0.9415       0.6683
 4621.15       1.5633       0.6055
 4622.19       1.0306       0.6225
 4623.23      -0.0214       0.5813
 4624.27       1.0564       0.6291
 4625.30       0.5983       0.5979
 4626.34       0.3211       0.5923
 4627.38       1.2879       0.6354
 4628.42       1.6976       0.6340
 4629.46       1.1383       0.5877
 4630.49       0.3265       0.5629
 4631.53       1.8739       0.6333
 4632.57       1.8007       0.6343
 4633.61       1.7993       0.6438
 4634.64       2.0178       0.6355
 4635.68       1.7372       0.6120
 4636.72       1.2655       0.5885
 4637.76       1.8764       0.6015
 4638.79       1.5963       0.5858
 4639.83       0.7794       0.5786
 4640.87       0.5281       0.5901
 4641.91       1.7849       0.6338
 4642.95       2.1892       0.6440
 4643.98       1.6791       0.6021
 4645.02       2.0352       0.6035
 4646.06       1.8336       0.5731
 4647.10       1.3323       0.5682
 4648.13       1.4673       0.5932
 4649.17       1.2191       0.5808
 4650.21       2.0208       0.6174
 4651.25       1.8283       0.6113
 4652.29       1.8057       0.6055
 4653.32       1.4892       0.6004
 4654.36       0.4491       0.5519
 4655.40       1.1132       0.5744
 4656.44       1.6448       0.6087
 4657.47       2.2777       0.6537
 4658.51       1.1187       0.6378
 4659.55       0.5876       0.6139
 4660.59       1.0022       0.6268
 4661.62       0.7840       0.5968
 4662.66       0.8495       0.5906
 4663.70       0.7026       0.5788
 4664.74       1.1740       0.5710
 4665.78       1.1219       0.5539
 4666.81       0.3374       0.5347
 4667.85       0.7284       0.5461
 4668.89       2.1973       0.5935
 4669.93       1.7224       0.5881
 4670.96       0.9192       0.5775
 4672.00       1.3270       0.5887
 4673.04       1.1690       0.5837
 4674.08       0.5823       0.5713
 4675.12       0.8451       0.5771
 4676.15       0.9588       0.5951
 4677.19       1.1948       0.6054
 4678.23       0.6141       0.5509
 4679.27       0.8071       0.5486
 4680.30       0.8316       0.5554
 4681.34       0.6659       0.5323
 4682.38       1.1805       0.5714
 4683.42       1.1841       0.5835
 4684.46       1.2561       0.5911
 4685.49       1.7183       0.5954
 4686.53       1.0051       0.5414
 4687.57      -0.1592       0.4988
 4688.61       1.2381       0.5596
 4689.64       2.0737       0.5834
 4690.68       1.7484       0.5668
 4691.72       1.5073       0.5655
 4692.76       1.9006       0.5724
 4693.79       2.1158       0.5763
 4694.83       1.5468       0.5725
 4695.87       0.8672       0.5481
 4696.91       1.4502       0.5594
 4697.95       0.4298       0.5038
 4698.98       0.2045       0.4888
 4700.02       1.5084       0.5500
 4701.06       1.3332       0.5573
 4702.10       1.3618       0.5337
 4703.13       0.8198       0.5110
 4704.17       0.7019       0.5208
 4705.21       1.7952       0.5721
 4706.25       1.2838       0.5446
 4707.29       0.9511       0.5209
 4708.32       1.5972       0.5580
 4709.36       1.7719       0.5687
 4710.40       1.5765       0.5624
 4711.44       1.1119       0.5384
 4712.47       1.4444       0.5470
 4713.51       1.6251       0.5416
 4714.55       1.4156       0.5293
 4715.59       1.0108       0.5253
 4716.62       1.2620       0.5336
 4717.66       1.0555       0.5345
 4718.70       1.2492       0.5484
 4719.74       1.2372       0.5522
 4720.78       0.7259       0.5179
 4721.81       0.8518       0.5002
 4722.85       0.9805       0.5131
 4723.89       0.7050       0.5223
 4724.93       0.5055       0.5115
 4725.96       1.3122       0.5227
 4727.00       0.9075       0.4968
 4728.04       1.3705       0.5154
 4729.08       1.6060       0.5310
 4730.12       1.2905       0.5168
 4731.15       1.1097       0.5076
 4732.19       0.6797       0.4914
 4733.23       0.7283       0.4882
 4734.27       0.2670       0.4708
 4735.30       1.1068       0.4977
 4736.34       1.1410       0.5045
 4737.38       0.3467       0.4860
 4738.42       0.9081       0.5050
 4739.46       1.6899       0.5228
 4740.49       1.8004       0.5293
 4741.53       0.9947       0.4936
 4742.57       1.1163       0.4990
 4743.61       1.2551       0.5200
 4744.64       1.0338       0.5016
 4745.68       0.4111       0.4847
 4746.72       1.0645       0.5058
 4747.76       1.3613       0.5033
 4748.80       1.0347       0.4953
 4749.83       1.6903       0.5331
 4750.87       2.0875       0.5487
 4751.91       1.7794       0.5177
 4752.95       0.9279       0.4882
 4753.98       0.5300       0.4881
 4755.02       1.2587       0.4934
 4756.06       0.9883       0.4812
 4757.10       0.8291       0.4827
 4758.13       1.3387       0.4972
 4759.17       1.4157       0.5104
 4760.21       2.1996       0.5455
 4761.25       2.0655       0.5265
 4762.29       1.1558       0.4731
 4763.32       1.0478       0.4816
 4764.36       1.2040       0.4915
 4765.40       1.4320       0.4964
 4766.44       1.3593       0.4910
 4767.47       0.5452       0.4595
 4768.51       0.4592       0.4676
 4769.55       1.2023       0.4984
 4770.59       1.6894       0.5089
 4771.63       0.6658       0.4802
 4772.66       1.1668       0.4989
 4773.70       1.4948       0.5106
 4774.74       1.8964       0.5165
 4775.78       1.7287       0.5201
 4776.81       1.6851       0.5210
 4777.85       1.4165       0.4967
 4778.89       0.4513       0.4719
 4779.93       0.7669       0.4860
 4780.97       1.8541       0.5213
 4782.00       2.1244       0.5269
 4783.04       0.9861       0.4754
 4784.08       1.2945       0.4882
 4785.12       2.1489       0.5241
 4786.15       1.1935       0.4796
 4787.19       0.7460       0.4690
 4788.23       1.5071       0.4859
 4789.27       1.4114       0.4806
 4790.30       1.1796       0.4819
 4791.34       0.8955       0.4840
 4792.38       1.4294       0.5131
 4793.42       0.9174       0.4862
 4794.46       0.1601       0.4650
 4795.49       2.0048       0.5344
 4796.53       2.0986       0.5337
 4797.57       0.5256       0.4699
 4798.61       1.2992       0.4898
 4799.64       1.4740       0.4913
 4800.68       1.3781       0.4934
 4801.72       2.5775       0.5432
 4802.76       1.7475       0.5224
 4803.80       0.1735       0.4611
 4804.83       1.6206       0.5073
 4805.87       1.3589       0.4921
 4806.91       0.5611       0.4611
 4807.95       1.5773       0.5029
 4808.98       1.9557       0.5067
 4810.02       1.5366       0.4922
 4811.06       0.6385       0.4602
 4812.10       0.7186       0.4599
 4813.14       1.0017       0.4938
 4814.17       1.1813       0.5154
 4815.21       0.9982       0.5071
 4816.25       1.6140       0.5302
 4817.29       2.3270       0.5704
 4818.32       0.7193       0.5202
 4819.36       1.8525       0.5607
 4820.40       1.4262       0.5570
 4821.44       0.9145       0.5341
 4822.47       0.7479       0.5103
 4823.51       1.2660       0.5205
 4824.55       1.5997       0.5305
 4825.59       1.4442       0.5245
 4826.63       2.1865       0.5659
 4827.66       1.2392       0.5366
 4828.70       0.6478       0.5000
 4829.74       1.4107       0.5264
 4830.78       0.5257       0.5010
 4831.81       1.0764       0.5149
 4832.85       1.8360       0.5382
 4833.89       0.9051       0.5028
 4834.93       0.9959       0.5160
 4835.97       1.7794       0.5379
 4837.00       1.9537       0.5389
 4838.04       1.4062       0.5307
 4839.08       1.9067       0.5416
 4840.12       0.8345       0.5002
 4841.15       1.3105       0.5120
 4842.19       2.7304       0.5624
 4843.23       1.7285       0.5178
 4844.27       1.2817       0.4893
 4845.31       1.4654       0.4957
 4846.34       0.8708       0.4892
 4847.38       0.3430       0.4676
 4848.42       0.8922       0.4555
 4849.46       1.8466       0.4763
 4850.49       2.2507       0.5019
 4851.53       0.7847       0.4420
 4852.57       0.7915       0.4328
 4853.61       1.0757       0.4450
 4854.64       0.9841       0.4324
 4855.68       0.7719       0.4070
 4856.72       1.0118       0.4052
 4857.76       2.0166       0.4458
 4858.80       1.7999       0.4291
 4859.83       0.8812       0.3951
 4860.87       1.6702       0.4343
 4861.91       1.5193       0.4230
 4862.95       0.2947       0.3650
 4863.98       0.9281       0.3813
 4865.02       0.9847       0.3913
 4866.06       1.0044       0.3914
 4867.10       0.9459       0.3902
 4868.14       1.0509       0.4091
 4869.17       1.7312       0.4268
 4870.21       1.4627       0.3950
 4871.25       1.0415       0.3790
 4872.29       1.0275       0.3851
 4873.32       0.8928       0.3724
 4874.36       0.6323       0.2564
 4875.40       0.7608       0.4687
 4876.44       1.4089       0.5051
 4877.48       1.1558       0.2950
 4878.51       0.3538       0.3742
 4879.55       1.2612       0.4051
 4880.59       1.7202       0.4156
 4881.63       0.7853       0.3940
 4882.66       0.4947       0.3897
 4883.70       0.3453       0.3776
 4884.74       0.5199       0.3676
 4885.78       1.6059       0.4007
 4886.81       1.4792       0.4062
 4887.85       0.7545       0.3845
 4888.89       1.1831       0.4033
 4889.93       1.2576       0.4050
 4890.97       1.1181       0.3943
 4892.00       1.2481       0.4049
 4893.04       1.5435       0.4167
 4894.08       1.2700       0.4082
 4895.12       1.1200       0.4055
 4896.15       0.5100       0.3916
 4897.19       1.3175       0.4287
 4898.23       1.5434       0.4344
 4899.27       0.5937       0.3976
 4900.31       0.8774       0.3997
 4901.34       1.1710       0.3926
 4902.38       1.0469       0.4048
 4903.42       1.3349       0.4242
 4904.46       1.4423       0.4313
 4905.49       0.9587       0.4275
 4906.53       0.9739       0.4270
 4907.57       1.6320       0.4302
 4908.61       1.5436       0.4153
 4909.65       1.3546       0.4048
 4910.68       1.5998       0.4164
 4911.72       1.0939       0.4052
 4912.76      -0.1592       0.3590
 4913.80       0.2197       0.3729
 4914.83       0.3003       0.3771
 4915.87       0.9213       0.4030
 4916.91       2.3913       0.4433
 4917.95       1.7881       0.4064
 4918.98       1.0457       0.3723
 4920.02       1.7415       0.3961
 4921.06       1.5916       0.4032
 4922.10       1.2951       0.3932
 4923.14       0.8668       0.3904
 4924.17       1.0148       0.4058
 4925.21       1.7916       0.4289
 4926.25       0.5390       0.3858
 4927.29       0.3795       0.3692
 4928.32       1.0287       0.3908
 4929.36       1.8169       0.4152
 4930.40       1.8768       0.4184
 4931.44       0.9106       0.3968
 4932.48       0.4675       0.3794
 4933.51       0.5860       0.3826
 4934.55       1.2759       0.3992
 4935.59       1.1293       0.4020
 4936.63       0.2098       0.3761
 4937.66       0.5763       0.3777
 4938.70       1.1333       0.3845
 4939.74       0.9968       0.3773
 4940.78       1.8779       0.4098
 4941.81       2.2597       0.4356
 4942.85       1.8040       0.4295
 4943.89       1.4551       0.4024
 4944.93       1.1505       0.3947
 4945.97       1.1529       0.3954
 4947.00       0.8138       0.3882
 4948.04       0.5688       0.3877
 4949.08       0.7904       0.3855
 4950.12       0.5828       0.3854
 4951.15       0.5461       0.3899
 4952.19       0.6286       0.4040
 4953.23       0.9022       0.4149
 4954.27       1.1589       0.4117
 4955.31       0.9957       0.3898
 4956.34       1.3992       0.3895
 4957.38       1.0153       0.3732
 4958.42       0.0464       0.3495
 4959.46       0.3663       0.3667
 4960.49       0.9948       0.3888
 4961.53       1.2990       0.3948
 4962.57       1.4663       0.3995
 4963.61       1.0724       0.4073
 4964.65       1.3169       0.4128
 4965.68       1.6350       0.4191
 4966.72       1.0740       0.4137
 4967.76       0.9773       0.4062
 4968.80       1.3285       0.4099
 4969.83       1.1873       0.4038
 4970.87       0.5736       0.3843
 4971.91       1.1713       0.4016
 4972.95       1.9794       0.4268
 4973.98       1.7892       0.4492
 4975.02       0.8452       0.4368
 4976.06       0.3380       0.4047
 4977.10       0.7865       0.3737
 4978.14       1.6876       0.4074
 4979.17       1.4244       0.3929
 4980.21       1.4352       0.3780
 4981.25       1.8538       0.3798
 4982.29       1.4432       0.3647
 4983.32       1.6709       0.3710
 4984.36       1.7646       0.3853
 4985.40       1.5014       0.3832
 4986.44       1.5440       0.3926
 4987.48       1.4159       0.3867
 4988.51       1.5477       0.3861
 4989.55       1.7163       0.3979
 4990.59       1.1641       0.3842
 4991.63       0.8008       0.3728
 4992.66       0.8522       0.3706
 4993.70       1.2616       0.3851
 4994.74       1.1438       0.3756
 4995.78       1.1324       0.3699
 4996.81       1.3630       0.3798
 4997.85       1.4782       0.3787
 4998.89       0.9438       0.3605
 4999.93       0.4462       0.3451
 5000.97       0.7181       0.3451
 5002.00       1.1743       0.3556
 5003.04       1.6789       0.3753
 5004.08       1.3686       0.3682
 5005.12       0.8229       0.3567
 5006.15       1.2251       0.3629
 5007.19       1.1317       0.3601
 5008.23       1.1387       0.3712
 5009.27       1.2520       0.3735
 5010.31       1.3314       0.3637
 5011.34       1.8911       0.3672
 5012.38       1.3693       0.3536
 5013.42       0.9013       0.3402
 5014.46       1.1480       0.3543
 5015.49       1.2199       0.3564
 5016.53       0.8948       0.3329
 5017.57       0.9318       0.3355
 5018.61       1.3086       0.3489
 5019.65       1.4314       0.3554
 5020.68       1.4009       0.3593
 5021.72       1.3560       0.3495
 5022.76       1.4813       0.3499
 5023.80       1.2069       0.3513
 5024.83       0.9295       0.3394
 5025.87       0.8785       0.3318
 5026.91       1.0310       0.3374
 5027.95       1.2449       0.3411
 5028.98       1.1877       0.3393
 5030.02       1.2534       0.3484
 5031.06       1.4171       0.3539
 5032.10       1.5460       0.3567
 5033.14       1.3865       0.3534
 5034.17       1.3305       0.3414
 5035.21       1.1759       0.3288
 5036.25       1.0071       0.3320
 5037.29       1.2361       0.3371
 5038.32       1.3060       0.3351
 5039.36       0.7882       0.3178
 5040.40       0.4942       0.3068
 5041.44       1.2792       0.3307
 5042.48       0.8888       0.3251
 5043.51       0.3614       0.3177
 5044.55       1.5234       0.3552
 5045.59       1.5464       0.3571
 5046.63       1.2060       0.3470
 5047.66       1.8938       0.3698
 5048.70       1.8003       0.3606
 5049.74       1.1254       0.3335
 5050.78       0.7163       0.3217
 5051.82       0.5267       0.3131
 5052.85       1.0819       0.3315
 5053.89       1.1624       0.3421
 5054.93       1.0525       0.3399
 5055.97       1.3688       0.3472
 5057.00       1.3876       0.3544
 5058.04       1.2549       0.3524
 5059.08       0.8251       0.3371
 5060.12       1.1041       0.3436
 5061.16       0.8030       0.3351
 5062.19       0.4646       0.3283
 5063.23       0.9261       0.3356
 5064.27       1.3855       0.3361
 5065.31       1.4901       0.3366
 5066.34       1.1562       0.3314
 5067.38       0.6234       0.3150
 5068.42       0.6409       0.3170
 5069.46       1.0725       0.3392
 5070.49       0.7349       0.3298
 5071.53       1.3737       0.3385
 5072.57       1.6200       0.3515
 5073.61       1.0139       0.3227
 5074.65       0.6361       0.3082
 5075.68       0.9121       0.3334
 5076.72       1.4065       0.3428
 5077.76       1.3376       0.3338
 5078.80       1.7606       0.3377
 5079.83       1.9318       0.3403
 5080.87       1.5528       0.3403
 5081.91       1.3809       0.3411
 5082.95       1.0554       0.3241
 5083.99       1.3335       0.3291
 5085.02       1.6281       0.3410
 5086.06       0.9801       0.3218
 5087.10       0.9573       0.3218
 5088.14       1.0793       0.3247
 5089.17       0.8282       0.3166
 5090.21       1.1346       0.3293
 5091.25       1.1997       0.3368
 5092.29       1.2293       0.3365
 5093.33       1.5026       0.3435
 5094.36       0.9710       0.3278
 5095.40       1.3094       0.3300
 5096.44       1.8435       0.3427
 5097.48       1.2119       0.3233
 5098.51       1.3937       0.3197
 5099.55       1.0551       0.3123
 5100.59       0.9178       0.3147
 5101.63       0.9395       0.3202
 5102.66       0.9456       0.3254
 5103.70       1.4969       0.3395
 5104.74       1.4580       0.3320
 5105.78       1.0963       0.3185
 5106.82       0.7645       0.3070
 5107.85       0.7646       0.3030
 5108.89       0.9366       0.3031
 5109.93       1.5064       0.3225
 5110.97       1.6413       0.3355
 5112.00       0.8725       0.3123
 5113.04       1.2780       0.3289
 5114.08       1.2966       0.3323
 5115.12       0.1947       0.3015
 5116.16       1.1041       0.3230
 5117.19       1.0138       0.3247
 5118.23       0.4927       0.3124
 5119.27       1.1770       0.3289
 5120.31       0.8608       0.3157
 5121.34       0.8273       0.3058
 5122.38       1.5429       0.3235
 5123.42       1.0871       0.3055
 5124.46       0.5903       0.2860
 5125.50       0.8403       0.2933
 5126.53       0.7761       0.2948
 5127.57       0.4476       0.2953
 5128.61       0.4631       0.2958
 5129.65       1.5451       0.3235
 5130.68       1.9513       0.3433
 5131.72       1.5114       0.3345
 5132.76       1.0288       0.3170
 5133.80       0.7335       0.3123
 5134.83       0.5364       0.3145
 5135.87       0.9667       0.3202
 5136.91       2.2644       0.3498
 5137.95       0.9787       0.3141
 5138.99       0.9774       0.3110
 5140.02       1.3930       0.3158
 5141.06       0.4754       0.3269
 5142.10       0.4740       0.3174
 5143.14       1.2157       0.3111
 5144.17       1.4309       0.3197
 5145.21       0.8156       0.3058
 5146.25       1.6543       0.3363
 5147.29       1.6779       0.3260
 5148.33       0.7563       0.2956
 5149.36       1.8038       0.3198
 5150.40       1.5389       0.3196
 5151.44       1.3255       0.3152
 5152.48       1.1205       0.3019
 5153.51       0.9883       0.2971
 5154.55       2.1277       0.3332
 5155.59       1.6494       0.3287
 5156.63       0.9385       0.3137
 5157.67       1.0744       0.3088
 5158.70       0.7126       0.2948
 5159.74       0.7957       0.2982
 5160.78       1.5468       0.3120
 5161.82       1.6460       0.3101
 5162.85       0.9038       0.2901
 5163.89       0.5624       0.2757
 5164.93       1.2415       0.2876
 5165.97       1.1747       0.2751
 5167.00       1.2466       0.2671
 5168.04       1.2650       0.2718
 5169.08       0.8976       0.2654
 5170.12       1.0392       0.2624
 5171.16       0.7032       0.2477
 5172.19       1.4687       0.2645
 5173.23       1.3070       0.2678
 5174.27       0.9772       0.2750
 5175.31       1.3760       0.2890
 5176.34       1.3686       0.2843
 5177.38       1.7702       0.2947
 5178.42       1.0256       0.2830
 5179.46       0.7833       0.2735
 5180.50       1.5895       0.2800
 5181.53       0.5414       0.2410
 5182.57       0.2213       0.2215
 5183.61       0.8619       0.2365
 5184.65       0.7348       0.2490
 5185.68       0.8304       0.2759
 5186.72       0.6843       0.2866
 5187.76       0.6204       0.2840
 5188.80       1.0746       0.2970
 5189.83       1.5899       0.3042
 5190.87       1.2503       0.2836
 5191.91       0.9958       0.2755
 5192.95       1.0975       0.2808
 5193.99       1.7011       0.2937
 5195.02       0.9117       0.2985
 5196.06       0.0224       0.3429
 5197.10       0.6341       0.4157
 5198.14       0.6828       0.4426
 5199.17       1.0131       0.4355
 5200.21       1.4024       0.4034
 5201.25       1.6534       0.3738
 5202.29       1.5202       0.3454
 5203.33       1.1426       0.3171
 5204.36       1.5230       0.3013
 5205.40       1.2693       0.2764
 5206.44       0.9150       0.2669
 5207.48       0.9294       0.2814
 5208.51       1.1731       0.2923
 5209.55       1.5209       0.2884
 5210.59       1.3607       0.2840
 5211.63       1.5254       0.2931
 5212.67       1.6804       0.2953
 5213.70       1.6178       0.2931
 5214.74       0.8332       0.2733
 5215.78      -0.0946       0.2564
 5216.82       0.8269       0.2845
 5217.85       1.7355       0.3096
 5218.89       1.0803       0.2959
 5219.93       0.8383       0.2874
 5220.97       1.5930       0.3046
 5222.00       1.5600       0.3222
 5223.04       1.3172       0.3324
 5224.08       1.7717       0.3358
 5225.12       1.6078       0.3106
 5226.16       1.2336       0.2800
 5227.19       0.8689       0.2711
 5228.23       0.6649       0.2690
 5229.27       0.8305       0.2753
 5230.31       0.8846       0.2850
 5231.34       1.1884       0.2903
 5232.38       1.3888       0.2920
 5233.42       1.5088       0.2943
 5234.46       0.9918       0.2807
 5235.50       1.0678       0.2832
 5236.53       1.6844       0.3165
 5237.57       1.2543       0.3341
 5238.61       1.0492       0.3338
 5239.65       1.3158       0.3231
 5240.68       1.4818       0.3043
 5241.72       2.0941       0.3067
 5242.76       2.0957       0.3036
 5243.80       1.2261       0.2855
 5244.83       0.7664       0.2790
 5245.87       1.4221       0.2932
 5246.91       1.6685       0.3015
 5247.95       0.9929       0.2867
 5248.99       0.5100       0.2774
 5250.02       0.8582       0.2825
 5251.06       0.9493       0.2790
 5252.10       1.1839       0.2831
 5253.14       1.4592       0.2988
 5254.17       1.0207       0.3083
 5255.21       0.9936       0.3240
 5256.25       1.4856       0.3401
 5257.29       1.3664       0.3204
 5258.33       0.9683       0.2911
 5259.36       1.3916       0.2924
 5260.40       1.2892       0.2801
 5261.44       0.8406       0.2645
 5262.48       1.2446       0.2646
 5263.51       1.3697       0.2648
 5264.55       1.4839       0.2641
 5265.59       0.6622       0.2435
 5266.63       0.7923       0.2508
 5267.67       0.5502       0.2475
 5268.70       0.4337       0.2487
 5269.74       0.9684       0.2597
 5270.78       1.4971       0.2727
 5271.82       1.5920       0.2765
 5272.85       0.8086       0.2682
 5273.89       1.6031       0.3034
 5274.93       1.5552       0.3068
 5275.97       1.2726       0.3034
 5277.00       1.2417       0.2982
 5278.04       1.9859       0.3047
 5279.08       1.7424       0.2907
 5280.12       0.5864       0.2562
 5281.16       1.4125       0.2778
 5282.19       1.4124       0.2737
 5283.23       0.9865       0.2637
 5284.27       0.6261       0.2609
 5285.31       1.2157       0.2750
 5286.34       1.3948       0.2840
 5287.38       1.1706       0.2796
 5288.42       0.6228       0.2678
 5289.46       0.8242       0.2697
 5290.50       1.1896       0.2826
 5291.53       0.8398       0.2792
 5292.57       0.6464       0.2716
 5293.61       0.8902       0.2831
 5294.65       1.4846       0.2927
 5295.68       1.5182       0.2874
 5296.72       1.2668       0.2926
 5297.76       0.4373       0.2775
 5298.80       0.6723       0.2838
 5299.83       1.2303       0.2938
 5300.87       0.5555       0.2723
 5301.91       1.2544       0.2910
 5302.95       1.9685       0.3105
 5303.99       1.2181       0.2965
 5305.02       1.1946       0.3028
 5306.06       1.6653       0.3148
 5307.10       1.2859       0.3002
 5308.14       1.1712       0.2980
 5309.17       1.7795       0.3070
 5310.21       2.1272       0.3174
 5311.25       2.1334       0.3266
 5312.29       1.4228       0.3154
 5313.33       0.9279       0.3003
 5314.36       1.4264       0.3036
 5315.40       1.3319       0.2927
 5316.44       0.9144       0.2830
 5317.48       1.7124       0.3111
 5318.51       1.1645       0.2969
 5319.55       0.8478       0.2890
 5320.59       1.2701       0.3004
 5321.63       0.8461       0.2894
 5322.67       1.1264       0.2945
 5323.70       1.3450       0.3023
 5324.74       1.4797       0.3005
 5325.78       1.4977       0.2930
 5326.82       1.1213       0.2795
 5327.85       1.1092       0.2812
 5328.89       1.2106       0.2990
 5329.93       1.1566       0.3159
 5330.97       1.4142       0.3195
 5332.00       1.2571       0.3009
 5333.04       1.4626       0.2950
 5334.08       1.4056       0.2949
 5335.12       1.0453       0.2856
 5336.16       1.0138       0.2823
 5337.19       1.0113       0.2877
 5338.23       1.7563       0.2950
 5339.27       1.9538       0.2919
 5340.31       1.0978       0.2711
 5341.34       0.3834       0.2548
 5342.38       0.7721       0.2733
 5343.42       1.6855       0.2900
 5344.46       1.6964       0.2871
 5345.50       1.2686       0.2805
 5346.53       0.6611       0.2652
 5347.57       1.1088       0.2837
 5348.61       1.4315       0.2938
 5349.65       0.7264       0.2762
 5350.68       0.8582       0.2824
 5351.72       1.4000       0.2982
 5352.76       1.9760       0.3080
 5353.80       1.8990       0.3019
 5354.84       1.5843       0.2958
 5355.87       1.3684       0.2904
 5356.91       1.1358       0.2820
 5357.95       0.8526       0.2764
 5358.99       0.6206       0.2749
 5360.02       0.8870       0.2810
 5361.06       0.9825       0.2822
 5362.10       1.2481       0.2789
 5363.14       0.8423       0.2669
 5364.17       0.5536       0.2651
 5365.21       0.5635       0.2619
 5366.25       1.3762       0.2837
 5367.29       1.5449       0.2938
 5368.33       1.1977       0.2853
 5369.36       1.7507       0.2996
 5370.40       1.7883       0.2979
 5371.44       1.2859       0.2869
 5372.48       1.9924       0.3024
 5373.51       1.8161       0.2942
 5374.55       0.9156       0.2808
 5375.59       0.8791       0.2785
 5376.63       1.2587       0.2815
 5377.67       1.3185       0.2902
 5378.70       0.9290       0.2835
 5379.74       0.9141       0.2724
 5380.78       1.5406       0.2826
 5381.82       2.2604       0.3041
 5382.85       1.3473       0.2827
 5383.89       0.4993       0.2614
 5384.93       1.2161       0.2842
 5385.97       1.6743       0.2939
 5387.01       1.4246       0.2790
 5388.04       1.1617       0.2761
 5389.08       0.9963       0.2722
 5390.12       0.8272       0.2636
 5391.16       1.3812       0.2797
 5392.19       1.5138       0.2805
 5393.23       0.9483       0.2639
 5394.27       0.8990       0.2686
 5395.31       0.5480       0.2554
 5396.34       1.4282       0.2723
 5397.38       1.2840       0.2712
 5398.42       1.2596       0.2689
 5399.46       1.4064       0.2807
 5400.50       1.1131       0.2763
 5401.53       0.7719       0.2615
 5402.57       0.7134       0.2552
 5403.61       0.8739       0.2541
 5404.65       1.1681       0.2551
 5405.68       1.6622       0.2697
 5406.72       0.9851       0.2554
 5407.76       0.5577       0.2475
 5408.80       2.0197       0.2902
 5409.84       1.7634       0.2843
 5410.87       0.5536       0.2525
 5411.91       1.0179       0.2687
 5412.95       1.1386       0.2677
 5413.99       1.1758       0.2613
 5415.02       1.3841       0.2711
 5416.06       1.6669       0.2820
 5417.10       1.5711       0.2805
 5418.14       0.9635       0.2660
 5419.18       1.2055       0.2707
 5420.21       1.4246       0.2752
 5421.25       1.7080       0.2850
 5422.29       1.4127       0.2787
 5423.33       0.8709       0.2579
 5424.36       1.0158       0.2642
 5425.40       0.7457       0.2716
 5426.44       0.4878       0.2660
 5427.48       0.8509       0.2638
 5428.52       1.1223       0.2689
 5429.55       1.3027       0.2734
 5430.59       0.9122       0.2653
 5431.63       0.7411       0.2652
 5432.67       1.4050       0.2773
 5433.70       1.3974       0.2791
 5434.74       0.9370       0.2762
 5435.78       0.7206       0.2754
 5436.82       0.8190       0.2811
 5437.85       1.3516       0.2901
 5438.89       1.3712       0.2860
 5439.93       1.2603       0.2822
 5440.97       1.3686       0.2848
 5442.01       0.8730       0.2731
 5443.04       0.8422       0.2738
 5444.08       1.0262       0.2731
 5445.12       0.9475       0.2667
 5446.16       1.1794       0.2705
 5447.19       0.9262       0.2707
 5448.23       0.6586       0.2678
 5449.27       1.1283       0.2808
 5450.31       1.7243       0.2995
 5451.35       1.3409       0.2855
 5452.38       0.6896       0.2693
 5453.42       0.5655       0.2644
 5454.46       1.1676       0.2764
 5455.50       1.6657       0.2843
 5456.53       1.4489       0.2835
 5457.57       1.4923       0.2954
 5458.61       0.9933       0.2927
 5459.65       0.4801       0.2851
 5460.69       0.6918       0.2862
 5461.72       1.1308       0.2963
 5462.76       1.9320       0.3001
 5463.80       0.6259       0.2613
 5464.84       0.7389       0.2654
 5465.87       1.7913       0.2944
 5466.91       1.0645       0.2779
 5467.95       1.3918       0.2822
 5468.99       0.8937       0.2768
 5470.02       1.0108       0.2785
 5471.06       1.5625       0.2864
 5472.10       1.2890       0.2809
 5473.14       1.2890       0.2863
 5474.18       0.6870       0.2667
 5475.21       1.1761       0.2786
 5476.25       1.5625       0.2823
 5477.29       0.5798       0.2567
 5478.33       0.7640       0.2628
 5479.36       1.9920       0.2882
 5480.40       1.7045       0.2871
 5481.44       1.8144       0.2918
 5482.48       1.8404       0.2957
 5483.52       0.8492       0.2744
 5484.55       0.7589       0.2731
 5485.59       0.9370       0.2778
 5486.63       1.6857       0.2900
 5487.67       1.8044       0.2940
 5488.70       1.3225       0.2847
 5489.74       1.4690       0.2814
 5490.78       1.4237       0.2837
 5491.82       1.0719       0.2793
 5492.85       1.1901       0.2758
 5493.89       1.0131       0.2689
 5494.93       0.6725       0.2706
 5495.97       0.9225       0.2819
 5497.01       1.1514       0.2861
 5498.04       1.5647       0.2904
 5499.08       1.6119       0.2965
 5500.12       1.4406       0.3003
 5501.16       1.3380       0.2926
 5502.19       1.0565       0.2886
 5503.23       1.3353       0.2946
 5504.27       1.4512       0.2975
 5505.31       1.1541       0.2933
 5506.35       0.9715       0.2873
 5507.38       1.2551       0.2918
 5508.42       1.0841       0.2842
 5509.46       0.9878       0.2881
 5510.50       1.3126       0.2990
 5511.53       1.3772       0.2941
 5512.57       1.1966       0.2885
 5513.61       0.7461       0.2815
 5514.65       0.9855       0.2858
 5515.69       1.3132       0.2929
 5516.72       1.1270       0.2939
 5517.76       1.1478       0.2891
 5518.80       0.9115       0.2809
 5519.84       0.8261       0.2862
 5520.87       1.0357       0.2923
 5521.91       1.0971       0.2889
 5522.95       1.2187       0.2950
 5523.99       1.5432       0.3034
 5525.02       1.3617       0.2961
 5526.06       1.1608       0.2876
 5527.10       1.7552       0.2955
 5528.14       1.2914       0.2851
 5529.18       0.5128       0.2689
 5530.21       0.3075       0.2734
 5531.25       0.4012       0.2795
 5532.29       0.8860       0.2909
 5533.33       2.0814       0.3112
 5534.36       3.7031       0.3575
 5535.40       4.2797       0.3814
 5536.44       4.1363       0.3760
 5537.48       3.6462       0.3650
 5538.52       1.5574       0.3087
 5539.55       1.0267       0.3023
 5540.59       0.4014       0.3011
 5541.63       1.1572       0.3368
 5542.67       1.5527       0.3642
 5543.70       1.2824       0.3645
 5544.74       1.8900       0.3676
 5545.78       1.2894       0.3323
 5546.82       1.2883       0.3213
 5547.85       1.1360       0.3175
 5548.89       1.9025       0.3413
 5549.93       2.0166       0.3433
 5550.97       0.6944       0.3042
 5552.01       0.8950       0.3044
 5553.04       1.1947       0.3138
 5554.08       1.2250       0.3138
 5555.12       1.4527       0.3222
 5556.16       0.9711       0.3085
 5557.19       1.0024       0.3092
 5558.23       1.4769       0.3245
 5559.27       1.5069       0.3253
 5560.31       1.1169       0.3215
 5561.35       0.6715       0.3294
 5562.38       0.9911       0.3706
 5563.42       1.0346       0.3944
 5564.46       0.8493       0.3837
 5565.50       0.7664       0.3529
 5566.53       1.1860       0.3421
 5567.57       1.8074       0.3610
 5568.61       1.4049       0.3593
 5569.65       1.0133       0.3492
 5570.69       1.5710       0.3619
 5571.72       1.4878       0.3879
 5572.76       0.9512       0.3751
 5573.80       1.8921       0.7812
 5574.84       1.6370       3.8688
 5575.87       1.0688       9.4298
 5576.91       1.2078      12.7534
 5577.95       1.1131      10.5403
 5578.99       1.1786       4.9021
 5580.02       0.8097       1.1727
 5581.06       1.6368       0.4344
 5582.10       2.0849       0.4383
 5583.14       1.2924       0.3695
 5584.18       0.8617       0.3400
 5585.21       0.8793       0.3320
 5586.25       1.7069       0.3529
 5587.29       1.8580       0.3798
 5588.33       1.1433       0.3838
 5589.36       1.0025       0.3741
 5590.40       1.0755       0.3640
 5591.44       1.5614       0.3510
 5592.48       1.1806       0.3221
 5593.52       1.1914       0.3165
 5594.55       1.1339       0.3168
 5595.59       0.8544       0.3208
 5596.63       1.0899       0.3412
 5597.67       1.5684       0.3579
 5598.70       1.8563       0.3599
 5599.74       0.8470       0.3201
 5600.78       0.3420       0.2983
 5601.82       0.8881       0.3239
 5602.86       1.4821       0.3643
 5603.89       1.5497       0.4031
 5604.93       1.0921       0.4068
 5605.97       1.3363       0.3930
 5607.01       1.4126       0.3600
 5608.04       1.4667       0.3296
 5609.08       1.4793       0.3269
 5610.12       0.9610       0.3236
 5611.16       0.8994       0.3264
 5612.19       0.8725       0.3288
 5613.23       1.2033       0.3311
 5614.27       1.3715       0.3339
 5615.31       1.1711       0.3290
 5616.35       1.2142       0.3406
 5617.38       1.2445       0.3473
 5618.42       1.3447       0.3438
 5619.46       1.4270       0.3421
 5620.50       1.3783       0.3513
 5621.53       0.9533       0.3636
 5622.57       0.8599       0.3844
 5623.61       1.4177       0.3983
 5624.65       1.6625       0.3875
 5625.69       1.6176       0.3657
 5626.72       1.2625       0.3460
 5627.76       1.4025       0.3479
 5628.80       1.4888       0.3481
 5629.84       1.2119       0.3471
 5630.87       1.1196       0.3480
 5631.91       1.6148       0.3595
 5632.95       1.3430       0.3509
 5633.99       1.3532       0.3435
 5635.03       1.5450       0.3485
 5636.06       1.4722       0.3548
 5637.10       1.4485       0.3699
 5638.14       1.2370       0.3745
 5639.18       1.3278       0.3811
 5640.21       2.0187       0.3959
 5641.25       1.5181       0.3601
 5642.29       0.3837       0.3288
 5643.33       1.2090       0.3779
 5644.36       2.1418       0.4135
 5645.40       2.7718       0.4422
 5646.44       3.3853       0.4621
 5647.48       3.3624       0.4463
 5648.52       2.1654       0.4009
 5649.55       0.7723       0.3587
 5650.59       0.8037       0.3580
 5651.63       0.8492       0.3581
 5652.67       0.9624       0.3654
 5653.70       0.8555       0.3582
 5654.74       1.1476       0.3650
 5655.78       1.1776       0.3757
 5656.82       1.0334       0.3682
 5657.86       1.4026       0.3773
 5658.89       2.0316       0.4058
 5659.93       1.8836       0.3980
 5660.97       0.4158       0.3533
 5662.01       0.4103       0.3629
 5663.04       1.1734       0.4028
 5664.08       1.0544       0.4064
 5665.12       0.8873       0.3943
 5666.16       0.4861       0.3735
 5667.20       1.1454       0.3996
 5668.23       1.4487       0.4285
 5669.27       0.8219       0.4218
 5670.31       0.9026       0.4135
 5671.35       0.9404       0.4089
 5672.38       0.3762       0.3992
 5673.42       0.7185       0.4095
 5674.46       1.6274       0.4471
 5675.50       1.5778       0.4479
 5676.53       1.3798       0.4409
 5677.57       0.7735       0.4274
 5678.61       0.8325       0.4316
 5679.65       0.9070       0.4460
 5680.69       0.9683       0.4433
 5681.72       1.0277       0.4283
 5682.76       1.1329       0.4305
 5683.80       0.8692       0.4368
 5684.84       1.2431       0.4477
 5685.87       2.0924       0.5263
 5686.91       2.2533       0.5613
 5687.95       1.8732       0.5093
 5688.99       1.3999       0.4705
 5690.03       1.4971       0.4852
 5691.06       1.1708       0.4777
 5692.10       1.8852       0.5102
 5693.14       1.5117       0.4986
 5694.18       0.9191       0.4844
 5695.21       1.4758       0.5046
 5696.25       1.6495       0.5209
 5697.29       1.3672       0.5121
 5698.33       2.0934       0.5330
 5699.37       4.8700       0.6425
 5700.40       6.0691       0.6937
 5701.44       7.5583       0.7486
 5702.48       7.9065       0.7615
 5703.52       4.5001       0.6303
 5704.55       2.0276       0.5492
 5705.59       1.8540       0.5477
 5706.63       1.6121       0.5251
 5707.67       1.1485       0.5104
 5708.70       1.3483       0.5267
 5709.74       1.1427       0.5376
 5710.78       1.0541       0.5345
 5711.82       0.9477       0.5188
 5712.86       0.9964       0.5310
 5713.89       1.1036       0.5475
 5714.93       1.3217       0.5498
 5715.97       1.9822       0.5874
 5717.01       1.5891       0.5664
 5718.04       1.4152       0.5699
 5719.08       1.3678       0.5772
 5720.12       1.4845       0.5679
 5721.16       0.9584       0.5571
 5722.20       0.5746       0.5593
 5723.23       0.5124       0.5529
 5724.27       1.6511       0.6079
 5725.31       2.3057       0.6362
 5726.35       1.5790       0.6033
 5727.38       1.5517       0.6185
 5728.42       1.7829       0.6340
 5729.46       1.4215       0.6242
 5730.50       0.3313       0.5768
 5731.54      -0.0063       0.5879
 5732.57       0.5979       0.6234
 5733.61       1.0970       0.6437
 5734.65       1.4648       0.6603
 5735.69       1.6508       0.6495
 5736.72       1.4934       0.6452
 5737.76       1.0355       0.6494
 5738.80       1.2991       0.6528
 5739.84       1.2072       0.6452
 5740.87       0.5520       0.6330
 5741.91       0.3542       0.6215
 5742.95       0.3449       0.6300
 5743.99       1.2237       0.6908
 5745.03       1.7638       0.7353
 5746.06       1.3115       0.6964
 5747.10       0.9856       0.6752
 5748.14       0.6538       0.6597
 5749.18       0.1259       0.6354
 5750.21       1.5266       0.7372
 5751.25       1.9443       0.7520
 5752.29       1.1349       0.4472
 5753.33       0.8653       0.4355
 5754.37       1.0867       0.4357
 5755.40       1.2295       0.4375
 5756.44       1.2460       0.4427
 5757.48       1.2317       0.4495
 5758.52       1.3806       0.4588
 5759.55       1.2006       0.4513
 5760.59       0.4274       0.4183
 5761.63       0.4254       0.4073
 5762.67       1.1181       0.4199
 5763.71       1.3446       0.4155
 5764.74       1.0363       0.4113
 5765.78       0.6783       0.4174
 5766.82       0.6419       0.4122
 5767.86       0.8248       0.4001
 5768.89       0.8313       0.3926
 5769.93       1.1568       0.4121
 5770.97       1.3373       0.4253
 5772.01       0.8629       0.4360
 5773.04       0.7431       0.4297
 5774.08       1.1145       0.4305
 5775.12       1.5369       0.4854
 5776.16       1.3170       0.4759
 5777.20       1.1298       0.4606
 5778.23       1.1467       0.4593
 5779.27       1.1742       0.4612
 5780.31       0.8691       0.4438
 5781.35       0.9902       0.4273
 5782.38       1.3361       0.4124
 5783.42       1.1786       0.4100
 5784.46       1.2885       0.2777
 5785.50       1.2629       0.3745
 5786.54       1.1418       0.3805
 5787.57       1.2180       0.3710
 5788.61       1.6921       0.3946
 5789.65       1.5281       0.3863
 5790.69       0.8642       0.3562
 5791.72       0.6543       0.3482
 5792.76       0.9459       0.3532
 5793.80       1.4477       0.3597
 5794.84       1.8002       0.3640
 5795.88       1.5528       0.3534
 5796.91       0.9811       0.3348
 5797.95       0.6446       0.3260
 5798.99       0.5496       0.3277
 5800.03       0.5065       0.3305
 5801.06       0.6381       0.3279
 5802.10       0.9894       0.3297
 5803.14       1.4270       0.3453
 5804.18       1.3595       0.3444
 5805.21       0.9249       0.3240
 5806.25       0.9786       0.3172
 5807.29       1.0808       0.3138
 5808.33       0.7288       0.3026
 5809.37       0.3875       0.2965
 5810.40       0.5371       0.3061
 5811.44       1.1257       0.3252
 5812.48       1.1823       0.3174
 5813.52       0.9581       0.3016
 5814.55       1.3230       0.3170
 5815.59       2.3820       0.3697
 5816.63       2.2805       0.3909
 5817.67       2.0870       0.3894
 5818.71       2.3117       0.3875
 5819.74       2.7662       0.3864
 5820.78       2.7243       0.3654
 5821.82       2.3223       0.3429
 5822.86       1.6003       0.3198
 5823.89       0.9199       0.2977
 5824.93       0.7206       0.2839
 5825.97       0.7744       0.2835
 5827.01       1.0701       0.2878
 5828.04       1.3293       0.2881
 5829.08       1.2880       0.2881
 5830.12       0.9709       0.2840
 5831.16       0.6996       0.2778
 5832.20       0.7125       0.2786
 5833.23       0.9990       0.2841
 5834.27       1.2628       0.2861
 5835.31       1.4177       0.2854
 5836.35       1.3165       0.2829
 5837.38       0.9932       0.2798
 5838.42       0.8236       0.2776
 5839.46       0.9661       0.2764
 5840.50       1.1870       0.2758
 5841.54       1.1885       0.2734
 5842.57       0.9115       0.2674
 5843.61       0.6693       0.2586
 5844.65       0.6492       0.2517
 5845.69       0.6172       0.2470
 5846.72       0.7197       0.2492
 5847.76       0.8688       0.2545
 5848.80       0.8694       0.2545
 5849.84       0.8827       0.2559
 5850.88       0.9554       0.2595
 5851.91       0.8938       0.2554
 5852.95       0.8505       0.2473
 5853.99       0.8994       0.2412
 5855.03       0.7500       0.2363
 5856.06       0.7362       0.2379
 5857.10       1.2338       0.2479
 5858.14       1.3118       0.2481
 5859.18       0.9177       0.2384
 5860.21       0.9030       0.2354
 5861.25       0.8717       0.2399
 5862.29       0.6841       0.2547
 5863.33       1.2223       0.2867
 5864.37       1.5668       0.3221
 5865.40       1.0468       0.3465
 5866.44       0.5648       0.3576
 5867.48       0.6423       0.3606
 5868.52       0.9671       0.3585
 5869.55       1.1005       0.3390
 5870.59       0.9333       0.3047
 5871.63       0.8890       0.2764
 5872.67       0.8990       0.2604
 5873.71       0.8708       0.2517
 5874.74       0.8970       0.2482
 5875.78       0.9298       0.2441
 5876.82       0.8742       0.2389
 5877.86       1.0579       0.2353
 5878.89       1.2204       0.2316
 5879.93       0.8849       0.2264
 5880.97       0.3818       0.2192
 5882.01       0.1782       0.2157
 5883.04       0.5778       0.2234
 5884.08       0.8204       0.2429
 5885.12       0.4081       0.2886
 5886.16       0.2425       0.3782
 5887.20       0.4929       0.5168
 5888.23       0.7682       0.6598
 5889.27       0.5599       0.7343
 5890.31       0.2698       0.7280
 5891.35       0.7372       0.6860
 5892.38       1.4467       0.6253
 5893.42       1.7510       0.5686
 5894.46       1.6948       0.5468
 5895.50       1.2597       0.5348
 5896.54       0.7157       0.4919
 5897.57       0.7276       0.4384
 5898.61       1.0654       0.3690
 5899.65       0.9598       0.2895
 5900.69       0.8993       0.2427
 5901.72       1.0241       0.2311
 5902.76       1.0579       0.2275
 5903.80       1.3326       0.2374
 5904.84       1.7613       0.2550
 5905.88       1.4932       0.2535
 5906.91       0.8718       0.2366
 5907.95       0.6181       0.2251
 5908.99       0.7174       0.2187
 5910.03       0.9004       0.2177
 5911.06       0.9564       0.2214
 5912.10       0.7796       0.2340
 5913.14       0.6124       0.2564
 5914.18       0.8036       0.2812
 5915.21       1.0918       0.2958
 5916.25       1.0787       0.2911
 5917.29       1.1382       0.2734
 5918.33       1.2198       0.2511
 5919.37       1.1862       0.2314
 5920.40       0.9574       0.2172
 5921.44       0.8051       0.2125
 5922.48       1.2206       0.2238
 5923.52       1.5609       0.2365
 5924.55       1.3992       0.2382
 5925.59       0.9605       0.2327
 5926.63       0.8263       0.2257
 5927.67       1.2549       0.2255
 5928.71       1.4283       0.2269
 5929.74       1.2412       0.2399
 5930.78       1.1310       0.2686
 5931.82       0.9099       0.2910
 5932.86       0.7896       0.2973
 5933.89       1.0129       0.2965
 5934.93       1.2936       0.2777
 5935.97       1.2710       0.2429
 5937.01       1.0109       0.2144
 5938.05       0.8463       0.2038
 5939.08       0.9125       0.2034
 5940.12       0.7542       0.1927
 5941.16       0.5429       0.1801
 5942.20       0.7330       0.1904
 5943.23       0.8559       0.2047
 5944.27       0.8393       0.2116
 5945.31       1.1177       0.2192
 5946.35       1.2875       0.2211
 5947.38       1.1361       0.2177
 5948.42       1.2140       0.2170
 5949.46       1.2284       0.2205
 5950.50       0.8453       0.2254
 5951.54       0.5917       0.2403
 5952.57       0.8456       0.2615
 5953.61       1.2929       0.2727
 5954.65       1.2674       0.2656
 5955.69       0.9372       0.2442
 5956.72       0.9106       0.2178
 5957.76       1.0561       0.1991
 5958.80       1.0099       0.1896
 5959.84       1.2323       0.1911
 5960.88       1.5548       0.1941
 5961.91       1.5768       0.1922
 5962.95       1.2943       0.1853
 5963.99       0.9434       0.1803
 5965.03       0.8887       0.1852
 5966.06       1.0975       0.1942
 5967.10       1.2708       0.2000
 5968.14       1.2517       0.2029
 5969.18       1.1061       0.2028
 5970.22       0.9558       0.2010
 5971.25       0.9205       0.2001
 5972.29       0.9727       0.2015
 5973.33       0.9429       0.2029
 5974.37       0.9259       0.2093
 5975.40       0.9715       0.2193
 5976.44       1.1973       0.2266
 5977.48       1.1012       0.2243
 5978.52       0.7542       0.2151
 5979.55       0.8898       0.2094
 5980.59       1.3115       0.2052
 5981.63       1.5300       0.1974
 5982.67       1.2971       0.1851
 5983.71       1.0174       0.1741
 5984.74       1.1429       0.1711
 5985.78       1.2063       0.1715
 5986.82       1.0764       0.1718
 5987.86       1.2938       0.1777
 5988.89       1.1750       0.1749
 5989.93       0.5194       0.1619
 5990.97       0.5073       0.1616
 5992.01       0.8804       0.1703
 5993.05       0.9608       0.1738
 5994.08       0.9041       0.1716
 5995.12       0.9207       0.1710
 5996.16       1.2304       0.1815
 5997.20       1.3289       0.1865
 5998.23       1.1072       0.1808
 5999.27       0.9444       0.1780
 6000.31       1.0261       0.1806
 6001.35       1.2414       0.1854
 6002.39       1.3082       0.1891
 6003.42       1.1111       0.1888
 6004.46       0.8284       0.1857
 6005.50       0.7799       0.1797
 6006.54       0.9055       0.1720
 6007.57       0.9229       0.1650
 6008.61       0.8201       0.1599
 6009.65       0.7263       0.1568
 6010.69       0.9846       0.1603
 6011.72       1.1723       0.1631
 6012.76       0.9452       0.1590
 6013.80       1.0034       0.1599
 6014.84       1.1610       0.1608
 6015.88       1.1287       0.1557
 6016.91       0.7962       0.1473
 6017.95       0.5134       0.1431
 6018.99       0.7558       0.1482
 6020.03       1.1311       0.1555
 6021.06       1.3049       0.1591
 6022.10       1.3374       0.1604
 6023.14       1.2383       0.1596
 6024.18       1.0755       0.1578
 6025.22       1.0800       0.1605
 6026.25       1.1430       0.1649
 6027.29       1.0692       0.1653
 6028.33       0.9521       0.1628
 6029.37       0.9321       0.1616
 6030.40       1.0237       0.1646
 6031.44       1.1639       0.1675
 6032.48       1.2576       0.1671
 6033.52       1.4678       0.1731
 6034.56       1.5282       0.1757
 6035.59       1.1972       0.1657
 6036.63       0.6746       0.1540
 6037.67       0.5981       0.1509
 6038.71       1.0423       0.1540
 6039.74       1.3596       0.1565
 6040.78       1.2034       0.1553
 6041.82       1.0722       0.1565
 6042.86       1.0680       0.1589
 6043.89       1.1944       0.1600
 6044.93       1.1094       0.1554
 6045.97       0.9542       0.1497
 6047.01       0.9727       0.1486
 6048.05       1.0990       0.1506
 6049.08       1.1944       0.1527
 6050.12       1.1774       0.1536
 6051.16       1.0707       0.1519
 6052.20       0.9493       0.1489
 6053.23       0.8835       0.1478
 6054.27       0.9322       0.1490
 6055.31       0.9875       0.1494
 6056.35       0.8480       0.1471
 6057.39       0.7435       0.1458
 6058.42       0.9628       0.1499
 6059.46       1.0451       0.1522
 6060.50       0.9110       0.1512
 6061.54       0.9791       0.1528
 6062.57       1.0035       0.1544
 6063.61       0.8353       0.1535
 6064.65       0.7799       0.1513
 6065.69       0.9472       0.1513
 6066.73       1.1481       0.1536
 6067.76       1.0130       0.1518
 6068.80       0.7443       0.1477
 6069.84       0.8142       0.1477
 6070.88       1.2162       0.1523
 6071.91       1.5995       0.1565
 6072.95       1.4786       0.1532
 6073.99       1.1612       0.1463
 6075.03       1.0803       0.1428
 6076.06       0.9503       0.1410
 6077.10       0.9828       0.1425
 6078.14       1.2946       0.1461
 6079.18       1.0446       0.1418
 6080.22       0.6213       0.1350
 6081.25       0.8198       0.1373
 6082.29       1.0925       0.1413
 6083.33       1.0987       0.1424
 6084.37       1.0176       0.1425
 6085.40       1.0494       0.1437
 6086.44       1.2495       0.1461
 6087.48       1.2749       0.1452
 6088.52       1.0864       0.1405
 6089.56       0.9160       0.1359
 6090.59       0.8917       0.1344
 6091.63       1.0453       0.1374
 6092.67       1.2013       0.1417
 6093.71       1.3243       0.1449
 6094.74       1.4427       0.1470
 6095.78       1.3044       0.1449
 6096.82       1.1195       0.1427
 6097.86       1.1137       0.1438
 6098.90       1.1339       0.1444
 6099.93       1.1711       0.1457
 6100.97       1.3021       0.1496
 6102.01       1.5080       0.1537
 6103.05       1.5649       0.1526
 6104.08       1.3340       0.1439
 6105.12       1.0911       0.1374
 6106.16       1.0807       0.1387
 6107.20       1.0848       0.1397
 6108.23       1.1239       0.1411
 6109.27       1.2298       0.1448
 6110.31       1.2913       0.1453
 6111.35       1.2961       0.1434
 6112.39       1.3854       0.1441
 6113.42       1.2036       0.1414
 6114.46       0.6472       0.1332
 6115.50       0.5106       0.1315
 6116.54       0.7510       0.1328
 6117.57       0.9821       0.1325
 6118.61       1.1465       0.1358
 6119.65       1.0581       0.1372
 6120.69       0.8996       0.1335
 6121.73       0.9662       0.1304
 6122.76       1.0913       0.1304
 6123.80       1.0704       0.1340
 6124.84       1.0247       0.1341
 6125.88       0.9376       0.1292
 6126.91       0.9653       0.1311
 6127.95       1.1614       0.1360
 6128.99       1.3725       0.1369
 6130.03       1.3380       0.1350
 6131.06       1.1801       0.1340
 6132.10       1.2514       0.1382
 6133.14       1.2205       0.1390
 6134.18       1.1447       0.1383
 6135.22       1.3794       0.1451
 6136.25       1.4829       0.1526
 6137.29       1.2382       0.1545
 6138.33       0.9834       0.1510
 6139.37       0.9881       0.1534
 6140.40       1.2377       0.1689
 6141.44       1.1607       0.1803
 6142.48       0.9571       0.1792
 6143.52       0.8351       0.1753
 6144.56       0.8146       0.1727
 6145.59       0.9349       0.1721
 6146.63       1.0937       0.1689
 6147.67       1.0325       0.1621
 6148.71       0.7728       0.1542
 6149.74       0.7184       0.1518
 6150.78       0.7357       0.1514
 6151.82       0.6066       0.1483
 6152.86       0.9957       0.1327
 6153.90       1.1435       0.1372
 6154.93       1.1518       0.1410
 6155.97       0.9733       0.1403
 6157.01       0.7997       0.1361
 6158.05       0.9606       0.1365
 6159.08       0.9492       0.1342
 6160.12       0.6319       0.1270
 6161.16       0.9146       0.1277
 6162.20       1.3478       0.1311
 6163.23       1.2123       0.1282
 6164.27       1.2313       0.1285
 6165.31       1.4602       0.1333
 6166.35       1.2475       0.1344
 6167.39       0.8407       0.1381
 6168.42       0.8016       0.1509
 6169.46       1.2228       0.1682
 6170.50       1.3472       0.1735
 6171.54       0.8514       0.1623
 6172.57       0.8475       0.1554
 6173.61       1.1916       0.1543
 6174.65       1.2012       0.1488
 6175.69       1.0410       0.1440
 6176.73       0.9506       0.1407
 6177.76       1.0773       0.1376
 6178.80       1.3189       0.1365
 6179.84       1.4471       0.1364
 6180.88       1.1955       0.1324
 6181.91       0.9102       0.1279
 6182.95       0.9349       0.1273
 6183.99       1.0645       0.1301
 6185.03       1.1175       0.1328
 6186.06       1.0759       0.1331
 6187.10       1.0460       0.1324
 6188.14       1.0390       0.1315
 6189.18       1.0302       0.1308
 6190.22       1.0248       0.1320
 6191.25       1.0061       0.1345
 6192.29       0.9614       0.1352
 6193.33       0.8706       0.1335
 6194.37       0.7857       0.1314
 6195.40       0.9730       0.1318
 6196.44       1.2392       0.1337
 6197.48       1.2095       0.1341
 6198.52       1.2839       0.1383
 6199.56       1.4864       0.1469
 6200.59       1.4014       0.1543
 6201.63       1.1555       0.1569
 6202.67       0.9834       0.1548
 6203.71       0.9803       0.1541
 6204.74       0.9882       0.1509
 6205.78       0.9133       0.1418
 6206.82       0.9768       0.1340
 6207.86       1.1512       0.1319
 6208.90       1.2616       0.1351
 6209.93       1.1655       0.1378
 6210.97       0.9811       0.1369
 6212.01       0.9062       0.1355
 6213.05       0.9370       0.1354
 6214.08       0.9949       0.1368
 6215.12       1.1329       0.1388
 6216.16       1.1487       0.1371
 6217.20       0.9232       0.1317
 6218.23       1.1100       0.1370
 6219.27       1.4489       0.1486
 6220.31       1.3941       0.1487
 6221.35       0.8524       0.1583
 6222.39       0.6130       0.1781
 6223.42       1.0307       0.1835
 6224.46       1.3458       0.1754
 6225.50       1.1945       0.1585
 6226.54       1.1480       0.1492
 6227.57       1.1451       0.1445
 6228.61       1.0689       0.1309
 6229.65       1.1653       0.1174
 6230.69       1.1999       0.1461
 6231.73       1.4036       0.1769
 6232.76       1.3136       0.2093
 6233.80       0.8740       0.2438
 6234.84       0.5111       0.2719
 6235.88       0.5749       0.2863
 6236.91       0.9876       0.2834
 6237.95       1.2488       0.2619
 6238.99       1.2710       0.2339
 6240.03       1.3528       0.2116
 6241.07       1.4301       0.2011
 6242.10       1.3475       0.1922
 6243.14       0.9294       0.1754
 6244.18       0.8098       0.1629
 6245.22       1.2223       0.1608
 6246.25       1.1847       0.1495
 6247.29       1.0823       0.1375
 6248.33       1.5259       0.1392
 6249.37       1.6413       0.1407
 6250.40       1.3344       0.1352
 6251.44       1.2861       0.1307
 6252.48       1.2744       0.1314
 6253.52       1.1600       0.1447
 6254.56       0.8395       0.1648
 6255.59       0.7673       0.1984
 6256.63       1.1399       0.2397
 6257.67       1.2502       0.2661
 6258.71       0.9405       0.2626
 6259.74       0.5450       0.2348
 6260.78       0.4749       0.2036
 6261.82       0.7671       0.1845
 6262.86       0.8977       0.1725
 6263.90       0.8859       0.1702
 6264.93       0.8927       0.1716
 6265.97       1.1111       0.1751
 6267.01       1.1970       0.1707
 6268.05       1.0251       0.1575
 6269.08       0.7608       0.1423
 6270.12       0.6660       0.1323
 6271.16       0.7902       0.1299
 6272.20       1.0072       0.1333
 6273.24       1.1171       0.1375
 6274.27       1.0777       0.1414
 6275.31       0.9577       0.1427
 6276.35       0.8667       0.1412
 6277.39       0.7645       0.1374
 6278.42       0.6884       0.1329
 6279.46       0.7053       0.1298
 6280.50       0.8497       0.1260
 6281.54       1.0341       0.1239
 6282.58       1.1056       0.1268
 6283.61       1.2735       0.1448
 6284.65       1.3266       0.1753
 6285.69       0.8088       0.2004
 6286.73       0.2808       0.2157
 6287.76       0.3177       0.2214
 6288.80       0.8600       0.2172
 6289.84       1.3687       0.1995
 6290.88       1.4103       0.1717
 6291.91       1.1956       0.1464
 6292.95       1.1554       0.1345
 6293.99       1.3227       0.1463
 6295.03       1.7045       0.1894
 6296.07       1.9101       0.3559
 6297.10       1.5315       0.6726
 6298.14       1.3099       1.1070
 6299.18       1.5433       1.4984
 6300.22       1.3672       1.7086
 6301.25       1.4050       1.6313
 6302.29       2.2237       1.3132
 6303.33       2.1548       0.8727
 6304.37       1.3545       0.5042
 6305.41       1.4144       0.3209
 6306.44       1.5956       0.2840
 6307.48       1.2951       0.2532
 6308.52       1.1861       0.2367
 6309.56       1.1805       0.2002
 6310.59       1.0882       0.1587
 6311.63       1.0566       0.1317
 6312.67       1.0449       0.1208
 6313.71       1.0542       0.1174
 6314.75       1.1875       0.1197
 6315.78       1.3320       0.1219
 6316.82       1.2539       0.1229
 6317.86       1.0957       0.1284
 6318.90       1.0414       0.1411
 6319.93       1.0946       0.1535
 6320.97       1.0359       0.1594
 6322.01       0.7857       0.1577
 6323.05       0.6173       0.1486
 6324.08       0.7887       0.1406
 6325.12       1.2672       0.1410
 6326.16       1.5269       0.1536
 6327.20       1.3975       0.1771
 6328.24       1.2047       0.2021
 6329.27       1.1452       0.2237
 6330.31       1.2838       0.2339
 6331.35       1.3762       0.2215
 6332.39       1.2805       0.1885
 6333.42       1.0652       0.1507
 6334.46       0.9310       0.1257
 6335.50       1.1059       0.1183
 6336.54       1.6005       0.1209
 6337.58       1.5810       0.1212
 6338.61       0.9907       0.1148
 6339.65       0.9912       0.1167
 6340.69       1.1197       0.1201
 6341.73       0.8556       0.1183
 6342.76       0.8387       0.1173
 6343.80       0.9795       0.1199
 6344.84       0.9915       0.1256
 6345.88       1.1407       0.1349
 6346.92       1.2599       0.1436
 6347.95       1.0786       0.1477
 6348.99       0.8688       0.1457
 6350.03       0.8860       0.1410
 6351.07       1.0300       0.1349
 6352.10       1.1311       0.1341
 6353.14       1.0977       0.1429
 6354.18       1.1261       0.1629
 6355.22       1.0533       0.1812
 6356.25       0.7693       0.1872
 6357.29       0.8367       0.1790
 6358.33       1.2635       0.1805
 6359.37       1.4838       0.2026
 6360.41       1.3528       0.2738
 6361.44       1.0646       0.3906
 6362.48       1.0668       0.5123
 6363.52       1.0617       0.5810
 6364.56       0.8117       0.5675
 6365.59       0.6472       0.4773
 6366.63       0.7260       0.3486
 6367.67       1.0205       0.2286
 6368.71       1.1533       0.1561
 6369.75       1.0385       0.1231
 6370.78       0.9136       0.1131
 6371.82       0.9759       0.1126
 6372.86       1.1670       0.1132
 6373.90       1.1777       0.1146
 6374.93       1.0983       0.1157
 6375.97       1.1219       0.1186
 6377.01       1.0758       0.1219
 6378.05       0.9140       0.1250
 6379.08       0.7172       0.1268
 6380.12       0.8239       0.1292
 6381.16       1.0970       0.1309
 6382.20       0.8721       0.1246
 6383.24       0.6946       0.1248
 6384.27       1.0556       0.1389
 6385.31       1.1946       0.1486
 6386.35       1.1674       0.1506
 6387.39       1.4174       0.1517
 6388.42       1.3198       0.1414
 6389.46       0.9988       0.1257
 6390.50       1.0476       0.1192
 6391.54       1.2571       0.1188
 6392.58       1.1919       0.1155
 6393.61       0.7294       0.1092
 6394.65       0.4916       0.1054
 6395.69       0.8935       0.1086
 6396.73       1.4180       0.1146
 6397.76       1.4783       0.1145
 6398.80       1.1238       0.1072
 6399.84       0.9312       0.1032
 6400.88       1.0431       0.1058
 6401.92       0.8635       0.1061
 6402.95       0.7630       0.1051
 6403.99       0.9426       0.1047
 6405.03       1.0410       0.1044
 6406.07       1.0436       0.1053
 6407.10       1.0729       0.1075
 6408.14       1.0217       0.1086
 6409.18       1.0110       0.1086
 6410.22       1.1166       0.1086
 6411.25       1.0499       0.1080
 6412.29       0.8659       0.1083
 6413.33       0.9408       0.1116
 6414.37       1.1456       0.1135
 6415.41       1.2527       0.1124
 6416.44       1.2516       0.1135
 6417.48       1.1867       0.1175
 6418.52       1.1410       0.1212
 6419.56       1.0662       0.1229
 6420.59       1.0119       0.1219
 6421.63       0.9616       0.1183
 6422.67       1.1308       0.1159
 6423.71       1.4211       0.1155
 6424.75       1.3259       0.1122
 6425.78       1.0591       0.1068
 6426.82       1.0193       0.1026
 6427.86       0.9835       0.1010
 6428.90       0.9818       0.1012
 6429.93       1.0464       0.1013
 6430.97       0.9464       0.0998
 6432.01       0.8498       0.0988
 6433.05       0.9936       0.1010
 6434.08       1.3036       0.1073
 6435.12       1.4557       0.1123
 6436.16       1.1734       0.1067
 6437.20       0.8320       0.0985
 6438.24       0.8620       0.0983
 6439.27       0.9314       0.0997
 6440.31       1.0194       0.1015
 6441.35       1.2162       0.1044
 6442.39       1.2461       0.1043
 6443.42       1.0955       0.1015
 6444.46       0.9815       0.1001
 6445.50       0.9955       0.1021
 6446.54       1.0743       0.1054
 6447.58       0.9319       0.1036
 6448.61       0.7759       0.1010
 6449.65       0.8708       0.1041
 6450.69       0.7779       0.1070
 6451.73       0.6865       0.1096
 6452.76       1.0357       0.1146
 6453.80       1.2562       0.1157
 6454.84       1.1697       0.1128
 6455.88       1.2020       0.1118
 6456.92       1.2159       0.1131
 6457.95       1.1343       0.1152
 6458.99       1.1677       0.1160
 6460.03       1.3043       0.1188
 6461.07       1.4037       0.1276
 6462.10       1.2545       0.1406
 6463.14       1.0507       0.1584
 6464.18       1.1700       0.1792
 6465.22       1.3306       0.1907
 6466.25       1.3475       0.1903
 6467.29       1.3501       0.1845
 6468.33       1.3200       0.1801
 6469.37       1.2639       0.1780
 6470.41       1.0767       0.1743
 6471.44       0.9130       0.1651
 6472.48       0.9417       0.1517
 6473.52       0.9954       0.1341
 6474.56       1.0116       0.1190
 6475.59       1.0617       0.1151
 6476.63       1.0454       0.1171
 6477.67       0.9429       0.1166
 6478.71       0.8451       0.1157
 6479.75       0.8308       0.1119
 6480.78       0.9237       0.1060
 6481.82       1.2349       0.1050
 6482.86       1.4209       0.1040
 6483.90       1.2444       0.0967
 6484.93       1.0477       0.0936
 6485.97       1.1018       0.0971
 6487.01       1.3420       0.1006
 6488.05       1.2809       0.0993
 6489.08       0.9096       0.0952
 6490.12       1.0196       0.0962
 6491.16       1.2390       0.0981
 6492.20       1.0573       0.0975
 6493.24       1.0303       0.0990
 6494.27       1.1846       0.1138
 6495.31       1.2023       0.1433
 6496.35       1.1986       0.1825
 6497.39       1.0967       0.2171
 6498.42       0.7815       0.2337
 6499.46       0.6888       0.2289
 6500.50       0.9636       0.2105
 6501.54       1.1424       0.1825
 6502.58       1.1390       0.1595
 6503.61       1.1191       0.1480
 6504.65       1.0823       0.1433
 6505.69       1.0576       0.1374
 6506.73       1.0886       0.1327
 6507.76       1.1688       0.1239
 6508.80       1.2662       0.1126
 6509.84       1.3906       0.1081
 6510.88       1.4023       0.1090
 6511.92       1.2534       0.1094
 6512.95       1.1078       0.1083
 6513.99       1.0797       0.1053
 6515.03       1.1602       0.1033
 6516.07       1.0842       0.0999
 6517.10       0.9381       0.0974
 6518.14       1.1064       0.1000
 6519.18       1.1550       0.1057
 6520.22       0.9346       0.1124
 6521.26       0.9356       0.1202
 6522.29       1.1660       0.1282
 6523.33       1.3825       0.1331
 6524.37       1.2317       0.1293
 6525.41       0.9936       0.1135
 6526.44       1.0732       0.0887
 6527.48       1.3537       0.1126
 6528.52       1.1526       0.1288
 6529.56       0.8728       0.1510
 6530.59       0.8443       0.1887
 6531.63       1.0092       0.2202
 6532.67       1.0337       0.2083
 6533.71       1.0318       0.2015
 6534.75       1.0051       0.1821
 6535.78       0.9529       0.1536
 6536.82       0.8945       0.1215
 6537.86       0.9156       0.1057
 6538.90       0.9408       0.1032
 6539.93       0.9319       0.1071
 6540.97       0.9346       0.1187
 6542.01       0.9295       0.1294
 6543.05       0.8853       0.1341
 6544.09       0.7195       0.1338
 6545.12       0.7119       0.1303
 6546.16       1.1035       0.1268
 6547.20       1.2176       0.1156
 6548.24       1.1075       0.1074
 6549.27       1.3479       0.1164
 6550.31       1.3263       0.1398
 6551.35       0.9050       0.1687
 6552.39       0.7350       0.1969
 6553.43       0.8478       0.2129
 6554.46       1.0665       0.2105
 6555.50       1.2680       0.1878
 6556.54       1.3337       0.1528
 6557.58       1.2801       0.1202
 6558.61       1.2316       0.1059
 6559.65       1.1561       0.1099
 6560.69       0.9156       0.1205
 6561.73       0.7864       0.1323
 6562.76       0.7997       0.1387
 6563.80       0.9020       0.1384
 6564.84       0.9798       0.1313
 6565.88       0.9565       0.1222
 6566.92       1.1147       0.1205
 6567.95       1.2800       0.1239
 6568.99       1.1252       0.1236
 6570.03       0.8930       0.1189
 6571.07       0.8065       0.1116
 6572.10       0.6760       0.1034
 6573.14       0.7018       0.1040
 6574.18       0.9379       0.1192
 6575.22       1.0280       0.1422
 6576.26       1.1200       0.1662
 6577.29       1.2543       0.1808
 6578.33       0.9150       0.1713
 6579.37       0.5465       0.1456
 6580.41       0.8377       0.1246
 6581.44       1.1755       0.1081
 6582.48       1.0976       0.0947
 6583.52       0.8994       0.0900
 6584.56       0.8208       0.0898
 6585.60       0.9929       0.0895
 6586.63       0.9814       0.0900
 6587.67       0.9334       0.0901
 6588.71       1.0741       0.0895
 6589.75       0.8450       0.0848
 6590.78       0.5384       0.0818
 6591.82       0.7737       0.0874
 6592.86       1.0251       0.0946
 6593.90       0.9469       0.0985
 6594.93       0.9548       0.1030
 6595.97       1.0615       0.1067
 6597.01       1.1682       0.1084
 6598.05       1.1085       0.1066
 6599.09       0.9561       0.1037
 6600.12       0.8635       0.1031
 6601.16       0.8905       0.1086
 6602.20       1.0601       0.1197
 6603.24       1.2102       0.1298
 6604.27       1.1981       0.1326
 6605.31       1.0144       0.1264
 6606.35       0.8719       0.1163
 6607.39       0.8873       0.1048
 6608.43       0.9718       0.0935
 6609.46       1.0265       0.0887
 6610.50       1.0054       0.0888
 6611.54       0.9506       0.0889
 6612.58       0.8972       0.0876
 6613.61       0.8639       0.0855
 6614.65       0.9351       0.0861
 6615.69       1.0155       0.0881
 6616.73       0.9383       0.0884
 6617.77       0.8348       0.0874
 6618.80       0.8808       0.0868
 6619.84       1.0424       0.0873
 6620.88       1.0885       0.0861
 6621.92       0.9977       0.0849
 6622.95       0.9180       0.0866
 6623.99       0.9223       0.0906
 6625.03       0.9499       0.0943
 6626.07       0.8493       0.0956
 6627.10       0.7824       0.0958
 6628.14       0.8506       0.0970
 6629.18       0.7817       0.0975
 6630.22       0.8575       0.0937
 6631.26       0.7994       0.0659
 6632.29       1.3205       0.1233
 6633.33       0.9509       0.1207
 6634.37       0.9676       0.1209
 6635.41       1.1219       0.1191
 6636.44       1.1353       0.1071
 6637.48       1.0309       0.0919
 6638.52       0.9846       0.0942
 6639.56       1.0701       0.0908
 6640.60       0.9397       0.0881
 6641.63       0.7782       0.0852
 6642.67       0.9043       0.0846
 6643.71       1.0056       0.0861
 6644.75       0.9998       0.0879
 6645.78       1.1125       0.0882
 6646.82       1.1444       0.0873
 6647.86       1.0390       0.0870
 6648.90       0.9730       0.0879
 6649.94       1.1078       0.0905
 6650.97       1.3410       0.0929
 6652.01       1.3045       0.0919
 6653.05       1.0307       0.0883
 6654.09       0.8232       0.0853
 6655.12       0.7822       0.0849
 6656.16       0.9694       0.0875
 6657.20       1.2984       0.0910
 6658.24       1.2791       0.0913
 6659.27       0.9167       0.0890
 6660.31       0.9734       0.0907
 6661.35       1.2481       0.0937
 6662.39       1.2544       0.0934
 6663.43       1.1548       0.0921
 6664.46       1.0937       0.0925
 6665.50       1.1178       0.0954
 6666.54       1.2148       0.0975
 6667.58       1.2002       0.0969
 6668.61       0.9757       0.0971
 6669.65       0.8098       0.0947
 6670.69       0.8845       0.0916
 6671.73       1.0339       0.0887
 6672.77       1.1066       0.0869
 6673.80       1.0790       0.0853
 6674.84       1.0805       0.0850
 6675.88       1.1310       0.0851
 6676.92       1.0723       0.0841
 6677.95       1.0873       0.0846
 6678.99       1.1793       0.0861
 6680.03       1.0841       0.0838
 6681.07       0.9204       0.0807
 6682.10       0.9071       0.0812
 6683.14       0.9799       0.0841
 6684.18       1.0948       0.0874
 6685.22       1.1801       0.0888
 6686.26       1.3404       0.0889
 6687.29       1.4904       0.0888
 6688.33       1.5050       0.0896
 6689.37       1.3607       0.0891
 6690.41       1.1702       0.0866
 6691.44       1.0514       0.0850
 6692.48       1.0721       0.0851
 6693.52       1.1877       0.0863
 6694.56       1.3337       0.0877
 6695.60       1.3635       0.0885
 6696.63       1.2704       0.0889
 6697.67       1.1702       0.0895
 6698.71       1.1490       0.0902
 6699.75       1.1548       0.0909
 6700.78       1.1008       0.0903
 6701.82       0.9963       0.0886
 6702.86       0.8892       0.0871
 6703.90       0.8262       0.0868
 6704.94       0.8192       0.0874
 6705.97       0.9224       0.0879
 6707.01       1.0343       0.0874
 6708.05       1.0272       0.0857
 6709.09       0.9806       0.0843
 6710.12       0.9593       0.0837
 6711.16       0.9442       0.0830
 6712.20       0.9070       0.0822
 6713.24       0.8589       0.0818
 6714.27       0.9661       0.0832
 6715.31       1.1196       0.0850
 6716.35       1.1014       0.0850
 6717.39       1.0860       0.0859
 6718.43       1.1798       0.0876
 6719.46       1.2556       0.0873
 6720.50       1.3309       0.0869
 6721.54       1.3777       0.0872
 6722.58       1.2840       0.0862
 6723.61       1.1360       0.0841
 6724.65       1.0653       0.0824
 6725.69       1.1911       0.0838
 6726.73       1.2533       0.0850
 6727.77       0.9932       0.0824
 6728.80       0.9846       0.0817
 6729.84       1.1479       0.0835
 6730.88       0.9536       0.0832
 6731.92       0.8851       0.0840
 6732.95       1.1034       0.0859
 6733.99       1.0776       0.0837
 6735.03       0.9539       0.0813
 6736.07       0.9863       0.0829
 6737.10       1.0172       0.0837
 6738.14       0.9797       0.0828
 6739.18       0.8798       0.0820
 6740.22       0.8365       0.0828
 6741.26       0.8308       0.0844
 6742.29       0.8519       0.0847
 6743.33       0.9526       0.0855
 6744.37       1.1080       0.0874
 6745.41       1.1560       0.0882
 6746.44       1.1355       0.0873
 6747.48       1.1396       0.0854
 6748.52       1.2579       0.0852
 6749.56       1.3911       0.0866
 6750.60       1.3175       0.0861
 6751.63       1.2249       0.0847
 6752.67       1.1749       0.0825
 6753.71       1.0399       0.0798
 6754.75       0.9485       0.0781
 6755.78       0.9848       0.0785
 6756.82       1.1681       0.0818
 6757.86       1.2796       0.0843
 6758.90       1.1509       0.0831
 6759.94       1.0650       0.0813
 6760.97       1.0609       0.0807
 6762.01       0.9620       0.0802
 6763.05       0.9117       0.0798
 6764.09       0.9792       0.0795
 6765.12       1.0150       0.0795
 6766.16       1.0415       0.0801
 6767.20       1.1389       0.0813
 6768.24       1.2160       0.0827
 6769.27       1.1917       0.0824
 6770.31       1.0668       0.0800
 6771.35       0.9485       0.0787
 6772.39       0.9420       0.0792
 6773.43       1.1518       0.0802
 6774.46       1.1363       0.0802
 6775.50       0.8897       0.0797
 6776.54       1.0028       0.0813
 6777.58       1.2015       0.0824
 6778.61       1.1444       0.0811
 6779.65       1.1422       0.0804
 6780.69       1.1245       0.0809
 6781.73       0.9413       0.0813
 6782.77       0.8368       0.0808
 6783.80       0.8925       0.0798
 6784.84       0.9554       0.0803
 6785.88       1.0715       0.0825
 6786.92       1.2171       0.0849
 6787.95       1.2164       0.0860
 6788.99       1.1976       0.0857
 6790.03       1.2472       0.0848
 6791.07       1.2148       0.0824
 6792.11       1.0652       0.0796
 6793.14       0.9078       0.0784
 6794.18       0.9046       0.0790
 6795.22       1.0408       0.0800
 6796.26       1.1563       0.0801
 6797.29       1.1673       0.0800
 6798.33       1.1516       0.0808
 6799.37       1.0445       0.0805
 6800.41       1.0838       0.0810
 6801.44       1.3425       0.0833
 6802.48       1.2783       0.0830
 6803.52       0.9364       0.0797
 6804.56       0.8904       0.0775
 6805.60       1.0675       0.0787
 6806.63       1.2357       0.0818
 6807.67       1.2227       0.0817
 6808.71       1.1464       0.0798
 6809.75       1.1586       0.0796
 6810.78       0.9762       0.0788
 6811.82       0.8415       0.0789
 6812.86       0.9774       0.0805
 6813.90       1.1081       0.0813
 6814.94       1.0967       0.0807
 6815.97       0.9920       0.0785
 6817.01       0.8855       0.0787
 6818.05       0.8640       0.0808
 6819.09       0.9269       0.0793
 6820.12       0.9579       0.0765
 6821.16       0.9000       0.0779
 6822.20       0.8538       0.0789
 6823.24       1.0121       0.0862
 6824.28       1.4196       0.1066
 6825.31       1.5571       0.1389
 6826.35       1.3153       0.1835
 6827.39       1.2411       0.2323
 6828.43       1.2038       0.2685
 6829.46       1.0300       0.2840
 6830.50       0.9455       0.2784
 6831.54       0.8692       0.2682
 6832.58       0.8066       0.2640
 6833.61       0.9827       0.2606
 6834.65       1.3416       0.2472
 6835.69       1.4884       0.2207
 6836.73       1.3827       0.1820
 6837.77       1.2392       0.1428
 6838.80       1.3241       0.1222
 6839.84       1.3159       0.1182
 6840.88       1.0361       0.1170
 6841.92       0.8452       0.1179
 6842.95       0.9169       0.1140
 6843.99       1.1494       0.1056
 6845.03       1.2478       0.0944
 6846.07       1.1391       0.0847
 6847.11       1.0092       0.0803
 6848.14       0.9887       0.0809
 6849.18       1.0536       0.0824
 6850.22       1.0220       0.0834
 6851.26       0.9370       0.0831
 6852.29       0.9473       0.0828
 6853.33       1.0188       0.0810
 6854.37       1.0157       0.0781
 6855.41       0.8973       0.0765
 6856.45       0.8253       0.0746
 6857.48       0.8550       0.0759
 6858.52       0.8391       0.0814
 6859.56       0.8966       0.1122
 6860.60       0.9959       0.1779
 6861.63       0.8611       0.2489
 6862.67       0.6285       0.3157
 6863.71       0.4721       0.3661
 6864.75       0.3417       0.3762
 6865.78       0.3269       0.3449
 6866.82       0.5683       0.2919
 6867.86       0.9054       0.2376
 6868.90       1.0034       0.1999
 6869.94       0.8363       0.1878
 6870.97       0.7288       0.1903
 6872.01       1.0431       0.1837
 6873.05       0.9514       0.1587
 6874.09       0.8751       0.1283
 6875.12       1.2868       0.1149
 6876.16       1.2978       0.1092
 6877.20       0.9373       0.1069
 6878.24       0.8519       0.1104
 6879.28       0.9486       0.1181
 6880.31       0.9399       0.1232
 6881.35       0.6763       0.1201
 6882.39       0.5918       0.1126
 6883.43       0.8808       0.1089
 6884.46       1.0052       0.1057
 6885.50       0.9993       0.1125
 6886.54       1.1704       0.1325
 6887.58       1.1460       0.1500
 6888.62       0.9869       0.1587
 6889.65       1.0752       0.1645
 6890.69       1.0009       0.1574
 6891.73       0.7146       0.1380
 6892.77       0.7455       0.1181
 6893.80       1.0028       0.1054
 6894.84       1.1452       0.1005
 6895.88       1.1259       0.0974
 6896.92       1.1155       0.1024
 6897.95       1.2798       0.1215
 6898.99       1.2756       0.1398
 6900.03       1.0553       0.1476
 6901.07       0.8511       0.1471
 6902.11       0.8589       0.1389
 6903.14       1.0225       0.1254
 6904.18       0.9910       0.1070
 6905.22       0.8357       0.0901
 6906.26       0.8574       0.0821
 6907.29       1.0510       0.0839
 6908.33       1.2808       0.0973
 6909.37       1.4901       0.1210
 6910.41       1.2577       0.1451
 6911.45       0.8847       0.1641
 6912.48       1.1848       0.1809
 6913.52       1.4970       0.1780
 6914.56       1.2890       0.1517
 6915.60       1.0381       0.1181
 6916.63       1.0217       0.0935
 6917.67       1.2132       0.0869
 6918.71       0.9913       0.0959
 6919.75       0.7276       0.1243
 6920.79       1.1847       0.1707
 6921.82       1.4444       0.2107
 6922.86       1.1072       0.2288
 6923.90       0.9315       0.2343
 6924.94       0.7904       0.2099
 6925.97       0.5932       0.1588
 6927.01       0.8042       0.1175
 6928.05       1.1792       0.0976
 6929.09       1.4060       0.0898
 6930.12       1.2503       0.0860
 6931.16       1.0121       0.0797
 6932.20       1.0388       0.0792
 6933.24       1.0325       0.0783
 6934.28       0.8841       0.0793
 6935.31       0.9287       0.0890
 6936.35       1.0404       0.1083
 6937.39       1.0172       0.1314
 6938.43       0.7963       0.1514
 6939.46       0.6899       0.1610
 6940.50       0.9473       0.1580
 6941.54       1.0760       0.1390
 6942.58       0.9977       0.1142
 6943.62       1.0565       0.0963
 6944.65       1.1080       0.1004
 6945.69       1.0543       0.1322
 6946.73       0.9179       0.1830
 6947.77       0.8894       0.2303
 6948.80       1.0228       0.2518
 6949.84       0.9474       0.2419
 6950.88       0.8619       0.2075
 6951.92       1.0792       0.1635
 6952.96       1.2559       0.1231
 6953.99       1.2786       0.0969
 6955.03       1.1579       0.0894
 6956.07       1.1277       0.0905
 6957.11       1.2487       0.0882
 6958.14       1.2801       0.0883
 6959.18       1.1954       0.0876
 6960.22       1.1016       0.0849
 6961.26       0.9624       0.0815
 6962.29       0.9178       0.0800
 6963.33       1.0854       0.0820
 6964.37       1.1013       0.0828
 6965.41       1.0350       0.0852
 6966.45       1.4974       0.0969
 6967.48       1.6330       0.1109
 6968.52       1.0587       0.1195
 6969.56       0.9435       0.1256
 6970.60       1.2052       0.1264
 6971.63       1.1680       0.1203
 6972.67       0.9353       0.1053
 6973.71       0.8314       0.0959
 6974.75       1.1297       0.1042
 6975.79       1.3499       0.1321
 6976.82       1.0985       0.1637
 6977.86       0.6176       0.1801
 6978.90       0.4875       0.1803
 6979.94       0.9055       0.1713
 6980.97       1.1980       0.1449
 6982.01       1.1634       0.1117
 6983.05       1.1088       0.0880
 6984.09       1.0706       0.0798
 6985.12       1.0644       0.0796
 6986.16       1.0289       0.0795
 6987.20       1.0160       0.0779
 6988.24       1.0161       0.0759
 6989.28       0.9049       0.0744
 6990.31       0.8330       0.0732
 6991.35       0.9263       0.0721
 6992.39       1.0433       0.0725
 6993.43       1.0315       0.0737
 6994.46       0.9029       0.0746
 6995.50       0.8611       0.0753
 6996.54       1.0158       0.0770
 6997.58       1.2515       0.0802
 6998.62       1.2531       0.0822
 6999.65       0.9908       0.0832
 7000.69       0.9067       0.0871
 7001.73       0.9679       0.0938
 7002.77       0.9615       0.0994
 7003.80       0.9325       0.1008
 7004.84       0.9141       0.0970
 7005.88       0.9202       0.0907
 7006.92       1.0036       0.0869
 7007.96       1.1285       0.0905
 7008.99       1.0738       0.0990
 7010.03       1.0890       0.1114
 7011.07       1.2711       0.1213
 7012.11       1.2807       0.1227
 7013.14       1.0707       0.1121
 7014.18       0.8384       0.0944
 7015.22       0.8630       0.0789
 7016.26       0.9983       0.0704
 7017.29       1.0140       0.0676
 7018.33       0.8899       0.0677
 7019.37       0.8105       0.0673
 7020.41       0.9205       0.0685
 7021.45       0.9579       0.0681
 7022.48       0.8718       0.0664
 7023.52       0.9444       0.0662
 7024.56       1.1231       0.0681
 7025.60       1.2546       0.0710
 7026.63       1.0980       0.0704
 7027.67       0.7970       0.0674
 7028.71       0.7176       0.0670
 7029.75       0.8123       0.0689
 7030.79       0.8826       0.0705
 7031.82       0.8555       0.0699
 7032.86       0.8636       0.0688
 7033.90       0.9998       0.0692
 7034.94       1.0701       0.0699
 7035.97       0.9496       0.0695
 7037.01       0.7608       0.0686
 7038.05       0.6993       0.0700
 7039.09       0.8638       0.0748
 7040.12       1.0430       0.0794
 7041.16       1.1250       0.0826
 7042.20       1.1360       0.0854
 7043.24       1.1578       0.0863
 7044.28       1.1275       0.0887
 7045.31       1.0261       0.0955
 7046.35       1.1185       0.1073
 7047.39       1.2426       0.1177
 7048.43       1.0594       0.1190
 7049.46       0.7914       0.1130
 7050.50       0.6697       0.1047
 7051.54       0.6866       0.0966
 7052.58       0.8204       0.0901
 7053.62       0.9533       0.0846
 7054.65       0.9705       0.0811
 7055.69       0.8885       0.0774
 7056.73       0.8627       0.0735
 7057.77       0.9978       0.0739
 7058.80       1.1512       0.0769
 7059.84       1.1154       0.0774
 7060.88       0.9734       0.0773
 7061.92       0.8881       0.0792
 7062.96       0.9959       0.0838
 7063.99       1.0623       0.0869
 7065.03       0.9499       0.0864
 7066.07       0.9801       0.0866
 7067.11       1.0538       0.0872
 7068.14       0.9311       0.0855
 7069.18       0.9767       0.0845
 7070.22       1.1806       0.0850
 7071.26       1.2127       0.0856
 7072.29       1.0757       0.0852
 7073.33       0.9101       0.0832
 7074.37       0.6680       0.0794
 7075.41       0.6900       0.0781
 7076.45       0.9960       0.0804
 7077.48       1.0543       0.0809
 7078.52       0.9434       0.0808
 7079.56       0.8608       0.0826
 7080.60       0.8723       0.0851
 7081.63       0.9397       0.0865
 7082.67       0.9279       0.0855
 7083.71       0.9760       0.0850
 7084.75       1.0802       0.0864
 7085.79       0.9279       0.0857
 7086.82       0.8022       0.0858
 7087.86       0.9811       0.0893
 7088.90       1.1212       0.0937
 7089.94       1.1219       0.0943
 7090.97       1.1322       0.0895
 7092.01       1.1458       0.0830
 7093.05       1.1515       0.0782
 7094.09       1.1320       0.0752
 7095.13       1.0835       0.0734
 7096.16       1.0368       0.0717
 7097.20       1.0051       0.0708
 7098.24       0.9383       0.0700
 7099.28       0.8291       0.0694
 7100.31       0.7418       0.0692
 7101.35       0.7573       0.0697
 7102.39       0.8811       0.0707
 7103.43       1.0995       0.0717
 7104.46       1.2134       0.0721
 7105.50       0.9289       0.0717
 7106.54       0.7509       0.0715
 7107.58       1.0540       0.0722
 7108.62       1.2517       0.0735
 7109.65       1.1761       0.0735
 7110.69       1.0530       0.0712
 7111.73       0.9151       0.0694
 7112.77       0.8913       0.0696
 7113.80       1.0376       0.0710
 7114.84       1.0764       0.0706
 7115.88       0.9370       0.0685
 7116.92       0.8114       0.0675
 7117.96       0.8894       0.0690
 7118.99       1.1632       0.0719
 7120.03       1.2391       0.0719
 7121.07       1.1181       0.0699
 7122.11       1.0716       0.0694
 7123.14       1.1147       0.0706
 7124.18       1.1169       0.0724
 7125.22       0.8963       0.0727
 7126.26       0.6524       0.0734
 7127.30       0.6043       0.0756
 7128.33       0.7501       0.0768
 7129.37       0.9208       0.0773
 7130.41       0.9462       0.0780
 7131.45       0.7348       0.0768
 7132.48       0.5871       0.0753
 7133.52       0.8289       0.0761
 7134.56       1.1171       0.0770
 7135.60       1.1659       0.0755
 7136.63       1.0532       0.0716
 7137.67       0.9433       0.0689
 7138.71       0.9416       0.0704
 7139.75       0.9442       0.0747
 7140.79       0.9531       0.0803
 7141.82       1.0471       0.0860
 7142.86       1.1003       0.0913
 7143.90       1.0931       0.0950
 7144.94       1.1489       0.0959
 7145.97       1.0622       0.0937
 7147.01       0.8234       0.0893
 7148.05       0.6970       0.0833
 7149.09       0.8035       0.0797
 7150.13       1.0212       0.0790
 7151.16       1.0951       0.0773
 7152.20       1.0113       0.0736
 7153.24       0.9717       0.0705
 7154.28       0.9268       0.0699
 7155.31       0.9192       0.0714
 7156.35       0.8933       0.0724
 7157.39       0.8220       0.0727
 7158.43       0.7339       0.0735
 7159.47       0.7290       0.0750
 7160.50       0.8763       0.0770
 7161.54       1.0244       0.0785
 7162.58       1.0247       0.0796
 7163.62       0.9151       0.0804
 7164.65       0.9498       0.0821
 7165.69       1.1466       0.0853
 7166.73       1.3015       0.0890
 7167.77       1.0715       0.0888
 7168.80       0.9689       0.0884
 7169.84       1.2823       0.0912
 7170.88       1.1307       0.0902
 7171.92       0.9221       0.0905
 7172.96       1.1841       0.0968
 7173.99       1.4422       0.1025
 7175.03       1.4115       0.1040
 7176.07       1.3824       0.1047
 7177.11       1.2858       0.1020
 7178.14       1.1610       0.0972
 7179.18       1.0526       0.0936
 7180.22       0.9494       0.0908
 7181.26       0.8742       0.0880
 7182.30       1.0191       0.0890
 7183.33       1.0518       0.0898
 7184.37       0.8264       0.0879
 7185.41       0.8738       0.0879
 7186.45       1.1705       0.0897
 7187.48       1.1450       0.0884
 7188.52       0.9995       0.0849
 7189.56       0.8928       0.0815
 7190.60       0.7645       0.0791
 7191.64       0.6777       0.0782
 7192.67       0.6797       0.0781
 7193.71       0.8623       0.0806
 7194.75       1.0258       0.0822
 7195.79       0.9580       0.0798
 7196.82       0.9060       0.0774
 7197.86       0.9599       0.0782
 7198.90       0.9892       0.0803
 7199.94       0.9691       0.0829
 7200.97       0.8737       0.0840
 7202.01       0.7570       0.0835
 7203.05       0.6374       0.0813
 7204.09       0.5476       0.0781
 7205.13       0.7509       0.0766
 7206.16       1.0626       0.0765
 7207.20       0.9194       0.0742
 7208.24       0.7714       0.0715
 7209.28       0.8157       0.0686
 7210.31       0.7945       0.0654
 7211.35       0.7769       0.0630
 7212.39       0.7657       0.0615
 7213.43       0.8055       0.0621
 7214.47       0.8013       0.0621
 7215.50       0.7229       0.0603
 7216.54       0.7279       0.0608
 7217.58       0.7982       0.0630
 7218.62       0.7720       0.0631
 7219.65       0.7726       0.0644
 7220.69       0.8426       0.0681
 7221.73       0.9264       0.0721
 7222.77       0.9236       0.0742
 7223.81       0.8496       0.0749
 7224.84       0.8694       0.0756
 7225.88       0.9798       0.0768
 7226.92       1.0947       0.0781
 7227.96       1.1209       0.0789
 7228.99       1.0937       0.0792
 7230.03       1.1265       0.0801
 7231.07       1.1277       0.0842
 7232.11       1.0553       0.0917
 7233.14       0.9812       0.0946
 7234.18       1.0638       0.1034
 7235.22       1.2611       0.1404
 7236.26       1.2573       0.2043
 7237.30       0.9332       0.3040
 7238.33       0.5256       0.4201
 7239.37       0.6713       0.5165
 7240.41       1.2900       0.5746
 7241.45       1.6725       0.5876
 7242.48       1.4842       0.5722
 7243.52       1.0269       0.5537
 7244.56       1.2671       0.5395
 7245.60       1.4638       0.4987
 7246.64       1.0674       0.4115
 7247.67       0.6699       0.3030
 7248.71       0.6409       0.2061
 7249.75       1.0331       0.1507
 7250.79       1.2372       0.1430
 7251.82       1.0218       0.1535
 7252.86       0.8259       0.1671
 7253.90       0.7057       0.1680
 7254.94       0.6622       0.1542
 7255.98       0.5778       0.1288
 7257.01       0.5536       0.1047
 7258.05       0.6777       0.0919
 7259.09       1.0152       0.0877
 7260.13       1.1774       0.0848
 7261.16       0.8396       0.0813
 7262.20       0.6735       0.0814
 7263.24       0.8805       0.0857
 7264.28       0.7458       0.0878
 7265.31       0.7428       0.0911
 7266.35       1.0656       0.0968
 7267.39       1.2089       0.0999
 7268.43       1.0330       0.0973
 7269.47       0.7731       0.0969
 7270.50       0.7264       0.0927
 7271.54       0.8152       0.1219
 7272.58       0.6758       0.2006
 7273.62       0.5692       0.3599
 7274.65       0.6571       0.5564
 7275.69       0.9267       0.6893
 7276.73       0.7845       0.7014
 7277.77       0.1479       0.6071
 7278.81       0.3524       0.4291
 7279.84       1.0739       0.2671
 7280.88       1.2250       0.1905
 7281.92       0.9009       0.2008
 7282.96       0.5551       0.2396
 7283.99       0.6321       0.2719
 7285.03       0.8222       0.2768
 7286.07       0.7913       0.2534
 7287.11       0.7445       0.2050
 7288.15       0.7659       0.1518
 7289.18       0.8744       0.1139
 7290.22       0.7296       0.0946
 7291.26       0.5865       0.0932
 7292.30       0.8893       0.1071
 7293.33       1.0105       0.1225
 7294.37       0.7865       0.1303
 7295.41       0.8155       0.1375
 7296.45       0.7745       0.1355
 7297.48       0.4870       0.1232
 7298.52       0.4008       0.1041
 7299.56       0.5030       0.0996
 7300.60       0.6153       0.1220
 7301.64       0.5226       0.1611
 7302.67       0.4935       0.1982
 7303.71       0.9538       0.2192
 7304.75       1.0544       0.2081
 7305.79       0.7331       0.1720
 7306.82       0.6745       0.1299
 7307.86       0.7621       0.1015
 7308.90       0.7324       0.0928
 7309.94       0.8108       0.0921
 7310.98       1.0304       0.1036
 7312.01       1.3457       0.1444
 7313.05       1.0787       0.2342
 7314.09       0.6677       0.3671
 7315.13       1.1347       0.4899
 7316.16       1.0120       0.5482
 7317.20       0.1258       0.5154
 7318.24       0.3945       0.4066
 7319.28       1.1120       0.2661
 7320.31       1.0871       0.1479
 7321.35       0.9784       0.0871
 7322.39       0.9212       0.0692
 7323.43       0.7441       0.0637
 7324.47       0.7689       0.0761
 7325.50       0.9623       0.1086
 7326.54       0.9367       0.1576
 7327.58       1.0065       0.2085
 7328.62       1.2526       0.2436
 7329.65       1.2199       0.2526
 7330.69       1.0522       0.2307
 7331.73       1.0200       0.1877
 7332.77       1.0435       0.1371
 7333.81       0.9884       0.0943
 7334.84       0.7981       0.0737
 7335.88       0.9203       0.0856
 7336.92       1.2256       0.1545
 7337.96       1.1964       0.2780
 7338.99       0.7162       0.4192
 7340.03       0.2558       0.5241
 7341.07       0.4786       0.5702
 7342.11       0.9381       0.5282
 7343.15       0.9467       0.4100
 7344.18       1.0181       0.2628
 7345.22       1.2071       0.1474
 7346.26       1.2536       0.0922
 7347.30       1.1908       0.0843
 7348.33       1.0517       0.0809
 7349.37       0.9485       0.0844
 7350.41       0.9047       0.0855
 7351.45       0.8304       0.0856
 7352.48       0.9368       0.0833
 7353.52       0.9558       0.0850
 7354.56       0.6827       0.0989
 7355.60       0.6445       0.1349
 7356.64       0.9293       0.1862
 7357.67       1.0945       0.2260
 7358.71       0.8756       0.2377
 7359.75       0.5224       0.2195
 7360.79       0.6486       0.1818
 7361.82       0.9599       0.1371
 7362.86       0.9824       0.1019
 7363.90       0.8660       0.0825
 7364.94       0.8772       0.1004
 7365.98       1.0616       0.1593
 7367.01       1.1745       0.2511
 7368.05       1.0903       0.3416
 7369.09       0.9643       0.3922
 7370.13       0.7704       0.3826
 7371.16       0.6914       0.3238
 7372.20       1.1331       0.2382
 7373.24       1.5738       0.1579
 7374.28       1.4500       0.1001
 7375.32       1.1334       0.0772
 7376.35       0.9043       0.0722
 7377.39       0.8404       0.0702
 7378.43       0.8953       0.0700
 7379.47       0.9531       0.0691
 7380.50       1.0484       0.0690
 7381.54       0.9860       0.0671
 7382.58       0.8214       0.0643
 7383.62       0.9632       0.0667
 7384.65       1.1810       0.0700
 7385.69       1.2067       0.0707
 7386.73       1.2207       0.0713
 7387.77       1.2737       0.0815
 7388.81       1.1943       0.1026
 7389.84       1.2202       0.1338
 7390.88       1.2766       0.1638
 7391.92       0.9816       0.1785
 7392.96       0.7935       0.1737
 7393.99       1.0065       0.1546
 7395.03       1.2050       0.1230
 7396.07       1.1645       0.0938
 7397.11       0.9457       0.0844
 7398.15       0.8838       0.1122
 7399.18       0.9085       0.1733
 7400.22       0.6343       0.2380
 7401.26       0.6883       0.2861
 7402.30       1.0700       0.2974
 7403.33       0.9613       0.2648
 7404.37       0.8272       0.2008
 7405.41       1.0959       0.1338
 7406.45       1.2440       0.0880
 7407.49       1.1891       0.0686
 7408.52       1.1431       0.0641
 7409.56       1.1624       0.0678
 7410.60       1.2247       0.0692
 7411.64       1.1693       0.0710
 7412.67       1.1873       0.0732
 7413.71       1.3333       0.0758
 7414.75       1.3961       0.0761
 7415.79       1.3320       0.0741
 7416.82       1.2710       0.0720
 7417.86       1.2860       0.0706
 7418.90       1.3140       0.0694
 7419.94       1.2521       0.0676
 7420.98       1.2646       0.0671
 7422.01       1.3511       0.0675
 7423.05       1.3256       0.0676
 7424.09       1.2555       0.0667
 7425.13       1.2161       0.0689
 7426.16       1.1846       0.0777
 7427.20       1.1301       0.0948
 7428.24       1.0567       0.1139
 7429.28       1.1207       0.1270
 7430.32       1.2741       0.1283
 7431.35       1.3730       0.1208
 7432.39       1.2376       0.1003
 7433.43       1.0088       0.0822
 7434.47       0.9990       0.0834
 7435.50       1.1870       0.1123
 7436.54       1.3431       0.1533
 7437.58       1.3272       0.1818
 7438.62       1.2357       0.1881
 7439.66       1.2365       0.1796
 7440.69       1.1426       0.1494
 7441.73       1.0791       0.1106
 7442.77       1.3108       0.0836
 7443.81       1.4812       0.0721
 7444.84       1.4458       0.0677
 7445.88       1.5753       0.0677
 7446.92       1.5507       0.0666
 7447.96       1.2454       0.0649
 7448.99       1.1617       0.0663
 7450.03       1.3022       0.0686
 7451.07       1.3298       0.0678
 7452.11       1.3076       0.0657
 7453.15       1.3126       0.0651
 7454.18       1.4395       0.0671
 7455.22       1.5554       0.0698
 7456.26       1.6294       0.0723
 7457.30       1.8198       0.0753
 7458.33       1.9758       0.0797
 7459.37       1.9354       0.0855
 7460.41       1.8208       0.0904
 7461.45       1.6521       0.0947
 7462.49       1.4045       0.0988
 7463.52       1.2047       0.1039
 7464.56       1.1586       0.1111
 7465.60       1.2164       0.1170
 7466.64       1.2704       0.1219
 7467.67       1.5108       0.1302
 7468.71       1.7123       0.1344
 7469.75       2.9447       0.1555
 7470.79       5.6758       0.2025
 7471.83       8.5204       0.2491
 7472.86      10.3941       0.2730
 7473.90      11.0683       0.2719
 7474.94      10.4369       0.2434
 7475.98       8.6991       0.2108
 7477.01       5.9836       0.1928
 7478.05       3.6973       0.1855
 7479.09       2.2778       0.1899
 7480.13       1.8446       0.2068
 7481.16       1.6547       0.2197
 7482.20       1.1798       0.2138
 7483.24       1.0053       0.1925
 7484.28       1.2301       0.1749
 7485.32       1.4055       0.1514
 7486.35       1.3748       0.1226
 7487.39       1.2110       0.0935
 7488.43       1.0974       0.0772
 7489.47       1.0895       0.0737
 7490.50       1.2115       0.0770
 7491.54       1.4707       0.0884
 7492.58       1.6967       0.0994
 7493.62       1.7451       0.1032
 7494.66       2.2682       0.1213
 7495.69       2.8646       0.1218
 7496.73       2.9777       0.1139
 7497.77       2.9369       0.1024
 7498.81       2.8839       0.0959
 7499.84       2.3823       0.0909
 7500.88       1.6827       0.0845
 7501.92       1.2220       0.0767
 7502.96       1.1085       0.0735
 7504.00       1.1832       0.0735
 7505.03       1.2697       0.0747
 7506.07       1.2928       0.0659
 7507.11       1.2070       0.0631
 7508.15       1.2018       0.0626
 7509.18       1.0901       0.0628
 7510.22       0.8733       0.0613
 7511.26       0.9743       0.0606
 7512.30       1.2247       0.0622
 7513.33       1.2752       0.0661
 7514.37       1.2296       0.0721
 7515.41       1.2084       0.0791
 7516.45       1.2370       0.0867
 7517.49       1.2465       0.0868
 7518.52       1.2593       0.0921
 7519.56       1.4232       0.1114
 7520.60       1.4010       0.1681
 7521.64       1.1308       0.2563
 7522.67       1.2631       0.3358
 7523.71       1.5236       0.3778
 7524.75       1.3743       0.3762
 7525.79       1.2060       0.3194
 7526.83       1.1685       0.2381
 7527.86       1.1267       0.1731
 7528.90       1.1319       0.1485
 7529.94       1.1522       0.1483
 7530.98       1.1740       0.1527
 7532.01       1.0827       0.1417
 7533.05       0.9191       0.1169
 7534.09       0.9764       0.0928
 7535.13       1.2014       0.0777
 7536.17       1.3779       0.0716
 7537.20       1.4529       0.0759
 7538.24       1.4441       0.0838
 7539.28       1.4027       0.0908
 7540.32       1.3295       0.0924
 7541.35       1.2655       0.0886
 7542.39       1.2446       0.0827
 7543.43       1.1832       0.0753
 7544.47       1.0813       0.0678
 7545.50       1.2450       0.0662
 7546.54       1.4487       0.0677
 7547.58       1.3275       0.0667
 7548.62       1.2171       0.0657
 7549.66       1.1917       0.0653
 7550.69       0.9587       0.0642
 7551.73       0.8226       0.0647
 7552.77       0.9573       0.0703
 7553.81       1.1344       0.0809
 7554.84       1.0983       0.0947
 7555.88       0.8504       0.1074
 7556.92       0.7392       0.1191
 7557.96       0.8561       0.1245
 7559.00       0.9701       0.1187
 7560.03       1.1221       0.1024
 7561.07       1.2263       0.0833
 7562.11       1.1389       0.0706
 7563.15       0.9494       0.0661
 7564.18       0.8796       0.0669
 7565.22       1.0218       0.0714
 7566.26       1.1200       0.0792
 7567.30       0.9364       0.0951
 7568.33       0.9640       0.1348
 7569.37       1.2097       0.1980
 7570.41       1.2310       0.2552
 7571.45       1.3529       0.2912
 7572.49       1.6059       0.2932
 7573.52       1.6254       0.2592
 7574.56       1.3178       0.1957
 7575.60       0.9286       0.1256
 7576.64       0.9934       0.0843
 7577.67       1.2626       0.0707
 7578.71       1.1479       0.0632
 7579.75       1.0835       0.0620
 7580.79       1.1687       0.0637
 7581.83       1.0939       0.0693
 7582.86       1.0169       0.0870
 7583.90       1.0414       0.1145
 7584.94       0.9999       0.1326
 7585.98       0.9363       0.1384
 7587.01       0.9819       0.1372
 7588.05       0.9617       0.1202
 7589.09       0.9843       0.0960
 7590.13       1.1165       0.0784
 7591.17       1.1988       0.0721
 7592.20       1.0915       0.0774
 7593.24       0.8417       0.0883
 7594.28       0.7511       0.1251
 7595.32       0.9077       0.2381
 7596.35       0.9473       0.4391
 7597.39       1.0688       0.6896
 7598.43       1.4129       0.8973
 7599.47       1.2838       1.0496
 7600.50       0.7621       1.0783
 7601.54       0.2820       0.9262
 7602.58       0.3850       0.7486
 7603.62       0.9142       0.6774
 7604.66       1.1855       0.6429
 7605.69       1.4554       0.6695
 7606.73       1.8413       0.6877
 7607.77       1.6210       0.5627
 7608.81       1.0225       0.1603
 7609.84       1.0612       0.1474
 7610.88       0.9267       0.2286
 7611.92       0.6438       0.1862
 7612.96       0.4036       0.1683
 7614.00       0.6564       0.1860
 7615.03       1.0978       0.2145
 7616.07       1.3361       0.2184
 7617.11       1.1976       0.2075
 7618.15       0.7661       0.2031
 7619.18       0.7931       0.1992
 7620.22       1.1064       0.1950
 7621.26       1.1274       0.1932
 7622.30       1.1427       0.1903
 7623.33       1.1209       0.1960
 7624.37       0.6174       0.2119
 7625.41       0.6487       0.2782
 7626.45       1.2703       0.3829
 7627.49       0.8854       0.4420
 7628.52       0.4407       0.4644
 7629.56       0.8463       0.4703
 7630.60       0.8485       0.4029
 7631.64       0.6929       0.2984
 7632.67       0.9458       0.2242
 7633.71       1.0190       0.1900
 7634.75       0.7381       0.1721
 7635.79       0.6135       0.1588
 7636.83       0.7389       0.1475
 7637.86       0.9196       0.1416
 7638.90       1.0991       0.1425
 7639.94       1.0737       0.1436
 7640.98       0.8500       0.1400
 7642.01       0.8787       0.1357
 7643.05       1.1685       0.1321
 7644.09       1.2607       0.1275
 7645.13       1.4753       0.1262
 7646.17       1.9246       0.1279
 7647.20       2.2378       0.1284
 7648.24       2.4528       0.1288
 7649.28       2.5708       0.1321
 7650.32       2.3273       0.1376
 7651.35       1.8599       0.1432
 7652.39       1.5881       0.1464
 7653.43       1.3140       0.1425
 7654.47       1.0751       0.1317
 7655.50       1.1874       0.1218
 7656.54       1.3033       0.1055
 7657.58       1.1918       0.0912
 7658.62       0.9892       0.0980
 7659.66       1.0319       0.1263
 7660.69       1.3680       0.1574
 7661.73       1.5364       0.1763
 7662.77       1.6815       0.1763
 7663.81       2.0961       0.1645
 7664.84       2.0733       0.1372
 7665.88       1.5257       0.1032
 7666.92       1.3594       0.0804
 7667.96       1.2755       0.0712
 7669.00       1.1374       0.0684
 7670.03       1.0581       0.0682
 7671.07       1.0350       0.0671
 7672.11       1.0149       0.0662
 7673.15       0.8438       0.0641
 7674.18       0.7218       0.0617
 7675.22       0.8739       0.0611
 7676.26       0.9748       0.0606
 7677.30       0.9222       0.0601
 7678.33       0.9224       0.0613
 7679.37       0.9751       0.0642
 7680.41       1.0131       0.0677
 7681.45       0.9436       0.0701
 7682.49       0.9122       0.0726
 7683.52       1.0664       0.0764
 7684.56       1.2618       0.0789
 7685.60       1.3331       0.0801
 7686.64       1.2583       0.0811
 7687.67       1.1352       0.0829
 7688.71       1.1324       0.0859
 7689.75       1.2742       0.0884
 7690.79       1.3291       0.0885
 7691.83       1.1521       0.0859
 7692.86       0.9354       0.0830
 7693.90       0.8268       0.0800
 7694.94       0.8851       0.0771
 7695.98       0.8809       0.0773
 7697.01       0.8053       0.0829
 7698.05       0.8623       0.0918
 7699.09       1.0136       0.0998
 7700.13       1.1163       0.1015
 7701.17       1.0252       0.0949
 7702.20       0.8469       0.0828
 7703.24       0.8211       0.0714
 7704.28       0.9450       0.0663
 7705.32       1.0588       0.0635
 7706.35       1.0311       0.0632
 7707.39       0.8029       0.0637
 7708.43       0.6910       0.1044
 7709.47       1.1261       0.2089
 7710.50       1.1276       0.3336
 7711.54       0.5050       0.4456
 7712.58       0.6221       0.5466
 7713.62       1.1596       0.6283
 7714.66       1.3163       0.6752
 7715.69       1.4679       0.6804
 7716.73       1.5672       0.6418
 7717.77       1.4718       0.5642
 7718.81       1.0580       0.4433
 7719.84       0.5992       0.3008
 7720.88       0.5236       0.1909
 7721.92       0.8073       0.1468
 7722.96       1.0584       0.1520
 7724.00       0.8734       0.1811
 7725.03       0.5707       0.1971
 7726.07       0.6547       0.1917
 7727.11       0.7084       0.1693
 7728.15       0.7372       0.1381
 7729.18       0.9810       0.1065
 7730.22       1.1596       0.0855
 7731.26       1.0791       0.0769
 7732.30       0.8112       0.0775
 7733.34       0.6929       0.0842
 7734.37       0.8551       0.0915
 7735.41       1.0506       0.0949
 7736.45       1.1237       0.0921
 7737.49       1.0835       0.0865
 7738.52       0.9026       0.0798
 7739.56       0.8303       0.0755
 7740.60       1.0857       0.0752
 7741.64       1.1372       0.0755
 7742.68       0.8920       0.0744
 7743.71       0.9080       0.0731
 7744.75       1.0486       0.0731
 7745.79       0.9744       0.1038
 7746.83       1.0742       0.1918
 7747.86       1.0706       0.3623
 7748.90       0.7604       0.5662
 7749.94       1.0494       0.7237
 7750.98       1.7399       0.7590
 7752.01       1.7030       0.6681
 7753.05       0.9933       0.4717
 7754.09       0.5142       0.2650
 7755.13       0.6968       0.1387
 7756.17       1.1137       0.1256
 7757.20       1.0668       0.1712
 7758.24       1.0853       0.2501
 7759.28       1.2626       0.2882
 7760.32       1.4010       0.2643
 7761.35       1.3227       0.2662
 7762.39       1.1813       0.2708
 7763.43       1.1765       0.1869
 7764.47       0.9892       0.1134
 7765.51       0.8389       0.0841
 7766.54       1.3497       0.0716
 7767.58       0.5813       0.0438
 7768.62       0.8789       0.0683
 7769.66       0.9299       0.1117
 7770.69       0.6583       0.1444
 7771.73       0.7764       0.1870
 7772.77       1.0992       0.2186
 7773.81       1.2286       0.2245
 7774.85       0.8960       0.2007
 7775.88       0.6383       0.1666
 7776.92       0.8955       0.1499
 7777.96       1.2299       0.1616
 7779.00       1.3568       0.1895
 7780.03       1.3084       0.2067
 7781.07       1.3235       0.2095
 7782.11       1.4141       0.1894
 7783.15       1.3452       0.1484
 7784.18       1.1589       0.1081
 7785.22       1.0307       0.0859
 7786.26       1.1782       0.0824
 7787.30       1.2349       0.0856
 7788.34       1.0150       0.0961
 7789.37       0.7969       0.1092
 7790.41       0.7068       0.1761
 7791.45       0.6840       0.3135
 7792.49       0.6225       0.4595
 7793.52       0.6543       0.5491
 7794.56       1.0638       0.5649
 7795.60       1.1818       0.4864
 7796.64       0.8506       0.3470
 7797.68       0.8539       0.2000
 7798.71       1.0388       0.1038
 7799.75       0.9765       0.0664
 7800.79       0.9599       0.0654
 7801.83       0.9930       0.0641
 7802.86       0.9331       0.0659
 7803.90       0.8618       0.0748
 7804.94       0.7661       0.1077
 7805.98       0.5194       0.1636
 7807.02       0.5521       0.2249
 7808.05       0.9536       0.2645
 7809.09       1.1825       0.2718
 7810.13       1.0806       0.2391
 7811.17       0.9014       0.1808
 7812.20       0.9479       0.1276
 7813.24       1.1232       0.0970
 7814.28       1.0801       0.0875
 7815.32       0.8589       0.0803
 7816.35       0.7166       0.0905
 7817.39       1.0187       0.1419
 7818.43       1.0859       0.2677
 7819.47       0.6275       0.4450
 7820.51       0.6202       0.6017
 7821.54       1.0551       0.6702
 7822.58       1.3714       0.6342
 7823.62       1.3415       0.4862
 7824.66       1.1529       0.2981
 7825.69       1.2797       0.1559
 7826.73       1.2908       0.0938
 7827.77       1.0271       0.0755
 7828.81       1.0975       0.0771
 7829.85       1.2056       0.0756
 7830.88       1.0206       0.0730
 7831.92       0.8313       0.0706
 7832.96       0.8824       0.0696
 7834.00       1.1441       0.0710
 7835.03       1.2719       0.0693
 7836.07       1.0792       0.0706
 7837.11       1.0364       0.0829
 7838.15       0.9379       0.1198
 7839.19       0.7722       0.1756
 7840.22       0.9397       0.2250
 7841.26       1.0882       0.2458
 7842.30       0.8982       0.2327
 7843.34       0.9282       0.1902
 7844.37       1.0521       0.1376
 7845.41       0.9561       0.0963
 7846.45       0.8811       0.0851
 7847.49       1.0297       0.1100
 7848.52       1.2610       0.1491
 7849.56       1.2801       0.2395
 7850.60       1.0179       0.3967
 7851.64       0.7796       0.5707
 7852.68       0.7771       0.6962
 7853.71       0.9574       0.7246
 7854.75       1.0735       0.6383
 7855.79       1.0766       0.4884
 7856.83       1.1679       0.3446
 7857.86       0.9446       0.2860
 7858.90       0.5660       0.3019
 7859.94       0.8068       0.3328
 7860.98       1.1368       0.3306
 7862.02       1.0074       0.2854
 7863.05       0.8350       0.2139
 7864.09       0.7815       0.1524
 7865.13       0.8051       0.1324
 7866.17       0.8497       0.1550
 7867.20       0.8295       0.2178
 7868.24       0.9145       0.3096
 7869.28       0.8110       0.3829
 7870.32       0.6216       0.4020
 7871.35       0.7404       0.3762
 7872.39       0.8877       0.3038
 7873.43       0.8000       0.2110
 7874.47       0.7863       0.1370
 7875.51       0.9135       0.1175
 7876.54       1.1307       0.1499
 7877.58       1.0812       0.2014
 7878.62       0.9574       0.2414
 7879.66       1.2402       0.2755
 7880.69       1.2860       0.2798
 7881.73       0.9466       0.2518
 7882.77       0.9219       0.2114
 7883.81       0.9873       0.1681
 7884.85       0.7694       0.1366
 7885.88       0.7851       0.1401
 7886.92       0.9283       0.1978
 7887.96       0.7335       0.2898
 7889.00       0.4871       0.3675
 7890.03       0.4984       0.3891
 7891.07       0.8183       0.3623
 7892.11       1.2955       0.2887
 7893.15       1.5701       0.1969
 7894.19       1.3083       0.1256
 7895.22       0.9103       0.0905
 7896.26       0.8892       0.0773
 7897.30       0.8145       0.0764
 7898.34       0.6695       0.0717
 7899.37       0.7280       0.0694
 7900.41       0.8425       0.0680
 7901.45       0.9052       0.0682
 7902.49       1.0279       0.0708
 7903.52       1.1098       0.0733
 7904.56       1.0712       0.0743
 7905.60       0.9197       0.0752
 7906.64       0.8095       0.0736
 7907.68       0.8449       0.0833
 7908.71       0.7351       0.0984
 7909.75       0.8379       0.1989
 7910.79       1.7013       0.4196
 7911.83       1.9085       0.6714
 7912.86       1.0958       0.8425
 7913.90       0.6589       0.9113
 7914.94       0.8660       0.8201
 7915.98       1.2881       0.6126
 7917.02       1.1134       0.3876
 7918.05       0.7665       0.2816
 7919.09       1.1247       0.3192
 7920.13       1.4629       0.4026
 7921.17       1.3932       0.4162
 7922.20       1.2063       0.3819
 7923.24       1.0262       0.2946
 7924.28       0.9547       0.1927
 7925.32       1.0434       0.1146
 7926.35       1.2337       0.0872
 7927.39       1.3466       0.1048
 7928.43       1.2212       0.1610
 7929.47       1.0205       0.2270
 7930.51       1.0099       0.2783
 7931.54       0.8652       0.2915
 7932.58       0.6770       0.2675
 7933.62       0.8224       0.2245
 7934.66       1.0965       0.1721
 7935.69       1.1650       0.1192
 7936.73       1.1159       0.0814
 7937.77       0.9368       0.0620
 7938.81       0.8091       0.0601
 7939.85       0.6572       0.0642
 7940.88       0.6197       0.0657
 7941.92       0.7836       0.0716
 7942.96       0.8328       0.0753
 7944.00       0.6992       0.0819
 7945.03       0.5807       0.0943
 7946.07       0.6700       0.1284
 7947.11       0.8775       0.1805
 7948.15       0.7305       0.2208
 7949.19       0.6327       0.2352
 7950.22       1.0918       0.2267
 7951.26       1.0894       0.1863
 7952.30       0.6812       0.1310
 7953.34       0.7918       0.0886
 7954.37       1.0424       0.0686
 7955.41       1.0674       0.0610
 7956.45       1.0218       0.0603
 7957.49       1.0177       0.0567
 7958.52       1.0587       0.0603
 7959.56       0.9931       0.0624
 7960.60       0.8148       0.1190
 7961.64       0.6947       0.2564
 7962.68       1.1854       0.4425
 7963.71       1.6859       0.6023
 7964.75       0.9788       0.6680
 7965.79       0.5334       0.6215
 7966.83       1.1035       0.4965
 7967.86       1.1591       0.3166
 7968.90       0.8435       0.1702
 7969.94       0.7855       0.1024
 7970.98       0.9313       0.0854
 7972.02       1.0960       0.0762
 7973.05       1.0532       0.0763
 7974.09       0.7317       0.0837
 7975.13       0.4712       0.1132
 7976.17       0.8106       0.1674
 7977.20       1.1031       0.2402
 7978.24       0.8677       0.3053
 7979.28       0.6327       0.3341
 7980.32       0.5976       0.3150
 7981.36       0.7257       0.2626
 7982.39       1.0756       0.1882
 7983.43       1.3907       0.1202
 7984.47       1.4021       0.0821
 7985.51       1.2613       0.0731
 7986.54       1.1124       0.0740
 7987.58       0.8522       0.0746
 7988.62       0.6212       0.0945
 7989.66       0.6090       0.1811
 7990.69       1.3981       0.3660
 7991.73       1.5994       0.5807
 7992.77       0.1655       0.7041
 7993.81       0.5224       0.7410
 7994.85       2.0899       0.6680
 7995.88       1.2725       0.4684
 7996.92       0.1338       0.2580
 7997.96       0.4259       0.1295
 7999.00       0.9921       0.0845
 8000.03       1.2686       0.0843
 8001.07       1.0406       0.0761
 8002.11       0.9156       0.0757
 8003.15       0.9615       0.0737
 8004.19       0.9230       0.0693
 8005.22       1.0353       0.0672
 8006.26       1.2777       0.0679
 8007.30       1.2832       0.0674
 8008.34       1.3123       0.0651
 8009.37       1.4131       0.0735
 8010.41       1.2162       0.0973
 8011.45       0.6996       0.1496
 8012.49       0.1826       0.2168
 8013.53       0.2195       0.2621
 8014.56       0.5094       0.2626
 8015.60       0.3637       0.2282
 8016.64       0.4931       0.1815
 8017.68       0.9974       0.1454
 8018.71       1.1513       0.1232
 8019.75       1.0361       0.1104
 8020.79       0.9883       0.1185
 8021.83       1.4925       0.1656
 8022.86       1.5776       0.2673
 8023.90       0.5291       0.3966
 8024.94      -0.0363       0.5070
 8025.98       0.6328       0.5560
 8027.02       1.7985       0.5371
 8028.05       1.8113       0.4241
 8029.09       0.7198       0.2664
 8030.13       0.5946       0.1569
 8031.17       0.9326       0.1105
 8032.20       0.8205       0.0859
 8033.24       0.8433       0.0805
 8034.28       0.9637       0.0743
 8035.32       1.0127       0.0701
 8036.36       0.8229       0.0647
 8037.39       0.6388       0.0601
 8038.43       0.8786       0.0613
 8039.47       1.0129       0.0631
 8040.51       0.8942       0.0626
 8041.54       1.1459       0.0655
 8042.58       1.3075       0.0662
 8043.62       0.9868       0.0616
 8044.66       0.6916       0.0579
 8045.70       0.6413       0.0578
 8046.73       0.7394       0.0617
 8047.77       0.9106       0.0746
 8048.81       1.0726       0.1025
 8049.85       1.1471       0.1399
 8050.88       1.0695       0.1709
 8051.92       0.9812       0.1814
 8052.96       1.0231       0.1714
 8054.00       1.1886       0.1434
 8055.04       1.3021       0.1093
 8056.07       1.1141       0.0781
 8057.11       0.9010       0.0679
 8058.15       1.0598       0.0857
 8059.19       1.4798       0.1476
 8060.22       1.9369       0.2331
 8061.26       2.5061       0.2979
 8062.30       2.2936       0.3130
 8063.34       1.2648       0.2800
 8064.37       0.8251       0.2183
 8065.41       0.9950       0.1512
 8066.45       0.9711       0.0935
 8067.49       0.8674       0.0663
 8068.53       0.7796       0.0599
 8069.56       0.8939       0.0582
 8070.60       1.0036       0.0588
 8071.64       0.9682       0.0598
 8072.68       0.9555       0.0623
 8073.71       0.9245       0.0655
 8074.75       0.8774       0.0690
 8075.79       0.9325       0.0712
 8076.83       1.0462       0.0722
 8077.87       1.0585       0.0724
 8078.90       0.9096       0.0690
 8079.94       0.8150       0.0649
 8080.98       1.0244       0.0651
 8082.02       1.1943       0.0684
 8083.05       1.1135       0.0721
 8084.09       1.0130       0.0763
 8085.13       0.9305       0.0788
 8086.17       0.8591       0.0781
 8087.21       0.7740       0.0715
 8088.24       0.7463       0.0637
 8089.28       0.8026       0.0614
 8090.32       0.8554       0.0688
 8091.36       0.8857       0.0841
 8092.39       0.9475       0.0993
 8093.43       1.0724       0.1090
 8094.47       1.1765       0.1097
 8095.51       1.0610       0.1006
 8096.54       0.8973       0.0851
 8097.58       0.9071       0.0734
 8098.62       0.9751       0.0769
 8099.66       1.0181       0.0997
 8100.70       1.0195       0.1298
 8101.73       0.9958       0.1556
 8102.77       0.9936       0.1651
 8103.81       0.9666       0.1565
 8104.85       0.9987       0.1315
 8105.88       1.0902       0.1016
 8106.92       1.0547       0.0797
 8107.96       1.0033       0.0706
 8109.00       1.0550       0.0681
 8110.04       1.0026       0.0670
 8111.07       0.8593       0.0637
 8112.11       0.7694       0.0630
 8113.15       0.7634       0.0622
 8114.19       0.8142       0.0602
 8115.22       0.9300       0.0591
 8116.26       0.9659       0.0584
 8117.30       0.8798       0.0577
 8118.34       0.8724       0.0586
 8119.38       0.8624       0.0597
 8120.41       0.7402       0.0600
 8121.45       0.6913       0.0605
 8122.49       0.7817       0.0617
 8123.53       0.8843       0.0627
 8124.56       1.0033       0.0647
 8125.60       1.1372       0.0677
 8126.64       1.2766       0.0694
 8127.68       1.3075       0.0700
 8128.71       1.2009       0.0708
 8129.75       1.1195       0.0715
 8130.79       1.0768       0.0731
 8131.83       0.9807       0.0758
 8132.87       0.9829       0.0794
 8133.90       1.0230       0.0826
 8134.94       0.8785       0.0828
 8135.98       0.8112       0.0859
 8137.02       0.8783       0.0935
 8138.05       0.7497       0.0986
 8139.09       0.5485       0.0996
 8140.13       0.5305       0.0979
 8141.17       0.8363       0.0933
 8142.21       1.1015       0.0867
 8143.24       0.9837       0.0807
 8144.28       0.8701       0.0848
 8145.32       0.9209       0.0991
 8146.36       0.8778       0.1128
 8147.39       0.8224       0.1190
 8148.43       0.8208       0.1140
 8149.47       0.9862       0.0988
 8150.51       1.0418       0.0815
 8151.54       0.7702       0.0699
 8152.58       0.7612       0.0700
 8153.62       1.0096       0.0743
 8154.66       1.0045       0.0723
 8155.70       0.8800       0.0676
 8156.73       0.8780       0.0656
 8157.77       1.0097       0.0658
 8158.81       1.0903       0.0682
 8159.85       1.0197       0.0720
 8160.88       1.0470       0.0775
 8161.92       1.1057       0.0823
 8162.96       1.0489       0.0840
 8164.00       0.8216       0.0791
 8165.04       0.6494       0.0720
 8166.07       0.8270       0.0700
 8167.11       0.9666       0.0690
 8168.15       0.8631       0.0662
 8169.19       0.8187       0.0661
 8170.22       0.8912       0.0673
 8171.26       0.9838       0.0670
 8172.30       0.8620       0.0639
 8173.34       0.6951       0.0609
 8174.38       0.8033       0.0620
 8175.41       0.9019       0.0677
 8176.45       0.8956       0.0735
 8177.49       0.8656       0.0738
 8178.53       0.8572       0.0731
 8179.56       0.8835       0.0743
 8180.60       0.8909       0.0729
 8181.64       0.9113       0.0690
 8182.68       1.0115       0.0668
 8183.71       1.0660       0.0651
 8184.75       0.9554       0.0656
 8185.79       0.6762       0.0689
 8186.83       0.6149       0.0768
 8187.87       0.8166       0.0852
 8188.90       0.9486       0.0872
 8189.94       1.0409       0.0839
 8190.98       1.0761       0.0800
 8192.02       0.9563       0.0769
 8193.05       0.8403       0.0781
 8194.09       0.8758       0.0829
 8195.13       1.0365       0.0872
 8196.17       1.1237       0.0870
 8197.21       0.9576       0.0829
 8198.24       0.7929       0.0766
 8199.28       0.7973       0.0707
 8200.32       0.8448       0.0658
 8201.36       0.8512       0.0625
 8202.39       0.7800       0.0604
 8203.43       0.8485       0.0603
 8204.47       0.9808       0.0613
 8205.51       0.9616       0.0624
 8206.54       0.8630       0.0631
 8207.58       0.8127       0.0639
 8208.62       0.9101       0.0659
 8209.66       0.9700       0.0663
 8210.70       0.9016       0.0644
 8211.73       0.8430       0.0625
 8212.77       0.9632       0.0628
 8213.81       1.1982       0.0646
 8214.85       1.0672       0.0642
 8215.88       0.7449       0.0620
 8216.92       0.7321       0.0616
 8217.96       0.9913       0.0628
 8219.00       1.1962       0.0638
 8220.04       1.0005       0.0623
 8221.07       0.9132       0.0629
 8222.11       1.0754       0.0665
 8223.15       1.0269       0.0678
 8224.19       0.8324       0.0678
 8225.22       0.6785       0.0690
 8226.26       0.7655       0.0803
 8227.30       0.9364       0.0947
 8228.34       0.8878       0.0970
 8229.38       0.7420       0.0934
 8230.41       0.6698       0.0891
 8231.45       0.7838       0.0817
 8232.49       0.9801       0.0732
 8233.53       1.0014       0.0669
 8234.56       0.9524       0.0651
 8235.60       0.9780       0.0650
 8236.64       1.1185       0.0643
 8237.68       1.0748       0.0642
 8238.71       0.9157       0.0656
 8239.75       0.9475       0.0689
 8240.79       0.9482       0.0720
 8241.83       0.8190       0.0734
 8242.87       0.7304       0.0730
 8243.90       0.7675       0.0725
 8244.94       0.9125       0.0730
 8245.98       1.1231       0.0748
 8247.02       1.1661       0.0753
 8248.05       0.9673       0.0730
 8249.09       0.7593       0.0694
 8250.13       0.7237       0.0663
 8251.17       0.8692       0.0644
 8252.21       0.9334       0.0638
 8253.24       0.8576       0.0649
 8254.28       0.9938       0.0704
 8255.32       1.0449       0.0740
 8256.36       0.8119       0.0713
 8257.39       0.8027       0.0677
 8258.43       0.9713       0.0659
 8259.47       0.9790       0.0653
 8260.51       0.9182       0.0645
 8261.54       0.8789       0.0628
 8262.58       0.9262       0.0618
 8263.62       0.9953       0.0619
 8264.66       1.0633       0.0625
 8265.70       1.1374       0.0621
 8266.73       1.1421       0.0609
 8267.77       1.0466       0.0604
 8268.81       1.0216       0.0622
 8269.85       0.9925       0.0642
 8270.88       0.8266       0.0646
 8271.92       0.8341       0.0651
 8272.96       1.0035       0.0723
 8274.00       0.9468       0.0837
 8275.04       0.6336       0.1162
 8276.07       0.4322       0.1827
 8277.11       0.6066       0.2576
 8278.15       0.8380       0.3518
 8279.19       0.7723       0.4589
 8280.22       0.7607       0.5293
 8281.26       1.0284       0.5311
 8282.30       1.4588       0.4727
 8283.34       1.1834       0.3864
 8284.38       0.3666       0.3497
 8285.41       0.3086       0.3905
 8286.45       0.6315       0.5241
 8287.49       0.6324       0.6714
 8288.53       1.2265       0.7523
 8289.56       1.5953       0.6862
 8290.60       0.9801       0.5104
 8291.64       0.4970       0.3069
 8292.68       0.5655       0.1889
 8293.71       0.5578       0.1939
 8294.75       0.8508       0.2969
 8295.79       1.2121       0.4433
 8296.83       1.0115       0.6497
 8297.87       0.6728       0.7805
 8298.90       0.7696       0.7501
 8299.94       1.2084       0.6647
 8300.98       1.4971       0.5339
 8302.02       1.2283       0.3313
 8303.05       0.9609       0.1795
 8304.09       0.9586       0.1134
 8305.13       0.9675       0.0895
 8306.17       0.9447       0.0920
 8307.21       0.8966       0.1129
 8308.24       1.2509       0.1766
 8309.28       1.5544       0.2444
 8310.32       1.3697       0.2726
 8311.36       0.8261       0.2685
 8312.39       0.4378       0.2322
 8313.43       0.6020       0.1687
 8314.47       0.8609       0.1113
 8315.51       0.8964       0.0820
 8316.54       0.9795       0.0798
 8317.58       1.0458       0.0894
 8318.62       1.0270       0.0912
 8319.66       0.9853       0.0904
 8320.70       1.0036       0.0847
 8321.73       1.0553       0.0759
 8322.77       1.1775       0.0703
 8323.81       1.2800       0.0678
 8324.85       1.2644       0.0641
 8325.88       1.0597       0.0594
 8326.92       0.7984       0.0559
 8327.96       0.7095       0.0566
 8329.00       0.7293       0.0582
 8330.04       0.6470       0.0572
 8331.07       0.6109       0.0576
 8332.11       0.6958       0.0601
 8333.15       0.8244       0.0627
 8334.19       0.7741       0.0639
 8335.22       0.6385       0.0672
 8336.26       0.7123       0.0787
 8337.30       0.7651       0.0811
 8338.34       0.7018       0.0922
 8339.38       0.8875       0.1037
 8340.41       0.8702       0.2359
 8341.45       0.4850       0.5619
 8342.49       1.1560       1.0466
 8343.53       1.8804       1.4866
 8344.56       1.0918       1.6515
 8345.60      -0.1582       1.4950
 8346.64      -0.4644       1.1157
 8347.68       0.5707       0.6507
 8348.71       1.3052       0.3370
 8349.75       0.8904       0.2676
 8350.79       1.0017       0.4034
 8351.83       1.3931       0.5492
 8352.87       1.2882       0.5605
 8353.90       1.1488       0.5092
 8354.94       1.0333       0.4065
 8355.98       0.8238       0.2487
 8357.02       0.6206       0.1262
 8358.05       0.5842       0.0794
 8359.09       0.6825       0.0782
 8360.13       0.9651       0.1008
 8361.17       1.2163       0.1303
 8362.21       0.8339       0.1740
 8363.24       0.4771       0.2199
 8364.28       0.8529       0.2484
 8365.32       0.9011       0.2454
 8366.36       0.5885       0.2095
 8367.39       0.6587       0.1563
 8368.43       0.8467       0.1055
 8369.47       0.9430       0.0748
 8370.51       0.9933       0.0758
 8371.55       0.9692       0.0780
 8372.58       1.0327       0.0643
 8373.62       1.0330       0.0581
 8374.66       0.9426       0.0614
 8375.70       0.7853       0.0636
 8376.73       0.6995       0.0658
 8377.77       0.7715       0.0921
 8378.81       0.8943       0.1505
 8379.85       1.1165       0.2487
 8380.88       1.2906       0.3544
 8381.92       1.0117       0.4122
 8382.96       0.7662       0.4017
 8384.00       0.9774       0.3414
 8385.04       1.0893       0.2392
 8386.07       0.9974       0.1407
 8387.11       0.9540       0.0829
 8388.15       0.9511       0.0692
 8389.19       0.9796       0.0703
 8390.22       0.9571       0.0731
 8391.26       0.9590       0.0734
 8392.30       0.9531       0.0778
 8393.34       0.5829       0.0627
 8394.38       0.5209       0.0854
 8395.41       1.1100       0.2197
 8396.45       1.0014       0.5092
 8397.49       0.3315       0.8784
 8398.53       0.1642       1.1409
 8399.56       1.3437       1.2361
 8400.60       2.7516       1.1138
 8401.64       2.1981       0.7557
 8402.68       0.9204       0.3716
 8403.72       0.6969       0.1419
 8404.75       0.8316       0.0637
 8405.79       0.9987       0.0624
 8406.83       1.0089       0.0588
 8407.87       0.8717       0.0593
 8408.90       0.7520       0.0566
 8409.94       0.8445       0.0609
 8410.98       0.7019       0.0856
 8412.02       0.3190       0.1597
 8413.05       0.4133       0.2850
 8414.09       0.6819       0.4080
 8415.13       0.6825       0.4635
 8416.17       0.4972       0.4452
 8417.21       0.4330       0.3569
 8418.24       0.7088       0.2334
 8419.28       0.9558       0.1308
 8420.32       1.0361       0.0782
 8421.36       1.0106       0.0667
 8422.39       0.9691       0.0766
 8423.43       0.8893       0.0851
 8424.47       0.5342       0.0798
 8425.51       0.2591       0.1150
 8426.55       0.3221       0.2760
 8427.58       0.1361       0.6173
 8428.62      -0.0047       1.0356
 8429.66       0.4242       1.3075
 8430.70       0.8222       1.3757
 8431.73       0.8798       1.2001
 8432.77       0.8418       0.7878
 8433.81       0.8590       0.3833
 8434.85       0.9635       0.1592
 8435.89       0.9541       0.0831
 8436.92       1.0070       0.0764
 8437.96       1.2253       0.0649
 8439.00       1.2494       0.0624
 8440.04       1.0634       0.0586
 8441.07       0.8839       0.0567
 8442.11       0.9699       0.0594
 8443.15       1.2193       0.0686
 8444.19       1.2176       0.0809
 8445.22       1.0092       0.0882
 8446.26       0.8243       0.0935
 8447.30       0.7666       0.0940
 8448.34       0.8084       0.1258
 8449.38       0.8305       0.2051
 8450.41       1.1668       0.3120
 8451.45       1.6136       0.4030
 8452.49       1.6727       0.4388
 8453.53       1.3068       0.3958
 8454.56       0.9167       0.2953
 8455.60       0.9906       0.1781
 8456.64       1.0991       0.0967
 8457.68       0.8122       0.0648
 8458.72       0.6614       0.0629
 8459.75       0.5937       0.0635
 8460.79       0.3582       0.0846
 8461.83       1.1820       0.2309
 8462.87       2.0107       0.5121
 8463.90       0.7097       0.7790
 8464.94      -0.0907       0.9517
 8465.98       0.9294       0.9685
 8467.02       1.4395       0.8152
 8468.06       1.0293       0.5355
 8469.09       0.3854       0.2449
 8470.13       0.4206       0.0916
 8471.17       0.9254       0.0682
 8472.21       1.0313       0.0685
 8473.24       1.0369       0.0809
 8474.28       1.0224       0.0803
 8475.32       0.8710       0.0777
 8476.36       0.8250       0.0721
 8477.39       0.9462       0.0662
 8478.43       0.9561       0.0597
 8479.47       0.9168       0.0547
 8480.51       0.9658       0.0524
 8481.55       0.9109       0.0524
 8482.58       0.7817       0.0528
 8483.62       0.7290       0.0526
 8484.66       0.8030       0.0537
 8485.70       0.9171       0.0554
 8486.73       0.9092       0.0560
 8487.77       0.8362       0.0523
 8488.81       0.8355       0.0599
 8489.85       1.0153       0.0968
 8490.89       1.1130       0.1655
 8491.92       0.9283       0.2372
 8492.96       0.7550       0.2838
 8494.00       0.6843       0.2870
 8495.04       0.6542       0.2559
 8496.07       0.7389       0.1918
 8497.11       0.8621       0.1218
 8498.15       0.9506       0.0833
 8499.19       0.8137       0.0700
 8500.23       0.5539       0.0824
 8501.26       0.6844       0.1537
 8502.30       1.1146       0.2898
 8503.34       1.3460       0.4400
 8504.38       0.8502       0.5307
 8505.41       0.3500       0.5249
 8506.45       1.1769       0.4561
 8507.49       1.4121       0.3176
 8508.53       0.4493       0.1597
 8509.56       0.5090       0.0752
 8510.60       1.0085       0.0586
 8511.64       0.8945       0.0506
 8512.68       0.9411       0.0547
 8513.72       1.1688       0.0553
 8514.75       1.2019       0.0561
 8515.79       1.0555       0.0549
 8516.83       0.8456       0.0535
 8517.87       0.6596       0.0533
 8518.90       0.7206       0.0561
 8519.94       0.9323       0.0604
 8520.98       0.8433       0.0619
 8522.02       0.6879       0.0602
 8523.06       0.8290       0.0582
 8524.09       0.8494       0.0549
 8525.13       0.7262       0.0517
 8526.17       0.7098       0.0505
 8527.21       0.7885       0.0506
 8528.24       0.9024       0.0509
 8529.28       1.0436       0.0515
 8530.32       1.0416       0.0514
 8531.36       0.8463       0.0504
 8532.40       0.7345       0.0488
 8533.43       0.8106       0.0494
 8534.47       0.9039       0.0562
 8535.51       0.8946       0.0778
 8536.55       0.8305       0.1112
 8537.58       0.6916       0.1384
 8538.62       0.8805       0.1541
 8539.66       1.2059       0.1525
 8540.70       0.8938       0.1283
 8541.73       0.5716       0.0941
 8542.77       0.8087       0.0707
 8543.81       0.9041       0.0604
 8544.85       0.8231       0.0807
 8545.89       0.8830       0.1320
 8546.92       0.9774       0.1950
 8547.96       1.0670       0.2426
 8549.00       1.1799       0.2613
 8550.04       1.1724       0.2392
 8551.07       1.0132       0.1871
 8552.11       0.9027       0.1237
 8553.15       0.8794       0.0781
 8554.19       0.8517       0.0585
 8555.23       0.8121       0.0547
 8556.26       0.7519       0.0519
 8557.30       0.7264       0.0500
 8558.34       0.7287       0.0495
 8559.38       0.8163       0.0507
 8560.41       1.0732       0.0528
 8561.45       1.1286       0.0527
 8562.49       0.9197       0.0505
 8563.53       0.9722       0.0513
 8564.57       1.0859       0.0533
 8565.60       1.0005       0.0533
 8566.64       0.9687       0.0527
 8567.68       0.9237       0.0523
 8568.72       0.7230       0.0520
 8569.75       0.7278       0.0544
 8570.79       0.8953       0.0588
 8571.83       0.7183       0.0609
 8572.87       0.6352       0.0633
 8573.90       0.8890       0.0674
 8574.94       0.9238       0.0690
 8575.98       0.7894       0.0678
 8577.02       0.8479       0.0660
 8578.06       0.8646       0.0630
 8579.09       0.8367       0.0594
 8580.13       0.9388       0.0570
 8581.17       0.8889       0.0539
 8582.21       0.7027       0.0512
 8583.24       0.7804       0.0515
 8584.28       0.9376       0.0596
 8585.32       0.9207       0.0757
 8586.36       0.8494       0.0941
 8587.40       0.8258       0.1083
 8588.43       0.8927       0.1137
 8589.47       0.8282       0.1077
 8590.51       0.7314       0.0935
 8591.55       0.9185       0.0770
 8592.58       1.0476       0.0694
 8593.62       0.8673       0.0774
 8594.66       0.7544       0.0999
 8595.70       0.6355       0.1225
 8596.74       0.4541       0.1321
 8597.77       0.8479       0.1375
 8598.81       1.2031       0.1287
 8599.85       0.7706       0.0978
 8600.89       0.4695       0.0709
 8601.92       0.7413       0.0615
 8602.96       0.9235       0.0601
 8604.00       1.0504       0.0625
 8605.04       1.1480       0.0637
 8606.07       1.0956       0.0641
 8607.11       0.9665       0.0650
 8608.15       0.8988       0.0691
 8609.19       0.8382       0.0745
 8610.23       0.7930       0.0821
 8611.26       0.8176       0.0924
 8612.30       0.7639       0.1038
 8613.34       0.6634       0.1196
 8614.38       0.7979       0.1391
 8615.41       0.9282       0.1594
 8616.45       0.8655       0.1807
 8617.49       0.9543       0.2020
 8618.53       1.0109       0.2250
 8619.57       0.8275       0.2488
 8620.60       0.8963       0.2741
 8621.64       1.1766       0.3038
 8622.68       1.2425       0.3313
 8623.72       1.2099       0.3538
 8624.75       1.2500       0.3765
 8625.79       1.3547       0.4005
 8626.83       1.3871       0.4169
 8627.87       1.2872       0.4218
 8628.91       1.3835       0.4304
 8629.94       1.3123       0.4365
 8630.98       0.6102       0.4248
 8632.02       0.8427       0.4171
 8633.06       1.5898       0.4101
 8634.09       1.0278       0.3866
 8635.13       0.4797       0.3541
 8636.17       0.8164       0.3213
 8637.21       1.0443       0.2987
 8638.24       1.0155       0.2757
 8639.28       0.8865       0.2408
 8640.32       0.6302       0.2102
 8641.36       0.5557       0.1820
 8642.40       0.8332       0.1552
 8643.43       1.0676       0.1350
 8644.47       1.0023       0.1264
 8645.51       0.7482       0.1313
 8646.55       0.7981       0.1646
 8647.58       1.1757       0.2243
 8648.62       1.2091       0.2838
 8649.66       0.9013       0.3210
 8650.70       0.6794       0.3365
 8651.74       0.6718       0.3532
 8652.77       0.8003       0.3770
 8653.81       0.8154       0.3862
 8654.85       0.8849       0.3877
 8655.89       0.9159       0.3903
 8656.92       0.6446       0.3943
 8657.96       0.1513       0.3912
 8659.00      -0.0641       0.3805
 8660.04       0.9072       0.3841
 8661.08       1.6711       0.3905
 8662.11       0.8698       0.3807
 8663.15       0.6177       0.3677
 8664.19       1.1419       0.3563
 8665.23       1.0861       0.3451
 8666.26       0.7846       0.3362
 8667.30       0.7399       0.3252
 8668.34       1.0865       0.3094
 8669.38       1.4059       0.2959
 8670.42       1.3365       0.2869
 8671.45       1.3445       0.2751
 8672.49       1.2963       0.2558
 8673.53       0.9548       0.2344
 8674.57       0.8474       0.2240
 8675.60       0.9680       0.2186
 8676.64       0.8529       0.2057
 8677.68       0.7363       0.1878
 8678.72       0.8123       0.1724
 8679.75       1.0331       0.1674
 8680.79       1.0854       0.1654
 8681.83       0.8931       0.1563
 8682.87       0.7817       0.1425
 8683.91       0.7870       0.1282
 8684.94       0.7750       0.1191
 8685.98       0.8529       0.1179
 8687.02       0.9534       0.1169
 8688.06       0.9632       0.1092
 8689.09       0.9489       0.0995
 8690.13       0.9868       0.0943
 8691.17       1.0908       0.0941
 8692.21       1.0596       0.0944
 8693.25       0.7960       0.0908
 8694.28       0.7207       0.0871
 8695.32       0.8252       0.0835
 8696.36       0.7717       0.0790
 8697.40       0.8229       0.0828
 8698.43       0.9928       0.0935
 8699.47       1.0176       0.0995
 8700.51       0.9987       0.0988
 8701.55       1.0320       0.0946
 8702.58       0.8259       0.0857
 8703.62       0.6802       0.0808
 8704.66       0.8421       0.0852
 8705.70       0.9521       0.0929
 8706.74       0.9013       0.0975
 8707.77       0.8248       0.0981
 8708.81       0.7656       0.0919
 8709.85       0.7272       0.0807
 8710.89       0.7333       0.0707
 8711.92       0.7174       0.0641
 8712.96       0.6818       0.0602
 8714.00       0.8568       0.0608
 8715.04       0.9666       0.0614
 8716.08       0.7541       0.0595
 8717.11       0.5865       0.0579
 8718.15       0.6731       0.0582
 8719.19       0.8957       0.0599
 8720.23       0.9745       0.0606
 8721.26       0.8264       0.0598
 8722.30       0.7404       0.0599
 8723.34       0.7787       0.0623
 8724.38       0.8238       0.0660
 8725.42       0.7224       0.0679
 8726.45       0.5924       0.0679
 8727.49       0.6704       0.0681
 8728.53       0.8375       0.0659
 8729.57       0.9069       0.0615
 8730.60       0.7990       0.0584
 8731.64       0.7700       0.0584
 8732.68       0.9061       0.0601
 8733.72       0.8366       0.0601
 8734.75       0.6525       0.0597
 8735.79       0.6085       0.0622
 8736.83       0.7609       0.0666
 8737.87       0.9037       0.0711
 8738.91       0.7967       0.0733
 8739.94       0.6679       0.0740
 8740.98       0.6957       0.0739
 8742.02       0.8155       0.0726
 8743.06       0.9197       0.0709
 8744.09       0.9162       0.0689
 8745.13       0.9035       0.0663
 8746.17       0.8716       0.0645
 8747.21       0.7916       0.0645
 8748.25       0.8006       0.0671
 8749.28       0.8570       0.0702
 8750.32       0.8362       0.0712
 8751.36       0.7128       0.0692
 8752.40       0.6693       0.0681
 8753.43       0.7894       0.0667
 8754.47       0.9162       0.0778
 8755.51       0.8957       0.1305
 8756.55       0.6965       0.2086
 8757.58       0.7084       0.3678
 8758.62       1.1791       0.6050
 8759.66       1.4783       0.8324
 8760.70       1.2032       0.9435
 8761.74       0.5327       0.8977
 8762.77       0.8534       0.7706
 8763.81       1.8987       0.7139
 8764.85       1.0680       0.7552
 8765.89       0.1922       0.9301
 8766.92       1.2126       1.1264
 8767.96       1.7898       1.1923
 8769.00       1.2472       1.0281
 8770.04       0.4838       0.7275
 8771.08       0.5597       0.4147
 8772.11       1.2660       0.2354
 8773.15       1.1197       0.2196
 8774.19       0.8939       0.3990
 8775.23       1.0863       0.7010
 8776.26       0.4661       1.0354
 8777.30       0.0990       1.2592
 8778.34       0.8904       1.2865
 8779.38       0.9985       1.0944
 8780.42       0.4911       0.7596
 8781.45       0.6655       0.4084
 8782.49       0.8353       0.1814
 8783.53       0.7847       0.0872
 8784.57       1.0262       0.0701
 8785.60       1.1573       0.0731
 8786.64       1.0714       0.0871
 8787.68       1.2100       0.1520
 8788.72       1.6672       0.2685
 8789.75       2.1530       0.3898
 8790.79       1.5131       0.4473
 8791.83       0.4522       0.4230
 8792.87       0.7083       0.3625
 8793.91       0.9013       0.2557
 8794.94       0.3829       0.1365
 8795.98       0.4986       0.0763
 8797.02       0.7615       0.0659
 8798.06       0.6856       0.0608
 8799.09       0.5496       0.0630
 8800.13       0.5404       0.0624
 8801.17       0.7142       0.0636
 8802.21       0.8147       0.0641
 8803.25       0.7603       0.0634
 8804.28       0.7282       0.0624
 8805.32       0.7052       0.0628
 8806.36       0.7036       0.0689
 8807.40       0.8221       0.0832
 8808.43       0.8430       0.0989
 8809.47       0.6832       0.1068
 8810.51       0.6824       0.1081
 8811.55       0.9280       0.1038
 8812.58       1.1164       0.1054
 8813.62       1.1688       0.0778
 8814.66       0.8733       0.0793
 8815.70       0.8066       0.0774
 8816.74       0.6499       0.0760
 8817.77       0.3479       0.0757
 8818.81       0.4017       0.0837
 8819.85       0.6078       0.0786
 8820.89       0.6040       0.1107
 8821.92       0.8718       0.1551
 8822.96       1.3439       0.4017
 8824.00       1.0762       0.9802
 8825.04       0.7568       1.8151
 8826.08       0.8438       2.5835
 8827.11       1.1174       2.9277
 8828.15       1.2171       2.6491
 8829.19       1.0197       1.9418
 8830.23       1.1561       1.1004
 8831.26       1.1562       0.5169
 8832.30       0.5534       0.3180
 8833.34       0.3488       0.4810
 8834.38       0.5342       0.7424
 8835.42       0.3620       0.9410
 8836.45       0.3900       1.0118
 8837.49       0.7792       0.9385
 8838.53       0.5890       0.7038
 8839.57       0.2164       0.4116
 8840.60       0.3121       0.1861
 8841.64       0.5162       0.0896
 8842.68       0.6736       0.0823
 8843.72       0.7807       0.0917
 8844.75       0.8019       0.1033
 8845.79       0.7866       0.1285
 8846.83       0.8065       0.1940
 8847.87       0.7556       0.2775
 8848.91       0.6663       0.3414
 8849.94       0.8245       0.3687
 8850.98       0.7546       0.3385
 8852.02       0.2849       0.2635
 8853.06       0.3766       0.1748
 8854.09       0.8251       0.1090
 8855.13       0.8106       0.0789
 8856.17       0.7473       0.0761
 8857.21       0.7908       0.0762
 8858.25       0.6935       0.0791
 8859.28       0.6713       0.0870
 8860.32       0.8156       0.1036
 8861.36       0.8676       0.1130
 8862.40       0.9262       0.1247
 8863.43       1.0615       0.1728
 8864.47       0.5758       0.3033
 8865.51      -0.0365       0.5024
 8866.55       0.2124       0.6714
 8867.58       0.5484       0.7549
 8868.62       0.4737       0.7107
 8869.66       0.4593       0.5413
 8870.70       0.3690       0.3240
 8871.74       0.3495       0.1543
 8872.77       0.6726       0.0849
 8873.81       1.0333       0.0815
 8874.85       0.9978       0.0765
 8875.89       0.8374       0.0776
 8876.92       0.6739       0.0761
 8877.96       0.4351       0.0814
 8879.00       0.3347       0.0681
 8880.04       0.4760       0.0830
 8881.08       0.7142       0.1238
 8882.11       0.8436       0.4016
 8883.15       0.8107       0.9891
 8884.19       1.0128       1.6904
 8885.23       1.0725       2.2211
 8886.26       0.5986       2.3651
 8887.30       0.1020       2.0252
 8888.34       0.1506       1.3750
 8889.38       0.8339       0.6978
 8890.42       1.0536       0.2759
 8891.45       0.4825       0.1180
 8892.49       0.4500       0.1032
 8893.53       0.5807       0.1114
 8894.57       0.2464       0.1108
 8895.60       0.3938       0.1201
 8896.64       0.7510       0.1230
 8897.68       0.5697       0.1230
 8898.72       0.1146       0.1536
 8899.75      -0.2489       0.3133
 8900.79      -0.3922       0.6125
 8901.83      -0.0967       0.9339
 8902.87       0.3492       1.1143
 8903.91       0.0849       1.1141
 8904.94      -0.1811       0.9093
 8905.98       0.4075       0.5928
 8907.02       0.8000       0.3240
 8908.06       0.6403       0.1880
 8909.09       0.4244       0.1486
 8910.13       0.3085       0.1567
 8911.17       0.3470       0.1426
 8912.21       0.4604       0.1482
 8913.25       0.6263       0.1097
 8914.28       0.6821       0.1357
 8915.32       0.1086       0.3131
 8916.36      -0.1662       0.8960
 8917.40       0.6312       1.7821
 8918.43       0.2936       3.1277
 8919.47      -0.8027       3.7407
 8920.51      -0.4277       2.4848
