 
TRANSIENT_NAME:     DES13C3ui  
SNID:               1248844    
OBS_DATE:           2013-09-29
MJD:                56564. 
PHASE_EXP:          post-max (based on r-band light-curve)
MJD_EXP:            ---
TYPE:               29 
SPEC_EVAL:          SNII
REDSHIFT:           0.0665  
REDSHIFT_ERR:       0.0005  
REDSHIFT_SOURCE:    Z_GAL
TELESCOPE:          AAT
INSTRUMENT:         AAOmega-2dF
 
======================================
 
# WAVE  FLUX  FLUX_ERR
 3743.23       0.3856       3.2356
 3744.26       2.0013       3.5471
 3745.30       2.1855       3.6724
 3746.34       1.0972       3.2453
 3747.38      -0.4773       3.0479
 3748.41      -0.7225       2.8526
 3749.45      -0.0202       3.1781
 3750.49      -0.0371       3.1396
 3751.53      -0.4451       2.8888
 3752.56       0.8899       3.0744
 3753.60       1.3889       3.6295
 3754.64       0.8521       3.5643
 3755.68       2.4914       3.9050
 3756.72       3.6083       4.0831
 3757.75       3.6018       3.7624
 3758.79       2.0090       3.3559
 3759.83       0.6992       3.3754
 3760.87      -0.4586       3.2623
 3761.90      -0.7077       3.1390
 3762.94      -1.0078       3.0241
 3763.98      -0.1209       3.1347
 3765.02       2.2244       3.5517
 3766.06       1.2443       3.6856
 3767.09      -0.0482       3.3897
 3768.13       0.6312       3.0822
 3769.17       1.1609       3.1360
 3770.21       0.5322       3.3683
 3771.24      -0.7462       2.7335
 3772.28      -0.8248       3.4240
 3773.32      -1.0062       4.4345
 3774.36       0.0307       3.3863
 3775.40       2.3036       2.9960
 3776.43       2.5356       3.2115
 3777.47       0.3537       3.3008
 3778.51       0.6353       3.1711
 3779.55       1.8485       3.0786
 3780.58       0.2478       3.0089
 3781.62       0.1433       2.8902
 3782.66       1.1847       2.9606
 3783.70       0.0390       2.5699
 3784.73       0.4861       2.5237
 3785.77       0.2330       2.6329
 3786.81       0.7425       2.5762
 3787.85       1.6188       2.5952
 3788.89       0.0917       2.3050
 3789.92      -0.6085       2.2480
 3790.96      -0.2111       2.2016
 3792.00       0.9177       2.2845
 3793.04       3.3142       2.7037
 3794.07       3.0265       2.5288
 3795.11      -1.1819       2.0843
 3796.15      -1.8733       2.2106
 3797.19       0.2551       1.9779
 3798.23       0.2046       1.7592
 3799.26       0.8703       1.9410
 3800.30       1.3938       2.1090
 3801.34       1.1029       2.1519
 3802.38       0.1977       1.9728
 3803.41       0.1858       1.8202
 3804.45       0.5975       1.9628
 3805.49       0.4452       1.8964
 3806.53      -0.9107       1.5842
 3807.57      -0.0590       1.7363
 3808.60       1.5562       1.9425
 3809.64      -0.5652       1.6506
 3810.68      -0.7769       1.5805
 3811.72       0.3225       1.5495
 3812.75      -0.8773       1.6683
 3813.79      -1.3625       1.9267
 3814.83      -0.9822       1.6062
 3815.87      -1.1696       1.3328
 3816.90      -0.2674       1.4837
 3817.94      -1.6448       1.3355
 3818.98      -1.7859       1.3073
 3820.02       0.0789       1.4697
 3821.06       0.6508       1.3809
 3822.09       0.7642       1.4210
 3823.13       1.2683       1.5555
 3824.17       1.4381       1.5346
 3825.21       0.6567       1.3650
 3826.24       0.7273       1.3326
 3827.28       1.9169       1.4715
 3828.32       1.5204       1.4769
 3829.36       0.3088       1.4340
 3830.40       0.5201       1.4013
 3831.43       0.2543       1.2571
 3832.47      -0.1925       1.1608
 3833.51       0.3907       1.2357
 3834.55       0.9364       1.2429
 3835.58       1.0712       1.2582
 3836.62       0.3404       1.1258
 3837.66      -0.4951       1.0607
 3838.70       1.3865       1.2379
 3839.74       1.2333       1.1372
 3840.77      -0.2305       1.0338
 3841.81       0.7672       1.2275
 3842.85       1.7030       1.3540
 3843.89       0.3071       1.1533
 3844.92      -0.2683       1.0733
 3845.96       1.1500       1.1981
 3847.00       0.7291       1.1050
 3848.04       0.2600       1.0375
 3849.07       0.1526       1.0485
 3850.11       0.3693       1.0148
 3851.15      -0.1360       0.9180
 3852.19      -0.4359       0.8946
 3853.23      -0.1951       0.9413
 3854.26      -0.3402       0.9714
 3855.30       0.5161       1.0116
 3856.34       1.6184       1.0836
 3857.38       1.3370       1.0686
 3858.41       0.3516       0.9436
 3859.45       1.4221       1.0129
 3860.49       1.4693       0.9979
 3861.53       0.3804       0.8972
 3862.57       1.1480       1.0558
 3863.60       2.1242       1.1743
 3864.64       1.3746       1.1078
 3865.68       0.5439       1.0102
 3866.72       1.8414       1.0928
 3867.75       1.5131       1.0279
 3868.79       1.0457       0.9364
 3869.83       2.4948       1.0515
 3870.87       0.7185       0.8465
 3871.91       0.1142       0.7433
 3872.94       1.4342       0.9176
 3873.98       0.5242       0.8988
 3875.02      -0.8255       0.7565
 3876.06      -0.7590       0.7334
 3877.09       0.2089       0.7919
 3878.13       1.7241       0.8583
 3879.17       2.0492       0.8249
 3880.21       1.6674       0.8058
 3881.24       1.5275       0.8596
 3882.28       1.8998       0.8763
 3883.32       0.9359       0.8195
 3884.36      -0.1012       0.6957
 3885.40       0.2454       0.7208
 3886.43       0.6394       0.7608
 3887.47       0.5110       0.7243
 3888.51       0.3593       0.7304
 3889.55       0.6377       0.7985
 3890.58       0.1681       0.7152
 3891.62       0.3930       0.7101
 3892.66       1.8320       0.8233
 3893.70       2.1287       0.8239
 3894.74       1.1096       0.7455
 3895.77       0.4277       0.7254
 3896.81      -0.1449       0.6772
 3897.85       0.2404       0.7007
 3898.89       1.4019       0.7745
 3899.92       0.9968       0.7125
 3900.96       0.6219       0.7123
 3902.00       0.9486       0.7506
 3903.04      -0.3681       0.6255
 3904.07      -0.0216       0.6303
 3905.11       0.7429       0.6776
 3906.15      -0.3156       0.6350
 3907.19      -0.4692       0.6216
 3908.23       0.0157       0.6547
 3909.26      -0.2668       0.6374
 3910.30      -0.0282       0.6144
 3911.34       0.7540       0.6871
 3912.38       1.4285       0.7729
 3913.41       0.7770       0.7660
 3914.45      -0.1334       0.6894
 3915.49      -0.5919       0.6029
 3916.53       0.6424       0.6453
 3917.57       1.6266       0.7086
 3918.60       0.1843       0.6238
 3919.64      -0.7988       0.5309
 3920.68       0.5035       0.5871
 3921.72       0.3823       0.5899
 3922.75       0.7194       0.5846
 3923.79      -0.0132       0.5085
 3924.83       0.5373       0.5712
 3925.87       1.0243       0.5748
 3926.91       1.4738       0.5784
 3927.94       0.3944       0.5038
 3928.98      -0.5709       0.4453
 3930.02       0.0675       0.4634
 3931.06       0.7334       0.4720
 3932.09       1.1954       0.5047
 3933.13       0.2429       0.4151
 3934.17       0.6240       0.4557
 3935.21       0.5409       0.4790
 3936.24       0.0671       0.4301
 3937.28       0.8750       0.4794
 3938.32       1.5496       0.5788
 3939.36       1.0004       0.5671
 3940.40       0.3120       0.5346
 3941.43       0.1034       0.5447
 3942.47       1.0337       0.5371
 3943.51       1.1302       0.5062
 3944.55       0.6239       0.5021
 3945.58      -0.0974       0.4601
 3946.62       0.0871       0.4944
 3947.66       0.0233       0.4942
 3948.70       0.4018       0.5042
 3949.74       1.2835       0.5536
 3950.77       0.2029       0.4880
 3951.81       0.5208       0.5116
 3952.85       0.4814       0.5126
 3953.89       0.5024       0.4798
 3954.92       0.4600       0.4756
 3955.96      -0.0699       0.4523
 3957.00       1.1562       0.5483
 3958.04      -0.2102       0.4714
 3959.08      -0.8282       0.4259
 3960.11       2.0707       0.5762
 3961.15       2.2699       0.5560
 3962.19       1.4542       0.5174
 3963.23       1.6250       0.5132
 3964.26       1.4459       0.5009
 3965.30       1.2086       0.4878
 3966.34       0.6506       0.4040
 3967.38       0.9373       0.4283
 3968.41       0.6441       0.4125
 3969.45       0.6571       0.3667
 3970.49       0.7707       0.3793
 3971.53       0.9882       0.4081
 3972.57       0.9617       0.4263
 3973.60       1.8580       0.5389
 3974.64       3.0265       0.6142
 3975.68       1.5636       0.5220
 3976.72       0.9393       0.4949
 3977.75       1.2529       0.5291
 3978.79       0.8197       0.5096
 3979.83       1.3688       0.5442
 3980.87       0.5614       0.5025
 3981.91       0.7582       0.4996
 3982.94       1.9873       0.5869
 3983.98       1.6236       0.5537
 3985.02       0.7397       0.4957
 3986.06       0.9572       0.5115
 3987.09       1.5208       0.5424
 3988.13       1.4102       0.5284
 3989.17       1.0189       0.5088
 3990.21       1.2186       0.5313
 3991.25       0.9618       0.5240
 3992.28       0.3989       0.4808
 3993.32       1.2189       0.5070
 3994.36       1.7892       0.5395
 3995.40       2.3793       0.5729
 3996.43       0.9857       0.4950
 3997.47       0.3856       0.4572
 3998.51       1.3220       0.5176
 3999.55       0.6058       0.4758
 4000.58       1.3131       0.5184
 4001.62       1.3097       0.5238
 4002.66      -0.0022       0.4708
 4003.70       0.3244       0.4638
 4004.74      -0.2143       0.3974
 4005.77       0.4463       0.4472
 4006.81       0.7257       0.4568
 4007.85       1.3071       0.5097
 4008.89       1.2842       0.5254
 4009.92       0.6617       0.4800
 4010.96       1.4352       0.5129
 4012.00       1.6286       0.5442
 4013.04       2.8241       0.6193
 4014.08       1.4119       0.5223
 4015.11       1.2881       0.5075
 4016.15       1.0771       0.4892
 4017.19       0.5386       0.4485
 4018.23       1.2576       0.4947
 4019.26       1.4021       0.4827
 4020.30       0.4068       0.4342
 4021.34       0.4771       0.4535
 4022.38       1.1114       0.4814
 4023.42      -0.0636       0.4287
 4024.45       0.9350       0.4576
 4025.49       1.3710       0.4860
 4026.53       0.2542       0.4362
 4027.57      -0.3910       0.3946
 4028.60       0.8289       0.4637
 4029.64       1.9878       0.5155
 4030.68       1.5596       0.4570
 4041.06       1.6058       0.4627
 4042.09       1.1203       0.4364
 4043.13       0.3986       0.4271
 4044.17       0.1451       0.3914
 4045.21      -0.1903       0.3760
 4046.25       0.3043       0.3985
 4047.28       0.6924       0.4106
 4048.32       0.7175       0.4247
 4049.36       0.7341       0.4422
 4050.40       0.9073       0.4470
 4051.43       1.4314       0.4679
 4052.47       0.9526       0.4178
 4053.51       1.1725       0.4219
 4054.55       0.5207       0.3977
 4055.58       1.1863       0.4302
 4056.62       1.5397       0.4344
 4057.66      -0.1870       0.3524
 4058.70       0.5059       0.4130
 4059.74       0.9845       0.4217
 4060.77      -0.1051       0.3612
 4061.81       1.0165       0.4081
 4062.85       1.2741       0.4204
 4063.89      -0.5428       0.3308
 4064.92       0.2004       0.3756
 4065.96       1.3522       0.4420
 4067.00       0.9523       0.4155
 4068.04       0.4318       0.3815
 4069.08       1.0447       0.4194
 4070.11       0.5984       0.3884
 4071.15       0.0386       0.3450
 4072.19       0.7804       0.3793
 4073.23       1.2007       0.4079
 4074.26       0.7317       0.3999
 4075.30       0.9260       0.4080
 4076.34       0.6818       0.3952
 4077.38       0.4485       0.3525
 4078.42       1.3126       0.3952
 4079.45       1.3495       0.4161
 4080.49       1.1828       0.4123
 4081.53       1.8076       0.4465
 4082.57       0.8921       0.3979
 4083.60       1.3911       0.4141
 4084.64       2.0788       0.4226
 4085.68       1.3146       0.3886
 4086.72       1.5471       0.4009
 4087.75       0.3905       0.3613
 4088.79       0.1709       0.3708
 4089.83       0.6778       0.3723
 4090.87       0.5900       0.3560
 4091.91       0.6184       0.3705
 4092.94       0.0654       0.3453
 4093.98       0.4912       0.3533
 4095.02       0.0561       0.3138
 4096.06      -0.1136       0.2964
 4097.09       0.6510       0.3409
 4098.13       0.8995       0.3577
 4099.17       0.3210       0.3265
 4100.21       0.3129       0.3400
 4101.25       0.3377       0.3223
 4102.28       0.0669       0.2913
 4103.32      -0.3160       0.2798
 4104.36      -0.0759       0.2931
 4105.40       0.8151       0.3407
 4106.43       1.4045       0.3600
 4107.47       1.1931       0.3600
 4108.51       1.2631       0.3727
 4109.55       0.2833       0.3369
 4110.58       0.6183       0.3411
 4111.62       1.6870       0.3860
 4112.66       0.8931       0.3592
 4113.70       0.6303       0.3289
 4114.74       0.0089       0.3105
 4115.77       0.5676       0.3568
 4116.81       0.8679       0.3617
 4117.85       0.6428       0.3271
 4118.89       1.2264       0.3505
 4119.92       1.0746       0.3550
 4120.96       1.2572       0.3644
 4122.00       0.9494       0.3418
 4123.04       0.8107       0.3299
 4124.08       0.0117       0.3102
 4125.11       0.2707       0.3112
 4126.15       1.3003       0.3546
 4127.19       1.4883       0.3685
 4128.23       1.2253       0.3612
 4129.26       0.6504       0.3246
 4130.30       1.5022       0.3530
 4131.34       1.1871       0.3403
 4132.38       0.8102       0.3099
 4133.42       0.5360       0.2989
 4134.45       0.5484       0.3161
 4135.49       1.8431       0.3666
 4136.53       1.7686       0.3675
 4137.57       0.4970       0.3299
 4138.60       0.7947       0.3358
 4139.64       1.5905       0.3654
 4140.68       1.7092       0.3685
 4141.72       1.4880       0.3557
 4142.75       1.1593       0.3193
 4143.79       1.2096       0.3197
 4144.83       1.1647       0.3283
 4145.87       0.7589       0.2995
 4146.91       1.2087       0.3377
 4147.94       0.8767       0.3295
 4148.98       0.9156       0.3023
 4150.02       0.9407       0.3042
 4151.06       1.1822       0.3162
 4152.09       1.6029       0.3303
 4153.13       1.5180       0.3294
 4154.17       1.6653       0.3261
 4155.21       1.4642       0.3192
 4156.25       1.1894       0.3135
 4157.28       2.0196       0.3507
 4158.32       2.1871       0.3588
 4159.36       1.6379       0.3394
 4160.40       1.0936       0.3239
 4161.43       1.4472       0.3382
 4162.47       2.2131       0.3667
 4163.51       1.8883       0.3547
 4164.55       1.2150       0.3272
 4165.59       0.8557       0.3205
 4166.62       1.9178       0.3590
 4167.66       2.2525       0.3551
 4168.70       1.3362       0.3264
 4169.74       0.5597       0.2975
 4170.77       0.6295       0.2961
 4171.81       1.1883       0.3138
 4172.85       2.1769       0.3365
 4173.89       2.7425       0.3517
 4174.92       2.2569       0.3441
 4175.96       1.8333       0.3265
 4177.00       1.6789       0.3139
 4178.04       1.5171       0.3098
 4179.08       1.7423       0.3309
 4180.11       2.0410       0.3395
 4181.15       1.4844       0.3071
 4182.19       0.7368       0.2693
 4183.23       0.9752       0.2791
 4184.26       1.2001       0.2875
 4185.30       1.5079       0.2950
 4186.34       1.7423       0.2953
 4187.38       1.2247       0.2674
 4188.42       1.7229       0.2903
 4189.45       2.2006       0.3083
 4190.49       1.0422       0.2790
 4191.53       0.8473       0.2741
 4192.57       1.6144       0.3005
 4193.60       1.4352       0.2962
 4194.64       0.7972       0.2605
 4195.68       1.8195       0.2951
 4196.72       2.2475       0.3084
 4197.76       1.2001       0.2544
 4198.79       1.3389       0.2653
 4199.83       1.8332       0.2808
 4200.87       1.8802       0.2789
 4201.91       1.9782       0.2936
 4202.94       1.6582       0.2839
 4203.98       1.5898       0.2812
 4205.02       2.0275       0.2991
 4206.06       1.9444       0.2887
 4207.09       1.6123       0.2731
 4208.13       1.4570       0.2758
 4209.17       1.4475       0.2822
 4210.21       1.5485       0.2774
 4211.25       1.7406       0.2831
 4212.28       1.9679       0.2979
 4213.32       1.1831       0.2681
 4214.36       1.2427       0.2670
 4215.40       2.6438       0.3063
 4216.43       1.7978       0.2658
 4217.47       1.5138       0.2618
 4218.51       2.0673       0.2932
 4219.55       1.5684       0.2686
 4220.59       2.0837       0.2792
 4221.62       1.6349       0.2689
 4222.66       1.3490       0.2544
 4223.70       2.2418       0.2825
 4224.74       1.9576       0.2650
 4225.77       1.1535       0.2216
 4226.81       1.0980       0.2206
 4227.85       1.0005       0.2242
 4228.89       0.7810       0.2253
 4229.93       0.9011       0.2414
 4230.96       1.2301       0.2491
 4232.00       1.0541       0.2330
 4233.04       0.7384       0.2217
 4234.08       0.9008       0.2267
 4235.11       1.3447       0.2404
 4236.15       0.9703       0.2295
 4237.19       0.5756       0.2108
 4238.23       1.1432       0.2206
 4239.26       1.5973       0.2378
 4240.30       1.3389       0.2389
 4241.34       1.5098       0.2471
 4242.38       1.8672       0.2572
 4243.42       2.2829       0.2662
 4244.45       2.3223       0.2650
 4245.49       1.7416       0.2484
 4246.53       1.2766       0.2332
 4247.57       1.2518       0.2403
 4248.60       1.5454       0.2357
 4249.64       2.2683       0.2541
 4250.68       1.2956       0.2351
 4251.72       0.9504       0.2196
 4252.76       1.5293       0.2325
 4253.79       1.1833       0.2164
 4254.83       1.4238       0.2275
 4255.87       2.8448       0.2767
 4256.91       1.9947       0.2521
 4257.94       0.7056       0.2090
 4258.98       1.2123       0.2145
 4260.02       1.6097       0.2242
 4261.06       1.6681       0.2263
 4262.10       1.5224       0.2269
 4263.13       1.2121       0.2179
 4264.17       1.5993       0.2347
 4265.21       1.5288       0.2327
 4266.25       1.0738       0.2197
 4267.28       1.5336       0.2305
 4268.32       0.8189       0.2089
 4269.36       0.2506       0.1860
 4270.40       1.0478       0.1966
 4271.43       1.4826       0.2057
 4272.47       1.4161       0.2060
 4273.51       1.5744       0.2157
 4274.55       0.8074       0.1951
 4275.59       0.4782       0.1877
 4276.62       0.6844       0.2019
 4277.66       1.2058       0.2189
 4278.70       1.3090       0.2138
 4279.74       1.3489       0.2105
 4280.77       2.2703       0.2361
 4281.81       2.3209       0.2365
 4282.85       0.6134       0.1800
 4283.89       1.1801       0.2036
 4284.93       2.1162       0.2291
 4285.96       1.4945       0.2081
 4287.00       1.5977       0.2047
 4288.04       1.2804       0.1923
 4289.08       2.2060       0.2126
 4290.11       2.2606       0.2182
 4291.15       1.2356       0.1909
 4292.19       2.1017       0.2158
 4293.23       2.1149       0.2212
 4294.27       1.0194       0.1832
 4295.30       1.5794       0.2025
 4296.34       1.5763       0.1992
 4297.38       1.8210       0.1989
 4298.42       2.0772       0.2031
 4299.45       1.7734       0.1924
 4300.49       1.8538       0.1892
 4301.53       2.1115       0.1928
 4302.57       2.2030       0.1994
 4303.60       1.4199       0.1767
 4304.64       1.9167       0.1903
 4305.68       2.5369       0.2123
 4306.72       1.7116       0.1890
 4307.76       0.8095       0.1506
 4308.79       1.7395       0.1790
 4309.83       1.8447       0.1881
 4310.87       0.7391       0.1569
 4311.91       1.8112       0.1874
 4312.94       2.3040       0.2104
 4313.98       2.6033       0.2209
 4315.02       1.7774       0.1915
 4316.06       1.1860       0.1916
 4317.10       1.4439       0.2042
 4318.13       1.7234       0.2126
 4319.17       1.9498       0.2210
 4320.21       1.3211       0.1948
 4321.25       2.1341       0.2171
 4322.28       1.6391       0.1914
 4323.32       1.9155       0.1941
 4324.36       2.4126       0.2034
 4325.40       1.7705       0.1819
 4326.44       1.5025       0.1843
 4327.47       2.2845       0.2056
 4328.51       1.7181       0.1974
 4329.55       1.4539       0.1909
 4330.59       1.6148       0.1978
 4331.62       2.5859       0.2271
 4332.66       2.3538       0.2138
 4333.70       1.3433       0.1793
 4334.74       1.3729       0.1821
 4335.77       2.0981       0.2053
 4336.81       1.3406       0.1739
 4337.85       1.5403       0.1669
 4338.89       1.9500       0.1769
 4339.93       2.2048       0.1871
 4340.96       1.8998       0.1848
 4342.00       2.3910       0.1980
 4343.04       2.7164       0.2059
 4344.08       1.8475       0.1811
 4345.11       2.2593       0.1988
 4346.15       1.6329       0.1814
 4347.19       2.3079       0.2010
 4348.23       2.8841       0.2151
 4349.27       1.3030       0.1729
 4350.30       1.4075       0.1778
 4351.34       1.8806       0.1828
 4352.38       1.6897       0.1717
 4353.42       2.2860       0.1887
 4354.45       2.6099       0.2052
 4355.49       1.5313       0.1746
 4356.53       1.4735       0.1748
 4357.57       2.2687       0.2025
 4358.60       2.6370       0.2072
 4359.64       2.3391       0.1994
 4360.68       1.9446       0.1895
 4361.72       1.1856       0.1706
 4362.76       1.8362       0.1845
 4363.79       1.8422       0.1842
 4364.83       1.7239       0.1852
 4365.87       1.5045       0.1754
 4366.91       1.6460       0.1766
 4367.94       1.9247       0.1813
 4368.98       2.3568       0.1951
 4370.02       1.7387       0.1766
 4371.06       1.2431       0.1623
 4372.10       1.7920       0.1720
 4373.13       1.7824       0.1709
 4374.17       2.1704       0.1851
 4375.21       2.7066       0.1979
 4376.25       2.0187       0.1778
 4377.28       1.5340       0.1642
 4378.32       1.2909       0.1639
 4379.36       1.7570       0.1759
 4380.40       1.4937       0.1660
 4381.44       1.5791       0.1660
 4382.47       1.9220       0.1673
 4383.51       2.2212       0.1698
 4384.55       2.0302       0.1615
 4385.59       1.9198       0.1639
 4386.62       1.8470       0.1663
 4387.66       1.9536       0.1669
 4388.70       1.9012       0.1659
 4389.74       2.0331       0.1680
 4390.77       2.1112       0.1715
 4391.81       2.0705       0.1741
 4392.85       2.2369       0.1763
 4393.89       2.0191       0.1722
 4394.93       2.0610       0.1737
 4395.96       1.5857       0.1594
 4397.00       1.2573       0.1508
 4398.04       1.9244       0.1722
 4399.08       2.0890       0.1746
 4400.11       1.5837       0.1580
 4401.15       1.6077       0.1590
 4402.19       1.9375       0.1683
 4403.23       2.1961       0.1773
 4404.27       1.3674       0.1533
 4405.30       1.0739       0.1439
 4406.34       2.1574       0.1721
 4407.38       1.7537       0.1705
 4408.42       1.3511       0.1556
 4409.45       2.2523       0.1766
 4410.49       2.4027       0.1850
 4411.53       1.8068       0.1707
 4412.57       1.4303       0.1672
 4413.61       1.1653       0.1567
 4414.64       1.4256       0.1543
 4415.68       2.1752       0.1747
 4416.72       1.8774       0.1702
 4417.76       1.4150       0.1571
 4418.79       1.6201       0.1635
 4419.83       1.4302       0.1630
 4420.87       1.7968       0.1743
 4421.91       1.5459       0.1597
 4422.94       1.2985       0.1517
 4423.98       1.9097       0.1678
 4425.02       2.2456       0.1742
 4426.06       2.2912       0.1715
 4427.10       1.6098       0.1589
 4428.13       1.7021       0.1632
 4429.17       2.1324       0.1705
 4430.21       1.6141       0.1564
 4431.25       1.2085       0.1483
 4432.28       1.3773       0.1482
 4433.32       1.3564       0.1486
 4434.36       1.4409       0.1459
 4435.40       1.5448       0.1404
 4436.44       2.1205       0.1595
 4437.47       2.6885       0.1806
 4438.51       2.1886       0.1756
 4439.55       1.4661       0.1547
 4440.59       0.9508       0.1361
 4441.62       0.9216       0.1322
 4442.66       1.7563       0.1529
 4443.70       2.0028       0.1598
 4444.74       1.6388       0.1558
 4445.78       1.3406       0.1611
 4446.81       1.6710       0.1692
 4447.85       1.6912       0.1561
 4448.89       1.3391       0.1416
 4449.93       1.7698       0.1525
 4450.96       1.6917       0.1505
 4452.00       1.0298       0.1342
 4453.04       1.4282       0.1390
 4454.08       1.5004       0.1401
 4455.11       1.1204       0.1312
 4456.15       1.5521       0.1378
 4457.19       1.3514       0.1308
 4458.23       1.4223       0.1320
 4459.27       1.7523       0.1405
 4460.30       1.2559       0.1266
 4461.34       1.2910       0.1296
 4462.38       1.2851       0.1367
 4463.42       1.3776       0.1374
 4464.45       1.3753       0.1366
 4465.49       0.9430       0.1272
 4466.53       1.2005       0.1277
 4467.57       1.2122       0.1290
 4468.61       0.9167       0.1222
 4469.64       0.9109       0.1245
 4470.68       1.2195       0.1322
 4471.72       1.4416       0.1359
 4472.76       1.4185       0.1407
 4473.79       1.3404       0.1365
 4474.83       1.1900       0.1281
 4475.87       1.4563       0.1356
 4476.91       1.2979       0.1346
 4477.95       0.6902       0.1189
 4478.98       0.7424       0.1173
 4480.02       0.9713       0.1187
 4481.06       1.0667       0.1182
 4482.10       0.7395       0.1131
 4483.13       1.0229       0.1216
 4484.17       1.3002       0.1322
 4485.21       1.0529       0.1329
 4486.25       1.3721       0.1409
 4487.28       1.2521       0.1301
 4488.32       0.9730       0.1214
 4489.36       0.9225       0.1217
 4490.40       0.7782       0.1173
 4491.44       0.7185       0.1160
 4492.47       0.8666       0.1194
 4493.51       0.7799       0.1175
 4494.55       0.4156       0.1096
 4495.59       0.8104       0.1198
 4496.62       1.0299       0.1257
 4497.66       0.5723       0.1149
 4498.70       0.2176       0.1054
 4499.74       0.3562       0.1072
 4500.78       0.7768       0.1186
 4501.81       1.0696       0.1226
 4502.85       0.5338       0.1121
 4503.89       0.7889       0.1253
 4504.93       1.2006       0.1319
 4505.96       1.0061       0.1234
 4507.00       1.3032       0.1316
 4508.04       1.4008       0.1336
 4509.08       0.8655       0.1183
 4510.12       0.4803       0.1119
 4511.15       0.9215       0.1211
 4512.19       1.2917       0.1269
 4513.23       1.3234       0.1262
 4514.27       0.9590       0.1185
 4515.30       1.2483       0.1228
 4516.34       1.4061       0.1244
 4517.38       1.2428       0.1217
 4518.42       0.9803       0.1151
 4519.45       0.6427       0.1073
 4520.49       1.2306       0.1229
 4521.53       1.3610       0.1284
 4522.57       0.8852       0.1177
 4523.61       1.3017       0.1245
 4524.64       1.2239       0.1194
 4525.68       0.9047       0.1120
 4526.72       1.3482       0.1185
 4527.76       1.6090       0.1232
 4528.79       1.4060       0.1201
 4529.83       1.1058       0.1144
 4530.87       1.4555       0.1222
 4531.91       1.0912       0.1155
 4532.95       0.9738       0.1171
 4533.98       1.3313       0.1213
 4535.02       1.3583       0.1207
 4536.06       1.5713       0.1254
 4537.10       1.5928       0.1258
 4538.13       1.0799       0.1196
 4539.17       1.0716       0.1225
 4540.21       1.3117       0.1224
 4541.25       1.4257       0.1227
 4542.29       1.5368       0.1260
 4543.32       1.8659       0.1345
 4544.36       2.1716       0.1374
 4545.40       2.1299       0.1348
 4546.44       1.3138       0.1208
 4547.47       1.4080       0.1213
 4548.51       1.7010       0.1246
 4549.55       1.4758       0.1187
 4550.59       1.4184       0.1210
 4551.62       2.0929       0.1365
 4552.66       2.2705       0.1379
 4553.70       1.5744       0.1226
 4554.74       1.4301       0.1205
 4555.78       1.2099       0.1151
 4556.81       1.1573       0.1137
 4557.85       1.7179       0.1318
 4558.89       1.4665       0.1271
 4559.93       1.2466       0.1191
 4560.96       1.1297       0.1162
 4562.00       1.7128       0.1273
 4563.04       1.4312       0.1184
 4564.08       1.5815       0.1183
 4565.12       1.4375       0.1163
 4566.15       1.0971       0.1084
 4567.19       1.3015       0.1120
 4568.23       1.6684       0.1243
 4569.27       2.2078       0.1400
 4570.30       1.7834       0.1257
 4571.34       1.6706       0.1188
 4572.38       1.5352       0.1151
 4573.42       1.3585       0.1153
 4574.46       1.5206       0.1210
 4575.49       2.1454       0.1316
 4576.53       1.9431       0.1304
 4577.57       1.0944       0.1095
 4578.61       1.1517       0.1126
 4579.64       2.2123       0.1352
 4580.68       1.7917       0.1236
 4581.72       1.3957       0.1124
 4582.76       1.3201       0.1115
 4583.79       2.0373       0.1235
 4584.83       2.3829       0.1302
 4585.87       1.8673       0.1197
 4586.91       1.6481       0.1179
 4587.95       1.6919       0.1171
 4588.98       1.4691       0.1161
 4590.02       1.5509       0.1179
 4591.06       1.4132       0.1122
 4592.10       1.5612       0.1152
 4593.13       1.4372       0.1109
 4594.17       1.5625       0.1149
 4595.21       1.5862       0.1172
 4596.25       2.0519       0.1196
 4597.29       2.0316       0.1242
 4598.32       1.5776       0.1172
 4599.36       1.0191       0.1046
 4600.40       1.0229       0.0997
 4601.44       1.6396       0.1121
 4602.47       1.7494       0.1176
 4603.51       2.1736       0.1254
 4604.55       1.6834       0.1146
 4605.59       1.3672       0.1076
 4606.62       2.0641       0.1242
 4607.66       1.8115       0.1203
 4608.70       1.4305       0.1110
 4609.74       1.6112       0.1139
 4610.78       1.7389       0.1162
 4611.81       1.3164       0.1092
 4612.85       1.8594       0.1199
 4613.89       1.7810       0.1152
 4614.93       2.1142       0.1240
 4615.96       1.7478       0.1155
 4617.00       1.3849       0.1090
 4618.04       1.3820       0.1090
 4619.08       1.7577       0.1165
 4620.12       1.5601       0.1146
 4621.15       1.5579       0.1110
 4622.19       1.5219       0.1099
 4623.23       1.3541       0.1073
 4624.27       1.9173       0.1195
 4625.30       1.9792       0.1189
 4626.34       1.9125       0.1178
 4627.38       1.5914       0.1128
 4628.42       1.4775       0.1107
 4629.46       1.3075       0.1078
 4630.49       1.4693       0.1086
 4631.53       1.9669       0.1125
 4632.57       1.8378       0.1145
 4633.61       1.3404       0.1080
 4634.64       1.0520       0.1012
 4635.68       1.6075       0.1126
 4636.72       2.1602       0.1193
 4637.76       1.7138       0.1101
 4638.79       2.1680       0.1199
 4639.83       2.0880       0.1164
 4640.87       1.3055       0.1019
 4641.91       1.9424       0.1187
 4642.95       2.1449       0.1227
 4643.98       1.7879       0.1069
 4645.02       1.9436       0.1120
 4646.06       1.6395       0.1083
 4647.10       1.6256       0.1053
 4648.13       1.8044       0.1061
 4649.17       1.5947       0.1036
 4650.21       1.9787       0.1125
 4651.25       1.9070       0.1127
 4652.29       1.5171       0.1043
 4653.32       1.7559       0.1059
 4654.36       1.8119       0.1099
 4655.40       1.6119       0.1041
 4656.44       1.4501       0.1046
 4657.47       1.3773       0.1027
 4658.51       1.6296       0.1072
 4659.55       1.5345       0.1076
 4660.59       1.6099       0.1091
 4661.62       1.5495       0.1077
 4662.66       1.1494       0.1003
 4663.70       1.3206       0.1030
 4664.74       1.6622       0.1046
 4665.78       1.4471       0.0987
 4666.81       1.7254       0.1042
 4667.85       1.7337       0.1044
 4668.89       1.4776       0.0989
 4669.93       1.5484       0.0911
 4670.96       0.8358       0.1168
 4672.00       1.0936       0.1184
 4673.04       1.5751       0.1002
 4674.08       1.8231       0.1059
 4675.12       1.6557       0.1059
 4676.15       1.6951       0.1066
 4677.19       1.8885       0.1082
 4678.23       2.2543       0.1124
 4679.27       1.8650       0.1057
 4680.30       1.8649       0.1047
 4681.34       2.1268       0.1106
 4682.38       1.3204       0.0975
 4683.42       1.3953       0.0994
 4684.46       1.9665       0.1069
 4685.49       1.4932       0.0987
 4686.53       1.5138       0.1005
 4687.57       1.3632       0.0985
 4688.61       1.6144       0.0996
 4689.64       1.2995       0.0935
 4690.68       1.1659       0.0928
 4691.72       1.4687       0.0972
 4692.76       1.6519       0.0978
 4693.79       1.8737       0.1053
 4694.83       1.5831       0.1017
 4695.87       1.5524       0.1023
 4696.91       1.9550       0.1097
 4697.95       1.9031       0.1023
 4698.98       1.0193       0.0867
 4700.02       1.1739       0.0895
 4701.06       1.4397       0.0931
 4702.10       1.7126       0.1011
 4703.13       1.5740       0.0978
 4704.17       1.1650       0.0886
 4705.21       1.8019       0.0999
 4706.25       1.9724       0.1034
 4707.29       1.2986       0.0890
 4708.32       1.2622       0.0873
 4709.36       1.6136       0.0965
 4710.40       1.8372       0.1018
 4711.44       1.5533       0.0976
 4712.47       1.7442       0.1003
 4713.51       1.7983       0.0998
 4714.55       1.7359       0.0974
 4715.59       1.8793       0.0988
 4716.62       2.1593       0.1074
 4717.66       1.8314       0.1023
 4718.70       1.3020       0.0939
 4719.74       1.2729       0.0951
 4720.78       1.7418       0.1032
 4721.81       1.2980       0.0928
 4722.85       0.9400       0.0853
 4723.89       1.0835       0.0888
 4724.93       1.0649       0.0875
 4725.96       1.3908       0.0914
 4727.00       1.0618       0.0862
 4728.04       1.1537       0.0857
 4729.08       1.4691       0.0895
 4730.12       1.4694       0.0908
 4731.15       1.7302       0.0951
 4732.19       1.9725       0.0985
 4733.23       2.0095       0.0994
 4734.27       1.6388       0.0937
 4735.30       1.6193       0.0958
 4746.72       1.3345       0.0889
 4747.76       1.2659       0.0877
 4748.80       0.9306       0.0808
 4749.83       0.9813       0.0803
 4750.87       1.2311       0.0851
 4751.91       1.6614       0.0928
 4752.95       1.7880       0.0940
 4753.98       1.3093       0.0850
 4755.02       1.4205       0.0868
 4756.06       1.1972       0.0824
 4757.10       0.9507       0.0772
 4758.13       1.4665       0.0874
 4768.51       1.2481       0.0816
 4769.55       0.9663       0.0765
 4770.59       1.1831       0.0838
 4771.63       1.5408       0.0851
 4772.66       1.6181       0.0851
 4773.70       1.7181       0.0919
 4774.74       1.7464       0.0902
 4775.78       1.5230       0.0861
 4776.81       1.3499       0.0851
 4777.85       1.4948       0.0876
 4778.89       1.4282       0.0843
 4779.93       1.1374       0.0784
 4780.97       1.4101       0.0828
 4782.00       1.4617       0.0844
 4783.04       1.6456       0.0884
 4784.08       1.8259       0.0920
 4785.12       1.4194       0.0847
 4786.15       1.1579       0.0792
 4787.19       1.4376       0.0846
 4788.23       1.6770       0.0866
 4789.27       1.6544       0.0842
 4790.30       2.0600       0.0907
 4791.34       2.0505       0.0903
 4792.38       1.8367       0.0883
 4793.42       1.6282       0.0869
 4794.46       1.3639       0.0828
 4795.49       1.4294       0.0847
 4796.53       1.6766       0.0885
 4797.57       1.8263       0.0883
 4798.61       1.5825       0.0841
 4799.64       1.6528       0.0866
 4800.68       1.7480       0.0869
 4801.72       1.6943       0.0857
 4802.76       1.6580       0.0851
 4803.80       1.7126       0.0860
 4804.83       1.5951       0.0842
 4805.87       1.3645       0.0819
 4806.91       1.3925       0.0823
 4807.95       1.3573       0.0794
 4808.98       1.5429       0.0833
 4810.02       1.3709       0.0810
 4811.06       1.4018       0.0804
 4812.10       1.3988       0.0823
 4813.14       1.3613       0.0815
 4814.17       2.0177       0.0893
 4815.21       1.9337       0.0891
 4816.25       1.4598       0.0837
 4817.29       1.7348       0.0876
 4818.32       1.9922       0.0910
 4819.36       2.0070       0.0935
 4820.40       2.2234       0.0966
 4821.44       1.9766       0.0925
 4822.47       1.6794       0.0873
 4823.51       1.3593       0.0791
 4824.55       1.2319       0.0742
 4825.59       1.3845       0.0777
 4826.63       1.4894       0.0828
 4827.66       1.9200       0.0893
 4828.70       1.4748       0.0799
 4829.74       1.2634       0.0765
 4830.78       1.8859       0.0870
 4831.81       1.8980       0.0861
 4832.85       1.3763       0.0794
 4833.89       1.5050       0.0771
 4834.93       1.8787       0.0928
 4835.97       1.6891       0.1108
 4837.00       1.2299       0.1104
 4838.04       1.3333       0.0982
 4839.08       1.8977       0.0870
 4840.12       2.0084       0.0847
 4841.15       1.8802       0.0839
 4842.19       1.9620       0.0847
 4843.23       1.7767       0.0814
 4844.27       1.4197       0.0741
 4845.31       1.3256       0.0743
 4846.34       1.5858       0.0793
 4847.38       1.8661       0.0833
 4848.42       2.0877       0.0873
 4849.46       1.8376       0.0810
 4850.49       1.3872       0.0738
 4851.53       1.7704       0.0798
 4852.57       1.8939       0.0813
 4853.61       1.6298       0.0776
 4854.64       1.8252       0.0788
 4855.68       2.0496       0.0793
 4856.72       1.8609       0.0759
 4857.76       1.9058       0.0763
 4858.80       1.9881       0.0784
 4859.83       1.8135       0.0780
 4860.87       1.4609       0.0751
 4861.91       1.4504       0.0753
 4862.95       1.7428       0.0783
 4863.98       1.8833       0.0788
 4865.02       1.8886       0.0770
 4866.06       1.7308       0.0744
 4867.10       1.7028       0.0755
 4868.14       2.0303       0.0800
 4869.17       1.9105       0.0775
 4870.21       1.6260       0.0720
 4871.25       1.7738       0.0749
 4872.29       1.7219       0.0726
 4873.32       1.4139       0.0674
 4874.36       1.5744       0.0727
 4875.40       1.8016       0.0769
 4876.44       1.7007       0.0758
 4877.48       1.6638       0.0736
 4878.51       1.5234       0.0722
 4879.55       1.5425       0.0739
 4880.59       1.9286       0.0795
 4881.63       1.9543       0.0799
 4882.66       1.2390       0.0687
 4883.70       1.1601       0.0660
 4884.74       1.8601       0.0758
 4885.78       1.7868       0.0741
 4886.81       1.4930       0.0688
 4887.85       1.7830       0.0732
 4888.89       2.0333       0.0774
 4889.93       1.9114       0.0761
 4890.97       1.5235       0.0684
 4892.00       1.1603       0.0634
 4893.04       1.5619       0.0698
 4894.08       1.9432       0.0760
 4895.12       1.7297       0.0754
 4896.15       1.4542       0.0712
 4897.19       1.5756       0.0705
 4898.23       1.8208       0.0748
 4899.27       1.5927       0.0711
 4900.31       1.6717       0.0709
 4901.34       1.9829       0.0766
 4902.38       1.9064       0.0748
 4903.42       2.0066       0.0756
 4904.46       2.0790       0.0783
 4905.49       1.6796       0.0735
 4906.53       1.5065       0.0701
 4907.57       1.3754       0.0680
 4908.61       1.4697       0.0684
 4909.65       1.6373       0.0698
 4910.68       1.6771       0.0702
 4911.72       1.9073       0.0746
 4912.76       2.1683       0.0773
 4913.80       2.0947       0.0755
 4914.83       1.8016       0.0709
 4915.87       1.5686       0.0683
 4916.91       1.5601       0.0683
 4917.95       1.8949       0.0708
 4918.98       1.8748       0.0685
 4920.02       1.3700       0.0621
 4921.06       1.7321       0.0667
 4922.10       2.1759       0.0742
 4923.14       1.7620       0.0701
 4924.17       1.7112       0.0697
 4925.21       1.6494       0.0684
 4926.25       1.3596       0.0630
 4927.29       1.6962       0.0679
 4928.32       1.8662       0.0720
 4929.36       1.8234       0.0724
 4930.40       1.8809       0.0704
 4931.44       1.5465       0.0664
 4932.48       1.3594       0.0652
 4933.51       1.4220       0.0655
 4934.55       1.4179       0.0648
 4935.59       1.5497       0.0658
 4936.63       1.8420       0.0694
 4937.66       1.8564       0.0698
 4938.70       1.8938       0.0689
 4939.74       1.7362       0.0668
 4940.78       1.5772       0.0669
 4941.81       1.6762       0.0681
 4942.85       1.7366       0.0682
 4943.89       1.6321       0.0660
 4944.93       1.7584       0.0668
 4945.97       1.8495       0.0683
 4947.00       1.6050       0.0649
 4948.04       1.6075       0.0655
 4949.08       1.3757       0.0639
 4950.12       1.3962       0.0626
 4951.15       1.6708       0.0659
 4952.19       1.4630       0.0657
 4953.23       1.4312       0.0644
 4954.27       1.6113       0.0641
 4955.31       1.8124       0.0663
 4956.34       1.6243       0.0625
 4957.38       1.4663       0.0585
 4958.42       1.9145       0.0652
 4959.46       1.7851       0.0661
 4960.49       1.6155       0.0636
 4961.53       1.6736       0.0664
 4962.57       1.7760       0.0680
 4963.61       1.5576       0.0642
 4964.65       1.3480       0.0611
 4965.68       1.4186       0.0607
 4966.72       1.4255       0.0598
 4967.76       1.4756       0.0606
 4968.80       1.5287       0.0606
 4969.83       1.7832       0.0639
 4970.87       1.7054       0.0644
 4971.91       1.2691       0.0582
 4972.95       1.3108       0.0582
 4973.98       1.3179       0.0588
 4975.02       1.1534       0.0575
 4976.06       1.4772       0.0618
 4977.10       1.7465       0.0651
 4978.14       1.8271       0.0654
 4979.17       1.5298       0.0609
 4980.21       1.4766       0.0594
 4981.25       1.6632       0.0606
 4982.29       1.1687       0.0524
 4983.32       0.8188       0.0478
 4984.36       1.0488       0.0510
 4985.40       1.3111       0.0553
 4986.44       1.2412       0.0558
 4987.48       1.0972       0.0544
 4988.51       1.2878       0.0577
 4989.55       1.3536       0.0576
 4990.59       1.1983       0.0545
 4991.63       1.4177       0.0581
 4992.66       1.5232       0.0585
 4993.70       1.2393       0.0550
 4994.74       1.2602       0.0555
 4995.78       1.1828       0.0542
 4996.81       1.2179       0.0550
 4997.85       1.0818       0.0524
 4998.89       0.9393       0.0490
 4999.93       0.9917       0.0500
 5000.97       1.0751       0.0520
 5002.00       1.3535       0.0554
 5003.04       1.1526       0.0522
 5004.08       1.0274       0.0498
 5005.12       1.2083       0.0531
 5006.15       1.2474       0.0536
 5007.19       1.1045       0.0526
 5008.23       0.9587       0.0508
 5009.27       1.0439       0.0513
 5010.31       1.2789       0.0551
 5011.34       1.4553       0.0559
 5012.38       1.4644       0.0542
 5013.42       1.2562       0.0510
 5014.46       0.8887       0.0464
 5015.49       0.8292       0.0459
 5016.53       0.9842       0.0485
 5017.57       0.7741       0.0459
 5018.61       0.9257       0.0459
 5019.65       0.9581       0.0469
 5020.68       0.6864       0.0446
 5021.72       0.9479       0.0483
 5022.76       0.8857       0.0483
 5023.80       0.9304       0.0488
 5024.83       0.9597       0.0481
 5025.87       0.8037       0.0457
 5026.91       1.0770       0.0484
 5027.95       1.2825       0.0505
 5028.98       1.1946       0.0499
 5030.02       0.9667       0.0474
 5031.06       0.5393       0.0434
 5032.10       0.5668       0.0440
 5033.14       1.0698       0.0497
 5034.17       1.1970       0.0516
 5035.21       1.0326       0.0483
 5036.25       1.0709       0.0476
 5037.29       1.1157       0.0487
 5038.32       0.9918       0.0462
 5039.36       1.1586       0.0477
 5040.40       1.4767       0.0512
 5041.44       1.3339       0.0485
 5042.48       0.8181       0.0434
 5043.51       0.9192       0.0453
 5044.55       1.2778       0.0501
 5045.59       1.0834       0.0486
 5046.63       1.2577       0.0508
 5047.66       1.2402       0.0499
 5048.70       0.7153       0.0428
 5049.74       1.1126       0.0468
 5050.78       1.4939       0.0512
 5051.82       1.2780       0.0492
 5052.85       1.0937       0.0476
 5053.89       1.1606       0.0486
 5054.93       1.2229       0.0485
 5055.97       1.2216       0.0484
 5057.00       1.0834       0.0476
 5058.04       1.0819       0.0483
 5059.08       1.1532       0.0483
 5060.12       1.0853       0.0473
 5061.16       1.2904       0.0502
 5062.19       1.2119       0.0493
 5063.23       0.7074       0.0431
 5064.27       0.9338       0.0463
 5065.31       1.2101       0.0487
 5066.34       0.8634       0.0437
 5067.38       1.1265       0.0479
 5068.42       1.4268       0.0513
 5069.46       1.3580       0.0508
 5070.49       1.2391       0.0490
 5071.53       1.5345       0.0514
 5072.57       1.8743       0.0551
 5073.61       1.5367       0.0505
 5074.65       1.2841       0.0478
 5075.68       1.2784       0.0491
 5076.72       1.4077       0.0506
 5077.76       1.6001       0.0525
 5078.80       1.2465       0.0481
 5079.83       1.1136       0.0450
 5080.87       1.0721       0.0446
 5081.91       1.2454       0.0466
 5082.95       1.3890       0.0493
 5083.99       1.6782       0.0539
 5085.02       1.8938       0.0562
 5086.06       1.6291       0.0515
 5087.10       1.4191       0.0492
 5088.14       1.6204       0.0529
 5089.17       1.6468       0.0532
 5090.21       1.5816       0.0519
 5091.25       1.6755       0.0533
 5092.29       1.6992       0.0535
 5093.33       1.5647       0.0514
 5094.36       1.4906       0.0514
 5095.40       1.7778       0.0549
 5096.44       1.7138       0.0528
 5097.48       1.7676       0.0517
 5098.51       2.1618       0.0566
 5099.55       2.0498       0.0560
 5100.59       1.4930       0.0505
 5101.63       1.5251       0.0510
 5102.66       1.6631       0.0523
 5103.70       1.9258       0.0550
 5104.74       1.7029       0.0523
 5105.78       1.4998       0.0494
 5106.82       2.1027       0.0559
 5107.85       2.1294       0.0558
 5108.89       1.7652       0.0521
 5109.93       1.8764       0.0541
 5110.97       2.0354       0.0550
 5112.00       1.7178       0.0520
 5113.04       1.5611       0.0507
 5114.08       1.8645       0.0543
 5115.12       2.1592       0.0575
 5116.16       1.7522       0.0527
 5117.19       1.2720       0.0475
 5118.23       1.8168       0.0528
 5119.27       2.2055       0.0572
 5120.31       2.1305       0.0575
 5121.34       1.8905       0.0541
 5122.38       1.9383       0.0534
 5123.42       2.0763       0.0548
 5124.46       1.8706       0.0528
 5125.50       1.7140       0.0509
 5126.53       1.7169       0.0501
 5127.57       1.7549       0.0495
 5128.61       1.9199       0.0528
 5129.65       2.1856       0.0561
 5130.68       1.9712       0.0538
 5131.72       1.7704       0.0516
 5132.76       1.8547       0.0517
 5133.80       1.8488       0.0537
 5134.83       2.0317       0.0556
 5135.87       2.2033       0.0574
 5136.91       2.3654       0.0584
 5137.95       2.0197       0.0541
 5138.99       2.3917       0.0578
 5140.02       1.9474       0.0514
 5141.06       1.9551       0.0523
 5142.10       2.3334       0.0579
 5143.14       2.1197       0.0551
 5144.17       2.0736       0.0544
 5145.21       1.8801       0.0530
 5146.25       1.9264       0.0529
 5147.29       2.1270       0.0546
 5148.33       2.1368       0.0556
 5149.36       1.9780       0.0533
 5150.40       2.1902       0.0553
 5151.44       2.0908       0.0542
 5152.48       1.9414       0.0526
 5153.51       1.9621       0.0527
 5154.55       1.7982       0.0510
 5155.59       1.9712       0.0542
 5156.63       2.1580       0.0559
 5157.67       1.8308       0.0505
 5158.70       1.6932       0.0494
 5159.74       1.7725       0.0521
 5160.78       2.1587       0.0549
 5161.82       2.4713       0.0572
 5162.85       1.8902       0.0505
 5163.89       1.6738       0.0472
 5164.93       1.9807       0.0507
 5165.97       2.0652       0.0497
 5167.00       2.3788       0.0520
 5168.04       2.2122       0.0502
 5169.08       1.8753       0.0477
 5170.12       1.5602       0.0450
 5171.16       1.8826       0.0480
 5172.19       2.1667       0.0504
 5173.23       2.0951       0.0486
 5174.27       1.7382       0.0469
 5175.31       1.7922       0.0496
 5176.34       1.8688       0.0502
 5177.38       2.1511       0.0535
 5178.42       2.0087       0.0522
 5179.46       1.8909       0.0502
 5180.50       1.8362       0.0500
 5181.53       1.7607       0.0477
 5182.57       2.0697       0.0498
 5183.61       1.8756       0.0458
 5184.65       1.8994       0.0457
 5185.68       2.3089       0.0525
 5186.72       2.0062       0.0520
 5187.76       2.3550       0.0566
 5188.80       2.3466       0.0564
 5189.83       2.2359       0.0548
 5190.87       1.7936       0.0502
 5191.91       1.8656       0.0494
 5192.95       2.2301       0.0520
 5193.99       1.6641       0.0458
 5195.02       1.5143       0.0450
 5196.06       1.8552       0.0508
 5197.10       2.0552       0.0577
 5198.14       1.7776       0.0564
 5199.17       2.1900       0.0618
 5200.21       2.1585       0.0603
 5201.25       1.5845       0.0512
 5202.29       1.6573       0.0504
 5203.33       1.9644       0.0517
 5204.36       2.0489       0.0519
 5205.40       2.0822       0.0508
 5206.44       1.9418       0.0485
 5207.48       2.1166       0.0505
 5208.51       1.9830       0.0477
 5209.55       1.7641       0.0477
 5210.59       1.6254       0.0461
 5211.63       1.6929       0.0461
 5212.67       1.5343       0.0454
 5213.70       1.8389       0.0480
 5214.74       1.8230       0.0480
 5215.78       1.5504       0.0451
 5216.82       1.8969       0.0486
 5217.85       2.0380       0.0497
 5218.89       1.6052       0.0459
 5219.93       1.5912       0.0463
 5220.97       1.7205       0.0476
 5222.00       1.6239       0.0469
 5223.04       2.1284       0.0529
 5224.08       1.9164       0.0513
 5225.12       1.7107       0.0479
 5226.16       1.6787       0.0445
 5227.19       1.8422       0.0459
 5228.23       1.8201       0.0468
 5229.27       1.8384       0.0476
 5230.31       1.6309       0.0463
 5231.34       2.0341       0.0496
 5232.38       1.8692       0.0483
 5233.42       1.5447       0.0440
 5234.46       1.7937       0.0462
 5235.50       1.4591       0.0441
 5236.53       1.6955       0.0473
 5237.57       1.8283       0.0490
 5238.61       1.6528       0.0484
 5239.65       1.7194       0.0495
 5240.68       1.6977       0.0464
 5241.72       2.0770       0.0494
 5242.76       2.0449       0.0494
 5243.80       1.4344       0.0434
 5244.83       1.7840       0.0476
 5245.87       1.9685       0.0493
 5246.91       1.5391       0.0439
 5247.95       1.4790       0.0432
 5248.99       1.6583       0.0452
 5250.02       1.6357       0.0457
 5251.06       1.7498       0.0462
 5252.10       1.8614       0.0475
 5253.14       1.8570       0.0474
 5254.17       1.9968       0.0488
 5255.21       1.9846       0.0492
 5256.25       1.3917       0.0451
 5257.29       1.2774       0.0445
 5258.33       1.5759       0.0458
 5259.36       1.7327       0.0465
 5260.40       1.9687       0.0487
 5261.44       2.1027       0.0489
 5262.48       1.8161       0.0443
 5263.51       1.8213       0.0441
 5264.55       1.9312       0.0446
 5265.59       2.0098       0.0452
 5266.63       1.6501       0.0425
 5267.67       1.5384       0.0414
 5268.70       1.7444       0.0433
 5269.74       1.6578       0.0420
 5270.78       1.8064       0.0435
 5271.82       1.9619       0.0467
 5272.85       1.8157       0.0459
 5273.89       1.9699       0.0478
 5274.93       2.0591       0.0486
 5275.97       1.6352       0.0448
 5277.00       1.3982       0.0429
 5278.04       1.7570       0.0458
 5279.08       2.0575       0.0490
 5280.12       1.8028       0.0458
 5281.16       1.7835       0.0452
 5282.19       1.8904       0.0456
 5283.23       1.6994       0.0436
 5284.27       1.8370       0.0455
 5285.31       1.7888       0.0456
 5286.34       1.6714       0.0441
 5287.38       1.7194       0.0448
 5288.42       1.8340       0.0469
 5289.46       1.9557       0.0477
 5290.50       2.1559       0.0493
 5291.53       2.0834       0.0488
 5292.57       1.7008       0.0449
 5293.61       1.3577       0.0416
 5294.65       1.6637       0.0447
 5295.68       1.8782       0.0464
 5296.72       1.5350       0.0421
 5297.76       1.7457       0.0439
 5298.80       2.0614       0.0482
 5299.83       1.8677       0.0465
 5300.87       1.6094       0.0434
 5301.91       1.8196       0.0453
 5302.95       2.1270       0.0484
 5303.99       1.8736       0.0464
 5305.02       1.5792       0.0442
 5306.06       1.6734       0.0445
 5307.10       2.0287       0.0476
 5308.14       1.8758       0.0465
 5309.17       1.6135       0.0431
 5310.21       1.8023       0.0454
 5311.25       1.7399       0.0450
 5312.29       1.4452       0.0421
 5313.33       1.5158       0.0430
 5314.36       1.6534       0.0438
 5315.40       1.9344       0.0462
 5316.44       1.7746       0.0435
 5317.48       1.8517       0.0453
 5318.51       1.9348       0.0466
 5319.55       1.7343       0.0439
 5320.59       1.5014       0.0424
 5321.63       1.4003       0.0413
 5322.67       1.4530       0.0415
 5323.70       1.4620       0.0413
 5324.74       1.6024       0.0426
 5325.78       1.5594       0.0419
 5326.82       1.6842       0.0425
 5327.85       1.7258       0.0429
 5328.89       1.7362       0.0422
 5329.93       2.0232       0.0464
 5330.97       1.9012       0.0467
 5332.00       1.5904       0.0424
 5333.04       1.4141       0.0408
 5334.08       1.9020       0.0460
 5335.12       1.8308       0.0449
 5336.16       1.5820       0.0429
 5337.19       1.7536       0.0447
 5338.23       1.4073       0.0397
 5339.27       1.2823       0.0375
 5340.31       1.7870       0.0420
 5341.34       1.7638       0.0420
 5342.38       1.5341       0.0406
 5352.76       1.2479       0.0390
 5353.80       1.4717       0.0408
 5354.84       1.3104       0.0390
 5355.87       1.7757       0.0443
 5356.91       2.3071       0.0481
 5357.95       1.7089       0.0427
 5358.99       1.4969       0.0414
 5360.02       1.1095       0.0378
 5361.06       1.3364       0.0389
 5362.10       1.7195       0.0420
 5363.14       1.2086       0.0367
 5364.17       1.4527       0.0382
 5365.21       1.4441       0.0390
 5366.25       1.0893       0.0356
 5367.29       1.6728       0.0407
 5368.33       1.5285       0.0399
 5369.36       1.3719       0.0390
 5370.40       1.3806       0.0385
 5371.44       1.3630       0.0373
 5372.48       1.4286       0.0386
 5373.51       1.3611       0.0398
 5383.89       1.4431       0.0393
 5384.93       1.3408       0.0385
 5385.97       1.2105       0.0362
 5387.01       1.0636       0.0343
 5388.04       1.4277       0.0382
 5389.08       1.6838       0.0409
 5390.12       1.3949       0.0384
 5391.16       1.2504       0.0369
 5392.19       1.4281       0.0384
 5393.23       1.5950       0.0399
 5394.27       1.2364       0.0364
 5395.31       1.2966       0.0371
 5396.34       1.3918       0.0372
 5397.38       1.2672       0.0354
 5398.42       1.2869       0.0359
 5399.46       1.1598       0.0351
 5400.50       1.1162       0.0352
 5401.53       1.2920       0.0372
 5402.57       1.4263       0.0382
 5403.61       1.1484       0.0350
 5404.65       1.1632       0.0346
 5405.68       1.4160       0.0371
 5406.72       1.5567       0.0382
 5407.76       1.4626       0.0380
 5408.80       1.3557       0.0373
 5409.84       1.3159       0.0367
 5410.87       1.2951       0.0371
 5411.91       1.3808       0.0376
 5412.95       1.4263       0.0376
 5413.99       1.2236       0.0365
 5415.02       1.0599       0.0348
 5416.06       1.2556       0.0365
 5417.10       1.4176       0.0389
 5418.14       1.3680       0.0393
 5419.18       1.3188       0.0386
 5420.21       1.2645       0.0372
 5421.25       1.3886       0.0375
 5422.29       1.4624       0.0380
 5423.33       1.3877       0.0378
 5424.36       1.2192       0.0360
 5425.40       1.2414       0.0365
 5426.44       1.2286       0.0368
 5427.48       1.3040       0.0368
 5428.52       1.4683       0.0386
 5429.55       1.3420       0.0364
 5430.59       1.2161       0.0347
 5431.63       1.3474       0.0371
 5432.67       1.3789       0.0374
 5433.70       1.6394       0.0398
 5434.74       1.4358       0.0381
 5435.78       1.2139       0.0362
 5436.82       1.4914       0.0392
 5437.85       1.4665       0.0388
 5438.89       1.3384       0.0376
 5439.93       1.3606       0.0381
 5440.97       1.5745       0.0401
 5442.01       1.4813       0.0390
 5443.04       1.4786       0.0391
 5444.08       1.5783       0.0399
 5445.12       1.4854       0.0387
 5446.16       1.2177       0.0359
 5447.19       1.1771       0.0347
 5448.23       1.4422       0.0380
 5449.27       1.8556       0.0427
 5450.31       1.3335       0.0375
 5451.35       1.1566       0.0361
 5452.38       1.4972       0.0389
 5453.42       1.3470       0.0373
 5454.46       1.3428       0.0366
 5455.50       1.4452       0.0375
 5456.53       1.2814       0.0363
 5457.57       1.4759       0.0387
 5458.61       1.4690       0.0394
 5459.65       1.2649       0.0379
 5460.69       1.1941       0.0375
 5461.72       1.4134       0.0384
 5462.76       1.7478       0.0420
 5463.80       1.4264       0.0386
 5464.84       1.4953       0.0384
 5465.87       1.3019       0.0364
 5466.91       1.2668       0.0358
 5467.95       1.4278       0.0384
 5468.99       1.6085       0.0401
 5470.02       1.7695       0.0414
 5471.06       1.6341       0.0405
 5472.10       1.5622       0.0403
 5473.14       1.4226       0.0385
 5474.18       1.3001       0.0371
 5475.21       1.6511       0.0413
 5476.25       1.4240       0.0376
 5477.29       1.6080       0.0390
 5478.33       2.0148       0.0435
 5479.36       1.5940       0.0403
 5480.40       1.2760       0.0369
 5481.44       1.0967       0.0343
 5482.48       1.3050       0.0373
 5483.52       1.8559       0.0420
 5484.55       1.8322       0.0417
 5485.59       1.6196       0.0410
 5486.63       1.6119       0.0399
 5487.67       1.3911       0.0374
 5488.70       1.4716       0.0385
 5489.74       1.2349       0.0360
 5490.78       1.3456       0.0379
 5491.82       1.6545       0.0406
 5492.85       1.2618       0.0360
 5493.89       1.4228       0.0380
 5494.93       1.6308       0.0398
 5495.97       1.3673       0.0368
 5497.01       1.6318       0.0395
 5498.04       1.6944       0.0409
 5499.08       1.3225       0.0374
 5500.12       1.4513       0.0383
 5501.16       1.6128       0.0402
 5502.19       1.3951       0.0380
 5503.23       1.3837       0.0377
 5504.27       1.4170       0.0383
 5505.31       1.4624       0.0391
 5506.35       1.6395       0.0406
 5507.38       1.8046       0.0418
 5508.42       1.7182       0.0409
 5509.46       1.2997       0.0365
 5510.50       1.3082       0.0370
 5511.53       1.6054       0.0405
 5512.57       1.3420       0.0377
 5513.61       1.3161       0.0367
 5514.65       1.4551       0.0385
 5515.69       1.4035       0.0380
 5516.72       1.4480       0.0390
 5517.76       1.4485       0.0398
 5518.80       1.5176       0.0403
 5519.84       1.5274       0.0395
 5520.87       1.2589       0.0367
 5521.91       1.3911       0.0385
 5522.95       1.5085       0.0404
 5523.99       1.4852       0.0401
 5525.02       1.7194       0.0422
 5526.06       1.4882       0.0393
 5527.10       1.2418       0.0361
 5528.14       1.3796       0.0374
 5529.18       1.3755       0.0372
 5530.21       1.3089       0.0370
 5531.25       1.3498       0.0376
 5532.29       1.2907       0.0378
 5533.33       1.2035       0.0368
 5534.36       1.2290       0.0365
 5535.40       1.6131       0.0408
 5536.44       1.4542       0.0401
 5537.48       1.1429       0.0370
 5538.52       1.3578       0.0387
 5539.55       1.4264       0.0394
 5540.59       1.3646       0.0397
 5541.63       1.3109       0.0391
 5542.67       1.3914       0.0407
 5543.70       1.1774       0.0387
 5544.74       1.2297       0.0395
 5545.78       1.3207       0.0405
 5546.82       1.6772       0.0428
 5547.85       1.4760       0.0405
 5548.89       1.3333       0.0389
 5549.93       1.3059       0.0400
 5550.97       1.3369       0.0396
 5552.01       1.4683       0.0398
 5553.04       1.5654       0.0414
 5554.08       1.2314       0.0368
 5555.12       1.4044       0.0389
 5556.16       1.6260       0.0421
 5557.19       1.7915       0.0441
 5558.23       1.4505       0.0407
 5559.27       1.6310       0.0433
 5560.31       1.5773       0.0432
 5561.35       1.2176       0.0385
 5562.38       1.0183       0.0383
 5563.42       1.2372       0.0420
 5564.46       1.4428       0.0435
 5565.50       1.3766       0.0417
 5566.53       1.4609       0.0412
 5567.57       1.6086       0.0426
 5568.61       1.2786       0.0394
 5569.65       1.3195       0.0404
 5570.69       1.4098       0.0419
 5571.72       1.4446       0.0429
 5572.76       1.4607       0.0438
 5573.80       1.8188       0.0457
 5574.84       1.4111       0.0903
 5575.87       1.1998       0.2195
 5576.91       1.3024       0.3521
 5577.95       1.3451       0.3601
 5578.99       1.3194       0.2363
 5580.02       1.1904       0.0937
 5581.06       1.3735       0.0426
 5582.10       1.3696       0.0439
 5583.14       1.3741       0.0430
 5584.18       1.4645       0.0431
 5585.21       1.4918       0.0425
 5586.25       1.5064       0.0421
 5587.29       1.4545       0.0440
 5588.33       1.4692       0.0447
 5589.36       1.4280       0.0437
 5590.40       1.5332       0.0446
 5591.44       1.6306       0.0445
 5592.48       1.3124       0.0406
 5593.52       1.3101       0.0406
 5594.55       1.4994       0.0435
 5595.59       1.4442       0.0429
 5596.63       1.4266       0.0420
 5597.67       1.4366       0.0435
 5598.70       1.2793       0.0417
 5599.74       1.1915       0.0397
 5600.78       1.4538       0.0423
 5601.82       1.4365       0.0418
 5602.86       1.1951       0.0397
 5603.89       1.3815       0.0445
 5604.93       1.3395       0.0470
 5605.97       1.3654       0.0469
 5607.01       1.4805       0.0461
 5608.04       1.4572       0.0444
 5609.08       1.6749       0.0466
 5610.12       1.9203       0.0494
 5611.16       1.9708       0.0495
 5612.19       1.4952       0.0444
 5613.23       1.7009       0.0468
 5614.27       1.6019       0.0449
 5615.31       1.0735       0.0400
 5616.35       0.9783       0.0392
 5617.38       1.3322       0.0428
 5618.42       1.5090       0.0454
 5619.46       1.5038       0.0455
 5620.50       1.5014       0.0453
 5621.53       1.4047       0.0448
 5622.57       1.3891       0.0461
 5623.61       1.6045       0.0496
 5624.65       1.4578       0.0471
 5625.69       1.5763       0.0469
 5626.72       1.5153       0.0458
 5627.76       1.0034       0.0413
 5628.80       1.0768       0.0412
 5629.84       1.6035       0.0477
 5630.87       1.7556       0.0504
 5631.91       1.7291       0.0496
 5632.95       1.3743       0.0457
 5633.99       1.2666       0.0438
 5635.03       1.7087       0.0487
 5636.06       2.0171       0.0527
 5637.10       1.6226       0.0485
 5638.14       1.7653       0.0503
 5639.18       1.7250       0.0500
 5640.21       1.4514       0.0476
 5641.25       1.7173       0.0507
 5642.29       1.3538       0.0455
 5643.33       1.5146       0.0478
 5644.36       1.8707       0.0533
 5645.40       1.7267       0.0529
 5646.44       1.4120       0.0496
 5647.48       1.3527       0.0483
 5648.52       1.4072       0.0482
 5649.55       1.5056       0.0492
 5650.59       1.6662       0.0505
 5651.63       1.4902       0.0494
 5652.67       1.3332       0.0485
 5653.70       1.2689       0.0473
 5654.74       1.3310       0.0481
 5655.78       1.5763       0.0511
 5656.82       1.5524       0.0503
 5657.86       1.4165       0.0485
 5658.89       1.5790       0.0508
 5659.93       1.6901       0.0530
 5660.97       1.4806       0.0511
 5662.01       1.3653       0.0500
 5663.04       1.5923       0.0530
 5664.08       1.5636       0.0521
 5665.12       1.4146       0.0504
 5666.16       1.7120       0.0548
 5667.20       1.7852       0.0569
 5668.23       1.4686       0.0544
 5669.27       1.1616       0.0503
 5670.31       1.3158       0.0520
 5671.35       1.6516       0.0569
 5672.38       1.7481       0.0581
 5673.42       1.5513       0.0556
 5674.46       1.1151       0.0508
 5675.50       1.1527       0.0526
 5676.53       1.4359       0.0551
 5677.57       1.5627       0.0556
 5678.61       1.3845       0.0543
 5679.65       1.4321       0.0555
 5680.69       1.4661       0.0571
 5681.72       1.4340       0.0563
 5682.76       1.6020       0.0579
 5683.80       1.3511       0.0557
 5684.84       1.4486       0.0579
 5685.87       1.5699       0.0587
 5686.91       1.3399       0.0565
 5687.95       1.5744       0.0596
 5688.99       1.4336       0.0581
 5690.03       1.2377       0.0556
 5691.06       1.4591       0.0582
 5692.10       1.5575       0.0606
 5693.14       1.4458       0.0596
 5694.18       1.3061       0.0582
 5695.21       1.6243       0.0627
 5696.25       1.2327       0.0574
 5697.29       1.6205       0.0635
 5698.33       1.7425       0.0672
 5699.37       1.4109       0.0610
 5700.40       1.6300       0.0643
 5701.44       1.6815       0.0666
 5702.48       1.5040       0.0650
 5703.52       1.5589       0.0652
 5704.55       1.7428       0.0671
 5705.59       1.6764       0.0675
 5706.63       1.7284       0.0697
 5707.67       1.4645       0.0638
 5708.70       1.2822       0.0593
 5709.74       1.0121       0.0586
 5710.78       1.2405       0.0624
 5711.82       1.8097       0.0702
 5712.86       1.7769       0.0721
 5713.89       1.6863       0.0728
 5714.93       1.7290       0.0735
 5715.97       1.5741       0.0722
 5717.01       1.3159       0.0678
 5718.04       1.1830       0.0674
 5719.08       1.2832       0.0685
 5720.12       1.5546       0.0717
 5721.16       1.4308       0.0728
 5722.20       1.1929       0.0708
 5723.23       1.2241       0.0703
 5724.27       1.4192       0.0728
 5725.31       1.2625       0.0734
 5726.35       1.2690       0.0740
 5727.38       1.3982       0.0743
 5728.42       1.0137       0.0682
 5729.46       0.9828       0.0703
 5730.50       1.6513       0.0831
 5731.54       1.5598       0.0800
 5732.57       1.4488       0.0787
 5733.61       1.5594       0.0837
 5734.65       1.3318       0.0786
 5735.69       1.4369       0.0809
 5736.72       1.5853       0.0856
 5737.76       1.4322       0.0851
 5738.80       1.3017       0.0837
 5739.84       1.2251       0.0826
 5740.87       1.2302       0.0845
 5741.91       1.3881       0.0897
 5742.95       1.5893       0.0942
 5743.99       1.5431       0.0900
 5745.03       1.5696       0.0932
 5746.06       1.5997       0.0966
 5747.10       1.6179       0.0988
 5748.14       1.6475       0.1037
 5749.18       1.4253       0.1089
 5750.21       1.6598       0.1055
 5751.25       1.5417       0.1075
 5752.29       1.6195       0.1060
 5753.33       1.8236       0.0996
 5754.37       1.5589       0.0957
 5755.40       1.3848       0.0959
 5756.44       1.5388       0.0966
 5757.48       1.3326       0.0910
 5758.52       1.1975       0.0871
 5759.55       1.5289       0.0917
 5760.59       1.6493       0.0943
 5761.63       1.4946       0.0917
 5762.67       1.4484       0.0887
 5763.71       1.3488       0.0852
 5764.74       1.2130       0.0821
 5765.78       1.2273       0.0805
 5766.82       1.2671       0.0807
 5767.86       1.2660       0.0819
 5768.89       1.3772       0.0826
 5769.93       1.5811       0.0840
 5770.97       1.7472       0.0865
 5772.01       1.6938       0.0845
 5773.04       1.5339       0.0799
 5774.08       1.4828       0.0780
 5775.12       1.7549       0.0817
 5776.16       2.0249       0.0849
 5777.20       1.6842       0.0774
 5778.23       1.2080       0.0686
 5779.27       1.1822       0.0685
 5780.31       1.4637       0.0726
 5781.35       1.6916       0.0750
 5782.38       1.5949       0.0727
 5783.42       1.2848       0.0665
 5784.46       1.0833       0.0619
 5785.50       1.1612       0.0628
 5786.54       1.4792       0.0675
 5787.57       1.6826       0.0697
 5788.61       1.4019       0.0653
 5789.65       1.1321       0.0603
 5790.69       1.3274       0.0611
 5791.72       1.6820       0.0663
 5792.76       1.6806       0.0667
 5793.80       1.1620       0.0575
 5794.84       0.9351       0.0549
 5795.88       1.1997       0.0608
 5796.91       1.3163       0.0611
 5797.95       1.4016       0.0605
 5798.99       1.5002       0.0620
 5800.03       1.4398       0.0607
 5801.06       1.1913       0.0566
 5802.10       0.9226       0.0527
 5803.14       0.9621       0.0531
 5804.18       1.2241       0.0562
 5805.21       1.3672       0.0577
 5806.25       1.3860       0.0566
 5807.29       1.4131       0.0557
 5808.33       1.5905       0.0588
 5809.37       1.6350       0.0610
 5810.40       1.4400       0.0586
 5811.44       1.3812       0.0567
 5812.48       1.4421       0.0555
 5813.52       1.4276       0.0533
 5814.55       1.3193       0.0519
 5815.59       1.1990       0.0515
 5816.63       1.1935       0.0515
 5817.67       1.2106       0.0509
 5818.71       1.1739       0.0495
 5819.74       1.1423       0.0488
 5820.78       1.1097       0.0484
 5821.82       1.1075       0.0484
 5822.86       1.1898       0.0498
 5823.89       1.3492       0.0521
 5824.93       1.5077       0.0539
 5825.97       1.5560       0.0542
 5827.01       1.5261       0.0532
 5828.04       1.5292       0.0527
 5829.08       1.5447       0.0523
 5830.12       1.5268       0.0512
 5831.16       1.4618       0.0492
 5832.20       1.4069       0.0481
 5833.23       1.3881       0.0488
 5834.27       1.2227       0.0469
 5835.31       1.1204       0.0454
 5836.35       1.3244       0.0487
 5837.38       1.4957       0.0501
 5838.42       1.4859       0.0483
 5839.46       1.4608       0.0481
 5840.50       1.5112       0.0498
 5841.54       1.6003       0.0512
 5842.57       1.4725       0.0486
 5843.61       1.3997       0.0466
 5844.65       1.6036       0.0496
 5845.69       1.6977       0.0509
 5846.72       1.6053       0.0491
 5847.76       1.5249       0.0477
 5848.80       1.5046       0.0466
 5849.84       1.5288       0.0463
 5850.88       1.5297       0.0470
 5851.91       1.4611       0.0468
 5852.95       1.3725       0.0453
 5853.99       1.4470       0.0452
 5855.03       1.4963       0.0449
 5856.06       1.3332       0.0426
 5857.10       1.2830       0.0416
 5858.14       1.3471       0.0417
 5859.18       1.2994       0.0411
 5860.21       1.2232       0.0404
 5861.25       1.2267       0.0411
 5862.29       1.3225       0.0436
 5863.33       1.4583       0.0467
 5864.37       1.5285       0.0489
 5865.40       1.4366       0.0495
 5866.44       1.3070       0.0493
 5867.48       1.3049       0.0496
 5868.52       1.5978       0.0521
 5869.55       1.8435       0.0535
 5870.59       1.5982       0.0495
 5871.63       1.1947       0.0436
 5872.67       1.0908       0.0408
 5873.71       1.3545       0.0436
 5874.74       1.6186       0.0464
 5875.78       1.5415       0.0443
 5876.82       1.3033       0.0407
 5877.86       1.2134       0.0395
 5878.89       1.4013       0.0417
 5879.93       1.5221       0.0427
 5880.97       1.3996       0.0407
 5882.01       1.2391       0.0393
 5883.04       1.1422       0.0390
 5884.08       1.1768       0.0412
 5885.12       1.3677       0.0458
 5886.16       1.4514       0.0526
 5887.20       1.2922       0.0618
 5888.23       1.1391       0.0760
 5889.27       1.2021       0.0916
 5890.31       1.4464       0.1007
 5891.35       1.5535       0.1009
 5892.38       1.4461       0.0947
 5893.42       1.3702       0.0854
 5894.46       1.4950       0.0791
 5895.50       1.7498       0.0795
 5896.54       1.9247       0.0861
 5897.57       1.7521       0.0954
 5898.61       1.3004       0.0999
 5899.65       1.1377       0.0761
 5900.69       1.3135       0.0425
 5901.72       1.3846       0.0369
 5902.76       1.4113       0.0421
 5903.80       1.4274       0.0401
 5904.84       1.3793       0.0396
 5905.88       1.3390       0.0392
 5906.91       1.3651       0.0389
 5907.95       1.4317       0.0395
 5908.99       1.4753       0.0401
 5910.03       1.4642       0.0396
 5911.06       1.3678       0.0382
 5912.10       1.3457       0.0381
 5913.14       1.5763       0.0414
 5914.18       1.6089       0.0433
 5915.21       1.3156       0.0415
 5916.25       1.1784       0.0405
 5917.29       1.2290       0.0400
 5918.33       1.3214       0.0393
 5919.37       1.5591       0.0401
 5920.40       1.7097       0.0406
 5921.44       1.5774       0.0385
 5922.48       1.3704       0.0369
 5923.52       1.2964       0.0373
 5924.55       1.3413       0.0381
 5925.59       1.4181       0.0387
 5926.63       1.4314       0.0384
 5927.67       1.3987       0.0374
 5928.71       1.4318       0.0376
 5929.74       1.5663       0.0396
 5930.78       1.5014       0.0392
 5931.82       1.3866       0.0387
 5932.86       1.5455       0.0427
 5933.89       1.5174       0.0435
 5934.93       1.2193       0.0392
 5935.97       1.0967       0.0363
 5937.01       1.1394       0.0351
 5938.05       1.2207       0.0344
 5939.08       1.3855       0.0350
 5940.12       1.4491       0.0350
 5941.16       1.3262       0.0333
 5942.20       1.2825       0.0329
 5943.23       1.3548       0.0342
 5944.27       1.3535       0.0351
 5945.31       1.2969       0.0346
 5946.35       1.2309       0.0332
 5947.38       1.1709       0.0326
 5948.42       1.2008       0.0332
 5949.46       1.3263       0.0343
 5950.50       1.4905       0.0356
 5951.54       1.5395       0.0364
 5952.57       1.4200       0.0365
 5953.61       1.2095       0.0360
 5954.65       1.1095       0.0354
 5955.69       1.2259       0.0353
 5956.72       1.3795       0.0352
 5957.76       1.4147       0.0345
 5958.80       1.4234       0.0340
 5959.84       1.4398       0.0334
 5960.88       1.4497       0.0326
 5961.91       1.3132       0.0316
 5962.95       1.1421       0.0306
 5963.99       1.1296       0.0300
 5965.03       1.2463       0.0305
 5966.06       1.3848       0.0319
 5967.10       1.4778       0.0330
 5968.14       1.4430       0.0328
 5969.18       1.3377       0.0320
 5970.22       1.3206       0.0327
 5971.25       1.3340       0.0331
 5972.29       1.2702       0.0316
 5973.33       1.2472       0.0311
 5974.37       1.2613       0.0319
 5975.40       1.2324       0.0320
 5976.44       1.3435       0.0334
 5977.48       1.5039       0.0350
 5978.52       1.4013       0.0340
 5979.55       1.2328       0.0320
 5980.59       1.2060       0.0309
 5981.63       1.1203       0.0290
 5982.67       1.1035       0.0281
 5983.71       1.2683       0.0295
 5984.74       1.3439       0.0302
 5985.78       1.2984       0.0296
 5986.82       1.3216       0.0295
 5987.86       1.2941       0.0294
 5988.89       1.1944       0.0287
 5989.93       1.0963       0.0273
 5990.97       1.2142       0.0276
 5992.01       1.5188       0.0302
 5993.05       1.5574       0.0314
 5994.08       1.4332       0.0309
 5995.12       1.4849       0.0308
 5996.16       1.4990       0.0304
 5997.20       1.4034       0.0296
 5998.23       1.3019       0.0283
 5999.27       1.2654       0.0283
 6000.31       1.2836       0.0293
 6001.35       1.2599       0.0296
 6002.39       1.2234       0.0291
 6003.42       1.2320       0.0290
 6004.46       1.2380       0.0291
 6005.50       1.2508       0.0293
 6006.54       1.2961       0.0291
 6007.57       1.3246       0.0285
 6008.61       1.3366       0.0279
 6009.65       1.3734       0.0283
 6010.69       1.4029       0.0287
 6011.72       1.4104       0.0285
 6012.76       1.4677       0.0290
 6013.80       1.4567       0.0289
 6014.84       1.3039       0.0273
 6015.88       1.1209       0.0257
 6016.91       1.0615       0.0253
 6017.95       1.1591       0.0256
 6018.99       1.4269       0.0275
 6020.03       1.6589       0.0294
 6021.06       1.6325       0.0289
 6022.10       1.4423       0.0270
 6023.14       1.3128       0.0261
 6024.18       1.2760       0.0264
 6025.22       1.3190       0.0272
 6026.25       1.3523       0.0274
 6027.29       1.3337       0.0267
 6028.33       1.2663       0.0260
 6029.37       1.2012       0.0259
 6030.40       1.2717       0.0273
 6031.44       1.4268       0.0288
 6032.48       1.4574       0.0283
 6033.52       1.3551       0.0269
 6034.56       1.2433       0.0262
 6035.59       1.1746       0.0260
 6036.63       1.2148       0.0260
 6037.67       1.3306       0.0262
 6038.71       1.3113       0.0258
 6039.74       1.1968       0.0252
 6040.78       1.2401       0.0256
 6041.82       1.2689       0.0257
 6042.86       1.2028       0.0251
 6043.89       1.2732       0.0254
 6044.93       1.2904       0.0252
 6045.97       1.1173       0.0234
 6047.01       1.0432       0.0229
 6048.05       1.1026       0.0238
 6049.08       1.1332       0.0240
 6050.12       1.1477       0.0238
 6051.16       1.1009       0.0231
 6052.20       0.9382       0.0221
 6053.23       0.9050       0.0221
 6054.27       1.0844       0.0234
 6055.31       1.2072       0.0243
 6056.35       1.2344       0.0244
 6057.39       1.2453       0.0243
 6058.42       1.2324       0.0244
 6059.46       1.1845       0.0244
 6060.50       1.0906       0.0234
 6061.54       1.0561       0.0228
 6062.57       1.1189       0.0233
 6063.61       1.2601       0.0244
 6064.65       1.1808       0.0239
 6065.69       0.9008       0.0216
 6066.73       0.9750       0.0221
 6067.76       1.2965       0.0246
 6068.80       1.4312       0.0259
 6069.84       1.2390       0.0244
 6070.88       0.9875       0.0221
 6071.91       1.0861       0.0227
 6072.95       1.1897       0.0235
 6073.99       1.1238       0.0228
 6075.03       1.2309       0.0235
 6076.06       1.3174       0.0239
 6077.10       1.2207       0.0231
 6078.14       1.1660       0.0228
 6079.18       1.1732       0.0228
 6080.22       1.1489       0.0220
 6081.25       1.1029       0.0217
 6082.29       1.0722       0.0220
 6083.33       1.0862       0.0221
 6084.37       1.1976       0.0228
 6085.40       1.3363       0.0241
 6086.44       1.3374       0.0244
 6087.48       1.2603       0.0236
 6088.52       1.2363       0.0227
 6089.56       1.1924       0.0221
 6090.59       1.1873       0.0223
 6091.63       1.2788       0.0235
 6092.67       1.3647       0.0241
 6093.71       1.3715       0.0238
 6094.74       1.3207       0.0237
 6095.78       1.3032       0.0241
 6096.82       1.3476       0.0246
 6097.86       1.3482       0.0245
 6098.90       1.3017       0.0240
 6099.93       1.2571       0.0237
 6100.97       1.2551       0.0233
 6102.01       1.2371       0.0228
 6103.05       1.1355       0.0224
 6104.08       1.0825       0.0224
 6105.12       1.1529       0.0228
 6106.16       1.2901       0.0234
 6107.20       1.3391       0.0237
 6108.23       1.2551       0.0234
 6109.27       1.2362       0.0229
 6110.31       1.2389       0.0227
 6111.35       1.1546       0.0231
 6112.39       1.1556       0.0230
 6113.42       1.2430       0.0227
 6114.46       1.2891       0.0232
 6115.50       1.2269       0.0229
 6116.54       1.1235       0.0216
 6117.57       1.1555       0.0215
 6118.61       1.1829       0.0219
 6119.65       1.1031       0.0216
 6120.69       1.2345       0.0225
 6121.73       1.3742       0.0232
 6122.76       1.2196       0.0217
 6123.80       1.1452       0.0211
 6124.84       1.2454       0.0221
 6125.88       1.2597       0.0228
 6126.91       1.2371       0.0224
 6127.95       1.2449       0.0216
 6128.99       1.2826       0.0218
 6130.03       1.3074       0.0224
 6131.06       1.2809       0.0225
 6132.10       1.2262       0.0221
 6133.14       1.1896       0.0217
 6134.18       1.2005       0.0214
 6135.22       1.1899       0.0215
 6136.25       1.1728       0.0220
 6137.29       1.2460       0.0226
 6138.33       1.3146       0.0232
 6139.37       1.3033       0.0236
 6140.40       1.2854       0.0237
 6141.44       1.2498       0.0233
 6142.48       1.1912       0.0225
 6143.52       1.2011       0.0227
 6144.56       1.2680       0.0235
 6145.59       1.3085       0.0234
 6146.63       1.3036       0.0230
 6147.67       1.2805       0.0228
 6148.71       1.2826       0.0227
 6149.74       1.2988       0.0226
 6150.78       1.2996       0.0223
 6151.82       1.3010       0.0223
 6152.86       1.2800       0.0221
 6153.90       1.2283       0.0212
 6154.93       1.1907       0.0209
 6155.97       1.1867       0.0213
 6157.01       1.2149       0.0213
 6158.05       1.1532       0.0204
 6159.08       1.0853       0.0196
 6160.12       1.3288       0.0212
 6161.16       1.5038       0.0225
 6162.20       1.3290       0.0215
 6163.23       1.3011       0.0212
 6164.27       1.3829       0.0217
 6165.31       1.2932       0.0212
 6166.35       1.1239       0.0203
 6167.39       1.0544       0.0204
 6168.42       1.2268       0.0222
 6169.46       1.2652       0.0231
 6170.50       1.0810       0.0221
 6171.54       1.2225       0.0231
 6172.57       1.3795       0.0238
 6173.61       1.2021       0.0222
 6174.65       1.1801       0.0217
 6175.69       1.2716       0.0222
 6176.73       1.1633       0.0212
 6177.76       1.1065       0.0207
 6178.80       1.2044       0.0211
 6179.84       1.3285       0.0219
 6180.88       1.3045       0.0215
 6181.91       1.1509       0.0202
 6182.95       1.1878       0.0205
 6183.99       1.2752       0.0212
 6185.03       1.1824       0.0201
 6186.06       1.0939       0.0192
 6187.10       1.1184       0.0196
 6188.14       1.2182       0.0208
 6189.18       1.3282       0.0217
 6190.22       1.3764       0.0217
 6191.25       1.3575       0.0217
 6192.29       1.3283       0.0217
 6193.33       1.3327       0.0215
 6194.37       1.3022       0.0212
 6195.40       1.2763       0.0211
 6196.44       1.3086       0.0211
 6197.48       1.3458       0.0213
 6198.52       1.3637       0.0216
 6199.56       1.3652       0.0216
 6200.59       1.4465       0.0227
 6201.63       1.5379       0.0242
 6202.67       1.4046       0.0237
 6203.71       1.2156       0.0223
 6204.74       1.1938       0.0218
 6205.78       1.2853       0.0217
 6206.82       1.3617       0.0216
 6207.86       1.3343       0.0214
 6208.90       1.2040       0.0203
 6209.93       1.1225       0.0191
 6210.97       1.2388       0.0202
 6212.01       1.3261       0.0213
 6213.05       1.2499       0.0208
 6214.08       1.2307       0.0204
 6215.12       1.2380       0.0203
 6216.16       1.2076       0.0204
 6217.20       1.2169       0.0202
 6218.23       1.2990       0.0205
 6219.27       1.4078       0.0218
 6220.31       1.5402       0.0232
 6221.35       1.5927       0.0238
 6222.39       1.4455       0.0237
 6223.42       1.2925       0.0230
 6224.46       1.2888       0.0222
 6225.50       1.3116       0.0215
 6226.54       1.3200       0.0212
 6227.57       1.3131       0.0212
 6228.61       1.2237       0.0203
 6229.65       1.1423       0.0193
 6230.69       1.1924       0.0199
 6231.73       1.3083       0.0217
 6232.76       1.3678       0.0239
 6233.80       1.3131       0.0256
 6234.84       1.2637       0.0273
 6235.88       1.3152       0.0289
 6236.91       1.3505       0.0291
 6237.95       1.3422       0.0278
 6238.99       1.3216       0.0262
 6240.03       1.3156       0.0248
 6241.07       1.3071       0.0237
 6242.10       1.2519       0.0228
 6243.14       1.2297       0.0226
 6244.18       1.2553       0.0226
 6245.22       1.2555       0.0223
 6246.25       1.1904       0.0203
 6247.29       1.1161       0.0180
 6248.33       1.2116       0.0220
 6249.37       1.3734       0.0272
 6250.40       1.3928       0.0251
 6251.44       1.2885       0.0206
 6252.48       1.2076       0.0186
 6253.52       1.2652       0.0196
 6254.56       1.3953       0.0223
 6255.59       1.4565       0.0244
 6256.63       1.4009       0.0259
 6257.67       1.3097       0.0272
 6258.71       1.2873       0.0282
 6259.74       1.2899       0.0275
 6260.78       1.2627       0.0253
 6261.82       1.1820       0.0228
 6262.86       1.2465       0.0221
 6263.90       1.3617       0.0226
 6264.93       1.1811       0.0218
 6265.97       1.0647       0.0214
 6267.01       1.2188       0.0223
 6268.05       1.2335       0.0217
 6269.08       1.1039       0.0198
 6270.12       1.0300       0.0186
 6271.16       1.1156       0.0187
 6272.20       1.2453       0.0196
 6273.24       1.1896       0.0197
 6274.27       1.2587       0.0201
 6275.31       1.4480       0.0207
 6276.35       1.3197       0.0202
 6277.39       1.1271       0.0195
 6278.42       1.1416       0.0195
 6279.46       1.1533       0.0191
 6280.50       1.1065       0.0181
 6281.54       1.0547       0.0174
 6282.58       1.0737       0.0179
 6283.61       1.1610       0.0195
 6284.65       1.2316       0.0213
 6285.69       1.2428       0.0227
 6286.73       1.2037       0.0235
 6287.76       1.1460       0.0238
 6288.80       1.1386       0.0239
 6289.84       1.2004       0.0239
 6290.88       1.2962       0.0229
 6291.91       1.3474       0.0213
 6292.95       1.3165       0.0205
 6293.99       1.2565       0.0199
 6295.03       1.2158       0.0219
 6296.07       1.1813       0.0269
 6297.10       1.1848       0.0406
 6298.14       1.2167       0.0630
 6299.18       1.2243       0.0841
 6300.22       1.2395       0.0982
 6301.25       1.2875       0.1022
 6302.29       1.1689       0.0915
 6303.33       1.0778       0.0711
 6304.37       1.2800       0.0510
 6305.41       1.4506       0.0376
 6306.44       1.3704       0.0302
 6307.48       1.1477       0.0265
 6308.52       1.0907       0.0253
 6309.56       1.2685       0.0246
 6310.59       1.2322       0.0223
 6311.63       1.1202       0.0195
 6312.67       1.2228       0.0191
 6313.71       1.3206       0.0193
 6314.75       1.3034       0.0189
 6315.78       1.2195       0.0182
 6316.82       1.2202       0.0181
 6317.86       1.3231       0.0188
 6318.90       1.3547       0.0194
 6319.93       1.2984       0.0197
 6320.97       1.2446       0.0198
 6322.01       1.2809       0.0205
 6323.05       1.3951       0.0213
 6324.08       1.4757       0.0215
 6325.12       1.4409       0.0209
 6326.16       1.2917       0.0201
 6327.20       1.1157       0.0200
 6328.24       1.1025       0.0213
 6329.27       1.2263       0.0233
 6330.31       1.2009       0.0236
 6331.35       1.1795       0.0230
 6332.39       1.3159       0.0227
 6333.42       1.3218       0.0214
 6334.46       1.2240       0.0196
 6335.50       1.2139       0.0186
 6336.54       1.2249       0.0181
 6337.58       1.2339       0.0179
 6338.61       1.2665       0.0181
 6339.65       1.3201       0.0184
 6340.69       1.3611       0.0187
 6341.73       1.3382       0.0186
 6342.76       1.2844       0.0184
 6343.80       1.2533       0.0183
 6344.84       1.2040       0.0180
 6345.88       1.1605       0.0176
 6346.92       1.1652       0.0179
 6347.95       1.2404       0.0189
 6348.99       1.3163       0.0199
 6350.03       1.3023       0.0196
 6351.07       1.2196       0.0187
 6352.10       1.1609       0.0183
 6353.14       1.2153       0.0187
 6354.18       1.2603       0.0194
 6355.22       1.1736       0.0197
 6356.25       1.1526       0.0202
 6357.29       1.2246       0.0209
 6358.33       1.2508       0.0213
 6359.37       1.2882       0.0223
 6360.41       1.3259       0.0252
 6361.44       1.2342       0.0295
 6362.48       1.2314       0.0361
 6363.52       1.3826       0.0428
 6364.56       1.2537       0.0443
 6365.59       1.0259       0.0403
 6366.63       1.0785       0.0346
 6367.67       1.2333       0.0286
 6368.71       1.3190       0.0234
 6369.75       1.3106       0.0195
 6370.78       1.2720       0.0183
 6371.82       1.2509       0.0183
 6372.86       1.1525       0.0173
 6373.90       1.0966       0.0164
 6374.93       1.1634       0.0171
 6375.97       1.2383       0.0177
 6377.01       1.2443       0.0176
 6378.05       1.1930       0.0175
 6379.08       1.2681       0.0180
 6380.12       1.3983       0.0188
 6381.16       1.3206       0.0186
 6382.20       1.1401       0.0175
 6383.24       1.0517       0.0167
 6384.27       1.1048       0.0173
 6385.31       1.2088       0.0185
 6386.35       1.2307       0.0192
 6387.39       1.2678       0.0197
 6388.42       1.2564       0.0193
 6389.46       1.1008       0.0177
 6390.50       1.0844       0.0169
 6391.54       1.2257       0.0173
 6392.58       1.2231       0.0172
 6393.61       1.1510       0.0167
 6394.65       1.1477       0.0164
 6395.69       1.2227       0.0167
 6396.73       1.2452       0.0167
 6397.76       1.1264       0.0158
 6398.80       1.1021       0.0157
 6399.84       1.1824       0.0165
 6400.88       1.1869       0.0168
 6401.92       1.1407       0.0164
 6402.95       1.1197       0.0160
 6403.99       1.1916       0.0163
 6405.03       1.2233       0.0167
 6406.07       1.1456       0.0164
 6407.10       1.1889       0.0166
 6408.14       1.2633       0.0169
 6409.18       1.1859       0.0162
 6410.22       1.1994       0.0162
 6411.25       1.2751       0.0168
 6412.29       1.1683       0.0164
 6413.33       1.1055       0.0164
 6414.37       1.1973       0.0170
 6415.41       1.2126       0.0165
 6416.44       1.2315       0.0164
 6417.48       1.3294       0.0176
 6418.52       1.2948       0.0174
 6419.56       1.1939       0.0162
 6420.59       1.2068       0.0165
 6421.63       1.1907       0.0167
 6422.67       1.1119       0.0161
 6423.71       1.0906       0.0158
 6424.75       1.1035       0.0159
 6425.78       1.1152       0.0161
 6426.82       1.1322       0.0160
 6427.86       1.1706       0.0160
 6428.90       1.2203       0.0162
 6429.93       1.1392       0.0157
 6430.97       1.0263       0.0150
 6432.01       1.0632       0.0152
 6433.05       1.1898       0.0158
 6434.08       1.2563       0.0160
 6435.12       1.1751       0.0156
 6436.16       1.0740       0.0151
 6437.20       1.0885       0.0151
 6438.24       1.1339       0.0154
 6439.27       1.1897       0.0157
 6440.31       1.2398       0.0158
 6441.35       1.2650       0.0159
 6442.39       1.2114       0.0155
 6443.42       1.0551       0.0147
 6444.46       1.0082       0.0145
 6445.50       1.1273       0.0153
 6446.54       1.2028       0.0161
 6447.58       1.2488       0.0167
 6448.61       1.3124       0.0170
 6449.65       1.3071       0.0170
 6450.69       1.2778       0.0169
 6451.73       1.2939       0.0168
 6452.76       1.2314       0.0162
 6453.80       1.1379       0.0156
 6454.84       1.1800       0.0158
 6455.88       1.2238       0.0160
 6456.92       1.1848       0.0157
 6457.95       1.2081       0.0160
 6458.99       1.1958       0.0162
 6460.03       1.0826       0.0157
 6461.07       1.0323       0.0154
 6462.10       1.0655       0.0161
 6463.14       1.0988       0.0175
 6464.18       1.1186       0.0186
 6465.22       1.1672       0.0193
 6466.25       1.3108       0.0208
 6467.29       1.3690       0.0211
 6468.33       1.2742       0.0200
 6469.37       1.2566       0.0199
 6470.41       1.2248       0.0200
 6471.44       1.0683       0.0186
 6472.48       1.0764       0.0181
 6473.52       1.1755       0.0181
 6474.56       1.1022       0.0168
 6475.59       1.0995       0.0160
 6476.63       1.2044       0.0163
 6477.67       1.1750       0.0162
 6478.71       1.0600       0.0155
 6479.75       0.9933       0.0148
 6480.78       1.0182       0.0149
 6481.82       1.0922       0.0153
 6482.86       1.1226       0.0153
 6483.90       1.1596       0.0152
 6484.93       1.1437       0.0147
 6485.97       0.9882       0.0137
 6487.01       0.9783       0.0137
 6488.05       1.1740       0.0149
 6489.08       1.2778       0.0157
 6490.12       1.2602       0.0157
 6491.16       1.2134       0.0152
 6492.20       1.1637       0.0148
 6493.24       1.1409       0.0148
 6494.27       1.1350       0.0151
 6495.31       1.1169       0.0160
 6496.35       1.1173       0.0181
 6497.39       1.1975       0.0207
 6498.42       1.2565       0.0226
 6499.46       1.2197       0.0229
 6500.50       1.1043       0.0216
 6501.54       1.0807       0.0200
 6502.58       1.2051       0.0191
 6503.61       1.1979       0.0181
 6504.65       1.0755       0.0171
 6505.69       1.0504       0.0166
 6506.73       1.0827       0.0166
 6507.76       1.1178       0.0166
 6508.80       1.1287       0.0159
 6509.84       1.1502       0.0156
 6510.88       1.1899       0.0159
 6511.92       1.1567       0.0154
 6512.95       1.1257       0.0147
 6513.99       1.1686       0.0151
 6515.03       1.1264       0.0151
 6516.07       1.0364       0.0147
 6517.10       1.0427       0.0144
 6518.14       1.1209       0.0145
 6519.18       1.1610       0.0149
 6520.22       1.0507       0.0147
 6521.26       1.0111       0.0149
 6522.29       1.1658       0.0162
 6523.33       1.2826       0.0170
 6524.37       1.2476       0.0167
 6525.41       1.1181       0.0157
 6526.44       1.1483       0.0157
 6527.48       1.2470       0.0160
 6528.52       1.0852       0.0150
 6529.56       1.0731       0.0154
 6530.59       1.2852       0.0179
 6531.63       1.2579       0.0191
 6532.67       1.0431       0.0190
 6533.71       0.9077       0.0187
 6534.75       1.0056       0.0190
 6535.78       1.1832       0.0188
 6536.82       1.1791       0.0170
 6537.86       1.1073       0.0153
 6538.90       1.0760       0.0148
 6539.93       1.0888       0.0147
 6540.97       1.0910       0.0152
 6542.01       1.0535       0.0158
 6543.05       1.0233       0.0158
 6544.09       1.0681       0.0159
 6545.12       1.1825       0.0164
 6546.16       1.2255       0.0168
 6547.20       1.2119       0.0167
 6548.24       1.2449       0.0163
 6549.27       1.1918       0.0156
 6550.31       1.0453       0.0153
 6551.35       0.9362       0.0161
 6552.39       0.9350       0.0179
 6553.43       1.0179       0.0197
 6554.46       1.0989       0.0204
 6555.50       1.1437       0.0197
 6556.54       1.1712       0.0182
 6557.58       1.1693       0.0166
 6558.61       1.1498       0.0158
 6559.65       1.1244       0.0163
 6560.69       1.1056       0.0183
 6561.73       1.0998       0.0210
 6562.76       1.0997       0.0226
 6563.80       1.1237       0.0231
 6564.84       1.1617       0.0226
 6565.88       1.1502       0.0203
 6566.92       1.1199       0.0176
 6567.95       1.1300       0.0162
 6568.99       1.1823       0.0160
 6570.03       1.2228       0.0161
 6571.07       1.1960       0.0157
 6572.10       1.1605       0.0153
 6573.14       1.1795       0.0153
 6574.18       1.2537       0.0162
 6575.22       1.2779       0.0174
 6576.26       1.1976       0.0182
 6577.29       1.1372       0.0187
 6578.33       1.1237       0.0186
 6579.37       1.1089       0.0178
 6580.41       1.0797       0.0166
 6581.44       1.0482       0.0154
 6582.48       1.0429       0.0147
 6583.52       1.1126       0.0146
 6584.56       1.2075       0.0146
 6585.60       1.1926       0.0146
 6586.63       1.1123       0.0141
 6587.67       1.0850       0.0134
 6588.71       1.1412       0.0137
 6589.75       1.2136       0.0144
 6590.78       1.2072       0.0145
 6591.82       1.1507       0.0144
 6592.86       1.1063       0.0143
 6593.90       1.1153       0.0143
 6594.93       1.0976       0.0141
 6595.97       1.0389       0.0139
 6597.01       1.1112       0.0145
 6598.05       1.2023       0.0151
 6599.09       1.1618       0.0148
 6600.12       1.1056       0.0146
 6601.16       1.0924       0.0150
 6602.20       1.0912       0.0154
 6603.24       1.1263       0.0161
 6604.27       1.1535       0.0165
 6605.31       1.0977       0.0159
 6606.35       1.0452       0.0151
 6607.39       1.0951       0.0148
 6608.43       1.2548       0.0149
 6609.46       1.3736       0.0151
 6610.50       1.3269       0.0148
 6611.54       1.1996       0.0143
 6612.58       1.1255       0.0139
 6613.61       1.1544       0.0140
 6614.65       1.1921       0.0140
 6615.69       1.1924       0.0137
 6616.73       1.2975       0.0144
 6617.77       1.3198       0.0147
 6618.80       1.1519       0.0137
 6619.84       0.9901       0.0129
 6620.88       0.9803       0.0130
 6621.92       1.1052       0.0136
 6622.95       1.1173       0.0133
 6623.99       1.0301       0.0127
 6625.03       1.1192       0.0136
 6626.07       1.2203       0.0148
 6627.10       1.2004       0.0148
 6628.14       1.1631       0.0143
 6629.18       1.1533       0.0138
 6630.22       1.1673       0.0140
 6631.26       1.1223       0.0140
 6632.29       1.0589       0.0139
 6633.33       1.0665       0.0141
 6634.37       1.1910       0.0146
 6635.41       1.3088       0.0149
 6636.44       1.2436       0.0149
 6637.48       1.1020       0.0141
 6638.52       1.0617       0.0133
 6639.56       1.1625       0.0136
 6640.60       1.2489       0.0142
 6641.63       1.1768       0.0139
 6642.67       1.1258       0.0135
 6643.71       1.1395       0.0133
 6644.75       1.1236       0.0133
 6645.78       1.1171       0.0132
 6646.82       1.1242       0.0131
 6647.86       1.1191       0.0130
 6648.90       1.0822       0.0129
 6649.94       1.0377       0.0128
 6650.97       1.0757       0.0131
 6652.01       1.1269       0.0133
 6653.05       1.0922       0.0130
 6654.09       1.0354       0.0129
 6655.12       1.0187       0.0130
 6656.16       1.0382       0.0129
 6657.20       1.1385       0.0132
 6658.24       1.2720       0.0138
 6659.27       1.3502       0.0141
 6660.31       1.2851       0.0138
 6661.35       1.1325       0.0133
 6662.39       1.1286       0.0136
 6663.43       1.1976       0.0140
 6664.46       1.1262       0.0135
 6665.50       1.0427       0.0129
 6666.54       1.0251       0.0129
 6667.58       1.0286       0.0132
 6668.61       1.1022       0.0137
 6669.65       1.1890       0.0138
 6670.69       1.1013       0.0132
 6671.73       1.0326       0.0127
 6672.77       1.1603       0.0130
 6673.80       1.2116       0.0133
 6674.84       1.1479       0.0131
 6675.88       1.1233       0.0128
 6676.92       1.0786       0.0126
 6677.95       1.0496       0.0127
 6678.99       1.1467       0.0131
 6680.03       1.1948       0.0131
 6681.07       1.0983       0.0127
 6682.10       1.0559       0.0124
 6683.14       1.0454       0.0123
 6684.18       0.9860       0.0121
 6685.22       0.9694       0.0120
 6686.26       1.0100       0.0121
 6687.29       1.0574       0.0125
 6688.33       1.0807       0.0127
 6689.37       1.0882       0.0125
 6690.41       1.1008       0.0125
 6691.44       1.1723       0.0128
 6692.48       1.2666       0.0133
 6693.52       1.2033       0.0132
 6694.56       1.0800       0.0127
 6695.60       1.0824       0.0127
 6696.63       1.1568       0.0132
 6697.67       1.2120       0.0135
 6698.71       1.2014       0.0133
 6699.75       1.1574       0.0132
 6700.78       1.1337       0.0134
 6701.82       1.1311       0.0133
 6702.86       1.1329       0.0130
 6703.90       1.1157       0.0126
 6704.94       1.0998       0.0126
 6705.97       1.0768       0.0127
 6707.01       1.0379       0.0125
 6708.05       1.0311       0.0125
 6709.09       1.0412       0.0125
 6710.12       1.0108       0.0121
 6711.16       0.9874       0.0119
 6712.20       1.0120       0.0122
 6713.24       1.0661       0.0127
 6714.27       1.0936       0.0127
 6715.31       1.0672       0.0123
 6716.35       1.0382       0.0121
 6717.39       1.0439       0.0123
 6718.43       1.0820       0.0125
 6719.46       1.0051       0.0122
 6720.50       0.8859       0.0117
 6721.54       0.9761       0.0120
 6722.58       1.1208       0.0127
 6723.61       1.1353       0.0129
 6724.65       1.0992       0.0125
 6725.69       1.0512       0.0119
 6726.73       1.0248       0.0120
 6727.77       0.9997       0.0122
 6728.80       1.0241       0.0123
 6729.84       1.1442       0.0130
 6730.88       1.2015       0.0134
 6731.92       1.1388       0.0132
 6732.95       1.1094       0.0128
 6733.99       1.0317       0.0121
 6735.03       0.8937       0.0115
 6736.07       0.9252       0.0114
 6737.10       1.0583       0.0118
 6738.14       1.0978       0.0120
 6739.18       1.0951       0.0124
 6740.22       1.0784       0.0125
 6741.26       1.0477       0.0123
 6742.29       0.9826       0.0118
 6743.33       0.9071       0.0115
 6744.37       0.8863       0.0114
 6745.41       0.9337       0.0117
 6746.44       1.0086       0.0119
 6747.48       1.0923       0.0123
 6748.52       1.1227       0.0124
 6749.56       1.0759       0.0122
 6750.60       1.0182       0.0118
 6751.63       0.9878       0.0115
 6752.67       0.9383       0.0115
 6753.71       0.9732       0.0118
 6754.75       1.0742       0.0122
 6755.78       1.0479       0.0118
 6756.82       0.9732       0.0114
 6757.86       0.9925       0.0117
 6758.90       1.0426       0.0118
 6759.94       1.0557       0.0116
 6760.97       1.0120       0.0114
 6762.01       0.9227       0.0112
 6763.05       0.8648       0.0110
 6764.09       0.9339       0.0111
 6765.12       0.9293       0.0110
 6766.16       0.7842       0.0103
 6767.20       0.7671       0.0105
 6768.24       0.9227       0.0114
 6769.27       1.0942       0.0121
 6770.31       1.0474       0.0117
 6771.35       0.8652       0.0108
 6772.39       0.8383       0.0108
 6773.43       0.9105       0.0112
 6774.46       0.9770       0.0114
 6775.50       1.0436       0.0117
 6776.54       1.0096       0.0115
 6777.58       0.8864       0.0108
 6778.61       0.8597       0.0107
 6779.65       0.8877       0.0110
 6780.69       0.8435       0.0108
 6781.73       0.8374       0.0108
 6782.77       0.9362       0.0113
 6783.80       1.1125       0.0120
 6784.84       1.1405       0.0120
 6785.88       1.0073       0.0116
 6786.92       1.0063       0.0117
 6787.95       1.0723       0.0120
 6788.99       1.0468       0.0118
 6790.03       0.9853       0.0115
 6791.07       0.9476       0.0113
 6792.11       0.9692       0.0113
 6793.14       0.9312       0.0111
 6794.18       0.8435       0.0109
 6795.22       0.8536       0.0110
 6796.26       0.8973       0.0111
 6797.29       0.9192       0.0112
 6798.33       0.9869       0.0113
 6799.37       1.0569       0.0116
 6800.41       1.0713       0.0118
 6801.44       1.0338       0.0116
 6802.48       0.9838       0.0112
 6803.52       0.9581       0.0111
 6804.56       0.9686       0.0112
 6805.60       0.9878       0.0113
 6806.63       0.9702       0.0113
 6807.67       0.9906       0.0115
 6808.71       1.0857       0.0118
 6809.75       1.1573       0.0121
 6810.78       1.1819       0.0122
 6811.82       1.1869       0.0122
 6812.86       1.2118       0.0124
 6813.90       1.2288       0.0125
 6814.94       1.1878       0.0123
 6815.97       1.0405       0.0116
 6817.01       0.9089       0.0109
 6818.05       1.0066       0.0113
 6819.09       1.1858       0.0122
 6820.12       1.2290       0.0127
 6821.16       1.1009       0.0122
 6822.20       1.0475       0.0118
 6823.24       1.2610       0.0129
 6824.28       1.3711       0.0138
 6825.31       1.2642       0.0146
 6826.35       1.1817       0.0161
 6827.39       1.1440       0.0182
 6828.43       1.1497       0.0206
 6829.46       1.1579       0.0217
 6830.50       1.2538       0.0225
 6831.54       1.4383       0.0236
 6832.58       1.4872       0.0237
 6833.61       1.3961       0.0229
 6834.65       1.3288       0.0221
 6835.69       1.2743       0.0211
 6836.73       1.2738       0.0198
 6837.77       1.3700       0.0181
 6838.80       1.4659       0.0167
 6839.84       1.4912       0.0158
 6840.88       1.5284       0.0159
 6841.92       1.5117       0.0160
 6842.95       1.4008       0.0154
 6843.99       1.3501       0.0147
 6845.03       1.3566       0.0140
 6846.07       1.3153       0.0134
 6847.11       1.2999       0.0132
 6848.14       1.3551       0.0133
 6849.18       1.4462       0.0137
 6850.22       1.5182       0.0140
 6851.26       1.5588       0.0143
 6852.29       1.6647       0.0150
 6853.33       1.7145       0.0153
 6854.37       1.6058       0.0145
 6855.41       1.5978       0.0143
 6856.45       1.7196       0.0150
 6857.48       1.7727       0.0159
 6858.52       1.7524       0.0161
 6859.56       1.7242       0.0166
 6860.60       1.7463       0.0192
 6861.63       1.8135       0.0233
 6862.67       1.8590       0.0272
 6863.71       1.8287       0.0301
 6864.75       1.7436       0.0309
 6865.78       1.6854       0.0300
 6866.82       1.7943       0.0292
 6867.86       1.9923       0.0294
 6868.90       2.0716       0.0291
 6869.94       1.9712       0.0282
 6870.97       1.8314       0.0270
 6872.01       1.8664       0.0268
 6873.05       1.9762       0.0262
 6874.09       1.9621       0.0241
 6875.12       1.8750       0.0220
 6876.16       1.7736       0.0205
 6877.20       1.7138       0.0193
 6878.24       1.8008       0.0191
 6879.28       1.9444       0.0194
 6880.31       1.9296       0.0192
 6881.35       1.9325       0.0192
 6882.39       2.0386       0.0195
 6883.43       1.9531       0.0186
 6884.46       1.8457       0.0180
 6885.50       1.9300       0.0190
 6886.54       2.0594       0.0206
 6887.58       2.0652       0.0215
 6888.62       1.9080       0.0210
 6889.65       1.8392       0.0210
 6890.69       1.9267       0.0218
 6891.73       1.9087       0.0214
 6892.77       1.9351       0.0206
 6893.80       2.0708       0.0202
 6894.84       2.0002       0.0193
 6895.88       1.8906       0.0187
 6896.92       1.9956       0.0195
 6897.95       2.0820       0.0204
 6898.99       2.0463       0.0206
 6900.03       1.9738       0.0204
 6901.07       1.9679       0.0205
 6902.11       2.0380       0.0210
 6903.14       2.0469       0.0211
 6904.18       2.0305       0.0204
 6905.22       2.0520       0.0193
 6906.26       2.0627       0.0181
 6907.29       2.0608       0.0177
 6908.33       2.0620       0.0180
 6909.37       2.1147       0.0195
 6910.41       2.1661       0.0212
 6911.45       2.1103       0.0220
 6912.48       2.0737       0.0224
 6913.52       2.1307       0.0227
 6914.56       2.1743       0.0220
 6915.60       2.1783       0.0205
 6916.63       2.1678       0.0191
 6917.67       2.1227       0.0182
 6918.71       2.1508       0.0186
 6919.75       2.3107       0.0202
 6920.79       2.4413       0.0227
 6921.82       2.4138       0.0247
 6922.86       2.2766       0.0254
 6923.90       2.1141       0.0249
 6924.94       2.0469       0.0240
 6925.97       2.1436       0.0227
 6927.01       2.2706       0.0214
 6928.05       2.2737       0.0200
 6929.09       2.2199       0.0185
 6930.12       2.1732       0.0172
 6931.16       2.1503       0.0168
 6932.20       2.2061       0.0174
 6933.24       2.2991       0.0181
 6934.28       2.3323       0.0182
 6935.31       2.3001       0.0181
 6936.35       2.2618       0.0185
 6937.39       2.2344       0.0193
 6938.43       2.2731       0.0205
 6939.46       2.3616       0.0214
 6940.50       2.3170       0.0215
 6941.54       2.1625       0.0207
 6942.58       2.0909       0.0191
 6943.62       2.1602       0.0184
 6944.65       2.3364       0.0195
 6945.69       2.5237       0.0215
 6946.73       2.6372       0.0234
 6947.77       2.7388       0.0257
 6948.80       3.1815       0.0310
 6949.84       3.5517       0.0374
 6950.88       3.3009       0.0404
 6951.92       2.8877       0.0337
 6952.96       2.5936       0.0222
 6953.99       2.2853       0.0176
 6955.03       2.1503       0.0176
 6956.07       2.1725       0.0171
 6957.11       2.1769       0.0169
 6958.14       2.1521       0.0166
 6959.18       2.1743       0.0166
 6960.22       2.2671       0.0169
 6961.26       2.3157       0.0172
 6962.29       2.2144       0.0170
 6963.33       2.0648       0.0164
 6964.37       1.9848       0.0160
 6965.41       1.9813       0.0162
 6966.45       2.0555       0.0170
 6967.48       2.1459       0.0180
 6968.52       2.1996       0.0186
 6969.56       2.2061       0.0190
 6970.60       2.2047       0.0192
 6971.63       2.2053       0.0190
 6972.67       2.2298       0.0186
 6973.71       2.2820       0.0182
 6974.75       2.2151       0.0180
 6975.79       2.0931       0.0184
 6976.82       2.1886       0.0201
 6977.86       2.2820       0.0219
 6978.90       2.1917       0.0222
 6979.94       2.1623       0.0217
 6980.97       2.2014       0.0207
 6982.01       2.2018       0.0195
 6983.05       2.1937       0.0181
 6984.09       2.1598       0.0169
 6985.12       2.0902       0.0163
 6986.16       1.9976       0.0160
 6987.20       1.9436       0.0157
 6988.24       2.0260       0.0162
 6989.28       2.0783       0.0165
 6990.31       1.9837       0.0159
 6991.35       1.9296       0.0156
 6992.39       1.9473       0.0156
 6993.43       1.9665       0.0156
 6994.46       2.0572       0.0160
 6995.50       2.2155       0.0169
 6996.54       2.3599       0.0176
 6997.58       2.4041       0.0177
 6998.62       2.3316       0.0175
 6999.65       2.2059       0.0169
 7000.69       2.0830       0.0164
 7001.73       1.9958       0.0163
 7002.77       1.9946       0.0166
 7003.80       2.0266       0.0170
 7004.84       2.0247       0.0170
 7005.88       1.9539       0.0165
 7006.92       1.8832       0.0160
 7007.96       1.9201       0.0161
 7008.99       2.0041       0.0169
 7010.03       2.0281       0.0175
 7011.07       1.9917       0.0178
 7012.11       1.9026       0.0175
 7013.14       1.8261       0.0168
 7014.18       1.8637       0.0164
 7015.22       2.0012       0.0165
 7016.26       2.1163       0.0164
 7017.29       2.1599       0.0163
 7018.33       2.1094       0.0159
 7019.37       1.9717       0.0150
 7020.41       1.8643       0.0145
 7021.45       1.8563       0.0148
 7022.48       1.8820       0.0149
 7023.52       1.8924       0.0148
 7024.56       1.8843       0.0147
 7025.60       1.9575       0.0151
 7026.63       2.0383       0.0155
 7027.67       1.9756       0.0152
 7028.71       1.8432       0.0146
 7029.75       1.7860       0.0144
 7030.79       1.9008       0.0152
 7031.82       1.9628       0.0156
 7032.86       1.8210       0.0146
 7033.90       1.7343       0.0140
 7034.94       1.7844       0.0144
 7035.97       1.8740       0.0149
 7037.01       1.9103       0.0151
 7038.05       1.8898       0.0148
 7039.09       1.9083       0.0149
 7040.12       1.9530       0.0155
 7041.16       1.9858       0.0161
 7042.20       2.0045       0.0161
 7043.24       1.9653       0.0158
 7044.28       1.8799       0.0159
 7045.31       1.9083       0.0164
 7046.35       1.9714       0.0169
 7047.39       1.8963       0.0169
 7048.43       1.8000       0.0167
 7049.46       1.7631       0.0165
 7050.50       1.7474       0.0163
 7051.54       1.7576       0.0160
 7052.58       1.7916       0.0156
 7053.62       1.8635       0.0156
 7054.65       1.9185       0.0156
 7055.69       1.9093       0.0153
 7056.73       1.8457       0.0150
 7057.77       1.7830       0.0147
 7058.80       1.7644       0.0145
 7059.84       1.7858       0.0145
 7060.88       1.8047       0.0147
 7061.92       1.7933       0.0149
 7062.96       1.7751       0.0147
 7063.99       1.7990       0.0146
 7065.03       1.9059       0.0155
 7066.07       1.9970       0.0168
 7067.11       1.9668       0.0173
 7068.14       1.8387       0.0165
 7069.18       1.7286       0.0153
 7070.22       1.7196       0.0151
 7071.26       1.8188       0.0154
 7072.29       1.9172       0.0156
 7073.33       1.9152       0.0154
 7074.37       1.8312       0.0149
 7075.41       1.7597       0.0145
 7076.45       1.7088       0.0145
 7077.48       1.7002       0.0146
 7078.52       1.7243       0.0146
 7079.56       1.7575       0.0147
 7080.60       1.7637       0.0148
 7081.63       1.7369       0.0148
 7082.67       1.7074       0.0148
 7083.71       1.6920       0.0147
 7084.75       1.6585       0.0144
 7085.79       1.6314       0.0142
 7086.82       1.6325       0.0142
 7087.86       1.6050       0.0144
 7088.90       1.5791       0.0145
 7089.94       1.6197       0.0144
 7090.97       1.6231       0.0142
 7092.01       1.5843       0.0141
 7093.05       1.6336       0.0140
 7094.09       1.6280       0.0137
 7095.13       1.5202       0.0132
 7096.16       1.5347       0.0134
 7097.20       1.6137       0.0137
 7098.24       1.6088       0.0133
 7099.28       1.5992       0.0132
 7100.31       1.6007       0.0135
 7101.35       1.5873       0.0134
 7102.39       1.5563       0.0131
 7103.43       1.5611       0.0130
 7104.46       1.6591       0.0135
 7105.50       1.7955       0.0143
 7106.54       1.8584       0.0148
 7107.58       1.7962       0.0146
 7108.62       1.6450       0.0138
 7109.65       1.5128       0.0132
 7110.69       1.4957       0.0131
 7111.73       1.5661       0.0134
 7112.77       1.6097       0.0135
 7113.80       1.6264       0.0136
 7114.84       1.6252       0.0136
 7115.88       1.5946       0.0133
 7116.92       1.5392       0.0130
 7117.96       1.4843       0.0127
 7118.99       1.5161       0.0130
 7120.03       1.5391       0.0132
 7121.07       1.4354       0.0127
 7122.11       1.4382       0.0126
 7123.14       1.5378       0.0131
 7124.18       1.4900       0.0129
 7125.22       1.4212       0.0127
 7126.26       1.4685       0.0130
 7127.30       1.5675       0.0134
 7128.33       1.6768       0.0138
 7129.37       1.7422       0.0144
 7130.41       1.6892       0.0143
 7131.45       1.5924       0.0139
 7132.48       1.5680       0.0138
 7133.52       1.5863       0.0139
 7134.56       1.5580       0.0136
 7135.60       1.4369       0.0129
 7136.63       1.3488       0.0123
 7137.67       1.3801       0.0123
 7138.71       1.4457       0.0125
 7139.75       1.4651       0.0126
 7140.79       1.4275       0.0125
 7141.82       1.3783       0.0126
 7142.86       1.3996       0.0131
 7143.90       1.5140       0.0139
 7144.94       1.5141       0.0140
 7145.97       1.3459       0.0132
 7147.01       1.1951       0.0123
 7148.05       1.1971       0.0122
 7149.09       1.3310       0.0128
 7150.13       1.4388       0.0133
 7151.16       1.4413       0.0132
 7152.20       1.3988       0.0127
 7153.24       1.4259       0.0125
 7154.28       1.5221       0.0129
 7155.31       1.5576       0.0133
 7156.35       1.5263       0.0133
 7157.39       1.4710       0.0129
 7158.43       1.4301       0.0127
 7159.47       1.4174       0.0128
 7160.50       1.4152       0.0130
 7161.54       1.4425       0.0132
 7162.58       1.4431       0.0133
 7163.62       1.3779       0.0130
 7164.65       1.3502       0.0131
 7165.69       1.3815       0.0136
 7166.73       1.4021       0.0138
 7167.77       1.3429       0.0133
 7168.80       1.2525       0.0128
 7169.84       1.2986       0.0129
 7170.88       1.4175       0.0136
 7171.92       1.4630       0.0142
 7172.96       1.3995       0.0139
 7173.99       1.3506       0.0135
 7175.03       1.4547       0.0140
 7176.07       1.5042       0.0145
 7177.11       1.4580       0.0145
 7178.14       1.5368       0.0146
 7179.18       1.5589       0.0143
 7180.22       1.4103       0.0136
 7181.26       1.2469       0.0130
 7182.30       1.2257       0.0131
 7183.33       1.3535       0.0141
 7184.37       1.4196       0.0143
 7185.41       1.3459       0.0137
 7186.45       1.2623       0.0132
 7187.48       1.2347       0.0133
 7188.52       1.2712       0.0134
 7189.56       1.3187       0.0132
 7190.60       1.2879       0.0125
 7191.64       1.2024       0.0122
 7192.67       1.2850       0.0130
 7193.71       1.4100       0.0140
 7194.75       1.3561       0.0138
 7195.79       1.3024       0.0133
 7196.82       1.3393       0.0132
 7197.86       1.4023       0.0134
 7198.90       1.3691       0.0135
 7199.94       1.2465       0.0132
 7200.97       1.2426       0.0132
 7202.01       1.2660       0.0130
 7203.05       1.1962       0.0124
 7204.09       1.1884       0.0122
 7205.13       1.2164       0.0123
 7206.16       1.1852       0.0124
 7207.20       1.1759       0.0122
 7208.24       1.2286       0.0122
 7209.28       1.2977       0.0126
 7210.31       1.3448       0.0128
 7211.35       1.3349       0.0122
 7212.39       1.2459       0.0114
 7213.43       1.1753       0.0111
 7214.47       1.1943       0.0114
 7215.50       1.2120       0.0116
 7216.54       1.1921       0.0115
 7217.58       1.1748       0.0110
 7218.62       1.1336       0.0108
 7219.65       1.0789       0.0110
 7220.69       1.0547       0.0113
 7221.73       1.0553       0.0113
 7222.77       1.0725       0.0112
 7223.81       1.1302       0.0114
 7224.84       1.2039       0.0119
 7225.88       1.2488       0.0124
 7226.92       1.2646       0.0123
 7227.96       1.2264       0.0118
 7228.99       1.1107       0.0115
 7230.03       1.1092       0.0118
 7231.07       1.2144       0.0125
 7232.11       1.1726       0.0125
 7233.14       1.0780       0.0121
 7234.18       1.0783       0.0125
 7235.22       1.0876       0.0137
 7236.26       1.1050       0.0165
 7237.30       1.1570       0.0208
 7238.33       1.1148       0.0266
 7239.37       1.0964       0.0323
 7240.41       1.3289       0.0356
 7241.45       1.4352       0.0370
 7242.48       1.2559       0.0379
 7243.52       1.1388       0.0381
 7244.56       1.1566       0.0374
 7245.60       1.2152       0.0352
 7246.64       1.2734       0.0324
 7247.67       1.2387       0.0280
 7248.71       1.1065       0.0217
 7249.75       1.1041       0.0179
 7250.79       1.2072       0.0172
 7251.82       1.1463       0.0170
 7252.86       1.0573       0.0173
 7253.90       1.0568       0.0177
 7254.94       1.0057       0.0169
 7255.98       0.9665       0.0152
 7257.01       1.0124       0.0137
 7258.05       1.0335       0.0126
 7259.09       1.0252       0.0119
 7260.13       1.0567       0.0118
 7261.16       1.0869       0.0119
 7262.20       1.0955       0.0119
 7263.24       1.1100       0.0121
 7264.28       1.0877       0.0124
 7265.31       1.0276       0.0125
 7266.35       0.9956       0.0125
 7267.39       1.0234       0.0127
 7268.43       1.0811       0.0132
 7269.47       1.0782       0.0132
 7270.50       1.0399       0.0130
 7271.54       1.0798       0.0136
 7272.58       1.0604       0.0167
 7273.62       0.9885       0.0237
 7274.65       1.0965       0.0332
 7275.69       1.1611       0.0411
 7276.73       1.0193       0.0436
 7277.77       0.9730       0.0411
 7278.81       1.0043       0.0349
 7279.84       0.9481       0.0269
 7280.88       0.9987       0.0207
 7281.92       1.0991       0.0186
 7282.96       1.0292       0.0199
 7283.99       0.9412       0.0222
 7285.03       0.9676       0.0227
 7286.07       1.0418       0.0226
 7287.11       1.0514       0.0206
 7288.15       0.9649       0.0168
 7289.18       0.9721       0.0143
 7290.22       1.0452       0.0134
 7291.26       1.0341       0.0124
 7292.30       1.0373       0.0126
 7293.33       1.0993       0.0139
 7294.37       1.1599       0.0151
 7295.41       1.1796       0.0156
 7296.45       1.1407       0.0152
 7297.48       1.0579       0.0145
 7298.52       0.9855       0.0136
 7299.56       0.9621       0.0126
 7300.60       1.0173       0.0129
 7301.64       1.0582       0.0147
 7302.67       1.0032       0.0167
 7303.71       0.8655       0.0181
 7304.75       0.7866       0.0182
 7305.79       0.9111       0.0174
 7306.82       1.0494       0.0156
 7307.86       1.0262       0.0136
 7308.90       1.0027       0.0127
 7309.94       0.9699       0.0123
 7310.98       0.8856       0.0118
 7312.01       0.8939       0.0132
 7313.05       0.9630       0.0177
 7314.09       0.9604       0.0234
 7315.13       0.8544       0.0283
 7316.16       0.7437       0.0314
 7317.20       0.7717       0.0328
 7318.24       0.8850       0.0308
 7319.28       0.9572       0.0254
 7320.31       1.0159       0.0193
 7321.35       1.0139       0.0145
 7322.39       0.9406       0.0114
 7323.43       0.9144       0.0104
 7324.47       0.9892       0.0106
 7325.50       1.0751       0.0114
 7326.54       1.1862       0.0166
 7327.58       1.2447       0.0252
 7328.62       1.0689       0.0285
 7329.65       0.8899       0.0288
 7330.69       0.9456       0.0303
 7331.73       1.1122       0.0285
 7332.77       1.2068       0.0226
 7333.81       1.1508       0.0153
 7334.84       1.0469       0.0113
 7335.88       1.0271       0.0119
 7336.92       1.1159       0.0135
 7337.96       1.1125       0.0178
 7338.99       0.9468       0.0252
 7340.03       0.8792       0.0329
 7341.07       0.9185       0.0378
 7342.11       0.9427       0.0383
 7343.15       0.8386       0.0328
 7344.18       0.7599       0.0245
 7345.22       0.9381       0.0181
 7346.26       1.0172       0.0141
 7347.30       0.8761       0.0113
 7348.33       0.8031       0.0102
 7349.37       0.8676       0.0104
 7350.41       0.9894       0.0110
 7351.45       1.0178       0.0113
 7352.48       0.9714       0.0111
 7353.52       0.9679       0.0111
 7354.56       0.9857       0.0114
 7355.60       1.0020       0.0126
 7356.64       0.9970       0.0149
 7357.67       0.9956       0.0174
 7358.71       1.0121       0.0189
 7359.75       1.0307       0.0192
 7360.79       1.0213       0.0178
 7361.82       0.9819       0.0153
 7362.86       0.9422       0.0128
 7363.90       0.9511       0.0114
 7364.94       1.0126       0.0116
 7365.98       1.0045       0.0136
 7367.01       0.9250       0.0177
 7368.05       0.9069       0.0233
 7369.09       0.8900       0.0279
 7370.13       0.8565       0.0295
 7371.16       0.8864       0.0283
 7372.20       0.9905       0.0243
 7373.24       1.1050       0.0187
 7374.28       1.1331       0.0144
 7375.32       1.0788       0.0121
 7376.35       1.0240       0.0108
 7377.39       1.0092       0.0105
 7378.43       0.9976       0.0104
 7379.47       0.8901       0.0099
 7380.50       0.8881       0.0100
 7381.54       1.0357       0.0108
 7382.58       1.0236       0.0105
 7383.62       0.9217       0.0098
 7384.65       0.9267       0.0099
 7385.69       0.9758       0.0102
 7386.73       0.9939       0.0102
 7387.77       0.9424       0.0100
 7388.81       0.9310       0.0108
 7389.84       0.9815       0.0127
 7390.88       0.9843       0.0144
 7391.92       0.9284       0.0153
 7392.96       0.8785       0.0153
 7393.99       0.9199       0.0151
 7395.03       1.0149       0.0144
 7396.07       1.0627       0.0129
 7397.11       1.0628       0.0115
 7398.15       1.0434       0.0118
 7399.18       1.0346       0.0143
 7400.22       1.0260       0.0180
 7401.26       1.0052       0.0208
 7402.30       0.9802       0.0223
 7403.33       0.9676       0.0218
 7404.37       0.9847       0.0198
 7405.41       1.0734       0.0167
 7406.45       1.1413       0.0135
 7407.49       1.0977       0.0111
 7408.52       0.9680       0.0099
 7409.56       0.8851       0.0095
 7410.60       0.9534       0.0099
 7411.64       1.0481       0.0104
 7412.67       1.0455       0.0105
 7413.71       1.0142       0.0104
 7414.75       0.9746       0.0102
 7415.79       0.9502       0.0099
 7416.82       0.9702       0.0100
 7417.86       1.0158       0.0103
 7418.90       1.0442       0.0103
 7419.94       1.0242       0.0099
 7420.98       0.9823       0.0097
 7422.01       0.9777       0.0099
 7423.05       0.9919       0.0101
 7424.09       0.9852       0.0100
 7425.13       0.9464       0.0099
 7426.16       0.9254       0.0101
 7427.20       0.9583       0.0106
 7428.24       0.9566       0.0116
 7429.28       0.9215       0.0125
 7430.32       0.9157       0.0128
 7431.35       0.9765       0.0129
 7432.39       1.0221       0.0126
 7433.43       0.8932       0.0110
 7434.47       0.8036       0.0100
 7435.50       0.9037       0.0111
 7436.54       0.9446       0.0131
 7437.58       0.9411       0.0151
 7438.62       1.0084       0.0163
 7439.66       0.9758       0.0161
 7440.69       0.9021       0.0148
 7441.73       0.9714       0.0137
 7442.77       1.0492       0.0123
 7443.81       1.0208       0.0107
 7444.84       0.9459       0.0097
 7445.88       0.8929       0.0094
 7446.92       0.9000       0.0094
 7447.96       0.9217       0.0095
 7448.99       0.9201       0.0094
 7450.03       0.8957       0.0093
 7451.07       0.9414       0.0096
 7452.11       1.0132       0.0100
 7453.15       0.9758       0.0098
 7454.18       0.8836       0.0093
 7455.22       0.8420       0.0092
 7456.26       0.8905       0.0094
 7457.30       0.9511       0.0098
 7458.33       0.9358       0.0100
 7459.37       0.9296       0.0101
 7460.41       0.9231       0.0103
 7461.45       0.8661       0.0104
 7462.49       0.8413       0.0107
 7463.52       0.8691       0.0113
 7464.56       0.8861       0.0119
 7465.60       0.8877       0.0123
 7466.64       0.9152       0.0124
 7467.67       1.0546       0.0131
 7468.71       1.1606       0.0138
 7469.75       1.0921       0.0141
 7470.79       0.9527       0.0145
 7471.83       0.8820       0.0152
 7472.86       0.9254       0.0159
 7473.90       0.9817       0.0161
 7474.94       0.9923       0.0157
 7475.98       1.0613       0.0150
 7477.01       1.0693       0.0143
 7478.05       0.9493       0.0138
 7479.09       0.7756       0.0137
 7480.13       0.7191       0.0145
 7481.16       0.8462       0.0161
 7482.20       0.9605       0.0175
 7483.24       0.9700       0.0177
 7484.28       0.9749       0.0168
 7485.32       0.9682       0.0155
 7486.35       0.9683       0.0143
 7487.39       1.0171       0.0127
 7488.43       1.0128       0.0110
 7489.47       0.9159       0.0098
 7490.50       0.8791       0.0099
 7491.54       0.9559       0.0110
 7492.58       1.0674       0.0119
 7493.62       1.0308       0.0120
 7494.66       0.8723       0.0113
 7495.69       0.8008       0.0106
 7496.73       0.8808       0.0104
 7497.77       0.9981       0.0104
 7498.81       0.9480       0.0099
 7499.84       0.8357       0.0092
 7500.88       0.8490       0.0093
 7501.92       0.9156       0.0096
 7502.96       0.9489       0.0097
 7504.00       0.9091       0.0094
 7505.03       0.9023       0.0094
 7506.07       0.9596       0.0098
 7507.11       0.9907       0.0100
 7508.15       0.9528       0.0097
 7509.18       0.8847       0.0092
 7510.22       0.8785       0.0090
 7511.26       0.9490       0.0092
 7512.30       1.0225       0.0098
 7513.33       1.0205       0.0100
 7514.37       0.9484       0.0098
 7515.41       0.8991       0.0098
 7516.45       0.8472       0.0099
 7517.49       0.8240       0.0102
 7518.52       0.8983       0.0108
 7519.56       1.0410       0.0119
 7520.60       1.1309       0.0144
 7521.64       0.9877       0.0179
 7522.67       0.7987       0.0224
 7523.71       0.8227       0.0267
 7524.75       0.9657       0.0290
 7525.79       1.0245       0.0275
 7526.83       0.8802       0.0225
 7527.86       0.8272       0.0177
 7528.90       0.9482       0.0154
 7529.94       0.8473       0.0144
 7530.98       0.7641       0.0144
 7532.01       0.9154       0.0146
 7533.05       0.8535       0.0133
 7534.09       0.7286       0.0112
 7535.13       0.8958       0.0106
 7536.17       0.9982       0.0104
 7537.20       0.9108       0.0100
 7538.24       0.8511       0.0101
 7539.28       0.8660       0.0106
 7540.32       0.9173       0.0110
 7541.35       0.9057       0.0109
 7542.39       0.8590       0.0104
 7543.43       0.8582       0.0101
 7544.47       0.9155       0.0099
 7545.50       0.9807       0.0099
 7546.54       0.9915       0.0098
 7547.58       0.9184       0.0095
 7548.62       0.8425       0.0092
 7549.66       0.8871       0.0095
 7550.69       0.9330       0.0097
 7551.73       0.8834       0.0094
 7552.77       0.8571       0.0091
 7553.81       0.8719       0.0096
 7554.84       0.8945       0.0107
 7555.88       0.9759       0.0122
 7556.92       1.0415       0.0133
 7557.96       0.9924       0.0135
 7559.00       0.8928       0.0128
 7560.03       0.8260       0.0117
 7561.07       0.7922       0.0105
 7562.11       0.8061       0.0098
 7563.15       0.8478       0.0095
 7564.18       0.8821       0.0094
 7565.22       0.9185       0.0097
 7566.26       0.9742       0.0105
 7567.30       0.9391       0.0107
 7568.33       0.8445       0.0115
 7569.37       0.8282       0.0144
 7570.41       0.8182       0.0181
 7571.45       0.8044       0.0210
 7572.49       0.9386       0.0232
 7573.52       1.0307       0.0228
 7574.56       0.9467       0.0192
 7575.60       0.9657       0.0154
 7576.64       1.0441       0.0128
 7577.67       0.9809       0.0107
 7578.71       0.9442       0.0097
 7579.75       0.9766       0.0093
 7580.79       0.9613       0.0093
 7581.83       0.9237       0.0096
 7582.86       0.9092       0.0102
 7583.90       0.9214       0.0113
 7584.94       0.9645       0.0127
 7585.98       1.0061       0.0138
 7587.01       0.9495       0.0141
 7588.05       0.8505       0.0134
 7589.09       0.8439       0.0125
 7590.13       0.8103       0.0108
 7591.17       0.7466       0.0093
 7592.20       0.7771       0.0096
 7593.24       0.9364       0.0116
 7594.28       1.1099       0.0151
 7595.32       1.0846       0.0196
 7596.35       0.9380       0.0272
 7597.39       0.8867       0.0388
 7598.43       0.9015       0.0522
 7599.47       0.9885       0.0651
 7600.50       1.1394       0.0732
 7601.54       1.1665       0.0778
 7602.58       1.0181       0.0782
 7603.62       0.8469       0.0684
 7604.66       0.7741       0.0586
 7605.69       0.8057       0.0566
 7606.73       0.8559       0.0581
 7607.77       0.8470       0.0566
 7608.81       0.8010       0.0501
 7609.84       0.6317       0.0424
 7610.88       0.5467       0.0370
 7611.92       0.8025       0.0350
 7612.96       1.0725       0.0330
 7614.00       1.1110       0.0285
 7615.03       1.1611       0.0262
 7616.07       1.0752       0.0237
 7617.11       0.8129       0.0196
 7618.15       0.7635       0.0188
 7619.18       0.8841       0.0202
 7620.22       0.8862       0.0202
 7621.26       0.8057       0.0191
 7622.30       0.7774       0.0189
 7623.33       0.9134       0.0211
 7624.37       1.0451       0.0239
 7625.41       0.9992       0.0262
 7626.45       0.8115       0.0293
 7627.49       0.6477       0.0326
 7628.52       0.6458       0.0353
 7629.56       0.8675       0.0381
 7630.60       1.0108       0.0409
 7631.64       0.7969       0.0430
 7632.67       0.6148       0.0356
 7633.71       0.7076       0.0226
 7634.75       0.8288       0.0196
 7635.79       0.9891       0.0221
 7636.83       1.1321       0.0213
 7637.86       1.0846       0.0204
 7638.90       0.9272       0.0188
 7639.94       0.8438       0.0170
 7640.98       0.8266       0.0163
 7642.01       0.8563       0.0165
 7643.05       0.9123       0.0168
 7644.09       0.9032       0.0160
 7645.13       0.8515       0.0148
 7646.17       0.8796       0.0147
 7647.20       0.9779       0.0152
 7648.24       1.0508       0.0154
 7649.28       0.9979       0.0150
 7650.32       0.9056       0.0145
 7651.35       0.9142       0.0147
 7652.39       0.9637       0.0161
 7653.43       0.9806       0.0172
 7654.47       0.9654       0.0165
 7655.50       0.8602       0.0144
 7656.54       0.7475       0.0128
 7657.58       0.8362       0.0124
 7658.62       0.9499       0.0130
 7659.66       0.8909       0.0138
 7660.69       0.8518       0.0153
 7661.73       0.8612       0.0165
 7662.77       0.8372       0.0167
 7663.81       0.8393       0.0165
 7664.84       0.8461       0.0158
 7665.88       0.7730       0.0135
 7666.92       0.7678       0.0114
 7667.96       0.8741       0.0106
 7669.00       0.8957       0.0104
 7670.03       0.8483       0.0102
 7671.07       0.8340       0.0101
 7672.11       0.7858       0.0098
 7673.15       0.7617       0.0096
 7674.18       0.8346       0.0095
 7675.22       0.9321       0.0098
 7676.26       0.9703       0.0103
 7677.30       0.9407       0.0102
 7678.33       0.8891       0.0100
 7679.37       0.8741       0.0100
 7680.41       0.9005       0.0103
 7681.45       0.9124       0.0103
 7682.49       0.8682       0.0102
 7683.52       0.8774       0.0105
 7684.56       0.9245       0.0112
 7685.60       0.9061       0.0114
 7686.64       0.8579       0.0110
 7687.67       0.8298       0.0107
 7688.71       0.8223       0.0107
 7689.75       0.8443       0.0111
 7690.79       0.8804       0.0117
 7691.83       0.9101       0.0117
 7692.86       0.9196       0.0112
 7693.90       0.9152       0.0106
 7694.94       0.8926       0.0104
 7695.98       0.8755       0.0105
 7697.01       0.8859       0.0109
 7698.05       0.9115       0.0114
 7699.09       0.9297       0.0118
 7700.13       0.9454       0.0118
 7701.17       0.9348       0.0116
 7702.20       0.8947       0.0113
 7703.24       0.8418       0.0106
 7704.28       0.8229       0.0099
 7705.32       0.8579       0.0098
 7706.35       0.9364       0.0100
 7707.39       0.9966       0.0105
 7708.43       0.9840       0.0117
 7709.47       0.9488       0.0149
 7710.50       0.9343       0.0209
 7711.54       0.9148       0.0276
 7712.58       0.8312       0.0339
 7713.62       0.6942       0.0387
 7714.66       0.7911       0.0428
 7715.69       0.9454       0.0451
 7716.73       0.8057       0.0431
 7717.77       0.6553       0.0396
 7718.81       0.7285       0.0352
 7719.84       0.9337       0.0286
 7720.88       1.0720       0.0214
 7721.92       1.0367       0.0161
 7722.96       0.9908       0.0146
 7724.00       1.0054       0.0161
 7725.03       1.0400       0.0181
 7726.07       1.0268       0.0185
 7727.11       0.9602       0.0169
 7728.15       0.9207       0.0157
 7729.18       0.8586       0.0136
 7730.22       0.8017       0.0109
 7731.26       0.8826       0.0101
 7732.30       0.9664       0.0104
 7733.34       0.9276       0.0105
 7734.37       0.8787       0.0108
 7735.41       0.8653       0.0113
 7736.45       0.8734       0.0115
 7737.49       0.9093       0.0113
 7738.52       0.9643       0.0110
 7739.56       1.0334       0.0110
 7740.60       1.0209       0.0108
 7741.64       0.9465       0.0103
 7742.68       0.9796       0.0105
 7743.71       1.0323       0.0108
 7744.75       0.9816       0.0109
 7745.79       0.9370       0.0108
 7746.83       0.9215       0.0140
 7747.86       0.8950       0.0221
 7748.90       0.9459       0.0339
 7749.94       1.0142       0.0450
 7750.98       0.9303       0.0506
 7752.01       0.8999       0.0488
 7753.05       1.0101       0.0415
 7754.09       0.9691       0.0298
 7755.13       0.8725       0.0192
 7756.17       0.9027       0.0139
 7757.20       0.8353       0.0144
 7758.24       0.7633       0.0181
 7759.28       0.9202       0.0218
 7760.32       0.9736       0.0238
 7761.35       0.8779       0.0231
 7762.39       1.0294       0.0210
 7763.43       1.0961       0.0170
 7764.47       0.8871       0.0122
 7765.51       0.9123       0.0103
 7766.54       1.0222       0.0103
 7767.58       0.8846       0.0093
 7768.62       0.8204       0.0091
 7769.66       0.8897       0.0100
 7770.69       0.9004       0.0113
 7771.73       0.8803       0.0128
 7772.77       0.8665       0.0141
 7773.81       0.8646       0.0147
 7774.85       0.8628       0.0145
 7775.88       0.8470       0.0137
 7776.92       0.8354       0.0128
 7777.96       0.8239       0.0129
 7779.00       0.8029       0.0147
 7780.03       0.8047       0.0167
 7781.07       0.8063       0.0174
 7782.11       0.7505       0.0167
 7783.15       0.7591       0.0150
 7784.18       0.8713       0.0130
 7785.22       0.9803       0.0116
 7786.26       0.9591       0.0107
 7787.30       0.8230       0.0101
 7788.34       0.7997       0.0102
 7789.37       0.8998       0.0115
 7790.41       0.9483       0.0142
 7791.45       0.9540       0.0203
 7792.49       0.9331       0.0291
 7793.52       0.8974       0.0366
 7794.56       0.8759       0.0402
 7795.60       0.8740       0.0388
 7796.64       0.8415       0.0320
 7797.68       0.8510       0.0229
 7798.71       0.9459       0.0153
 7799.75       0.9817       0.0113
 7800.79       0.9276       0.0099
 7801.83       0.8674       0.0095
 7802.86       0.8946       0.0096
 7803.90       0.9566       0.0100
 7804.94       0.8768       0.0105
 7805.98       0.7715       0.0126
 7807.02       0.7897       0.0170
 7808.05       0.9397       0.0208
 7809.09       1.0124       0.0222
 7810.13       0.8651       0.0213
 7811.17       0.7998       0.0184
 7812.20       0.8988       0.0150
 7813.24       0.9758       0.0126
 7814.28       0.9095       0.0111
 7815.32       0.7769       0.0103
 7816.35       0.8158       0.0106
 7817.39       0.9844       0.0127
 7818.43       1.0932       0.0178
 7819.47       0.9787       0.0268
 7820.51       0.8672       0.0375
 7821.54       1.0360       0.0447
 7822.58       1.0323       0.0458
 7823.62       0.8050       0.0403
 7824.66       0.7560       0.0304
 7825.69       0.8364       0.0201
 7826.73       0.9089       0.0130
 7827.77       0.9507       0.0108
 7828.81       0.9431       0.0109
 7829.85       0.9237       0.0102
 7830.88       0.9030       0.0099
 7831.92       0.9213       0.0098
 7832.96       0.9836       0.0101
 7834.00       0.9935       0.0102
 7835.03       0.9316       0.0101
 7836.07       0.8793       0.0098
 7837.11       0.8876       0.0098
 7838.15       0.9137       0.0111
 7839.19       0.7941       0.0134
 7840.22       0.7037       0.0165
 7841.26       0.8181       0.0190
 7842.30       0.8220       0.0195
 7843.34       0.7126       0.0176
 7844.37       0.7194       0.0143
 7845.41       0.8619       0.0121
 7846.45       0.9892       0.0118
 7847.49       0.8892       0.0118
 7848.52       0.7613       0.0122
 7849.56       0.7943       0.0151
 7850.60       0.7753       0.0224
 7851.64       0.7156       0.0332
 7852.68       0.7155       0.0426
 7853.71       0.8218       0.0478
 7854.75       0.9050       0.0470
 7855.79       0.7747       0.0404
 7856.83       0.7925       0.0311
 7857.86       1.0420       0.0242
 7858.90       1.1371       0.0238
 7859.94       0.9480       0.0262
 7860.98       0.6652       0.0255
 7862.02       0.7000       0.0244
 7863.05       0.9391       0.0219
 7864.09       0.9770       0.0176
 7865.13       0.9358       0.0144
 7866.17       0.9189       0.0144
 7867.20       0.9233       0.0166
 7868.24       0.9115       0.0211
 7869.28       0.8661       0.0259
 7870.32       0.8482       0.0290
 7871.35       0.8586       0.0292
 7872.39       0.8659       0.0270
 7873.43       0.8298       0.0221
 7874.47       0.7914       0.0166
 7875.51       0.8189       0.0130
 7876.54       0.8589       0.0130
 7877.58       0.8794       0.0154
 7878.62       0.9237       0.0181
 7879.66       0.8897       0.0203
 7880.69       0.7815       0.0214
 7881.73       0.7936       0.0207
 7882.77       0.8660       0.0188
 7883.81       0.8519       0.0169
 7884.85       0.8277       0.0143
 7885.88       0.8022       0.0129
 7886.92       0.7464       0.0143
 7887.96       0.7379       0.0189
 7889.00       0.7986       0.0244
 7890.03       0.8915       0.0280
 7891.07       0.8677       0.0280
 7892.11       0.7258       0.0250
 7893.15       0.7348       0.0195
 7894.19       0.8392       0.0143
 7895.22       0.8416       0.0114
 7896.26       0.8007       0.0104
 7897.30       0.8185       0.0101
 7898.34       0.9538       0.0105
 7899.37       0.9771       0.0104
 7900.41       0.8294       0.0096
 7901.45       0.7478       0.0091
 7902.49       0.8014       0.0093
 7903.52       0.8996       0.0099
 7904.56       0.8999       0.0101
 7905.60       0.7984       0.0096
 7906.64       0.7238       0.0095
 7907.68       0.7804       0.0097
 7908.71       0.9124       0.0115
 7909.75       0.9491       0.0145
 7910.79       0.9139       0.0230
 7911.83       0.9078       0.0378
 7912.86       1.0256       0.0530
 7913.90       1.0542       0.0617
 7914.94       0.8552       0.0610
 7915.98       0.7343       0.0514
 7917.02       0.8071       0.0386
 7918.05       0.9408       0.0281
 7919.09       0.9494       0.0250
 7920.13       0.8240       0.0271
 7921.17       0.7680       0.0300
 7922.20       0.8292       0.0305
 7923.24       0.9239       0.0279
 7924.28       0.9176       0.0220
 7925.32       0.8505       0.0155
 7926.35       0.8441       0.0118
 7927.39       0.8695       0.0112
 7928.43       0.8959       0.0131
 7929.47       0.9069       0.0169
 7930.51       0.8590       0.0204
 7931.54       0.7715       0.0218
 7932.58       0.7175       0.0218
 7933.62       0.7081       0.0197
 7934.66       0.7241       0.0160
 7935.69       0.7452       0.0125
 7936.73       0.8098       0.0105
 7937.77       0.9344       0.0100
 7938.81       0.9775       0.0100
 7939.85       0.9287       0.0097
 7940.88       0.9111       0.0098
 7941.92       0.8440       0.0096
 7942.96       0.7322       0.0094
 7944.00       0.6916       0.0095
 7945.03       0.7861       0.0104
 7946.07       0.9386       0.0123
 7947.11       0.8524       0.0147
 7948.15       0.7458       0.0175
 7949.19       0.9720       0.0201
 7950.22       0.9742       0.0201
 7951.26       0.7381       0.0175
 7952.30       0.8246       0.0153
 7953.34       0.9570       0.0132
 7954.37       0.8933       0.0114
 7955.41       0.8617       0.0100
 7956.45       0.8555       0.0140
 7957.49       0.8263       0.0238
 7958.52       0.8526       0.0317
 7959.56       0.9013       0.0303
 7960.60       0.8899       0.0206
 7961.64       0.9237       0.0175
 7962.68       0.9888       0.0272
 7963.71       0.9400       0.0380
 7964.75       0.8646       0.0457
 7965.79       0.8639       0.0478
 7966.83       0.9014       0.0435
 7967.86       0.9312       0.0339
 7968.90       0.9234       0.0222
 7969.94       0.8627       0.0146
 7970.98       0.8305       0.0116
 7972.02       0.9037       0.0106
 7973.05       0.9683       0.0105
 7974.09       0.9331       0.0104
 7975.13       0.8351       0.0109
 7976.17       0.7940       0.0128
 7977.20       0.8504       0.0166
 7978.24       0.8632       0.0216
 7979.28       0.7977       0.0251
 7980.32       0.7287       0.0249
 7981.36       0.7190       0.0228
 7982.39       0.7694       0.0196
 7983.43       0.8090       0.0147
 7984.47       0.8416       0.0112
 7985.51       0.8702       0.0100
 7986.54       0.8834       0.0102
 7987.58       0.8560       0.0101
 7988.62       0.7927       0.0106
 7989.66       0.7629       0.0125
 7990.69       0.7468       0.0201
 7991.73       0.6939       0.0331
 7992.77       0.7505       0.0455
 7993.81       0.9030       0.0517
 7994.85       0.9865       0.0511
 7995.88       0.9656       0.0426
 7996.92       0.8840       0.0298
 7997.96       0.7544       0.0179
 7999.00       0.7301       0.0114
 8000.03       0.8501       0.0101
 8001.07       0.8497       0.0104
 8002.11       0.7502       0.0095
 8003.15       0.7733       0.0095
 8004.19       0.8434       0.0097
 8005.22       0.8854       0.0098
 8006.26       0.9153       0.0099
 8007.30       0.8707       0.0096
 8008.34       0.7750       0.0091
 8009.37       0.7405       0.0087
 8010.41       0.7958       0.0098
 8011.45       0.8677       0.0126
 8012.49       0.8514       0.0157
 8013.53       0.7615       0.0181
 8014.56       0.7180       0.0193
 8015.60       0.7270       0.0193
 8016.64       0.7583       0.0179
 8017.68       0.7932       0.0150
 8018.71       0.7923       0.0122
 8019.75       0.7631       0.0108
 8020.79       0.8156       0.0108
 8021.83       0.8335       0.0122
 8022.86       0.6932       0.0150
 8023.90       0.6479       0.0222
 8024.94       0.7491       0.0318
 8025.98       0.8027       0.0373
 8027.02       0.8442       0.0382
 8028.05       0.8799       0.0353
 8029.09       0.7971       0.0270
 8030.13       0.7746       0.0185
 8031.17       0.9045       0.0140
 8032.20       0.8476       0.0116
 8033.24       0.6900       0.0100
 8034.28       0.7207       0.0096
 8035.32       0.8070       0.0096
 8036.36       0.8363       0.0092
 8037.39       0.8264       0.0092
 8038.43       0.8055       0.0092
 8039.47       0.7979       0.0091
 8040.51       0.7711       0.0089
 8041.54       0.7270       0.0087
 8042.58       0.6904       0.0087
 8043.62       0.7031       0.0086
 8044.66       0.7422       0.0084
 8045.70       0.7529       0.0084
 8046.73       0.7470       0.0085
 8047.77       0.7346       0.0089
 8048.81       0.7034       0.0097
 8049.85       0.6934       0.0115
 8050.88       0.7333       0.0138
 8051.92       0.8494       0.0158
 8052.96       0.9023       0.0162
 8054.00       0.8008       0.0150
 8055.04       0.6002       0.0122
 8056.07       0.5345       0.0098
 8057.11       0.7537       0.0096
 8058.15       0.9279       0.0102
 8059.19       0.8540       0.0114
 8060.22       0.7613       0.0149
 8061.26       0.6748       0.0191
 8062.30       0.6247       0.0218
 8063.34       0.7561       0.0230
 8064.37       0.9289       0.0217
 8065.41       0.9407       0.0176
 8066.45       0.8520       0.0129
 8067.49       0.7954       0.0101
 8068.53       0.8387       0.0095
 8069.56       0.8802       0.0096
 8070.60       0.8329       0.0090
 8071.64       0.7685       0.0085
 8072.68       0.7266       0.0084
 8073.71       0.7197       0.0086
 8074.75       0.7611       0.0091
 8075.79       0.7686       0.0093
 8076.83       0.6869       0.0092
 8077.87       0.6154       0.0087
 8078.90       0.6295       0.0085
 8079.94       0.7004       0.0090
 8080.98       0.7558       0.0093
 8082.02       0.7466       0.0090
 8083.05       0.7018       0.0088
 8084.09       0.6876       0.0091
 8085.13       0.7273       0.0095
 8086.17       0.7315       0.0096
 8087.21       0.6868       0.0092
 8088.24       0.6524       0.0086
 8089.28       0.6870       0.0084
 8090.32       0.7508       0.0089
 8091.36       0.7271       0.0094
 8092.39       0.6795       0.0101
 8093.43       0.6821       0.0108
 8094.47       0.6788       0.0113
 8095.51       0.6545       0.0111
 8096.54       0.6309       0.0101
 8097.58       0.7514       0.0096
 8098.62       0.9073       0.0100
 8099.66       0.8673       0.0104
 8100.70       0.7762       0.0116
 8101.73       0.7581       0.0134
 8102.77       0.7269       0.0144
 8103.81       0.7126       0.0145
 8104.85       0.7287       0.0138
 8105.88       0.7622       0.0120
 8106.92       0.7502       0.0101
 8107.96       0.6674       0.0090
 8109.00       0.6472       0.0088
 8110.04       0.6838       0.0090
 8111.07       0.6499       0.0088
 8112.11       0.5910       0.0084
 8113.15       0.5851       0.0083
 8114.19       0.6772       0.0087
 8115.22       0.7295       0.0090
 8116.26       0.6549       0.0086
 8117.30       0.6580       0.0083
 8118.34       0.7303       0.0084
 8119.38       0.7259       0.0086
 8120.41       0.7150       0.0089
 8121.45       0.7169       0.0090
 8122.49       0.6714       0.0087
 8123.53       0.6726       0.0083
 8124.56       0.7433       0.0085
 8125.60       0.7730       0.0090
 8126.64       0.7237       0.0092
 8127.68       0.6462       0.0089
 8128.71       0.6111       0.0088
 8129.75       0.6451       0.0091
 8130.79       0.6995       0.0096
 8131.83       0.7460       0.0099
 8132.87       0.7659       0.0099
 8133.90       0.7936       0.0100
 8134.94       0.7230       0.0097
 8135.98       0.5862       0.0093
 8137.02       0.6686       0.0098
 8138.05       0.8554       0.0109
 8139.09       0.8817       0.0116
 8140.13       0.7780       0.0115
 8141.17       0.6715       0.0107
 8142.21       0.6740       0.0102
 8143.24       0.7135       0.0099
 8144.28       0.7048       0.0099
 8145.32       0.6717       0.0103
 8146.36       0.6666       0.0111
 8147.39       0.7177       0.0119
 8148.43       0.8285       0.0126
 8149.47       0.8365       0.0122
 8150.51       0.6492       0.0103
 8151.54       0.5815       0.0091
 8152.58       0.6882       0.0093
 8153.62       0.7099       0.0093
 8154.66       0.6959       0.0093
 8155.70       0.7161       0.0095
 8156.73       0.7382       0.0098
 8157.77       0.7799       0.0098
 8158.81       0.8292       0.0096
 8159.85       0.7801       0.0097
 8160.88       0.7044       0.0100
 8161.92       0.7325       0.0102
 8162.96       0.7930       0.0106
 8164.00       0.8191       0.0110
 8165.04       0.8269       0.0105
 8166.07       0.7969       0.0097
 8167.11       0.7484       0.0095
 8168.15       0.7136       0.0096
 8169.19       0.7289       0.0099
 8170.22       0.7791       0.0100
 8171.26       0.7955       0.0098
 8172.30       0.7550       0.0096
 8173.34       0.7022       0.0093
 8174.38       0.7043       0.0091
 8175.41       0.7588       0.0093
 8176.45       0.7840       0.0098
 8177.49       0.7757       0.0103
 8178.53       0.7499       0.0102
 8179.56       0.6288       0.0095
 8180.60       0.5876       0.0091
 8181.64       0.7517       0.0098
 8182.68       0.8516       0.0103
 8183.71       0.7869       0.0100
 8184.75       0.6936       0.0097
 8185.79       0.7346       0.0102
 8186.83       0.8769       0.0113
 8187.87       0.8418       0.0114
 8188.90       0.7585       0.0110
 8189.94       0.8051       0.0112
 8190.98       0.8399       0.0113
 8192.02       0.8448       0.0112
 8193.05       0.8616       0.0113
 8194.09       0.8349       0.0109
 8195.13       0.7840       0.0104
 8196.17       0.7876       0.0108
 8197.21       0.7608       0.0109
 8198.24       0.6874       0.0102
 8199.28       0.6942       0.0097
 8200.32       0.7635       0.0097
 8201.36       0.8133       0.0100
 8202.39       0.8072       0.0101
 8203.43       0.7789       0.0099
 8204.47       0.7932       0.0095
 8205.51       0.8040       0.0094
 8206.54       0.7998       0.0097
 8207.58       0.8295       0.0097
 8208.62       0.8177       0.0094
 8209.66       0.7505       0.0092
 8210.70       0.7425       0.0092
 8211.73       0.7817       0.0094
 8212.77       0.7994       0.0096
 8213.81       0.8469       0.0099
 8214.85       0.8732       0.0101
 8215.88       0.8075       0.0101
 8216.92       0.7495       0.0097
 8217.96       0.7504       0.0094
 8219.00       0.7296       0.0092
 8220.04       0.7506       0.0095
 8221.07       0.8268       0.0101
 8222.11       0.8351       0.0102
 8223.15       0.7911       0.0098
 8224.19       0.7797       0.0100
 8225.22       0.8225       0.0104
 8226.26       0.8646       0.0111
 8227.30       0.8262       0.0117
 8228.34       0.7837       0.0120
 8229.38       0.7889       0.0118
 8230.41       0.7674       0.0116
 8231.45       0.7924       0.0116
 8232.49       0.8766       0.0117
 8233.53       0.8166       0.0110
 8234.56       0.7015       0.0100
 8235.60       0.7267       0.0097
 8236.64       0.7947       0.0096
 8237.68       0.8052       0.0094
 8238.71       0.7448       0.0091
 8239.75       0.7349       0.0093
 8240.79       0.8165       0.0101
 8241.83       0.8398       0.0104
 8242.87       0.8100       0.0103
 8243.90       0.7926       0.0102
 8244.94       0.7690       0.0102
 8245.98       0.7517       0.0103
 8247.02       0.7543       0.0100
 8248.05       0.7854       0.0102
 8249.09       0.8347       0.0108
 8250.13       0.8859       0.0108
 8251.17       0.8885       0.0104
 8252.21       0.8307       0.0101
 8253.24       0.7519       0.0096
 8254.28       0.7034       0.0093
 8255.32       0.7027       0.0093
 8256.36       0.6983       0.0096
 8257.39       0.7000       0.0098
 8258.43       0.7594       0.0100
 8259.47       0.8130       0.0102
 8260.51       0.8436       0.0103
 8261.54       0.9276       0.0107
 8262.58       0.9163       0.0104
 8263.62       0.7669       0.0093
 8264.66       0.6902       0.0088
 8265.70       0.7406       0.0092
 8266.73       0.8181       0.0098
 8267.77       0.8613       0.0100
 8268.81       0.8333       0.0096
 8269.85       0.7695       0.0094
 8270.88       0.7637       0.0097
 8271.92       0.8164       0.0103
 8272.96       0.7953       0.0103
 8274.00       0.7548       0.0102
 8275.04       0.7731       0.0113
 8276.07       0.8056       0.0143
 8277.11       0.7917       0.0181
 8278.15       0.7433       0.0212
 8279.19       0.7993       0.0274
 8280.22       1.1159       0.0379
 8281.26       1.6258       0.0485
 8282.30       2.0534       0.0497
 8283.34       2.1065       0.0411
 8284.38       1.7089       0.0326
 8285.41       1.1995       0.0300
 8286.45       0.9285       0.0319
 8287.49       0.6896       0.0372
 8288.53       0.5276       0.0417
 8289.56       0.6194       0.0427
 8290.60       0.7628       0.0380
 8291.64       0.8020       0.0295
 8292.68       0.8065       0.0222
 8293.71       0.7954       0.0181
 8294.75       0.8113       0.0190
 8295.79       0.8696       0.0268
 8296.83       0.9218       0.0386
 8297.87       0.9103       0.0485
 8298.90       0.8463       0.0521
 8299.94       0.7795       0.0489
 8300.98       0.7685       0.0429
 8302.02       0.6563       0.0321
 8303.05       0.4913       0.0195
 8304.09       0.5656       0.0137
 8305.13       0.7072       0.0125
 8306.17       0.7148       0.0112
 8307.21       0.7490       0.0115
 8308.24       0.7873       0.0139
 8309.28       0.7618       0.0181
 8310.32       0.7102       0.0209
 8311.36       0.7035       0.0216
 8312.39       0.7705       0.0218
 8313.43       0.8390       0.0196
 8314.47       0.8422       0.0152
 8315.51       0.8147       0.0119
 8316.54       0.7567       0.0106
 8317.58       0.6944       0.0104
 8318.62       0.6843       0.0107
 8319.66       0.7290       0.0107
 8320.70       0.7819       0.0110
 8321.73       0.7377       0.0105
 8322.77       0.6466       0.0096
 8323.81       0.6808       0.0097
 8324.85       0.7056       0.0097
 8325.88       0.6582       0.0090
 8326.92       0.7369       0.0091
 8327.96       0.8242       0.0095
 8329.00       0.7818       0.0094
 8330.04       0.7676       0.0095
 8331.07       0.8077       0.0099
 8332.11       0.8211       0.0100
 8333.15       0.7641       0.0097
 8334.19       0.6906       0.0095
 8335.22       0.7045       0.0099
 8336.26       0.7995       0.0106
 8337.30       0.8649       0.0113
 8338.34       0.7517       0.0114
 8339.38       0.6233       0.0115
 8340.41       0.6811       0.0155
 8341.45       0.7607       0.0277
 8342.49       0.7659       0.0530
 8343.53       0.7381       0.0852
 8344.56       0.7018       0.1077
 8345.60       0.6885       0.1095
 8346.64       0.6780       0.0963
 8347.68       0.7124       0.0698
 8348.71       0.7897       0.0404
 8349.75       0.8057       0.0249
 8350.79       0.8082       0.0266
 8351.83       0.8765       0.0346
 8352.87       0.8620       0.0412
 8353.90       0.7683       0.0403
 8354.94       0.7235       0.0365
 8355.98       0.7683       0.0285
 8357.02       0.8224       0.0187
 8358.05       0.7345       0.0121
 8359.09       0.6376       0.0101
 8360.13       0.6947       0.0106
 8361.17       0.8345       0.0125
 8362.21       0.9416       0.0150
 8363.24       0.9453       0.0185
 8364.28       0.8461       0.0204
 8365.32       0.7490       0.0202
 8366.36       0.7492       0.0198
 8367.39       0.7806       0.0180
 8368.43       0.7633       0.0144
 8369.47       0.7531       0.0113
 8370.51       0.7397       0.0096
 8371.55       0.7164       0.0091
 8372.58       0.7171       0.0091
 8373.62       0.7396       0.0091
 8374.66       0.7571       0.0092
 8375.70       0.7400       0.0092
 8376.73       0.7075       0.0094
 8377.77       0.7291       0.0099
 8378.81       0.7131       0.0119
 8379.85       0.6439       0.0162
 8380.88       0.7654       0.0236
 8381.92       0.8483       0.0301
 8382.96       0.6605       0.0310
 8384.00       0.5667       0.0288
 8385.04       0.6798       0.0245
 8386.07       0.7953       0.0184
 8387.11       0.8615       0.0132
 8388.15       0.8570       0.0105
 8389.19       0.8276       0.0100
 8390.22       0.7588       0.0101
 8391.26       0.6668       0.0095
 8392.30       0.6298       0.0093
 8393.34       0.6654       0.0090
 8394.38       0.7253       0.0096
 8395.41       0.6957       0.0126
 8396.45       0.6264       0.0250
 8397.49       0.6844       0.0482
 8398.53       0.7207       0.0696
 8399.56       0.6661       0.0787
 8400.60       0.6851       0.0805
 8401.64       0.7151       0.0680
 8402.68       0.6877       0.0427
 8403.72       0.7987       0.0226
 8404.75       0.8873       0.0138
 8405.79       0.7249       0.0095
 8406.83       0.6461       0.0094
 8407.87       0.7339       0.0093
 8408.90       0.7155       0.0094
 8409.94       0.6972       0.0091
 8410.98       0.7469       0.0100
 8412.02       0.7134       0.0122
 8413.05       0.6929       0.0184
 8414.09       0.7798       0.0280
 8415.13       0.8332       0.0347
 8416.17       0.7975       0.0357
 8417.21       0.7355       0.0328
 8418.24       0.6414       0.0257
 8419.28       0.5777       0.0172
 8420.32       0.6287       0.0116
 8421.36       0.6886       0.0096
 8422.39       0.6621       0.0093
 8423.43       0.6416       0.0101
 8424.47       0.6174       0.0097
 8425.51       0.5649       0.0102
 8426.55       0.5379       0.0152
 8427.58       0.5515       0.0314
 8428.62       0.5779       0.0563
 8429.66       0.6093       0.0788
 8430.70       0.6444       0.0892
 8431.73       0.7016       0.0887
 8432.77       0.7022       0.0721
 8433.81       0.6344       0.0444
 8434.85       0.6327       0.0231
 8435.89       0.7057       0.0140
 8436.92       0.7614       0.0107
 8437.96       0.7349       0.0104
 8439.00       0.6653       0.0090
 8440.04       0.6582       0.0088
 8441.07       0.6883       0.0088
 8442.11       0.6939       0.0087
 8443.15       0.6302       0.0084
 8444.19       0.6287       0.0086
 8445.22       0.7535       0.0095
 8446.26       0.7807       0.0099
 8447.30       0.6999       0.0097
 8448.34       0.6587       0.0105
 8449.38       0.6763       0.0135
 8450.41       0.7261       0.0195
 8451.45       0.7468       0.0264
 8452.49       0.7584       0.0313
 8453.53       0.7727       0.0317
 8454.56       0.7796       0.0282
 8455.60       0.6960       0.0213
 8456.64       0.5251       0.0133
 8457.68       0.4867       0.0093
 8458.72       0.5830       0.0091
 8459.75       0.6328       0.0097
 8460.79       0.6991       0.0095
 8461.83       0.7449       0.0130
 8462.87       0.6417       0.0254
 8463.90       0.5298       0.0429
 8464.94       0.5351       0.0573
 8465.98       0.5800       0.0651
 8467.02       0.5854       0.0623
 8468.06       0.5334       0.0502
 8469.09       0.6490       0.0323
 8470.13       0.7950       0.0169
 8471.17       0.6400       0.0098
 8472.21       0.5823       0.0097
 8473.24       0.7443       0.0104
 8474.28       0.6662       0.0102
 8475.32       0.6018       0.0097
 8476.36       0.7559       0.0105
 8477.39       0.7109       0.0099
 8478.43       0.5436       0.0084
 8479.47       0.5442       0.0081
 8480.51       0.5704       0.0081
 8481.55       0.5736       0.0079
 8482.58       0.6296       0.0082
 8483.62       0.6506       0.0084
 8484.66       0.6108       0.0082
 8485.70       0.5961       0.0082
 8486.73       0.6057       0.0085
 8487.77       0.6105       0.0087
 8488.81       0.6147       0.0084
 8489.85       0.6443       0.0093
 8490.89       0.7134       0.0127
 8491.92       0.6628       0.0170
 8492.96       0.5302       0.0204
 8494.00       0.5210       0.0220
 8495.04       0.6028       0.0216
 8496.07       0.6666       0.0196
 8497.11       0.6776       0.0154
 8498.15       0.6612       0.0114
 8499.19       0.6718       0.0101
 8500.23       0.6492       0.0094
 8501.26       0.6279       0.0112
 8502.30       0.6693       0.0177
 8503.34       0.6979       0.0267
 8504.38       0.6663       0.0342
 8505.41       0.6419       0.0377
 8506.45       0.5460       0.0357
 8507.49       0.3940       0.0295
 8508.53       0.3252       0.0198
 8509.56       0.4432       0.0121
 8510.60       0.6842       0.0098
 8511.64       0.8014       0.0096
 8512.68       0.7580       0.0089
 8513.72       0.7509       0.0090
 8514.75       0.6778       0.0087
 8515.79       0.5692       0.0080
 8516.83       0.6087       0.0081
 8517.87       0.7215       0.0089
 8518.90       0.7704       0.0094
 8519.94       0.8246       0.0099
 8520.98       0.8141       0.0098
 8522.02       0.6908       0.0090
 8523.06       0.5934       0.0086
 8524.09       0.6009       0.0087
 8525.13       0.6579       0.0086
 8526.17       0.7051       0.0085
 8527.21       0.6972       0.0083
 8528.24       0.6715       0.0082
 8529.28       0.6219       0.0080
 8530.32       0.5622       0.0076
 8531.36       0.5560       0.0075
 8532.40       0.5996       0.0079
 8533.43       0.6326       0.0082
 8534.47       0.6923       0.0086
 8535.51       0.7218       0.0094
 8536.55       0.6144       0.0103
 8537.58       0.5250       0.0118
 8538.62       0.5813       0.0136
 8539.66       0.7259       0.0151
 8540.70       0.7910       0.0147
 8541.73       0.6925       0.0123
 8542.77       0.6629       0.0100
 8543.81       0.6906       0.0089
 8544.85       0.5916       0.0083
 8545.89       0.5413       0.0101
 8546.92       0.5984       0.0142
 8547.96       0.6116       0.0181
 8549.00       0.6424       0.0205
 8550.04       0.7135       0.0208
 8551.07       0.6492       0.0190
 8552.11       0.5679       0.0155
 8553.15       0.6351       0.0112
 8554.19       0.6628       0.0089
 8555.23       0.6276       0.0087
 8556.26       0.6679       0.0087
 8557.30       0.6544       0.0084
 8558.34       0.5633       0.0078
 8559.38       0.5432       0.0076
 8560.41       0.5813       0.0079
 8561.45       0.6056       0.0082
 8562.49       0.5982       0.0081
 8563.53       0.5818       0.0080
 8564.57       0.5948       0.0082
 8565.60       0.6542       0.0085
 8566.64       0.6948       0.0086
 8567.68       0.6298       0.0084
 8568.72       0.5812       0.0083
 8569.75       0.6271       0.0084
 8570.79       0.6792       0.0086
 8571.83       0.6785       0.0088
 8572.87       0.6286       0.0087
 8573.90       0.6166       0.0088
 8574.94       0.6440       0.0092
 8575.98       0.6471       0.0094
 8577.02       0.6185       0.0092
 8578.06       0.5916       0.0088
 8579.09       0.6159       0.0088
 8580.13       0.6449       0.0088
 8581.17       0.6339       0.0085
 8582.21       0.5989       0.0081
 8583.24       0.6017       0.0079
 8584.28       0.6628       0.0083
 8585.32       0.6085       0.0088
 8586.36       0.5184       0.0097
 8587.40       0.6037       0.0110
 8588.43       0.6311       0.0117
 8589.47       0.5604       0.0114
 8590.51       0.6621       0.0115
 8591.55       0.7460       0.0109
 8592.58       0.6685       0.0096
 8593.62       0.6461       0.0093
 8594.66       0.7001       0.0105
 8595.70       0.7323       0.0123
 8596.74       0.7034       0.0134
 8597.77       0.6380       0.0133
 8598.81       0.6106       0.0129
 8599.85       0.6231       0.0121
 8600.89       0.6438       0.0107
 8601.92       0.6362       0.0095
 8602.96       0.6518       0.0090
 8604.00       0.7117       0.0094
 8605.04       0.6947       0.0093
 8606.07       0.6344       0.0088
 8607.11       0.6337       0.0088
 8608.15       0.5872       0.0087
 8609.19       0.5155       0.0085
 8610.23       0.5348       0.0086
 8611.26       0.6299       0.0093
 8612.30       0.7160       0.0103
 8613.34       0.7300       0.0110
 8614.38       0.6926       0.0114
 8615.41       0.6540       0.0117
 8616.45       0.4198       0.0116
 8617.49       0.2655       0.0121
 8618.53       0.5301       0.0143
 8619.57       0.6253       0.0156
 8620.60       0.4444       0.0159
 8621.64       0.5653       0.0177
 8622.68       0.6849       0.0196
 8623.72       0.5674       0.0204
 8624.75       0.4943       0.0210
 8625.79       0.5429       0.0220
 8626.83       0.6387       0.0236
 8627.87       0.7492       0.0250
 8628.91       0.7635       0.0257
 8629.94       0.6336       0.0257
 8630.98       0.5450       0.0252
 8632.02       0.5614       0.0248
 8633.06       0.5068       0.0245
 8634.09       0.4818       0.0243
 8635.13       0.5567       0.0236
 8636.17       0.6234       0.0225
 8637.21       0.6098       0.0211
 8638.24       0.5399       0.0196
 8639.28       0.4920       0.0181
 8640.32       0.5445       0.0167
 8641.36       0.6821       0.0163
 8642.40       0.7462       0.0154
 8643.43       0.6820       0.0137
 8644.47       0.6484       0.0127
 8645.51       0.6110       0.0124
 8646.55       0.5356       0.0127
 8647.58       0.5020       0.0144
 8648.62       0.5807       0.0178
 8649.66       0.7508       0.0218
 8650.70       0.8224       0.0238
 8651.74       0.7794       0.0242
 8652.77       0.7915       0.0255
 8653.81       0.8020       0.0263
 8654.85       0.7535       0.0258
 8655.89       0.7134       0.0252
 8656.92       0.6348       0.0250
 8657.96       0.5023       0.0251
 8659.00       0.4288       0.0246
 8660.04       0.4390       0.0237
 8661.08       0.4731       0.0233
 8662.11       0.5472       0.0236
 8663.15       0.6076       0.0239
 8664.19       0.5586       0.0232
 8665.23       0.5658       0.0225
 8666.26       0.6861       0.0223
 8667.30       0.6788       0.0217
 8668.34       0.5634       0.0205
 8669.38       0.4976       0.0195
 8670.42       0.5314       0.0192
 8671.45       0.6450       0.0192
 8672.49       0.7640       0.0189
 8673.53       0.6627       0.0175
 8674.57       0.4498       0.0158
 8675.60       0.5116       0.0156
 8676.64       0.7142       0.0161
 8677.68       0.7744       0.0160
 8678.72       0.6612       0.0149
 8679.75       0.5270       0.0135
 8680.79       0.5518       0.0130
 8681.83       0.6393       0.0131
 8682.87       0.6856       0.0130
 8683.91       0.6814       0.0126
 8684.94       0.6241       0.0119
 8685.98       0.5676       0.0110
 8687.02       0.5549       0.0105
 8688.06       0.5867       0.0103
 8689.09       0.6187       0.0103
 8690.13       0.6139       0.0101
 8691.17       0.5849       0.0100
 8692.21       0.5791       0.0101
 8693.25       0.6354       0.0105
 8694.28       0.7273       0.0109
 8695.32       0.7916       0.0110
 8696.36       0.7404       0.0104
 8697.40       0.6045       0.0097
 8698.43       0.5273       0.0098
 8699.47       0.5272       0.0104
 8700.51       0.5421       0.0107
 8701.55       0.5585       0.0106
 8702.58       0.5916       0.0104
 8703.62       0.6658       0.0106
 8704.66       0.7006       0.0107
 8705.70       0.6605       0.0106
 8706.74       0.5677       0.0106
 8707.77       0.5857       0.0111
 8708.81       0.7187       0.0118
 8709.85       0.7175       0.0115
 8710.89       0.5802       0.0101
 8711.92       0.4757       0.0088
 8712.96       0.5178       0.0086
 8714.00       0.6406       0.0092
 8715.04       0.6618       0.0094
 8716.08       0.6673       0.0096
 8717.11       0.6936       0.0097
 8718.15       0.6529       0.0094
 8719.19       0.5714       0.0088
 8720.23       0.5100       0.0084
 8721.26       0.4944       0.0081
 8722.30       0.5171       0.0083
 8723.34       0.5443       0.0089
 8724.38       0.5829       0.0095
 8725.42       0.6175       0.0098
 8726.45       0.6231       0.0098
 8727.49       0.6308       0.0097
 8728.53       0.6505       0.0099
 8729.57       0.6588       0.0100
 8730.60       0.6038       0.0095
 8731.64       0.5046       0.0085
 8732.68       0.5224       0.0086
 8733.72       0.6055       0.0092
 8734.75       0.6032       0.0090
 8735.79       0.5667       0.0089
 8736.83       0.5600       0.0093
 8737.87       0.5978       0.0098
 8738.91       0.6293       0.0100
 8739.94       0.6076       0.0100
 8740.98       0.5498       0.0097
 8742.02       0.5120       0.0094
 8743.06       0.5331       0.0094
 8744.09       0.6128       0.0098
 8745.13       0.6692       0.0100
 8746.17       0.6300       0.0100
 8747.21       0.6206       0.0099
 8748.25       0.6585       0.0101
 8749.28       0.6128       0.0099
 8750.32       0.5246       0.0096
 8751.36       0.4756       0.0095
 8752.40       0.5189       0.0097
 8753.43       0.5448       0.0094
 8754.47       0.4602       0.0090
 8755.51       0.4673       0.0103
 8756.55       0.5537       0.0152
 8757.58       0.5577       0.0223
 8758.62       0.4788       0.0331
 8759.66       0.4674       0.0475
 8760.70       0.7196       0.0621
 8761.74       0.9082       0.0685
 8762.77       0.7721       0.0648
 8763.81       0.4894       0.0544
 8764.85       0.4176       0.0514
 8765.89       0.6850       0.0618
 8766.92       0.8728       0.0769
 8767.96       0.7497       0.0850
 8769.00       0.5135       0.0837
 8770.04       0.4136       0.0700
 8771.08       0.5116       0.0492
 8772.11       0.5426       0.0282
 8773.15       0.5237       0.0187
 8774.19       0.5327       0.0249
 8775.23       0.3800       0.0389
 8776.26       0.2499       0.0585
 8777.30       0.4014       0.0826
 8778.34       0.4231       0.0950
 8779.38       0.3655       0.0898
 8780.42       0.7203       0.0765
 8781.45       0.9553       0.0548
 8782.49       0.7547       0.0301
 8783.53       0.5805       0.0154
 8784.57       0.5411       0.0113
 8785.60       0.5382       0.0106
 8786.64       0.5383       0.0108
 8787.68       0.4914       0.0118
 8788.72       0.4183       0.0174
 8789.75       0.4803       0.0260
 8790.79       0.6479       0.0337
 8791.83       0.7051       0.0371
 8792.87       0.6352       0.0350
 8793.91       0.5329       0.0289
 8794.94       0.4199       0.0199
 8795.98       0.4240       0.0129
 8797.02       0.5588       0.0107
 8798.06       0.5712       0.0103
 8799.09       0.4463       0.0093
 8800.13       0.4005       0.0093
 8801.17       0.4232       0.0097
 8802.21       0.4618       0.0099
 8803.25       0.4805       0.0097
 8804.28       0.4961       0.0095
 8805.32       0.5308       0.0098
 8806.36       0.5265       0.0100
 8807.40       0.5220       0.0106
 8808.43       0.5686       0.0119
 8809.47       0.5568       0.0126
 8810.51       0.5196       0.0127
 8811.55       0.5964       0.0132
 8812.58       0.5946       0.0126
 8813.62       0.4584       0.0107
 8814.66       0.4188       0.0097
 8815.70       0.4506       0.0096
 8816.74       0.4605       0.0096
 8817.77       0.5131       0.0101
 8818.81       0.5816       0.0105
 8819.85       0.6061       0.0112
 8820.89       0.6228       0.0116
 8821.92       0.6105       0.0145
 8822.96       0.4674       0.0167
 8824.00       0.5063       0.0431
 8825.04       0.7410       0.1010
 8826.08       0.6415       0.1601
 8827.11       0.4074       0.1983
 8828.15       0.4211       0.2052
 8829.19       0.4538       0.1804
 8830.23       0.4399       0.1309
 8831.26       0.4529       0.0698
 8832.30       0.4664       0.0327
 8833.34       0.4649       0.0312
 8834.38       0.4447       0.0489
 8835.42       0.4466       0.0692
 8836.45       0.4796       0.0790
 8837.49       0.4400       0.0805
 8838.53       0.4388       0.0717
 8839.57       0.5737       0.0546
 8840.60       0.6120       0.0333
 8841.64       0.5355       0.0166
 8842.68       0.5194       0.0121
 8843.72       0.5266       0.0136
 8844.75       0.5226       0.0133
 8845.79       0.5549       0.0137
 8846.83       0.5126       0.0162
 8847.87       0.3617       0.0216
 8848.91       0.2326       0.0269
 8849.94       0.2321       0.0304
 8850.98       0.3456       0.0314
 8852.02       0.4025       0.0286
 8853.06       0.3741       0.0228
 8854.09       0.4166       0.0162
 8855.13       0.4059       0.0120
 8856.17       0.3260       0.0107
 8857.21       0.3422       0.0109
 8858.25       0.4377       0.0115
 8859.28       0.4997       0.0119
 8860.32       0.4369       0.0122
 8861.36       0.3383       0.0127
 8862.40       0.3536       0.0143
 8863.43       0.4405       0.0148
 8864.47       0.4959       0.0196
 8865.51       0.4538       0.0342
 8866.55       0.4235       0.0503
 8867.58       0.4901       0.0587
 8868.62       0.5806       0.0621
 8869.66       0.5999       0.0570
 8870.70       0.5204       0.0430
 8871.74       0.4716       0.0264
 8872.77       0.4624       0.0147
 8873.81       0.4070       0.0109
 8874.85       0.3866       0.0117
 8875.89       0.4319       0.0115
 8876.92       0.4941       0.0120
 8877.96       0.5200       0.0123
 8879.00       0.4927       0.0125
 8880.04       0.4353       0.0127
 8881.08       0.4159       0.0125
 8882.11       0.4592       0.0166
 8883.15       0.3765       0.0457
 8884.19       0.2696       0.0991
 8885.23       0.4066       0.1463
 8886.26       0.4488       0.1743
 8887.30       0.2956       0.1738
 8888.34       0.2904       0.1428
 8889.38       0.4240       0.0922
 8890.42       0.5400       0.0434
 8891.45       0.5439       0.0201
 8892.49       0.4966       0.0172
 8893.53       0.5210       0.0148
 8894.57       0.5345       0.0149
 8895.60       0.4859       0.0149
 8896.64       0.4116       0.0147
 8914.28       0.2820       0.0151
 8915.32       0.4454       0.0195
 8916.36       0.3749       0.0306
 8917.40       0.2154       0.0826
 8918.43       0.1436       0.1628
 8919.47       0.2151       0.2304
 8920.51       0.1545       0.1841
